codec.pbrs.fresh_encode codec pbrs
codec.pbrs.cached_encode codec pbrs
codec.pbrs.owned_decode codec pbrs
codec.pbrs.parse_touch codec pbrs
codec.pbrs.packed_256_owned_decode codec pbrs
codec.pbrs.packed_256_parse_touch codec pbrs
codec.pbrs.unpacked_256_owned_decode codec pbrs
codec.pbrs.unpacked_256_parse_touch codec pbrs
codec.pbrs.tags_32_owned_decode codec pbrs
codec.pbrs.tags_32_parse_touch codec pbrs
codec.pbrs.small_empty_encode codec pbrs
codec.pbrs.small_empty_decode codec pbrs
codec.pbrs.small_id_encode codec pbrs
codec.pbrs.small_id_decode codec pbrs
codec.pbrs.small_name80_encode codec pbrs
codec.pbrs.small_name80_decode codec pbrs
codec.prost.fresh_encode codec prost
codec.prost.cached_encode codec prost
codec.prost.owned_decode codec prost
codec.prost.parse_touch codec prost
codec.prost.small_empty_encode codec prost
codec.prost.small_empty_decode codec prost
codec.prost.small_id_encode codec prost
codec.prost.small_id_decode codec prost
codec.prost.small_name80_encode codec prost
codec.prost.small_name80_decode codec prost
codec.v4.fresh_encode codec v4-upb
codec.v4.cached_encode codec v4-upb
codec.v4.owned_decode codec v4-upb
codec.v4.parse_touch codec v4-upb
codec.pbrs.map_8_parse_touch codec pbrs
codec.pbrs.map_8_get codec pbrs
codec.pbrs.map_8_iter codec pbrs
codec.pbrs.map_64_parse_touch codec pbrs
codec.pbrs.map_64_get codec pbrs
codec.pbrs.map_64_iter codec pbrs
codec.pbrs.text.tat_encode codec pbrs
codec.pbrs.text.tat_decode codec pbrs
codec.pbrs.text.otlp_encode codec pbrs
codec.pbrs.text.otlp_decode codec pbrs
codec.pbrs.blob_parse_64kib codec pbrs
codec.pbrs.blob_parse_shared_64kib codec pbrs
codec.pbrs.blob_touch_64kib codec pbrs
codec.pbrs.blob_encode_64kib codec pbrs
codec.pbrs.blob_encode_shared_64kib codec pbrs
codec.prost.blob_parse_64kib codec prost
codec.prost.blob_touch_64kib codec prost
codec.prost.blob_encode_64kib codec prost
codec.pbrs.blob_parse_1mib codec pbrs
codec.pbrs.blob_parse_shared_1mib codec pbrs
codec.pbrs.blob_touch_1mib codec pbrs
codec.pbrs.blob_encode_1mib codec pbrs
codec.pbrs.blob_encode_shared_1mib codec pbrs
codec.prost.blob_parse_1mib codec prost
codec.prost.blob_touch_1mib codec prost
codec.prost.blob_encode_1mib codec prost
codec.pbrs.blob_parse_4mib codec pbrs
codec.pbrs.blob_parse_shared_4mib codec pbrs
codec.pbrs.blob_touch_4mib codec pbrs
codec.pbrs.blob_encode_4mib codec pbrs
codec.pbrs.blob_encode_shared_4mib codec pbrs
codec.prost.blob_parse_4mib codec prost
codec.prost.blob_touch_4mib codec prost
codec.prost.blob_encode_4mib codec prost
codec.pbrs.blob_parse_8mib codec pbrs
codec.pbrs.blob_parse_shared_8mib codec pbrs
codec.pbrs.blob_touch_8mib codec pbrs
codec.pbrs.blob_encode_8mib codec pbrs
codec.pbrs.blob_encode_shared_8mib codec pbrs
codec.prost.blob_parse_8mib codec prost
codec.prost.blob_touch_8mib codec prost
codec.prost.blob_encode_8mib codec prost
codec.pbrs.blob_parse_mixed codec pbrs
codec.pbrs.blob_parse_shared_mixed codec pbrs
codec.pbrs.blob_touch_mixed codec pbrs
codec.pbrs.blob_encode_mixed codec pbrs
codec.pbrs.blob_encode_shared_mixed codec pbrs
codec.prost.blob_parse_mixed codec prost
codec.prost.blob_touch_mixed codec prost
codec.prost.blob_encode_mixed codec prost
codec.adoption.pbrs.query.d3.v0.fresh_encode codec pbrs
codec.adoption.pbrs.query.d3.v0.owned_decode codec pbrs
codec.adoption.pbrs.query.d3.v0.read_all codec pbrs
codec.adoption.pbrs.query.d3.v0.fully_read_clone codec pbrs
codec.adoption.prost.query.d3.v0.fresh_encode codec prost
codec.adoption.prost.query.d3.v0.owned_decode codec prost
codec.adoption.prost.query.d3.v0.read_all codec prost
codec.adoption.prost.query.d3.v0.fully_read_clone codec prost
codec.adoption.pbrs.query.d3.v1.fresh_encode codec pbrs
codec.adoption.pbrs.query.d3.v1.owned_decode codec pbrs
codec.adoption.pbrs.query.d3.v1.read_all codec pbrs
codec.adoption.pbrs.query.d3.v1.fully_read_clone codec pbrs
codec.adoption.prost.query.d3.v1.fresh_encode codec prost
codec.adoption.prost.query.d3.v1.owned_decode codec prost
codec.adoption.prost.query.d3.v1.read_all codec prost
codec.adoption.prost.query.d3.v1.fully_read_clone codec prost
codec.adoption.pbrs.query.d3.v2.fresh_encode codec pbrs
codec.adoption.pbrs.query.d3.v2.owned_decode codec pbrs
codec.adoption.pbrs.query.d3.v2.read_all codec pbrs
codec.adoption.pbrs.query.d3.v2.fully_read_clone codec pbrs
codec.adoption.prost.query.d3.v2.fresh_encode codec prost
codec.adoption.prost.query.d3.v2.owned_decode codec prost
codec.adoption.prost.query.d3.v2.read_all codec prost
codec.adoption.prost.query.d3.v2.fully_read_clone codec prost
codec.adoption.pbrs.query.d3.v3.fresh_encode codec pbrs
codec.adoption.pbrs.query.d3.v3.owned_decode codec pbrs
codec.adoption.pbrs.query.d3.v3.read_all codec pbrs
codec.adoption.pbrs.query.d3.v3.fully_read_clone codec pbrs
codec.adoption.prost.query.d3.v3.fresh_encode codec prost
codec.adoption.prost.query.d3.v3.owned_decode codec prost
codec.adoption.prost.query.d3.v3.read_all codec prost
codec.adoption.prost.query.d3.v3.fully_read_clone codec prost
codec.adoption.pbrs.query.d3.v4.fresh_encode codec pbrs
codec.adoption.pbrs.query.d3.v4.owned_decode codec pbrs
codec.adoption.pbrs.query.d3.v4.read_all codec pbrs
codec.adoption.pbrs.query.d3.v4.fully_read_clone codec pbrs
codec.adoption.prost.query.d3.v4.fresh_encode codec prost
codec.adoption.prost.query.d3.v4.owned_decode codec prost
codec.adoption.prost.query.d3.v4.read_all codec prost
codec.adoption.prost.query.d3.v4.fully_read_clone codec prost
codec.adoption.pbrs.query.d3.v5.fresh_encode codec pbrs
codec.adoption.pbrs.query.d3.v5.owned_decode codec pbrs
codec.adoption.pbrs.query.d3.v5.read_all codec pbrs
codec.adoption.pbrs.query.d3.v5.fully_read_clone codec pbrs
codec.adoption.prost.query.d3.v5.fresh_encode codec prost
codec.adoption.prost.query.d3.v5.owned_decode codec prost
codec.adoption.prost.query.d3.v5.read_all codec prost
codec.adoption.prost.query.d3.v5.fully_read_clone codec prost
codec.adoption.pbrs.query.d3.v6.fresh_encode codec pbrs
codec.adoption.pbrs.query.d3.v6.owned_decode codec pbrs
codec.adoption.pbrs.query.d3.v6.read_all codec pbrs
codec.adoption.pbrs.query.d3.v6.fully_read_clone codec pbrs
codec.adoption.prost.query.d3.v6.fresh_encode codec prost
codec.adoption.prost.query.d3.v6.owned_decode codec prost
codec.adoption.prost.query.d3.v6.read_all codec prost
codec.adoption.prost.query.d3.v6.fully_read_clone codec prost
codec.adoption.pbrs.query.d3.v7.fresh_encode codec pbrs
codec.adoption.pbrs.query.d3.v7.owned_decode codec pbrs
codec.adoption.pbrs.query.d3.v7.read_all codec pbrs
codec.adoption.pbrs.query.d3.v7.fully_read_clone codec pbrs
codec.adoption.prost.query.d3.v7.fresh_encode codec prost
codec.adoption.prost.query.d3.v7.owned_decode codec prost
codec.adoption.prost.query.d3.v7.read_all codec prost
codec.adoption.prost.query.d3.v7.fully_read_clone codec prost
codec.adoption.pbrs.query.d4.v0.fresh_encode codec pbrs
codec.adoption.pbrs.query.d4.v0.owned_decode codec pbrs
codec.adoption.pbrs.query.d4.v0.read_all codec pbrs
codec.adoption.pbrs.query.d4.v0.fully_read_clone codec pbrs
codec.adoption.prost.query.d4.v0.fresh_encode codec prost
codec.adoption.prost.query.d4.v0.owned_decode codec prost
codec.adoption.prost.query.d4.v0.read_all codec prost
codec.adoption.prost.query.d4.v0.fully_read_clone codec prost
codec.adoption.pbrs.query.d4.v1.fresh_encode codec pbrs
codec.adoption.pbrs.query.d4.v1.owned_decode codec pbrs
codec.adoption.pbrs.query.d4.v1.read_all codec pbrs
codec.adoption.pbrs.query.d4.v1.fully_read_clone codec pbrs
codec.adoption.prost.query.d4.v1.fresh_encode codec prost
codec.adoption.prost.query.d4.v1.owned_decode codec prost
codec.adoption.prost.query.d4.v1.read_all codec prost
codec.adoption.prost.query.d4.v1.fully_read_clone codec prost
codec.adoption.pbrs.query.d4.v2.fresh_encode codec pbrs
codec.adoption.pbrs.query.d4.v2.owned_decode codec pbrs
codec.adoption.pbrs.query.d4.v2.read_all codec pbrs
codec.adoption.pbrs.query.d4.v2.fully_read_clone codec pbrs
codec.adoption.prost.query.d4.v2.fresh_encode codec prost
codec.adoption.prost.query.d4.v2.owned_decode codec prost
codec.adoption.prost.query.d4.v2.read_all codec prost
codec.adoption.prost.query.d4.v2.fully_read_clone codec prost
codec.adoption.pbrs.query.d4.v3.fresh_encode codec pbrs
codec.adoption.pbrs.query.d4.v3.owned_decode codec pbrs
codec.adoption.pbrs.query.d4.v3.read_all codec pbrs
codec.adoption.pbrs.query.d4.v3.fully_read_clone codec pbrs
codec.adoption.prost.query.d4.v3.fresh_encode codec prost
codec.adoption.prost.query.d4.v3.owned_decode codec prost
codec.adoption.prost.query.d4.v3.read_all codec prost
codec.adoption.prost.query.d4.v3.fully_read_clone codec prost
codec.adoption.pbrs.query.d4.v4.fresh_encode codec pbrs
codec.adoption.pbrs.query.d4.v4.owned_decode codec pbrs
codec.adoption.pbrs.query.d4.v4.read_all codec pbrs
codec.adoption.pbrs.query.d4.v4.fully_read_clone codec pbrs
codec.adoption.prost.query.d4.v4.fresh_encode codec prost
codec.adoption.prost.query.d4.v4.owned_decode codec prost
codec.adoption.prost.query.d4.v4.read_all codec prost
codec.adoption.prost.query.d4.v4.fully_read_clone codec prost
codec.adoption.pbrs.query.d4.v5.fresh_encode codec pbrs
codec.adoption.pbrs.query.d4.v5.owned_decode codec pbrs
codec.adoption.pbrs.query.d4.v5.read_all codec pbrs
codec.adoption.pbrs.query.d4.v5.fully_read_clone codec pbrs
codec.adoption.prost.query.d4.v5.fresh_encode codec prost
codec.adoption.prost.query.d4.v5.owned_decode codec prost
codec.adoption.prost.query.d4.v5.read_all codec prost
codec.adoption.prost.query.d4.v5.fully_read_clone codec prost
codec.adoption.pbrs.query.d4.v6.fresh_encode codec pbrs
codec.adoption.pbrs.query.d4.v6.owned_decode codec pbrs
codec.adoption.pbrs.query.d4.v6.read_all codec pbrs
codec.adoption.pbrs.query.d4.v6.fully_read_clone codec pbrs
codec.adoption.prost.query.d4.v6.fresh_encode codec prost
codec.adoption.prost.query.d4.v6.owned_decode codec prost
codec.adoption.prost.query.d4.v6.read_all codec prost
codec.adoption.prost.query.d4.v6.fully_read_clone codec prost
codec.adoption.pbrs.query.d4.v7.fresh_encode codec pbrs
codec.adoption.pbrs.query.d4.v7.owned_decode codec pbrs
codec.adoption.pbrs.query.d4.v7.read_all codec pbrs
codec.adoption.pbrs.query.d4.v7.fully_read_clone codec pbrs
codec.adoption.prost.query.d4.v7.fresh_encode codec prost
codec.adoption.prost.query.d4.v7.owned_decode codec prost
codec.adoption.prost.query.d4.v7.read_all codec prost
codec.adoption.prost.query.d4.v7.fully_read_clone codec prost
codec.adoption.pbrs.query.d5.v0.fresh_encode codec pbrs
codec.adoption.pbrs.query.d5.v0.owned_decode codec pbrs
codec.adoption.pbrs.query.d5.v0.read_all codec pbrs
codec.adoption.pbrs.query.d5.v0.fully_read_clone codec pbrs
codec.adoption.prost.query.d5.v0.fresh_encode codec prost
codec.adoption.prost.query.d5.v0.owned_decode codec prost
codec.adoption.prost.query.d5.v0.read_all codec prost
codec.adoption.prost.query.d5.v0.fully_read_clone codec prost
codec.adoption.pbrs.query.d5.v1.fresh_encode codec pbrs
codec.adoption.pbrs.query.d5.v1.owned_decode codec pbrs
codec.adoption.pbrs.query.d5.v1.read_all codec pbrs
codec.adoption.pbrs.query.d5.v1.fully_read_clone codec pbrs
codec.adoption.prost.query.d5.v1.fresh_encode codec prost
codec.adoption.prost.query.d5.v1.owned_decode codec prost
codec.adoption.prost.query.d5.v1.read_all codec prost
codec.adoption.prost.query.d5.v1.fully_read_clone codec prost
codec.adoption.pbrs.query.d5.v2.fresh_encode codec pbrs
codec.adoption.pbrs.query.d5.v2.owned_decode codec pbrs
codec.adoption.pbrs.query.d5.v2.read_all codec pbrs
codec.adoption.pbrs.query.d5.v2.fully_read_clone codec pbrs
codec.adoption.prost.query.d5.v2.fresh_encode codec prost
codec.adoption.prost.query.d5.v2.owned_decode codec prost
codec.adoption.prost.query.d5.v2.read_all codec prost
codec.adoption.prost.query.d5.v2.fully_read_clone codec prost
codec.adoption.pbrs.query.d5.v3.fresh_encode codec pbrs
codec.adoption.pbrs.query.d5.v3.owned_decode codec pbrs
codec.adoption.pbrs.query.d5.v3.read_all codec pbrs
codec.adoption.pbrs.query.d5.v3.fully_read_clone codec pbrs
codec.adoption.prost.query.d5.v3.fresh_encode codec prost
codec.adoption.prost.query.d5.v3.owned_decode codec prost
codec.adoption.prost.query.d5.v3.read_all codec prost
codec.adoption.prost.query.d5.v3.fully_read_clone codec prost
codec.adoption.pbrs.query.d5.v4.fresh_encode codec pbrs
codec.adoption.pbrs.query.d5.v4.owned_decode codec pbrs
codec.adoption.pbrs.query.d5.v4.read_all codec pbrs
codec.adoption.pbrs.query.d5.v4.fully_read_clone codec pbrs
codec.adoption.prost.query.d5.v4.fresh_encode codec prost
codec.adoption.prost.query.d5.v4.owned_decode codec prost
codec.adoption.prost.query.d5.v4.read_all codec prost
codec.adoption.prost.query.d5.v4.fully_read_clone codec prost
codec.adoption.pbrs.query.d5.v5.fresh_encode codec pbrs
codec.adoption.pbrs.query.d5.v5.owned_decode codec pbrs
codec.adoption.pbrs.query.d5.v5.read_all codec pbrs
codec.adoption.pbrs.query.d5.v5.fully_read_clone codec pbrs
codec.adoption.prost.query.d5.v5.fresh_encode codec prost
codec.adoption.prost.query.d5.v5.owned_decode codec prost
codec.adoption.prost.query.d5.v5.read_all codec prost
codec.adoption.prost.query.d5.v5.fully_read_clone codec prost
codec.adoption.pbrs.query.d5.v6.fresh_encode codec pbrs
codec.adoption.pbrs.query.d5.v6.owned_decode codec pbrs
codec.adoption.pbrs.query.d5.v6.read_all codec pbrs
codec.adoption.pbrs.query.d5.v6.fully_read_clone codec pbrs
codec.adoption.prost.query.d5.v6.fresh_encode codec prost
codec.adoption.prost.query.d5.v6.owned_decode codec prost
codec.adoption.prost.query.d5.v6.read_all codec prost
codec.adoption.prost.query.d5.v6.fully_read_clone codec prost
codec.adoption.pbrs.query.d5.v7.fresh_encode codec pbrs
codec.adoption.pbrs.query.d5.v7.owned_decode codec pbrs
codec.adoption.pbrs.query.d5.v7.read_all codec pbrs
codec.adoption.pbrs.query.d5.v7.fully_read_clone codec pbrs
codec.adoption.prost.query.d5.v7.fresh_encode codec prost
codec.adoption.prost.query.d5.v7.owned_decode codec prost
codec.adoption.prost.query.d5.v7.read_all codec prost
codec.adoption.prost.query.d5.v7.fully_read_clone codec prost
codec.adoption.pbrs.query.d6.v0.fresh_encode codec pbrs
codec.adoption.pbrs.query.d6.v0.owned_decode codec pbrs
codec.adoption.pbrs.query.d6.v0.read_all codec pbrs
codec.adoption.pbrs.query.d6.v0.fully_read_clone codec pbrs
codec.adoption.prost.query.d6.v0.fresh_encode codec prost
codec.adoption.prost.query.d6.v0.owned_decode codec prost
codec.adoption.prost.query.d6.v0.read_all codec prost
codec.adoption.prost.query.d6.v0.fully_read_clone codec prost
codec.adoption.pbrs.query.d6.v1.fresh_encode codec pbrs
codec.adoption.pbrs.query.d6.v1.owned_decode codec pbrs
codec.adoption.pbrs.query.d6.v1.read_all codec pbrs
codec.adoption.pbrs.query.d6.v1.fully_read_clone codec pbrs
codec.adoption.prost.query.d6.v1.fresh_encode codec prost
codec.adoption.prost.query.d6.v1.owned_decode codec prost
codec.adoption.prost.query.d6.v1.read_all codec prost
codec.adoption.prost.query.d6.v1.fully_read_clone codec prost
codec.adoption.pbrs.query.d6.v2.fresh_encode codec pbrs
codec.adoption.pbrs.query.d6.v2.owned_decode codec pbrs
codec.adoption.pbrs.query.d6.v2.read_all codec pbrs
codec.adoption.pbrs.query.d6.v2.fully_read_clone codec pbrs
codec.adoption.prost.query.d6.v2.fresh_encode codec prost
codec.adoption.prost.query.d6.v2.owned_decode codec prost
codec.adoption.prost.query.d6.v2.read_all codec prost
codec.adoption.prost.query.d6.v2.fully_read_clone codec prost
codec.adoption.pbrs.query.d6.v3.fresh_encode codec pbrs
codec.adoption.pbrs.query.d6.v3.owned_decode codec pbrs
codec.adoption.pbrs.query.d6.v3.read_all codec pbrs
codec.adoption.pbrs.query.d6.v3.fully_read_clone codec pbrs
codec.adoption.prost.query.d6.v3.fresh_encode codec prost
codec.adoption.prost.query.d6.v3.owned_decode codec prost
codec.adoption.prost.query.d6.v3.read_all codec prost
codec.adoption.prost.query.d6.v3.fully_read_clone codec prost
codec.adoption.pbrs.query.d6.v4.fresh_encode codec pbrs
codec.adoption.pbrs.query.d6.v4.owned_decode codec pbrs
codec.adoption.pbrs.query.d6.v4.read_all codec pbrs
codec.adoption.pbrs.query.d6.v4.fully_read_clone codec pbrs
codec.adoption.prost.query.d6.v4.fresh_encode codec prost
codec.adoption.prost.query.d6.v4.owned_decode codec prost
codec.adoption.prost.query.d6.v4.read_all codec prost
codec.adoption.prost.query.d6.v4.fully_read_clone codec prost
codec.adoption.pbrs.query.d6.v5.fresh_encode codec pbrs
codec.adoption.pbrs.query.d6.v5.owned_decode codec pbrs
codec.adoption.pbrs.query.d6.v5.read_all codec pbrs
codec.adoption.pbrs.query.d6.v5.fully_read_clone codec pbrs
codec.adoption.prost.query.d6.v5.fresh_encode codec prost
codec.adoption.prost.query.d6.v5.owned_decode codec prost
codec.adoption.prost.query.d6.v5.read_all codec prost
codec.adoption.prost.query.d6.v5.fully_read_clone codec prost
codec.adoption.pbrs.query.d6.v6.fresh_encode codec pbrs
codec.adoption.pbrs.query.d6.v6.owned_decode codec pbrs
codec.adoption.pbrs.query.d6.v6.read_all codec pbrs
codec.adoption.pbrs.query.d6.v6.fully_read_clone codec pbrs
codec.adoption.prost.query.d6.v6.fresh_encode codec prost
codec.adoption.prost.query.d6.v6.owned_decode codec prost
codec.adoption.prost.query.d6.v6.read_all codec prost
codec.adoption.prost.query.d6.v6.fully_read_clone codec prost
codec.adoption.pbrs.query.d6.v7.fresh_encode codec pbrs
codec.adoption.pbrs.query.d6.v7.owned_decode codec pbrs
codec.adoption.pbrs.query.d6.v7.read_all codec pbrs
codec.adoption.pbrs.query.d6.v7.fully_read_clone codec pbrs
codec.adoption.prost.query.d6.v7.fresh_encode codec prost
codec.adoption.prost.query.d6.v7.owned_decode codec prost
codec.adoption.prost.query.d6.v7.read_all codec prost
codec.adoption.prost.query.d6.v7.fully_read_clone codec prost
codec.adoption.pbrs.query.d7.v0.fresh_encode codec pbrs
codec.adoption.pbrs.query.d7.v0.owned_decode codec pbrs
codec.adoption.pbrs.query.d7.v0.read_all codec pbrs
codec.adoption.pbrs.query.d7.v0.fully_read_clone codec pbrs
codec.adoption.prost.query.d7.v0.fresh_encode codec prost
codec.adoption.prost.query.d7.v0.owned_decode codec prost
codec.adoption.prost.query.d7.v0.read_all codec prost
codec.adoption.prost.query.d7.v0.fully_read_clone codec prost
codec.adoption.pbrs.query.d7.v1.fresh_encode codec pbrs
codec.adoption.pbrs.query.d7.v1.owned_decode codec pbrs
codec.adoption.pbrs.query.d7.v1.read_all codec pbrs
codec.adoption.pbrs.query.d7.v1.fully_read_clone codec pbrs
codec.adoption.prost.query.d7.v1.fresh_encode codec prost
codec.adoption.prost.query.d7.v1.owned_decode codec prost
codec.adoption.prost.query.d7.v1.read_all codec prost
codec.adoption.prost.query.d7.v1.fully_read_clone codec prost
codec.adoption.pbrs.query.d7.v2.fresh_encode codec pbrs
codec.adoption.pbrs.query.d7.v2.owned_decode codec pbrs
codec.adoption.pbrs.query.d7.v2.read_all codec pbrs
codec.adoption.pbrs.query.d7.v2.fully_read_clone codec pbrs
codec.adoption.prost.query.d7.v2.fresh_encode codec prost
codec.adoption.prost.query.d7.v2.owned_decode codec prost
codec.adoption.prost.query.d7.v2.read_all codec prost
codec.adoption.prost.query.d7.v2.fully_read_clone codec prost
codec.adoption.pbrs.query.d7.v3.fresh_encode codec pbrs
codec.adoption.pbrs.query.d7.v3.owned_decode codec pbrs
codec.adoption.pbrs.query.d7.v3.read_all codec pbrs
codec.adoption.pbrs.query.d7.v3.fully_read_clone codec pbrs
codec.adoption.prost.query.d7.v3.fresh_encode codec prost
codec.adoption.prost.query.d7.v3.owned_decode codec prost
codec.adoption.prost.query.d7.v3.read_all codec prost
codec.adoption.prost.query.d7.v3.fully_read_clone codec prost
codec.adoption.pbrs.query.d7.v4.fresh_encode codec pbrs
codec.adoption.pbrs.query.d7.v4.owned_decode codec pbrs
codec.adoption.pbrs.query.d7.v4.read_all codec pbrs
codec.adoption.pbrs.query.d7.v4.fully_read_clone codec pbrs
codec.adoption.prost.query.d7.v4.fresh_encode codec prost
codec.adoption.prost.query.d7.v4.owned_decode codec prost
codec.adoption.prost.query.d7.v4.read_all codec prost
codec.adoption.prost.query.d7.v4.fully_read_clone codec prost
codec.adoption.pbrs.query.d7.v5.fresh_encode codec pbrs
codec.adoption.pbrs.query.d7.v5.owned_decode codec pbrs
codec.adoption.pbrs.query.d7.v5.read_all codec pbrs
codec.adoption.pbrs.query.d7.v5.fully_read_clone codec pbrs
codec.adoption.prost.query.d7.v5.fresh_encode codec prost
codec.adoption.prost.query.d7.v5.owned_decode codec prost
codec.adoption.prost.query.d7.v5.read_all codec prost
codec.adoption.prost.query.d7.v5.fully_read_clone codec prost
codec.adoption.pbrs.query.d7.v6.fresh_encode codec pbrs
codec.adoption.pbrs.query.d7.v6.owned_decode codec pbrs
codec.adoption.pbrs.query.d7.v6.read_all codec pbrs
codec.adoption.pbrs.query.d7.v6.fully_read_clone codec pbrs
codec.adoption.prost.query.d7.v6.fresh_encode codec prost
codec.adoption.prost.query.d7.v6.owned_decode codec prost
codec.adoption.prost.query.d7.v6.read_all codec prost
codec.adoption.prost.query.d7.v6.fully_read_clone codec prost
codec.adoption.pbrs.query.d7.v7.fresh_encode codec pbrs
codec.adoption.pbrs.query.d7.v7.owned_decode codec pbrs
codec.adoption.pbrs.query.d7.v7.read_all codec pbrs
codec.adoption.pbrs.query.d7.v7.fully_read_clone codec pbrs
codec.adoption.prost.query.d7.v7.fresh_encode codec prost
codec.adoption.prost.query.d7.v7.owned_decode codec prost
codec.adoption.prost.query.d7.v7.read_all codec prost
codec.adoption.prost.query.d7.v7.fully_read_clone codec prost
codec.adoption.pbrs.query.d8.v0.fresh_encode codec pbrs
codec.adoption.pbrs.query.d8.v0.owned_decode codec pbrs
codec.adoption.pbrs.query.d8.v0.read_all codec pbrs
codec.adoption.pbrs.query.d8.v0.fully_read_clone codec pbrs
codec.adoption.prost.query.d8.v0.fresh_encode codec prost
codec.adoption.prost.query.d8.v0.owned_decode codec prost
codec.adoption.prost.query.d8.v0.read_all codec prost
codec.adoption.prost.query.d8.v0.fully_read_clone codec prost
codec.adoption.pbrs.query.d8.v1.fresh_encode codec pbrs
codec.adoption.pbrs.query.d8.v1.owned_decode codec pbrs
codec.adoption.pbrs.query.d8.v1.read_all codec pbrs
codec.adoption.pbrs.query.d8.v1.fully_read_clone codec pbrs
codec.adoption.prost.query.d8.v1.fresh_encode codec prost
codec.adoption.prost.query.d8.v1.owned_decode codec prost
codec.adoption.prost.query.d8.v1.read_all codec prost
codec.adoption.prost.query.d8.v1.fully_read_clone codec prost
codec.adoption.pbrs.query.d8.v2.fresh_encode codec pbrs
codec.adoption.pbrs.query.d8.v2.owned_decode codec pbrs
codec.adoption.pbrs.query.d8.v2.read_all codec pbrs
codec.adoption.pbrs.query.d8.v2.fully_read_clone codec pbrs
codec.adoption.prost.query.d8.v2.fresh_encode codec prost
codec.adoption.prost.query.d8.v2.owned_decode codec prost
codec.adoption.prost.query.d8.v2.read_all codec prost
codec.adoption.prost.query.d8.v2.fully_read_clone codec prost
codec.adoption.pbrs.query.d8.v3.fresh_encode codec pbrs
codec.adoption.pbrs.query.d8.v3.owned_decode codec pbrs
codec.adoption.pbrs.query.d8.v3.read_all codec pbrs
codec.adoption.pbrs.query.d8.v3.fully_read_clone codec pbrs
codec.adoption.prost.query.d8.v3.fresh_encode codec prost
codec.adoption.prost.query.d8.v3.owned_decode codec prost
codec.adoption.prost.query.d8.v3.read_all codec prost
codec.adoption.prost.query.d8.v3.fully_read_clone codec prost
codec.adoption.pbrs.query.d8.v4.fresh_encode codec pbrs
codec.adoption.pbrs.query.d8.v4.owned_decode codec pbrs
codec.adoption.pbrs.query.d8.v4.read_all codec pbrs
codec.adoption.pbrs.query.d8.v4.fully_read_clone codec pbrs
codec.adoption.prost.query.d8.v4.fresh_encode codec prost
codec.adoption.prost.query.d8.v4.owned_decode codec prost
codec.adoption.prost.query.d8.v4.read_all codec prost
codec.adoption.prost.query.d8.v4.fully_read_clone codec prost
codec.adoption.pbrs.query.d8.v5.fresh_encode codec pbrs
codec.adoption.pbrs.query.d8.v5.owned_decode codec pbrs
codec.adoption.pbrs.query.d8.v5.read_all codec pbrs
codec.adoption.pbrs.query.d8.v5.fully_read_clone codec pbrs
codec.adoption.prost.query.d8.v5.fresh_encode codec prost
codec.adoption.prost.query.d8.v5.owned_decode codec prost
codec.adoption.prost.query.d8.v5.read_all codec prost
codec.adoption.prost.query.d8.v5.fully_read_clone codec prost
codec.adoption.pbrs.query.d8.v6.fresh_encode codec pbrs
codec.adoption.pbrs.query.d8.v6.owned_decode codec pbrs
codec.adoption.pbrs.query.d8.v6.read_all codec pbrs
codec.adoption.pbrs.query.d8.v6.fully_read_clone codec pbrs
codec.adoption.prost.query.d8.v6.fresh_encode codec prost
codec.adoption.prost.query.d8.v6.owned_decode codec prost
codec.adoption.prost.query.d8.v6.read_all codec prost
codec.adoption.prost.query.d8.v6.fully_read_clone codec prost
codec.adoption.pbrs.query.d8.v7.fresh_encode codec pbrs
codec.adoption.pbrs.query.d8.v7.owned_decode codec pbrs
codec.adoption.pbrs.query.d8.v7.read_all codec pbrs
codec.adoption.pbrs.query.d8.v7.fully_read_clone codec pbrs
codec.adoption.prost.query.d8.v7.fresh_encode codec prost
codec.adoption.prost.query.d8.v7.owned_decode codec prost
codec.adoption.prost.query.d8.v7.read_all codec prost
codec.adoption.prost.query.d8.v7.fully_read_clone codec prost
codec.adoption.pbrs.entities.n10.fresh_encode codec pbrs
codec.adoption.pbrs.entities.n10.owned_decode codec pbrs
codec.adoption.pbrs.entities.n10.read_all codec pbrs
codec.adoption.pbrs.entities.n10.fully_read_clone codec pbrs
codec.adoption.prost.entities.n10.fresh_encode codec prost
codec.adoption.prost.entities.n10.owned_decode codec prost
codec.adoption.prost.entities.n10.read_all codec prost
codec.adoption.prost.entities.n10.fully_read_clone codec prost
codec.adoption.pbrs.entities.n100.fresh_encode codec pbrs
codec.adoption.pbrs.entities.n100.owned_decode codec pbrs
codec.adoption.pbrs.entities.n100.read_all codec pbrs
codec.adoption.pbrs.entities.n100.fully_read_clone codec pbrs
codec.adoption.prost.entities.n100.fresh_encode codec prost
codec.adoption.prost.entities.n100.owned_decode codec prost
codec.adoption.prost.entities.n100.read_all codec prost
codec.adoption.prost.entities.n100.fully_read_clone codec prost
codec.adoption.pbrs.entities.n1000.fresh_encode codec pbrs
codec.adoption.pbrs.entities.n1000.owned_decode codec pbrs
codec.adoption.pbrs.entities.n1000.read_all codec pbrs
codec.adoption.pbrs.entities.n1000.fully_read_clone codec pbrs
codec.adoption.prost.entities.n1000.fresh_encode codec prost
codec.adoption.prost.entities.n1000.owned_decode codec prost
codec.adoption.prost.entities.n1000.read_all codec prost
codec.adoption.prost.entities.n1000.fully_read_clone codec prost
codec.adoption.pbrs.sparse.v0.fresh_encode codec pbrs
codec.adoption.pbrs.sparse.v0.owned_decode codec pbrs
codec.adoption.pbrs.sparse.v0.read_all codec pbrs
codec.adoption.pbrs.sparse.v0.fully_read_clone codec pbrs
codec.adoption.prost.sparse.v0.fresh_encode codec prost
codec.adoption.prost.sparse.v0.owned_decode codec prost
codec.adoption.prost.sparse.v0.read_all codec prost
codec.adoption.prost.sparse.v0.fully_read_clone codec prost
codec.adoption.pbrs.sparse.v1.fresh_encode codec pbrs
codec.adoption.pbrs.sparse.v1.owned_decode codec pbrs
codec.adoption.pbrs.sparse.v1.read_all codec pbrs
codec.adoption.pbrs.sparse.v1.fully_read_clone codec pbrs
codec.adoption.prost.sparse.v1.fresh_encode codec prost
codec.adoption.prost.sparse.v1.owned_decode codec prost
codec.adoption.prost.sparse.v1.read_all codec prost
codec.adoption.prost.sparse.v1.fully_read_clone codec prost
codec.adoption.pbrs.sparse.v2.fresh_encode codec pbrs
codec.adoption.pbrs.sparse.v2.owned_decode codec pbrs
codec.adoption.pbrs.sparse.v2.read_all codec pbrs
codec.adoption.pbrs.sparse.v2.fully_read_clone codec pbrs
codec.adoption.prost.sparse.v2.fresh_encode codec prost
codec.adoption.prost.sparse.v2.owned_decode codec prost
codec.adoption.prost.sparse.v2.read_all codec prost
codec.adoption.prost.sparse.v2.fully_read_clone codec prost
codec.adoption.pbrs.sparse.v3.fresh_encode codec pbrs
codec.adoption.pbrs.sparse.v3.owned_decode codec pbrs
codec.adoption.pbrs.sparse.v3.read_all codec pbrs
codec.adoption.pbrs.sparse.v3.fully_read_clone codec pbrs
codec.adoption.prost.sparse.v3.fresh_encode codec prost
codec.adoption.prost.sparse.v3.owned_decode codec prost
codec.adoption.prost.sparse.v3.read_all codec prost
codec.adoption.prost.sparse.v3.fully_read_clone codec prost
codec.adoption.pbrs.sparse.v4.fresh_encode codec pbrs
codec.adoption.pbrs.sparse.v4.owned_decode codec pbrs
codec.adoption.pbrs.sparse.v4.read_all codec pbrs
codec.adoption.pbrs.sparse.v4.fully_read_clone codec pbrs
codec.adoption.prost.sparse.v4.fresh_encode codec prost
codec.adoption.prost.sparse.v4.owned_decode codec prost
codec.adoption.prost.sparse.v4.read_all codec prost
codec.adoption.prost.sparse.v4.fully_read_clone codec prost
codec.adoption.pbrs.sparse.v5.fresh_encode codec pbrs
codec.adoption.pbrs.sparse.v5.owned_decode codec pbrs
codec.adoption.pbrs.sparse.v5.read_all codec pbrs
codec.adoption.pbrs.sparse.v5.fully_read_clone codec pbrs
codec.adoption.prost.sparse.v5.fresh_encode codec prost
codec.adoption.prost.sparse.v5.owned_decode codec prost
codec.adoption.prost.sparse.v5.read_all codec prost
codec.adoption.prost.sparse.v5.fully_read_clone codec prost
codec.adoption.pbrs.sparse.v6.fresh_encode codec pbrs
codec.adoption.pbrs.sparse.v6.owned_decode codec pbrs
codec.adoption.pbrs.sparse.v6.read_all codec pbrs
codec.adoption.pbrs.sparse.v6.fully_read_clone codec pbrs
codec.adoption.prost.sparse.v6.fresh_encode codec prost
codec.adoption.prost.sparse.v6.owned_decode codec prost
codec.adoption.prost.sparse.v6.read_all codec prost
codec.adoption.prost.sparse.v6.fully_read_clone codec prost
codec.adoption.pbrs.sparse.v7.fresh_encode codec pbrs
codec.adoption.pbrs.sparse.v7.owned_decode codec pbrs
codec.adoption.pbrs.sparse.v7.read_all codec pbrs
codec.adoption.pbrs.sparse.v7.fully_read_clone codec pbrs
codec.adoption.prost.sparse.v7.fresh_encode codec prost
codec.adoption.prost.sparse.v7.owned_decode codec prost
codec.adoption.prost.sparse.v7.read_all codec prost
codec.adoption.prost.sparse.v7.fully_read_clone codec prost
codec.adoption.pbrs.sparse.v8.fresh_encode codec pbrs
codec.adoption.pbrs.sparse.v8.owned_decode codec pbrs
codec.adoption.pbrs.sparse.v8.read_all codec pbrs
codec.adoption.pbrs.sparse.v8.fully_read_clone codec pbrs
codec.adoption.prost.sparse.v8.fresh_encode codec prost
codec.adoption.prost.sparse.v8.owned_decode codec prost
codec.adoption.prost.sparse.v8.read_all codec prost
codec.adoption.prost.sparse.v8.fully_read_clone codec prost
codec.adoption.pbrs.sparse.v9.fresh_encode codec pbrs
codec.adoption.pbrs.sparse.v9.owned_decode codec pbrs
codec.adoption.pbrs.sparse.v9.read_all codec pbrs
codec.adoption.pbrs.sparse.v9.fully_read_clone codec pbrs
codec.adoption.prost.sparse.v9.fresh_encode codec prost
codec.adoption.prost.sparse.v9.owned_decode codec prost
codec.adoption.prost.sparse.v9.read_all codec prost
codec.adoption.prost.sparse.v9.fully_read_clone codec prost
codec.adoption.pbrs.maps.n8.fresh_encode codec pbrs
codec.adoption.pbrs.maps.n8.owned_decode codec pbrs
codec.adoption.pbrs.maps.n8.read_all codec pbrs
codec.adoption.pbrs.maps.n8.fully_read_clone codec pbrs
codec.adoption.prost.maps.n8.fresh_encode codec prost
codec.adoption.prost.maps.n8.owned_decode codec prost
codec.adoption.prost.maps.n8.read_all codec prost
codec.adoption.prost.maps.n8.fully_read_clone codec prost
codec.adoption.pbrs.maps.n64.fresh_encode codec pbrs
codec.adoption.pbrs.maps.n64.owned_decode codec pbrs
codec.adoption.pbrs.maps.n64.read_all codec pbrs
codec.adoption.pbrs.maps.n64.fully_read_clone codec pbrs
codec.adoption.prost.maps.n64.fresh_encode codec prost
codec.adoption.prost.maps.n64.owned_decode codec prost
codec.adoption.prost.maps.n64.read_all codec prost
codec.adoption.prost.maps.n64.fully_read_clone codec prost
codec.adoption.pbrs.maps.n512.fresh_encode codec pbrs
codec.adoption.pbrs.maps.n512.owned_decode codec pbrs
codec.adoption.pbrs.maps.n512.read_all codec pbrs
codec.adoption.pbrs.maps.n512.fully_read_clone codec pbrs
codec.adoption.prost.maps.n512.fresh_encode codec prost
codec.adoption.prost.maps.n512.owned_decode codec prost
codec.adoption.prost.maps.n512.read_all codec prost
codec.adoption.prost.maps.n512.fully_read_clone codec prost
rpc.adoption.native_pbrs.query.d3.v0.unary rpc native_pbrs
rpc.adoption.native_pbrs.query.d3.v0.server_stream rpc native_pbrs
rpc.adoption.native_prost.query.d3.v0.unary rpc native_prost
rpc.adoption.native_prost.query.d3.v0.server_stream rpc native_prost
rpc.adoption.tonic_pbrs.query.d3.v0.unary rpc tonic_pbrs
rpc.adoption.tonic_pbrs.query.d3.v0.server_stream rpc tonic_pbrs
rpc.adoption.tonic_prost.query.d3.v0.unary rpc tonic_prost
rpc.adoption.tonic_prost.query.d3.v0.server_stream rpc tonic_prost
rpc.adoption.native_pbrs.query.d3.v1.unary rpc native_pbrs
rpc.adoption.native_pbrs.query.d3.v1.server_stream rpc native_pbrs
rpc.adoption.native_prost.query.d3.v1.unary rpc native_prost
rpc.adoption.native_prost.query.d3.v1.server_stream rpc native_prost
rpc.adoption.tonic_pbrs.query.d3.v1.unary rpc tonic_pbrs
rpc.adoption.tonic_pbrs.query.d3.v1.server_stream rpc tonic_pbrs
rpc.adoption.tonic_prost.query.d3.v1.unary rpc tonic_prost
rpc.adoption.tonic_prost.query.d3.v1.server_stream rpc tonic_prost
rpc.adoption.native_pbrs.query.d3.v2.unary rpc native_pbrs
rpc.adoption.native_pbrs.query.d3.v2.server_stream rpc native_pbrs
rpc.adoption.native_prost.query.d3.v2.unary rpc native_prost
rpc.adoption.native_prost.query.d3.v2.server_stream rpc native_prost
rpc.adoption.tonic_pbrs.query.d3.v2.unary rpc tonic_pbrs
rpc.adoption.tonic_pbrs.query.d3.v2.server_stream rpc tonic_pbrs
rpc.adoption.tonic_prost.query.d3.v2.unary rpc tonic_prost
rpc.adoption.tonic_prost.query.d3.v2.server_stream rpc tonic_prost
rpc.adoption.native_pbrs.query.d3.v3.unary rpc native_pbrs
rpc.adoption.native_pbrs.query.d3.v3.server_stream rpc native_pbrs
rpc.adoption.native_prost.query.d3.v3.unary rpc native_prost
rpc.adoption.native_prost.query.d3.v3.server_stream rpc native_prost
rpc.adoption.tonic_pbrs.query.d3.v3.unary rpc tonic_pbrs
rpc.adoption.tonic_pbrs.query.d3.v3.server_stream rpc tonic_pbrs
rpc.adoption.tonic_prost.query.d3.v3.unary rpc tonic_prost
rpc.adoption.tonic_prost.query.d3.v3.server_stream rpc tonic_prost
rpc.adoption.native_pbrs.query.d3.v4.unary rpc native_pbrs
rpc.adoption.native_pbrs.query.d3.v4.server_stream rpc native_pbrs
rpc.adoption.native_prost.query.d3.v4.unary rpc native_prost
rpc.adoption.native_prost.query.d3.v4.server_stream rpc native_prost
rpc.adoption.tonic_pbrs.query.d3.v4.unary rpc tonic_pbrs
rpc.adoption.tonic_pbrs.query.d3.v4.server_stream rpc tonic_pbrs
rpc.adoption.tonic_prost.query.d3.v4.unary rpc tonic_prost
rpc.adoption.tonic_prost.query.d3.v4.server_stream rpc tonic_prost
rpc.adoption.native_pbrs.query.d3.v5.unary rpc native_pbrs
rpc.adoption.native_pbrs.query.d3.v5.server_stream rpc native_pbrs
rpc.adoption.native_prost.query.d3.v5.unary rpc native_prost
rpc.adoption.native_prost.query.d3.v5.server_stream rpc native_prost
rpc.adoption.tonic_pbrs.query.d3.v5.unary rpc tonic_pbrs
rpc.adoption.tonic_pbrs.query.d3.v5.server_stream rpc tonic_pbrs
rpc.adoption.tonic_prost.query.d3.v5.unary rpc tonic_prost
rpc.adoption.tonic_prost.query.d3.v5.server_stream rpc tonic_prost
rpc.adoption.native_pbrs.query.d3.v6.unary rpc native_pbrs
rpc.adoption.native_pbrs.query.d3.v6.server_stream rpc native_pbrs
rpc.adoption.native_prost.query.d3.v6.unary rpc native_prost
rpc.adoption.native_prost.query.d3.v6.server_stream rpc native_prost
rpc.adoption.tonic_pbrs.query.d3.v6.unary rpc tonic_pbrs
rpc.adoption.tonic_pbrs.query.d3.v6.server_stream rpc tonic_pbrs
rpc.adoption.tonic_prost.query.d3.v6.unary rpc tonic_prost
rpc.adoption.tonic_prost.query.d3.v6.server_stream rpc tonic_prost
rpc.adoption.native_pbrs.query.d3.v7.unary rpc native_pbrs
rpc.adoption.native_pbrs.query.d3.v7.server_stream rpc native_pbrs
rpc.adoption.native_prost.query.d3.v7.unary rpc native_prost
rpc.adoption.native_prost.query.d3.v7.server_stream rpc native_prost
rpc.adoption.tonic_pbrs.query.d3.v7.unary rpc tonic_pbrs
rpc.adoption.tonic_pbrs.query.d3.v7.server_stream rpc tonic_pbrs
rpc.adoption.tonic_prost.query.d3.v7.unary rpc tonic_prost
rpc.adoption.tonic_prost.query.d3.v7.server_stream rpc tonic_prost
rpc.adoption.native_pbrs.query.d4.v0.unary rpc native_pbrs
rpc.adoption.native_pbrs.query.d4.v0.server_stream rpc native_pbrs
rpc.adoption.native_prost.query.d4.v0.unary rpc native_prost
rpc.adoption.native_prost.query.d4.v0.server_stream rpc native_prost
rpc.adoption.tonic_pbrs.query.d4.v0.unary rpc tonic_pbrs
rpc.adoption.tonic_pbrs.query.d4.v0.server_stream rpc tonic_pbrs
rpc.adoption.tonic_prost.query.d4.v0.unary rpc tonic_prost
rpc.adoption.tonic_prost.query.d4.v0.server_stream rpc tonic_prost
rpc.adoption.native_pbrs.query.d4.v1.unary rpc native_pbrs
rpc.adoption.native_pbrs.query.d4.v1.server_stream rpc native_pbrs
rpc.adoption.native_prost.query.d4.v1.unary rpc native_prost
rpc.adoption.native_prost.query.d4.v1.server_stream rpc native_prost
rpc.adoption.tonic_pbrs.query.d4.v1.unary rpc tonic_pbrs
rpc.adoption.tonic_pbrs.query.d4.v1.server_stream rpc tonic_pbrs
rpc.adoption.tonic_prost.query.d4.v1.unary rpc tonic_prost
rpc.adoption.tonic_prost.query.d4.v1.server_stream rpc tonic_prost
rpc.adoption.native_pbrs.query.d4.v2.unary rpc native_pbrs
rpc.adoption.native_pbrs.query.d4.v2.server_stream rpc native_pbrs
rpc.adoption.native_prost.query.d4.v2.unary rpc native_prost
rpc.adoption.native_prost.query.d4.v2.server_stream rpc native_prost
rpc.adoption.tonic_pbrs.query.d4.v2.unary rpc tonic_pbrs
rpc.adoption.tonic_pbrs.query.d4.v2.server_stream rpc tonic_pbrs
rpc.adoption.tonic_prost.query.d4.v2.unary rpc tonic_prost
rpc.adoption.tonic_prost.query.d4.v2.server_stream rpc tonic_prost
rpc.adoption.native_pbrs.query.d4.v3.unary rpc native_pbrs
rpc.adoption.native_pbrs.query.d4.v3.server_stream rpc native_pbrs
rpc.adoption.native_prost.query.d4.v3.unary rpc native_prost
rpc.adoption.native_prost.query.d4.v3.server_stream rpc native_prost
rpc.adoption.tonic_pbrs.query.d4.v3.unary rpc tonic_pbrs
rpc.adoption.tonic_pbrs.query.d4.v3.server_stream rpc tonic_pbrs
rpc.adoption.tonic_prost.query.d4.v3.unary rpc tonic_prost
rpc.adoption.tonic_prost.query.d4.v3.server_stream rpc tonic_prost
rpc.adoption.native_pbrs.query.d4.v4.unary rpc native_pbrs
rpc.adoption.native_pbrs.query.d4.v4.server_stream rpc native_pbrs
rpc.adoption.native_prost.query.d4.v4.unary rpc native_prost
rpc.adoption.native_prost.query.d4.v4.server_stream rpc native_prost
rpc.adoption.tonic_pbrs.query.d4.v4.unary rpc tonic_pbrs
rpc.adoption.tonic_pbrs.query.d4.v4.server_stream rpc tonic_pbrs
rpc.adoption.tonic_prost.query.d4.v4.unary rpc tonic_prost
rpc.adoption.tonic_prost.query.d4.v4.server_stream rpc tonic_prost
rpc.adoption.native_pbrs.query.d4.v5.unary rpc native_pbrs
rpc.adoption.native_pbrs.query.d4.v5.server_stream rpc native_pbrs
rpc.adoption.native_prost.query.d4.v5.unary rpc native_prost
rpc.adoption.native_prost.query.d4.v5.server_stream rpc native_prost
rpc.adoption.tonic_pbrs.query.d4.v5.unary rpc tonic_pbrs
rpc.adoption.tonic_pbrs.query.d4.v5.server_stream rpc tonic_pbrs
rpc.adoption.tonic_prost.query.d4.v5.unary rpc tonic_prost
rpc.adoption.tonic_prost.query.d4.v5.server_stream rpc tonic_prost
rpc.adoption.native_pbrs.query.d4.v6.unary rpc native_pbrs
rpc.adoption.native_pbrs.query.d4.v6.server_stream rpc native_pbrs
rpc.adoption.native_prost.query.d4.v6.unary rpc native_prost
rpc.adoption.native_prost.query.d4.v6.server_stream rpc native_prost
rpc.adoption.tonic_pbrs.query.d4.v6.unary rpc tonic_pbrs
rpc.adoption.tonic_pbrs.query.d4.v6.server_stream rpc tonic_pbrs
rpc.adoption.tonic_prost.query.d4.v6.unary rpc tonic_prost
rpc.adoption.tonic_prost.query.d4.v6.server_stream rpc tonic_prost
rpc.adoption.native_pbrs.query.d4.v7.unary rpc native_pbrs
rpc.adoption.native_pbrs.query.d4.v7.server_stream rpc native_pbrs
rpc.adoption.native_prost.query.d4.v7.unary rpc native_prost
rpc.adoption.native_prost.query.d4.v7.server_stream rpc native_prost
rpc.adoption.tonic_pbrs.query.d4.v7.unary rpc tonic_pbrs
rpc.adoption.tonic_pbrs.query.d4.v7.server_stream rpc tonic_pbrs
rpc.adoption.tonic_prost.query.d4.v7.unary rpc tonic_prost
rpc.adoption.tonic_prost.query.d4.v7.server_stream rpc tonic_prost
rpc.adoption.native_pbrs.query.d5.v0.unary rpc native_pbrs
rpc.adoption.native_pbrs.query.d5.v0.server_stream rpc native_pbrs
rpc.adoption.native_prost.query.d5.v0.unary rpc native_prost
rpc.adoption.native_prost.query.d5.v0.server_stream rpc native_prost
rpc.adoption.tonic_pbrs.query.d5.v0.unary rpc tonic_pbrs
rpc.adoption.tonic_pbrs.query.d5.v0.server_stream rpc tonic_pbrs
rpc.adoption.tonic_prost.query.d5.v0.unary rpc tonic_prost
rpc.adoption.tonic_prost.query.d5.v0.server_stream rpc tonic_prost
rpc.adoption.native_pbrs.query.d5.v1.unary rpc native_pbrs
rpc.adoption.native_pbrs.query.d5.v1.server_stream rpc native_pbrs
rpc.adoption.native_prost.query.d5.v1.unary rpc native_prost
rpc.adoption.native_prost.query.d5.v1.server_stream rpc native_prost
rpc.adoption.tonic_pbrs.query.d5.v1.unary rpc tonic_pbrs
rpc.adoption.tonic_pbrs.query.d5.v1.server_stream rpc tonic_pbrs
rpc.adoption.tonic_prost.query.d5.v1.unary rpc tonic_prost
rpc.adoption.tonic_prost.query.d5.v1.server_stream rpc tonic_prost
rpc.adoption.native_pbrs.query.d5.v2.unary rpc native_pbrs
rpc.adoption.native_pbrs.query.d5.v2.server_stream rpc native_pbrs
rpc.adoption.native_prost.query.d5.v2.unary rpc native_prost
rpc.adoption.native_prost.query.d5.v2.server_stream rpc native_prost
rpc.adoption.tonic_pbrs.query.d5.v2.unary rpc tonic_pbrs
rpc.adoption.tonic_pbrs.query.d5.v2.server_stream rpc tonic_pbrs
rpc.adoption.tonic_prost.query.d5.v2.unary rpc tonic_prost
rpc.adoption.tonic_prost.query.d5.v2.server_stream rpc tonic_prost
rpc.adoption.native_pbrs.query.d5.v3.unary rpc native_pbrs
rpc.adoption.native_pbrs.query.d5.v3.server_stream rpc native_pbrs
rpc.adoption.native_prost.query.d5.v3.unary rpc native_prost
rpc.adoption.native_prost.query.d5.v3.server_stream rpc native_prost
rpc.adoption.tonic_pbrs.query.d5.v3.unary rpc tonic_pbrs
rpc.adoption.tonic_pbrs.query.d5.v3.server_stream rpc tonic_pbrs
rpc.adoption.tonic_prost.query.d5.v3.unary rpc tonic_prost
rpc.adoption.tonic_prost.query.d5.v3.server_stream rpc tonic_prost
rpc.adoption.native_pbrs.query.d5.v4.unary rpc native_pbrs
rpc.adoption.native_pbrs.query.d5.v4.server_stream rpc native_pbrs
rpc.adoption.native_prost.query.d5.v4.unary rpc native_prost
rpc.adoption.native_prost.query.d5.v4.server_stream rpc native_prost
rpc.adoption.tonic_pbrs.query.d5.v4.unary rpc tonic_pbrs
rpc.adoption.tonic_pbrs.query.d5.v4.server_stream rpc tonic_pbrs
rpc.adoption.tonic_prost.query.d5.v4.unary rpc tonic_prost
rpc.adoption.tonic_prost.query.d5.v4.server_stream rpc tonic_prost
rpc.adoption.native_pbrs.query.d5.v5.unary rpc native_pbrs
rpc.adoption.native_pbrs.query.d5.v5.server_stream rpc native_pbrs
rpc.adoption.native_prost.query.d5.v5.unary rpc native_prost
rpc.adoption.native_prost.query.d5.v5.server_stream rpc native_prost
rpc.adoption.tonic_pbrs.query.d5.v5.unary rpc tonic_pbrs
rpc.adoption.tonic_pbrs.query.d5.v5.server_stream rpc tonic_pbrs
rpc.adoption.tonic_prost.query.d5.v5.unary rpc tonic_prost
rpc.adoption.tonic_prost.query.d5.v5.server_stream rpc tonic_prost
rpc.adoption.native_pbrs.query.d5.v6.unary rpc native_pbrs
rpc.adoption.native_pbrs.query.d5.v6.server_stream rpc native_pbrs
rpc.adoption.native_prost.query.d5.v6.unary rpc native_prost
rpc.adoption.native_prost.query.d5.v6.server_stream rpc native_prost
rpc.adoption.tonic_pbrs.query.d5.v6.unary rpc tonic_pbrs
rpc.adoption.tonic_pbrs.query.d5.v6.server_stream rpc tonic_pbrs
rpc.adoption.tonic_prost.query.d5.v6.unary rpc tonic_prost
rpc.adoption.tonic_prost.query.d5.v6.server_stream rpc tonic_prost
rpc.adoption.native_pbrs.query.d5.v7.unary rpc native_pbrs
rpc.adoption.native_pbrs.query.d5.v7.server_stream rpc native_pbrs
rpc.adoption.native_prost.query.d5.v7.unary rpc native_prost
rpc.adoption.native_prost.query.d5.v7.server_stream rpc native_prost
rpc.adoption.tonic_pbrs.query.d5.v7.unary rpc tonic_pbrs
rpc.adoption.tonic_pbrs.query.d5.v7.server_stream rpc tonic_pbrs
rpc.adoption.tonic_prost.query.d5.v7.unary rpc tonic_prost
rpc.adoption.tonic_prost.query.d5.v7.server_stream rpc tonic_prost
rpc.adoption.native_pbrs.query.d6.v0.unary rpc native_pbrs
rpc.adoption.native_pbrs.query.d6.v0.server_stream rpc native_pbrs
rpc.adoption.native_prost.query.d6.v0.unary rpc native_prost
rpc.adoption.native_prost.query.d6.v0.server_stream rpc native_prost
rpc.adoption.tonic_pbrs.query.d6.v0.unary rpc tonic_pbrs
rpc.adoption.tonic_pbrs.query.d6.v0.server_stream rpc tonic_pbrs
rpc.adoption.tonic_prost.query.d6.v0.unary rpc tonic_prost
rpc.adoption.tonic_prost.query.d6.v0.server_stream rpc tonic_prost
rpc.adoption.native_pbrs.query.d6.v1.unary rpc native_pbrs
rpc.adoption.native_pbrs.query.d6.v1.server_stream rpc native_pbrs
rpc.adoption.native_prost.query.d6.v1.unary rpc native_prost
rpc.adoption.native_prost.query.d6.v1.server_stream rpc native_prost
rpc.adoption.tonic_pbrs.query.d6.v1.unary rpc tonic_pbrs
rpc.adoption.tonic_pbrs.query.d6.v1.server_stream rpc tonic_pbrs
rpc.adoption.tonic_prost.query.d6.v1.unary rpc tonic_prost
rpc.adoption.tonic_prost.query.d6.v1.server_stream rpc tonic_prost
rpc.adoption.native_pbrs.query.d6.v2.unary rpc native_pbrs
rpc.adoption.native_pbrs.query.d6.v2.server_stream rpc native_pbrs
rpc.adoption.native_prost.query.d6.v2.unary rpc native_prost
rpc.adoption.native_prost.query.d6.v2.server_stream rpc native_prost
rpc.adoption.tonic_pbrs.query.d6.v2.unary rpc tonic_pbrs
rpc.adoption.tonic_pbrs.query.d6.v2.server_stream rpc tonic_pbrs
rpc.adoption.tonic_prost.query.d6.v2.unary rpc tonic_prost
rpc.adoption.tonic_prost.query.d6.v2.server_stream rpc tonic_prost
rpc.adoption.native_pbrs.query.d6.v3.unary rpc native_pbrs
rpc.adoption.native_pbrs.query.d6.v3.server_stream rpc native_pbrs
rpc.adoption.native_prost.query.d6.v3.unary rpc native_prost
rpc.adoption.native_prost.query.d6.v3.server_stream rpc native_prost
rpc.adoption.tonic_pbrs.query.d6.v3.unary rpc tonic_pbrs
rpc.adoption.tonic_pbrs.query.d6.v3.server_stream rpc tonic_pbrs
rpc.adoption.tonic_prost.query.d6.v3.unary rpc tonic_prost
rpc.adoption.tonic_prost.query.d6.v3.server_stream rpc tonic_prost
rpc.adoption.native_pbrs.query.d6.v4.unary rpc native_pbrs
rpc.adoption.native_pbrs.query.d6.v4.server_stream rpc native_pbrs
rpc.adoption.native_prost.query.d6.v4.unary rpc native_prost
rpc.adoption.native_prost.query.d6.v4.server_stream rpc native_prost
rpc.adoption.tonic_pbrs.query.d6.v4.unary rpc tonic_pbrs
rpc.adoption.tonic_pbrs.query.d6.v4.server_stream rpc tonic_pbrs
rpc.adoption.tonic_prost.query.d6.v4.unary rpc tonic_prost
rpc.adoption.tonic_prost.query.d6.v4.server_stream rpc tonic_prost
rpc.adoption.native_pbrs.query.d6.v5.unary rpc native_pbrs
rpc.adoption.native_pbrs.query.d6.v5.server_stream rpc native_pbrs
rpc.adoption.native_prost.query.d6.v5.unary rpc native_prost
rpc.adoption.native_prost.query.d6.v5.server_stream rpc native_prost
rpc.adoption.tonic_pbrs.query.d6.v5.unary rpc tonic_pbrs
rpc.adoption.tonic_pbrs.query.d6.v5.server_stream rpc tonic_pbrs
rpc.adoption.tonic_prost.query.d6.v5.unary rpc tonic_prost
rpc.adoption.tonic_prost.query.d6.v5.server_stream rpc tonic_prost
rpc.adoption.native_pbrs.query.d6.v6.unary rpc native_pbrs
rpc.adoption.native_pbrs.query.d6.v6.server_stream rpc native_pbrs
rpc.adoption.native_prost.query.d6.v6.unary rpc native_prost
rpc.adoption.native_prost.query.d6.v6.server_stream rpc native_prost
rpc.adoption.tonic_pbrs.query.d6.v6.unary rpc tonic_pbrs
rpc.adoption.tonic_pbrs.query.d6.v6.server_stream rpc tonic_pbrs
rpc.adoption.tonic_prost.query.d6.v6.unary rpc tonic_prost
rpc.adoption.tonic_prost.query.d6.v6.server_stream rpc tonic_prost
rpc.adoption.native_pbrs.query.d6.v7.unary rpc native_pbrs
rpc.adoption.native_pbrs.query.d6.v7.server_stream rpc native_pbrs
rpc.adoption.native_prost.query.d6.v7.unary rpc native_prost
rpc.adoption.native_prost.query.d6.v7.server_stream rpc native_prost
rpc.adoption.tonic_pbrs.query.d6.v7.unary rpc tonic_pbrs
rpc.adoption.tonic_pbrs.query.d6.v7.server_stream rpc tonic_pbrs
rpc.adoption.tonic_prost.query.d6.v7.unary rpc tonic_prost
rpc.adoption.tonic_prost.query.d6.v7.server_stream rpc tonic_prost
rpc.adoption.native_pbrs.query.d7.v0.unary rpc native_pbrs
rpc.adoption.native_pbrs.query.d7.v0.server_stream rpc native_pbrs
rpc.adoption.native_prost.query.d7.v0.unary rpc native_prost
rpc.adoption.native_prost.query.d7.v0.server_stream rpc native_prost
rpc.adoption.tonic_pbrs.query.d7.v0.unary rpc tonic_pbrs
rpc.adoption.tonic_pbrs.query.d7.v0.server_stream rpc tonic_pbrs
rpc.adoption.tonic_prost.query.d7.v0.unary rpc tonic_prost
rpc.adoption.tonic_prost.query.d7.v0.server_stream rpc tonic_prost
rpc.adoption.native_pbrs.query.d7.v1.unary rpc native_pbrs
rpc.adoption.native_pbrs.query.d7.v1.server_stream rpc native_pbrs
rpc.adoption.native_prost.query.d7.v1.unary rpc native_prost
rpc.adoption.native_prost.query.d7.v1.server_stream rpc native_prost
rpc.adoption.tonic_pbrs.query.d7.v1.unary rpc tonic_pbrs
rpc.adoption.tonic_pbrs.query.d7.v1.server_stream rpc tonic_pbrs
rpc.adoption.tonic_prost.query.d7.v1.unary rpc tonic_prost
rpc.adoption.tonic_prost.query.d7.v1.server_stream rpc tonic_prost
rpc.adoption.native_pbrs.query.d7.v2.unary rpc native_pbrs
rpc.adoption.native_pbrs.query.d7.v2.server_stream rpc native_pbrs
rpc.adoption.native_prost.query.d7.v2.unary rpc native_prost
rpc.adoption.native_prost.query.d7.v2.server_stream rpc native_prost
rpc.adoption.tonic_pbrs.query.d7.v2.unary rpc tonic_pbrs
rpc.adoption.tonic_pbrs.query.d7.v2.server_stream rpc tonic_pbrs
rpc.adoption.tonic_prost.query.d7.v2.unary rpc tonic_prost
rpc.adoption.tonic_prost.query.d7.v2.server_stream rpc tonic_prost
rpc.adoption.native_pbrs.query.d7.v3.unary rpc native_pbrs
rpc.adoption.native_pbrs.query.d7.v3.server_stream rpc native_pbrs
rpc.adoption.native_prost.query.d7.v3.unary rpc native_prost
rpc.adoption.native_prost.query.d7.v3.server_stream rpc native_prost
rpc.adoption.tonic_pbrs.query.d7.v3.unary rpc tonic_pbrs
rpc.adoption.tonic_pbrs.query.d7.v3.server_stream rpc tonic_pbrs
rpc.adoption.tonic_prost.query.d7.v3.unary rpc tonic_prost
rpc.adoption.tonic_prost.query.d7.v3.server_stream rpc tonic_prost
rpc.adoption.native_pbrs.query.d7.v4.unary rpc native_pbrs
rpc.adoption.native_pbrs.query.d7.v4.server_stream rpc native_pbrs
rpc.adoption.native_prost.query.d7.v4.unary rpc native_prost
rpc.adoption.native_prost.query.d7.v4.server_stream rpc native_prost
rpc.adoption.tonic_pbrs.query.d7.v4.unary rpc tonic_pbrs
rpc.adoption.tonic_pbrs.query.d7.v4.server_stream rpc tonic_pbrs
rpc.adoption.tonic_prost.query.d7.v4.unary rpc tonic_prost
rpc.adoption.tonic_prost.query.d7.v4.server_stream rpc tonic_prost
rpc.adoption.native_pbrs.query.d7.v5.unary rpc native_pbrs
rpc.adoption.native_pbrs.query.d7.v5.server_stream rpc native_pbrs
rpc.adoption.native_prost.query.d7.v5.unary rpc native_prost
rpc.adoption.native_prost.query.d7.v5.server_stream rpc native_prost
rpc.adoption.tonic_pbrs.query.d7.v5.unary rpc tonic_pbrs
rpc.adoption.tonic_pbrs.query.d7.v5.server_stream rpc tonic_pbrs
rpc.adoption.tonic_prost.query.d7.v5.unary rpc tonic_prost
rpc.adoption.tonic_prost.query.d7.v5.server_stream rpc tonic_prost
rpc.adoption.native_pbrs.query.d7.v6.unary rpc native_pbrs
rpc.adoption.native_pbrs.query.d7.v6.server_stream rpc native_pbrs
rpc.adoption.native_prost.query.d7.v6.unary rpc native_prost
rpc.adoption.native_prost.query.d7.v6.server_stream rpc native_prost
rpc.adoption.tonic_pbrs.query.d7.v6.unary rpc tonic_pbrs
rpc.adoption.tonic_pbrs.query.d7.v6.server_stream rpc tonic_pbrs
rpc.adoption.tonic_prost.query.d7.v6.unary rpc tonic_prost
rpc.adoption.tonic_prost.query.d7.v6.server_stream rpc tonic_prost
rpc.adoption.native_pbrs.query.d7.v7.unary rpc native_pbrs
rpc.adoption.native_pbrs.query.d7.v7.server_stream rpc native_pbrs
rpc.adoption.native_prost.query.d7.v7.unary rpc native_prost
rpc.adoption.native_prost.query.d7.v7.server_stream rpc native_prost
rpc.adoption.tonic_pbrs.query.d7.v7.unary rpc tonic_pbrs
rpc.adoption.tonic_pbrs.query.d7.v7.server_stream rpc tonic_pbrs
rpc.adoption.tonic_prost.query.d7.v7.unary rpc tonic_prost
rpc.adoption.tonic_prost.query.d7.v7.server_stream rpc tonic_prost
rpc.adoption.native_pbrs.query.d8.v0.unary rpc native_pbrs
rpc.adoption.native_pbrs.query.d8.v0.server_stream rpc native_pbrs
rpc.adoption.native_prost.query.d8.v0.unary rpc native_prost
rpc.adoption.native_prost.query.d8.v0.server_stream rpc native_prost
rpc.adoption.tonic_pbrs.query.d8.v0.unary rpc tonic_pbrs
rpc.adoption.tonic_pbrs.query.d8.v0.server_stream rpc tonic_pbrs
rpc.adoption.tonic_prost.query.d8.v0.unary rpc tonic_prost
rpc.adoption.tonic_prost.query.d8.v0.server_stream rpc tonic_prost
rpc.adoption.native_pbrs.query.d8.v1.unary rpc native_pbrs
rpc.adoption.native_pbrs.query.d8.v1.server_stream rpc native_pbrs
rpc.adoption.native_prost.query.d8.v1.unary rpc native_prost
rpc.adoption.native_prost.query.d8.v1.server_stream rpc native_prost
rpc.adoption.tonic_pbrs.query.d8.v1.unary rpc tonic_pbrs
rpc.adoption.tonic_pbrs.query.d8.v1.server_stream rpc tonic_pbrs
rpc.adoption.tonic_prost.query.d8.v1.unary rpc tonic_prost
rpc.adoption.tonic_prost.query.d8.v1.server_stream rpc tonic_prost
rpc.adoption.native_pbrs.query.d8.v2.unary rpc native_pbrs
rpc.adoption.native_pbrs.query.d8.v2.server_stream rpc native_pbrs
rpc.adoption.native_prost.query.d8.v2.unary rpc native_prost
rpc.adoption.native_prost.query.d8.v2.server_stream rpc native_prost
rpc.adoption.tonic_pbrs.query.d8.v2.unary rpc tonic_pbrs
rpc.adoption.tonic_pbrs.query.d8.v2.server_stream rpc tonic_pbrs
rpc.adoption.tonic_prost.query.d8.v2.unary rpc tonic_prost
rpc.adoption.tonic_prost.query.d8.v2.server_stream rpc tonic_prost
rpc.adoption.native_pbrs.query.d8.v3.unary rpc native_pbrs
rpc.adoption.native_pbrs.query.d8.v3.server_stream rpc native_pbrs
rpc.adoption.native_prost.query.d8.v3.unary rpc native_prost
rpc.adoption.native_prost.query.d8.v3.server_stream rpc native_prost
rpc.adoption.tonic_pbrs.query.d8.v3.unary rpc tonic_pbrs
rpc.adoption.tonic_pbrs.query.d8.v3.server_stream rpc tonic_pbrs
rpc.adoption.tonic_prost.query.d8.v3.unary rpc tonic_prost
rpc.adoption.tonic_prost.query.d8.v3.server_stream rpc tonic_prost
rpc.adoption.native_pbrs.query.d8.v4.unary rpc native_pbrs
rpc.adoption.native_pbrs.query.d8.v4.server_stream rpc native_pbrs
rpc.adoption.native_prost.query.d8.v4.unary rpc native_prost
rpc.adoption.native_prost.query.d8.v4.server_stream rpc native_prost
rpc.adoption.tonic_pbrs.query.d8.v4.unary rpc tonic_pbrs
rpc.adoption.tonic_pbrs.query.d8.v4.server_stream rpc tonic_pbrs
rpc.adoption.tonic_prost.query.d8.v4.unary rpc tonic_prost
rpc.adoption.tonic_prost.query.d8.v4.server_stream rpc tonic_prost
rpc.adoption.native_pbrs.query.d8.v5.unary rpc native_pbrs
rpc.adoption.native_pbrs.query.d8.v5.server_stream rpc native_pbrs
rpc.adoption.native_prost.query.d8.v5.unary rpc native_prost
rpc.adoption.native_prost.query.d8.v5.server_stream rpc native_prost
rpc.adoption.tonic_pbrs.query.d8.v5.unary rpc tonic_pbrs
rpc.adoption.tonic_pbrs.query.d8.v5.server_stream rpc tonic_pbrs
rpc.adoption.tonic_prost.query.d8.v5.unary rpc tonic_prost
rpc.adoption.tonic_prost.query.d8.v5.server_stream rpc tonic_prost
rpc.adoption.native_pbrs.query.d8.v6.unary rpc native_pbrs
rpc.adoption.native_pbrs.query.d8.v6.server_stream rpc native_pbrs
rpc.adoption.native_prost.query.d8.v6.unary rpc native_prost
rpc.adoption.native_prost.query.d8.v6.server_stream rpc native_prost
rpc.adoption.tonic_pbrs.query.d8.v6.unary rpc tonic_pbrs
rpc.adoption.tonic_pbrs.query.d8.v6.server_stream rpc tonic_pbrs
rpc.adoption.tonic_prost.query.d8.v6.unary rpc tonic_prost
rpc.adoption.tonic_prost.query.d8.v6.server_stream rpc tonic_prost
rpc.adoption.native_pbrs.query.d8.v7.unary rpc native_pbrs
rpc.adoption.native_pbrs.query.d8.v7.server_stream rpc native_pbrs
rpc.adoption.native_prost.query.d8.v7.unary rpc native_prost
rpc.adoption.native_prost.query.d8.v7.server_stream rpc native_prost
rpc.adoption.tonic_pbrs.query.d8.v7.unary rpc tonic_pbrs
rpc.adoption.tonic_pbrs.query.d8.v7.server_stream rpc tonic_pbrs
rpc.adoption.tonic_prost.query.d8.v7.unary rpc tonic_prost
rpc.adoption.tonic_prost.query.d8.v7.server_stream rpc tonic_prost
rpc.adoption.native_pbrs.entities.n10.unary rpc native_pbrs
rpc.adoption.native_pbrs.entities.n10.server_stream rpc native_pbrs
rpc.adoption.native_prost.entities.n10.unary rpc native_prost
rpc.adoption.native_prost.entities.n10.server_stream rpc native_prost
rpc.adoption.tonic_pbrs.entities.n10.unary rpc tonic_pbrs
rpc.adoption.tonic_pbrs.entities.n10.server_stream rpc tonic_pbrs
rpc.adoption.tonic_prost.entities.n10.unary rpc tonic_prost
rpc.adoption.tonic_prost.entities.n10.server_stream rpc tonic_prost
rpc.adoption.native_pbrs.entities.n100.unary rpc native_pbrs
rpc.adoption.native_pbrs.entities.n100.server_stream rpc native_pbrs
rpc.adoption.native_prost.entities.n100.unary rpc native_prost
rpc.adoption.native_prost.entities.n100.server_stream rpc native_prost
rpc.adoption.tonic_pbrs.entities.n100.unary rpc tonic_pbrs
rpc.adoption.tonic_pbrs.entities.n100.server_stream rpc tonic_pbrs
rpc.adoption.tonic_prost.entities.n100.unary rpc tonic_prost
rpc.adoption.tonic_prost.entities.n100.server_stream rpc tonic_prost
rpc.adoption.native_pbrs.entities.n1000.unary rpc native_pbrs
rpc.adoption.native_pbrs.entities.n1000.server_stream rpc native_pbrs
rpc.adoption.native_prost.entities.n1000.unary rpc native_prost
rpc.adoption.native_prost.entities.n1000.server_stream rpc native_prost
rpc.adoption.tonic_pbrs.entities.n1000.unary rpc tonic_pbrs
rpc.adoption.tonic_pbrs.entities.n1000.server_stream rpc tonic_pbrs
rpc.adoption.tonic_prost.entities.n1000.unary rpc tonic_prost
rpc.adoption.tonic_prost.entities.n1000.server_stream rpc tonic_prost
rpc.adoption.native_pbrs.sparse.v0.unary rpc native_pbrs
rpc.adoption.native_pbrs.sparse.v0.server_stream rpc native_pbrs
rpc.adoption.native_prost.sparse.v0.unary rpc native_prost
rpc.adoption.native_prost.sparse.v0.server_stream rpc native_prost
rpc.adoption.tonic_pbrs.sparse.v0.unary rpc tonic_pbrs
rpc.adoption.tonic_pbrs.sparse.v0.server_stream rpc tonic_pbrs
rpc.adoption.tonic_prost.sparse.v0.unary rpc tonic_prost
rpc.adoption.tonic_prost.sparse.v0.server_stream rpc tonic_prost
rpc.adoption.native_pbrs.sparse.v1.unary rpc native_pbrs
rpc.adoption.native_pbrs.sparse.v1.server_stream rpc native_pbrs
rpc.adoption.native_prost.sparse.v1.unary rpc native_prost
rpc.adoption.native_prost.sparse.v1.server_stream rpc native_prost
rpc.adoption.tonic_pbrs.sparse.v1.unary rpc tonic_pbrs
rpc.adoption.tonic_pbrs.sparse.v1.server_stream rpc tonic_pbrs
rpc.adoption.tonic_prost.sparse.v1.unary rpc tonic_prost
rpc.adoption.tonic_prost.sparse.v1.server_stream rpc tonic_prost
rpc.adoption.native_pbrs.sparse.v2.unary rpc native_pbrs
rpc.adoption.native_pbrs.sparse.v2.server_stream rpc native_pbrs
rpc.adoption.native_prost.sparse.v2.unary rpc native_prost
rpc.adoption.native_prost.sparse.v2.server_stream rpc native_prost
rpc.adoption.tonic_pbrs.sparse.v2.unary rpc tonic_pbrs
rpc.adoption.tonic_pbrs.sparse.v2.server_stream rpc tonic_pbrs
rpc.adoption.tonic_prost.sparse.v2.unary rpc tonic_prost
rpc.adoption.tonic_prost.sparse.v2.server_stream rpc tonic_prost
rpc.adoption.native_pbrs.sparse.v3.unary rpc native_pbrs
rpc.adoption.native_pbrs.sparse.v3.server_stream rpc native_pbrs
rpc.adoption.native_prost.sparse.v3.unary rpc native_prost
rpc.adoption.native_prost.sparse.v3.server_stream rpc native_prost
rpc.adoption.tonic_pbrs.sparse.v3.unary rpc tonic_pbrs
rpc.adoption.tonic_pbrs.sparse.v3.server_stream rpc tonic_pbrs
rpc.adoption.tonic_prost.sparse.v3.unary rpc tonic_prost
rpc.adoption.tonic_prost.sparse.v3.server_stream rpc tonic_prost
rpc.adoption.native_pbrs.sparse.v4.unary rpc native_pbrs
rpc.adoption.native_pbrs.sparse.v4.server_stream rpc native_pbrs
rpc.adoption.native_prost.sparse.v4.unary rpc native_prost
rpc.adoption.native_prost.sparse.v4.server_stream rpc native_prost
rpc.adoption.tonic_pbrs.sparse.v4.unary rpc tonic_pbrs
rpc.adoption.tonic_pbrs.sparse.v4.server_stream rpc tonic_pbrs
rpc.adoption.tonic_prost.sparse.v4.unary rpc tonic_prost
rpc.adoption.tonic_prost.sparse.v4.server_stream rpc tonic_prost
rpc.adoption.native_pbrs.sparse.v5.unary rpc native_pbrs
rpc.adoption.native_pbrs.sparse.v5.server_stream rpc native_pbrs
rpc.adoption.native_prost.sparse.v5.unary rpc native_prost
rpc.adoption.native_prost.sparse.v5.server_stream rpc native_prost
rpc.adoption.tonic_pbrs.sparse.v5.unary rpc tonic_pbrs
rpc.adoption.tonic_pbrs.sparse.v5.server_stream rpc tonic_pbrs
rpc.adoption.tonic_prost.sparse.v5.unary rpc tonic_prost
rpc.adoption.tonic_prost.sparse.v5.server_stream rpc tonic_prost
rpc.adoption.native_pbrs.sparse.v6.unary rpc native_pbrs
rpc.adoption.native_pbrs.sparse.v6.server_stream rpc native_pbrs
rpc.adoption.native_prost.sparse.v6.unary rpc native_prost
rpc.adoption.native_prost.sparse.v6.server_stream rpc native_prost
rpc.adoption.tonic_pbrs.sparse.v6.unary rpc tonic_pbrs
rpc.adoption.tonic_pbrs.sparse.v6.server_stream rpc tonic_pbrs
rpc.adoption.tonic_prost.sparse.v6.unary rpc tonic_prost
rpc.adoption.tonic_prost.sparse.v6.server_stream rpc tonic_prost
rpc.adoption.native_pbrs.sparse.v7.unary rpc native_pbrs
rpc.adoption.native_pbrs.sparse.v7.server_stream rpc native_pbrs
rpc.adoption.native_prost.sparse.v7.unary rpc native_prost
rpc.adoption.native_prost.sparse.v7.server_stream rpc native_prost
rpc.adoption.tonic_pbrs.sparse.v7.unary rpc tonic_pbrs
rpc.adoption.tonic_pbrs.sparse.v7.server_stream rpc tonic_pbrs
rpc.adoption.tonic_prost.sparse.v7.unary rpc tonic_prost
rpc.adoption.tonic_prost.sparse.v7.server_stream rpc tonic_prost
rpc.adoption.native_pbrs.sparse.v8.unary rpc native_pbrs
rpc.adoption.native_pbrs.sparse.v8.server_stream rpc native_pbrs
rpc.adoption.native_prost.sparse.v8.unary rpc native_prost
rpc.adoption.native_prost.sparse.v8.server_stream rpc native_prost
rpc.adoption.tonic_pbrs.sparse.v8.unary rpc tonic_pbrs
rpc.adoption.tonic_pbrs.sparse.v8.server_stream rpc tonic_pbrs
rpc.adoption.tonic_prost.sparse.v8.unary rpc tonic_prost
rpc.adoption.tonic_prost.sparse.v8.server_stream rpc tonic_prost
rpc.adoption.native_pbrs.sparse.v9.unary rpc native_pbrs
rpc.adoption.native_pbrs.sparse.v9.server_stream rpc native_pbrs
rpc.adoption.native_prost.sparse.v9.unary rpc native_prost
rpc.adoption.native_prost.sparse.v9.server_stream rpc native_prost
rpc.adoption.tonic_pbrs.sparse.v9.unary rpc tonic_pbrs
rpc.adoption.tonic_pbrs.sparse.v9.server_stream rpc tonic_pbrs
rpc.adoption.tonic_prost.sparse.v9.unary rpc tonic_prost
rpc.adoption.tonic_prost.sparse.v9.server_stream rpc tonic_prost
rpc.adoption.native_pbrs.maps.n8.unary rpc native_pbrs
rpc.adoption.native_pbrs.maps.n8.server_stream rpc native_pbrs
rpc.adoption.native_prost.maps.n8.unary rpc native_prost
rpc.adoption.native_prost.maps.n8.server_stream rpc native_prost
rpc.adoption.tonic_pbrs.maps.n8.unary rpc tonic_pbrs
rpc.adoption.tonic_pbrs.maps.n8.server_stream rpc tonic_pbrs
rpc.adoption.tonic_prost.maps.n8.unary rpc tonic_prost
rpc.adoption.tonic_prost.maps.n8.server_stream rpc tonic_prost
rpc.adoption.native_pbrs.maps.n64.unary rpc native_pbrs
rpc.adoption.native_pbrs.maps.n64.server_stream rpc native_pbrs
rpc.adoption.native_prost.maps.n64.unary rpc native_prost
rpc.adoption.native_prost.maps.n64.server_stream rpc native_prost
rpc.adoption.tonic_pbrs.maps.n64.unary rpc tonic_pbrs
rpc.adoption.tonic_pbrs.maps.n64.server_stream rpc tonic_pbrs
rpc.adoption.tonic_prost.maps.n64.unary rpc tonic_prost
rpc.adoption.tonic_prost.maps.n64.server_stream rpc tonic_prost
rpc.adoption.native_pbrs.maps.n512.unary rpc native_pbrs
rpc.adoption.native_pbrs.maps.n512.server_stream rpc native_pbrs
rpc.adoption.native_prost.maps.n512.unary rpc native_prost
rpc.adoption.native_prost.maps.n512.server_stream rpc native_prost
rpc.adoption.tonic_pbrs.maps.n512.unary rpc tonic_pbrs
rpc.adoption.tonic_pbrs.maps.n512.server_stream rpc tonic_pbrs
rpc.adoption.tonic_prost.maps.n512.unary rpc tonic_prost
rpc.adoption.tonic_prost.maps.n512.server_stream rpc tonic_prost
rpc.tonic_transport.reference_reference.query.d3.v0.unary rpc reference_reference
rpc.tonic_transport.reference_reference.query.d3.v0.server_stream rpc reference_reference
rpc.tonic_transport.native_client_reference_server.query.d3.v0.unary rpc native_client_reference_server
rpc.tonic_transport.native_client_reference_server.query.d3.v0.server_stream rpc native_client_reference_server
rpc.tonic_transport.reference_client_native_server.query.d3.v0.unary rpc reference_client_native_server
rpc.tonic_transport.reference_client_native_server.query.d3.v0.server_stream rpc reference_client_native_server
rpc.tonic_transport.native_native.query.d3.v0.unary rpc native_native
rpc.tonic_transport.native_native.query.d3.v0.server_stream rpc native_native
rpc.tonic_transport.reference_reference.query.d3.v1.unary rpc reference_reference
rpc.tonic_transport.reference_reference.query.d3.v1.server_stream rpc reference_reference
rpc.tonic_transport.native_client_reference_server.query.d3.v1.unary rpc native_client_reference_server
rpc.tonic_transport.native_client_reference_server.query.d3.v1.server_stream rpc native_client_reference_server
rpc.tonic_transport.reference_client_native_server.query.d3.v1.unary rpc reference_client_native_server
rpc.tonic_transport.reference_client_native_server.query.d3.v1.server_stream rpc reference_client_native_server
rpc.tonic_transport.native_native.query.d3.v1.unary rpc native_native
rpc.tonic_transport.native_native.query.d3.v1.server_stream rpc native_native
rpc.tonic_transport.reference_reference.query.d3.v2.unary rpc reference_reference
rpc.tonic_transport.reference_reference.query.d3.v2.server_stream rpc reference_reference
rpc.tonic_transport.native_client_reference_server.query.d3.v2.unary rpc native_client_reference_server
rpc.tonic_transport.native_client_reference_server.query.d3.v2.server_stream rpc native_client_reference_server
rpc.tonic_transport.reference_client_native_server.query.d3.v2.unary rpc reference_client_native_server
rpc.tonic_transport.reference_client_native_server.query.d3.v2.server_stream rpc reference_client_native_server
rpc.tonic_transport.native_native.query.d3.v2.unary rpc native_native
rpc.tonic_transport.native_native.query.d3.v2.server_stream rpc native_native
rpc.tonic_transport.reference_reference.query.d3.v3.unary rpc reference_reference
rpc.tonic_transport.reference_reference.query.d3.v3.server_stream rpc reference_reference
rpc.tonic_transport.native_client_reference_server.query.d3.v3.unary rpc native_client_reference_server
rpc.tonic_transport.native_client_reference_server.query.d3.v3.server_stream rpc native_client_reference_server
rpc.tonic_transport.reference_client_native_server.query.d3.v3.unary rpc reference_client_native_server
rpc.tonic_transport.reference_client_native_server.query.d3.v3.server_stream rpc reference_client_native_server
rpc.tonic_transport.native_native.query.d3.v3.unary rpc native_native
rpc.tonic_transport.native_native.query.d3.v3.server_stream rpc native_native
rpc.tonic_transport.reference_reference.query.d3.v4.unary rpc reference_reference
rpc.tonic_transport.reference_reference.query.d3.v4.server_stream rpc reference_reference
rpc.tonic_transport.native_client_reference_server.query.d3.v4.unary rpc native_client_reference_server
rpc.tonic_transport.native_client_reference_server.query.d3.v4.server_stream rpc native_client_reference_server
rpc.tonic_transport.reference_client_native_server.query.d3.v4.unary rpc reference_client_native_server
rpc.tonic_transport.reference_client_native_server.query.d3.v4.server_stream rpc reference_client_native_server
rpc.tonic_transport.native_native.query.d3.v4.unary rpc native_native
rpc.tonic_transport.native_native.query.d3.v4.server_stream rpc native_native
rpc.tonic_transport.reference_reference.query.d3.v5.unary rpc reference_reference
rpc.tonic_transport.reference_reference.query.d3.v5.server_stream rpc reference_reference
rpc.tonic_transport.native_client_reference_server.query.d3.v5.unary rpc native_client_reference_server
rpc.tonic_transport.native_client_reference_server.query.d3.v5.server_stream rpc native_client_reference_server
rpc.tonic_transport.reference_client_native_server.query.d3.v5.unary rpc reference_client_native_server
rpc.tonic_transport.reference_client_native_server.query.d3.v5.server_stream rpc reference_client_native_server
rpc.tonic_transport.native_native.query.d3.v5.unary rpc native_native
rpc.tonic_transport.native_native.query.d3.v5.server_stream rpc native_native
rpc.tonic_transport.reference_reference.query.d3.v6.unary rpc reference_reference
rpc.tonic_transport.reference_reference.query.d3.v6.server_stream rpc reference_reference
rpc.tonic_transport.native_client_reference_server.query.d3.v6.unary rpc native_client_reference_server
rpc.tonic_transport.native_client_reference_server.query.d3.v6.server_stream rpc native_client_reference_server
rpc.tonic_transport.reference_client_native_server.query.d3.v6.unary rpc reference_client_native_server
rpc.tonic_transport.reference_client_native_server.query.d3.v6.server_stream rpc reference_client_native_server
rpc.tonic_transport.native_native.query.d3.v6.unary rpc native_native
rpc.tonic_transport.native_native.query.d3.v6.server_stream rpc native_native
rpc.tonic_transport.reference_reference.query.d3.v7.unary rpc reference_reference
rpc.tonic_transport.reference_reference.query.d3.v7.server_stream rpc reference_reference
rpc.tonic_transport.native_client_reference_server.query.d3.v7.unary rpc native_client_reference_server
rpc.tonic_transport.native_client_reference_server.query.d3.v7.server_stream rpc native_client_reference_server
rpc.tonic_transport.reference_client_native_server.query.d3.v7.unary rpc reference_client_native_server
rpc.tonic_transport.reference_client_native_server.query.d3.v7.server_stream rpc reference_client_native_server
rpc.tonic_transport.native_native.query.d3.v7.unary rpc native_native
rpc.tonic_transport.native_native.query.d3.v7.server_stream rpc native_native
rpc.tonic_transport.reference_reference.query.d4.v0.unary rpc reference_reference
rpc.tonic_transport.reference_reference.query.d4.v0.server_stream rpc reference_reference
rpc.tonic_transport.native_client_reference_server.query.d4.v0.unary rpc native_client_reference_server
rpc.tonic_transport.native_client_reference_server.query.d4.v0.server_stream rpc native_client_reference_server
rpc.tonic_transport.reference_client_native_server.query.d4.v0.unary rpc reference_client_native_server
rpc.tonic_transport.reference_client_native_server.query.d4.v0.server_stream rpc reference_client_native_server
rpc.tonic_transport.native_native.query.d4.v0.unary rpc native_native
rpc.tonic_transport.native_native.query.d4.v0.server_stream rpc native_native
rpc.tonic_transport.reference_reference.query.d4.v1.unary rpc reference_reference
rpc.tonic_transport.reference_reference.query.d4.v1.server_stream rpc reference_reference
rpc.tonic_transport.native_client_reference_server.query.d4.v1.unary rpc native_client_reference_server
rpc.tonic_transport.native_client_reference_server.query.d4.v1.server_stream rpc native_client_reference_server
rpc.tonic_transport.reference_client_native_server.query.d4.v1.unary rpc reference_client_native_server
rpc.tonic_transport.reference_client_native_server.query.d4.v1.server_stream rpc reference_client_native_server
rpc.tonic_transport.native_native.query.d4.v1.unary rpc native_native
rpc.tonic_transport.native_native.query.d4.v1.server_stream rpc native_native
rpc.tonic_transport.reference_reference.query.d4.v2.unary rpc reference_reference
rpc.tonic_transport.reference_reference.query.d4.v2.server_stream rpc reference_reference
rpc.tonic_transport.native_client_reference_server.query.d4.v2.unary rpc native_client_reference_server
rpc.tonic_transport.native_client_reference_server.query.d4.v2.server_stream rpc native_client_reference_server
rpc.tonic_transport.reference_client_native_server.query.d4.v2.unary rpc reference_client_native_server
rpc.tonic_transport.reference_client_native_server.query.d4.v2.server_stream rpc reference_client_native_server
rpc.tonic_transport.native_native.query.d4.v2.unary rpc native_native
rpc.tonic_transport.native_native.query.d4.v2.server_stream rpc native_native
rpc.tonic_transport.reference_reference.query.d4.v3.unary rpc reference_reference
rpc.tonic_transport.reference_reference.query.d4.v3.server_stream rpc reference_reference
rpc.tonic_transport.native_client_reference_server.query.d4.v3.unary rpc native_client_reference_server
rpc.tonic_transport.native_client_reference_server.query.d4.v3.server_stream rpc native_client_reference_server
rpc.tonic_transport.reference_client_native_server.query.d4.v3.unary rpc reference_client_native_server
rpc.tonic_transport.reference_client_native_server.query.d4.v3.server_stream rpc reference_client_native_server
rpc.tonic_transport.native_native.query.d4.v3.unary rpc native_native
rpc.tonic_transport.native_native.query.d4.v3.server_stream rpc native_native
rpc.tonic_transport.reference_reference.query.d4.v4.unary rpc reference_reference
rpc.tonic_transport.reference_reference.query.d4.v4.server_stream rpc reference_reference
rpc.tonic_transport.native_client_reference_server.query.d4.v4.unary rpc native_client_reference_server
rpc.tonic_transport.native_client_reference_server.query.d4.v4.server_stream rpc native_client_reference_server
rpc.tonic_transport.reference_client_native_server.query.d4.v4.unary rpc reference_client_native_server
rpc.tonic_transport.reference_client_native_server.query.d4.v4.server_stream rpc reference_client_native_server
rpc.tonic_transport.native_native.query.d4.v4.unary rpc native_native
rpc.tonic_transport.native_native.query.d4.v4.server_stream rpc native_native
rpc.tonic_transport.reference_reference.query.d4.v5.unary rpc reference_reference
rpc.tonic_transport.reference_reference.query.d4.v5.server_stream rpc reference_reference
rpc.tonic_transport.native_client_reference_server.query.d4.v5.unary rpc native_client_reference_server
rpc.tonic_transport.native_client_reference_server.query.d4.v5.server_stream rpc native_client_reference_server
rpc.tonic_transport.reference_client_native_server.query.d4.v5.unary rpc reference_client_native_server
rpc.tonic_transport.reference_client_native_server.query.d4.v5.server_stream rpc reference_client_native_server
rpc.tonic_transport.native_native.query.d4.v5.unary rpc native_native
rpc.tonic_transport.native_native.query.d4.v5.server_stream rpc native_native
rpc.tonic_transport.reference_reference.query.d4.v6.unary rpc reference_reference
rpc.tonic_transport.reference_reference.query.d4.v6.server_stream rpc reference_reference
rpc.tonic_transport.native_client_reference_server.query.d4.v6.unary rpc native_client_reference_server
rpc.tonic_transport.native_client_reference_server.query.d4.v6.server_stream rpc native_client_reference_server
rpc.tonic_transport.reference_client_native_server.query.d4.v6.unary rpc reference_client_native_server
rpc.tonic_transport.reference_client_native_server.query.d4.v6.server_stream rpc reference_client_native_server
rpc.tonic_transport.native_native.query.d4.v6.unary rpc native_native
rpc.tonic_transport.native_native.query.d4.v6.server_stream rpc native_native
rpc.tonic_transport.reference_reference.query.d4.v7.unary rpc reference_reference
rpc.tonic_transport.reference_reference.query.d4.v7.server_stream rpc reference_reference
rpc.tonic_transport.native_client_reference_server.query.d4.v7.unary rpc native_client_reference_server
rpc.tonic_transport.native_client_reference_server.query.d4.v7.server_stream rpc native_client_reference_server
rpc.tonic_transport.reference_client_native_server.query.d4.v7.unary rpc reference_client_native_server
rpc.tonic_transport.reference_client_native_server.query.d4.v7.server_stream rpc reference_client_native_server
rpc.tonic_transport.native_native.query.d4.v7.unary rpc native_native
rpc.tonic_transport.native_native.query.d4.v7.server_stream rpc native_native
rpc.tonic_transport.reference_reference.query.d5.v0.unary rpc reference_reference
rpc.tonic_transport.reference_reference.query.d5.v0.server_stream rpc reference_reference
rpc.tonic_transport.native_client_reference_server.query.d5.v0.unary rpc native_client_reference_server
rpc.tonic_transport.native_client_reference_server.query.d5.v0.server_stream rpc native_client_reference_server
rpc.tonic_transport.reference_client_native_server.query.d5.v0.unary rpc reference_client_native_server
rpc.tonic_transport.reference_client_native_server.query.d5.v0.server_stream rpc reference_client_native_server
rpc.tonic_transport.native_native.query.d5.v0.unary rpc native_native
rpc.tonic_transport.native_native.query.d5.v0.server_stream rpc native_native
rpc.tonic_transport.reference_reference.query.d5.v1.unary rpc reference_reference
rpc.tonic_transport.reference_reference.query.d5.v1.server_stream rpc reference_reference
rpc.tonic_transport.native_client_reference_server.query.d5.v1.unary rpc native_client_reference_server
rpc.tonic_transport.native_client_reference_server.query.d5.v1.server_stream rpc native_client_reference_server
rpc.tonic_transport.reference_client_native_server.query.d5.v1.unary rpc reference_client_native_server
rpc.tonic_transport.reference_client_native_server.query.d5.v1.server_stream rpc reference_client_native_server
rpc.tonic_transport.native_native.query.d5.v1.unary rpc native_native
rpc.tonic_transport.native_native.query.d5.v1.server_stream rpc native_native
rpc.tonic_transport.reference_reference.query.d5.v2.unary rpc reference_reference
rpc.tonic_transport.reference_reference.query.d5.v2.server_stream rpc reference_reference
rpc.tonic_transport.native_client_reference_server.query.d5.v2.unary rpc native_client_reference_server
rpc.tonic_transport.native_client_reference_server.query.d5.v2.server_stream rpc native_client_reference_server
rpc.tonic_transport.reference_client_native_server.query.d5.v2.unary rpc reference_client_native_server
rpc.tonic_transport.reference_client_native_server.query.d5.v2.server_stream rpc reference_client_native_server
rpc.tonic_transport.native_native.query.d5.v2.unary rpc native_native
rpc.tonic_transport.native_native.query.d5.v2.server_stream rpc native_native
rpc.tonic_transport.reference_reference.query.d5.v3.unary rpc reference_reference
rpc.tonic_transport.reference_reference.query.d5.v3.server_stream rpc reference_reference
rpc.tonic_transport.native_client_reference_server.query.d5.v3.unary rpc native_client_reference_server
rpc.tonic_transport.native_client_reference_server.query.d5.v3.server_stream rpc native_client_reference_server
rpc.tonic_transport.reference_client_native_server.query.d5.v3.unary rpc reference_client_native_server
rpc.tonic_transport.reference_client_native_server.query.d5.v3.server_stream rpc reference_client_native_server
rpc.tonic_transport.native_native.query.d5.v3.unary rpc native_native
rpc.tonic_transport.native_native.query.d5.v3.server_stream rpc native_native
rpc.tonic_transport.reference_reference.query.d5.v4.unary rpc reference_reference
rpc.tonic_transport.reference_reference.query.d5.v4.server_stream rpc reference_reference
rpc.tonic_transport.native_client_reference_server.query.d5.v4.unary rpc native_client_reference_server
rpc.tonic_transport.native_client_reference_server.query.d5.v4.server_stream rpc native_client_reference_server
rpc.tonic_transport.reference_client_native_server.query.d5.v4.unary rpc reference_client_native_server
rpc.tonic_transport.reference_client_native_server.query.d5.v4.server_stream rpc reference_client_native_server
rpc.tonic_transport.native_native.query.d5.v4.unary rpc native_native
rpc.tonic_transport.native_native.query.d5.v4.server_stream rpc native_native
rpc.tonic_transport.reference_reference.query.d5.v5.unary rpc reference_reference
rpc.tonic_transport.reference_reference.query.d5.v5.server_stream rpc reference_reference
rpc.tonic_transport.native_client_reference_server.query.d5.v5.unary rpc native_client_reference_server
rpc.tonic_transport.native_client_reference_server.query.d5.v5.server_stream rpc native_client_reference_server
rpc.tonic_transport.reference_client_native_server.query.d5.v5.unary rpc reference_client_native_server
rpc.tonic_transport.reference_client_native_server.query.d5.v5.server_stream rpc reference_client_native_server
rpc.tonic_transport.native_native.query.d5.v5.unary rpc native_native
rpc.tonic_transport.native_native.query.d5.v5.server_stream rpc native_native
rpc.tonic_transport.reference_reference.query.d5.v6.unary rpc reference_reference
rpc.tonic_transport.reference_reference.query.d5.v6.server_stream rpc reference_reference
rpc.tonic_transport.native_client_reference_server.query.d5.v6.unary rpc native_client_reference_server
rpc.tonic_transport.native_client_reference_server.query.d5.v6.server_stream rpc native_client_reference_server
rpc.tonic_transport.reference_client_native_server.query.d5.v6.unary rpc reference_client_native_server
rpc.tonic_transport.reference_client_native_server.query.d5.v6.server_stream rpc reference_client_native_server
rpc.tonic_transport.native_native.query.d5.v6.unary rpc native_native
rpc.tonic_transport.native_native.query.d5.v6.server_stream rpc native_native
rpc.tonic_transport.reference_reference.query.d5.v7.unary rpc reference_reference
rpc.tonic_transport.reference_reference.query.d5.v7.server_stream rpc reference_reference
rpc.tonic_transport.native_client_reference_server.query.d5.v7.unary rpc native_client_reference_server
rpc.tonic_transport.native_client_reference_server.query.d5.v7.server_stream rpc native_client_reference_server
rpc.tonic_transport.reference_client_native_server.query.d5.v7.unary rpc reference_client_native_server
rpc.tonic_transport.reference_client_native_server.query.d5.v7.server_stream rpc reference_client_native_server
rpc.tonic_transport.native_native.query.d5.v7.unary rpc native_native
rpc.tonic_transport.native_native.query.d5.v7.server_stream rpc native_native
rpc.tonic_transport.reference_reference.query.d6.v0.unary rpc reference_reference
rpc.tonic_transport.reference_reference.query.d6.v0.server_stream rpc reference_reference
rpc.tonic_transport.native_client_reference_server.query.d6.v0.unary rpc native_client_reference_server
rpc.tonic_transport.native_client_reference_server.query.d6.v0.server_stream rpc native_client_reference_server
rpc.tonic_transport.reference_client_native_server.query.d6.v0.unary rpc reference_client_native_server
rpc.tonic_transport.reference_client_native_server.query.d6.v0.server_stream rpc reference_client_native_server
rpc.tonic_transport.native_native.query.d6.v0.unary rpc native_native
rpc.tonic_transport.native_native.query.d6.v0.server_stream rpc native_native
rpc.tonic_transport.reference_reference.query.d6.v1.unary rpc reference_reference
rpc.tonic_transport.reference_reference.query.d6.v1.server_stream rpc reference_reference
rpc.tonic_transport.native_client_reference_server.query.d6.v1.unary rpc native_client_reference_server
rpc.tonic_transport.native_client_reference_server.query.d6.v1.server_stream rpc native_client_reference_server
rpc.tonic_transport.reference_client_native_server.query.d6.v1.unary rpc reference_client_native_server
rpc.tonic_transport.reference_client_native_server.query.d6.v1.server_stream rpc reference_client_native_server
rpc.tonic_transport.native_native.query.d6.v1.unary rpc native_native
rpc.tonic_transport.native_native.query.d6.v1.server_stream rpc native_native
rpc.tonic_transport.reference_reference.query.d6.v2.unary rpc reference_reference
rpc.tonic_transport.reference_reference.query.d6.v2.server_stream rpc reference_reference
rpc.tonic_transport.native_client_reference_server.query.d6.v2.unary rpc native_client_reference_server
rpc.tonic_transport.native_client_reference_server.query.d6.v2.server_stream rpc native_client_reference_server
rpc.tonic_transport.reference_client_native_server.query.d6.v2.unary rpc reference_client_native_server
rpc.tonic_transport.reference_client_native_server.query.d6.v2.server_stream rpc reference_client_native_server
rpc.tonic_transport.native_native.query.d6.v2.unary rpc native_native
rpc.tonic_transport.native_native.query.d6.v2.server_stream rpc native_native
rpc.tonic_transport.reference_reference.query.d6.v3.unary rpc reference_reference
rpc.tonic_transport.reference_reference.query.d6.v3.server_stream rpc reference_reference
rpc.tonic_transport.native_client_reference_server.query.d6.v3.unary rpc native_client_reference_server
rpc.tonic_transport.native_client_reference_server.query.d6.v3.server_stream rpc native_client_reference_server
rpc.tonic_transport.reference_client_native_server.query.d6.v3.unary rpc reference_client_native_server
rpc.tonic_transport.reference_client_native_server.query.d6.v3.server_stream rpc reference_client_native_server
rpc.tonic_transport.native_native.query.d6.v3.unary rpc native_native
rpc.tonic_transport.native_native.query.d6.v3.server_stream rpc native_native
rpc.tonic_transport.reference_reference.query.d6.v4.unary rpc reference_reference
rpc.tonic_transport.reference_reference.query.d6.v4.server_stream rpc reference_reference
rpc.tonic_transport.native_client_reference_server.query.d6.v4.unary rpc native_client_reference_server
rpc.tonic_transport.native_client_reference_server.query.d6.v4.server_stream rpc native_client_reference_server
rpc.tonic_transport.reference_client_native_server.query.d6.v4.unary rpc reference_client_native_server
rpc.tonic_transport.reference_client_native_server.query.d6.v4.server_stream rpc reference_client_native_server
rpc.tonic_transport.native_native.query.d6.v4.unary rpc native_native
rpc.tonic_transport.native_native.query.d6.v4.server_stream rpc native_native
rpc.tonic_transport.reference_reference.query.d6.v5.unary rpc reference_reference
rpc.tonic_transport.reference_reference.query.d6.v5.server_stream rpc reference_reference
rpc.tonic_transport.native_client_reference_server.query.d6.v5.unary rpc native_client_reference_server
rpc.tonic_transport.native_client_reference_server.query.d6.v5.server_stream rpc native_client_reference_server
rpc.tonic_transport.reference_client_native_server.query.d6.v5.unary rpc reference_client_native_server
rpc.tonic_transport.reference_client_native_server.query.d6.v5.server_stream rpc reference_client_native_server
rpc.tonic_transport.native_native.query.d6.v5.unary rpc native_native
rpc.tonic_transport.native_native.query.d6.v5.server_stream rpc native_native
rpc.tonic_transport.reference_reference.query.d6.v6.unary rpc reference_reference
rpc.tonic_transport.reference_reference.query.d6.v6.server_stream rpc reference_reference
rpc.tonic_transport.native_client_reference_server.query.d6.v6.unary rpc native_client_reference_server
rpc.tonic_transport.native_client_reference_server.query.d6.v6.server_stream rpc native_client_reference_server
rpc.tonic_transport.reference_client_native_server.query.d6.v6.unary rpc reference_client_native_server
rpc.tonic_transport.reference_client_native_server.query.d6.v6.server_stream rpc reference_client_native_server
rpc.tonic_transport.native_native.query.d6.v6.unary rpc native_native
rpc.tonic_transport.native_native.query.d6.v6.server_stream rpc native_native
rpc.tonic_transport.reference_reference.query.d6.v7.unary rpc reference_reference
rpc.tonic_transport.reference_reference.query.d6.v7.server_stream rpc reference_reference
rpc.tonic_transport.native_client_reference_server.query.d6.v7.unary rpc native_client_reference_server
rpc.tonic_transport.native_client_reference_server.query.d6.v7.server_stream rpc native_client_reference_server
rpc.tonic_transport.reference_client_native_server.query.d6.v7.unary rpc reference_client_native_server
rpc.tonic_transport.reference_client_native_server.query.d6.v7.server_stream rpc reference_client_native_server
rpc.tonic_transport.native_native.query.d6.v7.unary rpc native_native
rpc.tonic_transport.native_native.query.d6.v7.server_stream rpc native_native
rpc.tonic_transport.reference_reference.query.d7.v0.unary rpc reference_reference
rpc.tonic_transport.reference_reference.query.d7.v0.server_stream rpc reference_reference
rpc.tonic_transport.native_client_reference_server.query.d7.v0.unary rpc native_client_reference_server
rpc.tonic_transport.native_client_reference_server.query.d7.v0.server_stream rpc native_client_reference_server
rpc.tonic_transport.reference_client_native_server.query.d7.v0.unary rpc reference_client_native_server
rpc.tonic_transport.reference_client_native_server.query.d7.v0.server_stream rpc reference_client_native_server
rpc.tonic_transport.native_native.query.d7.v0.unary rpc native_native
rpc.tonic_transport.native_native.query.d7.v0.server_stream rpc native_native
rpc.tonic_transport.reference_reference.query.d7.v1.unary rpc reference_reference
rpc.tonic_transport.reference_reference.query.d7.v1.server_stream rpc reference_reference
rpc.tonic_transport.native_client_reference_server.query.d7.v1.unary rpc native_client_reference_server
rpc.tonic_transport.native_client_reference_server.query.d7.v1.server_stream rpc native_client_reference_server
rpc.tonic_transport.reference_client_native_server.query.d7.v1.unary rpc reference_client_native_server
rpc.tonic_transport.reference_client_native_server.query.d7.v1.server_stream rpc reference_client_native_server
rpc.tonic_transport.native_native.query.d7.v1.unary rpc native_native
rpc.tonic_transport.native_native.query.d7.v1.server_stream rpc native_native
rpc.tonic_transport.reference_reference.query.d7.v2.unary rpc reference_reference
rpc.tonic_transport.reference_reference.query.d7.v2.server_stream rpc reference_reference
rpc.tonic_transport.native_client_reference_server.query.d7.v2.unary rpc native_client_reference_server
rpc.tonic_transport.native_client_reference_server.query.d7.v2.server_stream rpc native_client_reference_server
rpc.tonic_transport.reference_client_native_server.query.d7.v2.unary rpc reference_client_native_server
rpc.tonic_transport.reference_client_native_server.query.d7.v2.server_stream rpc reference_client_native_server
rpc.tonic_transport.native_native.query.d7.v2.unary rpc native_native
rpc.tonic_transport.native_native.query.d7.v2.server_stream rpc native_native
rpc.tonic_transport.reference_reference.query.d7.v3.unary rpc reference_reference
rpc.tonic_transport.reference_reference.query.d7.v3.server_stream rpc reference_reference
rpc.tonic_transport.native_client_reference_server.query.d7.v3.unary rpc native_client_reference_server
rpc.tonic_transport.native_client_reference_server.query.d7.v3.server_stream rpc native_client_reference_server
rpc.tonic_transport.reference_client_native_server.query.d7.v3.unary rpc reference_client_native_server
rpc.tonic_transport.reference_client_native_server.query.d7.v3.server_stream rpc reference_client_native_server
rpc.tonic_transport.native_native.query.d7.v3.unary rpc native_native
rpc.tonic_transport.native_native.query.d7.v3.server_stream rpc native_native
rpc.tonic_transport.reference_reference.query.d7.v4.unary rpc reference_reference
rpc.tonic_transport.reference_reference.query.d7.v4.server_stream rpc reference_reference
rpc.tonic_transport.native_client_reference_server.query.d7.v4.unary rpc native_client_reference_server
rpc.tonic_transport.native_client_reference_server.query.d7.v4.server_stream rpc native_client_reference_server
rpc.tonic_transport.reference_client_native_server.query.d7.v4.unary rpc reference_client_native_server
rpc.tonic_transport.reference_client_native_server.query.d7.v4.server_stream rpc reference_client_native_server
rpc.tonic_transport.native_native.query.d7.v4.unary rpc native_native
rpc.tonic_transport.native_native.query.d7.v4.server_stream rpc native_native
rpc.tonic_transport.reference_reference.query.d7.v5.unary rpc reference_reference
rpc.tonic_transport.reference_reference.query.d7.v5.server_stream rpc reference_reference
rpc.tonic_transport.native_client_reference_server.query.d7.v5.unary rpc native_client_reference_server
rpc.tonic_transport.native_client_reference_server.query.d7.v5.server_stream rpc native_client_reference_server
rpc.tonic_transport.reference_client_native_server.query.d7.v5.unary rpc reference_client_native_server
rpc.tonic_transport.reference_client_native_server.query.d7.v5.server_stream rpc reference_client_native_server
rpc.tonic_transport.native_native.query.d7.v5.unary rpc native_native
rpc.tonic_transport.native_native.query.d7.v5.server_stream rpc native_native
rpc.tonic_transport.reference_reference.query.d7.v6.unary rpc reference_reference
rpc.tonic_transport.reference_reference.query.d7.v6.server_stream rpc reference_reference
rpc.tonic_transport.native_client_reference_server.query.d7.v6.unary rpc native_client_reference_server
rpc.tonic_transport.native_client_reference_server.query.d7.v6.server_stream rpc native_client_reference_server
rpc.tonic_transport.reference_client_native_server.query.d7.v6.unary rpc reference_client_native_server
rpc.tonic_transport.reference_client_native_server.query.d7.v6.server_stream rpc reference_client_native_server
rpc.tonic_transport.native_native.query.d7.v6.unary rpc native_native
rpc.tonic_transport.native_native.query.d7.v6.server_stream rpc native_native
rpc.tonic_transport.reference_reference.query.d7.v7.unary rpc reference_reference
rpc.tonic_transport.reference_reference.query.d7.v7.server_stream rpc reference_reference
rpc.tonic_transport.native_client_reference_server.query.d7.v7.unary rpc native_client_reference_server
rpc.tonic_transport.native_client_reference_server.query.d7.v7.server_stream rpc native_client_reference_server
rpc.tonic_transport.reference_client_native_server.query.d7.v7.unary rpc reference_client_native_server
rpc.tonic_transport.reference_client_native_server.query.d7.v7.server_stream rpc reference_client_native_server
rpc.tonic_transport.native_native.query.d7.v7.unary rpc native_native
rpc.tonic_transport.native_native.query.d7.v7.server_stream rpc native_native
rpc.tonic_transport.reference_reference.query.d8.v0.unary rpc reference_reference
rpc.tonic_transport.reference_reference.query.d8.v0.server_stream rpc reference_reference
rpc.tonic_transport.native_client_reference_server.query.d8.v0.unary rpc native_client_reference_server
rpc.tonic_transport.native_client_reference_server.query.d8.v0.server_stream rpc native_client_reference_server
rpc.tonic_transport.reference_client_native_server.query.d8.v0.unary rpc reference_client_native_server
rpc.tonic_transport.reference_client_native_server.query.d8.v0.server_stream rpc reference_client_native_server
rpc.tonic_transport.native_native.query.d8.v0.unary rpc native_native
rpc.tonic_transport.native_native.query.d8.v0.server_stream rpc native_native
rpc.tonic_transport.reference_reference.query.d8.v1.unary rpc reference_reference
rpc.tonic_transport.reference_reference.query.d8.v1.server_stream rpc reference_reference
rpc.tonic_transport.native_client_reference_server.query.d8.v1.unary rpc native_client_reference_server
rpc.tonic_transport.native_client_reference_server.query.d8.v1.server_stream rpc native_client_reference_server
rpc.tonic_transport.reference_client_native_server.query.d8.v1.unary rpc reference_client_native_server
rpc.tonic_transport.reference_client_native_server.query.d8.v1.server_stream rpc reference_client_native_server
rpc.tonic_transport.native_native.query.d8.v1.unary rpc native_native
rpc.tonic_transport.native_native.query.d8.v1.server_stream rpc native_native
rpc.tonic_transport.reference_reference.query.d8.v2.unary rpc reference_reference
rpc.tonic_transport.reference_reference.query.d8.v2.server_stream rpc reference_reference
rpc.tonic_transport.native_client_reference_server.query.d8.v2.unary rpc native_client_reference_server
rpc.tonic_transport.native_client_reference_server.query.d8.v2.server_stream rpc native_client_reference_server
rpc.tonic_transport.reference_client_native_server.query.d8.v2.unary rpc reference_client_native_server
rpc.tonic_transport.reference_client_native_server.query.d8.v2.server_stream rpc reference_client_native_server
rpc.tonic_transport.native_native.query.d8.v2.unary rpc native_native
rpc.tonic_transport.native_native.query.d8.v2.server_stream rpc native_native
rpc.tonic_transport.reference_reference.query.d8.v3.unary rpc reference_reference
rpc.tonic_transport.reference_reference.query.d8.v3.server_stream rpc reference_reference
rpc.tonic_transport.native_client_reference_server.query.d8.v3.unary rpc native_client_reference_server
rpc.tonic_transport.native_client_reference_server.query.d8.v3.server_stream rpc native_client_reference_server
rpc.tonic_transport.reference_client_native_server.query.d8.v3.unary rpc reference_client_native_server
rpc.tonic_transport.reference_client_native_server.query.d8.v3.server_stream rpc reference_client_native_server
rpc.tonic_transport.native_native.query.d8.v3.unary rpc native_native
rpc.tonic_transport.native_native.query.d8.v3.server_stream rpc native_native
rpc.tonic_transport.reference_reference.query.d8.v4.unary rpc reference_reference
rpc.tonic_transport.reference_reference.query.d8.v4.server_stream rpc reference_reference
rpc.tonic_transport.native_client_reference_server.query.d8.v4.unary rpc native_client_reference_server
rpc.tonic_transport.native_client_reference_server.query.d8.v4.server_stream rpc native_client_reference_server
rpc.tonic_transport.reference_client_native_server.query.d8.v4.unary rpc reference_client_native_server
rpc.tonic_transport.reference_client_native_server.query.d8.v4.server_stream rpc reference_client_native_server
rpc.tonic_transport.native_native.query.d8.v4.unary rpc native_native
rpc.tonic_transport.native_native.query.d8.v4.server_stream rpc native_native
rpc.tonic_transport.reference_reference.query.d8.v5.unary rpc reference_reference
rpc.tonic_transport.reference_reference.query.d8.v5.server_stream rpc reference_reference
rpc.tonic_transport.native_client_reference_server.query.d8.v5.unary rpc native_client_reference_server
rpc.tonic_transport.native_client_reference_server.query.d8.v5.server_stream rpc native_client_reference_server
rpc.tonic_transport.reference_client_native_server.query.d8.v5.unary rpc reference_client_native_server
rpc.tonic_transport.reference_client_native_server.query.d8.v5.server_stream rpc reference_client_native_server
rpc.tonic_transport.native_native.query.d8.v5.unary rpc native_native
rpc.tonic_transport.native_native.query.d8.v5.server_stream rpc native_native
rpc.tonic_transport.reference_reference.query.d8.v6.unary rpc reference_reference
rpc.tonic_transport.reference_reference.query.d8.v6.server_stream rpc reference_reference
rpc.tonic_transport.native_client_reference_server.query.d8.v6.unary rpc native_client_reference_server
rpc.tonic_transport.native_client_reference_server.query.d8.v6.server_stream rpc native_client_reference_server
rpc.tonic_transport.reference_client_native_server.query.d8.v6.unary rpc reference_client_native_server
rpc.tonic_transport.reference_client_native_server.query.d8.v6.server_stream rpc reference_client_native_server
rpc.tonic_transport.native_native.query.d8.v6.unary rpc native_native
rpc.tonic_transport.native_native.query.d8.v6.server_stream rpc native_native
rpc.tonic_transport.reference_reference.query.d8.v7.unary rpc reference_reference
rpc.tonic_transport.reference_reference.query.d8.v7.server_stream rpc reference_reference
rpc.tonic_transport.native_client_reference_server.query.d8.v7.unary rpc native_client_reference_server
rpc.tonic_transport.native_client_reference_server.query.d8.v7.server_stream rpc native_client_reference_server
rpc.tonic_transport.reference_client_native_server.query.d8.v7.unary rpc reference_client_native_server
rpc.tonic_transport.reference_client_native_server.query.d8.v7.server_stream rpc reference_client_native_server
rpc.tonic_transport.native_native.query.d8.v7.unary rpc native_native
rpc.tonic_transport.native_native.query.d8.v7.server_stream rpc native_native
rpc.tonic_transport.reference_reference.entities.n10.unary rpc reference_reference
rpc.tonic_transport.reference_reference.entities.n10.server_stream rpc reference_reference
rpc.tonic_transport.native_client_reference_server.entities.n10.unary rpc native_client_reference_server
rpc.tonic_transport.native_client_reference_server.entities.n10.server_stream rpc native_client_reference_server
rpc.tonic_transport.reference_client_native_server.entities.n10.unary rpc reference_client_native_server
rpc.tonic_transport.reference_client_native_server.entities.n10.server_stream rpc reference_client_native_server
rpc.tonic_transport.native_native.entities.n10.unary rpc native_native
rpc.tonic_transport.native_native.entities.n10.server_stream rpc native_native
rpc.tonic_transport.reference_reference.entities.n100.unary rpc reference_reference
rpc.tonic_transport.reference_reference.entities.n100.server_stream rpc reference_reference
rpc.tonic_transport.native_client_reference_server.entities.n100.unary rpc native_client_reference_server
rpc.tonic_transport.native_client_reference_server.entities.n100.server_stream rpc native_client_reference_server
rpc.tonic_transport.reference_client_native_server.entities.n100.unary rpc reference_client_native_server
rpc.tonic_transport.reference_client_native_server.entities.n100.server_stream rpc reference_client_native_server
rpc.tonic_transport.native_native.entities.n100.unary rpc native_native
rpc.tonic_transport.native_native.entities.n100.server_stream rpc native_native
rpc.tonic_transport.reference_reference.entities.n1000.unary rpc reference_reference
rpc.tonic_transport.reference_reference.entities.n1000.server_stream rpc reference_reference
rpc.tonic_transport.native_client_reference_server.entities.n1000.unary rpc native_client_reference_server
rpc.tonic_transport.native_client_reference_server.entities.n1000.server_stream rpc native_client_reference_server
rpc.tonic_transport.reference_client_native_server.entities.n1000.unary rpc reference_client_native_server
rpc.tonic_transport.reference_client_native_server.entities.n1000.server_stream rpc reference_client_native_server
rpc.tonic_transport.native_native.entities.n1000.unary rpc native_native
rpc.tonic_transport.native_native.entities.n1000.server_stream rpc native_native
rpc.tonic_transport.reference_reference.sparse.v0.unary rpc reference_reference
rpc.tonic_transport.reference_reference.sparse.v0.server_stream rpc reference_reference
rpc.tonic_transport.native_client_reference_server.sparse.v0.unary rpc native_client_reference_server
rpc.tonic_transport.native_client_reference_server.sparse.v0.server_stream rpc native_client_reference_server
rpc.tonic_transport.reference_client_native_server.sparse.v0.unary rpc reference_client_native_server
rpc.tonic_transport.reference_client_native_server.sparse.v0.server_stream rpc reference_client_native_server
rpc.tonic_transport.native_native.sparse.v0.unary rpc native_native
rpc.tonic_transport.native_native.sparse.v0.server_stream rpc native_native
rpc.tonic_transport.reference_reference.sparse.v1.unary rpc reference_reference
rpc.tonic_transport.reference_reference.sparse.v1.server_stream rpc reference_reference
rpc.tonic_transport.native_client_reference_server.sparse.v1.unary rpc native_client_reference_server
rpc.tonic_transport.native_client_reference_server.sparse.v1.server_stream rpc native_client_reference_server
rpc.tonic_transport.reference_client_native_server.sparse.v1.unary rpc reference_client_native_server
rpc.tonic_transport.reference_client_native_server.sparse.v1.server_stream rpc reference_client_native_server
rpc.tonic_transport.native_native.sparse.v1.unary rpc native_native
rpc.tonic_transport.native_native.sparse.v1.server_stream rpc native_native
rpc.tonic_transport.reference_reference.sparse.v2.unary rpc reference_reference
rpc.tonic_transport.reference_reference.sparse.v2.server_stream rpc reference_reference
rpc.tonic_transport.native_client_reference_server.sparse.v2.unary rpc native_client_reference_server
rpc.tonic_transport.native_client_reference_server.sparse.v2.server_stream rpc native_client_reference_server
rpc.tonic_transport.reference_client_native_server.sparse.v2.unary rpc reference_client_native_server
rpc.tonic_transport.reference_client_native_server.sparse.v2.server_stream rpc reference_client_native_server
rpc.tonic_transport.native_native.sparse.v2.unary rpc native_native
rpc.tonic_transport.native_native.sparse.v2.server_stream rpc native_native
rpc.tonic_transport.reference_reference.sparse.v3.unary rpc reference_reference
rpc.tonic_transport.reference_reference.sparse.v3.server_stream rpc reference_reference
rpc.tonic_transport.native_client_reference_server.sparse.v3.unary rpc native_client_reference_server
rpc.tonic_transport.native_client_reference_server.sparse.v3.server_stream rpc native_client_reference_server
rpc.tonic_transport.reference_client_native_server.sparse.v3.unary rpc reference_client_native_server
rpc.tonic_transport.reference_client_native_server.sparse.v3.server_stream rpc reference_client_native_server
rpc.tonic_transport.native_native.sparse.v3.unary rpc native_native
rpc.tonic_transport.native_native.sparse.v3.server_stream rpc native_native
rpc.tonic_transport.reference_reference.sparse.v4.unary rpc reference_reference
rpc.tonic_transport.reference_reference.sparse.v4.server_stream rpc reference_reference
rpc.tonic_transport.native_client_reference_server.sparse.v4.unary rpc native_client_reference_server
rpc.tonic_transport.native_client_reference_server.sparse.v4.server_stream rpc native_client_reference_server
rpc.tonic_transport.reference_client_native_server.sparse.v4.unary rpc reference_client_native_server
rpc.tonic_transport.reference_client_native_server.sparse.v4.server_stream rpc reference_client_native_server
rpc.tonic_transport.native_native.sparse.v4.unary rpc native_native
rpc.tonic_transport.native_native.sparse.v4.server_stream rpc native_native
rpc.tonic_transport.reference_reference.sparse.v5.unary rpc reference_reference
rpc.tonic_transport.reference_reference.sparse.v5.server_stream rpc reference_reference
rpc.tonic_transport.native_client_reference_server.sparse.v5.unary rpc native_client_reference_server
rpc.tonic_transport.native_client_reference_server.sparse.v5.server_stream rpc native_client_reference_server
rpc.tonic_transport.reference_client_native_server.sparse.v5.unary rpc reference_client_native_server
rpc.tonic_transport.reference_client_native_server.sparse.v5.server_stream rpc reference_client_native_server
rpc.tonic_transport.native_native.sparse.v5.unary rpc native_native
rpc.tonic_transport.native_native.sparse.v5.server_stream rpc native_native
rpc.tonic_transport.reference_reference.sparse.v6.unary rpc reference_reference
rpc.tonic_transport.reference_reference.sparse.v6.server_stream rpc reference_reference
rpc.tonic_transport.native_client_reference_server.sparse.v6.unary rpc native_client_reference_server
rpc.tonic_transport.native_client_reference_server.sparse.v6.server_stream rpc native_client_reference_server
rpc.tonic_transport.reference_client_native_server.sparse.v6.unary rpc reference_client_native_server
rpc.tonic_transport.reference_client_native_server.sparse.v6.server_stream rpc reference_client_native_server
rpc.tonic_transport.native_native.sparse.v6.unary rpc native_native
rpc.tonic_transport.native_native.sparse.v6.server_stream rpc native_native
rpc.tonic_transport.reference_reference.sparse.v7.unary rpc reference_reference
rpc.tonic_transport.reference_reference.sparse.v7.server_stream rpc reference_reference
rpc.tonic_transport.native_client_reference_server.sparse.v7.unary rpc native_client_reference_server
rpc.tonic_transport.native_client_reference_server.sparse.v7.server_stream rpc native_client_reference_server
rpc.tonic_transport.reference_client_native_server.sparse.v7.unary rpc reference_client_native_server
rpc.tonic_transport.reference_client_native_server.sparse.v7.server_stream rpc reference_client_native_server
rpc.tonic_transport.native_native.sparse.v7.unary rpc native_native
rpc.tonic_transport.native_native.sparse.v7.server_stream rpc native_native
rpc.tonic_transport.reference_reference.sparse.v8.unary rpc reference_reference
rpc.tonic_transport.reference_reference.sparse.v8.server_stream rpc reference_reference
rpc.tonic_transport.native_client_reference_server.sparse.v8.unary rpc native_client_reference_server
rpc.tonic_transport.native_client_reference_server.sparse.v8.server_stream rpc native_client_reference_server
rpc.tonic_transport.reference_client_native_server.sparse.v8.unary rpc reference_client_native_server
rpc.tonic_transport.reference_client_native_server.sparse.v8.server_stream rpc reference_client_native_server
rpc.tonic_transport.native_native.sparse.v8.unary rpc native_native
rpc.tonic_transport.native_native.sparse.v8.server_stream rpc native_native
rpc.tonic_transport.reference_reference.sparse.v9.unary rpc reference_reference
rpc.tonic_transport.reference_reference.sparse.v9.server_stream rpc reference_reference
rpc.tonic_transport.native_client_reference_server.sparse.v9.unary rpc native_client_reference_server
rpc.tonic_transport.native_client_reference_server.sparse.v9.server_stream rpc native_client_reference_server
rpc.tonic_transport.reference_client_native_server.sparse.v9.unary rpc reference_client_native_server
rpc.tonic_transport.reference_client_native_server.sparse.v9.server_stream rpc reference_client_native_server
rpc.tonic_transport.native_native.sparse.v9.unary rpc native_native
rpc.tonic_transport.native_native.sparse.v9.server_stream rpc native_native
rpc.tonic_transport.reference_reference.maps.n8.unary rpc reference_reference
rpc.tonic_transport.reference_reference.maps.n8.server_stream rpc reference_reference
rpc.tonic_transport.native_client_reference_server.maps.n8.unary rpc native_client_reference_server
rpc.tonic_transport.native_client_reference_server.maps.n8.server_stream rpc native_client_reference_server
rpc.tonic_transport.reference_client_native_server.maps.n8.unary rpc reference_client_native_server
rpc.tonic_transport.reference_client_native_server.maps.n8.server_stream rpc reference_client_native_server
rpc.tonic_transport.native_native.maps.n8.unary rpc native_native
rpc.tonic_transport.native_native.maps.n8.server_stream rpc native_native
rpc.tonic_transport.reference_reference.maps.n64.unary rpc reference_reference
rpc.tonic_transport.reference_reference.maps.n64.server_stream rpc reference_reference
rpc.tonic_transport.native_client_reference_server.maps.n64.unary rpc native_client_reference_server
rpc.tonic_transport.native_client_reference_server.maps.n64.server_stream rpc native_client_reference_server
rpc.tonic_transport.reference_client_native_server.maps.n64.unary rpc reference_client_native_server
rpc.tonic_transport.reference_client_native_server.maps.n64.server_stream rpc reference_client_native_server
rpc.tonic_transport.native_native.maps.n64.unary rpc native_native
rpc.tonic_transport.native_native.maps.n64.server_stream rpc native_native
rpc.tonic_transport.reference_reference.maps.n512.unary rpc reference_reference
rpc.tonic_transport.reference_reference.maps.n512.server_stream rpc reference_reference
rpc.tonic_transport.native_client_reference_server.maps.n512.unary rpc native_client_reference_server
rpc.tonic_transport.native_client_reference_server.maps.n512.server_stream rpc native_client_reference_server
rpc.tonic_transport.reference_client_native_server.maps.n512.unary rpc reference_client_native_server
rpc.tonic_transport.reference_client_native_server.maps.n512.server_stream rpc reference_client_native_server
rpc.tonic_transport.native_native.maps.n512.unary rpc native_native
rpc.tonic_transport.native_native.maps.n512.server_stream rpc native_native
rpc.pbrs.unary rpc pbrs-grpc
rpc.pbrs.server_stream rpc pbrs-grpc
rpc.pbrs.unary_compressed rpc pbrs-grpc
rpc.pbrs.server_stream_compressed rpc pbrs-grpc
rpc.prost.unary rpc pbrs-grpc-prost
rpc.prost.server_stream rpc pbrs-grpc-prost
rpc.tonic_prost.unary rpc tonic-prost
rpc.tonic_prost.server_stream rpc tonic-prost
rpc.tonic.unary rpc tonic
rpc.tonic.server_stream rpc tonic
lb.pick_first.pick lb pbrs-grpc
lb.round_robin.pick lb pbrs-grpc
lb.weighted_round_robin.pick lb pbrs-grpc
lb.ring_hash.pick lb pbrs-grpc
lb.least_request.pick lb pbrs-grpc
lb.priority.pick lb pbrs-grpc
lb.outlier_detection.pick lb pbrs-grpc
lb.random_subsetting_experimental.pick lb pbrs-grpc
