{
  "cells": [
    {
      "actual_source_wire_bytes": 187,
      "actual_source_wire_fingerprint": "fnv1a64:41b06d9018aa0c03",
      "api": "protobuf_tonic::prost_to_pbrs",
      "both_api_roundtrips": "passed",
      "common_wire_bytes": 187,
      "common_wire_fingerprint": "fnv1a64:41b06d9018aa0c03",
      "complete_reads": "passed",
      "direction": "prost_to_pbrs",
      "full_equality": "passed",
      "id": "codec.adoption.bridge.prost_to_pbrs.query.d3.v0.api_only",
      "instructions": "not_run",
      "mode": "api_only",
      "numeric_cost": "not_run",
      "read_checksum": 17673035775268601779,
      "source_output_equal_wire": true,
      "specimen": "Query { depth: 3, variant: 0 }",
      "target_reencoded_wire_bytes": 187,
      "target_reencoded_wire_fingerprint": "fnv1a64:41b06d9018aa0c03",
      "timing_blocked_reason": null,
      "timing_qualification": "passed",
      "wire_fingerprint": "bridge-v1:187:fnv1a64:41b06d9018aa0c03:fnv1a64:41b06d9018aa0c03"
    },
    {
      "actual_source_wire_bytes": 187,
      "actual_source_wire_fingerprint": "fnv1a64:41b06d9018aa0c03",
      "api": "protobuf_tonic::prost_to_pbrs",
      "both_api_roundtrips": "passed",
      "common_wire_bytes": 187,
      "common_wire_fingerprint": "fnv1a64:41b06d9018aa0c03",
      "complete_reads": "passed",
      "direction": "prost_to_pbrs",
      "full_equality": "passed",
      "id": "codec.adoption.bridge.prost_to_pbrs.query.d3.v0.read_all",
      "instructions": "not_run",
      "mode": "read_all",
      "numeric_cost": "not_run",
      "read_checksum": 17673035775268601779,
      "source_output_equal_wire": true,
      "specimen": "Query { depth: 3, variant: 0 }",
      "target_reencoded_wire_bytes": 187,
      "target_reencoded_wire_fingerprint": "fnv1a64:41b06d9018aa0c03",
      "timing_blocked_reason": null,
      "timing_qualification": "passed",
      "wire_fingerprint": "bridge-v1:187:fnv1a64:41b06d9018aa0c03:fnv1a64:41b06d9018aa0c03"
    },
    {
      "actual_source_wire_bytes": 187,
      "actual_source_wire_fingerprint": "fnv1a64:41b06d9018aa0c03",
      "api": "protobuf_tonic::pbrs_to_prost",
      "both_api_roundtrips": "passed",
      "common_wire_bytes": 187,
      "common_wire_fingerprint": "fnv1a64:41b06d9018aa0c03",
      "complete_reads": "passed",
      "direction": "pbrs_to_prost",
      "full_equality": "passed",
      "id": "codec.adoption.bridge.pbrs_to_prost.query.d3.v0.api_only",
      "instructions": "not_run",
      "mode": "api_only",
      "numeric_cost": "not_run",
      "read_checksum": 17673035775268601779,
      "source_output_equal_wire": true,
      "specimen": "Query { depth: 3, variant: 0 }",
      "target_reencoded_wire_bytes": 187,
      "target_reencoded_wire_fingerprint": "fnv1a64:41b06d9018aa0c03",
      "timing_blocked_reason": null,
      "timing_qualification": "passed",
      "wire_fingerprint": "bridge-v1:187:fnv1a64:41b06d9018aa0c03:fnv1a64:41b06d9018aa0c03"
    },
    {
      "actual_source_wire_bytes": 187,
      "actual_source_wire_fingerprint": "fnv1a64:41b06d9018aa0c03",
      "api": "protobuf_tonic::pbrs_to_prost",
      "both_api_roundtrips": "passed",
      "common_wire_bytes": 187,
      "common_wire_fingerprint": "fnv1a64:41b06d9018aa0c03",
      "complete_reads": "passed",
      "direction": "pbrs_to_prost",
      "full_equality": "passed",
      "id": "codec.adoption.bridge.pbrs_to_prost.query.d3.v0.read_all",
      "instructions": "not_run",
      "mode": "read_all",
      "numeric_cost": "not_run",
      "read_checksum": 17673035775268601779,
      "source_output_equal_wire": true,
      "specimen": "Query { depth: 3, variant: 0 }",
      "target_reencoded_wire_bytes": 187,
      "target_reencoded_wire_fingerprint": "fnv1a64:41b06d9018aa0c03",
      "timing_blocked_reason": null,
      "timing_qualification": "passed",
      "wire_fingerprint": "bridge-v1:187:fnv1a64:41b06d9018aa0c03:fnv1a64:41b06d9018aa0c03"
    },
    {
      "actual_source_wire_bytes": 196,
      "actual_source_wire_fingerprint": "fnv1a64:087e7b85112e1a4e",
      "api": "protobuf_tonic::prost_to_pbrs",
      "both_api_roundtrips": "passed",
      "common_wire_bytes": 196,
      "common_wire_fingerprint": "fnv1a64:087e7b85112e1a4e",
      "complete_reads": "passed",
      "direction": "prost_to_pbrs",
      "full_equality": "passed",
      "id": "codec.adoption.bridge.prost_to_pbrs.query.d3.v1.api_only",
      "instructions": "not_run",
      "mode": "api_only",
      "numeric_cost": "not_run",
      "read_checksum": 9007456813890436065,
      "source_output_equal_wire": true,
      "specimen": "Query { depth: 3, variant: 1 }",
      "target_reencoded_wire_bytes": 196,
      "target_reencoded_wire_fingerprint": "fnv1a64:087e7b85112e1a4e",
      "timing_blocked_reason": null,
      "timing_qualification": "passed",
      "wire_fingerprint": "bridge-v1:196:fnv1a64:087e7b85112e1a4e:fnv1a64:087e7b85112e1a4e"
    },
    {
      "actual_source_wire_bytes": 196,
      "actual_source_wire_fingerprint": "fnv1a64:087e7b85112e1a4e",
      "api": "protobuf_tonic::prost_to_pbrs",
      "both_api_roundtrips": "passed",
      "common_wire_bytes": 196,
      "common_wire_fingerprint": "fnv1a64:087e7b85112e1a4e",
      "complete_reads": "passed",
      "direction": "prost_to_pbrs",
      "full_equality": "passed",
      "id": "codec.adoption.bridge.prost_to_pbrs.query.d3.v1.read_all",
      "instructions": "not_run",
      "mode": "read_all",
      "numeric_cost": "not_run",
      "read_checksum": 9007456813890436065,
      "source_output_equal_wire": true,
      "specimen": "Query { depth: 3, variant: 1 }",
      "target_reencoded_wire_bytes": 196,
      "target_reencoded_wire_fingerprint": "fnv1a64:087e7b85112e1a4e",
      "timing_blocked_reason": null,
      "timing_qualification": "passed",
      "wire_fingerprint": "bridge-v1:196:fnv1a64:087e7b85112e1a4e:fnv1a64:087e7b85112e1a4e"
    },
    {
      "actual_source_wire_bytes": 196,
      "actual_source_wire_fingerprint": "fnv1a64:087e7b85112e1a4e",
      "api": "protobuf_tonic::pbrs_to_prost",
      "both_api_roundtrips": "passed",
      "common_wire_bytes": 196,
      "common_wire_fingerprint": "fnv1a64:087e7b85112e1a4e",
      "complete_reads": "passed",
      "direction": "pbrs_to_prost",
      "full_equality": "passed",
      "id": "codec.adoption.bridge.pbrs_to_prost.query.d3.v1.api_only",
      "instructions": "not_run",
      "mode": "api_only",
      "numeric_cost": "not_run",
      "read_checksum": 9007456813890436065,
      "source_output_equal_wire": true,
      "specimen": "Query { depth: 3, variant: 1 }",
      "target_reencoded_wire_bytes": 196,
      "target_reencoded_wire_fingerprint": "fnv1a64:087e7b85112e1a4e",
      "timing_blocked_reason": null,
      "timing_qualification": "passed",
      "wire_fingerprint": "bridge-v1:196:fnv1a64:087e7b85112e1a4e:fnv1a64:087e7b85112e1a4e"
    },
    {
      "actual_source_wire_bytes": 196,
      "actual_source_wire_fingerprint": "fnv1a64:087e7b85112e1a4e",
      "api": "protobuf_tonic::pbrs_to_prost",
      "both_api_roundtrips": "passed",
      "common_wire_bytes": 196,
      "common_wire_fingerprint": "fnv1a64:087e7b85112e1a4e",
      "complete_reads": "passed",
      "direction": "pbrs_to_prost",
      "full_equality": "passed",
      "id": "codec.adoption.bridge.pbrs_to_prost.query.d3.v1.read_all",
      "instructions": "not_run",
      "mode": "read_all",
      "numeric_cost": "not_run",
      "read_checksum": 9007456813890436065,
      "source_output_equal_wire": true,
      "specimen": "Query { depth: 3, variant: 1 }",
      "target_reencoded_wire_bytes": 196,
      "target_reencoded_wire_fingerprint": "fnv1a64:087e7b85112e1a4e",
      "timing_blocked_reason": null,
      "timing_qualification": "passed",
      "wire_fingerprint": "bridge-v1:196:fnv1a64:087e7b85112e1a4e:fnv1a64:087e7b85112e1a4e"
    },
    {
      "actual_source_wire_bytes": 206,
      "actual_source_wire_fingerprint": "fnv1a64:ff20db6fe5c88d39",
      "api": "protobuf_tonic::prost_to_pbrs",
      "both_api_roundtrips": "passed",
      "common_wire_bytes": 206,
      "common_wire_fingerprint": "fnv1a64:ff20db6fe5c88d39",
      "complete_reads": "passed",
      "direction": "prost_to_pbrs",
      "full_equality": "passed",
      "id": "codec.adoption.bridge.prost_to_pbrs.query.d3.v2.api_only",
      "instructions": "not_run",
      "mode": "api_only",
      "numeric_cost": "not_run",
      "read_checksum": 5166985595186441804,
      "source_output_equal_wire": true,
      "specimen": "Query { depth: 3, variant: 2 }",
      "target_reencoded_wire_bytes": 206,
      "target_reencoded_wire_fingerprint": "fnv1a64:ff20db6fe5c88d39",
      "timing_blocked_reason": null,
      "timing_qualification": "passed",
      "wire_fingerprint": "bridge-v1:206:fnv1a64:ff20db6fe5c88d39:fnv1a64:ff20db6fe5c88d39"
    },
    {
      "actual_source_wire_bytes": 206,
      "actual_source_wire_fingerprint": "fnv1a64:ff20db6fe5c88d39",
      "api": "protobuf_tonic::prost_to_pbrs",
      "both_api_roundtrips": "passed",
      "common_wire_bytes": 206,
      "common_wire_fingerprint": "fnv1a64:ff20db6fe5c88d39",
      "complete_reads": "passed",
      "direction": "prost_to_pbrs",
      "full_equality": "passed",
      "id": "codec.adoption.bridge.prost_to_pbrs.query.d3.v2.read_all",
      "instructions": "not_run",
      "mode": "read_all",
      "numeric_cost": "not_run",
      "read_checksum": 5166985595186441804,
      "source_output_equal_wire": true,
      "specimen": "Query { depth: 3, variant: 2 }",
      "target_reencoded_wire_bytes": 206,
      "target_reencoded_wire_fingerprint": "fnv1a64:ff20db6fe5c88d39",
      "timing_blocked_reason": null,
      "timing_qualification": "passed",
      "wire_fingerprint": "bridge-v1:206:fnv1a64:ff20db6fe5c88d39:fnv1a64:ff20db6fe5c88d39"
    },
    {
      "actual_source_wire_bytes": 206,
      "actual_source_wire_fingerprint": "fnv1a64:ff20db6fe5c88d39",
      "api": "protobuf_tonic::pbrs_to_prost",
      "both_api_roundtrips": "passed",
      "common_wire_bytes": 206,
      "common_wire_fingerprint": "fnv1a64:ff20db6fe5c88d39",
      "complete_reads": "passed",
      "direction": "pbrs_to_prost",
      "full_equality": "passed",
      "id": "codec.adoption.bridge.pbrs_to_prost.query.d3.v2.api_only",
      "instructions": "not_run",
      "mode": "api_only",
      "numeric_cost": "not_run",
      "read_checksum": 5166985595186441804,
      "source_output_equal_wire": true,
      "specimen": "Query { depth: 3, variant: 2 }",
      "target_reencoded_wire_bytes": 206,
      "target_reencoded_wire_fingerprint": "fnv1a64:ff20db6fe5c88d39",
      "timing_blocked_reason": null,
      "timing_qualification": "passed",
      "wire_fingerprint": "bridge-v1:206:fnv1a64:ff20db6fe5c88d39:fnv1a64:ff20db6fe5c88d39"
    },
    {
      "actual_source_wire_bytes": 206,
      "actual_source_wire_fingerprint": "fnv1a64:ff20db6fe5c88d39",
      "api": "protobuf_tonic::pbrs_to_prost",
      "both_api_roundtrips": "passed",
      "common_wire_bytes": 206,
      "common_wire_fingerprint": "fnv1a64:ff20db6fe5c88d39",
      "complete_reads": "passed",
      "direction": "pbrs_to_prost",
      "full_equality": "passed",
      "id": "codec.adoption.bridge.pbrs_to_prost.query.d3.v2.read_all",
      "instructions": "not_run",
      "mode": "read_all",
      "numeric_cost": "not_run",
      "read_checksum": 5166985595186441804,
      "source_output_equal_wire": true,
      "specimen": "Query { depth: 3, variant: 2 }",
      "target_reencoded_wire_bytes": 206,
      "target_reencoded_wire_fingerprint": "fnv1a64:ff20db6fe5c88d39",
      "timing_blocked_reason": null,
      "timing_qualification": "passed",
      "wire_fingerprint": "bridge-v1:206:fnv1a64:ff20db6fe5c88d39:fnv1a64:ff20db6fe5c88d39"
    },
    {
      "actual_source_wire_bytes": 196,
      "actual_source_wire_fingerprint": "fnv1a64:443d1eca9e2c1d6f",
      "api": "protobuf_tonic::prost_to_pbrs",
      "both_api_roundtrips": "passed",
      "common_wire_bytes": 196,
      "common_wire_fingerprint": "fnv1a64:443d1eca9e2c1d6f",
      "complete_reads": "passed",
      "direction": "prost_to_pbrs",
      "full_equality": "passed",
      "id": "codec.adoption.bridge.prost_to_pbrs.query.d3.v3.api_only",
      "instructions": "not_run",
      "mode": "api_only",
      "numeric_cost": "not_run",
      "read_checksum": 15984391777524233817,
      "source_output_equal_wire": true,
      "specimen": "Query { depth: 3, variant: 3 }",
      "target_reencoded_wire_bytes": 196,
      "target_reencoded_wire_fingerprint": "fnv1a64:443d1eca9e2c1d6f",
      "timing_blocked_reason": null,
      "timing_qualification": "passed",
      "wire_fingerprint": "bridge-v1:196:fnv1a64:443d1eca9e2c1d6f:fnv1a64:443d1eca9e2c1d6f"
    },
    {
      "actual_source_wire_bytes": 196,
      "actual_source_wire_fingerprint": "fnv1a64:443d1eca9e2c1d6f",
      "api": "protobuf_tonic::prost_to_pbrs",
      "both_api_roundtrips": "passed",
      "common_wire_bytes": 196,
      "common_wire_fingerprint": "fnv1a64:443d1eca9e2c1d6f",
      "complete_reads": "passed",
      "direction": "prost_to_pbrs",
      "full_equality": "passed",
      "id": "codec.adoption.bridge.prost_to_pbrs.query.d3.v3.read_all",
      "instructions": "not_run",
      "mode": "read_all",
      "numeric_cost": "not_run",
      "read_checksum": 15984391777524233817,
      "source_output_equal_wire": true,
      "specimen": "Query { depth: 3, variant: 3 }",
      "target_reencoded_wire_bytes": 196,
      "target_reencoded_wire_fingerprint": "fnv1a64:443d1eca9e2c1d6f",
      "timing_blocked_reason": null,
      "timing_qualification": "passed",
      "wire_fingerprint": "bridge-v1:196:fnv1a64:443d1eca9e2c1d6f:fnv1a64:443d1eca9e2c1d6f"
    },
    {
      "actual_source_wire_bytes": 196,
      "actual_source_wire_fingerprint": "fnv1a64:443d1eca9e2c1d6f",
      "api": "protobuf_tonic::pbrs_to_prost",
      "both_api_roundtrips": "passed",
      "common_wire_bytes": 196,
      "common_wire_fingerprint": "fnv1a64:443d1eca9e2c1d6f",
      "complete_reads": "passed",
      "direction": "pbrs_to_prost",
      "full_equality": "passed",
      "id": "codec.adoption.bridge.pbrs_to_prost.query.d3.v3.api_only",
      "instructions": "not_run",
      "mode": "api_only",
      "numeric_cost": "not_run",
      "read_checksum": 15984391777524233817,
      "source_output_equal_wire": true,
      "specimen": "Query { depth: 3, variant: 3 }",
      "target_reencoded_wire_bytes": 196,
      "target_reencoded_wire_fingerprint": "fnv1a64:443d1eca9e2c1d6f",
      "timing_blocked_reason": null,
      "timing_qualification": "passed",
      "wire_fingerprint": "bridge-v1:196:fnv1a64:443d1eca9e2c1d6f:fnv1a64:443d1eca9e2c1d6f"
    },
    {
      "actual_source_wire_bytes": 196,
      "actual_source_wire_fingerprint": "fnv1a64:443d1eca9e2c1d6f",
      "api": "protobuf_tonic::pbrs_to_prost",
      "both_api_roundtrips": "passed",
      "common_wire_bytes": 196,
      "common_wire_fingerprint": "fnv1a64:443d1eca9e2c1d6f",
      "complete_reads": "passed",
      "direction": "pbrs_to_prost",
      "full_equality": "passed",
      "id": "codec.adoption.bridge.pbrs_to_prost.query.d3.v3.read_all",
      "instructions": "not_run",
      "mode": "read_all",
      "numeric_cost": "not_run",
      "read_checksum": 15984391777524233817,
      "source_output_equal_wire": true,
      "specimen": "Query { depth: 3, variant: 3 }",
      "target_reencoded_wire_bytes": 196,
      "target_reencoded_wire_fingerprint": "fnv1a64:443d1eca9e2c1d6f",
      "timing_blocked_reason": null,
      "timing_qualification": "passed",
      "wire_fingerprint": "bridge-v1:196:fnv1a64:443d1eca9e2c1d6f:fnv1a64:443d1eca9e2c1d6f"
    },
    {
      "actual_source_wire_bytes": 204,
      "actual_source_wire_fingerprint": "fnv1a64:204e4e96ec3803eb",
      "api": "protobuf_tonic::prost_to_pbrs",
      "both_api_roundtrips": "passed",
      "common_wire_bytes": 204,
      "common_wire_fingerprint": "fnv1a64:204e4e96ec3803eb",
      "complete_reads": "passed",
      "direction": "prost_to_pbrs",
      "full_equality": "passed",
      "id": "codec.adoption.bridge.prost_to_pbrs.query.d3.v4.api_only",
      "instructions": "not_run",
      "mode": "api_only",
      "numeric_cost": "not_run",
      "read_checksum": 1310568484690924747,
      "source_output_equal_wire": true,
      "specimen": "Query { depth: 3, variant: 4 }",
      "target_reencoded_wire_bytes": 204,
      "target_reencoded_wire_fingerprint": "fnv1a64:204e4e96ec3803eb",
      "timing_blocked_reason": null,
      "timing_qualification": "passed",
      "wire_fingerprint": "bridge-v1:204:fnv1a64:204e4e96ec3803eb:fnv1a64:204e4e96ec3803eb"
    },
    {
      "actual_source_wire_bytes": 204,
      "actual_source_wire_fingerprint": "fnv1a64:204e4e96ec3803eb",
      "api": "protobuf_tonic::prost_to_pbrs",
      "both_api_roundtrips": "passed",
      "common_wire_bytes": 204,
      "common_wire_fingerprint": "fnv1a64:204e4e96ec3803eb",
      "complete_reads": "passed",
      "direction": "prost_to_pbrs",
      "full_equality": "passed",
      "id": "codec.adoption.bridge.prost_to_pbrs.query.d3.v4.read_all",
      "instructions": "not_run",
      "mode": "read_all",
      "numeric_cost": "not_run",
      "read_checksum": 1310568484690924747,
      "source_output_equal_wire": true,
      "specimen": "Query { depth: 3, variant: 4 }",
      "target_reencoded_wire_bytes": 204,
      "target_reencoded_wire_fingerprint": "fnv1a64:204e4e96ec3803eb",
      "timing_blocked_reason": null,
      "timing_qualification": "passed",
      "wire_fingerprint": "bridge-v1:204:fnv1a64:204e4e96ec3803eb:fnv1a64:204e4e96ec3803eb"
    },
    {
      "actual_source_wire_bytes": 204,
      "actual_source_wire_fingerprint": "fnv1a64:204e4e96ec3803eb",
      "api": "protobuf_tonic::pbrs_to_prost",
      "both_api_roundtrips": "passed",
      "common_wire_bytes": 204,
      "common_wire_fingerprint": "fnv1a64:204e4e96ec3803eb",
      "complete_reads": "passed",
      "direction": "pbrs_to_prost",
      "full_equality": "passed",
      "id": "codec.adoption.bridge.pbrs_to_prost.query.d3.v4.api_only",
      "instructions": "not_run",
      "mode": "api_only",
      "numeric_cost": "not_run",
      "read_checksum": 1310568484690924747,
      "source_output_equal_wire": true,
      "specimen": "Query { depth: 3, variant: 4 }",
      "target_reencoded_wire_bytes": 204,
      "target_reencoded_wire_fingerprint": "fnv1a64:204e4e96ec3803eb",
      "timing_blocked_reason": null,
      "timing_qualification": "passed",
      "wire_fingerprint": "bridge-v1:204:fnv1a64:204e4e96ec3803eb:fnv1a64:204e4e96ec3803eb"
    },
    {
      "actual_source_wire_bytes": 204,
      "actual_source_wire_fingerprint": "fnv1a64:204e4e96ec3803eb",
      "api": "protobuf_tonic::pbrs_to_prost",
      "both_api_roundtrips": "passed",
      "common_wire_bytes": 204,
      "common_wire_fingerprint": "fnv1a64:204e4e96ec3803eb",
      "complete_reads": "passed",
      "direction": "pbrs_to_prost",
      "full_equality": "passed",
      "id": "codec.adoption.bridge.pbrs_to_prost.query.d3.v4.read_all",
      "instructions": "not_run",
      "mode": "read_all",
      "numeric_cost": "not_run",
      "read_checksum": 1310568484690924747,
      "source_output_equal_wire": true,
      "specimen": "Query { depth: 3, variant: 4 }",
      "target_reencoded_wire_bytes": 204,
      "target_reencoded_wire_fingerprint": "fnv1a64:204e4e96ec3803eb",
      "timing_blocked_reason": null,
      "timing_qualification": "passed",
      "wire_fingerprint": "bridge-v1:204:fnv1a64:204e4e96ec3803eb:fnv1a64:204e4e96ec3803eb"
    },
    {
      "actual_source_wire_bytes": 213,
      "actual_source_wire_fingerprint": "fnv1a64:62446da9705e9a98",
      "api": "protobuf_tonic::prost_to_pbrs",
      "both_api_roundtrips": "passed",
      "common_wire_bytes": 213,
      "common_wire_fingerprint": "fnv1a64:62446da9705e9a98",
      "complete_reads": "passed",
      "direction": "prost_to_pbrs",
      "full_equality": "passed",
      "id": "codec.adoption.bridge.prost_to_pbrs.query.d3.v5.api_only",
      "instructions": "not_run",
      "mode": "api_only",
      "numeric_cost": "not_run",
      "read_checksum": 7871843948829321325,
      "source_output_equal_wire": true,
      "specimen": "Query { depth: 3, variant: 5 }",
      "target_reencoded_wire_bytes": 213,
      "target_reencoded_wire_fingerprint": "fnv1a64:62446da9705e9a98",
      "timing_blocked_reason": null,
      "timing_qualification": "passed",
      "wire_fingerprint": "bridge-v1:213:fnv1a64:62446da9705e9a98:fnv1a64:62446da9705e9a98"
    },
    {
      "actual_source_wire_bytes": 213,
      "actual_source_wire_fingerprint": "fnv1a64:62446da9705e9a98",
      "api": "protobuf_tonic::prost_to_pbrs",
      "both_api_roundtrips": "passed",
      "common_wire_bytes": 213,
      "common_wire_fingerprint": "fnv1a64:62446da9705e9a98",
      "complete_reads": "passed",
      "direction": "prost_to_pbrs",
      "full_equality": "passed",
      "id": "codec.adoption.bridge.prost_to_pbrs.query.d3.v5.read_all",
      "instructions": "not_run",
      "mode": "read_all",
      "numeric_cost": "not_run",
      "read_checksum": 7871843948829321325,
      "source_output_equal_wire": true,
      "specimen": "Query { depth: 3, variant: 5 }",
      "target_reencoded_wire_bytes": 213,
      "target_reencoded_wire_fingerprint": "fnv1a64:62446da9705e9a98",
      "timing_blocked_reason": null,
      "timing_qualification": "passed",
      "wire_fingerprint": "bridge-v1:213:fnv1a64:62446da9705e9a98:fnv1a64:62446da9705e9a98"
    },
    {
      "actual_source_wire_bytes": 213,
      "actual_source_wire_fingerprint": "fnv1a64:62446da9705e9a98",
      "api": "protobuf_tonic::pbrs_to_prost",
      "both_api_roundtrips": "passed",
      "common_wire_bytes": 213,
      "common_wire_fingerprint": "fnv1a64:62446da9705e9a98",
      "complete_reads": "passed",
      "direction": "pbrs_to_prost",
      "full_equality": "passed",
      "id": "codec.adoption.bridge.pbrs_to_prost.query.d3.v5.api_only",
      "instructions": "not_run",
      "mode": "api_only",
      "numeric_cost": "not_run",
      "read_checksum": 7871843948829321325,
      "source_output_equal_wire": true,
      "specimen": "Query { depth: 3, variant: 5 }",
      "target_reencoded_wire_bytes": 213,
      "target_reencoded_wire_fingerprint": "fnv1a64:62446da9705e9a98",
      "timing_blocked_reason": null,
      "timing_qualification": "passed",
      "wire_fingerprint": "bridge-v1:213:fnv1a64:62446da9705e9a98:fnv1a64:62446da9705e9a98"
    },
    {
      "actual_source_wire_bytes": 213,
      "actual_source_wire_fingerprint": "fnv1a64:62446da9705e9a98",
      "api": "protobuf_tonic::pbrs_to_prost",
      "both_api_roundtrips": "passed",
      "common_wire_bytes": 213,
      "common_wire_fingerprint": "fnv1a64:62446da9705e9a98",
      "complete_reads": "passed",
      "direction": "pbrs_to_prost",
      "full_equality": "passed",
      "id": "codec.adoption.bridge.pbrs_to_prost.query.d3.v5.read_all",
      "instructions": "not_run",
      "mode": "read_all",
      "numeric_cost": "not_run",
      "read_checksum": 7871843948829321325,
      "source_output_equal_wire": true,
      "specimen": "Query { depth: 3, variant: 5 }",
      "target_reencoded_wire_bytes": 213,
      "target_reencoded_wire_fingerprint": "fnv1a64:62446da9705e9a98",
      "timing_blocked_reason": null,
      "timing_qualification": "passed",
      "wire_fingerprint": "bridge-v1:213:fnv1a64:62446da9705e9a98:fnv1a64:62446da9705e9a98"
    },
    {
      "actual_source_wire_bytes": 231,
      "actual_source_wire_fingerprint": "fnv1a64:58dc55b9b414f5cb",
      "api": "protobuf_tonic::prost_to_pbrs",
      "both_api_roundtrips": "passed",
      "common_wire_bytes": 231,
      "common_wire_fingerprint": "fnv1a64:58dc55b9b414f5cb",
      "complete_reads": "passed",
      "direction": "prost_to_pbrs",
      "full_equality": "passed",
      "id": "codec.adoption.bridge.prost_to_pbrs.query.d3.v6.api_only",
      "instructions": "not_run",
      "mode": "api_only",
      "numeric_cost": "not_run",
      "read_checksum": 11528206674038370355,
      "source_output_equal_wire": true,
      "specimen": "Query { depth: 3, variant: 6 }",
      "target_reencoded_wire_bytes": 231,
      "target_reencoded_wire_fingerprint": "fnv1a64:58dc55b9b414f5cb",
      "timing_blocked_reason": null,
      "timing_qualification": "passed",
      "wire_fingerprint": "bridge-v1:231:fnv1a64:58dc55b9b414f5cb:fnv1a64:58dc55b9b414f5cb"
    },
    {
      "actual_source_wire_bytes": 231,
      "actual_source_wire_fingerprint": "fnv1a64:58dc55b9b414f5cb",
      "api": "protobuf_tonic::prost_to_pbrs",
      "both_api_roundtrips": "passed",
      "common_wire_bytes": 231,
      "common_wire_fingerprint": "fnv1a64:58dc55b9b414f5cb",
      "complete_reads": "passed",
      "direction": "prost_to_pbrs",
      "full_equality": "passed",
      "id": "codec.adoption.bridge.prost_to_pbrs.query.d3.v6.read_all",
      "instructions": "not_run",
      "mode": "read_all",
      "numeric_cost": "not_run",
      "read_checksum": 11528206674038370355,
      "source_output_equal_wire": true,
      "specimen": "Query { depth: 3, variant: 6 }",
      "target_reencoded_wire_bytes": 231,
      "target_reencoded_wire_fingerprint": "fnv1a64:58dc55b9b414f5cb",
      "timing_blocked_reason": null,
      "timing_qualification": "passed",
      "wire_fingerprint": "bridge-v1:231:fnv1a64:58dc55b9b414f5cb:fnv1a64:58dc55b9b414f5cb"
    },
    {
      "actual_source_wire_bytes": 231,
      "actual_source_wire_fingerprint": "fnv1a64:58dc55b9b414f5cb",
      "api": "protobuf_tonic::pbrs_to_prost",
      "both_api_roundtrips": "passed",
      "common_wire_bytes": 231,
      "common_wire_fingerprint": "fnv1a64:58dc55b9b414f5cb",
      "complete_reads": "passed",
      "direction": "pbrs_to_prost",
      "full_equality": "passed",
      "id": "codec.adoption.bridge.pbrs_to_prost.query.d3.v6.api_only",
      "instructions": "not_run",
      "mode": "api_only",
      "numeric_cost": "not_run",
      "read_checksum": 11528206674038370355,
      "source_output_equal_wire": true,
      "specimen": "Query { depth: 3, variant: 6 }",
      "target_reencoded_wire_bytes": 231,
      "target_reencoded_wire_fingerprint": "fnv1a64:58dc55b9b414f5cb",
      "timing_blocked_reason": null,
      "timing_qualification": "passed",
      "wire_fingerprint": "bridge-v1:231:fnv1a64:58dc55b9b414f5cb:fnv1a64:58dc55b9b414f5cb"
    },
    {
      "actual_source_wire_bytes": 231,
      "actual_source_wire_fingerprint": "fnv1a64:58dc55b9b414f5cb",
      "api": "protobuf_tonic::pbrs_to_prost",
      "both_api_roundtrips": "passed",
      "common_wire_bytes": 231,
      "common_wire_fingerprint": "fnv1a64:58dc55b9b414f5cb",
      "complete_reads": "passed",
      "direction": "pbrs_to_prost",
      "full_equality": "passed",
      "id": "codec.adoption.bridge.pbrs_to_prost.query.d3.v6.read_all",
      "instructions": "not_run",
      "mode": "read_all",
      "numeric_cost": "not_run",
      "read_checksum": 11528206674038370355,
      "source_output_equal_wire": true,
      "specimen": "Query { depth: 3, variant: 6 }",
      "target_reencoded_wire_bytes": 231,
      "target_reencoded_wire_fingerprint": "fnv1a64:58dc55b9b414f5cb",
      "timing_blocked_reason": null,
      "timing_qualification": "passed",
      "wire_fingerprint": "bridge-v1:231:fnv1a64:58dc55b9b414f5cb:fnv1a64:58dc55b9b414f5cb"
    },
    {
      "actual_source_wire_bytes": 234,
      "actual_source_wire_fingerprint": "fnv1a64:c78a4016ec17cd5a",
      "api": "protobuf_tonic::prost_to_pbrs",
      "both_api_roundtrips": "passed",
      "common_wire_bytes": 234,
      "common_wire_fingerprint": "fnv1a64:c78a4016ec17cd5a",
      "complete_reads": "passed",
      "direction": "prost_to_pbrs",
      "full_equality": "passed",
      "id": "codec.adoption.bridge.prost_to_pbrs.query.d3.v7.api_only",
      "instructions": "not_run",
      "mode": "api_only",
      "numeric_cost": "not_run",
      "read_checksum": 8142155186338385768,
      "source_output_equal_wire": true,
      "specimen": "Query { depth: 3, variant: 7 }",
      "target_reencoded_wire_bytes": 234,
      "target_reencoded_wire_fingerprint": "fnv1a64:c78a4016ec17cd5a",
      "timing_blocked_reason": null,
      "timing_qualification": "passed",
      "wire_fingerprint": "bridge-v1:234:fnv1a64:c78a4016ec17cd5a:fnv1a64:c78a4016ec17cd5a"
    },
    {
      "actual_source_wire_bytes": 234,
      "actual_source_wire_fingerprint": "fnv1a64:c78a4016ec17cd5a",
      "api": "protobuf_tonic::prost_to_pbrs",
      "both_api_roundtrips": "passed",
      "common_wire_bytes": 234,
      "common_wire_fingerprint": "fnv1a64:c78a4016ec17cd5a",
      "complete_reads": "passed",
      "direction": "prost_to_pbrs",
      "full_equality": "passed",
      "id": "codec.adoption.bridge.prost_to_pbrs.query.d3.v7.read_all",
      "instructions": "not_run",
      "mode": "read_all",
      "numeric_cost": "not_run",
      "read_checksum": 8142155186338385768,
      "source_output_equal_wire": true,
      "specimen": "Query { depth: 3, variant: 7 }",
      "target_reencoded_wire_bytes": 234,
      "target_reencoded_wire_fingerprint": "fnv1a64:c78a4016ec17cd5a",
      "timing_blocked_reason": null,
      "timing_qualification": "passed",
      "wire_fingerprint": "bridge-v1:234:fnv1a64:c78a4016ec17cd5a:fnv1a64:c78a4016ec17cd5a"
    },
    {
      "actual_source_wire_bytes": 234,
      "actual_source_wire_fingerprint": "fnv1a64:c78a4016ec17cd5a",
      "api": "protobuf_tonic::pbrs_to_prost",
      "both_api_roundtrips": "passed",
      "common_wire_bytes": 234,
      "common_wire_fingerprint": "fnv1a64:c78a4016ec17cd5a",
      "complete_reads": "passed",
      "direction": "pbrs_to_prost",
      "full_equality": "passed",
      "id": "codec.adoption.bridge.pbrs_to_prost.query.d3.v7.api_only",
      "instructions": "not_run",
      "mode": "api_only",
      "numeric_cost": "not_run",
      "read_checksum": 8142155186338385768,
      "source_output_equal_wire": true,
      "specimen": "Query { depth: 3, variant: 7 }",
      "target_reencoded_wire_bytes": 234,
      "target_reencoded_wire_fingerprint": "fnv1a64:c78a4016ec17cd5a",
      "timing_blocked_reason": null,
      "timing_qualification": "passed",
      "wire_fingerprint": "bridge-v1:234:fnv1a64:c78a4016ec17cd5a:fnv1a64:c78a4016ec17cd5a"
    },
    {
      "actual_source_wire_bytes": 234,
      "actual_source_wire_fingerprint": "fnv1a64:c78a4016ec17cd5a",
      "api": "protobuf_tonic::pbrs_to_prost",
      "both_api_roundtrips": "passed",
      "common_wire_bytes": 234,
      "common_wire_fingerprint": "fnv1a64:c78a4016ec17cd5a",
      "complete_reads": "passed",
      "direction": "pbrs_to_prost",
      "full_equality": "passed",
      "id": "codec.adoption.bridge.pbrs_to_prost.query.d3.v7.read_all",
      "instructions": "not_run",
      "mode": "read_all",
      "numeric_cost": "not_run",
      "read_checksum": 8142155186338385768,
      "source_output_equal_wire": true,
      "specimen": "Query { depth: 3, variant: 7 }",
      "target_reencoded_wire_bytes": 234,
      "target_reencoded_wire_fingerprint": "fnv1a64:c78a4016ec17cd5a",
      "timing_blocked_reason": null,
      "timing_qualification": "passed",
      "wire_fingerprint": "bridge-v1:234:fnv1a64:c78a4016ec17cd5a:fnv1a64:c78a4016ec17cd5a"
    },
    {
      "actual_source_wire_bytes": 249,
      "actual_source_wire_fingerprint": "fnv1a64:45c8a4c25cf1ee69",
      "api": "protobuf_tonic::prost_to_pbrs",
      "both_api_roundtrips": "passed",
      "common_wire_bytes": 249,
      "common_wire_fingerprint": "fnv1a64:45c8a4c25cf1ee69",
      "complete_reads": "passed",
      "direction": "prost_to_pbrs",
      "full_equality": "passed",
      "id": "codec.adoption.bridge.prost_to_pbrs.query.d4.v0.api_only",
      "instructions": "not_run",
      "mode": "api_only",
      "numeric_cost": "not_run",
      "read_checksum": 15556968429202335264,
      "source_output_equal_wire": true,
      "specimen": "Query { depth: 4, variant: 0 }",
      "target_reencoded_wire_bytes": 249,
      "target_reencoded_wire_fingerprint": "fnv1a64:45c8a4c25cf1ee69",
      "timing_blocked_reason": null,
      "timing_qualification": "passed",
      "wire_fingerprint": "bridge-v1:249:fnv1a64:45c8a4c25cf1ee69:fnv1a64:45c8a4c25cf1ee69"
    },
    {
      "actual_source_wire_bytes": 249,
      "actual_source_wire_fingerprint": "fnv1a64:45c8a4c25cf1ee69",
      "api": "protobuf_tonic::prost_to_pbrs",
      "both_api_roundtrips": "passed",
      "common_wire_bytes": 249,
      "common_wire_fingerprint": "fnv1a64:45c8a4c25cf1ee69",
      "complete_reads": "passed",
      "direction": "prost_to_pbrs",
      "full_equality": "passed",
      "id": "codec.adoption.bridge.prost_to_pbrs.query.d4.v0.read_all",
      "instructions": "not_run",
      "mode": "read_all",
      "numeric_cost": "not_run",
      "read_checksum": 15556968429202335264,
      "source_output_equal_wire": true,
      "specimen": "Query { depth: 4, variant: 0 }",
      "target_reencoded_wire_bytes": 249,
      "target_reencoded_wire_fingerprint": "fnv1a64:45c8a4c25cf1ee69",
      "timing_blocked_reason": null,
      "timing_qualification": "passed",
      "wire_fingerprint": "bridge-v1:249:fnv1a64:45c8a4c25cf1ee69:fnv1a64:45c8a4c25cf1ee69"
    },
    {
      "actual_source_wire_bytes": 249,
      "actual_source_wire_fingerprint": "fnv1a64:45c8a4c25cf1ee69",
      "api": "protobuf_tonic::pbrs_to_prost",
      "both_api_roundtrips": "passed",
      "common_wire_bytes": 249,
      "common_wire_fingerprint": "fnv1a64:45c8a4c25cf1ee69",
      "complete_reads": "passed",
      "direction": "pbrs_to_prost",
      "full_equality": "passed",
      "id": "codec.adoption.bridge.pbrs_to_prost.query.d4.v0.api_only",
      "instructions": "not_run",
      "mode": "api_only",
      "numeric_cost": "not_run",
      "read_checksum": 15556968429202335264,
      "source_output_equal_wire": true,
      "specimen": "Query { depth: 4, variant: 0 }",
      "target_reencoded_wire_bytes": 249,
      "target_reencoded_wire_fingerprint": "fnv1a64:45c8a4c25cf1ee69",
      "timing_blocked_reason": null,
      "timing_qualification": "passed",
      "wire_fingerprint": "bridge-v1:249:fnv1a64:45c8a4c25cf1ee69:fnv1a64:45c8a4c25cf1ee69"
    },
    {
      "actual_source_wire_bytes": 249,
      "actual_source_wire_fingerprint": "fnv1a64:45c8a4c25cf1ee69",
      "api": "protobuf_tonic::pbrs_to_prost",
      "both_api_roundtrips": "passed",
      "common_wire_bytes": 249,
      "common_wire_fingerprint": "fnv1a64:45c8a4c25cf1ee69",
      "complete_reads": "passed",
      "direction": "pbrs_to_prost",
      "full_equality": "passed",
      "id": "codec.adoption.bridge.pbrs_to_prost.query.d4.v0.read_all",
      "instructions": "not_run",
      "mode": "read_all",
      "numeric_cost": "not_run",
      "read_checksum": 15556968429202335264,
      "source_output_equal_wire": true,
      "specimen": "Query { depth: 4, variant: 0 }",
      "target_reencoded_wire_bytes": 249,
      "target_reencoded_wire_fingerprint": "fnv1a64:45c8a4c25cf1ee69",
      "timing_blocked_reason": null,
      "timing_qualification": "passed",
      "wire_fingerprint": "bridge-v1:249:fnv1a64:45c8a4c25cf1ee69:fnv1a64:45c8a4c25cf1ee69"
    },
    {
      "actual_source_wire_bytes": 256,
      "actual_source_wire_fingerprint": "fnv1a64:d42d1e2a76a258fd",
      "api": "protobuf_tonic::prost_to_pbrs",
      "both_api_roundtrips": "passed",
      "common_wire_bytes": 256,
      "common_wire_fingerprint": "fnv1a64:d42d1e2a76a258fd",
      "complete_reads": "passed",
      "direction": "prost_to_pbrs",
      "full_equality": "passed",
      "id": "codec.adoption.bridge.prost_to_pbrs.query.d4.v1.api_only",
      "instructions": "not_run",
      "mode": "api_only",
      "numeric_cost": "not_run",
      "read_checksum": 5989507785071506005,
      "source_output_equal_wire": true,
      "specimen": "Query { depth: 4, variant: 1 }",
      "target_reencoded_wire_bytes": 256,
      "target_reencoded_wire_fingerprint": "fnv1a64:d42d1e2a76a258fd",
      "timing_blocked_reason": null,
      "timing_qualification": "passed",
      "wire_fingerprint": "bridge-v1:256:fnv1a64:d42d1e2a76a258fd:fnv1a64:d42d1e2a76a258fd"
    },
    {
      "actual_source_wire_bytes": 256,
      "actual_source_wire_fingerprint": "fnv1a64:d42d1e2a76a258fd",
      "api": "protobuf_tonic::prost_to_pbrs",
      "both_api_roundtrips": "passed",
      "common_wire_bytes": 256,
      "common_wire_fingerprint": "fnv1a64:d42d1e2a76a258fd",
      "complete_reads": "passed",
      "direction": "prost_to_pbrs",
      "full_equality": "passed",
      "id": "codec.adoption.bridge.prost_to_pbrs.query.d4.v1.read_all",
      "instructions": "not_run",
      "mode": "read_all",
      "numeric_cost": "not_run",
      "read_checksum": 5989507785071506005,
      "source_output_equal_wire": true,
      "specimen": "Query { depth: 4, variant: 1 }",
      "target_reencoded_wire_bytes": 256,
      "target_reencoded_wire_fingerprint": "fnv1a64:d42d1e2a76a258fd",
      "timing_blocked_reason": null,
      "timing_qualification": "passed",
      "wire_fingerprint": "bridge-v1:256:fnv1a64:d42d1e2a76a258fd:fnv1a64:d42d1e2a76a258fd"
    },
    {
      "actual_source_wire_bytes": 256,
      "actual_source_wire_fingerprint": "fnv1a64:d42d1e2a76a258fd",
      "api": "protobuf_tonic::pbrs_to_prost",
      "both_api_roundtrips": "passed",
      "common_wire_bytes": 256,
      "common_wire_fingerprint": "fnv1a64:d42d1e2a76a258fd",
      "complete_reads": "passed",
      "direction": "pbrs_to_prost",
      "full_equality": "passed",
      "id": "codec.adoption.bridge.pbrs_to_prost.query.d4.v1.api_only",
      "instructions": "not_run",
      "mode": "api_only",
      "numeric_cost": "not_run",
      "read_checksum": 5989507785071506005,
      "source_output_equal_wire": true,
      "specimen": "Query { depth: 4, variant: 1 }",
      "target_reencoded_wire_bytes": 256,
      "target_reencoded_wire_fingerprint": "fnv1a64:d42d1e2a76a258fd",
      "timing_blocked_reason": null,
      "timing_qualification": "passed",
      "wire_fingerprint": "bridge-v1:256:fnv1a64:d42d1e2a76a258fd:fnv1a64:d42d1e2a76a258fd"
    },
    {
      "actual_source_wire_bytes": 256,
      "actual_source_wire_fingerprint": "fnv1a64:d42d1e2a76a258fd",
      "api": "protobuf_tonic::pbrs_to_prost",
      "both_api_roundtrips": "passed",
      "common_wire_bytes": 256,
      "common_wire_fingerprint": "fnv1a64:d42d1e2a76a258fd",
      "complete_reads": "passed",
      "direction": "pbrs_to_prost",
      "full_equality": "passed",
      "id": "codec.adoption.bridge.pbrs_to_prost.query.d4.v1.read_all",
      "instructions": "not_run",
      "mode": "read_all",
      "numeric_cost": "not_run",
      "read_checksum": 5989507785071506005,
      "source_output_equal_wire": true,
      "specimen": "Query { depth: 4, variant: 1 }",
      "target_reencoded_wire_bytes": 256,
      "target_reencoded_wire_fingerprint": "fnv1a64:d42d1e2a76a258fd",
      "timing_blocked_reason": null,
      "timing_qualification": "passed",
      "wire_fingerprint": "bridge-v1:256:fnv1a64:d42d1e2a76a258fd:fnv1a64:d42d1e2a76a258fd"
    },
    {
      "actual_source_wire_bytes": 277,
      "actual_source_wire_fingerprint": "fnv1a64:30d4663ecc53b58f",
      "api": "protobuf_tonic::prost_to_pbrs",
      "both_api_roundtrips": "passed",
      "common_wire_bytes": 277,
      "common_wire_fingerprint": "fnv1a64:30d4663ecc53b58f",
      "complete_reads": "passed",
      "direction": "prost_to_pbrs",
      "full_equality": "passed",
      "id": "codec.adoption.bridge.prost_to_pbrs.query.d4.v2.api_only",
      "instructions": "not_run",
      "mode": "api_only",
      "numeric_cost": "not_run",
      "read_checksum": 80788021770190166,
      "source_output_equal_wire": true,
      "specimen": "Query { depth: 4, variant: 2 }",
      "target_reencoded_wire_bytes": 277,
      "target_reencoded_wire_fingerprint": "fnv1a64:30d4663ecc53b58f",
      "timing_blocked_reason": null,
      "timing_qualification": "passed",
      "wire_fingerprint": "bridge-v1:277:fnv1a64:30d4663ecc53b58f:fnv1a64:30d4663ecc53b58f"
    },
    {
      "actual_source_wire_bytes": 277,
      "actual_source_wire_fingerprint": "fnv1a64:30d4663ecc53b58f",
      "api": "protobuf_tonic::prost_to_pbrs",
      "both_api_roundtrips": "passed",
      "common_wire_bytes": 277,
      "common_wire_fingerprint": "fnv1a64:30d4663ecc53b58f",
      "complete_reads": "passed",
      "direction": "prost_to_pbrs",
      "full_equality": "passed",
      "id": "codec.adoption.bridge.prost_to_pbrs.query.d4.v2.read_all",
      "instructions": "not_run",
      "mode": "read_all",
      "numeric_cost": "not_run",
      "read_checksum": 80788021770190166,
      "source_output_equal_wire": true,
      "specimen": "Query { depth: 4, variant: 2 }",
      "target_reencoded_wire_bytes": 277,
      "target_reencoded_wire_fingerprint": "fnv1a64:30d4663ecc53b58f",
      "timing_blocked_reason": null,
      "timing_qualification": "passed",
      "wire_fingerprint": "bridge-v1:277:fnv1a64:30d4663ecc53b58f:fnv1a64:30d4663ecc53b58f"
    },
    {
      "actual_source_wire_bytes": 277,
      "actual_source_wire_fingerprint": "fnv1a64:30d4663ecc53b58f",
      "api": "protobuf_tonic::pbrs_to_prost",
      "both_api_roundtrips": "passed",
      "common_wire_bytes": 277,
      "common_wire_fingerprint": "fnv1a64:30d4663ecc53b58f",
      "complete_reads": "passed",
      "direction": "pbrs_to_prost",
      "full_equality": "passed",
      "id": "codec.adoption.bridge.pbrs_to_prost.query.d4.v2.api_only",
      "instructions": "not_run",
      "mode": "api_only",
      "numeric_cost": "not_run",
      "read_checksum": 80788021770190166,
      "source_output_equal_wire": true,
      "specimen": "Query { depth: 4, variant: 2 }",
      "target_reencoded_wire_bytes": 277,
      "target_reencoded_wire_fingerprint": "fnv1a64:30d4663ecc53b58f",
      "timing_blocked_reason": null,
      "timing_qualification": "passed",
      "wire_fingerprint": "bridge-v1:277:fnv1a64:30d4663ecc53b58f:fnv1a64:30d4663ecc53b58f"
    },
    {
      "actual_source_wire_bytes": 277,
      "actual_source_wire_fingerprint": "fnv1a64:30d4663ecc53b58f",
      "api": "protobuf_tonic::pbrs_to_prost",
      "both_api_roundtrips": "passed",
      "common_wire_bytes": 277,
      "common_wire_fingerprint": "fnv1a64:30d4663ecc53b58f",
      "complete_reads": "passed",
      "direction": "pbrs_to_prost",
      "full_equality": "passed",
      "id": "codec.adoption.bridge.pbrs_to_prost.query.d4.v2.read_all",
      "instructions": "not_run",
      "mode": "read_all",
      "numeric_cost": "not_run",
      "read_checksum": 80788021770190166,
      "source_output_equal_wire": true,
      "specimen": "Query { depth: 4, variant: 2 }",
      "target_reencoded_wire_bytes": 277,
      "target_reencoded_wire_fingerprint": "fnv1a64:30d4663ecc53b58f",
      "timing_blocked_reason": null,
      "timing_qualification": "passed",
      "wire_fingerprint": "bridge-v1:277:fnv1a64:30d4663ecc53b58f:fnv1a64:30d4663ecc53b58f"
    },
    {
      "actual_source_wire_bytes": 288,
      "actual_source_wire_fingerprint": "fnv1a64:fcf49718ef0c25f3",
      "api": "protobuf_tonic::prost_to_pbrs",
      "both_api_roundtrips": "passed",
      "common_wire_bytes": 288,
      "common_wire_fingerprint": "fnv1a64:fcf49718ef0c25f3",
      "complete_reads": "passed",
      "direction": "prost_to_pbrs",
      "full_equality": "passed",
      "id": "codec.adoption.bridge.prost_to_pbrs.query.d4.v3.api_only",
      "instructions": "not_run",
      "mode": "api_only",
      "numeric_cost": "not_run",
      "read_checksum": 11239361648066611483,
      "source_output_equal_wire": true,
      "specimen": "Query { depth: 4, variant: 3 }",
      "target_reencoded_wire_bytes": 288,
      "target_reencoded_wire_fingerprint": "fnv1a64:fcf49718ef0c25f3",
      "timing_blocked_reason": null,
      "timing_qualification": "passed",
      "wire_fingerprint": "bridge-v1:288:fnv1a64:fcf49718ef0c25f3:fnv1a64:fcf49718ef0c25f3"
    },
    {
      "actual_source_wire_bytes": 288,
      "actual_source_wire_fingerprint": "fnv1a64:fcf49718ef0c25f3",
      "api": "protobuf_tonic::prost_to_pbrs",
      "both_api_roundtrips": "passed",
      "common_wire_bytes": 288,
      "common_wire_fingerprint": "fnv1a64:fcf49718ef0c25f3",
      "complete_reads": "passed",
      "direction": "prost_to_pbrs",
      "full_equality": "passed",
      "id": "codec.adoption.bridge.prost_to_pbrs.query.d4.v3.read_all",
      "instructions": "not_run",
      "mode": "read_all",
      "numeric_cost": "not_run",
      "read_checksum": 11239361648066611483,
      "source_output_equal_wire": true,
      "specimen": "Query { depth: 4, variant: 3 }",
      "target_reencoded_wire_bytes": 288,
      "target_reencoded_wire_fingerprint": "fnv1a64:fcf49718ef0c25f3",
      "timing_blocked_reason": null,
      "timing_qualification": "passed",
      "wire_fingerprint": "bridge-v1:288:fnv1a64:fcf49718ef0c25f3:fnv1a64:fcf49718ef0c25f3"
    },
    {
      "actual_source_wire_bytes": 288,
      "actual_source_wire_fingerprint": "fnv1a64:fcf49718ef0c25f3",
      "api": "protobuf_tonic::pbrs_to_prost",
      "both_api_roundtrips": "passed",
      "common_wire_bytes": 288,
      "common_wire_fingerprint": "fnv1a64:fcf49718ef0c25f3",
      "complete_reads": "passed",
      "direction": "pbrs_to_prost",
      "full_equality": "passed",
      "id": "codec.adoption.bridge.pbrs_to_prost.query.d4.v3.api_only",
      "instructions": "not_run",
      "mode": "api_only",
      "numeric_cost": "not_run",
      "read_checksum": 11239361648066611483,
      "source_output_equal_wire": true,
      "specimen": "Query { depth: 4, variant: 3 }",
      "target_reencoded_wire_bytes": 288,
      "target_reencoded_wire_fingerprint": "fnv1a64:fcf49718ef0c25f3",
      "timing_blocked_reason": null,
      "timing_qualification": "passed",
      "wire_fingerprint": "bridge-v1:288:fnv1a64:fcf49718ef0c25f3:fnv1a64:fcf49718ef0c25f3"
    },
    {
      "actual_source_wire_bytes": 288,
      "actual_source_wire_fingerprint": "fnv1a64:fcf49718ef0c25f3",
      "api": "protobuf_tonic::pbrs_to_prost",
      "both_api_roundtrips": "passed",
      "common_wire_bytes": 288,
      "common_wire_fingerprint": "fnv1a64:fcf49718ef0c25f3",
      "complete_reads": "passed",
      "direction": "pbrs_to_prost",
      "full_equality": "passed",
      "id": "codec.adoption.bridge.pbrs_to_prost.query.d4.v3.read_all",
      "instructions": "not_run",
      "mode": "read_all",
      "numeric_cost": "not_run",
      "read_checksum": 11239361648066611483,
      "source_output_equal_wire": true,
      "specimen": "Query { depth: 4, variant: 3 }",
      "target_reencoded_wire_bytes": 288,
      "target_reencoded_wire_fingerprint": "fnv1a64:fcf49718ef0c25f3",
      "timing_blocked_reason": null,
      "timing_qualification": "passed",
      "wire_fingerprint": "bridge-v1:288:fnv1a64:fcf49718ef0c25f3:fnv1a64:fcf49718ef0c25f3"
    },
    {
      "actual_source_wire_bytes": 288,
      "actual_source_wire_fingerprint": "fnv1a64:df7b5562e7762d7a",
      "api": "protobuf_tonic::prost_to_pbrs",
      "both_api_roundtrips": "passed",
      "common_wire_bytes": 288,
      "common_wire_fingerprint": "fnv1a64:df7b5562e7762d7a",
      "complete_reads": "passed",
      "direction": "prost_to_pbrs",
      "full_equality": "passed",
      "id": "codec.adoption.bridge.prost_to_pbrs.query.d4.v4.api_only",
      "instructions": "not_run",
      "mode": "api_only",
      "numeric_cost": "not_run",
      "read_checksum": 12849212444429922019,
      "source_output_equal_wire": true,
      "specimen": "Query { depth: 4, variant: 4 }",
      "target_reencoded_wire_bytes": 288,
      "target_reencoded_wire_fingerprint": "fnv1a64:df7b5562e7762d7a",
      "timing_blocked_reason": null,
      "timing_qualification": "passed",
      "wire_fingerprint": "bridge-v1:288:fnv1a64:df7b5562e7762d7a:fnv1a64:df7b5562e7762d7a"
    },
    {
      "actual_source_wire_bytes": 288,
      "actual_source_wire_fingerprint": "fnv1a64:df7b5562e7762d7a",
      "api": "protobuf_tonic::prost_to_pbrs",
      "both_api_roundtrips": "passed",
      "common_wire_bytes": 288,
      "common_wire_fingerprint": "fnv1a64:df7b5562e7762d7a",
      "complete_reads": "passed",
      "direction": "prost_to_pbrs",
      "full_equality": "passed",
      "id": "codec.adoption.bridge.prost_to_pbrs.query.d4.v4.read_all",
      "instructions": "not_run",
      "mode": "read_all",
      "numeric_cost": "not_run",
      "read_checksum": 12849212444429922019,
      "source_output_equal_wire": true,
      "specimen": "Query { depth: 4, variant: 4 }",
      "target_reencoded_wire_bytes": 288,
      "target_reencoded_wire_fingerprint": "fnv1a64:df7b5562e7762d7a",
      "timing_blocked_reason": null,
      "timing_qualification": "passed",
      "wire_fingerprint": "bridge-v1:288:fnv1a64:df7b5562e7762d7a:fnv1a64:df7b5562e7762d7a"
    },
    {
      "actual_source_wire_bytes": 288,
      "actual_source_wire_fingerprint": "fnv1a64:df7b5562e7762d7a",
      "api": "protobuf_tonic::pbrs_to_prost",
      "both_api_roundtrips": "passed",
      "common_wire_bytes": 288,
      "common_wire_fingerprint": "fnv1a64:df7b5562e7762d7a",
      "complete_reads": "passed",
      "direction": "pbrs_to_prost",
      "full_equality": "passed",
      "id": "codec.adoption.bridge.pbrs_to_prost.query.d4.v4.api_only",
      "instructions": "not_run",
      "mode": "api_only",
      "numeric_cost": "not_run",
      "read_checksum": 12849212444429922019,
      "source_output_equal_wire": true,
      "specimen": "Query { depth: 4, variant: 4 }",
      "target_reencoded_wire_bytes": 288,
      "target_reencoded_wire_fingerprint": "fnv1a64:df7b5562e7762d7a",
      "timing_blocked_reason": null,
      "timing_qualification": "passed",
      "wire_fingerprint": "bridge-v1:288:fnv1a64:df7b5562e7762d7a:fnv1a64:df7b5562e7762d7a"
    },
    {
      "actual_source_wire_bytes": 288,
      "actual_source_wire_fingerprint": "fnv1a64:df7b5562e7762d7a",
      "api": "protobuf_tonic::pbrs_to_prost",
      "both_api_roundtrips": "passed",
      "common_wire_bytes": 288,
      "common_wire_fingerprint": "fnv1a64:df7b5562e7762d7a",
      "complete_reads": "passed",
      "direction": "pbrs_to_prost",
      "full_equality": "passed",
      "id": "codec.adoption.bridge.pbrs_to_prost.query.d4.v4.read_all",
      "instructions": "not_run",
      "mode": "read_all",
      "numeric_cost": "not_run",
      "read_checksum": 12849212444429922019,
      "source_output_equal_wire": true,
      "specimen": "Query { depth: 4, variant: 4 }",
      "target_reencoded_wire_bytes": 288,
      "target_reencoded_wire_fingerprint": "fnv1a64:df7b5562e7762d7a",
      "timing_blocked_reason": null,
      "timing_qualification": "passed",
      "wire_fingerprint": "bridge-v1:288:fnv1a64:df7b5562e7762d7a:fnv1a64:df7b5562e7762d7a"
    },
    {
      "actual_source_wire_bytes": 275,
      "actual_source_wire_fingerprint": "fnv1a64:89306fc58de715bb",
      "api": "protobuf_tonic::prost_to_pbrs",
      "both_api_roundtrips": "passed",
      "common_wire_bytes": 275,
      "common_wire_fingerprint": "fnv1a64:89306fc58de715bb",
      "complete_reads": "passed",
      "direction": "prost_to_pbrs",
      "full_equality": "passed",
      "id": "codec.adoption.bridge.prost_to_pbrs.query.d4.v5.api_only",
      "instructions": "not_run",
      "mode": "api_only",
      "numeric_cost": "not_run",
      "read_checksum": 3141143546034839752,
      "source_output_equal_wire": true,
      "specimen": "Query { depth: 4, variant: 5 }",
      "target_reencoded_wire_bytes": 275,
      "target_reencoded_wire_fingerprint": "fnv1a64:89306fc58de715bb",
      "timing_blocked_reason": null,
      "timing_qualification": "passed",
      "wire_fingerprint": "bridge-v1:275:fnv1a64:89306fc58de715bb:fnv1a64:89306fc58de715bb"
    },
    {
      "actual_source_wire_bytes": 275,
      "actual_source_wire_fingerprint": "fnv1a64:89306fc58de715bb",
      "api": "protobuf_tonic::prost_to_pbrs",
      "both_api_roundtrips": "passed",
      "common_wire_bytes": 275,
      "common_wire_fingerprint": "fnv1a64:89306fc58de715bb",
      "complete_reads": "passed",
      "direction": "prost_to_pbrs",
      "full_equality": "passed",
      "id": "codec.adoption.bridge.prost_to_pbrs.query.d4.v5.read_all",
      "instructions": "not_run",
      "mode": "read_all",
      "numeric_cost": "not_run",
      "read_checksum": 3141143546034839752,
      "source_output_equal_wire": true,
      "specimen": "Query { depth: 4, variant: 5 }",
      "target_reencoded_wire_bytes": 275,
      "target_reencoded_wire_fingerprint": "fnv1a64:89306fc58de715bb",
      "timing_blocked_reason": null,
      "timing_qualification": "passed",
      "wire_fingerprint": "bridge-v1:275:fnv1a64:89306fc58de715bb:fnv1a64:89306fc58de715bb"
    },
    {
      "actual_source_wire_bytes": 275,
      "actual_source_wire_fingerprint": "fnv1a64:89306fc58de715bb",
      "api": "protobuf_tonic::pbrs_to_prost",
      "both_api_roundtrips": "passed",
      "common_wire_bytes": 275,
      "common_wire_fingerprint": "fnv1a64:89306fc58de715bb",
      "complete_reads": "passed",
      "direction": "pbrs_to_prost",
      "full_equality": "passed",
      "id": "codec.adoption.bridge.pbrs_to_prost.query.d4.v5.api_only",
      "instructions": "not_run",
      "mode": "api_only",
      "numeric_cost": "not_run",
      "read_checksum": 3141143546034839752,
      "source_output_equal_wire": true,
      "specimen": "Query { depth: 4, variant: 5 }",
      "target_reencoded_wire_bytes": 275,
      "target_reencoded_wire_fingerprint": "fnv1a64:89306fc58de715bb",
      "timing_blocked_reason": null,
      "timing_qualification": "passed",
      "wire_fingerprint": "bridge-v1:275:fnv1a64:89306fc58de715bb:fnv1a64:89306fc58de715bb"
    },
    {
      "actual_source_wire_bytes": 275,
      "actual_source_wire_fingerprint": "fnv1a64:89306fc58de715bb",
      "api": "protobuf_tonic::pbrs_to_prost",
      "both_api_roundtrips": "passed",
      "common_wire_bytes": 275,
      "common_wire_fingerprint": "fnv1a64:89306fc58de715bb",
      "complete_reads": "passed",
      "direction": "pbrs_to_prost",
      "full_equality": "passed",
      "id": "codec.adoption.bridge.pbrs_to_prost.query.d4.v5.read_all",
      "instructions": "not_run",
      "mode": "read_all",
      "numeric_cost": "not_run",
      "read_checksum": 3141143546034839752,
      "source_output_equal_wire": true,
      "specimen": "Query { depth: 4, variant: 5 }",
      "target_reencoded_wire_bytes": 275,
      "target_reencoded_wire_fingerprint": "fnv1a64:89306fc58de715bb",
      "timing_blocked_reason": null,
      "timing_qualification": "passed",
      "wire_fingerprint": "bridge-v1:275:fnv1a64:89306fc58de715bb:fnv1a64:89306fc58de715bb"
    },
    {
      "actual_source_wire_bytes": 293,
      "actual_source_wire_fingerprint": "fnv1a64:af055fbbc4e54c32",
      "api": "protobuf_tonic::prost_to_pbrs",
      "both_api_roundtrips": "passed",
      "common_wire_bytes": 293,
      "common_wire_fingerprint": "fnv1a64:af055fbbc4e54c32",
      "complete_reads": "passed",
      "direction": "prost_to_pbrs",
      "full_equality": "passed",
      "id": "codec.adoption.bridge.prost_to_pbrs.query.d4.v6.api_only",
      "instructions": "not_run",
      "mode": "api_only",
      "numeric_cost": "not_run",
      "read_checksum": 14413289389457652653,
      "source_output_equal_wire": true,
      "specimen": "Query { depth: 4, variant: 6 }",
      "target_reencoded_wire_bytes": 293,
      "target_reencoded_wire_fingerprint": "fnv1a64:af055fbbc4e54c32",
      "timing_blocked_reason": null,
      "timing_qualification": "passed",
      "wire_fingerprint": "bridge-v1:293:fnv1a64:af055fbbc4e54c32:fnv1a64:af055fbbc4e54c32"
    },
    {
      "actual_source_wire_bytes": 293,
      "actual_source_wire_fingerprint": "fnv1a64:af055fbbc4e54c32",
      "api": "protobuf_tonic::prost_to_pbrs",
      "both_api_roundtrips": "passed",
      "common_wire_bytes": 293,
      "common_wire_fingerprint": "fnv1a64:af055fbbc4e54c32",
      "complete_reads": "passed",
      "direction": "prost_to_pbrs",
      "full_equality": "passed",
      "id": "codec.adoption.bridge.prost_to_pbrs.query.d4.v6.read_all",
      "instructions": "not_run",
      "mode": "read_all",
      "numeric_cost": "not_run",
      "read_checksum": 14413289389457652653,
      "source_output_equal_wire": true,
      "specimen": "Query { depth: 4, variant: 6 }",
      "target_reencoded_wire_bytes": 293,
      "target_reencoded_wire_fingerprint": "fnv1a64:af055fbbc4e54c32",
      "timing_blocked_reason": null,
      "timing_qualification": "passed",
      "wire_fingerprint": "bridge-v1:293:fnv1a64:af055fbbc4e54c32:fnv1a64:af055fbbc4e54c32"
    },
    {
      "actual_source_wire_bytes": 293,
      "actual_source_wire_fingerprint": "fnv1a64:af055fbbc4e54c32",
      "api": "protobuf_tonic::pbrs_to_prost",
      "both_api_roundtrips": "passed",
      "common_wire_bytes": 293,
      "common_wire_fingerprint": "fnv1a64:af055fbbc4e54c32",
      "complete_reads": "passed",
      "direction": "pbrs_to_prost",
      "full_equality": "passed",
      "id": "codec.adoption.bridge.pbrs_to_prost.query.d4.v6.api_only",
      "instructions": "not_run",
      "mode": "api_only",
      "numeric_cost": "not_run",
      "read_checksum": 14413289389457652653,
      "source_output_equal_wire": true,
      "specimen": "Query { depth: 4, variant: 6 }",
      "target_reencoded_wire_bytes": 293,
      "target_reencoded_wire_fingerprint": "fnv1a64:af055fbbc4e54c32",
      "timing_blocked_reason": null,
      "timing_qualification": "passed",
      "wire_fingerprint": "bridge-v1:293:fnv1a64:af055fbbc4e54c32:fnv1a64:af055fbbc4e54c32"
    },
    {
      "actual_source_wire_bytes": 293,
      "actual_source_wire_fingerprint": "fnv1a64:af055fbbc4e54c32",
      "api": "protobuf_tonic::pbrs_to_prost",
      "both_api_roundtrips": "passed",
      "common_wire_bytes": 293,
      "common_wire_fingerprint": "fnv1a64:af055fbbc4e54c32",
      "complete_reads": "passed",
      "direction": "pbrs_to_prost",
      "full_equality": "passed",
      "id": "codec.adoption.bridge.pbrs_to_prost.query.d4.v6.read_all",
      "instructions": "not_run",
      "mode": "read_all",
      "numeric_cost": "not_run",
      "read_checksum": 14413289389457652653,
      "source_output_equal_wire": true,
      "specimen": "Query { depth: 4, variant: 6 }",
      "target_reencoded_wire_bytes": 293,
      "target_reencoded_wire_fingerprint": "fnv1a64:af055fbbc4e54c32",
      "timing_blocked_reason": null,
      "timing_qualification": "passed",
      "wire_fingerprint": "bridge-v1:293:fnv1a64:af055fbbc4e54c32:fnv1a64:af055fbbc4e54c32"
    },
    {
      "actual_source_wire_bytes": 306,
      "actual_source_wire_fingerprint": "fnv1a64:806ed5d50206a98b",
      "api": "protobuf_tonic::prost_to_pbrs",
      "both_api_roundtrips": "passed",
      "common_wire_bytes": 306,
      "common_wire_fingerprint": "fnv1a64:806ed5d50206a98b",
      "complete_reads": "passed",
      "direction": "prost_to_pbrs",
      "full_equality": "passed",
      "id": "codec.adoption.bridge.prost_to_pbrs.query.d4.v7.api_only",
      "instructions": "not_run",
      "mode": "api_only",
      "numeric_cost": "not_run",
      "read_checksum": 7758272262320479329,
      "source_output_equal_wire": true,
      "specimen": "Query { depth: 4, variant: 7 }",
      "target_reencoded_wire_bytes": 306,
      "target_reencoded_wire_fingerprint": "fnv1a64:806ed5d50206a98b",
      "timing_blocked_reason": null,
      "timing_qualification": "passed",
      "wire_fingerprint": "bridge-v1:306:fnv1a64:806ed5d50206a98b:fnv1a64:806ed5d50206a98b"
    },
    {
      "actual_source_wire_bytes": 306,
      "actual_source_wire_fingerprint": "fnv1a64:806ed5d50206a98b",
      "api": "protobuf_tonic::prost_to_pbrs",
      "both_api_roundtrips": "passed",
      "common_wire_bytes": 306,
      "common_wire_fingerprint": "fnv1a64:806ed5d50206a98b",
      "complete_reads": "passed",
      "direction": "prost_to_pbrs",
      "full_equality": "passed",
      "id": "codec.adoption.bridge.prost_to_pbrs.query.d4.v7.read_all",
      "instructions": "not_run",
      "mode": "read_all",
      "numeric_cost": "not_run",
      "read_checksum": 7758272262320479329,
      "source_output_equal_wire": true,
      "specimen": "Query { depth: 4, variant: 7 }",
      "target_reencoded_wire_bytes": 306,
      "target_reencoded_wire_fingerprint": "fnv1a64:806ed5d50206a98b",
      "timing_blocked_reason": null,
      "timing_qualification": "passed",
      "wire_fingerprint": "bridge-v1:306:fnv1a64:806ed5d50206a98b:fnv1a64:806ed5d50206a98b"
    },
    {
      "actual_source_wire_bytes": 306,
      "actual_source_wire_fingerprint": "fnv1a64:806ed5d50206a98b",
      "api": "protobuf_tonic::pbrs_to_prost",
      "both_api_roundtrips": "passed",
      "common_wire_bytes": 306,
      "common_wire_fingerprint": "fnv1a64:806ed5d50206a98b",
      "complete_reads": "passed",
      "direction": "pbrs_to_prost",
      "full_equality": "passed",
      "id": "codec.adoption.bridge.pbrs_to_prost.query.d4.v7.api_only",
      "instructions": "not_run",
      "mode": "api_only",
      "numeric_cost": "not_run",
      "read_checksum": 7758272262320479329,
      "source_output_equal_wire": true,
      "specimen": "Query { depth: 4, variant: 7 }",
      "target_reencoded_wire_bytes": 306,
      "target_reencoded_wire_fingerprint": "fnv1a64:806ed5d50206a98b",
      "timing_blocked_reason": null,
      "timing_qualification": "passed",
      "wire_fingerprint": "bridge-v1:306:fnv1a64:806ed5d50206a98b:fnv1a64:806ed5d50206a98b"
    },
    {
      "actual_source_wire_bytes": 306,
      "actual_source_wire_fingerprint": "fnv1a64:806ed5d50206a98b",
      "api": "protobuf_tonic::pbrs_to_prost",
      "both_api_roundtrips": "passed",
      "common_wire_bytes": 306,
      "common_wire_fingerprint": "fnv1a64:806ed5d50206a98b",
      "complete_reads": "passed",
      "direction": "pbrs_to_prost",
      "full_equality": "passed",
      "id": "codec.adoption.bridge.pbrs_to_prost.query.d4.v7.read_all",
      "instructions": "not_run",
      "mode": "read_all",
      "numeric_cost": "not_run",
      "read_checksum": 7758272262320479329,
      "source_output_equal_wire": true,
      "specimen": "Query { depth: 4, variant: 7 }",
      "target_reencoded_wire_bytes": 306,
      "target_reencoded_wire_fingerprint": "fnv1a64:806ed5d50206a98b",
      "timing_blocked_reason": null,
      "timing_qualification": "passed",
      "wire_fingerprint": "bridge-v1:306:fnv1a64:806ed5d50206a98b:fnv1a64:806ed5d50206a98b"
    },
    {
      "actual_source_wire_bytes": 342,
      "actual_source_wire_fingerprint": "fnv1a64:d27675e7fdae1817",
      "api": "protobuf_tonic::prost_to_pbrs",
      "both_api_roundtrips": "passed",
      "common_wire_bytes": 342,
      "common_wire_fingerprint": "fnv1a64:d27675e7fdae1817",
      "complete_reads": "passed",
      "direction": "prost_to_pbrs",
      "full_equality": "passed",
      "id": "codec.adoption.bridge.prost_to_pbrs.query.d5.v0.api_only",
      "instructions": "not_run",
      "mode": "api_only",
      "numeric_cost": "not_run",
      "read_checksum": 10480780455167418465,
      "source_output_equal_wire": true,
      "specimen": "Query { depth: 5, variant: 0 }",
      "target_reencoded_wire_bytes": 342,
      "target_reencoded_wire_fingerprint": "fnv1a64:d27675e7fdae1817",
      "timing_blocked_reason": null,
      "timing_qualification": "passed",
      "wire_fingerprint": "bridge-v1:342:fnv1a64:d27675e7fdae1817:fnv1a64:d27675e7fdae1817"
    },
    {
      "actual_source_wire_bytes": 342,
      "actual_source_wire_fingerprint": "fnv1a64:d27675e7fdae1817",
      "api": "protobuf_tonic::prost_to_pbrs",
      "both_api_roundtrips": "passed",
      "common_wire_bytes": 342,
      "common_wire_fingerprint": "fnv1a64:d27675e7fdae1817",
      "complete_reads": "passed",
      "direction": "prost_to_pbrs",
      "full_equality": "passed",
      "id": "codec.adoption.bridge.prost_to_pbrs.query.d5.v0.read_all",
      "instructions": "not_run",
      "mode": "read_all",
      "numeric_cost": "not_run",
      "read_checksum": 10480780455167418465,
      "source_output_equal_wire": true,
      "specimen": "Query { depth: 5, variant: 0 }",
      "target_reencoded_wire_bytes": 342,
      "target_reencoded_wire_fingerprint": "fnv1a64:d27675e7fdae1817",
      "timing_blocked_reason": null,
      "timing_qualification": "passed",
      "wire_fingerprint": "bridge-v1:342:fnv1a64:d27675e7fdae1817:fnv1a64:d27675e7fdae1817"
    },
    {
      "actual_source_wire_bytes": 342,
      "actual_source_wire_fingerprint": "fnv1a64:d27675e7fdae1817",
      "api": "protobuf_tonic::pbrs_to_prost",
      "both_api_roundtrips": "passed",
      "common_wire_bytes": 342,
      "common_wire_fingerprint": "fnv1a64:d27675e7fdae1817",
      "complete_reads": "passed",
      "direction": "pbrs_to_prost",
      "full_equality": "passed",
      "id": "codec.adoption.bridge.pbrs_to_prost.query.d5.v0.api_only",
      "instructions": "not_run",
      "mode": "api_only",
      "numeric_cost": "not_run",
      "read_checksum": 10480780455167418465,
      "source_output_equal_wire": true,
      "specimen": "Query { depth: 5, variant: 0 }",
      "target_reencoded_wire_bytes": 342,
      "target_reencoded_wire_fingerprint": "fnv1a64:d27675e7fdae1817",
      "timing_blocked_reason": null,
      "timing_qualification": "passed",
      "wire_fingerprint": "bridge-v1:342:fnv1a64:d27675e7fdae1817:fnv1a64:d27675e7fdae1817"
    },
    {
      "actual_source_wire_bytes": 342,
      "actual_source_wire_fingerprint": "fnv1a64:d27675e7fdae1817",
      "api": "protobuf_tonic::pbrs_to_prost",
      "both_api_roundtrips": "passed",
      "common_wire_bytes": 342,
      "common_wire_fingerprint": "fnv1a64:d27675e7fdae1817",
      "complete_reads": "passed",
      "direction": "pbrs_to_prost",
      "full_equality": "passed",
      "id": "codec.adoption.bridge.pbrs_to_prost.query.d5.v0.read_all",
      "instructions": "not_run",
      "mode": "read_all",
      "numeric_cost": "not_run",
      "read_checksum": 10480780455167418465,
      "source_output_equal_wire": true,
      "specimen": "Query { depth: 5, variant: 0 }",
      "target_reencoded_wire_bytes": 342,
      "target_reencoded_wire_fingerprint": "fnv1a64:d27675e7fdae1817",
      "timing_blocked_reason": null,
      "timing_qualification": "passed",
      "wire_fingerprint": "bridge-v1:342:fnv1a64:d27675e7fdae1817:fnv1a64:d27675e7fdae1817"
    },
    {
      "actual_source_wire_bytes": 336,
      "actual_source_wire_fingerprint": "fnv1a64:38ccf64a70a7ee6d",
      "api": "protobuf_tonic::prost_to_pbrs",
      "both_api_roundtrips": "passed",
      "common_wire_bytes": 336,
      "common_wire_fingerprint": "fnv1a64:38ccf64a70a7ee6d",
      "complete_reads": "passed",
      "direction": "prost_to_pbrs",
      "full_equality": "passed",
      "id": "codec.adoption.bridge.prost_to_pbrs.query.d5.v1.api_only",
      "instructions": "not_run",
      "mode": "api_only",
      "numeric_cost": "not_run",
      "read_checksum": 17987033488194239551,
      "source_output_equal_wire": true,
      "specimen": "Query { depth: 5, variant: 1 }",
      "target_reencoded_wire_bytes": 336,
      "target_reencoded_wire_fingerprint": "fnv1a64:38ccf64a70a7ee6d",
      "timing_blocked_reason": null,
      "timing_qualification": "passed",
      "wire_fingerprint": "bridge-v1:336:fnv1a64:38ccf64a70a7ee6d:fnv1a64:38ccf64a70a7ee6d"
    },
    {
      "actual_source_wire_bytes": 336,
      "actual_source_wire_fingerprint": "fnv1a64:38ccf64a70a7ee6d",
      "api": "protobuf_tonic::prost_to_pbrs",
      "both_api_roundtrips": "passed",
      "common_wire_bytes": 336,
      "common_wire_fingerprint": "fnv1a64:38ccf64a70a7ee6d",
      "complete_reads": "passed",
      "direction": "prost_to_pbrs",
      "full_equality": "passed",
      "id": "codec.adoption.bridge.prost_to_pbrs.query.d5.v1.read_all",
      "instructions": "not_run",
      "mode": "read_all",
      "numeric_cost": "not_run",
      "read_checksum": 17987033488194239551,
      "source_output_equal_wire": true,
      "specimen": "Query { depth: 5, variant: 1 }",
      "target_reencoded_wire_bytes": 336,
      "target_reencoded_wire_fingerprint": "fnv1a64:38ccf64a70a7ee6d",
      "timing_blocked_reason": null,
      "timing_qualification": "passed",
      "wire_fingerprint": "bridge-v1:336:fnv1a64:38ccf64a70a7ee6d:fnv1a64:38ccf64a70a7ee6d"
    },
    {
      "actual_source_wire_bytes": 336,
      "actual_source_wire_fingerprint": "fnv1a64:38ccf64a70a7ee6d",
      "api": "protobuf_tonic::pbrs_to_prost",
      "both_api_roundtrips": "passed",
      "common_wire_bytes": 336,
      "common_wire_fingerprint": "fnv1a64:38ccf64a70a7ee6d",
      "complete_reads": "passed",
      "direction": "pbrs_to_prost",
      "full_equality": "passed",
      "id": "codec.adoption.bridge.pbrs_to_prost.query.d5.v1.api_only",
      "instructions": "not_run",
      "mode": "api_only",
      "numeric_cost": "not_run",
      "read_checksum": 17987033488194239551,
      "source_output_equal_wire": true,
      "specimen": "Query { depth: 5, variant: 1 }",
      "target_reencoded_wire_bytes": 336,
      "target_reencoded_wire_fingerprint": "fnv1a64:38ccf64a70a7ee6d",
      "timing_blocked_reason": null,
      "timing_qualification": "passed",
      "wire_fingerprint": "bridge-v1:336:fnv1a64:38ccf64a70a7ee6d:fnv1a64:38ccf64a70a7ee6d"
    },
    {
      "actual_source_wire_bytes": 336,
      "actual_source_wire_fingerprint": "fnv1a64:38ccf64a70a7ee6d",
      "api": "protobuf_tonic::pbrs_to_prost",
      "both_api_roundtrips": "passed",
      "common_wire_bytes": 336,
      "common_wire_fingerprint": "fnv1a64:38ccf64a70a7ee6d",
      "complete_reads": "passed",
      "direction": "pbrs_to_prost",
      "full_equality": "passed",
      "id": "codec.adoption.bridge.pbrs_to_prost.query.d5.v1.read_all",
      "instructions": "not_run",
      "mode": "read_all",
      "numeric_cost": "not_run",
      "read_checksum": 17987033488194239551,
      "source_output_equal_wire": true,
      "specimen": "Query { depth: 5, variant: 1 }",
      "target_reencoded_wire_bytes": 336,
      "target_reencoded_wire_fingerprint": "fnv1a64:38ccf64a70a7ee6d",
      "timing_blocked_reason": null,
      "timing_qualification": "passed",
      "wire_fingerprint": "bridge-v1:336:fnv1a64:38ccf64a70a7ee6d:fnv1a64:38ccf64a70a7ee6d"
    },
    {
      "actual_source_wire_bytes": 341,
      "actual_source_wire_fingerprint": "fnv1a64:1bb86411aa515d55",
      "api": "protobuf_tonic::prost_to_pbrs",
      "both_api_roundtrips": "passed",
      "common_wire_bytes": 341,
      "common_wire_fingerprint": "fnv1a64:1bb86411aa515d55",
      "complete_reads": "passed",
      "direction": "prost_to_pbrs",
      "full_equality": "passed",
      "id": "codec.adoption.bridge.prost_to_pbrs.query.d5.v2.api_only",
      "instructions": "not_run",
      "mode": "api_only",
      "numeric_cost": "not_run",
      "read_checksum": 8392890358823971705,
      "source_output_equal_wire": true,
      "specimen": "Query { depth: 5, variant: 2 }",
      "target_reencoded_wire_bytes": 341,
      "target_reencoded_wire_fingerprint": "fnv1a64:1bb86411aa515d55",
      "timing_blocked_reason": null,
      "timing_qualification": "passed",
      "wire_fingerprint": "bridge-v1:341:fnv1a64:1bb86411aa515d55:fnv1a64:1bb86411aa515d55"
    },
    {
      "actual_source_wire_bytes": 341,
      "actual_source_wire_fingerprint": "fnv1a64:1bb86411aa515d55",
      "api": "protobuf_tonic::prost_to_pbrs",
      "both_api_roundtrips": "passed",
      "common_wire_bytes": 341,
      "common_wire_fingerprint": "fnv1a64:1bb86411aa515d55",
      "complete_reads": "passed",
      "direction": "prost_to_pbrs",
      "full_equality": "passed",
      "id": "codec.adoption.bridge.prost_to_pbrs.query.d5.v2.read_all",
      "instructions": "not_run",
      "mode": "read_all",
      "numeric_cost": "not_run",
      "read_checksum": 8392890358823971705,
      "source_output_equal_wire": true,
      "specimen": "Query { depth: 5, variant: 2 }",
      "target_reencoded_wire_bytes": 341,
      "target_reencoded_wire_fingerprint": "fnv1a64:1bb86411aa515d55",
      "timing_blocked_reason": null,
      "timing_qualification": "passed",
      "wire_fingerprint": "bridge-v1:341:fnv1a64:1bb86411aa515d55:fnv1a64:1bb86411aa515d55"
    },
    {
      "actual_source_wire_bytes": 341,
      "actual_source_wire_fingerprint": "fnv1a64:1bb86411aa515d55",
      "api": "protobuf_tonic::pbrs_to_prost",
      "both_api_roundtrips": "passed",
      "common_wire_bytes": 341,
      "common_wire_fingerprint": "fnv1a64:1bb86411aa515d55",
      "complete_reads": "passed",
      "direction": "pbrs_to_prost",
      "full_equality": "passed",
      "id": "codec.adoption.bridge.pbrs_to_prost.query.d5.v2.api_only",
      "instructions": "not_run",
      "mode": "api_only",
      "numeric_cost": "not_run",
      "read_checksum": 8392890358823971705,
      "source_output_equal_wire": true,
      "specimen": "Query { depth: 5, variant: 2 }",
      "target_reencoded_wire_bytes": 341,
      "target_reencoded_wire_fingerprint": "fnv1a64:1bb86411aa515d55",
      "timing_blocked_reason": null,
      "timing_qualification": "passed",
      "wire_fingerprint": "bridge-v1:341:fnv1a64:1bb86411aa515d55:fnv1a64:1bb86411aa515d55"
    },
    {
      "actual_source_wire_bytes": 341,
      "actual_source_wire_fingerprint": "fnv1a64:1bb86411aa515d55",
      "api": "protobuf_tonic::pbrs_to_prost",
      "both_api_roundtrips": "passed",
      "common_wire_bytes": 341,
      "common_wire_fingerprint": "fnv1a64:1bb86411aa515d55",
      "complete_reads": "passed",
      "direction": "pbrs_to_prost",
      "full_equality": "passed",
      "id": "codec.adoption.bridge.pbrs_to_prost.query.d5.v2.read_all",
      "instructions": "not_run",
      "mode": "read_all",
      "numeric_cost": "not_run",
      "read_checksum": 8392890358823971705,
      "source_output_equal_wire": true,
      "specimen": "Query { depth: 5, variant: 2 }",
      "target_reencoded_wire_bytes": 341,
      "target_reencoded_wire_fingerprint": "fnv1a64:1bb86411aa515d55",
      "timing_blocked_reason": null,
      "timing_qualification": "passed",
      "wire_fingerprint": "bridge-v1:341:fnv1a64:1bb86411aa515d55:fnv1a64:1bb86411aa515d55"
    },
    {
      "actual_source_wire_bytes": 352,
      "actual_source_wire_fingerprint": "fnv1a64:3a74c22b3d0f4365",
      "api": "protobuf_tonic::prost_to_pbrs",
      "both_api_roundtrips": "passed",
      "common_wire_bytes": 352,
      "common_wire_fingerprint": "fnv1a64:3a74c22b3d0f4365",
      "complete_reads": "passed",
      "direction": "prost_to_pbrs",
      "full_equality": "passed",
      "id": "codec.adoption.bridge.prost_to_pbrs.query.d5.v3.api_only",
      "instructions": "not_run",
      "mode": "api_only",
      "numeric_cost": "not_run",
      "read_checksum": 11254537619568633626,
      "source_output_equal_wire": true,
      "specimen": "Query { depth: 5, variant: 3 }",
      "target_reencoded_wire_bytes": 352,
      "target_reencoded_wire_fingerprint": "fnv1a64:3a74c22b3d0f4365",
      "timing_blocked_reason": null,
      "timing_qualification": "passed",
      "wire_fingerprint": "bridge-v1:352:fnv1a64:3a74c22b3d0f4365:fnv1a64:3a74c22b3d0f4365"
    },
    {
      "actual_source_wire_bytes": 352,
      "actual_source_wire_fingerprint": "fnv1a64:3a74c22b3d0f4365",
      "api": "protobuf_tonic::prost_to_pbrs",
      "both_api_roundtrips": "passed",
      "common_wire_bytes": 352,
      "common_wire_fingerprint": "fnv1a64:3a74c22b3d0f4365",
      "complete_reads": "passed",
      "direction": "prost_to_pbrs",
      "full_equality": "passed",
      "id": "codec.adoption.bridge.prost_to_pbrs.query.d5.v3.read_all",
      "instructions": "not_run",
      "mode": "read_all",
      "numeric_cost": "not_run",
      "read_checksum": 11254537619568633626,
      "source_output_equal_wire": true,
      "specimen": "Query { depth: 5, variant: 3 }",
      "target_reencoded_wire_bytes": 352,
      "target_reencoded_wire_fingerprint": "fnv1a64:3a74c22b3d0f4365",
      "timing_blocked_reason": null,
      "timing_qualification": "passed",
      "wire_fingerprint": "bridge-v1:352:fnv1a64:3a74c22b3d0f4365:fnv1a64:3a74c22b3d0f4365"
    },
    {
      "actual_source_wire_bytes": 352,
      "actual_source_wire_fingerprint": "fnv1a64:3a74c22b3d0f4365",
      "api": "protobuf_tonic::pbrs_to_prost",
      "both_api_roundtrips": "passed",
      "common_wire_bytes": 352,
      "common_wire_fingerprint": "fnv1a64:3a74c22b3d0f4365",
      "complete_reads": "passed",
      "direction": "pbrs_to_prost",
      "full_equality": "passed",
      "id": "codec.adoption.bridge.pbrs_to_prost.query.d5.v3.api_only",
      "instructions": "not_run",
      "mode": "api_only",
      "numeric_cost": "not_run",
      "read_checksum": 11254537619568633626,
      "source_output_equal_wire": true,
      "specimen": "Query { depth: 5, variant: 3 }",
      "target_reencoded_wire_bytes": 352,
      "target_reencoded_wire_fingerprint": "fnv1a64:3a74c22b3d0f4365",
      "timing_blocked_reason": null,
      "timing_qualification": "passed",
      "wire_fingerprint": "bridge-v1:352:fnv1a64:3a74c22b3d0f4365:fnv1a64:3a74c22b3d0f4365"
    },
    {
      "actual_source_wire_bytes": 352,
      "actual_source_wire_fingerprint": "fnv1a64:3a74c22b3d0f4365",
      "api": "protobuf_tonic::pbrs_to_prost",
      "both_api_roundtrips": "passed",
      "common_wire_bytes": 352,
      "common_wire_fingerprint": "fnv1a64:3a74c22b3d0f4365",
      "complete_reads": "passed",
      "direction": "pbrs_to_prost",
      "full_equality": "passed",
      "id": "codec.adoption.bridge.pbrs_to_prost.query.d5.v3.read_all",
      "instructions": "not_run",
      "mode": "read_all",
      "numeric_cost": "not_run",
      "read_checksum": 11254537619568633626,
      "source_output_equal_wire": true,
      "specimen": "Query { depth: 5, variant: 3 }",
      "target_reencoded_wire_bytes": 352,
      "target_reencoded_wire_fingerprint": "fnv1a64:3a74c22b3d0f4365",
      "timing_blocked_reason": null,
      "timing_qualification": "passed",
      "wire_fingerprint": "bridge-v1:352:fnv1a64:3a74c22b3d0f4365:fnv1a64:3a74c22b3d0f4365"
    },
    {
      "actual_source_wire_bytes": 366,
      "actual_source_wire_fingerprint": "fnv1a64:025dd5de0b3fe271",
      "api": "protobuf_tonic::prost_to_pbrs",
      "both_api_roundtrips": "passed",
      "common_wire_bytes": 366,
      "common_wire_fingerprint": "fnv1a64:025dd5de0b3fe271",
      "complete_reads": "passed",
      "direction": "prost_to_pbrs",
      "full_equality": "passed",
      "id": "codec.adoption.bridge.prost_to_pbrs.query.d5.v4.api_only",
      "instructions": "not_run",
      "mode": "api_only",
      "numeric_cost": "not_run",
      "read_checksum": 3005057669145525120,
      "source_output_equal_wire": true,
      "specimen": "Query { depth: 5, variant: 4 }",
      "target_reencoded_wire_bytes": 366,
      "target_reencoded_wire_fingerprint": "fnv1a64:025dd5de0b3fe271",
      "timing_blocked_reason": null,
      "timing_qualification": "passed",
      "wire_fingerprint": "bridge-v1:366:fnv1a64:025dd5de0b3fe271:fnv1a64:025dd5de0b3fe271"
    },
    {
      "actual_source_wire_bytes": 366,
      "actual_source_wire_fingerprint": "fnv1a64:025dd5de0b3fe271",
      "api": "protobuf_tonic::prost_to_pbrs",
      "both_api_roundtrips": "passed",
      "common_wire_bytes": 366,
      "common_wire_fingerprint": "fnv1a64:025dd5de0b3fe271",
      "complete_reads": "passed",
      "direction": "prost_to_pbrs",
      "full_equality": "passed",
      "id": "codec.adoption.bridge.prost_to_pbrs.query.d5.v4.read_all",
      "instructions": "not_run",
      "mode": "read_all",
      "numeric_cost": "not_run",
      "read_checksum": 3005057669145525120,
      "source_output_equal_wire": true,
      "specimen": "Query { depth: 5, variant: 4 }",
      "target_reencoded_wire_bytes": 366,
      "target_reencoded_wire_fingerprint": "fnv1a64:025dd5de0b3fe271",
      "timing_blocked_reason": null,
      "timing_qualification": "passed",
      "wire_fingerprint": "bridge-v1:366:fnv1a64:025dd5de0b3fe271:fnv1a64:025dd5de0b3fe271"
    },
    {
      "actual_source_wire_bytes": 366,
      "actual_source_wire_fingerprint": "fnv1a64:025dd5de0b3fe271",
      "api": "protobuf_tonic::pbrs_to_prost",
      "both_api_roundtrips": "passed",
      "common_wire_bytes": 366,
      "common_wire_fingerprint": "fnv1a64:025dd5de0b3fe271",
      "complete_reads": "passed",
      "direction": "pbrs_to_prost",
      "full_equality": "passed",
      "id": "codec.adoption.bridge.pbrs_to_prost.query.d5.v4.api_only",
      "instructions": "not_run",
      "mode": "api_only",
      "numeric_cost": "not_run",
      "read_checksum": 3005057669145525120,
      "source_output_equal_wire": true,
      "specimen": "Query { depth: 5, variant: 4 }",
      "target_reencoded_wire_bytes": 366,
      "target_reencoded_wire_fingerprint": "fnv1a64:025dd5de0b3fe271",
      "timing_blocked_reason": null,
      "timing_qualification": "passed",
      "wire_fingerprint": "bridge-v1:366:fnv1a64:025dd5de0b3fe271:fnv1a64:025dd5de0b3fe271"
    },
    {
      "actual_source_wire_bytes": 366,
      "actual_source_wire_fingerprint": "fnv1a64:025dd5de0b3fe271",
      "api": "protobuf_tonic::pbrs_to_prost",
      "both_api_roundtrips": "passed",
      "common_wire_bytes": 366,
      "common_wire_fingerprint": "fnv1a64:025dd5de0b3fe271",
      "complete_reads": "passed",
      "direction": "pbrs_to_prost",
      "full_equality": "passed",
      "id": "codec.adoption.bridge.pbrs_to_prost.query.d5.v4.read_all",
      "instructions": "not_run",
      "mode": "read_all",
      "numeric_cost": "not_run",
      "read_checksum": 3005057669145525120,
      "source_output_equal_wire": true,
      "specimen": "Query { depth: 5, variant: 4 }",
      "target_reencoded_wire_bytes": 366,
      "target_reencoded_wire_fingerprint": "fnv1a64:025dd5de0b3fe271",
      "timing_blocked_reason": null,
      "timing_qualification": "passed",
      "wire_fingerprint": "bridge-v1:366:fnv1a64:025dd5de0b3fe271:fnv1a64:025dd5de0b3fe271"
    },
    {
      "actual_source_wire_bytes": 368,
      "actual_source_wire_fingerprint": "fnv1a64:ebc0ca62ea9a6e50",
      "api": "protobuf_tonic::prost_to_pbrs",
      "both_api_roundtrips": "passed",
      "common_wire_bytes": 368,
      "common_wire_fingerprint": "fnv1a64:ebc0ca62ea9a6e50",
      "complete_reads": "passed",
      "direction": "prost_to_pbrs",
      "full_equality": "passed",
      "id": "codec.adoption.bridge.prost_to_pbrs.query.d5.v5.api_only",
      "instructions": "not_run",
      "mode": "api_only",
      "numeric_cost": "not_run",
      "read_checksum": 12101302036942268555,
      "source_output_equal_wire": true,
      "specimen": "Query { depth: 5, variant: 5 }",
      "target_reencoded_wire_bytes": 368,
      "target_reencoded_wire_fingerprint": "fnv1a64:ebc0ca62ea9a6e50",
      "timing_blocked_reason": null,
      "timing_qualification": "passed",
      "wire_fingerprint": "bridge-v1:368:fnv1a64:ebc0ca62ea9a6e50:fnv1a64:ebc0ca62ea9a6e50"
    },
    {
      "actual_source_wire_bytes": 368,
      "actual_source_wire_fingerprint": "fnv1a64:ebc0ca62ea9a6e50",
      "api": "protobuf_tonic::prost_to_pbrs",
      "both_api_roundtrips": "passed",
      "common_wire_bytes": 368,
      "common_wire_fingerprint": "fnv1a64:ebc0ca62ea9a6e50",
      "complete_reads": "passed",
      "direction": "prost_to_pbrs",
      "full_equality": "passed",
      "id": "codec.adoption.bridge.prost_to_pbrs.query.d5.v5.read_all",
      "instructions": "not_run",
      "mode": "read_all",
      "numeric_cost": "not_run",
      "read_checksum": 12101302036942268555,
      "source_output_equal_wire": true,
      "specimen": "Query { depth: 5, variant: 5 }",
      "target_reencoded_wire_bytes": 368,
      "target_reencoded_wire_fingerprint": "fnv1a64:ebc0ca62ea9a6e50",
      "timing_blocked_reason": null,
      "timing_qualification": "passed",
      "wire_fingerprint": "bridge-v1:368:fnv1a64:ebc0ca62ea9a6e50:fnv1a64:ebc0ca62ea9a6e50"
    },
    {
      "actual_source_wire_bytes": 368,
      "actual_source_wire_fingerprint": "fnv1a64:ebc0ca62ea9a6e50",
      "api": "protobuf_tonic::pbrs_to_prost",
      "both_api_roundtrips": "passed",
      "common_wire_bytes": 368,
      "common_wire_fingerprint": "fnv1a64:ebc0ca62ea9a6e50",
      "complete_reads": "passed",
      "direction": "pbrs_to_prost",
      "full_equality": "passed",
      "id": "codec.adoption.bridge.pbrs_to_prost.query.d5.v5.api_only",
      "instructions": "not_run",
      "mode": "api_only",
      "numeric_cost": "not_run",
      "read_checksum": 12101302036942268555,
      "source_output_equal_wire": true,
      "specimen": "Query { depth: 5, variant: 5 }",
      "target_reencoded_wire_bytes": 368,
      "target_reencoded_wire_fingerprint": "fnv1a64:ebc0ca62ea9a6e50",
      "timing_blocked_reason": null,
      "timing_qualification": "passed",
      "wire_fingerprint": "bridge-v1:368:fnv1a64:ebc0ca62ea9a6e50:fnv1a64:ebc0ca62ea9a6e50"
    },
    {
      "actual_source_wire_bytes": 368,
      "actual_source_wire_fingerprint": "fnv1a64:ebc0ca62ea9a6e50",
      "api": "protobuf_tonic::pbrs_to_prost",
      "both_api_roundtrips": "passed",
      "common_wire_bytes": 368,
      "common_wire_fingerprint": "fnv1a64:ebc0ca62ea9a6e50",
      "complete_reads": "passed",
      "direction": "pbrs_to_prost",
      "full_equality": "passed",
      "id": "codec.adoption.bridge.pbrs_to_prost.query.d5.v5.read_all",
      "instructions": "not_run",
      "mode": "read_all",
      "numeric_cost": "not_run",
      "read_checksum": 12101302036942268555,
      "source_output_equal_wire": true,
      "specimen": "Query { depth: 5, variant: 5 }",
      "target_reencoded_wire_bytes": 368,
      "target_reencoded_wire_fingerprint": "fnv1a64:ebc0ca62ea9a6e50",
      "timing_blocked_reason": null,
      "timing_qualification": "passed",
      "wire_fingerprint": "bridge-v1:368:fnv1a64:ebc0ca62ea9a6e50:fnv1a64:ebc0ca62ea9a6e50"
    },
    {
      "actual_source_wire_bytes": 372,
      "actual_source_wire_fingerprint": "fnv1a64:0ba179a3479fc30d",
      "api": "protobuf_tonic::prost_to_pbrs",
      "both_api_roundtrips": "passed",
      "common_wire_bytes": 372,
      "common_wire_fingerprint": "fnv1a64:0ba179a3479fc30d",
      "complete_reads": "passed",
      "direction": "prost_to_pbrs",
      "full_equality": "passed",
      "id": "codec.adoption.bridge.prost_to_pbrs.query.d5.v6.api_only",
      "instructions": "not_run",
      "mode": "api_only",
      "numeric_cost": "not_run",
      "read_checksum": 10110337601716551077,
      "source_output_equal_wire": true,
      "specimen": "Query { depth: 5, variant: 6 }",
      "target_reencoded_wire_bytes": 372,
      "target_reencoded_wire_fingerprint": "fnv1a64:0ba179a3479fc30d",
      "timing_blocked_reason": null,
      "timing_qualification": "passed",
      "wire_fingerprint": "bridge-v1:372:fnv1a64:0ba179a3479fc30d:fnv1a64:0ba179a3479fc30d"
    },
    {
      "actual_source_wire_bytes": 372,
      "actual_source_wire_fingerprint": "fnv1a64:0ba179a3479fc30d",
      "api": "protobuf_tonic::prost_to_pbrs",
      "both_api_roundtrips": "passed",
      "common_wire_bytes": 372,
      "common_wire_fingerprint": "fnv1a64:0ba179a3479fc30d",
      "complete_reads": "passed",
      "direction": "prost_to_pbrs",
      "full_equality": "passed",
      "id": "codec.adoption.bridge.prost_to_pbrs.query.d5.v6.read_all",
      "instructions": "not_run",
      "mode": "read_all",
      "numeric_cost": "not_run",
      "read_checksum": 10110337601716551077,
      "source_output_equal_wire": true,
      "specimen": "Query { depth: 5, variant: 6 }",
      "target_reencoded_wire_bytes": 372,
      "target_reencoded_wire_fingerprint": "fnv1a64:0ba179a3479fc30d",
      "timing_blocked_reason": null,
      "timing_qualification": "passed",
      "wire_fingerprint": "bridge-v1:372:fnv1a64:0ba179a3479fc30d:fnv1a64:0ba179a3479fc30d"
    },
    {
      "actual_source_wire_bytes": 372,
      "actual_source_wire_fingerprint": "fnv1a64:0ba179a3479fc30d",
      "api": "protobuf_tonic::pbrs_to_prost",
      "both_api_roundtrips": "passed",
      "common_wire_bytes": 372,
      "common_wire_fingerprint": "fnv1a64:0ba179a3479fc30d",
      "complete_reads": "passed",
      "direction": "pbrs_to_prost",
      "full_equality": "passed",
      "id": "codec.adoption.bridge.pbrs_to_prost.query.d5.v6.api_only",
      "instructions": "not_run",
      "mode": "api_only",
      "numeric_cost": "not_run",
      "read_checksum": 10110337601716551077,
      "source_output_equal_wire": true,
      "specimen": "Query { depth: 5, variant: 6 }",
      "target_reencoded_wire_bytes": 372,
      "target_reencoded_wire_fingerprint": "fnv1a64:0ba179a3479fc30d",
      "timing_blocked_reason": null,
      "timing_qualification": "passed",
      "wire_fingerprint": "bridge-v1:372:fnv1a64:0ba179a3479fc30d:fnv1a64:0ba179a3479fc30d"
    },
    {
      "actual_source_wire_bytes": 372,
      "actual_source_wire_fingerprint": "fnv1a64:0ba179a3479fc30d",
      "api": "protobuf_tonic::pbrs_to_prost",
      "both_api_roundtrips": "passed",
      "common_wire_bytes": 372,
      "common_wire_fingerprint": "fnv1a64:0ba179a3479fc30d",
      "complete_reads": "passed",
      "direction": "pbrs_to_prost",
      "full_equality": "passed",
      "id": "codec.adoption.bridge.pbrs_to_prost.query.d5.v6.read_all",
      "instructions": "not_run",
      "mode": "read_all",
      "numeric_cost": "not_run",
      "read_checksum": 10110337601716551077,
      "source_output_equal_wire": true,
      "specimen": "Query { depth: 5, variant: 6 }",
      "target_reencoded_wire_bytes": 372,
      "target_reencoded_wire_fingerprint": "fnv1a64:0ba179a3479fc30d",
      "timing_blocked_reason": null,
      "timing_qualification": "passed",
      "wire_fingerprint": "bridge-v1:372:fnv1a64:0ba179a3479fc30d:fnv1a64:0ba179a3479fc30d"
    },
    {
      "actual_source_wire_bytes": 369,
      "actual_source_wire_fingerprint": "fnv1a64:ad18f81830eb8362",
      "api": "protobuf_tonic::prost_to_pbrs",
      "both_api_roundtrips": "passed",
      "common_wire_bytes": 369,
      "common_wire_fingerprint": "fnv1a64:ad18f81830eb8362",
      "complete_reads": "passed",
      "direction": "prost_to_pbrs",
      "full_equality": "passed",
      "id": "codec.adoption.bridge.prost_to_pbrs.query.d5.v7.api_only",
      "instructions": "not_run",
      "mode": "api_only",
      "numeric_cost": "not_run",
      "read_checksum": 12006539796877663467,
      "source_output_equal_wire": true,
      "specimen": "Query { depth: 5, variant: 7 }",
      "target_reencoded_wire_bytes": 369,
      "target_reencoded_wire_fingerprint": "fnv1a64:ad18f81830eb8362",
      "timing_blocked_reason": null,
      "timing_qualification": "passed",
      "wire_fingerprint": "bridge-v1:369:fnv1a64:ad18f81830eb8362:fnv1a64:ad18f81830eb8362"
    },
    {
      "actual_source_wire_bytes": 369,
      "actual_source_wire_fingerprint": "fnv1a64:ad18f81830eb8362",
      "api": "protobuf_tonic::prost_to_pbrs",
      "both_api_roundtrips": "passed",
      "common_wire_bytes": 369,
      "common_wire_fingerprint": "fnv1a64:ad18f81830eb8362",
      "complete_reads": "passed",
      "direction": "prost_to_pbrs",
      "full_equality": "passed",
      "id": "codec.adoption.bridge.prost_to_pbrs.query.d5.v7.read_all",
      "instructions": "not_run",
      "mode": "read_all",
      "numeric_cost": "not_run",
      "read_checksum": 12006539796877663467,
      "source_output_equal_wire": true,
      "specimen": "Query { depth: 5, variant: 7 }",
      "target_reencoded_wire_bytes": 369,
      "target_reencoded_wire_fingerprint": "fnv1a64:ad18f81830eb8362",
      "timing_blocked_reason": null,
      "timing_qualification": "passed",
      "wire_fingerprint": "bridge-v1:369:fnv1a64:ad18f81830eb8362:fnv1a64:ad18f81830eb8362"
    },
    {
      "actual_source_wire_bytes": 369,
      "actual_source_wire_fingerprint": "fnv1a64:ad18f81830eb8362",
      "api": "protobuf_tonic::pbrs_to_prost",
      "both_api_roundtrips": "passed",
      "common_wire_bytes": 369,
      "common_wire_fingerprint": "fnv1a64:ad18f81830eb8362",
      "complete_reads": "passed",
      "direction": "pbrs_to_prost",
      "full_equality": "passed",
      "id": "codec.adoption.bridge.pbrs_to_prost.query.d5.v7.api_only",
      "instructions": "not_run",
      "mode": "api_only",
      "numeric_cost": "not_run",
      "read_checksum": 12006539796877663467,
      "source_output_equal_wire": true,
      "specimen": "Query { depth: 5, variant: 7 }",
      "target_reencoded_wire_bytes": 369,
      "target_reencoded_wire_fingerprint": "fnv1a64:ad18f81830eb8362",
      "timing_blocked_reason": null,
      "timing_qualification": "passed",
      "wire_fingerprint": "bridge-v1:369:fnv1a64:ad18f81830eb8362:fnv1a64:ad18f81830eb8362"
    },
    {
      "actual_source_wire_bytes": 369,
      "actual_source_wire_fingerprint": "fnv1a64:ad18f81830eb8362",
      "api": "protobuf_tonic::pbrs_to_prost",
      "both_api_roundtrips": "passed",
      "common_wire_bytes": 369,
      "common_wire_fingerprint": "fnv1a64:ad18f81830eb8362",
      "complete_reads": "passed",
      "direction": "pbrs_to_prost",
      "full_equality": "passed",
      "id": "codec.adoption.bridge.pbrs_to_prost.query.d5.v7.read_all",
      "instructions": "not_run",
      "mode": "read_all",
      "numeric_cost": "not_run",
      "read_checksum": 12006539796877663467,
      "source_output_equal_wire": true,
      "specimen": "Query { depth: 5, variant: 7 }",
      "target_reencoded_wire_bytes": 369,
      "target_reencoded_wire_fingerprint": "fnv1a64:ad18f81830eb8362",
      "timing_blocked_reason": null,
      "timing_qualification": "passed",
      "wire_fingerprint": "bridge-v1:369:fnv1a64:ad18f81830eb8362:fnv1a64:ad18f81830eb8362"
    },
    {
      "actual_source_wire_bytes": 410,
      "actual_source_wire_fingerprint": "fnv1a64:15887f8618a92f2f",
      "api": "protobuf_tonic::prost_to_pbrs",
      "both_api_roundtrips": "passed",
      "common_wire_bytes": 410,
      "common_wire_fingerprint": "fnv1a64:15887f8618a92f2f",
      "complete_reads": "passed",
      "direction": "prost_to_pbrs",
      "full_equality": "passed",
      "id": "codec.adoption.bridge.prost_to_pbrs.query.d6.v0.api_only",
      "instructions": "not_run",
      "mode": "api_only",
      "numeric_cost": "not_run",
      "read_checksum": 3023498803650616453,
      "source_output_equal_wire": true,
      "specimen": "Query { depth: 6, variant: 0 }",
      "target_reencoded_wire_bytes": 410,
      "target_reencoded_wire_fingerprint": "fnv1a64:15887f8618a92f2f",
      "timing_blocked_reason": null,
      "timing_qualification": "passed",
      "wire_fingerprint": "bridge-v1:410:fnv1a64:15887f8618a92f2f:fnv1a64:15887f8618a92f2f"
    },
    {
      "actual_source_wire_bytes": 410,
      "actual_source_wire_fingerprint": "fnv1a64:15887f8618a92f2f",
      "api": "protobuf_tonic::prost_to_pbrs",
      "both_api_roundtrips": "passed",
      "common_wire_bytes": 410,
      "common_wire_fingerprint": "fnv1a64:15887f8618a92f2f",
      "complete_reads": "passed",
      "direction": "prost_to_pbrs",
      "full_equality": "passed",
      "id": "codec.adoption.bridge.prost_to_pbrs.query.d6.v0.read_all",
      "instructions": "not_run",
      "mode": "read_all",
      "numeric_cost": "not_run",
      "read_checksum": 3023498803650616453,
      "source_output_equal_wire": true,
      "specimen": "Query { depth: 6, variant: 0 }",
      "target_reencoded_wire_bytes": 410,
      "target_reencoded_wire_fingerprint": "fnv1a64:15887f8618a92f2f",
      "timing_blocked_reason": null,
      "timing_qualification": "passed",
      "wire_fingerprint": "bridge-v1:410:fnv1a64:15887f8618a92f2f:fnv1a64:15887f8618a92f2f"
    },
    {
      "actual_source_wire_bytes": 410,
      "actual_source_wire_fingerprint": "fnv1a64:15887f8618a92f2f",
      "api": "protobuf_tonic::pbrs_to_prost",
      "both_api_roundtrips": "passed",
      "common_wire_bytes": 410,
      "common_wire_fingerprint": "fnv1a64:15887f8618a92f2f",
      "complete_reads": "passed",
      "direction": "pbrs_to_prost",
      "full_equality": "passed",
      "id": "codec.adoption.bridge.pbrs_to_prost.query.d6.v0.api_only",
      "instructions": "not_run",
      "mode": "api_only",
      "numeric_cost": "not_run",
      "read_checksum": 3023498803650616453,
      "source_output_equal_wire": true,
      "specimen": "Query { depth: 6, variant: 0 }",
      "target_reencoded_wire_bytes": 410,
      "target_reencoded_wire_fingerprint": "fnv1a64:15887f8618a92f2f",
      "timing_blocked_reason": null,
      "timing_qualification": "passed",
      "wire_fingerprint": "bridge-v1:410:fnv1a64:15887f8618a92f2f:fnv1a64:15887f8618a92f2f"
    },
    {
      "actual_source_wire_bytes": 410,
      "actual_source_wire_fingerprint": "fnv1a64:15887f8618a92f2f",
      "api": "protobuf_tonic::pbrs_to_prost",
      "both_api_roundtrips": "passed",
      "common_wire_bytes": 410,
      "common_wire_fingerprint": "fnv1a64:15887f8618a92f2f",
      "complete_reads": "passed",
      "direction": "pbrs_to_prost",
      "full_equality": "passed",
      "id": "codec.adoption.bridge.pbrs_to_prost.query.d6.v0.read_all",
      "instructions": "not_run",
      "mode": "read_all",
      "numeric_cost": "not_run",
      "read_checksum": 3023498803650616453,
      "source_output_equal_wire": true,
      "specimen": "Query { depth: 6, variant: 0 }",
      "target_reencoded_wire_bytes": 410,
      "target_reencoded_wire_fingerprint": "fnv1a64:15887f8618a92f2f",
      "timing_blocked_reason": null,
      "timing_qualification": "passed",
      "wire_fingerprint": "bridge-v1:410:fnv1a64:15887f8618a92f2f:fnv1a64:15887f8618a92f2f"
    },
    {
      "actual_source_wire_bytes": 413,
      "actual_source_wire_fingerprint": "fnv1a64:5f2082859d0c1b0d",
      "api": "protobuf_tonic::prost_to_pbrs",
      "both_api_roundtrips": "passed",
      "common_wire_bytes": 413,
      "common_wire_fingerprint": "fnv1a64:5f2082859d0c1b0d",
      "complete_reads": "passed",
      "direction": "prost_to_pbrs",
      "full_equality": "passed",
      "id": "codec.adoption.bridge.prost_to_pbrs.query.d6.v1.api_only",
      "instructions": "not_run",
      "mode": "api_only",
      "numeric_cost": "not_run",
      "read_checksum": 14131518665395384024,
      "source_output_equal_wire": true,
      "specimen": "Query { depth: 6, variant: 1 }",
      "target_reencoded_wire_bytes": 413,
      "target_reencoded_wire_fingerprint": "fnv1a64:5f2082859d0c1b0d",
      "timing_blocked_reason": null,
      "timing_qualification": "passed",
      "wire_fingerprint": "bridge-v1:413:fnv1a64:5f2082859d0c1b0d:fnv1a64:5f2082859d0c1b0d"
    },
    {
      "actual_source_wire_bytes": 413,
      "actual_source_wire_fingerprint": "fnv1a64:5f2082859d0c1b0d",
      "api": "protobuf_tonic::prost_to_pbrs",
      "both_api_roundtrips": "passed",
      "common_wire_bytes": 413,
      "common_wire_fingerprint": "fnv1a64:5f2082859d0c1b0d",
      "complete_reads": "passed",
      "direction": "prost_to_pbrs",
      "full_equality": "passed",
      "id": "codec.adoption.bridge.prost_to_pbrs.query.d6.v1.read_all",
      "instructions": "not_run",
      "mode": "read_all",
      "numeric_cost": "not_run",
      "read_checksum": 14131518665395384024,
      "source_output_equal_wire": true,
      "specimen": "Query { depth: 6, variant: 1 }",
      "target_reencoded_wire_bytes": 413,
      "target_reencoded_wire_fingerprint": "fnv1a64:5f2082859d0c1b0d",
      "timing_blocked_reason": null,
      "timing_qualification": "passed",
      "wire_fingerprint": "bridge-v1:413:fnv1a64:5f2082859d0c1b0d:fnv1a64:5f2082859d0c1b0d"
    },
    {
      "actual_source_wire_bytes": 413,
      "actual_source_wire_fingerprint": "fnv1a64:5f2082859d0c1b0d",
      "api": "protobuf_tonic::pbrs_to_prost",
      "both_api_roundtrips": "passed",
      "common_wire_bytes": 413,
      "common_wire_fingerprint": "fnv1a64:5f2082859d0c1b0d",
      "complete_reads": "passed",
      "direction": "pbrs_to_prost",
      "full_equality": "passed",
      "id": "codec.adoption.bridge.pbrs_to_prost.query.d6.v1.api_only",
      "instructions": "not_run",
      "mode": "api_only",
      "numeric_cost": "not_run",
      "read_checksum": 14131518665395384024,
      "source_output_equal_wire": true,
      "specimen": "Query { depth: 6, variant: 1 }",
      "target_reencoded_wire_bytes": 413,
      "target_reencoded_wire_fingerprint": "fnv1a64:5f2082859d0c1b0d",
      "timing_blocked_reason": null,
      "timing_qualification": "passed",
      "wire_fingerprint": "bridge-v1:413:fnv1a64:5f2082859d0c1b0d:fnv1a64:5f2082859d0c1b0d"
    },
    {
      "actual_source_wire_bytes": 413,
      "actual_source_wire_fingerprint": "fnv1a64:5f2082859d0c1b0d",
      "api": "protobuf_tonic::pbrs_to_prost",
      "both_api_roundtrips": "passed",
      "common_wire_bytes": 413,
      "common_wire_fingerprint": "fnv1a64:5f2082859d0c1b0d",
      "complete_reads": "passed",
      "direction": "pbrs_to_prost",
      "full_equality": "passed",
      "id": "codec.adoption.bridge.pbrs_to_prost.query.d6.v1.read_all",
      "instructions": "not_run",
      "mode": "read_all",
      "numeric_cost": "not_run",
      "read_checksum": 14131518665395384024,
      "source_output_equal_wire": true,
      "specimen": "Query { depth: 6, variant: 1 }",
      "target_reencoded_wire_bytes": 413,
      "target_reencoded_wire_fingerprint": "fnv1a64:5f2082859d0c1b0d",
      "timing_blocked_reason": null,
      "timing_qualification": "passed",
      "wire_fingerprint": "bridge-v1:413:fnv1a64:5f2082859d0c1b0d:fnv1a64:5f2082859d0c1b0d"
    },
    {
      "actual_source_wire_bytes": 425,
      "actual_source_wire_fingerprint": "fnv1a64:9275be6f5c83d4f3",
      "api": "protobuf_tonic::prost_to_pbrs",
      "both_api_roundtrips": "passed",
      "common_wire_bytes": 425,
      "common_wire_fingerprint": "fnv1a64:9275be6f5c83d4f3",
      "complete_reads": "passed",
      "direction": "prost_to_pbrs",
      "full_equality": "passed",
      "id": "codec.adoption.bridge.prost_to_pbrs.query.d6.v2.api_only",
      "instructions": "not_run",
      "mode": "api_only",
      "numeric_cost": "not_run",
      "read_checksum": 14726774636673700279,
      "source_output_equal_wire": true,
      "specimen": "Query { depth: 6, variant: 2 }",
      "target_reencoded_wire_bytes": 425,
      "target_reencoded_wire_fingerprint": "fnv1a64:9275be6f5c83d4f3",
      "timing_blocked_reason": null,
      "timing_qualification": "passed",
      "wire_fingerprint": "bridge-v1:425:fnv1a64:9275be6f5c83d4f3:fnv1a64:9275be6f5c83d4f3"
    },
    {
      "actual_source_wire_bytes": 425,
      "actual_source_wire_fingerprint": "fnv1a64:9275be6f5c83d4f3",
      "api": "protobuf_tonic::prost_to_pbrs",
      "both_api_roundtrips": "passed",
      "common_wire_bytes": 425,
      "common_wire_fingerprint": "fnv1a64:9275be6f5c83d4f3",
      "complete_reads": "passed",
      "direction": "prost_to_pbrs",
      "full_equality": "passed",
      "id": "codec.adoption.bridge.prost_to_pbrs.query.d6.v2.read_all",
      "instructions": "not_run",
      "mode": "read_all",
      "numeric_cost": "not_run",
      "read_checksum": 14726774636673700279,
      "source_output_equal_wire": true,
      "specimen": "Query { depth: 6, variant: 2 }",
      "target_reencoded_wire_bytes": 425,
      "target_reencoded_wire_fingerprint": "fnv1a64:9275be6f5c83d4f3",
      "timing_blocked_reason": null,
      "timing_qualification": "passed",
      "wire_fingerprint": "bridge-v1:425:fnv1a64:9275be6f5c83d4f3:fnv1a64:9275be6f5c83d4f3"
    },
    {
      "actual_source_wire_bytes": 425,
      "actual_source_wire_fingerprint": "fnv1a64:9275be6f5c83d4f3",
      "api": "protobuf_tonic::pbrs_to_prost",
      "both_api_roundtrips": "passed",
      "common_wire_bytes": 425,
      "common_wire_fingerprint": "fnv1a64:9275be6f5c83d4f3",
      "complete_reads": "passed",
      "direction": "pbrs_to_prost",
      "full_equality": "passed",
      "id": "codec.adoption.bridge.pbrs_to_prost.query.d6.v2.api_only",
      "instructions": "not_run",
      "mode": "api_only",
      "numeric_cost": "not_run",
      "read_checksum": 14726774636673700279,
      "source_output_equal_wire": true,
      "specimen": "Query { depth: 6, variant: 2 }",
      "target_reencoded_wire_bytes": 425,
      "target_reencoded_wire_fingerprint": "fnv1a64:9275be6f5c83d4f3",
      "timing_blocked_reason": null,
      "timing_qualification": "passed",
      "wire_fingerprint": "bridge-v1:425:fnv1a64:9275be6f5c83d4f3:fnv1a64:9275be6f5c83d4f3"
    },
    {
      "actual_source_wire_bytes": 425,
      "actual_source_wire_fingerprint": "fnv1a64:9275be6f5c83d4f3",
      "api": "protobuf_tonic::pbrs_to_prost",
      "both_api_roundtrips": "passed",
      "common_wire_bytes": 425,
      "common_wire_fingerprint": "fnv1a64:9275be6f5c83d4f3",
      "complete_reads": "passed",
      "direction": "pbrs_to_prost",
      "full_equality": "passed",
      "id": "codec.adoption.bridge.pbrs_to_prost.query.d6.v2.read_all",
      "instructions": "not_run",
      "mode": "read_all",
      "numeric_cost": "not_run",
      "read_checksum": 14726774636673700279,
      "source_output_equal_wire": true,
      "specimen": "Query { depth: 6, variant: 2 }",
      "target_reencoded_wire_bytes": 425,
      "target_reencoded_wire_fingerprint": "fnv1a64:9275be6f5c83d4f3",
      "timing_blocked_reason": null,
      "timing_qualification": "passed",
      "wire_fingerprint": "bridge-v1:425:fnv1a64:9275be6f5c83d4f3:fnv1a64:9275be6f5c83d4f3"
    },
    {
      "actual_source_wire_bytes": 426,
      "actual_source_wire_fingerprint": "fnv1a64:064fd9793d33c53a",
      "api": "protobuf_tonic::prost_to_pbrs",
      "both_api_roundtrips": "passed",
      "common_wire_bytes": 426,
      "common_wire_fingerprint": "fnv1a64:064fd9793d33c53a",
      "complete_reads": "passed",
      "direction": "prost_to_pbrs",
      "full_equality": "passed",
      "id": "codec.adoption.bridge.prost_to_pbrs.query.d6.v3.api_only",
      "instructions": "not_run",
      "mode": "api_only",
      "numeric_cost": "not_run",
      "read_checksum": 4926908065213140439,
      "source_output_equal_wire": true,
      "specimen": "Query { depth: 6, variant: 3 }",
      "target_reencoded_wire_bytes": 426,
      "target_reencoded_wire_fingerprint": "fnv1a64:064fd9793d33c53a",
      "timing_blocked_reason": null,
      "timing_qualification": "passed",
      "wire_fingerprint": "bridge-v1:426:fnv1a64:064fd9793d33c53a:fnv1a64:064fd9793d33c53a"
    },
    {
      "actual_source_wire_bytes": 426,
      "actual_source_wire_fingerprint": "fnv1a64:064fd9793d33c53a",
      "api": "protobuf_tonic::prost_to_pbrs",
      "both_api_roundtrips": "passed",
      "common_wire_bytes": 426,
      "common_wire_fingerprint": "fnv1a64:064fd9793d33c53a",
      "complete_reads": "passed",
      "direction": "prost_to_pbrs",
      "full_equality": "passed",
      "id": "codec.adoption.bridge.prost_to_pbrs.query.d6.v3.read_all",
      "instructions": "not_run",
      "mode": "read_all",
      "numeric_cost": "not_run",
      "read_checksum": 4926908065213140439,
      "source_output_equal_wire": true,
      "specimen": "Query { depth: 6, variant: 3 }",
      "target_reencoded_wire_bytes": 426,
      "target_reencoded_wire_fingerprint": "fnv1a64:064fd9793d33c53a",
      "timing_blocked_reason": null,
      "timing_qualification": "passed",
      "wire_fingerprint": "bridge-v1:426:fnv1a64:064fd9793d33c53a:fnv1a64:064fd9793d33c53a"
    },
    {
      "actual_source_wire_bytes": 426,
      "actual_source_wire_fingerprint": "fnv1a64:064fd9793d33c53a",
      "api": "protobuf_tonic::pbrs_to_prost",
      "both_api_roundtrips": "passed",
      "common_wire_bytes": 426,
      "common_wire_fingerprint": "fnv1a64:064fd9793d33c53a",
      "complete_reads": "passed",
      "direction": "pbrs_to_prost",
      "full_equality": "passed",
      "id": "codec.adoption.bridge.pbrs_to_prost.query.d6.v3.api_only",
      "instructions": "not_run",
      "mode": "api_only",
      "numeric_cost": "not_run",
      "read_checksum": 4926908065213140439,
      "source_output_equal_wire": true,
      "specimen": "Query { depth: 6, variant: 3 }",
      "target_reencoded_wire_bytes": 426,
      "target_reencoded_wire_fingerprint": "fnv1a64:064fd9793d33c53a",
      "timing_blocked_reason": null,
      "timing_qualification": "passed",
      "wire_fingerprint": "bridge-v1:426:fnv1a64:064fd9793d33c53a:fnv1a64:064fd9793d33c53a"
    },
    {
      "actual_source_wire_bytes": 426,
      "actual_source_wire_fingerprint": "fnv1a64:064fd9793d33c53a",
      "api": "protobuf_tonic::pbrs_to_prost",
      "both_api_roundtrips": "passed",
      "common_wire_bytes": 426,
      "common_wire_fingerprint": "fnv1a64:064fd9793d33c53a",
      "complete_reads": "passed",
      "direction": "pbrs_to_prost",
      "full_equality": "passed",
      "id": "codec.adoption.bridge.pbrs_to_prost.query.d6.v3.read_all",
      "instructions": "not_run",
      "mode": "read_all",
      "numeric_cost": "not_run",
      "read_checksum": 4926908065213140439,
      "source_output_equal_wire": true,
      "specimen": "Query { depth: 6, variant: 3 }",
      "target_reencoded_wire_bytes": 426,
      "target_reencoded_wire_fingerprint": "fnv1a64:064fd9793d33c53a",
      "timing_blocked_reason": null,
      "timing_qualification": "passed",
      "wire_fingerprint": "bridge-v1:426:fnv1a64:064fd9793d33c53a:fnv1a64:064fd9793d33c53a"
    },
    {
      "actual_source_wire_bytes": 428,
      "actual_source_wire_fingerprint": "fnv1a64:2aa7b69010ef69c6",
      "api": "protobuf_tonic::prost_to_pbrs",
      "both_api_roundtrips": "passed",
      "common_wire_bytes": 428,
      "common_wire_fingerprint": "fnv1a64:2aa7b69010ef69c6",
      "complete_reads": "passed",
      "direction": "prost_to_pbrs",
      "full_equality": "passed",
      "id": "codec.adoption.bridge.prost_to_pbrs.query.d6.v4.api_only",
      "instructions": "not_run",
      "mode": "api_only",
      "numeric_cost": "not_run",
      "read_checksum": 14063232175965257963,
      "source_output_equal_wire": true,
      "specimen": "Query { depth: 6, variant: 4 }",
      "target_reencoded_wire_bytes": 428,
      "target_reencoded_wire_fingerprint": "fnv1a64:2aa7b69010ef69c6",
      "timing_blocked_reason": null,
      "timing_qualification": "passed",
      "wire_fingerprint": "bridge-v1:428:fnv1a64:2aa7b69010ef69c6:fnv1a64:2aa7b69010ef69c6"
    },
    {
      "actual_source_wire_bytes": 428,
      "actual_source_wire_fingerprint": "fnv1a64:2aa7b69010ef69c6",
      "api": "protobuf_tonic::prost_to_pbrs",
      "both_api_roundtrips": "passed",
      "common_wire_bytes": 428,
      "common_wire_fingerprint": "fnv1a64:2aa7b69010ef69c6",
      "complete_reads": "passed",
      "direction": "prost_to_pbrs",
      "full_equality": "passed",
      "id": "codec.adoption.bridge.prost_to_pbrs.query.d6.v4.read_all",
      "instructions": "not_run",
      "mode": "read_all",
      "numeric_cost": "not_run",
      "read_checksum": 14063232175965257963,
      "source_output_equal_wire": true,
      "specimen": "Query { depth: 6, variant: 4 }",
      "target_reencoded_wire_bytes": 428,
      "target_reencoded_wire_fingerprint": "fnv1a64:2aa7b69010ef69c6",
      "timing_blocked_reason": null,
      "timing_qualification": "passed",
      "wire_fingerprint": "bridge-v1:428:fnv1a64:2aa7b69010ef69c6:fnv1a64:2aa7b69010ef69c6"
    },
    {
      "actual_source_wire_bytes": 428,
      "actual_source_wire_fingerprint": "fnv1a64:2aa7b69010ef69c6",
      "api": "protobuf_tonic::pbrs_to_prost",
      "both_api_roundtrips": "passed",
      "common_wire_bytes": 428,
      "common_wire_fingerprint": "fnv1a64:2aa7b69010ef69c6",
      "complete_reads": "passed",
      "direction": "pbrs_to_prost",
      "full_equality": "passed",
      "id": "codec.adoption.bridge.pbrs_to_prost.query.d6.v4.api_only",
      "instructions": "not_run",
      "mode": "api_only",
      "numeric_cost": "not_run",
      "read_checksum": 14063232175965257963,
      "source_output_equal_wire": true,
      "specimen": "Query { depth: 6, variant: 4 }",
      "target_reencoded_wire_bytes": 428,
      "target_reencoded_wire_fingerprint": "fnv1a64:2aa7b69010ef69c6",
      "timing_blocked_reason": null,
      "timing_qualification": "passed",
      "wire_fingerprint": "bridge-v1:428:fnv1a64:2aa7b69010ef69c6:fnv1a64:2aa7b69010ef69c6"
    },
    {
      "actual_source_wire_bytes": 428,
      "actual_source_wire_fingerprint": "fnv1a64:2aa7b69010ef69c6",
      "api": "protobuf_tonic::pbrs_to_prost",
      "both_api_roundtrips": "passed",
      "common_wire_bytes": 428,
      "common_wire_fingerprint": "fnv1a64:2aa7b69010ef69c6",
      "complete_reads": "passed",
      "direction": "pbrs_to_prost",
      "full_equality": "passed",
      "id": "codec.adoption.bridge.pbrs_to_prost.query.d6.v4.read_all",
      "instructions": "not_run",
      "mode": "read_all",
      "numeric_cost": "not_run",
      "read_checksum": 14063232175965257963,
      "source_output_equal_wire": true,
      "specimen": "Query { depth: 6, variant: 4 }",
      "target_reencoded_wire_bytes": 428,
      "target_reencoded_wire_fingerprint": "fnv1a64:2aa7b69010ef69c6",
      "timing_blocked_reason": null,
      "timing_qualification": "passed",
      "wire_fingerprint": "bridge-v1:428:fnv1a64:2aa7b69010ef69c6:fnv1a64:2aa7b69010ef69c6"
    },
    {
      "actual_source_wire_bytes": 436,
      "actual_source_wire_fingerprint": "fnv1a64:14dbcdece15379f8",
      "api": "protobuf_tonic::prost_to_pbrs",
      "both_api_roundtrips": "passed",
      "common_wire_bytes": 436,
      "common_wire_fingerprint": "fnv1a64:14dbcdece15379f8",
      "complete_reads": "passed",
      "direction": "prost_to_pbrs",
      "full_equality": "passed",
      "id": "codec.adoption.bridge.prost_to_pbrs.query.d6.v5.api_only",
      "instructions": "not_run",
      "mode": "api_only",
      "numeric_cost": "not_run",
      "read_checksum": 6695912682848346212,
      "source_output_equal_wire": true,
      "specimen": "Query { depth: 6, variant: 5 }",
      "target_reencoded_wire_bytes": 436,
      "target_reencoded_wire_fingerprint": "fnv1a64:14dbcdece15379f8",
      "timing_blocked_reason": null,
      "timing_qualification": "passed",
      "wire_fingerprint": "bridge-v1:436:fnv1a64:14dbcdece15379f8:fnv1a64:14dbcdece15379f8"
    },
    {
      "actual_source_wire_bytes": 436,
      "actual_source_wire_fingerprint": "fnv1a64:14dbcdece15379f8",
      "api": "protobuf_tonic::prost_to_pbrs",
      "both_api_roundtrips": "passed",
      "common_wire_bytes": 436,
      "common_wire_fingerprint": "fnv1a64:14dbcdece15379f8",
      "complete_reads": "passed",
      "direction": "prost_to_pbrs",
      "full_equality": "passed",
      "id": "codec.adoption.bridge.prost_to_pbrs.query.d6.v5.read_all",
      "instructions": "not_run",
      "mode": "read_all",
      "numeric_cost": "not_run",
      "read_checksum": 6695912682848346212,
      "source_output_equal_wire": true,
      "specimen": "Query { depth: 6, variant: 5 }",
      "target_reencoded_wire_bytes": 436,
      "target_reencoded_wire_fingerprint": "fnv1a64:14dbcdece15379f8",
      "timing_blocked_reason": null,
      "timing_qualification": "passed",
      "wire_fingerprint": "bridge-v1:436:fnv1a64:14dbcdece15379f8:fnv1a64:14dbcdece15379f8"
    },
    {
      "actual_source_wire_bytes": 436,
      "actual_source_wire_fingerprint": "fnv1a64:14dbcdece15379f8",
      "api": "protobuf_tonic::pbrs_to_prost",
      "both_api_roundtrips": "passed",
      "common_wire_bytes": 436,
      "common_wire_fingerprint": "fnv1a64:14dbcdece15379f8",
      "complete_reads": "passed",
      "direction": "pbrs_to_prost",
      "full_equality": "passed",
      "id": "codec.adoption.bridge.pbrs_to_prost.query.d6.v5.api_only",
      "instructions": "not_run",
      "mode": "api_only",
      "numeric_cost": "not_run",
      "read_checksum": 6695912682848346212,
      "source_output_equal_wire": true,
      "specimen": "Query { depth: 6, variant: 5 }",
      "target_reencoded_wire_bytes": 436,
      "target_reencoded_wire_fingerprint": "fnv1a64:14dbcdece15379f8",
      "timing_blocked_reason": null,
      "timing_qualification": "passed",
      "wire_fingerprint": "bridge-v1:436:fnv1a64:14dbcdece15379f8:fnv1a64:14dbcdece15379f8"
    },
    {
      "actual_source_wire_bytes": 436,
      "actual_source_wire_fingerprint": "fnv1a64:14dbcdece15379f8",
      "api": "protobuf_tonic::pbrs_to_prost",
      "both_api_roundtrips": "passed",
      "common_wire_bytes": 436,
      "common_wire_fingerprint": "fnv1a64:14dbcdece15379f8",
      "complete_reads": "passed",
      "direction": "pbrs_to_prost",
      "full_equality": "passed",
      "id": "codec.adoption.bridge.pbrs_to_prost.query.d6.v5.read_all",
      "instructions": "not_run",
      "mode": "read_all",
      "numeric_cost": "not_run",
      "read_checksum": 6695912682848346212,
      "source_output_equal_wire": true,
      "specimen": "Query { depth: 6, variant: 5 }",
      "target_reencoded_wire_bytes": 436,
      "target_reencoded_wire_fingerprint": "fnv1a64:14dbcdece15379f8",
      "timing_blocked_reason": null,
      "timing_qualification": "passed",
      "wire_fingerprint": "bridge-v1:436:fnv1a64:14dbcdece15379f8:fnv1a64:14dbcdece15379f8"
    },
    {
      "actual_source_wire_bytes": 449,
      "actual_source_wire_fingerprint": "fnv1a64:d1e8e5a8be08c5ad",
      "api": "protobuf_tonic::prost_to_pbrs",
      "both_api_roundtrips": "passed",
      "common_wire_bytes": 449,
      "common_wire_fingerprint": "fnv1a64:d1e8e5a8be08c5ad",
      "complete_reads": "passed",
      "direction": "prost_to_pbrs",
      "full_equality": "passed",
      "id": "codec.adoption.bridge.prost_to_pbrs.query.d6.v6.api_only",
      "instructions": "not_run",
      "mode": "api_only",
      "numeric_cost": "not_run",
      "read_checksum": 376621836473303606,
      "source_output_equal_wire": true,
      "specimen": "Query { depth: 6, variant: 6 }",
      "target_reencoded_wire_bytes": 449,
      "target_reencoded_wire_fingerprint": "fnv1a64:d1e8e5a8be08c5ad",
      "timing_blocked_reason": null,
      "timing_qualification": "passed",
      "wire_fingerprint": "bridge-v1:449:fnv1a64:d1e8e5a8be08c5ad:fnv1a64:d1e8e5a8be08c5ad"
    },
    {
      "actual_source_wire_bytes": 449,
      "actual_source_wire_fingerprint": "fnv1a64:d1e8e5a8be08c5ad",
      "api": "protobuf_tonic::prost_to_pbrs",
      "both_api_roundtrips": "passed",
      "common_wire_bytes": 449,
      "common_wire_fingerprint": "fnv1a64:d1e8e5a8be08c5ad",
      "complete_reads": "passed",
      "direction": "prost_to_pbrs",
      "full_equality": "passed",
      "id": "codec.adoption.bridge.prost_to_pbrs.query.d6.v6.read_all",
      "instructions": "not_run",
      "mode": "read_all",
      "numeric_cost": "not_run",
      "read_checksum": 376621836473303606,
      "source_output_equal_wire": true,
      "specimen": "Query { depth: 6, variant: 6 }",
      "target_reencoded_wire_bytes": 449,
      "target_reencoded_wire_fingerprint": "fnv1a64:d1e8e5a8be08c5ad",
      "timing_blocked_reason": null,
      "timing_qualification": "passed",
      "wire_fingerprint": "bridge-v1:449:fnv1a64:d1e8e5a8be08c5ad:fnv1a64:d1e8e5a8be08c5ad"
    },
    {
      "actual_source_wire_bytes": 449,
      "actual_source_wire_fingerprint": "fnv1a64:d1e8e5a8be08c5ad",
      "api": "protobuf_tonic::pbrs_to_prost",
      "both_api_roundtrips": "passed",
      "common_wire_bytes": 449,
      "common_wire_fingerprint": "fnv1a64:d1e8e5a8be08c5ad",
      "complete_reads": "passed",
      "direction": "pbrs_to_prost",
      "full_equality": "passed",
      "id": "codec.adoption.bridge.pbrs_to_prost.query.d6.v6.api_only",
      "instructions": "not_run",
      "mode": "api_only",
      "numeric_cost": "not_run",
      "read_checksum": 376621836473303606,
      "source_output_equal_wire": true,
      "specimen": "Query { depth: 6, variant: 6 }",
      "target_reencoded_wire_bytes": 449,
      "target_reencoded_wire_fingerprint": "fnv1a64:d1e8e5a8be08c5ad",
      "timing_blocked_reason": null,
      "timing_qualification": "passed",
      "wire_fingerprint": "bridge-v1:449:fnv1a64:d1e8e5a8be08c5ad:fnv1a64:d1e8e5a8be08c5ad"
    },
    {
      "actual_source_wire_bytes": 449,
      "actual_source_wire_fingerprint": "fnv1a64:d1e8e5a8be08c5ad",
      "api": "protobuf_tonic::pbrs_to_prost",
      "both_api_roundtrips": "passed",
      "common_wire_bytes": 449,
      "common_wire_fingerprint": "fnv1a64:d1e8e5a8be08c5ad",
      "complete_reads": "passed",
      "direction": "pbrs_to_prost",
      "full_equality": "passed",
      "id": "codec.adoption.bridge.pbrs_to_prost.query.d6.v6.read_all",
      "instructions": "not_run",
      "mode": "read_all",
      "numeric_cost": "not_run",
      "read_checksum": 376621836473303606,
      "source_output_equal_wire": true,
      "specimen": "Query { depth: 6, variant: 6 }",
      "target_reencoded_wire_bytes": 449,
      "target_reencoded_wire_fingerprint": "fnv1a64:d1e8e5a8be08c5ad",
      "timing_blocked_reason": null,
      "timing_qualification": "passed",
      "wire_fingerprint": "bridge-v1:449:fnv1a64:d1e8e5a8be08c5ad:fnv1a64:d1e8e5a8be08c5ad"
    },
    {
      "actual_source_wire_bytes": 451,
      "actual_source_wire_fingerprint": "fnv1a64:92bbe72a7680a111",
      "api": "protobuf_tonic::prost_to_pbrs",
      "both_api_roundtrips": "passed",
      "common_wire_bytes": 451,
      "common_wire_fingerprint": "fnv1a64:92bbe72a7680a111",
      "complete_reads": "passed",
      "direction": "prost_to_pbrs",
      "full_equality": "passed",
      "id": "codec.adoption.bridge.prost_to_pbrs.query.d6.v7.api_only",
      "instructions": "not_run",
      "mode": "api_only",
      "numeric_cost": "not_run",
      "read_checksum": 17237119905577766526,
      "source_output_equal_wire": true,
      "specimen": "Query { depth: 6, variant: 7 }",
      "target_reencoded_wire_bytes": 451,
      "target_reencoded_wire_fingerprint": "fnv1a64:92bbe72a7680a111",
      "timing_blocked_reason": null,
      "timing_qualification": "passed",
      "wire_fingerprint": "bridge-v1:451:fnv1a64:92bbe72a7680a111:fnv1a64:92bbe72a7680a111"
    },
    {
      "actual_source_wire_bytes": 451,
      "actual_source_wire_fingerprint": "fnv1a64:92bbe72a7680a111",
      "api": "protobuf_tonic::prost_to_pbrs",
      "both_api_roundtrips": "passed",
      "common_wire_bytes": 451,
      "common_wire_fingerprint": "fnv1a64:92bbe72a7680a111",
      "complete_reads": "passed",
      "direction": "prost_to_pbrs",
      "full_equality": "passed",
      "id": "codec.adoption.bridge.prost_to_pbrs.query.d6.v7.read_all",
      "instructions": "not_run",
      "mode": "read_all",
      "numeric_cost": "not_run",
      "read_checksum": 17237119905577766526,
      "source_output_equal_wire": true,
      "specimen": "Query { depth: 6, variant: 7 }",
      "target_reencoded_wire_bytes": 451,
      "target_reencoded_wire_fingerprint": "fnv1a64:92bbe72a7680a111",
      "timing_blocked_reason": null,
      "timing_qualification": "passed",
      "wire_fingerprint": "bridge-v1:451:fnv1a64:92bbe72a7680a111:fnv1a64:92bbe72a7680a111"
    },
    {
      "actual_source_wire_bytes": 451,
      "actual_source_wire_fingerprint": "fnv1a64:92bbe72a7680a111",
      "api": "protobuf_tonic::pbrs_to_prost",
      "both_api_roundtrips": "passed",
      "common_wire_bytes": 451,
      "common_wire_fingerprint": "fnv1a64:92bbe72a7680a111",
      "complete_reads": "passed",
      "direction": "pbrs_to_prost",
      "full_equality": "passed",
      "id": "codec.adoption.bridge.pbrs_to_prost.query.d6.v7.api_only",
      "instructions": "not_run",
      "mode": "api_only",
      "numeric_cost": "not_run",
      "read_checksum": 17237119905577766526,
      "source_output_equal_wire": true,
      "specimen": "Query { depth: 6, variant: 7 }",
      "target_reencoded_wire_bytes": 451,
      "target_reencoded_wire_fingerprint": "fnv1a64:92bbe72a7680a111",
      "timing_blocked_reason": null,
      "timing_qualification": "passed",
      "wire_fingerprint": "bridge-v1:451:fnv1a64:92bbe72a7680a111:fnv1a64:92bbe72a7680a111"
    },
    {
      "actual_source_wire_bytes": 451,
      "actual_source_wire_fingerprint": "fnv1a64:92bbe72a7680a111",
      "api": "protobuf_tonic::pbrs_to_prost",
      "both_api_roundtrips": "passed",
      "common_wire_bytes": 451,
      "common_wire_fingerprint": "fnv1a64:92bbe72a7680a111",
      "complete_reads": "passed",
      "direction": "pbrs_to_prost",
      "full_equality": "passed",
      "id": "codec.adoption.bridge.pbrs_to_prost.query.d6.v7.read_all",
      "instructions": "not_run",
      "mode": "read_all",
      "numeric_cost": "not_run",
      "read_checksum": 17237119905577766526,
      "source_output_equal_wire": true,
      "specimen": "Query { depth: 6, variant: 7 }",
      "target_reencoded_wire_bytes": 451,
      "target_reencoded_wire_fingerprint": "fnv1a64:92bbe72a7680a111",
      "timing_blocked_reason": null,
      "timing_qualification": "passed",
      "wire_fingerprint": "bridge-v1:451:fnv1a64:92bbe72a7680a111:fnv1a64:92bbe72a7680a111"
    },
    {
      "actual_source_wire_bytes": 488,
      "actual_source_wire_fingerprint": "fnv1a64:fcbdf9ad3469daea",
      "api": "protobuf_tonic::prost_to_pbrs",
      "both_api_roundtrips": "passed",
      "common_wire_bytes": 488,
      "common_wire_fingerprint": "fnv1a64:fcbdf9ad3469daea",
      "complete_reads": "passed",
      "direction": "prost_to_pbrs",
      "full_equality": "passed",
      "id": "codec.adoption.bridge.prost_to_pbrs.query.d7.v0.api_only",
      "instructions": "not_run",
      "mode": "api_only",
      "numeric_cost": "not_run",
      "read_checksum": 17329302925935396484,
      "source_output_equal_wire": true,
      "specimen": "Query { depth: 7, variant: 0 }",
      "target_reencoded_wire_bytes": 488,
      "target_reencoded_wire_fingerprint": "fnv1a64:fcbdf9ad3469daea",
      "timing_blocked_reason": null,
      "timing_qualification": "passed",
      "wire_fingerprint": "bridge-v1:488:fnv1a64:fcbdf9ad3469daea:fnv1a64:fcbdf9ad3469daea"
    },
    {
      "actual_source_wire_bytes": 488,
      "actual_source_wire_fingerprint": "fnv1a64:fcbdf9ad3469daea",
      "api": "protobuf_tonic::prost_to_pbrs",
      "both_api_roundtrips": "passed",
      "common_wire_bytes": 488,
      "common_wire_fingerprint": "fnv1a64:fcbdf9ad3469daea",
      "complete_reads": "passed",
      "direction": "prost_to_pbrs",
      "full_equality": "passed",
      "id": "codec.adoption.bridge.prost_to_pbrs.query.d7.v0.read_all",
      "instructions": "not_run",
      "mode": "read_all",
      "numeric_cost": "not_run",
      "read_checksum": 17329302925935396484,
      "source_output_equal_wire": true,
      "specimen": "Query { depth: 7, variant: 0 }",
      "target_reencoded_wire_bytes": 488,
      "target_reencoded_wire_fingerprint": "fnv1a64:fcbdf9ad3469daea",
      "timing_blocked_reason": null,
      "timing_qualification": "passed",
      "wire_fingerprint": "bridge-v1:488:fnv1a64:fcbdf9ad3469daea:fnv1a64:fcbdf9ad3469daea"
    },
    {
      "actual_source_wire_bytes": 488,
      "actual_source_wire_fingerprint": "fnv1a64:fcbdf9ad3469daea",
      "api": "protobuf_tonic::pbrs_to_prost",
      "both_api_roundtrips": "passed",
      "common_wire_bytes": 488,
      "common_wire_fingerprint": "fnv1a64:fcbdf9ad3469daea",
      "complete_reads": "passed",
      "direction": "pbrs_to_prost",
      "full_equality": "passed",
      "id": "codec.adoption.bridge.pbrs_to_prost.query.d7.v0.api_only",
      "instructions": "not_run",
      "mode": "api_only",
      "numeric_cost": "not_run",
      "read_checksum": 17329302925935396484,
      "source_output_equal_wire": true,
      "specimen": "Query { depth: 7, variant: 0 }",
      "target_reencoded_wire_bytes": 488,
      "target_reencoded_wire_fingerprint": "fnv1a64:fcbdf9ad3469daea",
      "timing_blocked_reason": null,
      "timing_qualification": "passed",
      "wire_fingerprint": "bridge-v1:488:fnv1a64:fcbdf9ad3469daea:fnv1a64:fcbdf9ad3469daea"
    },
    {
      "actual_source_wire_bytes": 488,
      "actual_source_wire_fingerprint": "fnv1a64:fcbdf9ad3469daea",
      "api": "protobuf_tonic::pbrs_to_prost",
      "both_api_roundtrips": "passed",
      "common_wire_bytes": 488,
      "common_wire_fingerprint": "fnv1a64:fcbdf9ad3469daea",
      "complete_reads": "passed",
      "direction": "pbrs_to_prost",
      "full_equality": "passed",
      "id": "codec.adoption.bridge.pbrs_to_prost.query.d7.v0.read_all",
      "instructions": "not_run",
      "mode": "read_all",
      "numeric_cost": "not_run",
      "read_checksum": 17329302925935396484,
      "source_output_equal_wire": true,
      "specimen": "Query { depth: 7, variant: 0 }",
      "target_reencoded_wire_bytes": 488,
      "target_reencoded_wire_fingerprint": "fnv1a64:fcbdf9ad3469daea",
      "timing_blocked_reason": null,
      "timing_qualification": "passed",
      "wire_fingerprint": "bridge-v1:488:fnv1a64:fcbdf9ad3469daea:fnv1a64:fcbdf9ad3469daea"
    },
    {
      "actual_source_wire_bytes": 483,
      "actual_source_wire_fingerprint": "fnv1a64:e9a91a25ac5e9792",
      "api": "protobuf_tonic::prost_to_pbrs",
      "both_api_roundtrips": "passed",
      "common_wire_bytes": 483,
      "common_wire_fingerprint": "fnv1a64:e9a91a25ac5e9792",
      "complete_reads": "passed",
      "direction": "prost_to_pbrs",
      "full_equality": "passed",
      "id": "codec.adoption.bridge.prost_to_pbrs.query.d7.v1.api_only",
      "instructions": "not_run",
      "mode": "api_only",
      "numeric_cost": "not_run",
      "read_checksum": 17132489420393722685,
      "source_output_equal_wire": true,
      "specimen": "Query { depth: 7, variant: 1 }",
      "target_reencoded_wire_bytes": 483,
      "target_reencoded_wire_fingerprint": "fnv1a64:e9a91a25ac5e9792",
      "timing_blocked_reason": null,
      "timing_qualification": "passed",
      "wire_fingerprint": "bridge-v1:483:fnv1a64:e9a91a25ac5e9792:fnv1a64:e9a91a25ac5e9792"
    },
    {
      "actual_source_wire_bytes": 483,
      "actual_source_wire_fingerprint": "fnv1a64:e9a91a25ac5e9792",
      "api": "protobuf_tonic::prost_to_pbrs",
      "both_api_roundtrips": "passed",
      "common_wire_bytes": 483,
      "common_wire_fingerprint": "fnv1a64:e9a91a25ac5e9792",
      "complete_reads": "passed",
      "direction": "prost_to_pbrs",
      "full_equality": "passed",
      "id": "codec.adoption.bridge.prost_to_pbrs.query.d7.v1.read_all",
      "instructions": "not_run",
      "mode": "read_all",
      "numeric_cost": "not_run",
      "read_checksum": 17132489420393722685,
      "source_output_equal_wire": true,
      "specimen": "Query { depth: 7, variant: 1 }",
      "target_reencoded_wire_bytes": 483,
      "target_reencoded_wire_fingerprint": "fnv1a64:e9a91a25ac5e9792",
      "timing_blocked_reason": null,
      "timing_qualification": "passed",
      "wire_fingerprint": "bridge-v1:483:fnv1a64:e9a91a25ac5e9792:fnv1a64:e9a91a25ac5e9792"
    },
    {
      "actual_source_wire_bytes": 483,
      "actual_source_wire_fingerprint": "fnv1a64:e9a91a25ac5e9792",
      "api": "protobuf_tonic::pbrs_to_prost",
      "both_api_roundtrips": "passed",
      "common_wire_bytes": 483,
      "common_wire_fingerprint": "fnv1a64:e9a91a25ac5e9792",
      "complete_reads": "passed",
      "direction": "pbrs_to_prost",
      "full_equality": "passed",
      "id": "codec.adoption.bridge.pbrs_to_prost.query.d7.v1.api_only",
      "instructions": "not_run",
      "mode": "api_only",
      "numeric_cost": "not_run",
      "read_checksum": 17132489420393722685,
      "source_output_equal_wire": true,
      "specimen": "Query { depth: 7, variant: 1 }",
      "target_reencoded_wire_bytes": 483,
      "target_reencoded_wire_fingerprint": "fnv1a64:e9a91a25ac5e9792",
      "timing_blocked_reason": null,
      "timing_qualification": "passed",
      "wire_fingerprint": "bridge-v1:483:fnv1a64:e9a91a25ac5e9792:fnv1a64:e9a91a25ac5e9792"
    },
    {
      "actual_source_wire_bytes": 483,
      "actual_source_wire_fingerprint": "fnv1a64:e9a91a25ac5e9792",
      "api": "protobuf_tonic::pbrs_to_prost",
      "both_api_roundtrips": "passed",
      "common_wire_bytes": 483,
      "common_wire_fingerprint": "fnv1a64:e9a91a25ac5e9792",
      "complete_reads": "passed",
      "direction": "pbrs_to_prost",
      "full_equality": "passed",
      "id": "codec.adoption.bridge.pbrs_to_prost.query.d7.v1.read_all",
      "instructions": "not_run",
      "mode": "read_all",
      "numeric_cost": "not_run",
      "read_checksum": 17132489420393722685,
      "source_output_equal_wire": true,
      "specimen": "Query { depth: 7, variant: 1 }",
      "target_reencoded_wire_bytes": 483,
      "target_reencoded_wire_fingerprint": "fnv1a64:e9a91a25ac5e9792",
      "timing_blocked_reason": null,
      "timing_qualification": "passed",
      "wire_fingerprint": "bridge-v1:483:fnv1a64:e9a91a25ac5e9792:fnv1a64:e9a91a25ac5e9792"
    },
    {
      "actual_source_wire_bytes": 492,
      "actual_source_wire_fingerprint": "fnv1a64:7cf668a96559f245",
      "api": "protobuf_tonic::prost_to_pbrs",
      "both_api_roundtrips": "passed",
      "common_wire_bytes": 492,
      "common_wire_fingerprint": "fnv1a64:7cf668a96559f245",
      "complete_reads": "passed",
      "direction": "prost_to_pbrs",
      "full_equality": "passed",
      "id": "codec.adoption.bridge.prost_to_pbrs.query.d7.v2.api_only",
      "instructions": "not_run",
      "mode": "api_only",
      "numeric_cost": "not_run",
      "read_checksum": 9916094205207592122,
      "source_output_equal_wire": true,
      "specimen": "Query { depth: 7, variant: 2 }",
      "target_reencoded_wire_bytes": 492,
      "target_reencoded_wire_fingerprint": "fnv1a64:7cf668a96559f245",
      "timing_blocked_reason": null,
      "timing_qualification": "passed",
      "wire_fingerprint": "bridge-v1:492:fnv1a64:7cf668a96559f245:fnv1a64:7cf668a96559f245"
    },
    {
      "actual_source_wire_bytes": 492,
      "actual_source_wire_fingerprint": "fnv1a64:7cf668a96559f245",
      "api": "protobuf_tonic::prost_to_pbrs",
      "both_api_roundtrips": "passed",
      "common_wire_bytes": 492,
      "common_wire_fingerprint": "fnv1a64:7cf668a96559f245",
      "complete_reads": "passed",
      "direction": "prost_to_pbrs",
      "full_equality": "passed",
      "id": "codec.adoption.bridge.prost_to_pbrs.query.d7.v2.read_all",
      "instructions": "not_run",
      "mode": "read_all",
      "numeric_cost": "not_run",
      "read_checksum": 9916094205207592122,
      "source_output_equal_wire": true,
      "specimen": "Query { depth: 7, variant: 2 }",
      "target_reencoded_wire_bytes": 492,
      "target_reencoded_wire_fingerprint": "fnv1a64:7cf668a96559f245",
      "timing_blocked_reason": null,
      "timing_qualification": "passed",
      "wire_fingerprint": "bridge-v1:492:fnv1a64:7cf668a96559f245:fnv1a64:7cf668a96559f245"
    },
    {
      "actual_source_wire_bytes": 492,
      "actual_source_wire_fingerprint": "fnv1a64:7cf668a96559f245",
      "api": "protobuf_tonic::pbrs_to_prost",
      "both_api_roundtrips": "passed",
      "common_wire_bytes": 492,
      "common_wire_fingerprint": "fnv1a64:7cf668a96559f245",
      "complete_reads": "passed",
      "direction": "pbrs_to_prost",
      "full_equality": "passed",
      "id": "codec.adoption.bridge.pbrs_to_prost.query.d7.v2.api_only",
      "instructions": "not_run",
      "mode": "api_only",
      "numeric_cost": "not_run",
      "read_checksum": 9916094205207592122,
      "source_output_equal_wire": true,
      "specimen": "Query { depth: 7, variant: 2 }",
      "target_reencoded_wire_bytes": 492,
      "target_reencoded_wire_fingerprint": "fnv1a64:7cf668a96559f245",
      "timing_blocked_reason": null,
      "timing_qualification": "passed",
      "wire_fingerprint": "bridge-v1:492:fnv1a64:7cf668a96559f245:fnv1a64:7cf668a96559f245"
    },
    {
      "actual_source_wire_bytes": 492,
      "actual_source_wire_fingerprint": "fnv1a64:7cf668a96559f245",
      "api": "protobuf_tonic::pbrs_to_prost",
      "both_api_roundtrips": "passed",
      "common_wire_bytes": 492,
      "common_wire_fingerprint": "fnv1a64:7cf668a96559f245",
      "complete_reads": "passed",
      "direction": "pbrs_to_prost",
      "full_equality": "passed",
      "id": "codec.adoption.bridge.pbrs_to_prost.query.d7.v2.read_all",
      "instructions": "not_run",
      "mode": "read_all",
      "numeric_cost": "not_run",
      "read_checksum": 9916094205207592122,
      "source_output_equal_wire": true,
      "specimen": "Query { depth: 7, variant: 2 }",
      "target_reencoded_wire_bytes": 492,
      "target_reencoded_wire_fingerprint": "fnv1a64:7cf668a96559f245",
      "timing_blocked_reason": null,
      "timing_qualification": "passed",
      "wire_fingerprint": "bridge-v1:492:fnv1a64:7cf668a96559f245:fnv1a64:7cf668a96559f245"
    },
    {
      "actual_source_wire_bytes": 497,
      "actual_source_wire_fingerprint": "fnv1a64:171ceac3437eaccc",
      "api": "protobuf_tonic::prost_to_pbrs",
      "both_api_roundtrips": "passed",
      "common_wire_bytes": 497,
      "common_wire_fingerprint": "fnv1a64:171ceac3437eaccc",
      "complete_reads": "passed",
      "direction": "prost_to_pbrs",
      "full_equality": "passed",
      "id": "codec.adoption.bridge.prost_to_pbrs.query.d7.v3.api_only",
      "instructions": "not_run",
      "mode": "api_only",
      "numeric_cost": "not_run",
      "read_checksum": 16134681190140240219,
      "source_output_equal_wire": true,
      "specimen": "Query { depth: 7, variant: 3 }",
      "target_reencoded_wire_bytes": 497,
      "target_reencoded_wire_fingerprint": "fnv1a64:171ceac3437eaccc",
      "timing_blocked_reason": null,
      "timing_qualification": "passed",
      "wire_fingerprint": "bridge-v1:497:fnv1a64:171ceac3437eaccc:fnv1a64:171ceac3437eaccc"
    },
    {
      "actual_source_wire_bytes": 497,
      "actual_source_wire_fingerprint": "fnv1a64:171ceac3437eaccc",
      "api": "protobuf_tonic::prost_to_pbrs",
      "both_api_roundtrips": "passed",
      "common_wire_bytes": 497,
      "common_wire_fingerprint": "fnv1a64:171ceac3437eaccc",
      "complete_reads": "passed",
      "direction": "prost_to_pbrs",
      "full_equality": "passed",
      "id": "codec.adoption.bridge.prost_to_pbrs.query.d7.v3.read_all",
      "instructions": "not_run",
      "mode": "read_all",
      "numeric_cost": "not_run",
      "read_checksum": 16134681190140240219,
      "source_output_equal_wire": true,
      "specimen": "Query { depth: 7, variant: 3 }",
      "target_reencoded_wire_bytes": 497,
      "target_reencoded_wire_fingerprint": "fnv1a64:171ceac3437eaccc",
      "timing_blocked_reason": null,
      "timing_qualification": "passed",
      "wire_fingerprint": "bridge-v1:497:fnv1a64:171ceac3437eaccc:fnv1a64:171ceac3437eaccc"
    },
    {
      "actual_source_wire_bytes": 497,
      "actual_source_wire_fingerprint": "fnv1a64:171ceac3437eaccc",
      "api": "protobuf_tonic::pbrs_to_prost",
      "both_api_roundtrips": "passed",
      "common_wire_bytes": 497,
      "common_wire_fingerprint": "fnv1a64:171ceac3437eaccc",
      "complete_reads": "passed",
      "direction": "pbrs_to_prost",
      "full_equality": "passed",
      "id": "codec.adoption.bridge.pbrs_to_prost.query.d7.v3.api_only",
      "instructions": "not_run",
      "mode": "api_only",
      "numeric_cost": "not_run",
      "read_checksum": 16134681190140240219,
      "source_output_equal_wire": true,
      "specimen": "Query { depth: 7, variant: 3 }",
      "target_reencoded_wire_bytes": 497,
      "target_reencoded_wire_fingerprint": "fnv1a64:171ceac3437eaccc",
      "timing_blocked_reason": null,
      "timing_qualification": "passed",
      "wire_fingerprint": "bridge-v1:497:fnv1a64:171ceac3437eaccc:fnv1a64:171ceac3437eaccc"
    },
    {
      "actual_source_wire_bytes": 497,
      "actual_source_wire_fingerprint": "fnv1a64:171ceac3437eaccc",
      "api": "protobuf_tonic::pbrs_to_prost",
      "both_api_roundtrips": "passed",
      "common_wire_bytes": 497,
      "common_wire_fingerprint": "fnv1a64:171ceac3437eaccc",
      "complete_reads": "passed",
      "direction": "pbrs_to_prost",
      "full_equality": "passed",
      "id": "codec.adoption.bridge.pbrs_to_prost.query.d7.v3.read_all",
      "instructions": "not_run",
      "mode": "read_all",
      "numeric_cost": "not_run",
      "read_checksum": 16134681190140240219,
      "source_output_equal_wire": true,
      "specimen": "Query { depth: 7, variant: 3 }",
      "target_reencoded_wire_bytes": 497,
      "target_reencoded_wire_fingerprint": "fnv1a64:171ceac3437eaccc",
      "timing_blocked_reason": null,
      "timing_qualification": "passed",
      "wire_fingerprint": "bridge-v1:497:fnv1a64:171ceac3437eaccc:fnv1a64:171ceac3437eaccc"
    },
    {
      "actual_source_wire_bytes": 512,
      "actual_source_wire_fingerprint": "fnv1a64:1590605d68c534e8",
      "api": "protobuf_tonic::prost_to_pbrs",
      "both_api_roundtrips": "passed",
      "common_wire_bytes": 512,
      "common_wire_fingerprint": "fnv1a64:1590605d68c534e8",
      "complete_reads": "passed",
      "direction": "prost_to_pbrs",
      "full_equality": "passed",
      "id": "codec.adoption.bridge.prost_to_pbrs.query.d7.v4.api_only",
      "instructions": "not_run",
      "mode": "api_only",
      "numeric_cost": "not_run",
      "read_checksum": 4333962931710588078,
      "source_output_equal_wire": true,
      "specimen": "Query { depth: 7, variant: 4 }",
      "target_reencoded_wire_bytes": 512,
      "target_reencoded_wire_fingerprint": "fnv1a64:1590605d68c534e8",
      "timing_blocked_reason": null,
      "timing_qualification": "passed",
      "wire_fingerprint": "bridge-v1:512:fnv1a64:1590605d68c534e8:fnv1a64:1590605d68c534e8"
    },
    {
      "actual_source_wire_bytes": 512,
      "actual_source_wire_fingerprint": "fnv1a64:1590605d68c534e8",
      "api": "protobuf_tonic::prost_to_pbrs",
      "both_api_roundtrips": "passed",
      "common_wire_bytes": 512,
      "common_wire_fingerprint": "fnv1a64:1590605d68c534e8",
      "complete_reads": "passed",
      "direction": "prost_to_pbrs",
      "full_equality": "passed",
      "id": "codec.adoption.bridge.prost_to_pbrs.query.d7.v4.read_all",
      "instructions": "not_run",
      "mode": "read_all",
      "numeric_cost": "not_run",
      "read_checksum": 4333962931710588078,
      "source_output_equal_wire": true,
      "specimen": "Query { depth: 7, variant: 4 }",
      "target_reencoded_wire_bytes": 512,
      "target_reencoded_wire_fingerprint": "fnv1a64:1590605d68c534e8",
      "timing_blocked_reason": null,
      "timing_qualification": "passed",
      "wire_fingerprint": "bridge-v1:512:fnv1a64:1590605d68c534e8:fnv1a64:1590605d68c534e8"
    },
    {
      "actual_source_wire_bytes": 512,
      "actual_source_wire_fingerprint": "fnv1a64:1590605d68c534e8",
      "api": "protobuf_tonic::pbrs_to_prost",
      "both_api_roundtrips": "passed",
      "common_wire_bytes": 512,
      "common_wire_fingerprint": "fnv1a64:1590605d68c534e8",
      "complete_reads": "passed",
      "direction": "pbrs_to_prost",
      "full_equality": "passed",
      "id": "codec.adoption.bridge.pbrs_to_prost.query.d7.v4.api_only",
      "instructions": "not_run",
      "mode": "api_only",
      "numeric_cost": "not_run",
      "read_checksum": 4333962931710588078,
      "source_output_equal_wire": true,
      "specimen": "Query { depth: 7, variant: 4 }",
      "target_reencoded_wire_bytes": 512,
      "target_reencoded_wire_fingerprint": "fnv1a64:1590605d68c534e8",
      "timing_blocked_reason": null,
      "timing_qualification": "passed",
      "wire_fingerprint": "bridge-v1:512:fnv1a64:1590605d68c534e8:fnv1a64:1590605d68c534e8"
    },
    {
      "actual_source_wire_bytes": 512,
      "actual_source_wire_fingerprint": "fnv1a64:1590605d68c534e8",
      "api": "protobuf_tonic::pbrs_to_prost",
      "both_api_roundtrips": "passed",
      "common_wire_bytes": 512,
      "common_wire_fingerprint": "fnv1a64:1590605d68c534e8",
      "complete_reads": "passed",
      "direction": "pbrs_to_prost",
      "full_equality": "passed",
      "id": "codec.adoption.bridge.pbrs_to_prost.query.d7.v4.read_all",
      "instructions": "not_run",
      "mode": "read_all",
      "numeric_cost": "not_run",
      "read_checksum": 4333962931710588078,
      "source_output_equal_wire": true,
      "specimen": "Query { depth: 7, variant: 4 }",
      "target_reencoded_wire_bytes": 512,
      "target_reencoded_wire_fingerprint": "fnv1a64:1590605d68c534e8",
      "timing_blocked_reason": null,
      "timing_qualification": "passed",
      "wire_fingerprint": "bridge-v1:512:fnv1a64:1590605d68c534e8:fnv1a64:1590605d68c534e8"
    },
    {
      "actual_source_wire_bytes": 514,
      "actual_source_wire_fingerprint": "fnv1a64:db8e28058c856a45",
      "api": "protobuf_tonic::prost_to_pbrs",
      "both_api_roundtrips": "passed",
      "common_wire_bytes": 514,
      "common_wire_fingerprint": "fnv1a64:db8e28058c856a45",
      "complete_reads": "passed",
      "direction": "prost_to_pbrs",
      "full_equality": "passed",
      "id": "codec.adoption.bridge.prost_to_pbrs.query.d7.v5.api_only",
      "instructions": "not_run",
      "mode": "api_only",
      "numeric_cost": "not_run",
      "read_checksum": 13784303428909870748,
      "source_output_equal_wire": true,
      "specimen": "Query { depth: 7, variant: 5 }",
      "target_reencoded_wire_bytes": 514,
      "target_reencoded_wire_fingerprint": "fnv1a64:db8e28058c856a45",
      "timing_blocked_reason": null,
      "timing_qualification": "passed",
      "wire_fingerprint": "bridge-v1:514:fnv1a64:db8e28058c856a45:fnv1a64:db8e28058c856a45"
    },
    {
      "actual_source_wire_bytes": 514,
      "actual_source_wire_fingerprint": "fnv1a64:db8e28058c856a45",
      "api": "protobuf_tonic::prost_to_pbrs",
      "both_api_roundtrips": "passed",
      "common_wire_bytes": 514,
      "common_wire_fingerprint": "fnv1a64:db8e28058c856a45",
      "complete_reads": "passed",
      "direction": "prost_to_pbrs",
      "full_equality": "passed",
      "id": "codec.adoption.bridge.prost_to_pbrs.query.d7.v5.read_all",
      "instructions": "not_run",
      "mode": "read_all",
      "numeric_cost": "not_run",
      "read_checksum": 13784303428909870748,
      "source_output_equal_wire": true,
      "specimen": "Query { depth: 7, variant: 5 }",
      "target_reencoded_wire_bytes": 514,
      "target_reencoded_wire_fingerprint": "fnv1a64:db8e28058c856a45",
      "timing_blocked_reason": null,
      "timing_qualification": "passed",
      "wire_fingerprint": "bridge-v1:514:fnv1a64:db8e28058c856a45:fnv1a64:db8e28058c856a45"
    },
    {
      "actual_source_wire_bytes": 514,
      "actual_source_wire_fingerprint": "fnv1a64:db8e28058c856a45",
      "api": "protobuf_tonic::pbrs_to_prost",
      "both_api_roundtrips": "passed",
      "common_wire_bytes": 514,
      "common_wire_fingerprint": "fnv1a64:db8e28058c856a45",
      "complete_reads": "passed",
      "direction": "pbrs_to_prost",
      "full_equality": "passed",
      "id": "codec.adoption.bridge.pbrs_to_prost.query.d7.v5.api_only",
      "instructions": "not_run",
      "mode": "api_only",
      "numeric_cost": "not_run",
      "read_checksum": 13784303428909870748,
      "source_output_equal_wire": true,
      "specimen": "Query { depth: 7, variant: 5 }",
      "target_reencoded_wire_bytes": 514,
      "target_reencoded_wire_fingerprint": "fnv1a64:db8e28058c856a45",
      "timing_blocked_reason": null,
      "timing_qualification": "passed",
      "wire_fingerprint": "bridge-v1:514:fnv1a64:db8e28058c856a45:fnv1a64:db8e28058c856a45"
    },
    {
      "actual_source_wire_bytes": 514,
      "actual_source_wire_fingerprint": "fnv1a64:db8e28058c856a45",
      "api": "protobuf_tonic::pbrs_to_prost",
      "both_api_roundtrips": "passed",
      "common_wire_bytes": 514,
      "common_wire_fingerprint": "fnv1a64:db8e28058c856a45",
      "complete_reads": "passed",
      "direction": "pbrs_to_prost",
      "full_equality": "passed",
      "id": "codec.adoption.bridge.pbrs_to_prost.query.d7.v5.read_all",
      "instructions": "not_run",
      "mode": "read_all",
      "numeric_cost": "not_run",
      "read_checksum": 13784303428909870748,
      "source_output_equal_wire": true,
      "specimen": "Query { depth: 7, variant: 5 }",
      "target_reencoded_wire_bytes": 514,
      "target_reencoded_wire_fingerprint": "fnv1a64:db8e28058c856a45",
      "timing_blocked_reason": null,
      "timing_qualification": "passed",
      "wire_fingerprint": "bridge-v1:514:fnv1a64:db8e28058c856a45:fnv1a64:db8e28058c856a45"
    },
    {
      "actual_source_wire_bytes": 517,
      "actual_source_wire_fingerprint": "fnv1a64:88393b685e2287f5",
      "api": "protobuf_tonic::prost_to_pbrs",
      "both_api_roundtrips": "passed",
      "common_wire_bytes": 517,
      "common_wire_fingerprint": "fnv1a64:88393b685e2287f5",
      "complete_reads": "passed",
      "direction": "prost_to_pbrs",
      "full_equality": "passed",
      "id": "codec.adoption.bridge.prost_to_pbrs.query.d7.v6.api_only",
      "instructions": "not_run",
      "mode": "api_only",
      "numeric_cost": "not_run",
      "read_checksum": 10535480020762726067,
      "source_output_equal_wire": true,
      "specimen": "Query { depth: 7, variant: 6 }",
      "target_reencoded_wire_bytes": 517,
      "target_reencoded_wire_fingerprint": "fnv1a64:88393b685e2287f5",
      "timing_blocked_reason": null,
      "timing_qualification": "passed",
      "wire_fingerprint": "bridge-v1:517:fnv1a64:88393b685e2287f5:fnv1a64:88393b685e2287f5"
    },
    {
      "actual_source_wire_bytes": 517,
      "actual_source_wire_fingerprint": "fnv1a64:88393b685e2287f5",
      "api": "protobuf_tonic::prost_to_pbrs",
      "both_api_roundtrips": "passed",
      "common_wire_bytes": 517,
      "common_wire_fingerprint": "fnv1a64:88393b685e2287f5",
      "complete_reads": "passed",
      "direction": "prost_to_pbrs",
      "full_equality": "passed",
      "id": "codec.adoption.bridge.prost_to_pbrs.query.d7.v6.read_all",
      "instructions": "not_run",
      "mode": "read_all",
      "numeric_cost": "not_run",
      "read_checksum": 10535480020762726067,
      "source_output_equal_wire": true,
      "specimen": "Query { depth: 7, variant: 6 }",
      "target_reencoded_wire_bytes": 517,
      "target_reencoded_wire_fingerprint": "fnv1a64:88393b685e2287f5",
      "timing_blocked_reason": null,
      "timing_qualification": "passed",
      "wire_fingerprint": "bridge-v1:517:fnv1a64:88393b685e2287f5:fnv1a64:88393b685e2287f5"
    },
    {
      "actual_source_wire_bytes": 517,
      "actual_source_wire_fingerprint": "fnv1a64:88393b685e2287f5",
      "api": "protobuf_tonic::pbrs_to_prost",
      "both_api_roundtrips": "passed",
      "common_wire_bytes": 517,
      "common_wire_fingerprint": "fnv1a64:88393b685e2287f5",
      "complete_reads": "passed",
      "direction": "pbrs_to_prost",
      "full_equality": "passed",
      "id": "codec.adoption.bridge.pbrs_to_prost.query.d7.v6.api_only",
      "instructions": "not_run",
      "mode": "api_only",
      "numeric_cost": "not_run",
      "read_checksum": 10535480020762726067,
      "source_output_equal_wire": true,
      "specimen": "Query { depth: 7, variant: 6 }",
      "target_reencoded_wire_bytes": 517,
      "target_reencoded_wire_fingerprint": "fnv1a64:88393b685e2287f5",
      "timing_blocked_reason": null,
      "timing_qualification": "passed",
      "wire_fingerprint": "bridge-v1:517:fnv1a64:88393b685e2287f5:fnv1a64:88393b685e2287f5"
    },
    {
      "actual_source_wire_bytes": 517,
      "actual_source_wire_fingerprint": "fnv1a64:88393b685e2287f5",
      "api": "protobuf_tonic::pbrs_to_prost",
      "both_api_roundtrips": "passed",
      "common_wire_bytes": 517,
      "common_wire_fingerprint": "fnv1a64:88393b685e2287f5",
      "complete_reads": "passed",
      "direction": "pbrs_to_prost",
      "full_equality": "passed",
      "id": "codec.adoption.bridge.pbrs_to_prost.query.d7.v6.read_all",
      "instructions": "not_run",
      "mode": "read_all",
      "numeric_cost": "not_run",
      "read_checksum": 10535480020762726067,
      "source_output_equal_wire": true,
      "specimen": "Query { depth: 7, variant: 6 }",
      "target_reencoded_wire_bytes": 517,
      "target_reencoded_wire_fingerprint": "fnv1a64:88393b685e2287f5",
      "timing_blocked_reason": null,
      "timing_qualification": "passed",
      "wire_fingerprint": "bridge-v1:517:fnv1a64:88393b685e2287f5:fnv1a64:88393b685e2287f5"
    },
    {
      "actual_source_wire_bytes": 520,
      "actual_source_wire_fingerprint": "fnv1a64:c0d19da75fb7c868",
      "api": "protobuf_tonic::prost_to_pbrs",
      "both_api_roundtrips": "passed",
      "common_wire_bytes": 520,
      "common_wire_fingerprint": "fnv1a64:c0d19da75fb7c868",
      "complete_reads": "passed",
      "direction": "prost_to_pbrs",
      "full_equality": "passed",
      "id": "codec.adoption.bridge.prost_to_pbrs.query.d7.v7.api_only",
      "instructions": "not_run",
      "mode": "api_only",
      "numeric_cost": "not_run",
      "read_checksum": 13170604277166382030,
      "source_output_equal_wire": true,
      "specimen": "Query { depth: 7, variant: 7 }",
      "target_reencoded_wire_bytes": 520,
      "target_reencoded_wire_fingerprint": "fnv1a64:c0d19da75fb7c868",
      "timing_blocked_reason": null,
      "timing_qualification": "passed",
      "wire_fingerprint": "bridge-v1:520:fnv1a64:c0d19da75fb7c868:fnv1a64:c0d19da75fb7c868"
    },
    {
      "actual_source_wire_bytes": 520,
      "actual_source_wire_fingerprint": "fnv1a64:c0d19da75fb7c868",
      "api": "protobuf_tonic::prost_to_pbrs",
      "both_api_roundtrips": "passed",
      "common_wire_bytes": 520,
      "common_wire_fingerprint": "fnv1a64:c0d19da75fb7c868",
      "complete_reads": "passed",
      "direction": "prost_to_pbrs",
      "full_equality": "passed",
      "id": "codec.adoption.bridge.prost_to_pbrs.query.d7.v7.read_all",
      "instructions": "not_run",
      "mode": "read_all",
      "numeric_cost": "not_run",
      "read_checksum": 13170604277166382030,
      "source_output_equal_wire": true,
      "specimen": "Query { depth: 7, variant: 7 }",
      "target_reencoded_wire_bytes": 520,
      "target_reencoded_wire_fingerprint": "fnv1a64:c0d19da75fb7c868",
      "timing_blocked_reason": null,
      "timing_qualification": "passed",
      "wire_fingerprint": "bridge-v1:520:fnv1a64:c0d19da75fb7c868:fnv1a64:c0d19da75fb7c868"
    },
    {
      "actual_source_wire_bytes": 520,
      "actual_source_wire_fingerprint": "fnv1a64:c0d19da75fb7c868",
      "api": "protobuf_tonic::pbrs_to_prost",
      "both_api_roundtrips": "passed",
      "common_wire_bytes": 520,
      "common_wire_fingerprint": "fnv1a64:c0d19da75fb7c868",
      "complete_reads": "passed",
      "direction": "pbrs_to_prost",
      "full_equality": "passed",
      "id": "codec.adoption.bridge.pbrs_to_prost.query.d7.v7.api_only",
      "instructions": "not_run",
      "mode": "api_only",
      "numeric_cost": "not_run",
      "read_checksum": 13170604277166382030,
      "source_output_equal_wire": true,
      "specimen": "Query { depth: 7, variant: 7 }",
      "target_reencoded_wire_bytes": 520,
      "target_reencoded_wire_fingerprint": "fnv1a64:c0d19da75fb7c868",
      "timing_blocked_reason": null,
      "timing_qualification": "passed",
      "wire_fingerprint": "bridge-v1:520:fnv1a64:c0d19da75fb7c868:fnv1a64:c0d19da75fb7c868"
    },
    {
      "actual_source_wire_bytes": 520,
      "actual_source_wire_fingerprint": "fnv1a64:c0d19da75fb7c868",
      "api": "protobuf_tonic::pbrs_to_prost",
      "both_api_roundtrips": "passed",
      "common_wire_bytes": 520,
      "common_wire_fingerprint": "fnv1a64:c0d19da75fb7c868",
      "complete_reads": "passed",
      "direction": "pbrs_to_prost",
      "full_equality": "passed",
      "id": "codec.adoption.bridge.pbrs_to_prost.query.d7.v7.read_all",
      "instructions": "not_run",
      "mode": "read_all",
      "numeric_cost": "not_run",
      "read_checksum": 13170604277166382030,
      "source_output_equal_wire": true,
      "specimen": "Query { depth: 7, variant: 7 }",
      "target_reencoded_wire_bytes": 520,
      "target_reencoded_wire_fingerprint": "fnv1a64:c0d19da75fb7c868",
      "timing_blocked_reason": null,
      "timing_qualification": "passed",
      "wire_fingerprint": "bridge-v1:520:fnv1a64:c0d19da75fb7c868:fnv1a64:c0d19da75fb7c868"
    },
    {
      "actual_source_wire_bytes": 558,
      "actual_source_wire_fingerprint": "fnv1a64:d4e1732348613b57",
      "api": "protobuf_tonic::prost_to_pbrs",
      "both_api_roundtrips": "passed",
      "common_wire_bytes": 558,
      "common_wire_fingerprint": "fnv1a64:d4e1732348613b57",
      "complete_reads": "passed",
      "direction": "prost_to_pbrs",
      "full_equality": "passed",
      "id": "codec.adoption.bridge.prost_to_pbrs.query.d8.v0.api_only",
      "instructions": "not_run",
      "mode": "api_only",
      "numeric_cost": "not_run",
      "read_checksum": 17091856854397118898,
      "source_output_equal_wire": true,
      "specimen": "Query { depth: 8, variant: 0 }",
      "target_reencoded_wire_bytes": 558,
      "target_reencoded_wire_fingerprint": "fnv1a64:d4e1732348613b57",
      "timing_blocked_reason": null,
      "timing_qualification": "passed",
      "wire_fingerprint": "bridge-v1:558:fnv1a64:d4e1732348613b57:fnv1a64:d4e1732348613b57"
    },
    {
      "actual_source_wire_bytes": 558,
      "actual_source_wire_fingerprint": "fnv1a64:d4e1732348613b57",
      "api": "protobuf_tonic::prost_to_pbrs",
      "both_api_roundtrips": "passed",
      "common_wire_bytes": 558,
      "common_wire_fingerprint": "fnv1a64:d4e1732348613b57",
      "complete_reads": "passed",
      "direction": "prost_to_pbrs",
      "full_equality": "passed",
      "id": "codec.adoption.bridge.prost_to_pbrs.query.d8.v0.read_all",
      "instructions": "not_run",
      "mode": "read_all",
      "numeric_cost": "not_run",
      "read_checksum": 17091856854397118898,
      "source_output_equal_wire": true,
      "specimen": "Query { depth: 8, variant: 0 }",
      "target_reencoded_wire_bytes": 558,
      "target_reencoded_wire_fingerprint": "fnv1a64:d4e1732348613b57",
      "timing_blocked_reason": null,
      "timing_qualification": "passed",
      "wire_fingerprint": "bridge-v1:558:fnv1a64:d4e1732348613b57:fnv1a64:d4e1732348613b57"
    },
    {
      "actual_source_wire_bytes": 558,
      "actual_source_wire_fingerprint": "fnv1a64:d4e1732348613b57",
      "api": "protobuf_tonic::pbrs_to_prost",
      "both_api_roundtrips": "passed",
      "common_wire_bytes": 558,
      "common_wire_fingerprint": "fnv1a64:d4e1732348613b57",
      "complete_reads": "passed",
      "direction": "pbrs_to_prost",
      "full_equality": "passed",
      "id": "codec.adoption.bridge.pbrs_to_prost.query.d8.v0.api_only",
      "instructions": "not_run",
      "mode": "api_only",
      "numeric_cost": "not_run",
      "read_checksum": 17091856854397118898,
      "source_output_equal_wire": true,
      "specimen": "Query { depth: 8, variant: 0 }",
      "target_reencoded_wire_bytes": 558,
      "target_reencoded_wire_fingerprint": "fnv1a64:d4e1732348613b57",
      "timing_blocked_reason": null,
      "timing_qualification": "passed",
      "wire_fingerprint": "bridge-v1:558:fnv1a64:d4e1732348613b57:fnv1a64:d4e1732348613b57"
    },
    {
      "actual_source_wire_bytes": 558,
      "actual_source_wire_fingerprint": "fnv1a64:d4e1732348613b57",
      "api": "protobuf_tonic::pbrs_to_prost",
      "both_api_roundtrips": "passed",
      "common_wire_bytes": 558,
      "common_wire_fingerprint": "fnv1a64:d4e1732348613b57",
      "complete_reads": "passed",
      "direction": "pbrs_to_prost",
      "full_equality": "passed",
      "id": "codec.adoption.bridge.pbrs_to_prost.query.d8.v0.read_all",
      "instructions": "not_run",
      "mode": "read_all",
      "numeric_cost": "not_run",
      "read_checksum": 17091856854397118898,
      "source_output_equal_wire": true,
      "specimen": "Query { depth: 8, variant: 0 }",
      "target_reencoded_wire_bytes": 558,
      "target_reencoded_wire_fingerprint": "fnv1a64:d4e1732348613b57",
      "timing_blocked_reason": null,
      "timing_qualification": "passed",
      "wire_fingerprint": "bridge-v1:558:fnv1a64:d4e1732348613b57:fnv1a64:d4e1732348613b57"
    },
    {
      "actual_source_wire_bytes": 566,
      "actual_source_wire_fingerprint": "fnv1a64:c322e9bbdc0b1416",
      "api": "protobuf_tonic::prost_to_pbrs",
      "both_api_roundtrips": "passed",
      "common_wire_bytes": 566,
      "common_wire_fingerprint": "fnv1a64:c322e9bbdc0b1416",
      "complete_reads": "passed",
      "direction": "prost_to_pbrs",
      "full_equality": "passed",
      "id": "codec.adoption.bridge.prost_to_pbrs.query.d8.v1.api_only",
      "instructions": "not_run",
      "mode": "api_only",
      "numeric_cost": "not_run",
      "read_checksum": 17156985081605655746,
      "source_output_equal_wire": true,
      "specimen": "Query { depth: 8, variant: 1 }",
      "target_reencoded_wire_bytes": 566,
      "target_reencoded_wire_fingerprint": "fnv1a64:c322e9bbdc0b1416",
      "timing_blocked_reason": null,
      "timing_qualification": "passed",
      "wire_fingerprint": "bridge-v1:566:fnv1a64:c322e9bbdc0b1416:fnv1a64:c322e9bbdc0b1416"
    },
    {
      "actual_source_wire_bytes": 566,
      "actual_source_wire_fingerprint": "fnv1a64:c322e9bbdc0b1416",
      "api": "protobuf_tonic::prost_to_pbrs",
      "both_api_roundtrips": "passed",
      "common_wire_bytes": 566,
      "common_wire_fingerprint": "fnv1a64:c322e9bbdc0b1416",
      "complete_reads": "passed",
      "direction": "prost_to_pbrs",
      "full_equality": "passed",
      "id": "codec.adoption.bridge.prost_to_pbrs.query.d8.v1.read_all",
      "instructions": "not_run",
      "mode": "read_all",
      "numeric_cost": "not_run",
      "read_checksum": 17156985081605655746,
      "source_output_equal_wire": true,
      "specimen": "Query { depth: 8, variant: 1 }",
      "target_reencoded_wire_bytes": 566,
      "target_reencoded_wire_fingerprint": "fnv1a64:c322e9bbdc0b1416",
      "timing_blocked_reason": null,
      "timing_qualification": "passed",
      "wire_fingerprint": "bridge-v1:566:fnv1a64:c322e9bbdc0b1416:fnv1a64:c322e9bbdc0b1416"
    },
    {
      "actual_source_wire_bytes": 566,
      "actual_source_wire_fingerprint": "fnv1a64:c322e9bbdc0b1416",
      "api": "protobuf_tonic::pbrs_to_prost",
      "both_api_roundtrips": "passed",
      "common_wire_bytes": 566,
      "common_wire_fingerprint": "fnv1a64:c322e9bbdc0b1416",
      "complete_reads": "passed",
      "direction": "pbrs_to_prost",
      "full_equality": "passed",
      "id": "codec.adoption.bridge.pbrs_to_prost.query.d8.v1.api_only",
      "instructions": "not_run",
      "mode": "api_only",
      "numeric_cost": "not_run",
      "read_checksum": 17156985081605655746,
      "source_output_equal_wire": true,
      "specimen": "Query { depth: 8, variant: 1 }",
      "target_reencoded_wire_bytes": 566,
      "target_reencoded_wire_fingerprint": "fnv1a64:c322e9bbdc0b1416",
      "timing_blocked_reason": null,
      "timing_qualification": "passed",
      "wire_fingerprint": "bridge-v1:566:fnv1a64:c322e9bbdc0b1416:fnv1a64:c322e9bbdc0b1416"
    },
    {
      "actual_source_wire_bytes": 566,
      "actual_source_wire_fingerprint": "fnv1a64:c322e9bbdc0b1416",
      "api": "protobuf_tonic::pbrs_to_prost",
      "both_api_roundtrips": "passed",
      "common_wire_bytes": 566,
      "common_wire_fingerprint": "fnv1a64:c322e9bbdc0b1416",
      "complete_reads": "passed",
      "direction": "pbrs_to_prost",
      "full_equality": "passed",
      "id": "codec.adoption.bridge.pbrs_to_prost.query.d8.v1.read_all",
      "instructions": "not_run",
      "mode": "read_all",
      "numeric_cost": "not_run",
      "read_checksum": 17156985081605655746,
      "source_output_equal_wire": true,
      "specimen": "Query { depth: 8, variant: 1 }",
      "target_reencoded_wire_bytes": 566,
      "target_reencoded_wire_fingerprint": "fnv1a64:c322e9bbdc0b1416",
      "timing_blocked_reason": null,
      "timing_qualification": "passed",
      "wire_fingerprint": "bridge-v1:566:fnv1a64:c322e9bbdc0b1416:fnv1a64:c322e9bbdc0b1416"
    },
    {
      "actual_source_wire_bytes": 577,
      "actual_source_wire_fingerprint": "fnv1a64:98443ff2335b838b",
      "api": "protobuf_tonic::prost_to_pbrs",
      "both_api_roundtrips": "passed",
      "common_wire_bytes": 577,
      "common_wire_fingerprint": "fnv1a64:98443ff2335b838b",
      "complete_reads": "passed",
      "direction": "prost_to_pbrs",
      "full_equality": "passed",
      "id": "codec.adoption.bridge.prost_to_pbrs.query.d8.v2.api_only",
      "instructions": "not_run",
      "mode": "api_only",
      "numeric_cost": "not_run",
      "read_checksum": 3623182866679429505,
      "source_output_equal_wire": true,
      "specimen": "Query { depth: 8, variant: 2 }",
      "target_reencoded_wire_bytes": 577,
      "target_reencoded_wire_fingerprint": "fnv1a64:98443ff2335b838b",
      "timing_blocked_reason": null,
      "timing_qualification": "passed",
      "wire_fingerprint": "bridge-v1:577:fnv1a64:98443ff2335b838b:fnv1a64:98443ff2335b838b"
    },
    {
      "actual_source_wire_bytes": 577,
      "actual_source_wire_fingerprint": "fnv1a64:98443ff2335b838b",
      "api": "protobuf_tonic::prost_to_pbrs",
      "both_api_roundtrips": "passed",
      "common_wire_bytes": 577,
      "common_wire_fingerprint": "fnv1a64:98443ff2335b838b",
      "complete_reads": "passed",
      "direction": "prost_to_pbrs",
      "full_equality": "passed",
      "id": "codec.adoption.bridge.prost_to_pbrs.query.d8.v2.read_all",
      "instructions": "not_run",
      "mode": "read_all",
      "numeric_cost": "not_run",
      "read_checksum": 3623182866679429505,
      "source_output_equal_wire": true,
      "specimen": "Query { depth: 8, variant: 2 }",
      "target_reencoded_wire_bytes": 577,
      "target_reencoded_wire_fingerprint": "fnv1a64:98443ff2335b838b",
      "timing_blocked_reason": null,
      "timing_qualification": "passed",
      "wire_fingerprint": "bridge-v1:577:fnv1a64:98443ff2335b838b:fnv1a64:98443ff2335b838b"
    },
    {
      "actual_source_wire_bytes": 577,
      "actual_source_wire_fingerprint": "fnv1a64:98443ff2335b838b",
      "api": "protobuf_tonic::pbrs_to_prost",
      "both_api_roundtrips": "passed",
      "common_wire_bytes": 577,
      "common_wire_fingerprint": "fnv1a64:98443ff2335b838b",
      "complete_reads": "passed",
      "direction": "pbrs_to_prost",
      "full_equality": "passed",
      "id": "codec.adoption.bridge.pbrs_to_prost.query.d8.v2.api_only",
      "instructions": "not_run",
      "mode": "api_only",
      "numeric_cost": "not_run",
      "read_checksum": 3623182866679429505,
      "source_output_equal_wire": true,
      "specimen": "Query { depth: 8, variant: 2 }",
      "target_reencoded_wire_bytes": 577,
      "target_reencoded_wire_fingerprint": "fnv1a64:98443ff2335b838b",
      "timing_blocked_reason": null,
      "timing_qualification": "passed",
      "wire_fingerprint": "bridge-v1:577:fnv1a64:98443ff2335b838b:fnv1a64:98443ff2335b838b"
    },
    {
      "actual_source_wire_bytes": 577,
      "actual_source_wire_fingerprint": "fnv1a64:98443ff2335b838b",
      "api": "protobuf_tonic::pbrs_to_prost",
      "both_api_roundtrips": "passed",
      "common_wire_bytes": 577,
      "common_wire_fingerprint": "fnv1a64:98443ff2335b838b",
      "complete_reads": "passed",
      "direction": "pbrs_to_prost",
      "full_equality": "passed",
      "id": "codec.adoption.bridge.pbrs_to_prost.query.d8.v2.read_all",
      "instructions": "not_run",
      "mode": "read_all",
      "numeric_cost": "not_run",
      "read_checksum": 3623182866679429505,
      "source_output_equal_wire": true,
      "specimen": "Query { depth: 8, variant: 2 }",
      "target_reencoded_wire_bytes": 577,
      "target_reencoded_wire_fingerprint": "fnv1a64:98443ff2335b838b",
      "timing_blocked_reason": null,
      "timing_qualification": "passed",
      "wire_fingerprint": "bridge-v1:577:fnv1a64:98443ff2335b838b:fnv1a64:98443ff2335b838b"
    },
    {
      "actual_source_wire_bytes": 567,
      "actual_source_wire_fingerprint": "fnv1a64:3bf3be2a52ad1ad9",
      "api": "protobuf_tonic::prost_to_pbrs",
      "both_api_roundtrips": "passed",
      "common_wire_bytes": 567,
      "common_wire_fingerprint": "fnv1a64:3bf3be2a52ad1ad9",
      "complete_reads": "passed",
      "direction": "prost_to_pbrs",
      "full_equality": "passed",
      "id": "codec.adoption.bridge.prost_to_pbrs.query.d8.v3.api_only",
      "instructions": "not_run",
      "mode": "api_only",
      "numeric_cost": "not_run",
      "read_checksum": 16223853345291276257,
      "source_output_equal_wire": true,
      "specimen": "Query { depth: 8, variant: 3 }",
      "target_reencoded_wire_bytes": 567,
      "target_reencoded_wire_fingerprint": "fnv1a64:3bf3be2a52ad1ad9",
      "timing_blocked_reason": null,
      "timing_qualification": "passed",
      "wire_fingerprint": "bridge-v1:567:fnv1a64:3bf3be2a52ad1ad9:fnv1a64:3bf3be2a52ad1ad9"
    },
    {
      "actual_source_wire_bytes": 567,
      "actual_source_wire_fingerprint": "fnv1a64:3bf3be2a52ad1ad9",
      "api": "protobuf_tonic::prost_to_pbrs",
      "both_api_roundtrips": "passed",
      "common_wire_bytes": 567,
      "common_wire_fingerprint": "fnv1a64:3bf3be2a52ad1ad9",
      "complete_reads": "passed",
      "direction": "prost_to_pbrs",
      "full_equality": "passed",
      "id": "codec.adoption.bridge.prost_to_pbrs.query.d8.v3.read_all",
      "instructions": "not_run",
      "mode": "read_all",
      "numeric_cost": "not_run",
      "read_checksum": 16223853345291276257,
      "source_output_equal_wire": true,
      "specimen": "Query { depth: 8, variant: 3 }",
      "target_reencoded_wire_bytes": 567,
      "target_reencoded_wire_fingerprint": "fnv1a64:3bf3be2a52ad1ad9",
      "timing_blocked_reason": null,
      "timing_qualification": "passed",
      "wire_fingerprint": "bridge-v1:567:fnv1a64:3bf3be2a52ad1ad9:fnv1a64:3bf3be2a52ad1ad9"
    },
    {
      "actual_source_wire_bytes": 567,
      "actual_source_wire_fingerprint": "fnv1a64:3bf3be2a52ad1ad9",
      "api": "protobuf_tonic::pbrs_to_prost",
      "both_api_roundtrips": "passed",
      "common_wire_bytes": 567,
      "common_wire_fingerprint": "fnv1a64:3bf3be2a52ad1ad9",
      "complete_reads": "passed",
      "direction": "pbrs_to_prost",
      "full_equality": "passed",
      "id": "codec.adoption.bridge.pbrs_to_prost.query.d8.v3.api_only",
      "instructions": "not_run",
      "mode": "api_only",
      "numeric_cost": "not_run",
      "read_checksum": 16223853345291276257,
      "source_output_equal_wire": true,
      "specimen": "Query { depth: 8, variant: 3 }",
      "target_reencoded_wire_bytes": 567,
      "target_reencoded_wire_fingerprint": "fnv1a64:3bf3be2a52ad1ad9",
      "timing_blocked_reason": null,
      "timing_qualification": "passed",
      "wire_fingerprint": "bridge-v1:567:fnv1a64:3bf3be2a52ad1ad9:fnv1a64:3bf3be2a52ad1ad9"
    },
    {
      "actual_source_wire_bytes": 567,
      "actual_source_wire_fingerprint": "fnv1a64:3bf3be2a52ad1ad9",
      "api": "protobuf_tonic::pbrs_to_prost",
      "both_api_roundtrips": "passed",
      "common_wire_bytes": 567,
      "common_wire_fingerprint": "fnv1a64:3bf3be2a52ad1ad9",
      "complete_reads": "passed",
      "direction": "pbrs_to_prost",
      "full_equality": "passed",
      "id": "codec.adoption.bridge.pbrs_to_prost.query.d8.v3.read_all",
      "instructions": "not_run",
      "mode": "read_all",
      "numeric_cost": "not_run",
      "read_checksum": 16223853345291276257,
      "source_output_equal_wire": true,
      "specimen": "Query { depth: 8, variant: 3 }",
      "target_reencoded_wire_bytes": 567,
      "target_reencoded_wire_fingerprint": "fnv1a64:3bf3be2a52ad1ad9",
      "timing_blocked_reason": null,
      "timing_qualification": "passed",
      "wire_fingerprint": "bridge-v1:567:fnv1a64:3bf3be2a52ad1ad9:fnv1a64:3bf3be2a52ad1ad9"
    },
    {
      "actual_source_wire_bytes": 574,
      "actual_source_wire_fingerprint": "fnv1a64:c37dd8f2cd65cbfc",
      "api": "protobuf_tonic::prost_to_pbrs",
      "both_api_roundtrips": "passed",
      "common_wire_bytes": 574,
      "common_wire_fingerprint": "fnv1a64:c37dd8f2cd65cbfc",
      "complete_reads": "passed",
      "direction": "prost_to_pbrs",
      "full_equality": "passed",
      "id": "codec.adoption.bridge.prost_to_pbrs.query.d8.v4.api_only",
      "instructions": "not_run",
      "mode": "api_only",
      "numeric_cost": "not_run",
      "read_checksum": 11677166586897780202,
      "source_output_equal_wire": true,
      "specimen": "Query { depth: 8, variant: 4 }",
      "target_reencoded_wire_bytes": 574,
      "target_reencoded_wire_fingerprint": "fnv1a64:c37dd8f2cd65cbfc",
      "timing_blocked_reason": null,
      "timing_qualification": "passed",
      "wire_fingerprint": "bridge-v1:574:fnv1a64:c37dd8f2cd65cbfc:fnv1a64:c37dd8f2cd65cbfc"
    },
    {
      "actual_source_wire_bytes": 574,
      "actual_source_wire_fingerprint": "fnv1a64:c37dd8f2cd65cbfc",
      "api": "protobuf_tonic::prost_to_pbrs",
      "both_api_roundtrips": "passed",
      "common_wire_bytes": 574,
      "common_wire_fingerprint": "fnv1a64:c37dd8f2cd65cbfc",
      "complete_reads": "passed",
      "direction": "prost_to_pbrs",
      "full_equality": "passed",
      "id": "codec.adoption.bridge.prost_to_pbrs.query.d8.v4.read_all",
      "instructions": "not_run",
      "mode": "read_all",
      "numeric_cost": "not_run",
      "read_checksum": 11677166586897780202,
      "source_output_equal_wire": true,
      "specimen": "Query { depth: 8, variant: 4 }",
      "target_reencoded_wire_bytes": 574,
      "target_reencoded_wire_fingerprint": "fnv1a64:c37dd8f2cd65cbfc",
      "timing_blocked_reason": null,
      "timing_qualification": "passed",
      "wire_fingerprint": "bridge-v1:574:fnv1a64:c37dd8f2cd65cbfc:fnv1a64:c37dd8f2cd65cbfc"
    },
    {
      "actual_source_wire_bytes": 574,
      "actual_source_wire_fingerprint": "fnv1a64:c37dd8f2cd65cbfc",
      "api": "protobuf_tonic::pbrs_to_prost",
      "both_api_roundtrips": "passed",
      "common_wire_bytes": 574,
      "common_wire_fingerprint": "fnv1a64:c37dd8f2cd65cbfc",
      "complete_reads": "passed",
      "direction": "pbrs_to_prost",
      "full_equality": "passed",
      "id": "codec.adoption.bridge.pbrs_to_prost.query.d8.v4.api_only",
      "instructions": "not_run",
      "mode": "api_only",
      "numeric_cost": "not_run",
      "read_checksum": 11677166586897780202,
      "source_output_equal_wire": true,
      "specimen": "Query { depth: 8, variant: 4 }",
      "target_reencoded_wire_bytes": 574,
      "target_reencoded_wire_fingerprint": "fnv1a64:c37dd8f2cd65cbfc",
      "timing_blocked_reason": null,
      "timing_qualification": "passed",
      "wire_fingerprint": "bridge-v1:574:fnv1a64:c37dd8f2cd65cbfc:fnv1a64:c37dd8f2cd65cbfc"
    },
    {
      "actual_source_wire_bytes": 574,
      "actual_source_wire_fingerprint": "fnv1a64:c37dd8f2cd65cbfc",
      "api": "protobuf_tonic::pbrs_to_prost",
      "both_api_roundtrips": "passed",
      "common_wire_bytes": 574,
      "common_wire_fingerprint": "fnv1a64:c37dd8f2cd65cbfc",
      "complete_reads": "passed",
      "direction": "pbrs_to_prost",
      "full_equality": "passed",
      "id": "codec.adoption.bridge.pbrs_to_prost.query.d8.v4.read_all",
      "instructions": "not_run",
      "mode": "read_all",
      "numeric_cost": "not_run",
      "read_checksum": 11677166586897780202,
      "source_output_equal_wire": true,
      "specimen": "Query { depth: 8, variant: 4 }",
      "target_reencoded_wire_bytes": 574,
      "target_reencoded_wire_fingerprint": "fnv1a64:c37dd8f2cd65cbfc",
      "timing_blocked_reason": null,
      "timing_qualification": "passed",
      "wire_fingerprint": "bridge-v1:574:fnv1a64:c37dd8f2cd65cbfc:fnv1a64:c37dd8f2cd65cbfc"
    },
    {
      "actual_source_wire_bytes": 582,
      "actual_source_wire_fingerprint": "fnv1a64:7d8fb01042b0229c",
      "api": "protobuf_tonic::prost_to_pbrs",
      "both_api_roundtrips": "passed",
      "common_wire_bytes": 582,
      "common_wire_fingerprint": "fnv1a64:7d8fb01042b0229c",
      "complete_reads": "passed",
      "direction": "prost_to_pbrs",
      "full_equality": "passed",
      "id": "codec.adoption.bridge.prost_to_pbrs.query.d8.v5.api_only",
      "instructions": "not_run",
      "mode": "api_only",
      "numeric_cost": "not_run",
      "read_checksum": 590005149581918327,
      "source_output_equal_wire": true,
      "specimen": "Query { depth: 8, variant: 5 }",
      "target_reencoded_wire_bytes": 582,
      "target_reencoded_wire_fingerprint": "fnv1a64:7d8fb01042b0229c",
      "timing_blocked_reason": null,
      "timing_qualification": "passed",
      "wire_fingerprint": "bridge-v1:582:fnv1a64:7d8fb01042b0229c:fnv1a64:7d8fb01042b0229c"
    },
    {
      "actual_source_wire_bytes": 582,
      "actual_source_wire_fingerprint": "fnv1a64:7d8fb01042b0229c",
      "api": "protobuf_tonic::prost_to_pbrs",
      "both_api_roundtrips": "passed",
      "common_wire_bytes": 582,
      "common_wire_fingerprint": "fnv1a64:7d8fb01042b0229c",
      "complete_reads": "passed",
      "direction": "prost_to_pbrs",
      "full_equality": "passed",
      "id": "codec.adoption.bridge.prost_to_pbrs.query.d8.v5.read_all",
      "instructions": "not_run",
      "mode": "read_all",
      "numeric_cost": "not_run",
      "read_checksum": 590005149581918327,
      "source_output_equal_wire": true,
      "specimen": "Query { depth: 8, variant: 5 }",
      "target_reencoded_wire_bytes": 582,
      "target_reencoded_wire_fingerprint": "fnv1a64:7d8fb01042b0229c",
      "timing_blocked_reason": null,
      "timing_qualification": "passed",
      "wire_fingerprint": "bridge-v1:582:fnv1a64:7d8fb01042b0229c:fnv1a64:7d8fb01042b0229c"
    },
    {
      "actual_source_wire_bytes": 582,
      "actual_source_wire_fingerprint": "fnv1a64:7d8fb01042b0229c",
      "api": "protobuf_tonic::pbrs_to_prost",
      "both_api_roundtrips": "passed",
      "common_wire_bytes": 582,
      "common_wire_fingerprint": "fnv1a64:7d8fb01042b0229c",
      "complete_reads": "passed",
      "direction": "pbrs_to_prost",
      "full_equality": "passed",
      "id": "codec.adoption.bridge.pbrs_to_prost.query.d8.v5.api_only",
      "instructions": "not_run",
      "mode": "api_only",
      "numeric_cost": "not_run",
      "read_checksum": 590005149581918327,
      "source_output_equal_wire": true,
      "specimen": "Query { depth: 8, variant: 5 }",
      "target_reencoded_wire_bytes": 582,
      "target_reencoded_wire_fingerprint": "fnv1a64:7d8fb01042b0229c",
      "timing_blocked_reason": null,
      "timing_qualification": "passed",
      "wire_fingerprint": "bridge-v1:582:fnv1a64:7d8fb01042b0229c:fnv1a64:7d8fb01042b0229c"
    },
    {
      "actual_source_wire_bytes": 582,
      "actual_source_wire_fingerprint": "fnv1a64:7d8fb01042b0229c",
      "api": "protobuf_tonic::pbrs_to_prost",
      "both_api_roundtrips": "passed",
      "common_wire_bytes": 582,
      "common_wire_fingerprint": "fnv1a64:7d8fb01042b0229c",
      "complete_reads": "passed",
      "direction": "pbrs_to_prost",
      "full_equality": "passed",
      "id": "codec.adoption.bridge.pbrs_to_prost.query.d8.v5.read_all",
      "instructions": "not_run",
      "mode": "read_all",
      "numeric_cost": "not_run",
      "read_checksum": 590005149581918327,
      "source_output_equal_wire": true,
      "specimen": "Query { depth: 8, variant: 5 }",
      "target_reencoded_wire_bytes": 582,
      "target_reencoded_wire_fingerprint": "fnv1a64:7d8fb01042b0229c",
      "timing_blocked_reason": null,
      "timing_qualification": "passed",
      "wire_fingerprint": "bridge-v1:582:fnv1a64:7d8fb01042b0229c:fnv1a64:7d8fb01042b0229c"
    },
    {
      "actual_source_wire_bytes": 602,
      "actual_source_wire_fingerprint": "fnv1a64:391fb03b805ccd9a",
      "api": "protobuf_tonic::prost_to_pbrs",
      "both_api_roundtrips": "passed",
      "common_wire_bytes": 602,
      "common_wire_fingerprint": "fnv1a64:391fb03b805ccd9a",
      "complete_reads": "passed",
      "direction": "prost_to_pbrs",
      "full_equality": "passed",
      "id": "codec.adoption.bridge.prost_to_pbrs.query.d8.v6.api_only",
      "instructions": "not_run",
      "mode": "api_only",
      "numeric_cost": "not_run",
      "read_checksum": 12157741790846053537,
      "source_output_equal_wire": true,
      "specimen": "Query { depth: 8, variant: 6 }",
      "target_reencoded_wire_bytes": 602,
      "target_reencoded_wire_fingerprint": "fnv1a64:391fb03b805ccd9a",
      "timing_blocked_reason": null,
      "timing_qualification": "passed",
      "wire_fingerprint": "bridge-v1:602:fnv1a64:391fb03b805ccd9a:fnv1a64:391fb03b805ccd9a"
    },
    {
      "actual_source_wire_bytes": 602,
      "actual_source_wire_fingerprint": "fnv1a64:391fb03b805ccd9a",
      "api": "protobuf_tonic::prost_to_pbrs",
      "both_api_roundtrips": "passed",
      "common_wire_bytes": 602,
      "common_wire_fingerprint": "fnv1a64:391fb03b805ccd9a",
      "complete_reads": "passed",
      "direction": "prost_to_pbrs",
      "full_equality": "passed",
      "id": "codec.adoption.bridge.prost_to_pbrs.query.d8.v6.read_all",
      "instructions": "not_run",
      "mode": "read_all",
      "numeric_cost": "not_run",
      "read_checksum": 12157741790846053537,
      "source_output_equal_wire": true,
      "specimen": "Query { depth: 8, variant: 6 }",
      "target_reencoded_wire_bytes": 602,
      "target_reencoded_wire_fingerprint": "fnv1a64:391fb03b805ccd9a",
      "timing_blocked_reason": null,
      "timing_qualification": "passed",
      "wire_fingerprint": "bridge-v1:602:fnv1a64:391fb03b805ccd9a:fnv1a64:391fb03b805ccd9a"
    },
    {
      "actual_source_wire_bytes": 602,
      "actual_source_wire_fingerprint": "fnv1a64:391fb03b805ccd9a",
      "api": "protobuf_tonic::pbrs_to_prost",
      "both_api_roundtrips": "passed",
      "common_wire_bytes": 602,
      "common_wire_fingerprint": "fnv1a64:391fb03b805ccd9a",
      "complete_reads": "passed",
      "direction": "pbrs_to_prost",
      "full_equality": "passed",
      "id": "codec.adoption.bridge.pbrs_to_prost.query.d8.v6.api_only",
      "instructions": "not_run",
      "mode": "api_only",
      "numeric_cost": "not_run",
      "read_checksum": 12157741790846053537,
      "source_output_equal_wire": true,
      "specimen": "Query { depth: 8, variant: 6 }",
      "target_reencoded_wire_bytes": 602,
      "target_reencoded_wire_fingerprint": "fnv1a64:391fb03b805ccd9a",
      "timing_blocked_reason": null,
      "timing_qualification": "passed",
      "wire_fingerprint": "bridge-v1:602:fnv1a64:391fb03b805ccd9a:fnv1a64:391fb03b805ccd9a"
    },
    {
      "actual_source_wire_bytes": 602,
      "actual_source_wire_fingerprint": "fnv1a64:391fb03b805ccd9a",
      "api": "protobuf_tonic::pbrs_to_prost",
      "both_api_roundtrips": "passed",
      "common_wire_bytes": 602,
      "common_wire_fingerprint": "fnv1a64:391fb03b805ccd9a",
      "complete_reads": "passed",
      "direction": "pbrs_to_prost",
      "full_equality": "passed",
      "id": "codec.adoption.bridge.pbrs_to_prost.query.d8.v6.read_all",
      "instructions": "not_run",
      "mode": "read_all",
      "numeric_cost": "not_run",
      "read_checksum": 12157741790846053537,
      "source_output_equal_wire": true,
      "specimen": "Query { depth: 8, variant: 6 }",
      "target_reencoded_wire_bytes": 602,
      "target_reencoded_wire_fingerprint": "fnv1a64:391fb03b805ccd9a",
      "timing_blocked_reason": null,
      "timing_qualification": "passed",
      "wire_fingerprint": "bridge-v1:602:fnv1a64:391fb03b805ccd9a:fnv1a64:391fb03b805ccd9a"
    },
    {
      "actual_source_wire_bytes": 605,
      "actual_source_wire_fingerprint": "fnv1a64:74e2bf78c5744df3",
      "api": "protobuf_tonic::prost_to_pbrs",
      "both_api_roundtrips": "passed",
      "common_wire_bytes": 605,
      "common_wire_fingerprint": "fnv1a64:74e2bf78c5744df3",
      "complete_reads": "passed",
      "direction": "prost_to_pbrs",
      "full_equality": "passed",
      "id": "codec.adoption.bridge.prost_to_pbrs.query.d8.v7.api_only",
      "instructions": "not_run",
      "mode": "api_only",
      "numeric_cost": "not_run",
      "read_checksum": 14654305640537854503,
      "source_output_equal_wire": true,
      "specimen": "Query { depth: 8, variant: 7 }",
      "target_reencoded_wire_bytes": 605,
      "target_reencoded_wire_fingerprint": "fnv1a64:74e2bf78c5744df3",
      "timing_blocked_reason": null,
      "timing_qualification": "passed",
      "wire_fingerprint": "bridge-v1:605:fnv1a64:74e2bf78c5744df3:fnv1a64:74e2bf78c5744df3"
    },
    {
      "actual_source_wire_bytes": 605,
      "actual_source_wire_fingerprint": "fnv1a64:74e2bf78c5744df3",
      "api": "protobuf_tonic::prost_to_pbrs",
      "both_api_roundtrips": "passed",
      "common_wire_bytes": 605,
      "common_wire_fingerprint": "fnv1a64:74e2bf78c5744df3",
      "complete_reads": "passed",
      "direction": "prost_to_pbrs",
      "full_equality": "passed",
      "id": "codec.adoption.bridge.prost_to_pbrs.query.d8.v7.read_all",
      "instructions": "not_run",
      "mode": "read_all",
      "numeric_cost": "not_run",
      "read_checksum": 14654305640537854503,
      "source_output_equal_wire": true,
      "specimen": "Query { depth: 8, variant: 7 }",
      "target_reencoded_wire_bytes": 605,
      "target_reencoded_wire_fingerprint": "fnv1a64:74e2bf78c5744df3",
      "timing_blocked_reason": null,
      "timing_qualification": "passed",
      "wire_fingerprint": "bridge-v1:605:fnv1a64:74e2bf78c5744df3:fnv1a64:74e2bf78c5744df3"
    },
    {
      "actual_source_wire_bytes": 605,
      "actual_source_wire_fingerprint": "fnv1a64:74e2bf78c5744df3",
      "api": "protobuf_tonic::pbrs_to_prost",
      "both_api_roundtrips": "passed",
      "common_wire_bytes": 605,
      "common_wire_fingerprint": "fnv1a64:74e2bf78c5744df3",
      "complete_reads": "passed",
      "direction": "pbrs_to_prost",
      "full_equality": "passed",
      "id": "codec.adoption.bridge.pbrs_to_prost.query.d8.v7.api_only",
      "instructions": "not_run",
      "mode": "api_only",
      "numeric_cost": "not_run",
      "read_checksum": 14654305640537854503,
      "source_output_equal_wire": true,
      "specimen": "Query { depth: 8, variant: 7 }",
      "target_reencoded_wire_bytes": 605,
      "target_reencoded_wire_fingerprint": "fnv1a64:74e2bf78c5744df3",
      "timing_blocked_reason": null,
      "timing_qualification": "passed",
      "wire_fingerprint": "bridge-v1:605:fnv1a64:74e2bf78c5744df3:fnv1a64:74e2bf78c5744df3"
    },
    {
      "actual_source_wire_bytes": 605,
      "actual_source_wire_fingerprint": "fnv1a64:74e2bf78c5744df3",
      "api": "protobuf_tonic::pbrs_to_prost",
      "both_api_roundtrips": "passed",
      "common_wire_bytes": 605,
      "common_wire_fingerprint": "fnv1a64:74e2bf78c5744df3",
      "complete_reads": "passed",
      "direction": "pbrs_to_prost",
      "full_equality": "passed",
      "id": "codec.adoption.bridge.pbrs_to_prost.query.d8.v7.read_all",
      "instructions": "not_run",
      "mode": "read_all",
      "numeric_cost": "not_run",
      "read_checksum": 14654305640537854503,
      "source_output_equal_wire": true,
      "specimen": "Query { depth: 8, variant: 7 }",
      "target_reencoded_wire_bytes": 605,
      "target_reencoded_wire_fingerprint": "fnv1a64:74e2bf78c5744df3",
      "timing_blocked_reason": null,
      "timing_qualification": "passed",
      "wire_fingerprint": "bridge-v1:605:fnv1a64:74e2bf78c5744df3:fnv1a64:74e2bf78c5744df3"
    },
    {
      "actual_source_wire_bytes": 5626,
      "actual_source_wire_fingerprint": "fnv1a64:03549cdb3a70de54",
      "api": "protobuf_tonic::prost_to_pbrs",
      "both_api_roundtrips": "passed",
      "common_wire_bytes": 5626,
      "common_wire_fingerprint": "fnv1a64:03549cdb3a70de54",
      "complete_reads": "passed",
      "direction": "prost_to_pbrs",
      "full_equality": "passed",
      "id": "codec.adoption.bridge.prost_to_pbrs.entities.n10.api_only",
      "instructions": "not_run",
      "mode": "api_only",
      "numeric_cost": "not_run",
      "read_checksum": 15247385977393515352,
      "source_output_equal_wire": true,
      "specimen": "Entities(10)",
      "target_reencoded_wire_bytes": 5626,
      "target_reencoded_wire_fingerprint": "fnv1a64:03549cdb3a70de54",
      "timing_blocked_reason": null,
      "timing_qualification": "passed",
      "wire_fingerprint": "bridge-v1:5626:fnv1a64:03549cdb3a70de54:fnv1a64:03549cdb3a70de54"
    },
    {
      "actual_source_wire_bytes": 5626,
      "actual_source_wire_fingerprint": "fnv1a64:03549cdb3a70de54",
      "api": "protobuf_tonic::prost_to_pbrs",
      "both_api_roundtrips": "passed",
      "common_wire_bytes": 5626,
      "common_wire_fingerprint": "fnv1a64:03549cdb3a70de54",
      "complete_reads": "passed",
      "direction": "prost_to_pbrs",
      "full_equality": "passed",
      "id": "codec.adoption.bridge.prost_to_pbrs.entities.n10.read_all",
      "instructions": "not_run",
      "mode": "read_all",
      "numeric_cost": "not_run",
      "read_checksum": 15247385977393515352,
      "source_output_equal_wire": true,
      "specimen": "Entities(10)",
      "target_reencoded_wire_bytes": 5626,
      "target_reencoded_wire_fingerprint": "fnv1a64:03549cdb3a70de54",
      "timing_blocked_reason": null,
      "timing_qualification": "passed",
      "wire_fingerprint": "bridge-v1:5626:fnv1a64:03549cdb3a70de54:fnv1a64:03549cdb3a70de54"
    },
    {
      "actual_source_wire_bytes": 5626,
      "actual_source_wire_fingerprint": "fnv1a64:03549cdb3a70de54",
      "api": "protobuf_tonic::pbrs_to_prost",
      "both_api_roundtrips": "passed",
      "common_wire_bytes": 5626,
      "common_wire_fingerprint": "fnv1a64:03549cdb3a70de54",
      "complete_reads": "passed",
      "direction": "pbrs_to_prost",
      "full_equality": "passed",
      "id": "codec.adoption.bridge.pbrs_to_prost.entities.n10.api_only",
      "instructions": "not_run",
      "mode": "api_only",
      "numeric_cost": "not_run",
      "read_checksum": 15247385977393515352,
      "source_output_equal_wire": true,
      "specimen": "Entities(10)",
      "target_reencoded_wire_bytes": 5626,
      "target_reencoded_wire_fingerprint": "fnv1a64:03549cdb3a70de54",
      "timing_blocked_reason": null,
      "timing_qualification": "passed",
      "wire_fingerprint": "bridge-v1:5626:fnv1a64:03549cdb3a70de54:fnv1a64:03549cdb3a70de54"
    },
    {
      "actual_source_wire_bytes": 5626,
      "actual_source_wire_fingerprint": "fnv1a64:03549cdb3a70de54",
      "api": "protobuf_tonic::pbrs_to_prost",
      "both_api_roundtrips": "passed",
      "common_wire_bytes": 5626,
      "common_wire_fingerprint": "fnv1a64:03549cdb3a70de54",
      "complete_reads": "passed",
      "direction": "pbrs_to_prost",
      "full_equality": "passed",
      "id": "codec.adoption.bridge.pbrs_to_prost.entities.n10.read_all",
      "instructions": "not_run",
      "mode": "read_all",
      "numeric_cost": "not_run",
      "read_checksum": 15247385977393515352,
      "source_output_equal_wire": true,
      "specimen": "Entities(10)",
      "target_reencoded_wire_bytes": 5626,
      "target_reencoded_wire_fingerprint": "fnv1a64:03549cdb3a70de54",
      "timing_blocked_reason": null,
      "timing_qualification": "passed",
      "wire_fingerprint": "bridge-v1:5626:fnv1a64:03549cdb3a70de54:fnv1a64:03549cdb3a70de54"
    },
    {
      "actual_source_wire_bytes": 56398,
      "actual_source_wire_fingerprint": "fnv1a64:be31c4b2b323ee0e",
      "api": "protobuf_tonic::prost_to_pbrs",
      "both_api_roundtrips": "passed",
      "common_wire_bytes": 56398,
      "common_wire_fingerprint": "fnv1a64:be31c4b2b323ee0e",
      "complete_reads": "passed",
      "direction": "prost_to_pbrs",
      "full_equality": "passed",
      "id": "codec.adoption.bridge.prost_to_pbrs.entities.n100.api_only",
      "instructions": "not_run",
      "mode": "api_only",
      "numeric_cost": "not_run",
      "read_checksum": 8435010447339593356,
      "source_output_equal_wire": true,
      "specimen": "Entities(100)",
      "target_reencoded_wire_bytes": 56398,
      "target_reencoded_wire_fingerprint": "fnv1a64:be31c4b2b323ee0e",
      "timing_blocked_reason": null,
      "timing_qualification": "passed",
      "wire_fingerprint": "bridge-v1:56398:fnv1a64:be31c4b2b323ee0e:fnv1a64:be31c4b2b323ee0e"
    },
    {
      "actual_source_wire_bytes": 56398,
      "actual_source_wire_fingerprint": "fnv1a64:be31c4b2b323ee0e",
      "api": "protobuf_tonic::prost_to_pbrs",
      "both_api_roundtrips": "passed",
      "common_wire_bytes": 56398,
      "common_wire_fingerprint": "fnv1a64:be31c4b2b323ee0e",
      "complete_reads": "passed",
      "direction": "prost_to_pbrs",
      "full_equality": "passed",
      "id": "codec.adoption.bridge.prost_to_pbrs.entities.n100.read_all",
      "instructions": "not_run",
      "mode": "read_all",
      "numeric_cost": "not_run",
      "read_checksum": 8435010447339593356,
      "source_output_equal_wire": true,
      "specimen": "Entities(100)",
      "target_reencoded_wire_bytes": 56398,
      "target_reencoded_wire_fingerprint": "fnv1a64:be31c4b2b323ee0e",
      "timing_blocked_reason": null,
      "timing_qualification": "passed",
      "wire_fingerprint": "bridge-v1:56398:fnv1a64:be31c4b2b323ee0e:fnv1a64:be31c4b2b323ee0e"
    },
    {
      "actual_source_wire_bytes": 56398,
      "actual_source_wire_fingerprint": "fnv1a64:be31c4b2b323ee0e",
      "api": "protobuf_tonic::pbrs_to_prost",
      "both_api_roundtrips": "passed",
      "common_wire_bytes": 56398,
      "common_wire_fingerprint": "fnv1a64:be31c4b2b323ee0e",
      "complete_reads": "passed",
      "direction": "pbrs_to_prost",
      "full_equality": "passed",
      "id": "codec.adoption.bridge.pbrs_to_prost.entities.n100.api_only",
      "instructions": "not_run",
      "mode": "api_only",
      "numeric_cost": "not_run",
      "read_checksum": 8435010447339593356,
      "source_output_equal_wire": true,
      "specimen": "Entities(100)",
      "target_reencoded_wire_bytes": 56398,
      "target_reencoded_wire_fingerprint": "fnv1a64:be31c4b2b323ee0e",
      "timing_blocked_reason": null,
      "timing_qualification": "passed",
      "wire_fingerprint": "bridge-v1:56398:fnv1a64:be31c4b2b323ee0e:fnv1a64:be31c4b2b323ee0e"
    },
    {
      "actual_source_wire_bytes": 56398,
      "actual_source_wire_fingerprint": "fnv1a64:be31c4b2b323ee0e",
      "api": "protobuf_tonic::pbrs_to_prost",
      "both_api_roundtrips": "passed",
      "common_wire_bytes": 56398,
      "common_wire_fingerprint": "fnv1a64:be31c4b2b323ee0e",
      "complete_reads": "passed",
      "direction": "pbrs_to_prost",
      "full_equality": "passed",
      "id": "codec.adoption.bridge.pbrs_to_prost.entities.n100.read_all",
      "instructions": "not_run",
      "mode": "read_all",
      "numeric_cost": "not_run",
      "read_checksum": 8435010447339593356,
      "source_output_equal_wire": true,
      "specimen": "Entities(100)",
      "target_reencoded_wire_bytes": 56398,
      "target_reencoded_wire_fingerprint": "fnv1a64:be31c4b2b323ee0e",
      "timing_blocked_reason": null,
      "timing_qualification": "passed",
      "wire_fingerprint": "bridge-v1:56398:fnv1a64:be31c4b2b323ee0e:fnv1a64:be31c4b2b323ee0e"
    },
    {
      "actual_source_wire_bytes": 564598,
      "actual_source_wire_fingerprint": "fnv1a64:3a59891465b626d2",
      "api": "protobuf_tonic::prost_to_pbrs",
      "both_api_roundtrips": "passed",
      "common_wire_bytes": 564598,
      "common_wire_fingerprint": "fnv1a64:3a59891465b626d2",
      "complete_reads": "passed",
      "direction": "prost_to_pbrs",
      "full_equality": "passed",
      "id": "codec.adoption.bridge.prost_to_pbrs.entities.n1000.api_only",
      "instructions": "not_run",
      "mode": "api_only",
      "numeric_cost": "not_run",
      "read_checksum": 9530641928282539567,
      "source_output_equal_wire": true,
      "specimen": "Entities(1000)",
      "target_reencoded_wire_bytes": 564598,
      "target_reencoded_wire_fingerprint": "fnv1a64:3a59891465b626d2",
      "timing_blocked_reason": null,
      "timing_qualification": "passed",
      "wire_fingerprint": "bridge-v1:564598:fnv1a64:3a59891465b626d2:fnv1a64:3a59891465b626d2"
    },
    {
      "actual_source_wire_bytes": 564598,
      "actual_source_wire_fingerprint": "fnv1a64:3a59891465b626d2",
      "api": "protobuf_tonic::prost_to_pbrs",
      "both_api_roundtrips": "passed",
      "common_wire_bytes": 564598,
      "common_wire_fingerprint": "fnv1a64:3a59891465b626d2",
      "complete_reads": "passed",
      "direction": "prost_to_pbrs",
      "full_equality": "passed",
      "id": "codec.adoption.bridge.prost_to_pbrs.entities.n1000.read_all",
      "instructions": "not_run",
      "mode": "read_all",
      "numeric_cost": "not_run",
      "read_checksum": 9530641928282539567,
      "source_output_equal_wire": true,
      "specimen": "Entities(1000)",
      "target_reencoded_wire_bytes": 564598,
      "target_reencoded_wire_fingerprint": "fnv1a64:3a59891465b626d2",
      "timing_blocked_reason": null,
      "timing_qualification": "passed",
      "wire_fingerprint": "bridge-v1:564598:fnv1a64:3a59891465b626d2:fnv1a64:3a59891465b626d2"
    },
    {
      "actual_source_wire_bytes": 564598,
      "actual_source_wire_fingerprint": "fnv1a64:3a59891465b626d2",
      "api": "protobuf_tonic::pbrs_to_prost",
      "both_api_roundtrips": "passed",
      "common_wire_bytes": 564598,
      "common_wire_fingerprint": "fnv1a64:3a59891465b626d2",
      "complete_reads": "passed",
      "direction": "pbrs_to_prost",
      "full_equality": "passed",
      "id": "codec.adoption.bridge.pbrs_to_prost.entities.n1000.api_only",
      "instructions": "not_run",
      "mode": "api_only",
      "numeric_cost": "not_run",
      "read_checksum": 9530641928282539567,
      "source_output_equal_wire": true,
      "specimen": "Entities(1000)",
      "target_reencoded_wire_bytes": 564598,
      "target_reencoded_wire_fingerprint": "fnv1a64:3a59891465b626d2",
      "timing_blocked_reason": null,
      "timing_qualification": "passed",
      "wire_fingerprint": "bridge-v1:564598:fnv1a64:3a59891465b626d2:fnv1a64:3a59891465b626d2"
    },
    {
      "actual_source_wire_bytes": 564598,
      "actual_source_wire_fingerprint": "fnv1a64:3a59891465b626d2",
      "api": "protobuf_tonic::pbrs_to_prost",
      "both_api_roundtrips": "passed",
      "common_wire_bytes": 564598,
      "common_wire_fingerprint": "fnv1a64:3a59891465b626d2",
      "complete_reads": "passed",
      "direction": "pbrs_to_prost",
      "full_equality": "passed",
      "id": "codec.adoption.bridge.pbrs_to_prost.entities.n1000.read_all",
      "instructions": "not_run",
      "mode": "read_all",
      "numeric_cost": "not_run",
      "read_checksum": 9530641928282539567,
      "source_output_equal_wire": true,
      "specimen": "Entities(1000)",
      "target_reencoded_wire_bytes": 564598,
      "target_reencoded_wire_fingerprint": "fnv1a64:3a59891465b626d2",
      "timing_blocked_reason": null,
      "timing_qualification": "passed",
      "wire_fingerprint": "bridge-v1:564598:fnv1a64:3a59891465b626d2:fnv1a64:3a59891465b626d2"
    },
    {
      "actual_source_wire_bytes": 88,
      "actual_source_wire_fingerprint": "fnv1a64:26d150c0dda58e85",
      "api": "protobuf_tonic::prost_to_pbrs",
      "both_api_roundtrips": "passed",
      "common_wire_bytes": 88,
      "common_wire_fingerprint": "fnv1a64:26d150c0dda58e85",
      "complete_reads": "passed",
      "direction": "prost_to_pbrs",
      "full_equality": "passed",
      "id": "codec.adoption.bridge.prost_to_pbrs.sparse.v0.api_only",
      "instructions": "not_run",
      "mode": "api_only",
      "numeric_cost": "not_run",
      "read_checksum": 9777144318171898183,
      "source_output_equal_wire": true,
      "specimen": "Sparse(0)",
      "target_reencoded_wire_bytes": 88,
      "target_reencoded_wire_fingerprint": "fnv1a64:26d150c0dda58e85",
      "timing_blocked_reason": null,
      "timing_qualification": "passed",
      "wire_fingerprint": "bridge-v1:88:fnv1a64:26d150c0dda58e85:fnv1a64:26d150c0dda58e85"
    },
    {
      "actual_source_wire_bytes": 88,
      "actual_source_wire_fingerprint": "fnv1a64:26d150c0dda58e85",
      "api": "protobuf_tonic::prost_to_pbrs",
      "both_api_roundtrips": "passed",
      "common_wire_bytes": 88,
      "common_wire_fingerprint": "fnv1a64:26d150c0dda58e85",
      "complete_reads": "passed",
      "direction": "prost_to_pbrs",
      "full_equality": "passed",
      "id": "codec.adoption.bridge.prost_to_pbrs.sparse.v0.read_all",
      "instructions": "not_run",
      "mode": "read_all",
      "numeric_cost": "not_run",
      "read_checksum": 9777144318171898183,
      "source_output_equal_wire": true,
      "specimen": "Sparse(0)",
      "target_reencoded_wire_bytes": 88,
      "target_reencoded_wire_fingerprint": "fnv1a64:26d150c0dda58e85",
      "timing_blocked_reason": null,
      "timing_qualification": "passed",
      "wire_fingerprint": "bridge-v1:88:fnv1a64:26d150c0dda58e85:fnv1a64:26d150c0dda58e85"
    },
    {
      "actual_source_wire_bytes": 88,
      "actual_source_wire_fingerprint": "fnv1a64:26d150c0dda58e85",
      "api": "protobuf_tonic::pbrs_to_prost",
      "both_api_roundtrips": "passed",
      "common_wire_bytes": 88,
      "common_wire_fingerprint": "fnv1a64:26d150c0dda58e85",
      "complete_reads": "passed",
      "direction": "pbrs_to_prost",
      "full_equality": "passed",
      "id": "codec.adoption.bridge.pbrs_to_prost.sparse.v0.api_only",
      "instructions": "not_run",
      "mode": "api_only",
      "numeric_cost": "not_run",
      "read_checksum": 9777144318171898183,
      "source_output_equal_wire": true,
      "specimen": "Sparse(0)",
      "target_reencoded_wire_bytes": 88,
      "target_reencoded_wire_fingerprint": "fnv1a64:26d150c0dda58e85",
      "timing_blocked_reason": null,
      "timing_qualification": "passed",
      "wire_fingerprint": "bridge-v1:88:fnv1a64:26d150c0dda58e85:fnv1a64:26d150c0dda58e85"
    },
    {
      "actual_source_wire_bytes": 88,
      "actual_source_wire_fingerprint": "fnv1a64:26d150c0dda58e85",
      "api": "protobuf_tonic::pbrs_to_prost",
      "both_api_roundtrips": "passed",
      "common_wire_bytes": 88,
      "common_wire_fingerprint": "fnv1a64:26d150c0dda58e85",
      "complete_reads": "passed",
      "direction": "pbrs_to_prost",
      "full_equality": "passed",
      "id": "codec.adoption.bridge.pbrs_to_prost.sparse.v0.read_all",
      "instructions": "not_run",
      "mode": "read_all",
      "numeric_cost": "not_run",
      "read_checksum": 9777144318171898183,
      "source_output_equal_wire": true,
      "specimen": "Sparse(0)",
      "target_reencoded_wire_bytes": 88,
      "target_reencoded_wire_fingerprint": "fnv1a64:26d150c0dda58e85",
      "timing_blocked_reason": null,
      "timing_qualification": "passed",
      "wire_fingerprint": "bridge-v1:88:fnv1a64:26d150c0dda58e85:fnv1a64:26d150c0dda58e85"
    },
    {
      "actual_source_wire_bytes": 105,
      "actual_source_wire_fingerprint": "fnv1a64:0a132013e1e64c14",
      "api": "protobuf_tonic::prost_to_pbrs",
      "both_api_roundtrips": "passed",
      "common_wire_bytes": 105,
      "common_wire_fingerprint": "fnv1a64:0a132013e1e64c14",
      "complete_reads": "passed",
      "direction": "prost_to_pbrs",
      "full_equality": "passed",
      "id": "codec.adoption.bridge.prost_to_pbrs.sparse.v1.api_only",
      "instructions": "not_run",
      "mode": "api_only",
      "numeric_cost": "not_run",
      "read_checksum": 16652561227195011389,
      "source_output_equal_wire": true,
      "specimen": "Sparse(1)",
      "target_reencoded_wire_bytes": 105,
      "target_reencoded_wire_fingerprint": "fnv1a64:0a132013e1e64c14",
      "timing_blocked_reason": null,
      "timing_qualification": "passed",
      "wire_fingerprint": "bridge-v1:105:fnv1a64:0a132013e1e64c14:fnv1a64:0a132013e1e64c14"
    },
    {
      "actual_source_wire_bytes": 105,
      "actual_source_wire_fingerprint": "fnv1a64:0a132013e1e64c14",
      "api": "protobuf_tonic::prost_to_pbrs",
      "both_api_roundtrips": "passed",
      "common_wire_bytes": 105,
      "common_wire_fingerprint": "fnv1a64:0a132013e1e64c14",
      "complete_reads": "passed",
      "direction": "prost_to_pbrs",
      "full_equality": "passed",
      "id": "codec.adoption.bridge.prost_to_pbrs.sparse.v1.read_all",
      "instructions": "not_run",
      "mode": "read_all",
      "numeric_cost": "not_run",
      "read_checksum": 16652561227195011389,
      "source_output_equal_wire": true,
      "specimen": "Sparse(1)",
      "target_reencoded_wire_bytes": 105,
      "target_reencoded_wire_fingerprint": "fnv1a64:0a132013e1e64c14",
      "timing_blocked_reason": null,
      "timing_qualification": "passed",
      "wire_fingerprint": "bridge-v1:105:fnv1a64:0a132013e1e64c14:fnv1a64:0a132013e1e64c14"
    },
    {
      "actual_source_wire_bytes": 105,
      "actual_source_wire_fingerprint": "fnv1a64:0a132013e1e64c14",
      "api": "protobuf_tonic::pbrs_to_prost",
      "both_api_roundtrips": "passed",
      "common_wire_bytes": 105,
      "common_wire_fingerprint": "fnv1a64:0a132013e1e64c14",
      "complete_reads": "passed",
      "direction": "pbrs_to_prost",
      "full_equality": "passed",
      "id": "codec.adoption.bridge.pbrs_to_prost.sparse.v1.api_only",
      "instructions": "not_run",
      "mode": "api_only",
      "numeric_cost": "not_run",
      "read_checksum": 16652561227195011389,
      "source_output_equal_wire": true,
      "specimen": "Sparse(1)",
      "target_reencoded_wire_bytes": 105,
      "target_reencoded_wire_fingerprint": "fnv1a64:0a132013e1e64c14",
      "timing_blocked_reason": null,
      "timing_qualification": "passed",
      "wire_fingerprint": "bridge-v1:105:fnv1a64:0a132013e1e64c14:fnv1a64:0a132013e1e64c14"
    },
    {
      "actual_source_wire_bytes": 105,
      "actual_source_wire_fingerprint": "fnv1a64:0a132013e1e64c14",
      "api": "protobuf_tonic::pbrs_to_prost",
      "both_api_roundtrips": "passed",
      "common_wire_bytes": 105,
      "common_wire_fingerprint": "fnv1a64:0a132013e1e64c14",
      "complete_reads": "passed",
      "direction": "pbrs_to_prost",
      "full_equality": "passed",
      "id": "codec.adoption.bridge.pbrs_to_prost.sparse.v1.read_all",
      "instructions": "not_run",
      "mode": "read_all",
      "numeric_cost": "not_run",
      "read_checksum": 16652561227195011389,
      "source_output_equal_wire": true,
      "specimen": "Sparse(1)",
      "target_reencoded_wire_bytes": 105,
      "target_reencoded_wire_fingerprint": "fnv1a64:0a132013e1e64c14",
      "timing_blocked_reason": null,
      "timing_qualification": "passed",
      "wire_fingerprint": "bridge-v1:105:fnv1a64:0a132013e1e64c14:fnv1a64:0a132013e1e64c14"
    },
    {
      "actual_source_wire_bytes": 84,
      "actual_source_wire_fingerprint": "fnv1a64:a0af270319bab3d8",
      "api": "protobuf_tonic::prost_to_pbrs",
      "both_api_roundtrips": "passed",
      "common_wire_bytes": 84,
      "common_wire_fingerprint": "fnv1a64:a0af270319bab3d8",
      "complete_reads": "passed",
      "direction": "prost_to_pbrs",
      "full_equality": "passed",
      "id": "codec.adoption.bridge.prost_to_pbrs.sparse.v2.api_only",
      "instructions": "not_run",
      "mode": "api_only",
      "numeric_cost": "not_run",
      "read_checksum": 39533241347761586,
      "source_output_equal_wire": true,
      "specimen": "Sparse(2)",
      "target_reencoded_wire_bytes": 84,
      "target_reencoded_wire_fingerprint": "fnv1a64:a0af270319bab3d8",
      "timing_blocked_reason": null,
      "timing_qualification": "passed",
      "wire_fingerprint": "bridge-v1:84:fnv1a64:a0af270319bab3d8:fnv1a64:a0af270319bab3d8"
    },
    {
      "actual_source_wire_bytes": 84,
      "actual_source_wire_fingerprint": "fnv1a64:a0af270319bab3d8",
      "api": "protobuf_tonic::prost_to_pbrs",
      "both_api_roundtrips": "passed",
      "common_wire_bytes": 84,
      "common_wire_fingerprint": "fnv1a64:a0af270319bab3d8",
      "complete_reads": "passed",
      "direction": "prost_to_pbrs",
      "full_equality": "passed",
      "id": "codec.adoption.bridge.prost_to_pbrs.sparse.v2.read_all",
      "instructions": "not_run",
      "mode": "read_all",
      "numeric_cost": "not_run",
      "read_checksum": 39533241347761586,
      "source_output_equal_wire": true,
      "specimen": "Sparse(2)",
      "target_reencoded_wire_bytes": 84,
      "target_reencoded_wire_fingerprint": "fnv1a64:a0af270319bab3d8",
      "timing_blocked_reason": null,
      "timing_qualification": "passed",
      "wire_fingerprint": "bridge-v1:84:fnv1a64:a0af270319bab3d8:fnv1a64:a0af270319bab3d8"
    },
    {
      "actual_source_wire_bytes": 84,
      "actual_source_wire_fingerprint": "fnv1a64:a0af270319bab3d8",
      "api": "protobuf_tonic::pbrs_to_prost",
      "both_api_roundtrips": "passed",
      "common_wire_bytes": 84,
      "common_wire_fingerprint": "fnv1a64:a0af270319bab3d8",
      "complete_reads": "passed",
      "direction": "pbrs_to_prost",
      "full_equality": "passed",
      "id": "codec.adoption.bridge.pbrs_to_prost.sparse.v2.api_only",
      "instructions": "not_run",
      "mode": "api_only",
      "numeric_cost": "not_run",
      "read_checksum": 39533241347761586,
      "source_output_equal_wire": true,
      "specimen": "Sparse(2)",
      "target_reencoded_wire_bytes": 84,
      "target_reencoded_wire_fingerprint": "fnv1a64:a0af270319bab3d8",
      "timing_blocked_reason": null,
      "timing_qualification": "passed",
      "wire_fingerprint": "bridge-v1:84:fnv1a64:a0af270319bab3d8:fnv1a64:a0af270319bab3d8"
    },
    {
      "actual_source_wire_bytes": 84,
      "actual_source_wire_fingerprint": "fnv1a64:a0af270319bab3d8",
      "api": "protobuf_tonic::pbrs_to_prost",
      "both_api_roundtrips": "passed",
      "common_wire_bytes": 84,
      "common_wire_fingerprint": "fnv1a64:a0af270319bab3d8",
      "complete_reads": "passed",
      "direction": "pbrs_to_prost",
      "full_equality": "passed",
      "id": "codec.adoption.bridge.pbrs_to_prost.sparse.v2.read_all",
      "instructions": "not_run",
      "mode": "read_all",
      "numeric_cost": "not_run",
      "read_checksum": 39533241347761586,
      "source_output_equal_wire": true,
      "specimen": "Sparse(2)",
      "target_reencoded_wire_bytes": 84,
      "target_reencoded_wire_fingerprint": "fnv1a64:a0af270319bab3d8",
      "timing_blocked_reason": null,
      "timing_qualification": "passed",
      "wire_fingerprint": "bridge-v1:84:fnv1a64:a0af270319bab3d8:fnv1a64:a0af270319bab3d8"
    },
    {
      "actual_source_wire_bytes": 109,
      "actual_source_wire_fingerprint": "fnv1a64:8e5ff4937793bb4c",
      "api": "protobuf_tonic::prost_to_pbrs",
      "both_api_roundtrips": "passed",
      "common_wire_bytes": 109,
      "common_wire_fingerprint": "fnv1a64:8e5ff4937793bb4c",
      "complete_reads": "passed",
      "direction": "prost_to_pbrs",
      "full_equality": "passed",
      "id": "codec.adoption.bridge.prost_to_pbrs.sparse.v3.api_only",
      "instructions": "not_run",
      "mode": "api_only",
      "numeric_cost": "not_run",
      "read_checksum": 8672734157028769381,
      "source_output_equal_wire": true,
      "specimen": "Sparse(3)",
      "target_reencoded_wire_bytes": 109,
      "target_reencoded_wire_fingerprint": "fnv1a64:8e5ff4937793bb4c",
      "timing_blocked_reason": null,
      "timing_qualification": "passed",
      "wire_fingerprint": "bridge-v1:109:fnv1a64:8e5ff4937793bb4c:fnv1a64:8e5ff4937793bb4c"
    },
    {
      "actual_source_wire_bytes": 109,
      "actual_source_wire_fingerprint": "fnv1a64:8e5ff4937793bb4c",
      "api": "protobuf_tonic::prost_to_pbrs",
      "both_api_roundtrips": "passed",
      "common_wire_bytes": 109,
      "common_wire_fingerprint": "fnv1a64:8e5ff4937793bb4c",
      "complete_reads": "passed",
      "direction": "prost_to_pbrs",
      "full_equality": "passed",
      "id": "codec.adoption.bridge.prost_to_pbrs.sparse.v3.read_all",
      "instructions": "not_run",
      "mode": "read_all",
      "numeric_cost": "not_run",
      "read_checksum": 8672734157028769381,
      "source_output_equal_wire": true,
      "specimen": "Sparse(3)",
      "target_reencoded_wire_bytes": 109,
      "target_reencoded_wire_fingerprint": "fnv1a64:8e5ff4937793bb4c",
      "timing_blocked_reason": null,
      "timing_qualification": "passed",
      "wire_fingerprint": "bridge-v1:109:fnv1a64:8e5ff4937793bb4c:fnv1a64:8e5ff4937793bb4c"
    },
    {
      "actual_source_wire_bytes": 109,
      "actual_source_wire_fingerprint": "fnv1a64:8e5ff4937793bb4c",
      "api": "protobuf_tonic::pbrs_to_prost",
      "both_api_roundtrips": "passed",
      "common_wire_bytes": 109,
      "common_wire_fingerprint": "fnv1a64:8e5ff4937793bb4c",
      "complete_reads": "passed",
      "direction": "pbrs_to_prost",
      "full_equality": "passed",
      "id": "codec.adoption.bridge.pbrs_to_prost.sparse.v3.api_only",
      "instructions": "not_run",
      "mode": "api_only",
      "numeric_cost": "not_run",
      "read_checksum": 8672734157028769381,
      "source_output_equal_wire": true,
      "specimen": "Sparse(3)",
      "target_reencoded_wire_bytes": 109,
      "target_reencoded_wire_fingerprint": "fnv1a64:8e5ff4937793bb4c",
      "timing_blocked_reason": null,
      "timing_qualification": "passed",
      "wire_fingerprint": "bridge-v1:109:fnv1a64:8e5ff4937793bb4c:fnv1a64:8e5ff4937793bb4c"
    },
    {
      "actual_source_wire_bytes": 109,
      "actual_source_wire_fingerprint": "fnv1a64:8e5ff4937793bb4c",
      "api": "protobuf_tonic::pbrs_to_prost",
      "both_api_roundtrips": "passed",
      "common_wire_bytes": 109,
      "common_wire_fingerprint": "fnv1a64:8e5ff4937793bb4c",
      "complete_reads": "passed",
      "direction": "pbrs_to_prost",
      "full_equality": "passed",
      "id": "codec.adoption.bridge.pbrs_to_prost.sparse.v3.read_all",
      "instructions": "not_run",
      "mode": "read_all",
      "numeric_cost": "not_run",
      "read_checksum": 8672734157028769381,
      "source_output_equal_wire": true,
      "specimen": "Sparse(3)",
      "target_reencoded_wire_bytes": 109,
      "target_reencoded_wire_fingerprint": "fnv1a64:8e5ff4937793bb4c",
      "timing_blocked_reason": null,
      "timing_qualification": "passed",
      "wire_fingerprint": "bridge-v1:109:fnv1a64:8e5ff4937793bb4c:fnv1a64:8e5ff4937793bb4c"
    },
    {
      "actual_source_wire_bytes": 88,
      "actual_source_wire_fingerprint": "fnv1a64:a2132c0d927cec97",
      "api": "protobuf_tonic::prost_to_pbrs",
      "both_api_roundtrips": "passed",
      "common_wire_bytes": 88,
      "common_wire_fingerprint": "fnv1a64:a2132c0d927cec97",
      "complete_reads": "passed",
      "direction": "prost_to_pbrs",
      "full_equality": "passed",
      "id": "codec.adoption.bridge.prost_to_pbrs.sparse.v4.api_only",
      "instructions": "not_run",
      "mode": "api_only",
      "numeric_cost": "not_run",
      "read_checksum": 2297626016502855224,
      "source_output_equal_wire": true,
      "specimen": "Sparse(4)",
      "target_reencoded_wire_bytes": 88,
      "target_reencoded_wire_fingerprint": "fnv1a64:a2132c0d927cec97",
      "timing_blocked_reason": null,
      "timing_qualification": "passed",
      "wire_fingerprint": "bridge-v1:88:fnv1a64:a2132c0d927cec97:fnv1a64:a2132c0d927cec97"
    },
    {
      "actual_source_wire_bytes": 88,
      "actual_source_wire_fingerprint": "fnv1a64:a2132c0d927cec97",
      "api": "protobuf_tonic::prost_to_pbrs",
      "both_api_roundtrips": "passed",
      "common_wire_bytes": 88,
      "common_wire_fingerprint": "fnv1a64:a2132c0d927cec97",
      "complete_reads": "passed",
      "direction": "prost_to_pbrs",
      "full_equality": "passed",
      "id": "codec.adoption.bridge.prost_to_pbrs.sparse.v4.read_all",
      "instructions": "not_run",
      "mode": "read_all",
      "numeric_cost": "not_run",
      "read_checksum": 2297626016502855224,
      "source_output_equal_wire": true,
      "specimen": "Sparse(4)",
      "target_reencoded_wire_bytes": 88,
      "target_reencoded_wire_fingerprint": "fnv1a64:a2132c0d927cec97",
      "timing_blocked_reason": null,
      "timing_qualification": "passed",
      "wire_fingerprint": "bridge-v1:88:fnv1a64:a2132c0d927cec97:fnv1a64:a2132c0d927cec97"
    },
    {
      "actual_source_wire_bytes": 88,
      "actual_source_wire_fingerprint": "fnv1a64:a2132c0d927cec97",
      "api": "protobuf_tonic::pbrs_to_prost",
      "both_api_roundtrips": "passed",
      "common_wire_bytes": 88,
      "common_wire_fingerprint": "fnv1a64:a2132c0d927cec97",
      "complete_reads": "passed",
      "direction": "pbrs_to_prost",
      "full_equality": "passed",
      "id": "codec.adoption.bridge.pbrs_to_prost.sparse.v4.api_only",
      "instructions": "not_run",
      "mode": "api_only",
      "numeric_cost": "not_run",
      "read_checksum": 2297626016502855224,
      "source_output_equal_wire": true,
      "specimen": "Sparse(4)",
      "target_reencoded_wire_bytes": 88,
      "target_reencoded_wire_fingerprint": "fnv1a64:a2132c0d927cec97",
      "timing_blocked_reason": null,
      "timing_qualification": "passed",
      "wire_fingerprint": "bridge-v1:88:fnv1a64:a2132c0d927cec97:fnv1a64:a2132c0d927cec97"
    },
    {
      "actual_source_wire_bytes": 88,
      "actual_source_wire_fingerprint": "fnv1a64:a2132c0d927cec97",
      "api": "protobuf_tonic::pbrs_to_prost",
      "both_api_roundtrips": "passed",
      "common_wire_bytes": 88,
      "common_wire_fingerprint": "fnv1a64:a2132c0d927cec97",
      "complete_reads": "passed",
      "direction": "pbrs_to_prost",
      "full_equality": "passed",
      "id": "codec.adoption.bridge.pbrs_to_prost.sparse.v4.read_all",
      "instructions": "not_run",
      "mode": "read_all",
      "numeric_cost": "not_run",
      "read_checksum": 2297626016502855224,
      "source_output_equal_wire": true,
      "specimen": "Sparse(4)",
      "target_reencoded_wire_bytes": 88,
      "target_reencoded_wire_fingerprint": "fnv1a64:a2132c0d927cec97",
      "timing_blocked_reason": null,
      "timing_qualification": "passed",
      "wire_fingerprint": "bridge-v1:88:fnv1a64:a2132c0d927cec97:fnv1a64:a2132c0d927cec97"
    },
    {
      "actual_source_wire_bytes": 121,
      "actual_source_wire_fingerprint": "fnv1a64:687bef10a8b3fd44",
      "api": "protobuf_tonic::prost_to_pbrs",
      "both_api_roundtrips": "passed",
      "common_wire_bytes": 121,
      "common_wire_fingerprint": "fnv1a64:687bef10a8b3fd44",
      "complete_reads": "passed",
      "direction": "prost_to_pbrs",
      "full_equality": "passed",
      "id": "codec.adoption.bridge.prost_to_pbrs.sparse.v5.api_only",
      "instructions": "not_run",
      "mode": "api_only",
      "numeric_cost": "not_run",
      "read_checksum": 17582554086864061024,
      "source_output_equal_wire": true,
      "specimen": "Sparse(5)",
      "target_reencoded_wire_bytes": 121,
      "target_reencoded_wire_fingerprint": "fnv1a64:687bef10a8b3fd44",
      "timing_blocked_reason": null,
      "timing_qualification": "passed",
      "wire_fingerprint": "bridge-v1:121:fnv1a64:687bef10a8b3fd44:fnv1a64:687bef10a8b3fd44"
    },
    {
      "actual_source_wire_bytes": 121,
      "actual_source_wire_fingerprint": "fnv1a64:687bef10a8b3fd44",
      "api": "protobuf_tonic::prost_to_pbrs",
      "both_api_roundtrips": "passed",
      "common_wire_bytes": 121,
      "common_wire_fingerprint": "fnv1a64:687bef10a8b3fd44",
      "complete_reads": "passed",
      "direction": "prost_to_pbrs",
      "full_equality": "passed",
      "id": "codec.adoption.bridge.prost_to_pbrs.sparse.v5.read_all",
      "instructions": "not_run",
      "mode": "read_all",
      "numeric_cost": "not_run",
      "read_checksum": 17582554086864061024,
      "source_output_equal_wire": true,
      "specimen": "Sparse(5)",
      "target_reencoded_wire_bytes": 121,
      "target_reencoded_wire_fingerprint": "fnv1a64:687bef10a8b3fd44",
      "timing_blocked_reason": null,
      "timing_qualification": "passed",
      "wire_fingerprint": "bridge-v1:121:fnv1a64:687bef10a8b3fd44:fnv1a64:687bef10a8b3fd44"
    },
    {
      "actual_source_wire_bytes": 121,
      "actual_source_wire_fingerprint": "fnv1a64:687bef10a8b3fd44",
      "api": "protobuf_tonic::pbrs_to_prost",
      "both_api_roundtrips": "passed",
      "common_wire_bytes": 121,
      "common_wire_fingerprint": "fnv1a64:687bef10a8b3fd44",
      "complete_reads": "passed",
      "direction": "pbrs_to_prost",
      "full_equality": "passed",
      "id": "codec.adoption.bridge.pbrs_to_prost.sparse.v5.api_only",
      "instructions": "not_run",
      "mode": "api_only",
      "numeric_cost": "not_run",
      "read_checksum": 17582554086864061024,
      "source_output_equal_wire": true,
      "specimen": "Sparse(5)",
      "target_reencoded_wire_bytes": 121,
      "target_reencoded_wire_fingerprint": "fnv1a64:687bef10a8b3fd44",
      "timing_blocked_reason": null,
      "timing_qualification": "passed",
      "wire_fingerprint": "bridge-v1:121:fnv1a64:687bef10a8b3fd44:fnv1a64:687bef10a8b3fd44"
    },
    {
      "actual_source_wire_bytes": 121,
      "actual_source_wire_fingerprint": "fnv1a64:687bef10a8b3fd44",
      "api": "protobuf_tonic::pbrs_to_prost",
      "both_api_roundtrips": "passed",
      "common_wire_bytes": 121,
      "common_wire_fingerprint": "fnv1a64:687bef10a8b3fd44",
      "complete_reads": "passed",
      "direction": "pbrs_to_prost",
      "full_equality": "passed",
      "id": "codec.adoption.bridge.pbrs_to_prost.sparse.v5.read_all",
      "instructions": "not_run",
      "mode": "read_all",
      "numeric_cost": "not_run",
      "read_checksum": 17582554086864061024,
      "source_output_equal_wire": true,
      "specimen": "Sparse(5)",
      "target_reencoded_wire_bytes": 121,
      "target_reencoded_wire_fingerprint": "fnv1a64:687bef10a8b3fd44",
      "timing_blocked_reason": null,
      "timing_qualification": "passed",
      "wire_fingerprint": "bridge-v1:121:fnv1a64:687bef10a8b3fd44:fnv1a64:687bef10a8b3fd44"
    },
    {
      "actual_source_wire_bytes": 95,
      "actual_source_wire_fingerprint": "fnv1a64:3c482459bf499633",
      "api": "protobuf_tonic::prost_to_pbrs",
      "both_api_roundtrips": "passed",
      "common_wire_bytes": 95,
      "common_wire_fingerprint": "fnv1a64:3c482459bf499633",
      "complete_reads": "passed",
      "direction": "prost_to_pbrs",
      "full_equality": "passed",
      "id": "codec.adoption.bridge.prost_to_pbrs.sparse.v6.api_only",
      "instructions": "not_run",
      "mode": "api_only",
      "numeric_cost": "not_run",
      "read_checksum": 16140518591611789695,
      "source_output_equal_wire": true,
      "specimen": "Sparse(6)",
      "target_reencoded_wire_bytes": 95,
      "target_reencoded_wire_fingerprint": "fnv1a64:3c482459bf499633",
      "timing_blocked_reason": null,
      "timing_qualification": "passed",
      "wire_fingerprint": "bridge-v1:95:fnv1a64:3c482459bf499633:fnv1a64:3c482459bf499633"
    },
    {
      "actual_source_wire_bytes": 95,
      "actual_source_wire_fingerprint": "fnv1a64:3c482459bf499633",
      "api": "protobuf_tonic::prost_to_pbrs",
      "both_api_roundtrips": "passed",
      "common_wire_bytes": 95,
      "common_wire_fingerprint": "fnv1a64:3c482459bf499633",
      "complete_reads": "passed",
      "direction": "prost_to_pbrs",
      "full_equality": "passed",
      "id": "codec.adoption.bridge.prost_to_pbrs.sparse.v6.read_all",
      "instructions": "not_run",
      "mode": "read_all",
      "numeric_cost": "not_run",
      "read_checksum": 16140518591611789695,
      "source_output_equal_wire": true,
      "specimen": "Sparse(6)",
      "target_reencoded_wire_bytes": 95,
      "target_reencoded_wire_fingerprint": "fnv1a64:3c482459bf499633",
      "timing_blocked_reason": null,
      "timing_qualification": "passed",
      "wire_fingerprint": "bridge-v1:95:fnv1a64:3c482459bf499633:fnv1a64:3c482459bf499633"
    },
    {
      "actual_source_wire_bytes": 95,
      "actual_source_wire_fingerprint": "fnv1a64:3c482459bf499633",
      "api": "protobuf_tonic::pbrs_to_prost",
      "both_api_roundtrips": "passed",
      "common_wire_bytes": 95,
      "common_wire_fingerprint": "fnv1a64:3c482459bf499633",
      "complete_reads": "passed",
      "direction": "pbrs_to_prost",
      "full_equality": "passed",
      "id": "codec.adoption.bridge.pbrs_to_prost.sparse.v6.api_only",
      "instructions": "not_run",
      "mode": "api_only",
      "numeric_cost": "not_run",
      "read_checksum": 16140518591611789695,
      "source_output_equal_wire": true,
      "specimen": "Sparse(6)",
      "target_reencoded_wire_bytes": 95,
      "target_reencoded_wire_fingerprint": "fnv1a64:3c482459bf499633",
      "timing_blocked_reason": null,
      "timing_qualification": "passed",
      "wire_fingerprint": "bridge-v1:95:fnv1a64:3c482459bf499633:fnv1a64:3c482459bf499633"
    },
    {
      "actual_source_wire_bytes": 95,
      "actual_source_wire_fingerprint": "fnv1a64:3c482459bf499633",
      "api": "protobuf_tonic::pbrs_to_prost",
      "both_api_roundtrips": "passed",
      "common_wire_bytes": 95,
      "common_wire_fingerprint": "fnv1a64:3c482459bf499633",
      "complete_reads": "passed",
      "direction": "pbrs_to_prost",
      "full_equality": "passed",
      "id": "codec.adoption.bridge.pbrs_to_prost.sparse.v6.read_all",
      "instructions": "not_run",
      "mode": "read_all",
      "numeric_cost": "not_run",
      "read_checksum": 16140518591611789695,
      "source_output_equal_wire": true,
      "specimen": "Sparse(6)",
      "target_reencoded_wire_bytes": 95,
      "target_reencoded_wire_fingerprint": "fnv1a64:3c482459bf499633",
      "timing_blocked_reason": null,
      "timing_qualification": "passed",
      "wire_fingerprint": "bridge-v1:95:fnv1a64:3c482459bf499633:fnv1a64:3c482459bf499633"
    },
    {
      "actual_source_wire_bytes": 114,
      "actual_source_wire_fingerprint": "fnv1a64:5bb3e92f3768e0f7",
      "api": "protobuf_tonic::prost_to_pbrs",
      "both_api_roundtrips": "passed",
      "common_wire_bytes": 114,
      "common_wire_fingerprint": "fnv1a64:5bb3e92f3768e0f7",
      "complete_reads": "passed",
      "direction": "prost_to_pbrs",
      "full_equality": "passed",
      "id": "codec.adoption.bridge.prost_to_pbrs.sparse.v7.api_only",
      "instructions": "not_run",
      "mode": "api_only",
      "numeric_cost": "not_run",
      "read_checksum": 3751981030991365352,
      "source_output_equal_wire": true,
      "specimen": "Sparse(7)",
      "target_reencoded_wire_bytes": 114,
      "target_reencoded_wire_fingerprint": "fnv1a64:5bb3e92f3768e0f7",
      "timing_blocked_reason": null,
      "timing_qualification": "passed",
      "wire_fingerprint": "bridge-v1:114:fnv1a64:5bb3e92f3768e0f7:fnv1a64:5bb3e92f3768e0f7"
    },
    {
      "actual_source_wire_bytes": 114,
      "actual_source_wire_fingerprint": "fnv1a64:5bb3e92f3768e0f7",
      "api": "protobuf_tonic::prost_to_pbrs",
      "both_api_roundtrips": "passed",
      "common_wire_bytes": 114,
      "common_wire_fingerprint": "fnv1a64:5bb3e92f3768e0f7",
      "complete_reads": "passed",
      "direction": "prost_to_pbrs",
      "full_equality": "passed",
      "id": "codec.adoption.bridge.prost_to_pbrs.sparse.v7.read_all",
      "instructions": "not_run",
      "mode": "read_all",
      "numeric_cost": "not_run",
      "read_checksum": 3751981030991365352,
      "source_output_equal_wire": true,
      "specimen": "Sparse(7)",
      "target_reencoded_wire_bytes": 114,
      "target_reencoded_wire_fingerprint": "fnv1a64:5bb3e92f3768e0f7",
      "timing_blocked_reason": null,
      "timing_qualification": "passed",
      "wire_fingerprint": "bridge-v1:114:fnv1a64:5bb3e92f3768e0f7:fnv1a64:5bb3e92f3768e0f7"
    },
    {
      "actual_source_wire_bytes": 114,
      "actual_source_wire_fingerprint": "fnv1a64:5bb3e92f3768e0f7",
      "api": "protobuf_tonic::pbrs_to_prost",
      "both_api_roundtrips": "passed",
      "common_wire_bytes": 114,
      "common_wire_fingerprint": "fnv1a64:5bb3e92f3768e0f7",
      "complete_reads": "passed",
      "direction": "pbrs_to_prost",
      "full_equality": "passed",
      "id": "codec.adoption.bridge.pbrs_to_prost.sparse.v7.api_only",
      "instructions": "not_run",
      "mode": "api_only",
      "numeric_cost": "not_run",
      "read_checksum": 3751981030991365352,
      "source_output_equal_wire": true,
      "specimen": "Sparse(7)",
      "target_reencoded_wire_bytes": 114,
      "target_reencoded_wire_fingerprint": "fnv1a64:5bb3e92f3768e0f7",
      "timing_blocked_reason": null,
      "timing_qualification": "passed",
      "wire_fingerprint": "bridge-v1:114:fnv1a64:5bb3e92f3768e0f7:fnv1a64:5bb3e92f3768e0f7"
    },
    {
      "actual_source_wire_bytes": 114,
      "actual_source_wire_fingerprint": "fnv1a64:5bb3e92f3768e0f7",
      "api": "protobuf_tonic::pbrs_to_prost",
      "both_api_roundtrips": "passed",
      "common_wire_bytes": 114,
      "common_wire_fingerprint": "fnv1a64:5bb3e92f3768e0f7",
      "complete_reads": "passed",
      "direction": "pbrs_to_prost",
      "full_equality": "passed",
      "id": "codec.adoption.bridge.pbrs_to_prost.sparse.v7.read_all",
      "instructions": "not_run",
      "mode": "read_all",
      "numeric_cost": "not_run",
      "read_checksum": 3751981030991365352,
      "source_output_equal_wire": true,
      "specimen": "Sparse(7)",
      "target_reencoded_wire_bytes": 114,
      "target_reencoded_wire_fingerprint": "fnv1a64:5bb3e92f3768e0f7",
      "timing_blocked_reason": null,
      "timing_qualification": "passed",
      "wire_fingerprint": "bridge-v1:114:fnv1a64:5bb3e92f3768e0f7:fnv1a64:5bb3e92f3768e0f7"
    },
    {
      "actual_source_wire_bytes": 98,
      "actual_source_wire_fingerprint": "fnv1a64:5516fd1a552ad2bb",
      "api": "protobuf_tonic::prost_to_pbrs",
      "both_api_roundtrips": "passed",
      "common_wire_bytes": 98,
      "common_wire_fingerprint": "fnv1a64:5516fd1a552ad2bb",
      "complete_reads": "passed",
      "direction": "prost_to_pbrs",
      "full_equality": "passed",
      "id": "codec.adoption.bridge.prost_to_pbrs.sparse.v8.api_only",
      "instructions": "not_run",
      "mode": "api_only",
      "numeric_cost": "not_run",
      "read_checksum": 11998104548201901893,
      "source_output_equal_wire": true,
      "specimen": "Sparse(8)",
      "target_reencoded_wire_bytes": 98,
      "target_reencoded_wire_fingerprint": "fnv1a64:5516fd1a552ad2bb",
      "timing_blocked_reason": null,
      "timing_qualification": "passed",
      "wire_fingerprint": "bridge-v1:98:fnv1a64:5516fd1a552ad2bb:fnv1a64:5516fd1a552ad2bb"
    },
    {
      "actual_source_wire_bytes": 98,
      "actual_source_wire_fingerprint": "fnv1a64:5516fd1a552ad2bb",
      "api": "protobuf_tonic::prost_to_pbrs",
      "both_api_roundtrips": "passed",
      "common_wire_bytes": 98,
      "common_wire_fingerprint": "fnv1a64:5516fd1a552ad2bb",
      "complete_reads": "passed",
      "direction": "prost_to_pbrs",
      "full_equality": "passed",
      "id": "codec.adoption.bridge.prost_to_pbrs.sparse.v8.read_all",
      "instructions": "not_run",
      "mode": "read_all",
      "numeric_cost": "not_run",
      "read_checksum": 11998104548201901893,
      "source_output_equal_wire": true,
      "specimen": "Sparse(8)",
      "target_reencoded_wire_bytes": 98,
      "target_reencoded_wire_fingerprint": "fnv1a64:5516fd1a552ad2bb",
      "timing_blocked_reason": null,
      "timing_qualification": "passed",
      "wire_fingerprint": "bridge-v1:98:fnv1a64:5516fd1a552ad2bb:fnv1a64:5516fd1a552ad2bb"
    },
    {
      "actual_source_wire_bytes": 98,
      "actual_source_wire_fingerprint": "fnv1a64:5516fd1a552ad2bb",
      "api": "protobuf_tonic::pbrs_to_prost",
      "both_api_roundtrips": "passed",
      "common_wire_bytes": 98,
      "common_wire_fingerprint": "fnv1a64:5516fd1a552ad2bb",
      "complete_reads": "passed",
      "direction": "pbrs_to_prost",
      "full_equality": "passed",
      "id": "codec.adoption.bridge.pbrs_to_prost.sparse.v8.api_only",
      "instructions": "not_run",
      "mode": "api_only",
      "numeric_cost": "not_run",
      "read_checksum": 11998104548201901893,
      "source_output_equal_wire": true,
      "specimen": "Sparse(8)",
      "target_reencoded_wire_bytes": 98,
      "target_reencoded_wire_fingerprint": "fnv1a64:5516fd1a552ad2bb",
      "timing_blocked_reason": null,
      "timing_qualification": "passed",
      "wire_fingerprint": "bridge-v1:98:fnv1a64:5516fd1a552ad2bb:fnv1a64:5516fd1a552ad2bb"
    },
    {
      "actual_source_wire_bytes": 98,
      "actual_source_wire_fingerprint": "fnv1a64:5516fd1a552ad2bb",
      "api": "protobuf_tonic::pbrs_to_prost",
      "both_api_roundtrips": "passed",
      "common_wire_bytes": 98,
      "common_wire_fingerprint": "fnv1a64:5516fd1a552ad2bb",
      "complete_reads": "passed",
      "direction": "pbrs_to_prost",
      "full_equality": "passed",
      "id": "codec.adoption.bridge.pbrs_to_prost.sparse.v8.read_all",
      "instructions": "not_run",
      "mode": "read_all",
      "numeric_cost": "not_run",
      "read_checksum": 11998104548201901893,
      "source_output_equal_wire": true,
      "specimen": "Sparse(8)",
      "target_reencoded_wire_bytes": 98,
      "target_reencoded_wire_fingerprint": "fnv1a64:5516fd1a552ad2bb",
      "timing_blocked_reason": null,
      "timing_qualification": "passed",
      "wire_fingerprint": "bridge-v1:98:fnv1a64:5516fd1a552ad2bb:fnv1a64:5516fd1a552ad2bb"
    },
    {
      "actual_source_wire_bytes": 108,
      "actual_source_wire_fingerprint": "fnv1a64:df0bf9d974893099",
      "api": "protobuf_tonic::prost_to_pbrs",
      "both_api_roundtrips": "passed",
      "common_wire_bytes": 108,
      "common_wire_fingerprint": "fnv1a64:df0bf9d974893099",
      "complete_reads": "passed",
      "direction": "prost_to_pbrs",
      "full_equality": "passed",
      "id": "codec.adoption.bridge.prost_to_pbrs.sparse.v9.api_only",
      "instructions": "not_run",
      "mode": "api_only",
      "numeric_cost": "not_run",
      "read_checksum": 1988894425758786647,
      "source_output_equal_wire": true,
      "specimen": "Sparse(9)",
      "target_reencoded_wire_bytes": 108,
      "target_reencoded_wire_fingerprint": "fnv1a64:df0bf9d974893099",
      "timing_blocked_reason": null,
      "timing_qualification": "passed",
      "wire_fingerprint": "bridge-v1:108:fnv1a64:df0bf9d974893099:fnv1a64:df0bf9d974893099"
    },
    {
      "actual_source_wire_bytes": 108,
      "actual_source_wire_fingerprint": "fnv1a64:df0bf9d974893099",
      "api": "protobuf_tonic::prost_to_pbrs",
      "both_api_roundtrips": "passed",
      "common_wire_bytes": 108,
      "common_wire_fingerprint": "fnv1a64:df0bf9d974893099",
      "complete_reads": "passed",
      "direction": "prost_to_pbrs",
      "full_equality": "passed",
      "id": "codec.adoption.bridge.prost_to_pbrs.sparse.v9.read_all",
      "instructions": "not_run",
      "mode": "read_all",
      "numeric_cost": "not_run",
      "read_checksum": 1988894425758786647,
      "source_output_equal_wire": true,
      "specimen": "Sparse(9)",
      "target_reencoded_wire_bytes": 108,
      "target_reencoded_wire_fingerprint": "fnv1a64:df0bf9d974893099",
      "timing_blocked_reason": null,
      "timing_qualification": "passed",
      "wire_fingerprint": "bridge-v1:108:fnv1a64:df0bf9d974893099:fnv1a64:df0bf9d974893099"
    },
    {
      "actual_source_wire_bytes": 108,
      "actual_source_wire_fingerprint": "fnv1a64:df0bf9d974893099",
      "api": "protobuf_tonic::pbrs_to_prost",
      "both_api_roundtrips": "passed",
      "common_wire_bytes": 108,
      "common_wire_fingerprint": "fnv1a64:df0bf9d974893099",
      "complete_reads": "passed",
      "direction": "pbrs_to_prost",
      "full_equality": "passed",
      "id": "codec.adoption.bridge.pbrs_to_prost.sparse.v9.api_only",
      "instructions": "not_run",
      "mode": "api_only",
      "numeric_cost": "not_run",
      "read_checksum": 1988894425758786647,
      "source_output_equal_wire": true,
      "specimen": "Sparse(9)",
      "target_reencoded_wire_bytes": 108,
      "target_reencoded_wire_fingerprint": "fnv1a64:df0bf9d974893099",
      "timing_blocked_reason": null,
      "timing_qualification": "passed",
      "wire_fingerprint": "bridge-v1:108:fnv1a64:df0bf9d974893099:fnv1a64:df0bf9d974893099"
    },
    {
      "actual_source_wire_bytes": 108,
      "actual_source_wire_fingerprint": "fnv1a64:df0bf9d974893099",
      "api": "protobuf_tonic::pbrs_to_prost",
      "both_api_roundtrips": "passed",
      "common_wire_bytes": 108,
      "common_wire_fingerprint": "fnv1a64:df0bf9d974893099",
      "complete_reads": "passed",
      "direction": "pbrs_to_prost",
      "full_equality": "passed",
      "id": "codec.adoption.bridge.pbrs_to_prost.sparse.v9.read_all",
      "instructions": "not_run",
      "mode": "read_all",
      "numeric_cost": "not_run",
      "read_checksum": 1988894425758786647,
      "source_output_equal_wire": true,
      "specimen": "Sparse(9)",
      "target_reencoded_wire_bytes": 108,
      "target_reencoded_wire_fingerprint": "fnv1a64:df0bf9d974893099",
      "timing_blocked_reason": null,
      "timing_qualification": "passed",
      "wire_fingerprint": "bridge-v1:108:fnv1a64:df0bf9d974893099:fnv1a64:df0bf9d974893099"
    },
    {
      "actual_source_wire_bytes": 4678,
      "actual_source_wire_fingerprint": "fnv1a64:b5c9bded29fd8e76",
      "api": "protobuf_tonic::prost_to_pbrs",
      "both_api_roundtrips": "passed",
      "common_wire_bytes": 4678,
      "common_wire_fingerprint": "fnv1a64:3415f6efcea7172c",
      "complete_reads": "passed",
      "direction": "prost_to_pbrs",
      "full_equality": "passed",
      "id": "codec.adoption.bridge.prost_to_pbrs.maps.n8.api_only",
      "instructions": "not_run",
      "mode": "api_only",
      "numeric_cost": "not_run",
      "read_checksum": 2887280963743123263,
      "source_output_equal_wire": false,
      "specimen": "Maps(8)",
      "target_reencoded_wire_bytes": 4682,
      "target_reencoded_wire_fingerprint": "fnv1a64:2c8ba5dcae2b6d2e",
      "timing_blocked_reason": "map bridge cost needs reviewed wire policy and independent actual-source/output order reproducibility; no normalized replacement API",
      "timing_qualification": "blocked",
      "wire_fingerprint": "bridge-v1:4678:fnv1a64:3415f6efcea7172c:fnv1a64:b5c9bded29fd8e76"
    },
    {
      "actual_source_wire_bytes": 4678,
      "actual_source_wire_fingerprint": "fnv1a64:58d667301b0628e0",
      "api": "protobuf_tonic::prost_to_pbrs",
      "both_api_roundtrips": "passed",
      "common_wire_bytes": 4678,
      "common_wire_fingerprint": "fnv1a64:3415f6efcea7172c",
      "complete_reads": "passed",
      "direction": "prost_to_pbrs",
      "full_equality": "passed",
      "id": "codec.adoption.bridge.prost_to_pbrs.maps.n8.read_all",
      "instructions": "not_run",
      "mode": "read_all",
      "numeric_cost": "not_run",
      "read_checksum": 2887280963743123263,
      "source_output_equal_wire": false,
      "specimen": "Maps(8)",
      "target_reencoded_wire_bytes": 4682,
      "target_reencoded_wire_fingerprint": "fnv1a64:bbb8c41ac9458ec4",
      "timing_blocked_reason": "map bridge cost needs reviewed wire policy and independent actual-source/output order reproducibility; no normalized replacement API",
      "timing_qualification": "blocked",
      "wire_fingerprint": "bridge-v1:4678:fnv1a64:3415f6efcea7172c:fnv1a64:58d667301b0628e0"
    },
    {
      "actual_source_wire_bytes": 4682,
      "actual_source_wire_fingerprint": "fnv1a64:724b5d97374fc2ac",
      "api": "protobuf_tonic::pbrs_to_prost",
      "both_api_roundtrips": "passed",
      "common_wire_bytes": 4678,
      "common_wire_fingerprint": "fnv1a64:3415f6efcea7172c",
      "complete_reads": "passed",
      "direction": "pbrs_to_prost",
      "full_equality": "passed",
      "id": "codec.adoption.bridge.pbrs_to_prost.maps.n8.api_only",
      "instructions": "not_run",
      "mode": "api_only",
      "numeric_cost": "not_run",
      "read_checksum": 2887280963743123263,
      "source_output_equal_wire": false,
      "specimen": "Maps(8)",
      "target_reencoded_wire_bytes": 4678,
      "target_reencoded_wire_fingerprint": "fnv1a64:a52a45a9bee8f4dc",
      "timing_blocked_reason": "map bridge cost needs reviewed wire policy and independent actual-source/output order reproducibility; no normalized replacement API",
      "timing_qualification": "blocked",
      "wire_fingerprint": "bridge-v1:4682:fnv1a64:3415f6efcea7172c:fnv1a64:724b5d97374fc2ac"
    },
    {
      "actual_source_wire_bytes": 4682,
      "actual_source_wire_fingerprint": "fnv1a64:724b5d97374fc2ac",
      "api": "protobuf_tonic::pbrs_to_prost",
      "both_api_roundtrips": "passed",
      "common_wire_bytes": 4678,
      "common_wire_fingerprint": "fnv1a64:3415f6efcea7172c",
      "complete_reads": "passed",
      "direction": "pbrs_to_prost",
      "full_equality": "passed",
      "id": "codec.adoption.bridge.pbrs_to_prost.maps.n8.read_all",
      "instructions": "not_run",
      "mode": "read_all",
      "numeric_cost": "not_run",
      "read_checksum": 2887280963743123263,
      "source_output_equal_wire": false,
      "specimen": "Maps(8)",
      "target_reencoded_wire_bytes": 4678,
      "target_reencoded_wire_fingerprint": "fnv1a64:a076ed1b960161ea",
      "timing_blocked_reason": "map bridge cost needs reviewed wire policy and independent actual-source/output order reproducibility; no normalized replacement API",
      "timing_qualification": "blocked",
      "wire_fingerprint": "bridge-v1:4682:fnv1a64:3415f6efcea7172c:fnv1a64:724b5d97374fc2ac"
    },
    {
      "actual_source_wire_bytes": 6831,
      "actual_source_wire_fingerprint": "fnv1a64:1fde52f48a152493",
      "api": "protobuf_tonic::prost_to_pbrs",
      "both_api_roundtrips": "passed",
      "common_wire_bytes": 6831,
      "common_wire_fingerprint": "fnv1a64:df47aa0f5c5dfb0f",
      "complete_reads": "passed",
      "direction": "prost_to_pbrs",
      "full_equality": "passed",
      "id": "codec.adoption.bridge.prost_to_pbrs.maps.n64.api_only",
      "instructions": "not_run",
      "mode": "api_only",
      "numeric_cost": "not_run",
      "read_checksum": 17947857089684271558,
      "source_output_equal_wire": false,
      "specimen": "Maps(64)",
      "target_reencoded_wire_bytes": 6835,
      "target_reencoded_wire_fingerprint": "fnv1a64:c39747f4f6e0adaf",
      "timing_blocked_reason": "map bridge cost needs reviewed wire policy and independent actual-source/output order reproducibility; no normalized replacement API",
      "timing_qualification": "blocked",
      "wire_fingerprint": "bridge-v1:6831:fnv1a64:df47aa0f5c5dfb0f:fnv1a64:1fde52f48a152493"
    },
    {
      "actual_source_wire_bytes": 6831,
      "actual_source_wire_fingerprint": "fnv1a64:d319bcec855c61c3",
      "api": "protobuf_tonic::prost_to_pbrs",
      "both_api_roundtrips": "passed",
      "common_wire_bytes": 6831,
      "common_wire_fingerprint": "fnv1a64:df47aa0f5c5dfb0f",
      "complete_reads": "passed",
      "direction": "prost_to_pbrs",
      "full_equality": "passed",
      "id": "codec.adoption.bridge.prost_to_pbrs.maps.n64.read_all",
      "instructions": "not_run",
      "mode": "read_all",
      "numeric_cost": "not_run",
      "read_checksum": 17947857089684271558,
      "source_output_equal_wire": false,
      "specimen": "Maps(64)",
      "target_reencoded_wire_bytes": 6835,
      "target_reencoded_wire_fingerprint": "fnv1a64:cbbd4cb6aa016e1b",
      "timing_blocked_reason": "map bridge cost needs reviewed wire policy and independent actual-source/output order reproducibility; no normalized replacement API",
      "timing_qualification": "blocked",
      "wire_fingerprint": "bridge-v1:6831:fnv1a64:df47aa0f5c5dfb0f:fnv1a64:d319bcec855c61c3"
    },
    {
      "actual_source_wire_bytes": 6835,
      "actual_source_wire_fingerprint": "fnv1a64:176670313d87573f",
      "api": "protobuf_tonic::pbrs_to_prost",
      "both_api_roundtrips": "passed",
      "common_wire_bytes": 6831,
      "common_wire_fingerprint": "fnv1a64:df47aa0f5c5dfb0f",
      "complete_reads": "passed",
      "direction": "pbrs_to_prost",
      "full_equality": "passed",
      "id": "codec.adoption.bridge.pbrs_to_prost.maps.n64.api_only",
      "instructions": "not_run",
      "mode": "api_only",
      "numeric_cost": "not_run",
      "read_checksum": 17947857089684271558,
      "source_output_equal_wire": false,
      "specimen": "Maps(64)",
      "target_reencoded_wire_bytes": 6831,
      "target_reencoded_wire_fingerprint": "fnv1a64:897b1355f3d81239",
      "timing_blocked_reason": "map bridge cost needs reviewed wire policy and independent actual-source/output order reproducibility; no normalized replacement API",
      "timing_qualification": "blocked",
      "wire_fingerprint": "bridge-v1:6835:fnv1a64:df47aa0f5c5dfb0f:fnv1a64:176670313d87573f"
    },
    {
      "actual_source_wire_bytes": 6835,
      "actual_source_wire_fingerprint": "fnv1a64:176670313d87573f",
      "api": "protobuf_tonic::pbrs_to_prost",
      "both_api_roundtrips": "passed",
      "common_wire_bytes": 6831,
      "common_wire_fingerprint": "fnv1a64:df47aa0f5c5dfb0f",
      "complete_reads": "passed",
      "direction": "pbrs_to_prost",
      "full_equality": "passed",
      "id": "codec.adoption.bridge.pbrs_to_prost.maps.n64.read_all",
      "instructions": "not_run",
      "mode": "read_all",
      "numeric_cost": "not_run",
      "read_checksum": 17947857089684271558,
      "source_output_equal_wire": false,
      "specimen": "Maps(64)",
      "target_reencoded_wire_bytes": 6831,
      "target_reencoded_wire_fingerprint": "fnv1a64:5ebd99cae5c1dc71",
      "timing_blocked_reason": "map bridge cost needs reviewed wire policy and independent actual-source/output order reproducibility; no normalized replacement API",
      "timing_qualification": "blocked",
      "wire_fingerprint": "bridge-v1:6835:fnv1a64:df47aa0f5c5dfb0f:fnv1a64:176670313d87573f"
    },
    {
      "actual_source_wire_bytes": 24647,
      "actual_source_wire_fingerprint": "fnv1a64:49ec3cf9be781c21",
      "api": "protobuf_tonic::prost_to_pbrs",
      "both_api_roundtrips": "passed",
      "common_wire_bytes": 24647,
      "common_wire_fingerprint": "fnv1a64:0094218e21c0b475",
      "complete_reads": "passed",
      "direction": "prost_to_pbrs",
      "full_equality": "passed",
      "id": "codec.adoption.bridge.prost_to_pbrs.maps.n512.api_only",
      "instructions": "not_run",
      "mode": "api_only",
      "numeric_cost": "not_run",
      "read_checksum": 8561840737218517528,
      "source_output_equal_wire": false,
      "specimen": "Maps(512)",
      "target_reencoded_wire_bytes": 24651,
      "target_reencoded_wire_fingerprint": "fnv1a64:c7639de3ddd3f005",
      "timing_blocked_reason": "map bridge cost needs reviewed wire policy and independent actual-source/output order reproducibility; no normalized replacement API",
      "timing_qualification": "blocked",
      "wire_fingerprint": "bridge-v1:24647:fnv1a64:0094218e21c0b475:fnv1a64:49ec3cf9be781c21"
    },
    {
      "actual_source_wire_bytes": 24647,
      "actual_source_wire_fingerprint": "fnv1a64:eb571be20ca58a73",
      "api": "protobuf_tonic::prost_to_pbrs",
      "both_api_roundtrips": "passed",
      "common_wire_bytes": 24647,
      "common_wire_fingerprint": "fnv1a64:0094218e21c0b475",
      "complete_reads": "passed",
      "direction": "prost_to_pbrs",
      "full_equality": "passed",
      "id": "codec.adoption.bridge.prost_to_pbrs.maps.n512.read_all",
      "instructions": "not_run",
      "mode": "read_all",
      "numeric_cost": "not_run",
      "read_checksum": 8561840737218517528,
      "source_output_equal_wire": false,
      "specimen": "Maps(512)",
      "target_reencoded_wire_bytes": 24651,
      "target_reencoded_wire_fingerprint": "fnv1a64:a56b0d684f30f517",
      "timing_blocked_reason": "map bridge cost needs reviewed wire policy and independent actual-source/output order reproducibility; no normalized replacement API",
      "timing_qualification": "blocked",
      "wire_fingerprint": "bridge-v1:24647:fnv1a64:0094218e21c0b475:fnv1a64:eb571be20ca58a73"
    },
    {
      "actual_source_wire_bytes": 24651,
      "actual_source_wire_fingerprint": "fnv1a64:70c744287db69a95",
      "api": "protobuf_tonic::pbrs_to_prost",
      "both_api_roundtrips": "passed",
      "common_wire_bytes": 24647,
      "common_wire_fingerprint": "fnv1a64:0094218e21c0b475",
      "complete_reads": "passed",
      "direction": "pbrs_to_prost",
      "full_equality": "passed",
      "id": "codec.adoption.bridge.pbrs_to_prost.maps.n512.api_only",
      "instructions": "not_run",
      "mode": "api_only",
      "numeric_cost": "not_run",
      "read_checksum": 8561840737218517528,
      "source_output_equal_wire": false,
      "specimen": "Maps(512)",
      "target_reencoded_wire_bytes": 24647,
      "target_reencoded_wire_fingerprint": "fnv1a64:030644080c8a5555",
      "timing_blocked_reason": "map bridge cost needs reviewed wire policy and independent actual-source/output order reproducibility; no normalized replacement API",
      "timing_qualification": "blocked",
      "wire_fingerprint": "bridge-v1:24651:fnv1a64:0094218e21c0b475:fnv1a64:70c744287db69a95"
    },
    {
      "actual_source_wire_bytes": 24651,
      "actual_source_wire_fingerprint": "fnv1a64:70c744287db69a95",
      "api": "protobuf_tonic::pbrs_to_prost",
      "both_api_roundtrips": "passed",
      "common_wire_bytes": 24647,
      "common_wire_fingerprint": "fnv1a64:0094218e21c0b475",
      "complete_reads": "passed",
      "direction": "pbrs_to_prost",
      "full_equality": "passed",
      "id": "codec.adoption.bridge.pbrs_to_prost.maps.n512.read_all",
      "instructions": "not_run",
      "mode": "read_all",
      "numeric_cost": "not_run",
      "read_checksum": 8561840737218517528,
      "source_output_equal_wire": false,
      "specimen": "Maps(512)",
      "target_reencoded_wire_bytes": 24647,
      "target_reencoded_wire_fingerprint": "fnv1a64:67228955987f73f1",
      "timing_blocked_reason": "map bridge cost needs reviewed wire policy and independent actual-source/output order reproducibility; no normalized replacement API",
      "timing_qualification": "blocked",
      "wire_fingerprint": "bridge-v1:24651:fnv1a64:0094218e21c0b475:fnv1a64:70c744287db69a95"
    },
    {
      "actual_source_wire_bytes": 126,
      "actual_source_wire_fingerprint": "fnv1a64:5ab23aa9fa838a36",
      "api": "protobuf_tonic::prost_to_pbrs",
      "both_api_roundtrips": "passed",
      "common_wire_bytes": 126,
      "common_wire_fingerprint": "fnv1a64:5ab23aa9fa838a36",
      "complete_reads": "passed",
      "direction": "prost_to_pbrs",
      "full_equality": "passed",
      "id": "codec.adoption.bridge.prost_to_pbrs.options.part00.api_only",
      "instructions": "not_run",
      "mode": "api_only",
      "numeric_cost": "not_run",
      "read_checksum": 4830473546039968085,
      "source_output_equal_wire": true,
      "specimen": "Options(0)",
      "target_reencoded_wire_bytes": 126,
      "target_reencoded_wire_fingerprint": "fnv1a64:5ab23aa9fa838a36",
      "timing_blocked_reason": null,
      "timing_qualification": "passed",
      "wire_fingerprint": "bridge-v1:126:fnv1a64:5ab23aa9fa838a36:fnv1a64:5ab23aa9fa838a36"
    },
    {
      "actual_source_wire_bytes": 126,
      "actual_source_wire_fingerprint": "fnv1a64:5ab23aa9fa838a36",
      "api": "protobuf_tonic::prost_to_pbrs",
      "both_api_roundtrips": "passed",
      "common_wire_bytes": 126,
      "common_wire_fingerprint": "fnv1a64:5ab23aa9fa838a36",
      "complete_reads": "passed",
      "direction": "prost_to_pbrs",
      "full_equality": "passed",
      "id": "codec.adoption.bridge.prost_to_pbrs.options.part00.read_all",
      "instructions": "not_run",
      "mode": "read_all",
      "numeric_cost": "not_run",
      "read_checksum": 4830473546039968085,
      "source_output_equal_wire": true,
      "specimen": "Options(0)",
      "target_reencoded_wire_bytes": 126,
      "target_reencoded_wire_fingerprint": "fnv1a64:5ab23aa9fa838a36",
      "timing_blocked_reason": null,
      "timing_qualification": "passed",
      "wire_fingerprint": "bridge-v1:126:fnv1a64:5ab23aa9fa838a36:fnv1a64:5ab23aa9fa838a36"
    },
    {
      "actual_source_wire_bytes": 126,
      "actual_source_wire_fingerprint": "fnv1a64:5ab23aa9fa838a36",
      "api": "protobuf_tonic::pbrs_to_prost",
      "both_api_roundtrips": "passed",
      "common_wire_bytes": 126,
      "common_wire_fingerprint": "fnv1a64:5ab23aa9fa838a36",
      "complete_reads": "passed",
      "direction": "pbrs_to_prost",
      "full_equality": "passed",
      "id": "codec.adoption.bridge.pbrs_to_prost.options.part00.api_only",
      "instructions": "not_run",
      "mode": "api_only",
      "numeric_cost": "not_run",
      "read_checksum": 4830473546039968085,
      "source_output_equal_wire": true,
      "specimen": "Options(0)",
      "target_reencoded_wire_bytes": 126,
      "target_reencoded_wire_fingerprint": "fnv1a64:5ab23aa9fa838a36",
      "timing_blocked_reason": null,
      "timing_qualification": "passed",
      "wire_fingerprint": "bridge-v1:126:fnv1a64:5ab23aa9fa838a36:fnv1a64:5ab23aa9fa838a36"
    },
    {
      "actual_source_wire_bytes": 126,
      "actual_source_wire_fingerprint": "fnv1a64:5ab23aa9fa838a36",
      "api": "protobuf_tonic::pbrs_to_prost",
      "both_api_roundtrips": "passed",
      "common_wire_bytes": 126,
      "common_wire_fingerprint": "fnv1a64:5ab23aa9fa838a36",
      "complete_reads": "passed",
      "direction": "pbrs_to_prost",
      "full_equality": "passed",
      "id": "codec.adoption.bridge.pbrs_to_prost.options.part00.read_all",
      "instructions": "not_run",
      "mode": "read_all",
      "numeric_cost": "not_run",
      "read_checksum": 4830473546039968085,
      "source_output_equal_wire": true,
      "specimen": "Options(0)",
      "target_reencoded_wire_bytes": 126,
      "target_reencoded_wire_fingerprint": "fnv1a64:5ab23aa9fa838a36",
      "timing_blocked_reason": null,
      "timing_qualification": "passed",
      "wire_fingerprint": "bridge-v1:126:fnv1a64:5ab23aa9fa838a36:fnv1a64:5ab23aa9fa838a36"
    },
    {
      "actual_source_wire_bytes": 126,
      "actual_source_wire_fingerprint": "fnv1a64:3c20a609935517b2",
      "api": "protobuf_tonic::prost_to_pbrs",
      "both_api_roundtrips": "passed",
      "common_wire_bytes": 126,
      "common_wire_fingerprint": "fnv1a64:3c20a609935517b2",
      "complete_reads": "passed",
      "direction": "prost_to_pbrs",
      "full_equality": "passed",
      "id": "codec.adoption.bridge.prost_to_pbrs.options.part01.api_only",
      "instructions": "not_run",
      "mode": "api_only",
      "numeric_cost": "not_run",
      "read_checksum": 2228209329053481525,
      "source_output_equal_wire": true,
      "specimen": "Options(1)",
      "target_reencoded_wire_bytes": 126,
      "target_reencoded_wire_fingerprint": "fnv1a64:3c20a609935517b2",
      "timing_blocked_reason": null,
      "timing_qualification": "passed",
      "wire_fingerprint": "bridge-v1:126:fnv1a64:3c20a609935517b2:fnv1a64:3c20a609935517b2"
    },
    {
      "actual_source_wire_bytes": 126,
      "actual_source_wire_fingerprint": "fnv1a64:3c20a609935517b2",
      "api": "protobuf_tonic::prost_to_pbrs",
      "both_api_roundtrips": "passed",
      "common_wire_bytes": 126,
      "common_wire_fingerprint": "fnv1a64:3c20a609935517b2",
      "complete_reads": "passed",
      "direction": "prost_to_pbrs",
      "full_equality": "passed",
      "id": "codec.adoption.bridge.prost_to_pbrs.options.part01.read_all",
      "instructions": "not_run",
      "mode": "read_all",
      "numeric_cost": "not_run",
      "read_checksum": 2228209329053481525,
      "source_output_equal_wire": true,
      "specimen": "Options(1)",
      "target_reencoded_wire_bytes": 126,
      "target_reencoded_wire_fingerprint": "fnv1a64:3c20a609935517b2",
      "timing_blocked_reason": null,
      "timing_qualification": "passed",
      "wire_fingerprint": "bridge-v1:126:fnv1a64:3c20a609935517b2:fnv1a64:3c20a609935517b2"
    },
    {
      "actual_source_wire_bytes": 126,
      "actual_source_wire_fingerprint": "fnv1a64:3c20a609935517b2",
      "api": "protobuf_tonic::pbrs_to_prost",
      "both_api_roundtrips": "passed",
      "common_wire_bytes": 126,
      "common_wire_fingerprint": "fnv1a64:3c20a609935517b2",
      "complete_reads": "passed",
      "direction": "pbrs_to_prost",
      "full_equality": "passed",
      "id": "codec.adoption.bridge.pbrs_to_prost.options.part01.api_only",
      "instructions": "not_run",
      "mode": "api_only",
      "numeric_cost": "not_run",
      "read_checksum": 2228209329053481525,
      "source_output_equal_wire": true,
      "specimen": "Options(1)",
      "target_reencoded_wire_bytes": 126,
      "target_reencoded_wire_fingerprint": "fnv1a64:3c20a609935517b2",
      "timing_blocked_reason": null,
      "timing_qualification": "passed",
      "wire_fingerprint": "bridge-v1:126:fnv1a64:3c20a609935517b2:fnv1a64:3c20a609935517b2"
    },
    {
      "actual_source_wire_bytes": 126,
      "actual_source_wire_fingerprint": "fnv1a64:3c20a609935517b2",
      "api": "protobuf_tonic::pbrs_to_prost",
      "both_api_roundtrips": "passed",
      "common_wire_bytes": 126,
      "common_wire_fingerprint": "fnv1a64:3c20a609935517b2",
      "complete_reads": "passed",
      "direction": "pbrs_to_prost",
      "full_equality": "passed",
      "id": "codec.adoption.bridge.pbrs_to_prost.options.part01.read_all",
      "instructions": "not_run",
      "mode": "read_all",
      "numeric_cost": "not_run",
      "read_checksum": 2228209329053481525,
      "source_output_equal_wire": true,
      "specimen": "Options(1)",
      "target_reencoded_wire_bytes": 126,
      "target_reencoded_wire_fingerprint": "fnv1a64:3c20a609935517b2",
      "timing_blocked_reason": null,
      "timing_qualification": "passed",
      "wire_fingerprint": "bridge-v1:126:fnv1a64:3c20a609935517b2:fnv1a64:3c20a609935517b2"
    },
    {
      "actual_source_wire_bytes": 126,
      "actual_source_wire_fingerprint": "fnv1a64:48c7c5a9d270dae6",
      "api": "protobuf_tonic::prost_to_pbrs",
      "both_api_roundtrips": "passed",
      "common_wire_bytes": 126,
      "common_wire_fingerprint": "fnv1a64:48c7c5a9d270dae6",
      "complete_reads": "passed",
      "direction": "prost_to_pbrs",
      "full_equality": "passed",
      "id": "codec.adoption.bridge.prost_to_pbrs.options.part02.api_only",
      "instructions": "not_run",
      "mode": "api_only",
      "numeric_cost": "not_run",
      "read_checksum": 17321871167812531017,
      "source_output_equal_wire": true,
      "specimen": "Options(2)",
      "target_reencoded_wire_bytes": 126,
      "target_reencoded_wire_fingerprint": "fnv1a64:48c7c5a9d270dae6",
      "timing_blocked_reason": null,
      "timing_qualification": "passed",
      "wire_fingerprint": "bridge-v1:126:fnv1a64:48c7c5a9d270dae6:fnv1a64:48c7c5a9d270dae6"
    },
    {
      "actual_source_wire_bytes": 126,
      "actual_source_wire_fingerprint": "fnv1a64:48c7c5a9d270dae6",
      "api": "protobuf_tonic::prost_to_pbrs",
      "both_api_roundtrips": "passed",
      "common_wire_bytes": 126,
      "common_wire_fingerprint": "fnv1a64:48c7c5a9d270dae6",
      "complete_reads": "passed",
      "direction": "prost_to_pbrs",
      "full_equality": "passed",
      "id": "codec.adoption.bridge.prost_to_pbrs.options.part02.read_all",
      "instructions": "not_run",
      "mode": "read_all",
      "numeric_cost": "not_run",
      "read_checksum": 17321871167812531017,
      "source_output_equal_wire": true,
      "specimen": "Options(2)",
      "target_reencoded_wire_bytes": 126,
      "target_reencoded_wire_fingerprint": "fnv1a64:48c7c5a9d270dae6",
      "timing_blocked_reason": null,
      "timing_qualification": "passed",
      "wire_fingerprint": "bridge-v1:126:fnv1a64:48c7c5a9d270dae6:fnv1a64:48c7c5a9d270dae6"
    },
    {
      "actual_source_wire_bytes": 126,
      "actual_source_wire_fingerprint": "fnv1a64:48c7c5a9d270dae6",
      "api": "protobuf_tonic::pbrs_to_prost",
      "both_api_roundtrips": "passed",
      "common_wire_bytes": 126,
      "common_wire_fingerprint": "fnv1a64:48c7c5a9d270dae6",
      "complete_reads": "passed",
      "direction": "pbrs_to_prost",
      "full_equality": "passed",
      "id": "codec.adoption.bridge.pbrs_to_prost.options.part02.api_only",
      "instructions": "not_run",
      "mode": "api_only",
      "numeric_cost": "not_run",
      "read_checksum": 17321871167812531017,
      "source_output_equal_wire": true,
      "specimen": "Options(2)",
      "target_reencoded_wire_bytes": 126,
      "target_reencoded_wire_fingerprint": "fnv1a64:48c7c5a9d270dae6",
      "timing_blocked_reason": null,
      "timing_qualification": "passed",
      "wire_fingerprint": "bridge-v1:126:fnv1a64:48c7c5a9d270dae6:fnv1a64:48c7c5a9d270dae6"
    },
    {
      "actual_source_wire_bytes": 126,
      "actual_source_wire_fingerprint": "fnv1a64:48c7c5a9d270dae6",
      "api": "protobuf_tonic::pbrs_to_prost",
      "both_api_roundtrips": "passed",
      "common_wire_bytes": 126,
      "common_wire_fingerprint": "fnv1a64:48c7c5a9d270dae6",
      "complete_reads": "passed",
      "direction": "pbrs_to_prost",
      "full_equality": "passed",
      "id": "codec.adoption.bridge.pbrs_to_prost.options.part02.read_all",
      "instructions": "not_run",
      "mode": "read_all",
      "numeric_cost": "not_run",
      "read_checksum": 17321871167812531017,
      "source_output_equal_wire": true,
      "specimen": "Options(2)",
      "target_reencoded_wire_bytes": 126,
      "target_reencoded_wire_fingerprint": "fnv1a64:48c7c5a9d270dae6",
      "timing_blocked_reason": null,
      "timing_qualification": "passed",
      "wire_fingerprint": "bridge-v1:126:fnv1a64:48c7c5a9d270dae6:fnv1a64:48c7c5a9d270dae6"
    },
    {
      "actual_source_wire_bytes": 126,
      "actual_source_wire_fingerprint": "fnv1a64:cb2c4b976d294cb2",
      "api": "protobuf_tonic::prost_to_pbrs",
      "both_api_roundtrips": "passed",
      "common_wire_bytes": 126,
      "common_wire_fingerprint": "fnv1a64:cb2c4b976d294cb2",
      "complete_reads": "passed",
      "direction": "prost_to_pbrs",
      "full_equality": "passed",
      "id": "codec.adoption.bridge.prost_to_pbrs.options.part03.api_only",
      "instructions": "not_run",
      "mode": "api_only",
      "numeric_cost": "not_run",
      "read_checksum": 16123959536721909329,
      "source_output_equal_wire": true,
      "specimen": "Options(3)",
      "target_reencoded_wire_bytes": 126,
      "target_reencoded_wire_fingerprint": "fnv1a64:cb2c4b976d294cb2",
      "timing_blocked_reason": null,
      "timing_qualification": "passed",
      "wire_fingerprint": "bridge-v1:126:fnv1a64:cb2c4b976d294cb2:fnv1a64:cb2c4b976d294cb2"
    },
    {
      "actual_source_wire_bytes": 126,
      "actual_source_wire_fingerprint": "fnv1a64:cb2c4b976d294cb2",
      "api": "protobuf_tonic::prost_to_pbrs",
      "both_api_roundtrips": "passed",
      "common_wire_bytes": 126,
      "common_wire_fingerprint": "fnv1a64:cb2c4b976d294cb2",
      "complete_reads": "passed",
      "direction": "prost_to_pbrs",
      "full_equality": "passed",
      "id": "codec.adoption.bridge.prost_to_pbrs.options.part03.read_all",
      "instructions": "not_run",
      "mode": "read_all",
      "numeric_cost": "not_run",
      "read_checksum": 16123959536721909329,
      "source_output_equal_wire": true,
      "specimen": "Options(3)",
      "target_reencoded_wire_bytes": 126,
      "target_reencoded_wire_fingerprint": "fnv1a64:cb2c4b976d294cb2",
      "timing_blocked_reason": null,
      "timing_qualification": "passed",
      "wire_fingerprint": "bridge-v1:126:fnv1a64:cb2c4b976d294cb2:fnv1a64:cb2c4b976d294cb2"
    },
    {
      "actual_source_wire_bytes": 126,
      "actual_source_wire_fingerprint": "fnv1a64:cb2c4b976d294cb2",
      "api": "protobuf_tonic::pbrs_to_prost",
      "both_api_roundtrips": "passed",
      "common_wire_bytes": 126,
      "common_wire_fingerprint": "fnv1a64:cb2c4b976d294cb2",
      "complete_reads": "passed",
      "direction": "pbrs_to_prost",
      "full_equality": "passed",
      "id": "codec.adoption.bridge.pbrs_to_prost.options.part03.api_only",
      "instructions": "not_run",
      "mode": "api_only",
      "numeric_cost": "not_run",
      "read_checksum": 16123959536721909329,
      "source_output_equal_wire": true,
      "specimen": "Options(3)",
      "target_reencoded_wire_bytes": 126,
      "target_reencoded_wire_fingerprint": "fnv1a64:cb2c4b976d294cb2",
      "timing_blocked_reason": null,
      "timing_qualification": "passed",
      "wire_fingerprint": "bridge-v1:126:fnv1a64:cb2c4b976d294cb2:fnv1a64:cb2c4b976d294cb2"
    },
    {
      "actual_source_wire_bytes": 126,
      "actual_source_wire_fingerprint": "fnv1a64:cb2c4b976d294cb2",
      "api": "protobuf_tonic::pbrs_to_prost",
      "both_api_roundtrips": "passed",
      "common_wire_bytes": 126,
      "common_wire_fingerprint": "fnv1a64:cb2c4b976d294cb2",
      "complete_reads": "passed",
      "direction": "pbrs_to_prost",
      "full_equality": "passed",
      "id": "codec.adoption.bridge.pbrs_to_prost.options.part03.read_all",
      "instructions": "not_run",
      "mode": "read_all",
      "numeric_cost": "not_run",
      "read_checksum": 16123959536721909329,
      "source_output_equal_wire": true,
      "specimen": "Options(3)",
      "target_reencoded_wire_bytes": 126,
      "target_reencoded_wire_fingerprint": "fnv1a64:cb2c4b976d294cb2",
      "timing_blocked_reason": null,
      "timing_qualification": "passed",
      "wire_fingerprint": "bridge-v1:126:fnv1a64:cb2c4b976d294cb2:fnv1a64:cb2c4b976d294cb2"
    },
    {
      "actual_source_wire_bytes": 126,
      "actual_source_wire_fingerprint": "fnv1a64:5f6ab816317ed126",
      "api": "protobuf_tonic::prost_to_pbrs",
      "both_api_roundtrips": "passed",
      "common_wire_bytes": 126,
      "common_wire_fingerprint": "fnv1a64:5f6ab816317ed126",
      "complete_reads": "passed",
      "direction": "prost_to_pbrs",
      "full_equality": "passed",
      "id": "codec.adoption.bridge.prost_to_pbrs.options.part04.api_only",
      "instructions": "not_run",
      "mode": "api_only",
      "numeric_cost": "not_run",
      "read_checksum": 8343591428379367101,
      "source_output_equal_wire": true,
      "specimen": "Options(4)",
      "target_reencoded_wire_bytes": 126,
      "target_reencoded_wire_fingerprint": "fnv1a64:5f6ab816317ed126",
      "timing_blocked_reason": null,
      "timing_qualification": "passed",
      "wire_fingerprint": "bridge-v1:126:fnv1a64:5f6ab816317ed126:fnv1a64:5f6ab816317ed126"
    },
    {
      "actual_source_wire_bytes": 126,
      "actual_source_wire_fingerprint": "fnv1a64:5f6ab816317ed126",
      "api": "protobuf_tonic::prost_to_pbrs",
      "both_api_roundtrips": "passed",
      "common_wire_bytes": 126,
      "common_wire_fingerprint": "fnv1a64:5f6ab816317ed126",
      "complete_reads": "passed",
      "direction": "prost_to_pbrs",
      "full_equality": "passed",
      "id": "codec.adoption.bridge.prost_to_pbrs.options.part04.read_all",
      "instructions": "not_run",
      "mode": "read_all",
      "numeric_cost": "not_run",
      "read_checksum": 8343591428379367101,
      "source_output_equal_wire": true,
      "specimen": "Options(4)",
      "target_reencoded_wire_bytes": 126,
      "target_reencoded_wire_fingerprint": "fnv1a64:5f6ab816317ed126",
      "timing_blocked_reason": null,
      "timing_qualification": "passed",
      "wire_fingerprint": "bridge-v1:126:fnv1a64:5f6ab816317ed126:fnv1a64:5f6ab816317ed126"
    },
    {
      "actual_source_wire_bytes": 126,
      "actual_source_wire_fingerprint": "fnv1a64:5f6ab816317ed126",
      "api": "protobuf_tonic::pbrs_to_prost",
      "both_api_roundtrips": "passed",
      "common_wire_bytes": 126,
      "common_wire_fingerprint": "fnv1a64:5f6ab816317ed126",
      "complete_reads": "passed",
      "direction": "pbrs_to_prost",
      "full_equality": "passed",
      "id": "codec.adoption.bridge.pbrs_to_prost.options.part04.api_only",
      "instructions": "not_run",
      "mode": "api_only",
      "numeric_cost": "not_run",
      "read_checksum": 8343591428379367101,
      "source_output_equal_wire": true,
      "specimen": "Options(4)",
      "target_reencoded_wire_bytes": 126,
      "target_reencoded_wire_fingerprint": "fnv1a64:5f6ab816317ed126",
      "timing_blocked_reason": null,
      "timing_qualification": "passed",
      "wire_fingerprint": "bridge-v1:126:fnv1a64:5f6ab816317ed126:fnv1a64:5f6ab816317ed126"
    },
    {
      "actual_source_wire_bytes": 126,
      "actual_source_wire_fingerprint": "fnv1a64:5f6ab816317ed126",
      "api": "protobuf_tonic::pbrs_to_prost",
      "both_api_roundtrips": "passed",
      "common_wire_bytes": 126,
      "common_wire_fingerprint": "fnv1a64:5f6ab816317ed126",
      "complete_reads": "passed",
      "direction": "pbrs_to_prost",
      "full_equality": "passed",
      "id": "codec.adoption.bridge.pbrs_to_prost.options.part04.read_all",
      "instructions": "not_run",
      "mode": "read_all",
      "numeric_cost": "not_run",
      "read_checksum": 8343591428379367101,
      "source_output_equal_wire": true,
      "specimen": "Options(4)",
      "target_reencoded_wire_bytes": 126,
      "target_reencoded_wire_fingerprint": "fnv1a64:5f6ab816317ed126",
      "timing_blocked_reason": null,
      "timing_qualification": "passed",
      "wire_fingerprint": "bridge-v1:126:fnv1a64:5f6ab816317ed126:fnv1a64:5f6ab816317ed126"
    },
    {
      "actual_source_wire_bytes": 126,
      "actual_source_wire_fingerprint": "fnv1a64:aad7daaba560e3da",
      "api": "protobuf_tonic::prost_to_pbrs",
      "both_api_roundtrips": "passed",
      "common_wire_bytes": 126,
      "common_wire_fingerprint": "fnv1a64:aad7daaba560e3da",
      "complete_reads": "passed",
      "direction": "prost_to_pbrs",
      "full_equality": "passed",
      "id": "codec.adoption.bridge.prost_to_pbrs.options.part05.api_only",
      "instructions": "not_run",
      "mode": "api_only",
      "numeric_cost": "not_run",
      "read_checksum": 6383491631597770765,
      "source_output_equal_wire": true,
      "specimen": "Options(5)",
      "target_reencoded_wire_bytes": 126,
      "target_reencoded_wire_fingerprint": "fnv1a64:aad7daaba560e3da",
      "timing_blocked_reason": null,
      "timing_qualification": "passed",
      "wire_fingerprint": "bridge-v1:126:fnv1a64:aad7daaba560e3da:fnv1a64:aad7daaba560e3da"
    },
    {
      "actual_source_wire_bytes": 126,
      "actual_source_wire_fingerprint": "fnv1a64:aad7daaba560e3da",
      "api": "protobuf_tonic::prost_to_pbrs",
      "both_api_roundtrips": "passed",
      "common_wire_bytes": 126,
      "common_wire_fingerprint": "fnv1a64:aad7daaba560e3da",
      "complete_reads": "passed",
      "direction": "prost_to_pbrs",
      "full_equality": "passed",
      "id": "codec.adoption.bridge.prost_to_pbrs.options.part05.read_all",
      "instructions": "not_run",
      "mode": "read_all",
      "numeric_cost": "not_run",
      "read_checksum": 6383491631597770765,
      "source_output_equal_wire": true,
      "specimen": "Options(5)",
      "target_reencoded_wire_bytes": 126,
      "target_reencoded_wire_fingerprint": "fnv1a64:aad7daaba560e3da",
      "timing_blocked_reason": null,
      "timing_qualification": "passed",
      "wire_fingerprint": "bridge-v1:126:fnv1a64:aad7daaba560e3da:fnv1a64:aad7daaba560e3da"
    },
    {
      "actual_source_wire_bytes": 126,
      "actual_source_wire_fingerprint": "fnv1a64:aad7daaba560e3da",
      "api": "protobuf_tonic::pbrs_to_prost",
      "both_api_roundtrips": "passed",
      "common_wire_bytes": 126,
      "common_wire_fingerprint": "fnv1a64:aad7daaba560e3da",
      "complete_reads": "passed",
      "direction": "pbrs_to_prost",
      "full_equality": "passed",
      "id": "codec.adoption.bridge.pbrs_to_prost.options.part05.api_only",
      "instructions": "not_run",
      "mode": "api_only",
      "numeric_cost": "not_run",
      "read_checksum": 6383491631597770765,
      "source_output_equal_wire": true,
      "specimen": "Options(5)",
      "target_reencoded_wire_bytes": 126,
      "target_reencoded_wire_fingerprint": "fnv1a64:aad7daaba560e3da",
      "timing_blocked_reason": null,
      "timing_qualification": "passed",
      "wire_fingerprint": "bridge-v1:126:fnv1a64:aad7daaba560e3da:fnv1a64:aad7daaba560e3da"
    },
    {
      "actual_source_wire_bytes": 126,
      "actual_source_wire_fingerprint": "fnv1a64:aad7daaba560e3da",
      "api": "protobuf_tonic::pbrs_to_prost",
      "both_api_roundtrips": "passed",
      "common_wire_bytes": 126,
      "common_wire_fingerprint": "fnv1a64:aad7daaba560e3da",
      "complete_reads": "passed",
      "direction": "pbrs_to_prost",
      "full_equality": "passed",
      "id": "codec.adoption.bridge.pbrs_to_prost.options.part05.read_all",
      "instructions": "not_run",
      "mode": "read_all",
      "numeric_cost": "not_run",
      "read_checksum": 6383491631597770765,
      "source_output_equal_wire": true,
      "specimen": "Options(5)",
      "target_reencoded_wire_bytes": 126,
      "target_reencoded_wire_fingerprint": "fnv1a64:aad7daaba560e3da",
      "timing_blocked_reason": null,
      "timing_qualification": "passed",
      "wire_fingerprint": "bridge-v1:126:fnv1a64:aad7daaba560e3da:fnv1a64:aad7daaba560e3da"
    },
    {
      "actual_source_wire_bytes": 126,
      "actual_source_wire_fingerprint": "fnv1a64:fa80f131db019c96",
      "api": "protobuf_tonic::prost_to_pbrs",
      "both_api_roundtrips": "passed",
      "common_wire_bytes": 126,
      "common_wire_fingerprint": "fnv1a64:fa80f131db019c96",
      "complete_reads": "passed",
      "direction": "prost_to_pbrs",
      "full_equality": "passed",
      "id": "codec.adoption.bridge.prost_to_pbrs.options.part06.api_only",
      "instructions": "not_run",
      "mode": "api_only",
      "numeric_cost": "not_run",
      "read_checksum": 7553048175300325593,
      "source_output_equal_wire": true,
      "specimen": "Options(6)",
      "target_reencoded_wire_bytes": 126,
      "target_reencoded_wire_fingerprint": "fnv1a64:fa80f131db019c96",
      "timing_blocked_reason": null,
      "timing_qualification": "passed",
      "wire_fingerprint": "bridge-v1:126:fnv1a64:fa80f131db019c96:fnv1a64:fa80f131db019c96"
    },
    {
      "actual_source_wire_bytes": 126,
      "actual_source_wire_fingerprint": "fnv1a64:fa80f131db019c96",
      "api": "protobuf_tonic::prost_to_pbrs",
      "both_api_roundtrips": "passed",
      "common_wire_bytes": 126,
      "common_wire_fingerprint": "fnv1a64:fa80f131db019c96",
      "complete_reads": "passed",
      "direction": "prost_to_pbrs",
      "full_equality": "passed",
      "id": "codec.adoption.bridge.prost_to_pbrs.options.part06.read_all",
      "instructions": "not_run",
      "mode": "read_all",
      "numeric_cost": "not_run",
      "read_checksum": 7553048175300325593,
      "source_output_equal_wire": true,
      "specimen": "Options(6)",
      "target_reencoded_wire_bytes": 126,
      "target_reencoded_wire_fingerprint": "fnv1a64:fa80f131db019c96",
      "timing_blocked_reason": null,
      "timing_qualification": "passed",
      "wire_fingerprint": "bridge-v1:126:fnv1a64:fa80f131db019c96:fnv1a64:fa80f131db019c96"
    },
    {
      "actual_source_wire_bytes": 126,
      "actual_source_wire_fingerprint": "fnv1a64:fa80f131db019c96",
      "api": "protobuf_tonic::pbrs_to_prost",
      "both_api_roundtrips": "passed",
      "common_wire_bytes": 126,
      "common_wire_fingerprint": "fnv1a64:fa80f131db019c96",
      "complete_reads": "passed",
      "direction": "pbrs_to_prost",
      "full_equality": "passed",
      "id": "codec.adoption.bridge.pbrs_to_prost.options.part06.api_only",
      "instructions": "not_run",
      "mode": "api_only",
      "numeric_cost": "not_run",
      "read_checksum": 7553048175300325593,
      "source_output_equal_wire": true,
      "specimen": "Options(6)",
      "target_reencoded_wire_bytes": 126,
      "target_reencoded_wire_fingerprint": "fnv1a64:fa80f131db019c96",
      "timing_blocked_reason": null,
      "timing_qualification": "passed",
      "wire_fingerprint": "bridge-v1:126:fnv1a64:fa80f131db019c96:fnv1a64:fa80f131db019c96"
    },
    {
      "actual_source_wire_bytes": 126,
      "actual_source_wire_fingerprint": "fnv1a64:fa80f131db019c96",
      "api": "protobuf_tonic::pbrs_to_prost",
      "both_api_roundtrips": "passed",
      "common_wire_bytes": 126,
      "common_wire_fingerprint": "fnv1a64:fa80f131db019c96",
      "complete_reads": "passed",
      "direction": "pbrs_to_prost",
      "full_equality": "passed",
      "id": "codec.adoption.bridge.pbrs_to_prost.options.part06.read_all",
      "instructions": "not_run",
      "mode": "read_all",
      "numeric_cost": "not_run",
      "read_checksum": 7553048175300325593,
      "source_output_equal_wire": true,
      "specimen": "Options(6)",
      "target_reencoded_wire_bytes": 126,
      "target_reencoded_wire_fingerprint": "fnv1a64:fa80f131db019c96",
      "timing_blocked_reason": null,
      "timing_qualification": "passed",
      "wire_fingerprint": "bridge-v1:126:fnv1a64:fa80f131db019c96:fnv1a64:fa80f131db019c96"
    },
    {
      "actual_source_wire_bytes": 126,
      "actual_source_wire_fingerprint": "fnv1a64:89adcfd35c52c2ca",
      "api": "protobuf_tonic::prost_to_pbrs",
      "both_api_roundtrips": "passed",
      "common_wire_bytes": 126,
      "common_wire_fingerprint": "fnv1a64:89adcfd35c52c2ca",
      "complete_reads": "passed",
      "direction": "prost_to_pbrs",
      "full_equality": "passed",
      "id": "codec.adoption.bridge.prost_to_pbrs.options.part07.api_only",
      "instructions": "not_run",
      "mode": "api_only",
      "numeric_cost": "not_run",
      "read_checksum": 12785576540504970609,
      "source_output_equal_wire": true,
      "specimen": "Options(7)",
      "target_reencoded_wire_bytes": 126,
      "target_reencoded_wire_fingerprint": "fnv1a64:89adcfd35c52c2ca",
      "timing_blocked_reason": null,
      "timing_qualification": "passed",
      "wire_fingerprint": "bridge-v1:126:fnv1a64:89adcfd35c52c2ca:fnv1a64:89adcfd35c52c2ca"
    },
    {
      "actual_source_wire_bytes": 126,
      "actual_source_wire_fingerprint": "fnv1a64:89adcfd35c52c2ca",
      "api": "protobuf_tonic::prost_to_pbrs",
      "both_api_roundtrips": "passed",
      "common_wire_bytes": 126,
      "common_wire_fingerprint": "fnv1a64:89adcfd35c52c2ca",
      "complete_reads": "passed",
      "direction": "prost_to_pbrs",
      "full_equality": "passed",
      "id": "codec.adoption.bridge.prost_to_pbrs.options.part07.read_all",
      "instructions": "not_run",
      "mode": "read_all",
      "numeric_cost": "not_run",
      "read_checksum": 12785576540504970609,
      "source_output_equal_wire": true,
      "specimen": "Options(7)",
      "target_reencoded_wire_bytes": 126,
      "target_reencoded_wire_fingerprint": "fnv1a64:89adcfd35c52c2ca",
      "timing_blocked_reason": null,
      "timing_qualification": "passed",
      "wire_fingerprint": "bridge-v1:126:fnv1a64:89adcfd35c52c2ca:fnv1a64:89adcfd35c52c2ca"
    },
    {
      "actual_source_wire_bytes": 126,
      "actual_source_wire_fingerprint": "fnv1a64:89adcfd35c52c2ca",
      "api": "protobuf_tonic::pbrs_to_prost",
      "both_api_roundtrips": "passed",
      "common_wire_bytes": 126,
      "common_wire_fingerprint": "fnv1a64:89adcfd35c52c2ca",
      "complete_reads": "passed",
      "direction": "pbrs_to_prost",
      "full_equality": "passed",
      "id": "codec.adoption.bridge.pbrs_to_prost.options.part07.api_only",
      "instructions": "not_run",
      "mode": "api_only",
      "numeric_cost": "not_run",
      "read_checksum": 12785576540504970609,
      "source_output_equal_wire": true,
      "specimen": "Options(7)",
      "target_reencoded_wire_bytes": 126,
      "target_reencoded_wire_fingerprint": "fnv1a64:89adcfd35c52c2ca",
      "timing_blocked_reason": null,
      "timing_qualification": "passed",
      "wire_fingerprint": "bridge-v1:126:fnv1a64:89adcfd35c52c2ca:fnv1a64:89adcfd35c52c2ca"
    },
    {
      "actual_source_wire_bytes": 126,
      "actual_source_wire_fingerprint": "fnv1a64:89adcfd35c52c2ca",
      "api": "protobuf_tonic::pbrs_to_prost",
      "both_api_roundtrips": "passed",
      "common_wire_bytes": 126,
      "common_wire_fingerprint": "fnv1a64:89adcfd35c52c2ca",
      "complete_reads": "passed",
      "direction": "pbrs_to_prost",
      "full_equality": "passed",
      "id": "codec.adoption.bridge.pbrs_to_prost.options.part07.read_all",
      "instructions": "not_run",
      "mode": "read_all",
      "numeric_cost": "not_run",
      "read_checksum": 12785576540504970609,
      "source_output_equal_wire": true,
      "specimen": "Options(7)",
      "target_reencoded_wire_bytes": 126,
      "target_reencoded_wire_fingerprint": "fnv1a64:89adcfd35c52c2ca",
      "timing_blocked_reason": null,
      "timing_qualification": "passed",
      "wire_fingerprint": "bridge-v1:126:fnv1a64:89adcfd35c52c2ca:fnv1a64:89adcfd35c52c2ca"
    },
    {
      "actual_source_wire_bytes": 126,
      "actual_source_wire_fingerprint": "fnv1a64:5520219891b2b3d6",
      "api": "protobuf_tonic::prost_to_pbrs",
      "both_api_roundtrips": "passed",
      "common_wire_bytes": 126,
      "common_wire_fingerprint": "fnv1a64:5520219891b2b3d6",
      "complete_reads": "passed",
      "direction": "prost_to_pbrs",
      "full_equality": "passed",
      "id": "codec.adoption.bridge.prost_to_pbrs.options.part08.api_only",
      "instructions": "not_run",
      "mode": "api_only",
      "numeric_cost": "not_run",
      "read_checksum": 7730467567818026005,
      "source_output_equal_wire": true,
      "specimen": "Options(8)",
      "target_reencoded_wire_bytes": 126,
      "target_reencoded_wire_fingerprint": "fnv1a64:5520219891b2b3d6",
      "timing_blocked_reason": null,
      "timing_qualification": "passed",
      "wire_fingerprint": "bridge-v1:126:fnv1a64:5520219891b2b3d6:fnv1a64:5520219891b2b3d6"
    },
    {
      "actual_source_wire_bytes": 126,
      "actual_source_wire_fingerprint": "fnv1a64:5520219891b2b3d6",
      "api": "protobuf_tonic::prost_to_pbrs",
      "both_api_roundtrips": "passed",
      "common_wire_bytes": 126,
      "common_wire_fingerprint": "fnv1a64:5520219891b2b3d6",
      "complete_reads": "passed",
      "direction": "prost_to_pbrs",
      "full_equality": "passed",
      "id": "codec.adoption.bridge.prost_to_pbrs.options.part08.read_all",
      "instructions": "not_run",
      "mode": "read_all",
      "numeric_cost": "not_run",
      "read_checksum": 7730467567818026005,
      "source_output_equal_wire": true,
      "specimen": "Options(8)",
      "target_reencoded_wire_bytes": 126,
      "target_reencoded_wire_fingerprint": "fnv1a64:5520219891b2b3d6",
      "timing_blocked_reason": null,
      "timing_qualification": "passed",
      "wire_fingerprint": "bridge-v1:126:fnv1a64:5520219891b2b3d6:fnv1a64:5520219891b2b3d6"
    },
    {
      "actual_source_wire_bytes": 126,
      "actual_source_wire_fingerprint": "fnv1a64:5520219891b2b3d6",
      "api": "protobuf_tonic::pbrs_to_prost",
      "both_api_roundtrips": "passed",
      "common_wire_bytes": 126,
      "common_wire_fingerprint": "fnv1a64:5520219891b2b3d6",
      "complete_reads": "passed",
      "direction": "pbrs_to_prost",
      "full_equality": "passed",
      "id": "codec.adoption.bridge.pbrs_to_prost.options.part08.api_only",
      "instructions": "not_run",
      "mode": "api_only",
      "numeric_cost": "not_run",
      "read_checksum": 7730467567818026005,
      "source_output_equal_wire": true,
      "specimen": "Options(8)",
      "target_reencoded_wire_bytes": 126,
      "target_reencoded_wire_fingerprint": "fnv1a64:5520219891b2b3d6",
      "timing_blocked_reason": null,
      "timing_qualification": "passed",
      "wire_fingerprint": "bridge-v1:126:fnv1a64:5520219891b2b3d6:fnv1a64:5520219891b2b3d6"
    },
    {
      "actual_source_wire_bytes": 126,
      "actual_source_wire_fingerprint": "fnv1a64:5520219891b2b3d6",
      "api": "protobuf_tonic::pbrs_to_prost",
      "both_api_roundtrips": "passed",
      "common_wire_bytes": 126,
      "common_wire_fingerprint": "fnv1a64:5520219891b2b3d6",
      "complete_reads": "passed",
      "direction": "pbrs_to_prost",
      "full_equality": "passed",
      "id": "codec.adoption.bridge.pbrs_to_prost.options.part08.read_all",
      "instructions": "not_run",
      "mode": "read_all",
      "numeric_cost": "not_run",
      "read_checksum": 7730467567818026005,
      "source_output_equal_wire": true,
      "specimen": "Options(8)",
      "target_reencoded_wire_bytes": 126,
      "target_reencoded_wire_fingerprint": "fnv1a64:5520219891b2b3d6",
      "timing_blocked_reason": null,
      "timing_qualification": "passed",
      "wire_fingerprint": "bridge-v1:126:fnv1a64:5520219891b2b3d6:fnv1a64:5520219891b2b3d6"
    },
    {
      "actual_source_wire_bytes": 126,
      "actual_source_wire_fingerprint": "fnv1a64:447f88bf54ee1bf2",
      "api": "protobuf_tonic::prost_to_pbrs",
      "both_api_roundtrips": "passed",
      "common_wire_bytes": 126,
      "common_wire_fingerprint": "fnv1a64:447f88bf54ee1bf2",
      "complete_reads": "passed",
      "direction": "prost_to_pbrs",
      "full_equality": "passed",
      "id": "codec.adoption.bridge.prost_to_pbrs.options.part09.api_only",
      "instructions": "not_run",
      "mode": "api_only",
      "numeric_cost": "not_run",
      "read_checksum": 7877635151960145429,
      "source_output_equal_wire": true,
      "specimen": "Options(9)",
      "target_reencoded_wire_bytes": 126,
      "target_reencoded_wire_fingerprint": "fnv1a64:447f88bf54ee1bf2",
      "timing_blocked_reason": null,
      "timing_qualification": "passed",
      "wire_fingerprint": "bridge-v1:126:fnv1a64:447f88bf54ee1bf2:fnv1a64:447f88bf54ee1bf2"
    },
    {
      "actual_source_wire_bytes": 126,
      "actual_source_wire_fingerprint": "fnv1a64:447f88bf54ee1bf2",
      "api": "protobuf_tonic::prost_to_pbrs",
      "both_api_roundtrips": "passed",
      "common_wire_bytes": 126,
      "common_wire_fingerprint": "fnv1a64:447f88bf54ee1bf2",
      "complete_reads": "passed",
      "direction": "prost_to_pbrs",
      "full_equality": "passed",
      "id": "codec.adoption.bridge.prost_to_pbrs.options.part09.read_all",
      "instructions": "not_run",
      "mode": "read_all",
      "numeric_cost": "not_run",
      "read_checksum": 7877635151960145429,
      "source_output_equal_wire": true,
      "specimen": "Options(9)",
      "target_reencoded_wire_bytes": 126,
      "target_reencoded_wire_fingerprint": "fnv1a64:447f88bf54ee1bf2",
      "timing_blocked_reason": null,
      "timing_qualification": "passed",
      "wire_fingerprint": "bridge-v1:126:fnv1a64:447f88bf54ee1bf2:fnv1a64:447f88bf54ee1bf2"
    },
    {
      "actual_source_wire_bytes": 126,
      "actual_source_wire_fingerprint": "fnv1a64:447f88bf54ee1bf2",
      "api": "protobuf_tonic::pbrs_to_prost",
      "both_api_roundtrips": "passed",
      "common_wire_bytes": 126,
      "common_wire_fingerprint": "fnv1a64:447f88bf54ee1bf2",
      "complete_reads": "passed",
      "direction": "pbrs_to_prost",
      "full_equality": "passed",
      "id": "codec.adoption.bridge.pbrs_to_prost.options.part09.api_only",
      "instructions": "not_run",
      "mode": "api_only",
      "numeric_cost": "not_run",
      "read_checksum": 7877635151960145429,
      "source_output_equal_wire": true,
      "specimen": "Options(9)",
      "target_reencoded_wire_bytes": 126,
      "target_reencoded_wire_fingerprint": "fnv1a64:447f88bf54ee1bf2",
      "timing_blocked_reason": null,
      "timing_qualification": "passed",
      "wire_fingerprint": "bridge-v1:126:fnv1a64:447f88bf54ee1bf2:fnv1a64:447f88bf54ee1bf2"
    },
    {
      "actual_source_wire_bytes": 126,
      "actual_source_wire_fingerprint": "fnv1a64:447f88bf54ee1bf2",
      "api": "protobuf_tonic::pbrs_to_prost",
      "both_api_roundtrips": "passed",
      "common_wire_bytes": 126,
      "common_wire_fingerprint": "fnv1a64:447f88bf54ee1bf2",
      "complete_reads": "passed",
      "direction": "pbrs_to_prost",
      "full_equality": "passed",
      "id": "codec.adoption.bridge.pbrs_to_prost.options.part09.read_all",
      "instructions": "not_run",
      "mode": "read_all",
      "numeric_cost": "not_run",
      "read_checksum": 7877635151960145429,
      "source_output_equal_wire": true,
      "specimen": "Options(9)",
      "target_reencoded_wire_bytes": 126,
      "target_reencoded_wire_fingerprint": "fnv1a64:447f88bf54ee1bf2",
      "timing_blocked_reason": null,
      "timing_qualification": "passed",
      "wire_fingerprint": "bridge-v1:126:fnv1a64:447f88bf54ee1bf2:fnv1a64:447f88bf54ee1bf2"
    },
    {
      "actual_source_wire_bytes": 130,
      "actual_source_wire_fingerprint": "fnv1a64:5634d8d4d3c75a66",
      "api": "protobuf_tonic::prost_to_pbrs",
      "both_api_roundtrips": "passed",
      "common_wire_bytes": 130,
      "common_wire_fingerprint": "fnv1a64:5634d8d4d3c75a66",
      "complete_reads": "passed",
      "direction": "prost_to_pbrs",
      "full_equality": "passed",
      "id": "codec.adoption.bridge.prost_to_pbrs.options.part10.api_only",
      "instructions": "not_run",
      "mode": "api_only",
      "numeric_cost": "not_run",
      "read_checksum": 10712678361431088117,
      "source_output_equal_wire": true,
      "specimen": "Options(10)",
      "target_reencoded_wire_bytes": 130,
      "target_reencoded_wire_fingerprint": "fnv1a64:5634d8d4d3c75a66",
      "timing_blocked_reason": null,
      "timing_qualification": "passed",
      "wire_fingerprint": "bridge-v1:130:fnv1a64:5634d8d4d3c75a66:fnv1a64:5634d8d4d3c75a66"
    },
    {
      "actual_source_wire_bytes": 130,
      "actual_source_wire_fingerprint": "fnv1a64:5634d8d4d3c75a66",
      "api": "protobuf_tonic::prost_to_pbrs",
      "both_api_roundtrips": "passed",
      "common_wire_bytes": 130,
      "common_wire_fingerprint": "fnv1a64:5634d8d4d3c75a66",
      "complete_reads": "passed",
      "direction": "prost_to_pbrs",
      "full_equality": "passed",
      "id": "codec.adoption.bridge.prost_to_pbrs.options.part10.read_all",
      "instructions": "not_run",
      "mode": "read_all",
      "numeric_cost": "not_run",
      "read_checksum": 10712678361431088117,
      "source_output_equal_wire": true,
      "specimen": "Options(10)",
      "target_reencoded_wire_bytes": 130,
      "target_reencoded_wire_fingerprint": "fnv1a64:5634d8d4d3c75a66",
      "timing_blocked_reason": null,
      "timing_qualification": "passed",
      "wire_fingerprint": "bridge-v1:130:fnv1a64:5634d8d4d3c75a66:fnv1a64:5634d8d4d3c75a66"
    },
    {
      "actual_source_wire_bytes": 130,
      "actual_source_wire_fingerprint": "fnv1a64:5634d8d4d3c75a66",
      "api": "protobuf_tonic::pbrs_to_prost",
      "both_api_roundtrips": "passed",
      "common_wire_bytes": 130,
      "common_wire_fingerprint": "fnv1a64:5634d8d4d3c75a66",
      "complete_reads": "passed",
      "direction": "pbrs_to_prost",
      "full_equality": "passed",
      "id": "codec.adoption.bridge.pbrs_to_prost.options.part10.api_only",
      "instructions": "not_run",
      "mode": "api_only",
      "numeric_cost": "not_run",
      "read_checksum": 10712678361431088117,
      "source_output_equal_wire": true,
      "specimen": "Options(10)",
      "target_reencoded_wire_bytes": 130,
      "target_reencoded_wire_fingerprint": "fnv1a64:5634d8d4d3c75a66",
      "timing_blocked_reason": null,
      "timing_qualification": "passed",
      "wire_fingerprint": "bridge-v1:130:fnv1a64:5634d8d4d3c75a66:fnv1a64:5634d8d4d3c75a66"
    },
    {
      "actual_source_wire_bytes": 130,
      "actual_source_wire_fingerprint": "fnv1a64:5634d8d4d3c75a66",
      "api": "protobuf_tonic::pbrs_to_prost",
      "both_api_roundtrips": "passed",
      "common_wire_bytes": 130,
      "common_wire_fingerprint": "fnv1a64:5634d8d4d3c75a66",
      "complete_reads": "passed",
      "direction": "pbrs_to_prost",
      "full_equality": "passed",
      "id": "codec.adoption.bridge.pbrs_to_prost.options.part10.read_all",
      "instructions": "not_run",
      "mode": "read_all",
      "numeric_cost": "not_run",
      "read_checksum": 10712678361431088117,
      "source_output_equal_wire": true,
      "specimen": "Options(10)",
      "target_reencoded_wire_bytes": 130,
      "target_reencoded_wire_fingerprint": "fnv1a64:5634d8d4d3c75a66",
      "timing_blocked_reason": null,
      "timing_qualification": "passed",
      "wire_fingerprint": "bridge-v1:130:fnv1a64:5634d8d4d3c75a66:fnv1a64:5634d8d4d3c75a66"
    },
    {
      "actual_source_wire_bytes": 130,
      "actual_source_wire_fingerprint": "fnv1a64:cb7e840a6cae553e",
      "api": "protobuf_tonic::prost_to_pbrs",
      "both_api_roundtrips": "passed",
      "common_wire_bytes": 130,
      "common_wire_fingerprint": "fnv1a64:cb7e840a6cae553e",
      "complete_reads": "passed",
      "direction": "prost_to_pbrs",
      "full_equality": "passed",
      "id": "codec.adoption.bridge.prost_to_pbrs.options.part11.api_only",
      "instructions": "not_run",
      "mode": "api_only",
      "numeric_cost": "not_run",
      "read_checksum": 2414250308380553741,
      "source_output_equal_wire": true,
      "specimen": "Options(11)",
      "target_reencoded_wire_bytes": 130,
      "target_reencoded_wire_fingerprint": "fnv1a64:cb7e840a6cae553e",
      "timing_blocked_reason": null,
      "timing_qualification": "passed",
      "wire_fingerprint": "bridge-v1:130:fnv1a64:cb7e840a6cae553e:fnv1a64:cb7e840a6cae553e"
    },
    {
      "actual_source_wire_bytes": 130,
      "actual_source_wire_fingerprint": "fnv1a64:cb7e840a6cae553e",
      "api": "protobuf_tonic::prost_to_pbrs",
      "both_api_roundtrips": "passed",
      "common_wire_bytes": 130,
      "common_wire_fingerprint": "fnv1a64:cb7e840a6cae553e",
      "complete_reads": "passed",
      "direction": "prost_to_pbrs",
      "full_equality": "passed",
      "id": "codec.adoption.bridge.prost_to_pbrs.options.part11.read_all",
      "instructions": "not_run",
      "mode": "read_all",
      "numeric_cost": "not_run",
      "read_checksum": 2414250308380553741,
      "source_output_equal_wire": true,
      "specimen": "Options(11)",
      "target_reencoded_wire_bytes": 130,
      "target_reencoded_wire_fingerprint": "fnv1a64:cb7e840a6cae553e",
      "timing_blocked_reason": null,
      "timing_qualification": "passed",
      "wire_fingerprint": "bridge-v1:130:fnv1a64:cb7e840a6cae553e:fnv1a64:cb7e840a6cae553e"
    },
    {
      "actual_source_wire_bytes": 130,
      "actual_source_wire_fingerprint": "fnv1a64:cb7e840a6cae553e",
      "api": "protobuf_tonic::pbrs_to_prost",
      "both_api_roundtrips": "passed",
      "common_wire_bytes": 130,
      "common_wire_fingerprint": "fnv1a64:cb7e840a6cae553e",
      "complete_reads": "passed",
      "direction": "pbrs_to_prost",
      "full_equality": "passed",
      "id": "codec.adoption.bridge.pbrs_to_prost.options.part11.api_only",
      "instructions": "not_run",
      "mode": "api_only",
      "numeric_cost": "not_run",
      "read_checksum": 2414250308380553741,
      "source_output_equal_wire": true,
      "specimen": "Options(11)",
      "target_reencoded_wire_bytes": 130,
      "target_reencoded_wire_fingerprint": "fnv1a64:cb7e840a6cae553e",
      "timing_blocked_reason": null,
      "timing_qualification": "passed",
      "wire_fingerprint": "bridge-v1:130:fnv1a64:cb7e840a6cae553e:fnv1a64:cb7e840a6cae553e"
    },
    {
      "actual_source_wire_bytes": 130,
      "actual_source_wire_fingerprint": "fnv1a64:cb7e840a6cae553e",
      "api": "protobuf_tonic::pbrs_to_prost",
      "both_api_roundtrips": "passed",
      "common_wire_bytes": 130,
      "common_wire_fingerprint": "fnv1a64:cb7e840a6cae553e",
      "complete_reads": "passed",
      "direction": "pbrs_to_prost",
      "full_equality": "passed",
      "id": "codec.adoption.bridge.pbrs_to_prost.options.part11.read_all",
      "instructions": "not_run",
      "mode": "read_all",
      "numeric_cost": "not_run",
      "read_checksum": 2414250308380553741,
      "source_output_equal_wire": true,
      "specimen": "Options(11)",
      "target_reencoded_wire_bytes": 130,
      "target_reencoded_wire_fingerprint": "fnv1a64:cb7e840a6cae553e",
      "timing_blocked_reason": null,
      "timing_qualification": "passed",
      "wire_fingerprint": "bridge-v1:130:fnv1a64:cb7e840a6cae553e:fnv1a64:cb7e840a6cae553e"
    },
    {
      "actual_source_wire_bytes": 130,
      "actual_source_wire_fingerprint": "fnv1a64:f1f3a11fe8bf67da",
      "api": "protobuf_tonic::prost_to_pbrs",
      "both_api_roundtrips": "passed",
      "common_wire_bytes": 130,
      "common_wire_fingerprint": "fnv1a64:f1f3a11fe8bf67da",
      "complete_reads": "passed",
      "direction": "prost_to_pbrs",
      "full_equality": "passed",
      "id": "codec.adoption.bridge.prost_to_pbrs.options.part12.api_only",
      "instructions": "not_run",
      "mode": "api_only",
      "numeric_cost": "not_run",
      "read_checksum": 17511511118613889469,
      "source_output_equal_wire": true,
      "specimen": "Options(12)",
      "target_reencoded_wire_bytes": 130,
      "target_reencoded_wire_fingerprint": "fnv1a64:f1f3a11fe8bf67da",
      "timing_blocked_reason": null,
      "timing_qualification": "passed",
      "wire_fingerprint": "bridge-v1:130:fnv1a64:f1f3a11fe8bf67da:fnv1a64:f1f3a11fe8bf67da"
    },
    {
      "actual_source_wire_bytes": 130,
      "actual_source_wire_fingerprint": "fnv1a64:f1f3a11fe8bf67da",
      "api": "protobuf_tonic::prost_to_pbrs",
      "both_api_roundtrips": "passed",
      "common_wire_bytes": 130,
      "common_wire_fingerprint": "fnv1a64:f1f3a11fe8bf67da",
      "complete_reads": "passed",
      "direction": "prost_to_pbrs",
      "full_equality": "passed",
      "id": "codec.adoption.bridge.prost_to_pbrs.options.part12.read_all",
      "instructions": "not_run",
      "mode": "read_all",
      "numeric_cost": "not_run",
      "read_checksum": 17511511118613889469,
      "source_output_equal_wire": true,
      "specimen": "Options(12)",
      "target_reencoded_wire_bytes": 130,
      "target_reencoded_wire_fingerprint": "fnv1a64:f1f3a11fe8bf67da",
      "timing_blocked_reason": null,
      "timing_qualification": "passed",
      "wire_fingerprint": "bridge-v1:130:fnv1a64:f1f3a11fe8bf67da:fnv1a64:f1f3a11fe8bf67da"
    },
    {
      "actual_source_wire_bytes": 130,
      "actual_source_wire_fingerprint": "fnv1a64:f1f3a11fe8bf67da",
      "api": "protobuf_tonic::pbrs_to_prost",
      "both_api_roundtrips": "passed",
      "common_wire_bytes": 130,
      "common_wire_fingerprint": "fnv1a64:f1f3a11fe8bf67da",
      "complete_reads": "passed",
      "direction": "pbrs_to_prost",
      "full_equality": "passed",
      "id": "codec.adoption.bridge.pbrs_to_prost.options.part12.api_only",
      "instructions": "not_run",
      "mode": "api_only",
      "numeric_cost": "not_run",
      "read_checksum": 17511511118613889469,
      "source_output_equal_wire": true,
      "specimen": "Options(12)",
      "target_reencoded_wire_bytes": 130,
      "target_reencoded_wire_fingerprint": "fnv1a64:f1f3a11fe8bf67da",
      "timing_blocked_reason": null,
      "timing_qualification": "passed",
      "wire_fingerprint": "bridge-v1:130:fnv1a64:f1f3a11fe8bf67da:fnv1a64:f1f3a11fe8bf67da"
    },
    {
      "actual_source_wire_bytes": 130,
      "actual_source_wire_fingerprint": "fnv1a64:f1f3a11fe8bf67da",
      "api": "protobuf_tonic::pbrs_to_prost",
      "both_api_roundtrips": "passed",
      "common_wire_bytes": 130,
      "common_wire_fingerprint": "fnv1a64:f1f3a11fe8bf67da",
      "complete_reads": "passed",
      "direction": "pbrs_to_prost",
      "full_equality": "passed",
      "id": "codec.adoption.bridge.pbrs_to_prost.options.part12.read_all",
      "instructions": "not_run",
      "mode": "read_all",
      "numeric_cost": "not_run",
      "read_checksum": 17511511118613889469,
      "source_output_equal_wire": true,
      "specimen": "Options(12)",
      "target_reencoded_wire_bytes": 130,
      "target_reencoded_wire_fingerprint": "fnv1a64:f1f3a11fe8bf67da",
      "timing_blocked_reason": null,
      "timing_qualification": "passed",
      "wire_fingerprint": "bridge-v1:130:fnv1a64:f1f3a11fe8bf67da:fnv1a64:f1f3a11fe8bf67da"
    },
    {
      "actual_source_wire_bytes": 130,
      "actual_source_wire_fingerprint": "fnv1a64:03af8e26b34a3172",
      "api": "protobuf_tonic::prost_to_pbrs",
      "both_api_roundtrips": "passed",
      "common_wire_bytes": 130,
      "common_wire_fingerprint": "fnv1a64:03af8e26b34a3172",
      "complete_reads": "passed",
      "direction": "prost_to_pbrs",
      "full_equality": "passed",
      "id": "codec.adoption.bridge.prost_to_pbrs.options.part13.api_only",
      "instructions": "not_run",
      "mode": "api_only",
      "numeric_cost": "not_run",
      "read_checksum": 480624599924296789,
      "source_output_equal_wire": true,
      "specimen": "Options(13)",
      "target_reencoded_wire_bytes": 130,
      "target_reencoded_wire_fingerprint": "fnv1a64:03af8e26b34a3172",
      "timing_blocked_reason": null,
      "timing_qualification": "passed",
      "wire_fingerprint": "bridge-v1:130:fnv1a64:03af8e26b34a3172:fnv1a64:03af8e26b34a3172"
    },
    {
      "actual_source_wire_bytes": 130,
      "actual_source_wire_fingerprint": "fnv1a64:03af8e26b34a3172",
      "api": "protobuf_tonic::prost_to_pbrs",
      "both_api_roundtrips": "passed",
      "common_wire_bytes": 130,
      "common_wire_fingerprint": "fnv1a64:03af8e26b34a3172",
      "complete_reads": "passed",
      "direction": "prost_to_pbrs",
      "full_equality": "passed",
      "id": "codec.adoption.bridge.prost_to_pbrs.options.part13.read_all",
      "instructions": "not_run",
      "mode": "read_all",
      "numeric_cost": "not_run",
      "read_checksum": 480624599924296789,
      "source_output_equal_wire": true,
      "specimen": "Options(13)",
      "target_reencoded_wire_bytes": 130,
      "target_reencoded_wire_fingerprint": "fnv1a64:03af8e26b34a3172",
      "timing_blocked_reason": null,
      "timing_qualification": "passed",
      "wire_fingerprint": "bridge-v1:130:fnv1a64:03af8e26b34a3172:fnv1a64:03af8e26b34a3172"
    },
    {
      "actual_source_wire_bytes": 130,
      "actual_source_wire_fingerprint": "fnv1a64:03af8e26b34a3172",
      "api": "protobuf_tonic::pbrs_to_prost",
      "both_api_roundtrips": "passed",
      "common_wire_bytes": 130,
      "common_wire_fingerprint": "fnv1a64:03af8e26b34a3172",
      "complete_reads": "passed",
      "direction": "pbrs_to_prost",
      "full_equality": "passed",
      "id": "codec.adoption.bridge.pbrs_to_prost.options.part13.api_only",
      "instructions": "not_run",
      "mode": "api_only",
      "numeric_cost": "not_run",
      "read_checksum": 480624599924296789,
      "source_output_equal_wire": true,
      "specimen": "Options(13)",
      "target_reencoded_wire_bytes": 130,
      "target_reencoded_wire_fingerprint": "fnv1a64:03af8e26b34a3172",
      "timing_blocked_reason": null,
      "timing_qualification": "passed",
      "wire_fingerprint": "bridge-v1:130:fnv1a64:03af8e26b34a3172:fnv1a64:03af8e26b34a3172"
    },
    {
      "actual_source_wire_bytes": 130,
      "actual_source_wire_fingerprint": "fnv1a64:03af8e26b34a3172",
      "api": "protobuf_tonic::pbrs_to_prost",
      "both_api_roundtrips": "passed",
      "common_wire_bytes": 130,
      "common_wire_fingerprint": "fnv1a64:03af8e26b34a3172",
      "complete_reads": "passed",
      "direction": "pbrs_to_prost",
      "full_equality": "passed",
      "id": "codec.adoption.bridge.pbrs_to_prost.options.part13.read_all",
      "instructions": "not_run",
      "mode": "read_all",
      "numeric_cost": "not_run",
      "read_checksum": 480624599924296789,
      "source_output_equal_wire": true,
      "specimen": "Options(13)",
      "target_reencoded_wire_bytes": 130,
      "target_reencoded_wire_fingerprint": "fnv1a64:03af8e26b34a3172",
      "timing_blocked_reason": null,
      "timing_qualification": "passed",
      "wire_fingerprint": "bridge-v1:130:fnv1a64:03af8e26b34a3172:fnv1a64:03af8e26b34a3172"
    },
    {
      "actual_source_wire_bytes": 130,
      "actual_source_wire_fingerprint": "fnv1a64:2696c3346255e72e",
      "api": "protobuf_tonic::prost_to_pbrs",
      "both_api_roundtrips": "passed",
      "common_wire_bytes": 130,
      "common_wire_fingerprint": "fnv1a64:2696c3346255e72e",
      "complete_reads": "passed",
      "direction": "prost_to_pbrs",
      "full_equality": "passed",
      "id": "codec.adoption.bridge.prost_to_pbrs.options.part14.api_only",
      "instructions": "not_run",
      "mode": "api_only",
      "numeric_cost": "not_run",
      "read_checksum": 3265664629948765237,
      "source_output_equal_wire": true,
      "specimen": "Options(14)",
      "target_reencoded_wire_bytes": 130,
      "target_reencoded_wire_fingerprint": "fnv1a64:2696c3346255e72e",
      "timing_blocked_reason": null,
      "timing_qualification": "passed",
      "wire_fingerprint": "bridge-v1:130:fnv1a64:2696c3346255e72e:fnv1a64:2696c3346255e72e"
    },
    {
      "actual_source_wire_bytes": 130,
      "actual_source_wire_fingerprint": "fnv1a64:2696c3346255e72e",
      "api": "protobuf_tonic::prost_to_pbrs",
      "both_api_roundtrips": "passed",
      "common_wire_bytes": 130,
      "common_wire_fingerprint": "fnv1a64:2696c3346255e72e",
      "complete_reads": "passed",
      "direction": "prost_to_pbrs",
      "full_equality": "passed",
      "id": "codec.adoption.bridge.prost_to_pbrs.options.part14.read_all",
      "instructions": "not_run",
      "mode": "read_all",
      "numeric_cost": "not_run",
      "read_checksum": 3265664629948765237,
      "source_output_equal_wire": true,
      "specimen": "Options(14)",
      "target_reencoded_wire_bytes": 130,
      "target_reencoded_wire_fingerprint": "fnv1a64:2696c3346255e72e",
      "timing_blocked_reason": null,
      "timing_qualification": "passed",
      "wire_fingerprint": "bridge-v1:130:fnv1a64:2696c3346255e72e:fnv1a64:2696c3346255e72e"
    },
    {
      "actual_source_wire_bytes": 130,
      "actual_source_wire_fingerprint": "fnv1a64:2696c3346255e72e",
      "api": "protobuf_tonic::pbrs_to_prost",
      "both_api_roundtrips": "passed",
      "common_wire_bytes": 130,
      "common_wire_fingerprint": "fnv1a64:2696c3346255e72e",
      "complete_reads": "passed",
      "direction": "pbrs_to_prost",
      "full_equality": "passed",
      "id": "codec.adoption.bridge.pbrs_to_prost.options.part14.api_only",
      "instructions": "not_run",
      "mode": "api_only",
      "numeric_cost": "not_run",
      "read_checksum": 3265664629948765237,
      "source_output_equal_wire": true,
      "specimen": "Options(14)",
      "target_reencoded_wire_bytes": 130,
      "target_reencoded_wire_fingerprint": "fnv1a64:2696c3346255e72e",
      "timing_blocked_reason": null,
      "timing_qualification": "passed",
      "wire_fingerprint": "bridge-v1:130:fnv1a64:2696c3346255e72e:fnv1a64:2696c3346255e72e"
    },
    {
      "actual_source_wire_bytes": 130,
      "actual_source_wire_fingerprint": "fnv1a64:2696c3346255e72e",
      "api": "protobuf_tonic::pbrs_to_prost",
      "both_api_roundtrips": "passed",
      "common_wire_bytes": 130,
      "common_wire_fingerprint": "fnv1a64:2696c3346255e72e",
      "complete_reads": "passed",
      "direction": "pbrs_to_prost",
      "full_equality": "passed",
      "id": "codec.adoption.bridge.pbrs_to_prost.options.part14.read_all",
      "instructions": "not_run",
      "mode": "read_all",
      "numeric_cost": "not_run",
      "read_checksum": 3265664629948765237,
      "source_output_equal_wire": true,
      "specimen": "Options(14)",
      "target_reencoded_wire_bytes": 130,
      "target_reencoded_wire_fingerprint": "fnv1a64:2696c3346255e72e",
      "timing_blocked_reason": null,
      "timing_qualification": "passed",
      "wire_fingerprint": "bridge-v1:130:fnv1a64:2696c3346255e72e:fnv1a64:2696c3346255e72e"
    },
    {
      "actual_source_wire_bytes": 130,
      "actual_source_wire_fingerprint": "fnv1a64:3e20f88bbb5ebd36",
      "api": "protobuf_tonic::prost_to_pbrs",
      "both_api_roundtrips": "passed",
      "common_wire_bytes": 130,
      "common_wire_fingerprint": "fnv1a64:3e20f88bbb5ebd36",
      "complete_reads": "passed",
      "direction": "prost_to_pbrs",
      "full_equality": "passed",
      "id": "codec.adoption.bridge.prost_to_pbrs.options.part15.api_only",
      "instructions": "not_run",
      "mode": "api_only",
      "numeric_cost": "not_run",
      "read_checksum": 3130287055762972301,
      "source_output_equal_wire": true,
      "specimen": "Options(15)",
      "target_reencoded_wire_bytes": 130,
      "target_reencoded_wire_fingerprint": "fnv1a64:3e20f88bbb5ebd36",
      "timing_blocked_reason": null,
      "timing_qualification": "passed",
      "wire_fingerprint": "bridge-v1:130:fnv1a64:3e20f88bbb5ebd36:fnv1a64:3e20f88bbb5ebd36"
    },
    {
      "actual_source_wire_bytes": 130,
      "actual_source_wire_fingerprint": "fnv1a64:3e20f88bbb5ebd36",
      "api": "protobuf_tonic::prost_to_pbrs",
      "both_api_roundtrips": "passed",
      "common_wire_bytes": 130,
      "common_wire_fingerprint": "fnv1a64:3e20f88bbb5ebd36",
      "complete_reads": "passed",
      "direction": "prost_to_pbrs",
      "full_equality": "passed",
      "id": "codec.adoption.bridge.prost_to_pbrs.options.part15.read_all",
      "instructions": "not_run",
      "mode": "read_all",
      "numeric_cost": "not_run",
      "read_checksum": 3130287055762972301,
      "source_output_equal_wire": true,
      "specimen": "Options(15)",
      "target_reencoded_wire_bytes": 130,
      "target_reencoded_wire_fingerprint": "fnv1a64:3e20f88bbb5ebd36",
      "timing_blocked_reason": null,
      "timing_qualification": "passed",
      "wire_fingerprint": "bridge-v1:130:fnv1a64:3e20f88bbb5ebd36:fnv1a64:3e20f88bbb5ebd36"
    },
    {
      "actual_source_wire_bytes": 130,
      "actual_source_wire_fingerprint": "fnv1a64:3e20f88bbb5ebd36",
      "api": "protobuf_tonic::pbrs_to_prost",
      "both_api_roundtrips": "passed",
      "common_wire_bytes": 130,
      "common_wire_fingerprint": "fnv1a64:3e20f88bbb5ebd36",
      "complete_reads": "passed",
      "direction": "pbrs_to_prost",
      "full_equality": "passed",
      "id": "codec.adoption.bridge.pbrs_to_prost.options.part15.api_only",
      "instructions": "not_run",
      "mode": "api_only",
      "numeric_cost": "not_run",
      "read_checksum": 3130287055762972301,
      "source_output_equal_wire": true,
      "specimen": "Options(15)",
      "target_reencoded_wire_bytes": 130,
      "target_reencoded_wire_fingerprint": "fnv1a64:3e20f88bbb5ebd36",
      "timing_blocked_reason": null,
      "timing_qualification": "passed",
      "wire_fingerprint": "bridge-v1:130:fnv1a64:3e20f88bbb5ebd36:fnv1a64:3e20f88bbb5ebd36"
    },
    {
      "actual_source_wire_bytes": 130,
      "actual_source_wire_fingerprint": "fnv1a64:3e20f88bbb5ebd36",
      "api": "protobuf_tonic::pbrs_to_prost",
      "both_api_roundtrips": "passed",
      "common_wire_bytes": 130,
      "common_wire_fingerprint": "fnv1a64:3e20f88bbb5ebd36",
      "complete_reads": "passed",
      "direction": "pbrs_to_prost",
      "full_equality": "passed",
      "id": "codec.adoption.bridge.pbrs_to_prost.options.part15.read_all",
      "instructions": "not_run",
      "mode": "read_all",
      "numeric_cost": "not_run",
      "read_checksum": 3130287055762972301,
      "source_output_equal_wire": true,
      "specimen": "Options(15)",
      "target_reencoded_wire_bytes": 130,
      "target_reencoded_wire_fingerprint": "fnv1a64:3e20f88bbb5ebd36",
      "timing_blocked_reason": null,
      "timing_qualification": "passed",
      "wire_fingerprint": "bridge-v1:130:fnv1a64:3e20f88bbb5ebd36:fnv1a64:3e20f88bbb5ebd36"
    },
    {
      "actual_source_wire_bytes": 130,
      "actual_source_wire_fingerprint": "fnv1a64:019059249768e50a",
      "api": "protobuf_tonic::prost_to_pbrs",
      "both_api_roundtrips": "passed",
      "common_wire_bytes": 130,
      "common_wire_fingerprint": "fnv1a64:019059249768e50a",
      "complete_reads": "passed",
      "direction": "prost_to_pbrs",
      "full_equality": "passed",
      "id": "codec.adoption.bridge.prost_to_pbrs.options.part16.api_only",
      "instructions": "not_run",
      "mode": "api_only",
      "numeric_cost": "not_run",
      "read_checksum": 16594923321777280589,
      "source_output_equal_wire": true,
      "specimen": "Options(16)",
      "target_reencoded_wire_bytes": 130,
      "target_reencoded_wire_fingerprint": "fnv1a64:019059249768e50a",
      "timing_blocked_reason": null,
      "timing_qualification": "passed",
      "wire_fingerprint": "bridge-v1:130:fnv1a64:019059249768e50a:fnv1a64:019059249768e50a"
    },
    {
      "actual_source_wire_bytes": 130,
      "actual_source_wire_fingerprint": "fnv1a64:019059249768e50a",
      "api": "protobuf_tonic::prost_to_pbrs",
      "both_api_roundtrips": "passed",
      "common_wire_bytes": 130,
      "common_wire_fingerprint": "fnv1a64:019059249768e50a",
      "complete_reads": "passed",
      "direction": "prost_to_pbrs",
      "full_equality": "passed",
      "id": "codec.adoption.bridge.prost_to_pbrs.options.part16.read_all",
      "instructions": "not_run",
      "mode": "read_all",
      "numeric_cost": "not_run",
      "read_checksum": 16594923321777280589,
      "source_output_equal_wire": true,
      "specimen": "Options(16)",
      "target_reencoded_wire_bytes": 130,
      "target_reencoded_wire_fingerprint": "fnv1a64:019059249768e50a",
      "timing_blocked_reason": null,
      "timing_qualification": "passed",
      "wire_fingerprint": "bridge-v1:130:fnv1a64:019059249768e50a:fnv1a64:019059249768e50a"
    },
    {
      "actual_source_wire_bytes": 130,
      "actual_source_wire_fingerprint": "fnv1a64:019059249768e50a",
      "api": "protobuf_tonic::pbrs_to_prost",
      "both_api_roundtrips": "passed",
      "common_wire_bytes": 130,
      "common_wire_fingerprint": "fnv1a64:019059249768e50a",
      "complete_reads": "passed",
      "direction": "pbrs_to_prost",
      "full_equality": "passed",
      "id": "codec.adoption.bridge.pbrs_to_prost.options.part16.api_only",
      "instructions": "not_run",
      "mode": "api_only",
      "numeric_cost": "not_run",
      "read_checksum": 16594923321777280589,
      "source_output_equal_wire": true,
      "specimen": "Options(16)",
      "target_reencoded_wire_bytes": 130,
      "target_reencoded_wire_fingerprint": "fnv1a64:019059249768e50a",
      "timing_blocked_reason": null,
      "timing_qualification": "passed",
      "wire_fingerprint": "bridge-v1:130:fnv1a64:019059249768e50a:fnv1a64:019059249768e50a"
    },
    {
      "actual_source_wire_bytes": 130,
      "actual_source_wire_fingerprint": "fnv1a64:019059249768e50a",
      "api": "protobuf_tonic::pbrs_to_prost",
      "both_api_roundtrips": "passed",
      "common_wire_bytes": 130,
      "common_wire_fingerprint": "fnv1a64:019059249768e50a",
      "complete_reads": "passed",
      "direction": "pbrs_to_prost",
      "full_equality": "passed",
      "id": "codec.adoption.bridge.pbrs_to_prost.options.part16.read_all",
      "instructions": "not_run",
      "mode": "read_all",
      "numeric_cost": "not_run",
      "read_checksum": 16594923321777280589,
      "source_output_equal_wire": true,
      "specimen": "Options(16)",
      "target_reencoded_wire_bytes": 130,
      "target_reencoded_wire_fingerprint": "fnv1a64:019059249768e50a",
      "timing_blocked_reason": null,
      "timing_qualification": "passed",
      "wire_fingerprint": "bridge-v1:130:fnv1a64:019059249768e50a:fnv1a64:019059249768e50a"
    },
    {
      "actual_source_wire_bytes": 130,
      "actual_source_wire_fingerprint": "fnv1a64:47e9b3c1ef747be2",
      "api": "protobuf_tonic::prost_to_pbrs",
      "both_api_roundtrips": "passed",
      "common_wire_bytes": 130,
      "common_wire_fingerprint": "fnv1a64:47e9b3c1ef747be2",
      "complete_reads": "passed",
      "direction": "prost_to_pbrs",
      "full_equality": "passed",
      "id": "codec.adoption.bridge.prost_to_pbrs.options.part17.api_only",
      "instructions": "not_run",
      "mode": "api_only",
      "numeric_cost": "not_run",
      "read_checksum": 13631282347977525157,
      "source_output_equal_wire": true,
      "specimen": "Options(17)",
      "target_reencoded_wire_bytes": 130,
      "target_reencoded_wire_fingerprint": "fnv1a64:47e9b3c1ef747be2",
      "timing_blocked_reason": null,
      "timing_qualification": "passed",
      "wire_fingerprint": "bridge-v1:130:fnv1a64:47e9b3c1ef747be2:fnv1a64:47e9b3c1ef747be2"
    },
    {
      "actual_source_wire_bytes": 130,
      "actual_source_wire_fingerprint": "fnv1a64:47e9b3c1ef747be2",
      "api": "protobuf_tonic::prost_to_pbrs",
      "both_api_roundtrips": "passed",
      "common_wire_bytes": 130,
      "common_wire_fingerprint": "fnv1a64:47e9b3c1ef747be2",
      "complete_reads": "passed",
      "direction": "prost_to_pbrs",
      "full_equality": "passed",
      "id": "codec.adoption.bridge.prost_to_pbrs.options.part17.read_all",
      "instructions": "not_run",
      "mode": "read_all",
      "numeric_cost": "not_run",
      "read_checksum": 13631282347977525157,
      "source_output_equal_wire": true,
      "specimen": "Options(17)",
      "target_reencoded_wire_bytes": 130,
      "target_reencoded_wire_fingerprint": "fnv1a64:47e9b3c1ef747be2",
      "timing_blocked_reason": null,
      "timing_qualification": "passed",
      "wire_fingerprint": "bridge-v1:130:fnv1a64:47e9b3c1ef747be2:fnv1a64:47e9b3c1ef747be2"
    },
    {
      "actual_source_wire_bytes": 130,
      "actual_source_wire_fingerprint": "fnv1a64:47e9b3c1ef747be2",
      "api": "protobuf_tonic::pbrs_to_prost",
      "both_api_roundtrips": "passed",
      "common_wire_bytes": 130,
      "common_wire_fingerprint": "fnv1a64:47e9b3c1ef747be2",
      "complete_reads": "passed",
      "direction": "pbrs_to_prost",
      "full_equality": "passed",
      "id": "codec.adoption.bridge.pbrs_to_prost.options.part17.api_only",
      "instructions": "not_run",
      "mode": "api_only",
      "numeric_cost": "not_run",
      "read_checksum": 13631282347977525157,
      "source_output_equal_wire": true,
      "specimen": "Options(17)",
      "target_reencoded_wire_bytes": 130,
      "target_reencoded_wire_fingerprint": "fnv1a64:47e9b3c1ef747be2",
      "timing_blocked_reason": null,
      "timing_qualification": "passed",
      "wire_fingerprint": "bridge-v1:130:fnv1a64:47e9b3c1ef747be2:fnv1a64:47e9b3c1ef747be2"
    },
    {
      "actual_source_wire_bytes": 130,
      "actual_source_wire_fingerprint": "fnv1a64:47e9b3c1ef747be2",
      "api": "protobuf_tonic::pbrs_to_prost",
      "both_api_roundtrips": "passed",
      "common_wire_bytes": 130,
      "common_wire_fingerprint": "fnv1a64:47e9b3c1ef747be2",
      "complete_reads": "passed",
      "direction": "pbrs_to_prost",
      "full_equality": "passed",
      "id": "codec.adoption.bridge.pbrs_to_prost.options.part17.read_all",
      "instructions": "not_run",
      "mode": "read_all",
      "numeric_cost": "not_run",
      "read_checksum": 13631282347977525157,
      "source_output_equal_wire": true,
      "specimen": "Options(17)",
      "target_reencoded_wire_bytes": 130,
      "target_reencoded_wire_fingerprint": "fnv1a64:47e9b3c1ef747be2",
      "timing_blocked_reason": null,
      "timing_qualification": "passed",
      "wire_fingerprint": "bridge-v1:130:fnv1a64:47e9b3c1ef747be2:fnv1a64:47e9b3c1ef747be2"
    },
    {
      "actual_source_wire_bytes": 130,
      "actual_source_wire_fingerprint": "fnv1a64:4b9f884c8fd9a276",
      "api": "protobuf_tonic::prost_to_pbrs",
      "both_api_roundtrips": "passed",
      "common_wire_bytes": 130,
      "common_wire_fingerprint": "fnv1a64:4b9f884c8fd9a276",
      "complete_reads": "passed",
      "direction": "prost_to_pbrs",
      "full_equality": "passed",
      "id": "codec.adoption.bridge.prost_to_pbrs.options.part18.api_only",
      "instructions": "not_run",
      "mode": "api_only",
      "numeric_cost": "not_run",
      "read_checksum": 10483860639303309413,
      "source_output_equal_wire": true,
      "specimen": "Options(18)",
      "target_reencoded_wire_bytes": 130,
      "target_reencoded_wire_fingerprint": "fnv1a64:4b9f884c8fd9a276",
      "timing_blocked_reason": null,
      "timing_qualification": "passed",
      "wire_fingerprint": "bridge-v1:130:fnv1a64:4b9f884c8fd9a276:fnv1a64:4b9f884c8fd9a276"
    },
    {
      "actual_source_wire_bytes": 130,
      "actual_source_wire_fingerprint": "fnv1a64:4b9f884c8fd9a276",
      "api": "protobuf_tonic::prost_to_pbrs",
      "both_api_roundtrips": "passed",
      "common_wire_bytes": 130,
      "common_wire_fingerprint": "fnv1a64:4b9f884c8fd9a276",
      "complete_reads": "passed",
      "direction": "prost_to_pbrs",
      "full_equality": "passed",
      "id": "codec.adoption.bridge.prost_to_pbrs.options.part18.read_all",
      "instructions": "not_run",
      "mode": "read_all",
      "numeric_cost": "not_run",
      "read_checksum": 10483860639303309413,
      "source_output_equal_wire": true,
      "specimen": "Options(18)",
      "target_reencoded_wire_bytes": 130,
      "target_reencoded_wire_fingerprint": "fnv1a64:4b9f884c8fd9a276",
      "timing_blocked_reason": null,
      "timing_qualification": "passed",
      "wire_fingerprint": "bridge-v1:130:fnv1a64:4b9f884c8fd9a276:fnv1a64:4b9f884c8fd9a276"
    },
    {
      "actual_source_wire_bytes": 130,
      "actual_source_wire_fingerprint": "fnv1a64:4b9f884c8fd9a276",
      "api": "protobuf_tonic::pbrs_to_prost",
      "both_api_roundtrips": "passed",
      "common_wire_bytes": 130,
      "common_wire_fingerprint": "fnv1a64:4b9f884c8fd9a276",
      "complete_reads": "passed",
      "direction": "pbrs_to_prost",
      "full_equality": "passed",
      "id": "codec.adoption.bridge.pbrs_to_prost.options.part18.api_only",
      "instructions": "not_run",
      "mode": "api_only",
      "numeric_cost": "not_run",
      "read_checksum": 10483860639303309413,
      "source_output_equal_wire": true,
      "specimen": "Options(18)",
      "target_reencoded_wire_bytes": 130,
      "target_reencoded_wire_fingerprint": "fnv1a64:4b9f884c8fd9a276",
      "timing_blocked_reason": null,
      "timing_qualification": "passed",
      "wire_fingerprint": "bridge-v1:130:fnv1a64:4b9f884c8fd9a276:fnv1a64:4b9f884c8fd9a276"
    },
    {
      "actual_source_wire_bytes": 130,
      "actual_source_wire_fingerprint": "fnv1a64:4b9f884c8fd9a276",
      "api": "protobuf_tonic::pbrs_to_prost",
      "both_api_roundtrips": "passed",
      "common_wire_bytes": 130,
      "common_wire_fingerprint": "fnv1a64:4b9f884c8fd9a276",
      "complete_reads": "passed",
      "direction": "pbrs_to_prost",
      "full_equality": "passed",
      "id": "codec.adoption.bridge.pbrs_to_prost.options.part18.read_all",
      "instructions": "not_run",
      "mode": "read_all",
      "numeric_cost": "not_run",
      "read_checksum": 10483860639303309413,
      "source_output_equal_wire": true,
      "specimen": "Options(18)",
      "target_reencoded_wire_bytes": 130,
      "target_reencoded_wire_fingerprint": "fnv1a64:4b9f884c8fd9a276",
      "timing_blocked_reason": null,
      "timing_qualification": "passed",
      "wire_fingerprint": "bridge-v1:130:fnv1a64:4b9f884c8fd9a276:fnv1a64:4b9f884c8fd9a276"
    },
    {
      "actual_source_wire_bytes": 130,
      "actual_source_wire_fingerprint": "fnv1a64:2ba95195004d479e",
      "api": "protobuf_tonic::prost_to_pbrs",
      "both_api_roundtrips": "passed",
      "common_wire_bytes": 130,
      "common_wire_fingerprint": "fnv1a64:2ba95195004d479e",
      "complete_reads": "passed",
      "direction": "prost_to_pbrs",
      "full_equality": "passed",
      "id": "codec.adoption.bridge.prost_to_pbrs.options.part19.api_only",
      "instructions": "not_run",
      "mode": "api_only",
      "numeric_cost": "not_run",
      "read_checksum": 18236504453522724237,
      "source_output_equal_wire": true,
      "specimen": "Options(19)",
      "target_reencoded_wire_bytes": 130,
      "target_reencoded_wire_fingerprint": "fnv1a64:2ba95195004d479e",
      "timing_blocked_reason": null,
      "timing_qualification": "passed",
      "wire_fingerprint": "bridge-v1:130:fnv1a64:2ba95195004d479e:fnv1a64:2ba95195004d479e"
    },
    {
      "actual_source_wire_bytes": 130,
      "actual_source_wire_fingerprint": "fnv1a64:2ba95195004d479e",
      "api": "protobuf_tonic::prost_to_pbrs",
      "both_api_roundtrips": "passed",
      "common_wire_bytes": 130,
      "common_wire_fingerprint": "fnv1a64:2ba95195004d479e",
      "complete_reads": "passed",
      "direction": "prost_to_pbrs",
      "full_equality": "passed",
      "id": "codec.adoption.bridge.prost_to_pbrs.options.part19.read_all",
      "instructions": "not_run",
      "mode": "read_all",
      "numeric_cost": "not_run",
      "read_checksum": 18236504453522724237,
      "source_output_equal_wire": true,
      "specimen": "Options(19)",
      "target_reencoded_wire_bytes": 130,
      "target_reencoded_wire_fingerprint": "fnv1a64:2ba95195004d479e",
      "timing_blocked_reason": null,
      "timing_qualification": "passed",
      "wire_fingerprint": "bridge-v1:130:fnv1a64:2ba95195004d479e:fnv1a64:2ba95195004d479e"
    },
    {
      "actual_source_wire_bytes": 130,
      "actual_source_wire_fingerprint": "fnv1a64:2ba95195004d479e",
      "api": "protobuf_tonic::pbrs_to_prost",
      "both_api_roundtrips": "passed",
      "common_wire_bytes": 130,
      "common_wire_fingerprint": "fnv1a64:2ba95195004d479e",
      "complete_reads": "passed",
      "direction": "pbrs_to_prost",
      "full_equality": "passed",
      "id": "codec.adoption.bridge.pbrs_to_prost.options.part19.api_only",
      "instructions": "not_run",
      "mode": "api_only",
      "numeric_cost": "not_run",
      "read_checksum": 18236504453522724237,
      "source_output_equal_wire": true,
      "specimen": "Options(19)",
      "target_reencoded_wire_bytes": 130,
      "target_reencoded_wire_fingerprint": "fnv1a64:2ba95195004d479e",
      "timing_blocked_reason": null,
      "timing_qualification": "passed",
      "wire_fingerprint": "bridge-v1:130:fnv1a64:2ba95195004d479e:fnv1a64:2ba95195004d479e"
    },
    {
      "actual_source_wire_bytes": 130,
      "actual_source_wire_fingerprint": "fnv1a64:2ba95195004d479e",
      "api": "protobuf_tonic::pbrs_to_prost",
      "both_api_roundtrips": "passed",
      "common_wire_bytes": 130,
      "common_wire_fingerprint": "fnv1a64:2ba95195004d479e",
      "complete_reads": "passed",
      "direction": "pbrs_to_prost",
      "full_equality": "passed",
      "id": "codec.adoption.bridge.pbrs_to_prost.options.part19.read_all",
      "instructions": "not_run",
      "mode": "read_all",
      "numeric_cost": "not_run",
      "read_checksum": 18236504453522724237,
      "source_output_equal_wire": true,
      "specimen": "Options(19)",
      "target_reencoded_wire_bytes": 130,
      "target_reencoded_wire_fingerprint": "fnv1a64:2ba95195004d479e",
      "timing_blocked_reason": null,
      "timing_qualification": "passed",
      "wire_fingerprint": "bridge-v1:130:fnv1a64:2ba95195004d479e:fnv1a64:2ba95195004d479e"
    }
  ],
  "cost_measurement": "not_run; TC32b collector integration remains pending",
  "schema": "pbrs-adoption-bridge-inventory/1"
}
