{
  "source_commit": "8ca03da51ab3723f53858800ca5b8e2a33d0f448",
  "registered_count": 512,
  "actual_network_passed": 488,
  "blocked_count": 24,
  "registered_ids": [
    "rpc.tonic_transport.reference_reference.query.d3.v0.unary",
    "rpc.tonic_transport.reference_reference.query.d3.v0.server_stream",
    "rpc.tonic_transport.native_client_reference_server.query.d3.v0.unary",
    "rpc.tonic_transport.native_client_reference_server.query.d3.v0.server_stream",
    "rpc.tonic_transport.reference_client_native_server.query.d3.v0.unary",
    "rpc.tonic_transport.reference_client_native_server.query.d3.v0.server_stream",
    "rpc.tonic_transport.native_native.query.d3.v0.unary",
    "rpc.tonic_transport.native_native.query.d3.v0.server_stream",
    "rpc.tonic_transport.reference_reference.query.d3.v1.unary",
    "rpc.tonic_transport.reference_reference.query.d3.v1.server_stream",
    "rpc.tonic_transport.native_client_reference_server.query.d3.v1.unary",
    "rpc.tonic_transport.native_client_reference_server.query.d3.v1.server_stream",
    "rpc.tonic_transport.reference_client_native_server.query.d3.v1.unary",
    "rpc.tonic_transport.reference_client_native_server.query.d3.v1.server_stream",
    "rpc.tonic_transport.native_native.query.d3.v1.unary",
    "rpc.tonic_transport.native_native.query.d3.v1.server_stream",
    "rpc.tonic_transport.reference_reference.query.d3.v2.unary",
    "rpc.tonic_transport.reference_reference.query.d3.v2.server_stream",
    "rpc.tonic_transport.native_client_reference_server.query.d3.v2.unary",
    "rpc.tonic_transport.native_client_reference_server.query.d3.v2.server_stream",
    "rpc.tonic_transport.reference_client_native_server.query.d3.v2.unary",
    "rpc.tonic_transport.reference_client_native_server.query.d3.v2.server_stream",
    "rpc.tonic_transport.native_native.query.d3.v2.unary",
    "rpc.tonic_transport.native_native.query.d3.v2.server_stream",
    "rpc.tonic_transport.reference_reference.query.d3.v3.unary",
    "rpc.tonic_transport.reference_reference.query.d3.v3.server_stream",
    "rpc.tonic_transport.native_client_reference_server.query.d3.v3.unary",
    "rpc.tonic_transport.native_client_reference_server.query.d3.v3.server_stream",
    "rpc.tonic_transport.reference_client_native_server.query.d3.v3.unary",
    "rpc.tonic_transport.reference_client_native_server.query.d3.v3.server_stream",
    "rpc.tonic_transport.native_native.query.d3.v3.unary",
    "rpc.tonic_transport.native_native.query.d3.v3.server_stream",
    "rpc.tonic_transport.reference_reference.query.d3.v4.unary",
    "rpc.tonic_transport.reference_reference.query.d3.v4.server_stream",
    "rpc.tonic_transport.native_client_reference_server.query.d3.v4.unary",
    "rpc.tonic_transport.native_client_reference_server.query.d3.v4.server_stream",
    "rpc.tonic_transport.reference_client_native_server.query.d3.v4.unary",
    "rpc.tonic_transport.reference_client_native_server.query.d3.v4.server_stream",
    "rpc.tonic_transport.native_native.query.d3.v4.unary",
    "rpc.tonic_transport.native_native.query.d3.v4.server_stream",
    "rpc.tonic_transport.reference_reference.query.d3.v5.unary",
    "rpc.tonic_transport.reference_reference.query.d3.v5.server_stream",
    "rpc.tonic_transport.native_client_reference_server.query.d3.v5.unary",
    "rpc.tonic_transport.native_client_reference_server.query.d3.v5.server_stream",
    "rpc.tonic_transport.reference_client_native_server.query.d3.v5.unary",
    "rpc.tonic_transport.reference_client_native_server.query.d3.v5.server_stream",
    "rpc.tonic_transport.native_native.query.d3.v5.unary",
    "rpc.tonic_transport.native_native.query.d3.v5.server_stream",
    "rpc.tonic_transport.reference_reference.query.d3.v6.unary",
    "rpc.tonic_transport.reference_reference.query.d3.v6.server_stream",
    "rpc.tonic_transport.native_client_reference_server.query.d3.v6.unary",
    "rpc.tonic_transport.native_client_reference_server.query.d3.v6.server_stream",
    "rpc.tonic_transport.reference_client_native_server.query.d3.v6.unary",
    "rpc.tonic_transport.reference_client_native_server.query.d3.v6.server_stream",
    "rpc.tonic_transport.native_native.query.d3.v6.unary",
    "rpc.tonic_transport.native_native.query.d3.v6.server_stream",
    "rpc.tonic_transport.reference_reference.query.d3.v7.unary",
    "rpc.tonic_transport.reference_reference.query.d3.v7.server_stream",
    "rpc.tonic_transport.native_client_reference_server.query.d3.v7.unary",
    "rpc.tonic_transport.native_client_reference_server.query.d3.v7.server_stream",
    "rpc.tonic_transport.reference_client_native_server.query.d3.v7.unary",
    "rpc.tonic_transport.reference_client_native_server.query.d3.v7.server_stream",
    "rpc.tonic_transport.native_native.query.d3.v7.unary",
    "rpc.tonic_transport.native_native.query.d3.v7.server_stream",
    "rpc.tonic_transport.reference_reference.query.d4.v0.unary",
    "rpc.tonic_transport.reference_reference.query.d4.v0.server_stream",
    "rpc.tonic_transport.native_client_reference_server.query.d4.v0.unary",
    "rpc.tonic_transport.native_client_reference_server.query.d4.v0.server_stream",
    "rpc.tonic_transport.reference_client_native_server.query.d4.v0.unary",
    "rpc.tonic_transport.reference_client_native_server.query.d4.v0.server_stream",
    "rpc.tonic_transport.native_native.query.d4.v0.unary",
    "rpc.tonic_transport.native_native.query.d4.v0.server_stream",
    "rpc.tonic_transport.reference_reference.query.d4.v1.unary",
    "rpc.tonic_transport.reference_reference.query.d4.v1.server_stream",
    "rpc.tonic_transport.native_client_reference_server.query.d4.v1.unary",
    "rpc.tonic_transport.native_client_reference_server.query.d4.v1.server_stream",
    "rpc.tonic_transport.reference_client_native_server.query.d4.v1.unary",
    "rpc.tonic_transport.reference_client_native_server.query.d4.v1.server_stream",
    "rpc.tonic_transport.native_native.query.d4.v1.unary",
    "rpc.tonic_transport.native_native.query.d4.v1.server_stream",
    "rpc.tonic_transport.reference_reference.query.d4.v2.unary",
    "rpc.tonic_transport.reference_reference.query.d4.v2.server_stream",
    "rpc.tonic_transport.native_client_reference_server.query.d4.v2.unary",
    "rpc.tonic_transport.native_client_reference_server.query.d4.v2.server_stream",
    "rpc.tonic_transport.reference_client_native_server.query.d4.v2.unary",
    "rpc.tonic_transport.reference_client_native_server.query.d4.v2.server_stream",
    "rpc.tonic_transport.native_native.query.d4.v2.unary",
    "rpc.tonic_transport.native_native.query.d4.v2.server_stream",
    "rpc.tonic_transport.reference_reference.query.d4.v3.unary",
    "rpc.tonic_transport.reference_reference.query.d4.v3.server_stream",
    "rpc.tonic_transport.native_client_reference_server.query.d4.v3.unary",
    "rpc.tonic_transport.native_client_reference_server.query.d4.v3.server_stream",
    "rpc.tonic_transport.reference_client_native_server.query.d4.v3.unary",
    "rpc.tonic_transport.reference_client_native_server.query.d4.v3.server_stream",
    "rpc.tonic_transport.native_native.query.d4.v3.unary",
    "rpc.tonic_transport.native_native.query.d4.v3.server_stream",
    "rpc.tonic_transport.reference_reference.query.d4.v4.unary",
    "rpc.tonic_transport.reference_reference.query.d4.v4.server_stream",
    "rpc.tonic_transport.native_client_reference_server.query.d4.v4.unary",
    "rpc.tonic_transport.native_client_reference_server.query.d4.v4.server_stream",
    "rpc.tonic_transport.reference_client_native_server.query.d4.v4.unary",
    "rpc.tonic_transport.reference_client_native_server.query.d4.v4.server_stream",
    "rpc.tonic_transport.native_native.query.d4.v4.unary",
    "rpc.tonic_transport.native_native.query.d4.v4.server_stream",
    "rpc.tonic_transport.reference_reference.query.d4.v5.unary",
    "rpc.tonic_transport.reference_reference.query.d4.v5.server_stream",
    "rpc.tonic_transport.native_client_reference_server.query.d4.v5.unary",
    "rpc.tonic_transport.native_client_reference_server.query.d4.v5.server_stream",
    "rpc.tonic_transport.reference_client_native_server.query.d4.v5.unary",
    "rpc.tonic_transport.reference_client_native_server.query.d4.v5.server_stream",
    "rpc.tonic_transport.native_native.query.d4.v5.unary",
    "rpc.tonic_transport.native_native.query.d4.v5.server_stream",
    "rpc.tonic_transport.reference_reference.query.d4.v6.unary",
    "rpc.tonic_transport.reference_reference.query.d4.v6.server_stream",
    "rpc.tonic_transport.native_client_reference_server.query.d4.v6.unary",
    "rpc.tonic_transport.native_client_reference_server.query.d4.v6.server_stream",
    "rpc.tonic_transport.reference_client_native_server.query.d4.v6.unary",
    "rpc.tonic_transport.reference_client_native_server.query.d4.v6.server_stream",
    "rpc.tonic_transport.native_native.query.d4.v6.unary",
    "rpc.tonic_transport.native_native.query.d4.v6.server_stream",
    "rpc.tonic_transport.reference_reference.query.d4.v7.unary",
    "rpc.tonic_transport.reference_reference.query.d4.v7.server_stream",
    "rpc.tonic_transport.native_client_reference_server.query.d4.v7.unary",
    "rpc.tonic_transport.native_client_reference_server.query.d4.v7.server_stream",
    "rpc.tonic_transport.reference_client_native_server.query.d4.v7.unary",
    "rpc.tonic_transport.reference_client_native_server.query.d4.v7.server_stream",
    "rpc.tonic_transport.native_native.query.d4.v7.unary",
    "rpc.tonic_transport.native_native.query.d4.v7.server_stream",
    "rpc.tonic_transport.reference_reference.query.d5.v0.unary",
    "rpc.tonic_transport.reference_reference.query.d5.v0.server_stream",
    "rpc.tonic_transport.native_client_reference_server.query.d5.v0.unary",
    "rpc.tonic_transport.native_client_reference_server.query.d5.v0.server_stream",
    "rpc.tonic_transport.reference_client_native_server.query.d5.v0.unary",
    "rpc.tonic_transport.reference_client_native_server.query.d5.v0.server_stream",
    "rpc.tonic_transport.native_native.query.d5.v0.unary",
    "rpc.tonic_transport.native_native.query.d5.v0.server_stream",
    "rpc.tonic_transport.reference_reference.query.d5.v1.unary",
    "rpc.tonic_transport.reference_reference.query.d5.v1.server_stream",
    "rpc.tonic_transport.native_client_reference_server.query.d5.v1.unary",
    "rpc.tonic_transport.native_client_reference_server.query.d5.v1.server_stream",
    "rpc.tonic_transport.reference_client_native_server.query.d5.v1.unary",
    "rpc.tonic_transport.reference_client_native_server.query.d5.v1.server_stream",
    "rpc.tonic_transport.native_native.query.d5.v1.unary",
    "rpc.tonic_transport.native_native.query.d5.v1.server_stream",
    "rpc.tonic_transport.reference_reference.query.d5.v2.unary",
    "rpc.tonic_transport.reference_reference.query.d5.v2.server_stream",
    "rpc.tonic_transport.native_client_reference_server.query.d5.v2.unary",
    "rpc.tonic_transport.native_client_reference_server.query.d5.v2.server_stream",
    "rpc.tonic_transport.reference_client_native_server.query.d5.v2.unary",
    "rpc.tonic_transport.reference_client_native_server.query.d5.v2.server_stream",
    "rpc.tonic_transport.native_native.query.d5.v2.unary",
    "rpc.tonic_transport.native_native.query.d5.v2.server_stream",
    "rpc.tonic_transport.reference_reference.query.d5.v3.unary",
    "rpc.tonic_transport.reference_reference.query.d5.v3.server_stream",
    "rpc.tonic_transport.native_client_reference_server.query.d5.v3.unary",
    "rpc.tonic_transport.native_client_reference_server.query.d5.v3.server_stream",
    "rpc.tonic_transport.reference_client_native_server.query.d5.v3.unary",
    "rpc.tonic_transport.reference_client_native_server.query.d5.v3.server_stream",
    "rpc.tonic_transport.native_native.query.d5.v3.unary",
    "rpc.tonic_transport.native_native.query.d5.v3.server_stream",
    "rpc.tonic_transport.reference_reference.query.d5.v4.unary",
    "rpc.tonic_transport.reference_reference.query.d5.v4.server_stream",
    "rpc.tonic_transport.native_client_reference_server.query.d5.v4.unary",
    "rpc.tonic_transport.native_client_reference_server.query.d5.v4.server_stream",
    "rpc.tonic_transport.reference_client_native_server.query.d5.v4.unary",
    "rpc.tonic_transport.reference_client_native_server.query.d5.v4.server_stream",
    "rpc.tonic_transport.native_native.query.d5.v4.unary",
    "rpc.tonic_transport.native_native.query.d5.v4.server_stream",
    "rpc.tonic_transport.reference_reference.query.d5.v5.unary",
    "rpc.tonic_transport.reference_reference.query.d5.v5.server_stream",
    "rpc.tonic_transport.native_client_reference_server.query.d5.v5.unary",
    "rpc.tonic_transport.native_client_reference_server.query.d5.v5.server_stream",
    "rpc.tonic_transport.reference_client_native_server.query.d5.v5.unary",
    "rpc.tonic_transport.reference_client_native_server.query.d5.v5.server_stream",
    "rpc.tonic_transport.native_native.query.d5.v5.unary",
    "rpc.tonic_transport.native_native.query.d5.v5.server_stream",
    "rpc.tonic_transport.reference_reference.query.d5.v6.unary",
    "rpc.tonic_transport.reference_reference.query.d5.v6.server_stream",
    "rpc.tonic_transport.native_client_reference_server.query.d5.v6.unary",
    "rpc.tonic_transport.native_client_reference_server.query.d5.v6.server_stream",
    "rpc.tonic_transport.reference_client_native_server.query.d5.v6.unary",
    "rpc.tonic_transport.reference_client_native_server.query.d5.v6.server_stream",
    "rpc.tonic_transport.native_native.query.d5.v6.unary",
    "rpc.tonic_transport.native_native.query.d5.v6.server_stream",
    "rpc.tonic_transport.reference_reference.query.d5.v7.unary",
    "rpc.tonic_transport.reference_reference.query.d5.v7.server_stream",
    "rpc.tonic_transport.native_client_reference_server.query.d5.v7.unary",
    "rpc.tonic_transport.native_client_reference_server.query.d5.v7.server_stream",
    "rpc.tonic_transport.reference_client_native_server.query.d5.v7.unary",
    "rpc.tonic_transport.reference_client_native_server.query.d5.v7.server_stream",
    "rpc.tonic_transport.native_native.query.d5.v7.unary",
    "rpc.tonic_transport.native_native.query.d5.v7.server_stream",
    "rpc.tonic_transport.reference_reference.query.d6.v0.unary",
    "rpc.tonic_transport.reference_reference.query.d6.v0.server_stream",
    "rpc.tonic_transport.native_client_reference_server.query.d6.v0.unary",
    "rpc.tonic_transport.native_client_reference_server.query.d6.v0.server_stream",
    "rpc.tonic_transport.reference_client_native_server.query.d6.v0.unary",
    "rpc.tonic_transport.reference_client_native_server.query.d6.v0.server_stream",
    "rpc.tonic_transport.native_native.query.d6.v0.unary",
    "rpc.tonic_transport.native_native.query.d6.v0.server_stream",
    "rpc.tonic_transport.reference_reference.query.d6.v1.unary",
    "rpc.tonic_transport.reference_reference.query.d6.v1.server_stream",
    "rpc.tonic_transport.native_client_reference_server.query.d6.v1.unary",
    "rpc.tonic_transport.native_client_reference_server.query.d6.v1.server_stream",
    "rpc.tonic_transport.reference_client_native_server.query.d6.v1.unary",
    "rpc.tonic_transport.reference_client_native_server.query.d6.v1.server_stream",
    "rpc.tonic_transport.native_native.query.d6.v1.unary",
    "rpc.tonic_transport.native_native.query.d6.v1.server_stream",
    "rpc.tonic_transport.reference_reference.query.d6.v2.unary",
    "rpc.tonic_transport.reference_reference.query.d6.v2.server_stream",
    "rpc.tonic_transport.native_client_reference_server.query.d6.v2.unary",
    "rpc.tonic_transport.native_client_reference_server.query.d6.v2.server_stream",
    "rpc.tonic_transport.reference_client_native_server.query.d6.v2.unary",
    "rpc.tonic_transport.reference_client_native_server.query.d6.v2.server_stream",
    "rpc.tonic_transport.native_native.query.d6.v2.unary",
    "rpc.tonic_transport.native_native.query.d6.v2.server_stream",
    "rpc.tonic_transport.reference_reference.query.d6.v3.unary",
    "rpc.tonic_transport.reference_reference.query.d6.v3.server_stream",
    "rpc.tonic_transport.native_client_reference_server.query.d6.v3.unary",
    "rpc.tonic_transport.native_client_reference_server.query.d6.v3.server_stream",
    "rpc.tonic_transport.reference_client_native_server.query.d6.v3.unary",
    "rpc.tonic_transport.reference_client_native_server.query.d6.v3.server_stream",
    "rpc.tonic_transport.native_native.query.d6.v3.unary",
    "rpc.tonic_transport.native_native.query.d6.v3.server_stream",
    "rpc.tonic_transport.reference_reference.query.d6.v4.unary",
    "rpc.tonic_transport.reference_reference.query.d6.v4.server_stream",
    "rpc.tonic_transport.native_client_reference_server.query.d6.v4.unary",
    "rpc.tonic_transport.native_client_reference_server.query.d6.v4.server_stream",
    "rpc.tonic_transport.reference_client_native_server.query.d6.v4.unary",
    "rpc.tonic_transport.reference_client_native_server.query.d6.v4.server_stream",
    "rpc.tonic_transport.native_native.query.d6.v4.unary",
    "rpc.tonic_transport.native_native.query.d6.v4.server_stream",
    "rpc.tonic_transport.reference_reference.query.d6.v5.unary",
    "rpc.tonic_transport.reference_reference.query.d6.v5.server_stream",
    "rpc.tonic_transport.native_client_reference_server.query.d6.v5.unary",
    "rpc.tonic_transport.native_client_reference_server.query.d6.v5.server_stream",
    "rpc.tonic_transport.reference_client_native_server.query.d6.v5.unary",
    "rpc.tonic_transport.reference_client_native_server.query.d6.v5.server_stream",
    "rpc.tonic_transport.native_native.query.d6.v5.unary",
    "rpc.tonic_transport.native_native.query.d6.v5.server_stream",
    "rpc.tonic_transport.reference_reference.query.d6.v6.unary",
    "rpc.tonic_transport.reference_reference.query.d6.v6.server_stream",
    "rpc.tonic_transport.native_client_reference_server.query.d6.v6.unary",
    "rpc.tonic_transport.native_client_reference_server.query.d6.v6.server_stream",
    "rpc.tonic_transport.reference_client_native_server.query.d6.v6.unary",
    "rpc.tonic_transport.reference_client_native_server.query.d6.v6.server_stream",
    "rpc.tonic_transport.native_native.query.d6.v6.unary",
    "rpc.tonic_transport.native_native.query.d6.v6.server_stream",
    "rpc.tonic_transport.reference_reference.query.d6.v7.unary",
    "rpc.tonic_transport.reference_reference.query.d6.v7.server_stream",
    "rpc.tonic_transport.native_client_reference_server.query.d6.v7.unary",
    "rpc.tonic_transport.native_client_reference_server.query.d6.v7.server_stream",
    "rpc.tonic_transport.reference_client_native_server.query.d6.v7.unary",
    "rpc.tonic_transport.reference_client_native_server.query.d6.v7.server_stream",
    "rpc.tonic_transport.native_native.query.d6.v7.unary",
    "rpc.tonic_transport.native_native.query.d6.v7.server_stream",
    "rpc.tonic_transport.reference_reference.query.d7.v0.unary",
    "rpc.tonic_transport.reference_reference.query.d7.v0.server_stream",
    "rpc.tonic_transport.native_client_reference_server.query.d7.v0.unary",
    "rpc.tonic_transport.native_client_reference_server.query.d7.v0.server_stream",
    "rpc.tonic_transport.reference_client_native_server.query.d7.v0.unary",
    "rpc.tonic_transport.reference_client_native_server.query.d7.v0.server_stream",
    "rpc.tonic_transport.native_native.query.d7.v0.unary",
    "rpc.tonic_transport.native_native.query.d7.v0.server_stream",
    "rpc.tonic_transport.reference_reference.query.d7.v1.unary",
    "rpc.tonic_transport.reference_reference.query.d7.v1.server_stream",
    "rpc.tonic_transport.native_client_reference_server.query.d7.v1.unary",
    "rpc.tonic_transport.native_client_reference_server.query.d7.v1.server_stream",
    "rpc.tonic_transport.reference_client_native_server.query.d7.v1.unary",
    "rpc.tonic_transport.reference_client_native_server.query.d7.v1.server_stream",
    "rpc.tonic_transport.native_native.query.d7.v1.unary",
    "rpc.tonic_transport.native_native.query.d7.v1.server_stream",
    "rpc.tonic_transport.reference_reference.query.d7.v2.unary",
    "rpc.tonic_transport.reference_reference.query.d7.v2.server_stream",
    "rpc.tonic_transport.native_client_reference_server.query.d7.v2.unary",
    "rpc.tonic_transport.native_client_reference_server.query.d7.v2.server_stream",
    "rpc.tonic_transport.reference_client_native_server.query.d7.v2.unary",
    "rpc.tonic_transport.reference_client_native_server.query.d7.v2.server_stream",
    "rpc.tonic_transport.native_native.query.d7.v2.unary",
    "rpc.tonic_transport.native_native.query.d7.v2.server_stream",
    "rpc.tonic_transport.reference_reference.query.d7.v3.unary",
    "rpc.tonic_transport.reference_reference.query.d7.v3.server_stream",
    "rpc.tonic_transport.native_client_reference_server.query.d7.v3.unary",
    "rpc.tonic_transport.native_client_reference_server.query.d7.v3.server_stream",
    "rpc.tonic_transport.reference_client_native_server.query.d7.v3.unary",
    "rpc.tonic_transport.reference_client_native_server.query.d7.v3.server_stream",
    "rpc.tonic_transport.native_native.query.d7.v3.unary",
    "rpc.tonic_transport.native_native.query.d7.v3.server_stream",
    "rpc.tonic_transport.reference_reference.query.d7.v4.unary",
    "rpc.tonic_transport.reference_reference.query.d7.v4.server_stream",
    "rpc.tonic_transport.native_client_reference_server.query.d7.v4.unary",
    "rpc.tonic_transport.native_client_reference_server.query.d7.v4.server_stream",
    "rpc.tonic_transport.reference_client_native_server.query.d7.v4.unary",
    "rpc.tonic_transport.reference_client_native_server.query.d7.v4.server_stream",
    "rpc.tonic_transport.native_native.query.d7.v4.unary",
    "rpc.tonic_transport.native_native.query.d7.v4.server_stream",
    "rpc.tonic_transport.reference_reference.query.d7.v5.unary",
    "rpc.tonic_transport.reference_reference.query.d7.v5.server_stream",
    "rpc.tonic_transport.native_client_reference_server.query.d7.v5.unary",
    "rpc.tonic_transport.native_client_reference_server.query.d7.v5.server_stream",
    "rpc.tonic_transport.reference_client_native_server.query.d7.v5.unary",
    "rpc.tonic_transport.reference_client_native_server.query.d7.v5.server_stream",
    "rpc.tonic_transport.native_native.query.d7.v5.unary",
    "rpc.tonic_transport.native_native.query.d7.v5.server_stream",
    "rpc.tonic_transport.reference_reference.query.d7.v6.unary",
    "rpc.tonic_transport.reference_reference.query.d7.v6.server_stream",
    "rpc.tonic_transport.native_client_reference_server.query.d7.v6.unary",
    "rpc.tonic_transport.native_client_reference_server.query.d7.v6.server_stream",
    "rpc.tonic_transport.reference_client_native_server.query.d7.v6.unary",
    "rpc.tonic_transport.reference_client_native_server.query.d7.v6.server_stream",
    "rpc.tonic_transport.native_native.query.d7.v6.unary",
    "rpc.tonic_transport.native_native.query.d7.v6.server_stream",
    "rpc.tonic_transport.reference_reference.query.d7.v7.unary",
    "rpc.tonic_transport.reference_reference.query.d7.v7.server_stream",
    "rpc.tonic_transport.native_client_reference_server.query.d7.v7.unary",
    "rpc.tonic_transport.native_client_reference_server.query.d7.v7.server_stream",
    "rpc.tonic_transport.reference_client_native_server.query.d7.v7.unary",
    "rpc.tonic_transport.reference_client_native_server.query.d7.v7.server_stream",
    "rpc.tonic_transport.native_native.query.d7.v7.unary",
    "rpc.tonic_transport.native_native.query.d7.v7.server_stream",
    "rpc.tonic_transport.reference_reference.query.d8.v0.unary",
    "rpc.tonic_transport.reference_reference.query.d8.v0.server_stream",
    "rpc.tonic_transport.native_client_reference_server.query.d8.v0.unary",
    "rpc.tonic_transport.native_client_reference_server.query.d8.v0.server_stream",
    "rpc.tonic_transport.reference_client_native_server.query.d8.v0.unary",
    "rpc.tonic_transport.reference_client_native_server.query.d8.v0.server_stream",
    "rpc.tonic_transport.native_native.query.d8.v0.unary",
    "rpc.tonic_transport.native_native.query.d8.v0.server_stream",
    "rpc.tonic_transport.reference_reference.query.d8.v1.unary",
    "rpc.tonic_transport.reference_reference.query.d8.v1.server_stream",
    "rpc.tonic_transport.native_client_reference_server.query.d8.v1.unary",
    "rpc.tonic_transport.native_client_reference_server.query.d8.v1.server_stream",
    "rpc.tonic_transport.reference_client_native_server.query.d8.v1.unary",
    "rpc.tonic_transport.reference_client_native_server.query.d8.v1.server_stream",
    "rpc.tonic_transport.native_native.query.d8.v1.unary",
    "rpc.tonic_transport.native_native.query.d8.v1.server_stream",
    "rpc.tonic_transport.reference_reference.query.d8.v2.unary",
    "rpc.tonic_transport.reference_reference.query.d8.v2.server_stream",
    "rpc.tonic_transport.native_client_reference_server.query.d8.v2.unary",
    "rpc.tonic_transport.native_client_reference_server.query.d8.v2.server_stream",
    "rpc.tonic_transport.reference_client_native_server.query.d8.v2.unary",
    "rpc.tonic_transport.reference_client_native_server.query.d8.v2.server_stream",
    "rpc.tonic_transport.native_native.query.d8.v2.unary",
    "rpc.tonic_transport.native_native.query.d8.v2.server_stream",
    "rpc.tonic_transport.reference_reference.query.d8.v3.unary",
    "rpc.tonic_transport.reference_reference.query.d8.v3.server_stream",
    "rpc.tonic_transport.native_client_reference_server.query.d8.v3.unary",
    "rpc.tonic_transport.native_client_reference_server.query.d8.v3.server_stream",
    "rpc.tonic_transport.reference_client_native_server.query.d8.v3.unary",
    "rpc.tonic_transport.reference_client_native_server.query.d8.v3.server_stream",
    "rpc.tonic_transport.native_native.query.d8.v3.unary",
    "rpc.tonic_transport.native_native.query.d8.v3.server_stream",
    "rpc.tonic_transport.reference_reference.query.d8.v4.unary",
    "rpc.tonic_transport.reference_reference.query.d8.v4.server_stream",
    "rpc.tonic_transport.native_client_reference_server.query.d8.v4.unary",
    "rpc.tonic_transport.native_client_reference_server.query.d8.v4.server_stream",
    "rpc.tonic_transport.reference_client_native_server.query.d8.v4.unary",
    "rpc.tonic_transport.reference_client_native_server.query.d8.v4.server_stream",
    "rpc.tonic_transport.native_native.query.d8.v4.unary",
    "rpc.tonic_transport.native_native.query.d8.v4.server_stream",
    "rpc.tonic_transport.reference_reference.query.d8.v5.unary",
    "rpc.tonic_transport.reference_reference.query.d8.v5.server_stream",
    "rpc.tonic_transport.native_client_reference_server.query.d8.v5.unary",
    "rpc.tonic_transport.native_client_reference_server.query.d8.v5.server_stream",
    "rpc.tonic_transport.reference_client_native_server.query.d8.v5.unary",
    "rpc.tonic_transport.reference_client_native_server.query.d8.v5.server_stream",
    "rpc.tonic_transport.native_native.query.d8.v5.unary",
    "rpc.tonic_transport.native_native.query.d8.v5.server_stream",
    "rpc.tonic_transport.reference_reference.query.d8.v6.unary",
    "rpc.tonic_transport.reference_reference.query.d8.v6.server_stream",
    "rpc.tonic_transport.native_client_reference_server.query.d8.v6.unary",
    "rpc.tonic_transport.native_client_reference_server.query.d8.v6.server_stream",
    "rpc.tonic_transport.reference_client_native_server.query.d8.v6.unary",
    "rpc.tonic_transport.reference_client_native_server.query.d8.v6.server_stream",
    "rpc.tonic_transport.native_native.query.d8.v6.unary",
    "rpc.tonic_transport.native_native.query.d8.v6.server_stream",
    "rpc.tonic_transport.reference_reference.query.d8.v7.unary",
    "rpc.tonic_transport.reference_reference.query.d8.v7.server_stream",
    "rpc.tonic_transport.native_client_reference_server.query.d8.v7.unary",
    "rpc.tonic_transport.native_client_reference_server.query.d8.v7.server_stream",
    "rpc.tonic_transport.reference_client_native_server.query.d8.v7.unary",
    "rpc.tonic_transport.reference_client_native_server.query.d8.v7.server_stream",
    "rpc.tonic_transport.native_native.query.d8.v7.unary",
    "rpc.tonic_transport.native_native.query.d8.v7.server_stream",
    "rpc.tonic_transport.reference_reference.entities.n10.unary",
    "rpc.tonic_transport.reference_reference.entities.n10.server_stream",
    "rpc.tonic_transport.native_client_reference_server.entities.n10.unary",
    "rpc.tonic_transport.native_client_reference_server.entities.n10.server_stream",
    "rpc.tonic_transport.reference_client_native_server.entities.n10.unary",
    "rpc.tonic_transport.reference_client_native_server.entities.n10.server_stream",
    "rpc.tonic_transport.native_native.entities.n10.unary",
    "rpc.tonic_transport.native_native.entities.n10.server_stream",
    "rpc.tonic_transport.reference_reference.entities.n100.unary",
    "rpc.tonic_transport.reference_reference.entities.n100.server_stream",
    "rpc.tonic_transport.native_client_reference_server.entities.n100.unary",
    "rpc.tonic_transport.native_client_reference_server.entities.n100.server_stream",
    "rpc.tonic_transport.reference_client_native_server.entities.n100.unary",
    "rpc.tonic_transport.reference_client_native_server.entities.n100.server_stream",
    "rpc.tonic_transport.native_native.entities.n100.unary",
    "rpc.tonic_transport.native_native.entities.n100.server_stream",
    "rpc.tonic_transport.reference_reference.entities.n1000.unary",
    "rpc.tonic_transport.reference_reference.entities.n1000.server_stream",
    "rpc.tonic_transport.native_client_reference_server.entities.n1000.unary",
    "rpc.tonic_transport.native_client_reference_server.entities.n1000.server_stream",
    "rpc.tonic_transport.reference_client_native_server.entities.n1000.unary",
    "rpc.tonic_transport.reference_client_native_server.entities.n1000.server_stream",
    "rpc.tonic_transport.native_native.entities.n1000.unary",
    "rpc.tonic_transport.native_native.entities.n1000.server_stream",
    "rpc.tonic_transport.reference_reference.sparse.v0.unary",
    "rpc.tonic_transport.reference_reference.sparse.v0.server_stream",
    "rpc.tonic_transport.native_client_reference_server.sparse.v0.unary",
    "rpc.tonic_transport.native_client_reference_server.sparse.v0.server_stream",
    "rpc.tonic_transport.reference_client_native_server.sparse.v0.unary",
    "rpc.tonic_transport.reference_client_native_server.sparse.v0.server_stream",
    "rpc.tonic_transport.native_native.sparse.v0.unary",
    "rpc.tonic_transport.native_native.sparse.v0.server_stream",
    "rpc.tonic_transport.reference_reference.sparse.v1.unary",
    "rpc.tonic_transport.reference_reference.sparse.v1.server_stream",
    "rpc.tonic_transport.native_client_reference_server.sparse.v1.unary",
    "rpc.tonic_transport.native_client_reference_server.sparse.v1.server_stream",
    "rpc.tonic_transport.reference_client_native_server.sparse.v1.unary",
    "rpc.tonic_transport.reference_client_native_server.sparse.v1.server_stream",
    "rpc.tonic_transport.native_native.sparse.v1.unary",
    "rpc.tonic_transport.native_native.sparse.v1.server_stream",
    "rpc.tonic_transport.reference_reference.sparse.v2.unary",
    "rpc.tonic_transport.reference_reference.sparse.v2.server_stream",
    "rpc.tonic_transport.native_client_reference_server.sparse.v2.unary",
    "rpc.tonic_transport.native_client_reference_server.sparse.v2.server_stream",
    "rpc.tonic_transport.reference_client_native_server.sparse.v2.unary",
    "rpc.tonic_transport.reference_client_native_server.sparse.v2.server_stream",
    "rpc.tonic_transport.native_native.sparse.v2.unary",
    "rpc.tonic_transport.native_native.sparse.v2.server_stream",
    "rpc.tonic_transport.reference_reference.sparse.v3.unary",
    "rpc.tonic_transport.reference_reference.sparse.v3.server_stream",
    "rpc.tonic_transport.native_client_reference_server.sparse.v3.unary",
    "rpc.tonic_transport.native_client_reference_server.sparse.v3.server_stream",
    "rpc.tonic_transport.reference_client_native_server.sparse.v3.unary",
    "rpc.tonic_transport.reference_client_native_server.sparse.v3.server_stream",
    "rpc.tonic_transport.native_native.sparse.v3.unary",
    "rpc.tonic_transport.native_native.sparse.v3.server_stream",
    "rpc.tonic_transport.reference_reference.sparse.v4.unary",
    "rpc.tonic_transport.reference_reference.sparse.v4.server_stream",
    "rpc.tonic_transport.native_client_reference_server.sparse.v4.unary",
    "rpc.tonic_transport.native_client_reference_server.sparse.v4.server_stream",
    "rpc.tonic_transport.reference_client_native_server.sparse.v4.unary",
    "rpc.tonic_transport.reference_client_native_server.sparse.v4.server_stream",
    "rpc.tonic_transport.native_native.sparse.v4.unary",
    "rpc.tonic_transport.native_native.sparse.v4.server_stream",
    "rpc.tonic_transport.reference_reference.sparse.v5.unary",
    "rpc.tonic_transport.reference_reference.sparse.v5.server_stream",
    "rpc.tonic_transport.native_client_reference_server.sparse.v5.unary",
    "rpc.tonic_transport.native_client_reference_server.sparse.v5.server_stream",
    "rpc.tonic_transport.reference_client_native_server.sparse.v5.unary",
    "rpc.tonic_transport.reference_client_native_server.sparse.v5.server_stream",
    "rpc.tonic_transport.native_native.sparse.v5.unary",
    "rpc.tonic_transport.native_native.sparse.v5.server_stream",
    "rpc.tonic_transport.reference_reference.sparse.v6.unary",
    "rpc.tonic_transport.reference_reference.sparse.v6.server_stream",
    "rpc.tonic_transport.native_client_reference_server.sparse.v6.unary",
    "rpc.tonic_transport.native_client_reference_server.sparse.v6.server_stream",
    "rpc.tonic_transport.reference_client_native_server.sparse.v6.unary",
    "rpc.tonic_transport.reference_client_native_server.sparse.v6.server_stream",
    "rpc.tonic_transport.native_native.sparse.v6.unary",
    "rpc.tonic_transport.native_native.sparse.v6.server_stream",
    "rpc.tonic_transport.reference_reference.sparse.v7.unary",
    "rpc.tonic_transport.reference_reference.sparse.v7.server_stream",
    "rpc.tonic_transport.native_client_reference_server.sparse.v7.unary",
    "rpc.tonic_transport.native_client_reference_server.sparse.v7.server_stream",
    "rpc.tonic_transport.reference_client_native_server.sparse.v7.unary",
    "rpc.tonic_transport.reference_client_native_server.sparse.v7.server_stream",
    "rpc.tonic_transport.native_native.sparse.v7.unary",
    "rpc.tonic_transport.native_native.sparse.v7.server_stream",
    "rpc.tonic_transport.reference_reference.sparse.v8.unary",
    "rpc.tonic_transport.reference_reference.sparse.v8.server_stream",
    "rpc.tonic_transport.native_client_reference_server.sparse.v8.unary",
    "rpc.tonic_transport.native_client_reference_server.sparse.v8.server_stream",
    "rpc.tonic_transport.reference_client_native_server.sparse.v8.unary",
    "rpc.tonic_transport.reference_client_native_server.sparse.v8.server_stream",
    "rpc.tonic_transport.native_native.sparse.v8.unary",
    "rpc.tonic_transport.native_native.sparse.v8.server_stream",
    "rpc.tonic_transport.reference_reference.sparse.v9.unary",
    "rpc.tonic_transport.reference_reference.sparse.v9.server_stream",
    "rpc.tonic_transport.native_client_reference_server.sparse.v9.unary",
    "rpc.tonic_transport.native_client_reference_server.sparse.v9.server_stream",
    "rpc.tonic_transport.reference_client_native_server.sparse.v9.unary",
    "rpc.tonic_transport.reference_client_native_server.sparse.v9.server_stream",
    "rpc.tonic_transport.native_native.sparse.v9.unary",
    "rpc.tonic_transport.native_native.sparse.v9.server_stream",
    "rpc.tonic_transport.reference_reference.maps.n8.unary",
    "rpc.tonic_transport.reference_reference.maps.n8.server_stream",
    "rpc.tonic_transport.native_client_reference_server.maps.n8.unary",
    "rpc.tonic_transport.native_client_reference_server.maps.n8.server_stream",
    "rpc.tonic_transport.reference_client_native_server.maps.n8.unary",
    "rpc.tonic_transport.reference_client_native_server.maps.n8.server_stream",
    "rpc.tonic_transport.native_native.maps.n8.unary",
    "rpc.tonic_transport.native_native.maps.n8.server_stream",
    "rpc.tonic_transport.reference_reference.maps.n64.unary",
    "rpc.tonic_transport.reference_reference.maps.n64.server_stream",
    "rpc.tonic_transport.native_client_reference_server.maps.n64.unary",
    "rpc.tonic_transport.native_client_reference_server.maps.n64.server_stream",
    "rpc.tonic_transport.reference_client_native_server.maps.n64.unary",
    "rpc.tonic_transport.reference_client_native_server.maps.n64.server_stream",
    "rpc.tonic_transport.native_native.maps.n64.unary",
    "rpc.tonic_transport.native_native.maps.n64.server_stream",
    "rpc.tonic_transport.reference_reference.maps.n512.unary",
    "rpc.tonic_transport.reference_reference.maps.n512.server_stream",
    "rpc.tonic_transport.native_client_reference_server.maps.n512.unary",
    "rpc.tonic_transport.native_client_reference_server.maps.n512.server_stream",
    "rpc.tonic_transport.reference_client_native_server.maps.n512.unary",
    "rpc.tonic_transport.reference_client_native_server.maps.n512.server_stream",
    "rpc.tonic_transport.native_native.maps.n512.unary",
    "rpc.tonic_transport.native_native.maps.n512.server_stream"
  ],
  "blocked_ids": [
    "rpc.tonic_transport.native_client_reference_server.maps.n512.server_stream",
    "rpc.tonic_transport.native_client_reference_server.maps.n512.unary",
    "rpc.tonic_transport.native_client_reference_server.maps.n64.server_stream",
    "rpc.tonic_transport.native_client_reference_server.maps.n64.unary",
    "rpc.tonic_transport.native_client_reference_server.maps.n8.server_stream",
    "rpc.tonic_transport.native_client_reference_server.maps.n8.unary",
    "rpc.tonic_transport.native_native.maps.n512.server_stream",
    "rpc.tonic_transport.native_native.maps.n512.unary",
    "rpc.tonic_transport.native_native.maps.n64.server_stream",
    "rpc.tonic_transport.native_native.maps.n64.unary",
    "rpc.tonic_transport.native_native.maps.n8.server_stream",
    "rpc.tonic_transport.native_native.maps.n8.unary",
    "rpc.tonic_transport.reference_client_native_server.maps.n512.server_stream",
    "rpc.tonic_transport.reference_client_native_server.maps.n512.unary",
    "rpc.tonic_transport.reference_client_native_server.maps.n64.server_stream",
    "rpc.tonic_transport.reference_client_native_server.maps.n64.unary",
    "rpc.tonic_transport.reference_client_native_server.maps.n8.server_stream",
    "rpc.tonic_transport.reference_client_native_server.maps.n8.unary",
    "rpc.tonic_transport.reference_reference.maps.n512.server_stream",
    "rpc.tonic_transport.reference_reference.maps.n512.unary",
    "rpc.tonic_transport.reference_reference.maps.n64.server_stream",
    "rpc.tonic_transport.reference_reference.maps.n64.unary",
    "rpc.tonic_transport.reference_reference.maps.n8.server_stream",
    "rpc.tonic_transport.reference_reference.maps.n8.unary"
  ],
  "blocked_reason": "Frozen native map entries encode four extra bytes; original equal-wire qualification remains blocking, including reference/reference.",
  "preflight_rows": [
    {
      "accepted_local_addr": "127.0.0.1:36757",
      "accepted_remote_addr": "127.0.0.1:47264",
      "accepted_socket_observer": "frozen reference TcpIncoming.with_nodelay(Some(true))",
      "accepted_tcp_nodelay": true,
      "equal_wire_work": true,
      "full_decoded_equality": true,
      "id": "rpc.tonic_transport.reference_reference.query.d3.v0.unary",
      "input_wire_fingerprint": "fnv1a64:41b06d9018aa0c03",
      "message_caps": "unchanged native/tonic defaults",
      "native_request_bytes": 187,
      "request_bytes": 187,
      "request_read_checksum": 17673035775268601779,
      "response_bytes_per_message": 187,
      "response_read_checksum": 17673035775268601779,
      "responses": 1
    },
    {
      "accepted_local_addr": "127.0.0.1:44275",
      "accepted_remote_addr": "127.0.0.1:58088",
      "accepted_socket_observer": "frozen reference TcpIncoming.with_nodelay(Some(true))",
      "accepted_tcp_nodelay": true,
      "equal_wire_work": true,
      "full_decoded_equality": true,
      "id": "rpc.tonic_transport.reference_reference.query.d3.v0.server_stream",
      "input_wire_fingerprint": "fnv1a64:41b06d9018aa0c03",
      "message_caps": "unchanged native/tonic defaults",
      "native_request_bytes": 187,
      "request_bytes": 187,
      "request_read_checksum": 17673035775268601779,
      "response_bytes_per_message": 187,
      "response_read_checksum": 17673035775268601779,
      "responses": 4
    },
    {
      "accepted_local_addr": "127.0.0.1:41885",
      "accepted_remote_addr": "127.0.0.1:37890",
      "accepted_socket_observer": "frozen reference TcpIncoming.with_nodelay(Some(true))",
      "accepted_tcp_nodelay": true,
      "equal_wire_work": true,
      "full_decoded_equality": true,
      "id": "rpc.tonic_transport.native_client_reference_server.query.d3.v0.unary",
      "input_wire_fingerprint": "fnv1a64:41b06d9018aa0c03",
      "message_caps": "unchanged native/tonic defaults",
      "native_request_bytes": 187,
      "request_bytes": 187,
      "request_read_checksum": 17673035775268601779,
      "response_bytes_per_message": 187,
      "response_read_checksum": 17673035775268601779,
      "responses": 1
    },
    {
      "accepted_local_addr": "127.0.0.1:42033",
      "accepted_remote_addr": "127.0.0.1:51076",
      "accepted_socket_observer": "frozen reference TcpIncoming.with_nodelay(Some(true))",
      "accepted_tcp_nodelay": true,
      "equal_wire_work": true,
      "full_decoded_equality": true,
      "id": "rpc.tonic_transport.native_client_reference_server.query.d3.v0.server_stream",
      "input_wire_fingerprint": "fnv1a64:41b06d9018aa0c03",
      "message_caps": "unchanged native/tonic defaults",
      "native_request_bytes": 187,
      "request_bytes": 187,
      "request_read_checksum": 17673035775268601779,
      "response_bytes_per_message": 187,
      "response_read_checksum": 17673035775268601779,
      "responses": 4
    },
    {
      "accepted_local_addr": "127.0.0.1:35599",
      "accepted_remote_addr": "127.0.0.1:33676",
      "accepted_socket_observer": "custom Incoming reproduces built-in native tcp::tune TCP_NODELAY=true",
      "accepted_tcp_nodelay": true,
      "equal_wire_work": true,
      "full_decoded_equality": true,
      "id": "rpc.tonic_transport.reference_client_native_server.query.d3.v0.unary",
      "input_wire_fingerprint": "fnv1a64:41b06d9018aa0c03",
      "message_caps": "unchanged native/tonic defaults",
      "native_request_bytes": 187,
      "request_bytes": 187,
      "request_read_checksum": 17673035775268601779,
      "response_bytes_per_message": 187,
      "response_read_checksum": 17673035775268601779,
      "responses": 1
    },
    {
      "accepted_local_addr": "127.0.0.1:36523",
      "accepted_remote_addr": "127.0.0.1:50080",
      "accepted_socket_observer": "custom Incoming reproduces built-in native tcp::tune TCP_NODELAY=true",
      "accepted_tcp_nodelay": true,
      "equal_wire_work": true,
      "full_decoded_equality": true,
      "id": "rpc.tonic_transport.reference_client_native_server.query.d3.v0.server_stream",
      "input_wire_fingerprint": "fnv1a64:41b06d9018aa0c03",
      "message_caps": "unchanged native/tonic defaults",
      "native_request_bytes": 187,
      "request_bytes": 187,
      "request_read_checksum": 17673035775268601779,
      "response_bytes_per_message": 187,
      "response_read_checksum": 17673035775268601779,
      "responses": 4
    },
    {
      "accepted_local_addr": "127.0.0.1:41465",
      "accepted_remote_addr": "127.0.0.1:59002",
      "accepted_socket_observer": "custom Incoming reproduces built-in native tcp::tune TCP_NODELAY=true",
      "accepted_tcp_nodelay": true,
      "equal_wire_work": true,
      "full_decoded_equality": true,
      "id": "rpc.tonic_transport.native_native.query.d3.v0.unary",
      "input_wire_fingerprint": "fnv1a64:41b06d9018aa0c03",
      "message_caps": "unchanged native/tonic defaults",
      "native_request_bytes": 187,
      "request_bytes": 187,
      "request_read_checksum": 17673035775268601779,
      "response_bytes_per_message": 187,
      "response_read_checksum": 17673035775268601779,
      "responses": 1
    },
    {
      "accepted_local_addr": "127.0.0.1:43899",
      "accepted_remote_addr": "127.0.0.1:32974",
      "accepted_socket_observer": "custom Incoming reproduces built-in native tcp::tune TCP_NODELAY=true",
      "accepted_tcp_nodelay": true,
      "equal_wire_work": true,
      "full_decoded_equality": true,
      "id": "rpc.tonic_transport.native_native.query.d3.v0.server_stream",
      "input_wire_fingerprint": "fnv1a64:41b06d9018aa0c03",
      "message_caps": "unchanged native/tonic defaults",
      "native_request_bytes": 187,
      "request_bytes": 187,
      "request_read_checksum": 17673035775268601779,
      "response_bytes_per_message": 187,
      "response_read_checksum": 17673035775268601779,
      "responses": 4
    },
    {
      "accepted_local_addr": "127.0.0.1:43039",
      "accepted_remote_addr": "127.0.0.1:60838",
      "accepted_socket_observer": "frozen reference TcpIncoming.with_nodelay(Some(true))",
      "accepted_tcp_nodelay": true,
      "equal_wire_work": true,
      "full_decoded_equality": true,
      "id": "rpc.tonic_transport.reference_reference.query.d3.v1.unary",
      "input_wire_fingerprint": "fnv1a64:087e7b85112e1a4e",
      "message_caps": "unchanged native/tonic defaults",
      "native_request_bytes": 196,
      "request_bytes": 196,
      "request_read_checksum": 9007456813890436065,
      "response_bytes_per_message": 196,
      "response_read_checksum": 9007456813890436065,
      "responses": 1
    },
    {
      "accepted_local_addr": "127.0.0.1:34279",
      "accepted_remote_addr": "127.0.0.1:36624",
      "accepted_socket_observer": "frozen reference TcpIncoming.with_nodelay(Some(true))",
      "accepted_tcp_nodelay": true,
      "equal_wire_work": true,
      "full_decoded_equality": true,
      "id": "rpc.tonic_transport.reference_reference.query.d3.v1.server_stream",
      "input_wire_fingerprint": "fnv1a64:087e7b85112e1a4e",
      "message_caps": "unchanged native/tonic defaults",
      "native_request_bytes": 196,
      "request_bytes": 196,
      "request_read_checksum": 9007456813890436065,
      "response_bytes_per_message": 196,
      "response_read_checksum": 9007456813890436065,
      "responses": 4
    },
    {
      "accepted_local_addr": "127.0.0.1:39739",
      "accepted_remote_addr": "127.0.0.1:39540",
      "accepted_socket_observer": "frozen reference TcpIncoming.with_nodelay(Some(true))",
      "accepted_tcp_nodelay": true,
      "equal_wire_work": true,
      "full_decoded_equality": true,
      "id": "rpc.tonic_transport.native_client_reference_server.query.d3.v1.unary",
      "input_wire_fingerprint": "fnv1a64:087e7b85112e1a4e",
      "message_caps": "unchanged native/tonic defaults",
      "native_request_bytes": 196,
      "request_bytes": 196,
      "request_read_checksum": 9007456813890436065,
      "response_bytes_per_message": 196,
      "response_read_checksum": 9007456813890436065,
      "responses": 1
    },
    {
      "accepted_local_addr": "127.0.0.1:37699",
      "accepted_remote_addr": "127.0.0.1:54578",
      "accepted_socket_observer": "frozen reference TcpIncoming.with_nodelay(Some(true))",
      "accepted_tcp_nodelay": true,
      "equal_wire_work": true,
      "full_decoded_equality": true,
      "id": "rpc.tonic_transport.native_client_reference_server.query.d3.v1.server_stream",
      "input_wire_fingerprint": "fnv1a64:087e7b85112e1a4e",
      "message_caps": "unchanged native/tonic defaults",
      "native_request_bytes": 196,
      "request_bytes": 196,
      "request_read_checksum": 9007456813890436065,
      "response_bytes_per_message": 196,
      "response_read_checksum": 9007456813890436065,
      "responses": 4
    },
    {
      "accepted_local_addr": "127.0.0.1:37047",
      "accepted_remote_addr": "127.0.0.1:52882",
      "accepted_socket_observer": "custom Incoming reproduces built-in native tcp::tune TCP_NODELAY=true",
      "accepted_tcp_nodelay": true,
      "equal_wire_work": true,
      "full_decoded_equality": true,
      "id": "rpc.tonic_transport.reference_client_native_server.query.d3.v1.unary",
      "input_wire_fingerprint": "fnv1a64:087e7b85112e1a4e",
      "message_caps": "unchanged native/tonic defaults",
      "native_request_bytes": 196,
      "request_bytes": 196,
      "request_read_checksum": 9007456813890436065,
      "response_bytes_per_message": 196,
      "response_read_checksum": 9007456813890436065,
      "responses": 1
    },
    {
      "accepted_local_addr": "127.0.0.1:34103",
      "accepted_remote_addr": "127.0.0.1:41798",
      "accepted_socket_observer": "custom Incoming reproduces built-in native tcp::tune TCP_NODELAY=true",
      "accepted_tcp_nodelay": true,
      "equal_wire_work": true,
      "full_decoded_equality": true,
      "id": "rpc.tonic_transport.reference_client_native_server.query.d3.v1.server_stream",
      "input_wire_fingerprint": "fnv1a64:087e7b85112e1a4e",
      "message_caps": "unchanged native/tonic defaults",
      "native_request_bytes": 196,
      "request_bytes": 196,
      "request_read_checksum": 9007456813890436065,
      "response_bytes_per_message": 196,
      "response_read_checksum": 9007456813890436065,
      "responses": 4
    },
    {
      "accepted_local_addr": "127.0.0.1:41239",
      "accepted_remote_addr": "127.0.0.1:45972",
      "accepted_socket_observer": "custom Incoming reproduces built-in native tcp::tune TCP_NODELAY=true",
      "accepted_tcp_nodelay": true,
      "equal_wire_work": true,
      "full_decoded_equality": true,
      "id": "rpc.tonic_transport.native_native.query.d3.v1.unary",
      "input_wire_fingerprint": "fnv1a64:087e7b85112e1a4e",
      "message_caps": "unchanged native/tonic defaults",
      "native_request_bytes": 196,
      "request_bytes": 196,
      "request_read_checksum": 9007456813890436065,
      "response_bytes_per_message": 196,
      "response_read_checksum": 9007456813890436065,
      "responses": 1
    },
    {
      "accepted_local_addr": "127.0.0.1:45761",
      "accepted_remote_addr": "127.0.0.1:48022",
      "accepted_socket_observer": "custom Incoming reproduces built-in native tcp::tune TCP_NODELAY=true",
      "accepted_tcp_nodelay": true,
      "equal_wire_work": true,
      "full_decoded_equality": true,
      "id": "rpc.tonic_transport.native_native.query.d3.v1.server_stream",
      "input_wire_fingerprint": "fnv1a64:087e7b85112e1a4e",
      "message_caps": "unchanged native/tonic defaults",
      "native_request_bytes": 196,
      "request_bytes": 196,
      "request_read_checksum": 9007456813890436065,
      "response_bytes_per_message": 196,
      "response_read_checksum": 9007456813890436065,
      "responses": 4
    },
    {
      "accepted_local_addr": "127.0.0.1:45207",
      "accepted_remote_addr": "127.0.0.1:41800",
      "accepted_socket_observer": "frozen reference TcpIncoming.with_nodelay(Some(true))",
      "accepted_tcp_nodelay": true,
      "equal_wire_work": true,
      "full_decoded_equality": true,
      "id": "rpc.tonic_transport.reference_reference.query.d3.v2.unary",
      "input_wire_fingerprint": "fnv1a64:ff20db6fe5c88d39",
      "message_caps": "unchanged native/tonic defaults",
      "native_request_bytes": 206,
      "request_bytes": 206,
      "request_read_checksum": 5166985595186441804,
      "response_bytes_per_message": 206,
      "response_read_checksum": 5166985595186441804,
      "responses": 1
    },
    {
      "accepted_local_addr": "127.0.0.1:36899",
      "accepted_remote_addr": "127.0.0.1:53020",
      "accepted_socket_observer": "frozen reference TcpIncoming.with_nodelay(Some(true))",
      "accepted_tcp_nodelay": true,
      "equal_wire_work": true,
      "full_decoded_equality": true,
      "id": "rpc.tonic_transport.reference_reference.query.d3.v2.server_stream",
      "input_wire_fingerprint": "fnv1a64:ff20db6fe5c88d39",
      "message_caps": "unchanged native/tonic defaults",
      "native_request_bytes": 206,
      "request_bytes": 206,
      "request_read_checksum": 5166985595186441804,
      "response_bytes_per_message": 206,
      "response_read_checksum": 5166985595186441804,
      "responses": 4
    },
    {
      "accepted_local_addr": "127.0.0.1:40861",
      "accepted_remote_addr": "127.0.0.1:38610",
      "accepted_socket_observer": "frozen reference TcpIncoming.with_nodelay(Some(true))",
      "accepted_tcp_nodelay": true,
      "equal_wire_work": true,
      "full_decoded_equality": true,
      "id": "rpc.tonic_transport.native_client_reference_server.query.d3.v2.unary",
      "input_wire_fingerprint": "fnv1a64:ff20db6fe5c88d39",
      "message_caps": "unchanged native/tonic defaults",
      "native_request_bytes": 206,
      "request_bytes": 206,
      "request_read_checksum": 5166985595186441804,
      "response_bytes_per_message": 206,
      "response_read_checksum": 5166985595186441804,
      "responses": 1
    },
    {
      "accepted_local_addr": "127.0.0.1:36571",
      "accepted_remote_addr": "127.0.0.1:49980",
      "accepted_socket_observer": "frozen reference TcpIncoming.with_nodelay(Some(true))",
      "accepted_tcp_nodelay": true,
      "equal_wire_work": true,
      "full_decoded_equality": true,
      "id": "rpc.tonic_transport.native_client_reference_server.query.d3.v2.server_stream",
      "input_wire_fingerprint": "fnv1a64:ff20db6fe5c88d39",
      "message_caps": "unchanged native/tonic defaults",
      "native_request_bytes": 206,
      "request_bytes": 206,
      "request_read_checksum": 5166985595186441804,
      "response_bytes_per_message": 206,
      "response_read_checksum": 5166985595186441804,
      "responses": 4
    },
    {
      "accepted_local_addr": "127.0.0.1:42215",
      "accepted_remote_addr": "127.0.0.1:35342",
      "accepted_socket_observer": "custom Incoming reproduces built-in native tcp::tune TCP_NODELAY=true",
      "accepted_tcp_nodelay": true,
      "equal_wire_work": true,
      "full_decoded_equality": true,
      "id": "rpc.tonic_transport.reference_client_native_server.query.d3.v2.unary",
      "input_wire_fingerprint": "fnv1a64:ff20db6fe5c88d39",
      "message_caps": "unchanged native/tonic defaults",
      "native_request_bytes": 206,
      "request_bytes": 206,
      "request_read_checksum": 5166985595186441804,
      "response_bytes_per_message": 206,
      "response_read_checksum": 5166985595186441804,
      "responses": 1
    },
    {
      "accepted_local_addr": "127.0.0.1:38371",
      "accepted_remote_addr": "127.0.0.1:41368",
      "accepted_socket_observer": "custom Incoming reproduces built-in native tcp::tune TCP_NODELAY=true",
      "accepted_tcp_nodelay": true,
      "equal_wire_work": true,
      "full_decoded_equality": true,
      "id": "rpc.tonic_transport.reference_client_native_server.query.d3.v2.server_stream",
      "input_wire_fingerprint": "fnv1a64:ff20db6fe5c88d39",
      "message_caps": "unchanged native/tonic defaults",
      "native_request_bytes": 206,
      "request_bytes": 206,
      "request_read_checksum": 5166985595186441804,
      "response_bytes_per_message": 206,
      "response_read_checksum": 5166985595186441804,
      "responses": 4
    },
    {
      "accepted_local_addr": "127.0.0.1:35247",
      "accepted_remote_addr": "127.0.0.1:53544",
      "accepted_socket_observer": "custom Incoming reproduces built-in native tcp::tune TCP_NODELAY=true",
      "accepted_tcp_nodelay": true,
      "equal_wire_work": true,
      "full_decoded_equality": true,
      "id": "rpc.tonic_transport.native_native.query.d3.v2.unary",
      "input_wire_fingerprint": "fnv1a64:ff20db6fe5c88d39",
      "message_caps": "unchanged native/tonic defaults",
      "native_request_bytes": 206,
      "request_bytes": 206,
      "request_read_checksum": 5166985595186441804,
      "response_bytes_per_message": 206,
      "response_read_checksum": 5166985595186441804,
      "responses": 1
    },
    {
      "accepted_local_addr": "127.0.0.1:36553",
      "accepted_remote_addr": "127.0.0.1:33578",
      "accepted_socket_observer": "custom Incoming reproduces built-in native tcp::tune TCP_NODELAY=true",
      "accepted_tcp_nodelay": true,
      "equal_wire_work": true,
      "full_decoded_equality": true,
      "id": "rpc.tonic_transport.native_native.query.d3.v2.server_stream",
      "input_wire_fingerprint": "fnv1a64:ff20db6fe5c88d39",
      "message_caps": "unchanged native/tonic defaults",
      "native_request_bytes": 206,
      "request_bytes": 206,
      "request_read_checksum": 5166985595186441804,
      "response_bytes_per_message": 206,
      "response_read_checksum": 5166985595186441804,
      "responses": 4
    },
    {
      "accepted_local_addr": "127.0.0.1:41627",
      "accepted_remote_addr": "127.0.0.1:41096",
      "accepted_socket_observer": "frozen reference TcpIncoming.with_nodelay(Some(true))",
      "accepted_tcp_nodelay": true,
      "equal_wire_work": true,
      "full_decoded_equality": true,
      "id": "rpc.tonic_transport.reference_reference.query.d3.v3.unary",
      "input_wire_fingerprint": "fnv1a64:443d1eca9e2c1d6f",
      "message_caps": "unchanged native/tonic defaults",
      "native_request_bytes": 196,
      "request_bytes": 196,
      "request_read_checksum": 15984391777524233817,
      "response_bytes_per_message": 196,
      "response_read_checksum": 15984391777524233817,
      "responses": 1
    },
    {
      "accepted_local_addr": "127.0.0.1:38293",
      "accepted_remote_addr": "127.0.0.1:47338",
      "accepted_socket_observer": "frozen reference TcpIncoming.with_nodelay(Some(true))",
      "accepted_tcp_nodelay": true,
      "equal_wire_work": true,
      "full_decoded_equality": true,
      "id": "rpc.tonic_transport.reference_reference.query.d3.v3.server_stream",
      "input_wire_fingerprint": "fnv1a64:443d1eca9e2c1d6f",
      "message_caps": "unchanged native/tonic defaults",
      "native_request_bytes": 196,
      "request_bytes": 196,
      "request_read_checksum": 15984391777524233817,
      "response_bytes_per_message": 196,
      "response_read_checksum": 15984391777524233817,
      "responses": 4
    },
    {
      "accepted_local_addr": "127.0.0.1:42333",
      "accepted_remote_addr": "127.0.0.1:33288",
      "accepted_socket_observer": "frozen reference TcpIncoming.with_nodelay(Some(true))",
      "accepted_tcp_nodelay": true,
      "equal_wire_work": true,
      "full_decoded_equality": true,
      "id": "rpc.tonic_transport.native_client_reference_server.query.d3.v3.unary",
      "input_wire_fingerprint": "fnv1a64:443d1eca9e2c1d6f",
      "message_caps": "unchanged native/tonic defaults",
      "native_request_bytes": 196,
      "request_bytes": 196,
      "request_read_checksum": 15984391777524233817,
      "response_bytes_per_message": 196,
      "response_read_checksum": 15984391777524233817,
      "responses": 1
    },
    {
      "accepted_local_addr": "127.0.0.1:42561",
      "accepted_remote_addr": "127.0.0.1:57658",
      "accepted_socket_observer": "frozen reference TcpIncoming.with_nodelay(Some(true))",
      "accepted_tcp_nodelay": true,
      "equal_wire_work": true,
      "full_decoded_equality": true,
      "id": "rpc.tonic_transport.native_client_reference_server.query.d3.v3.server_stream",
      "input_wire_fingerprint": "fnv1a64:443d1eca9e2c1d6f",
      "message_caps": "unchanged native/tonic defaults",
      "native_request_bytes": 196,
      "request_bytes": 196,
      "request_read_checksum": 15984391777524233817,
      "response_bytes_per_message": 196,
      "response_read_checksum": 15984391777524233817,
      "responses": 4
    },
    {
      "accepted_local_addr": "127.0.0.1:37525",
      "accepted_remote_addr": "127.0.0.1:37878",
      "accepted_socket_observer": "custom Incoming reproduces built-in native tcp::tune TCP_NODELAY=true",
      "accepted_tcp_nodelay": true,
      "equal_wire_work": true,
      "full_decoded_equality": true,
      "id": "rpc.tonic_transport.reference_client_native_server.query.d3.v3.unary",
      "input_wire_fingerprint": "fnv1a64:443d1eca9e2c1d6f",
      "message_caps": "unchanged native/tonic defaults",
      "native_request_bytes": 196,
      "request_bytes": 196,
      "request_read_checksum": 15984391777524233817,
      "response_bytes_per_message": 196,
      "response_read_checksum": 15984391777524233817,
      "responses": 1
    },
    {
      "accepted_local_addr": "127.0.0.1:46617",
      "accepted_remote_addr": "127.0.0.1:42436",
      "accepted_socket_observer": "custom Incoming reproduces built-in native tcp::tune TCP_NODELAY=true",
      "accepted_tcp_nodelay": true,
      "equal_wire_work": true,
      "full_decoded_equality": true,
      "id": "rpc.tonic_transport.reference_client_native_server.query.d3.v3.server_stream",
      "input_wire_fingerprint": "fnv1a64:443d1eca9e2c1d6f",
      "message_caps": "unchanged native/tonic defaults",
      "native_request_bytes": 196,
      "request_bytes": 196,
      "request_read_checksum": 15984391777524233817,
      "response_bytes_per_message": 196,
      "response_read_checksum": 15984391777524233817,
      "responses": 4
    },
    {
      "accepted_local_addr": "127.0.0.1:37463",
      "accepted_remote_addr": "127.0.0.1:57404",
      "accepted_socket_observer": "custom Incoming reproduces built-in native tcp::tune TCP_NODELAY=true",
      "accepted_tcp_nodelay": true,
      "equal_wire_work": true,
      "full_decoded_equality": true,
      "id": "rpc.tonic_transport.native_native.query.d3.v3.unary",
      "input_wire_fingerprint": "fnv1a64:443d1eca9e2c1d6f",
      "message_caps": "unchanged native/tonic defaults",
      "native_request_bytes": 196,
      "request_bytes": 196,
      "request_read_checksum": 15984391777524233817,
      "response_bytes_per_message": 196,
      "response_read_checksum": 15984391777524233817,
      "responses": 1
    },
    {
      "accepted_local_addr": "127.0.0.1:40385",
      "accepted_remote_addr": "127.0.0.1:37918",
      "accepted_socket_observer": "custom Incoming reproduces built-in native tcp::tune TCP_NODELAY=true",
      "accepted_tcp_nodelay": true,
      "equal_wire_work": true,
      "full_decoded_equality": true,
      "id": "rpc.tonic_transport.native_native.query.d3.v3.server_stream",
      "input_wire_fingerprint": "fnv1a64:443d1eca9e2c1d6f",
      "message_caps": "unchanged native/tonic defaults",
      "native_request_bytes": 196,
      "request_bytes": 196,
      "request_read_checksum": 15984391777524233817,
      "response_bytes_per_message": 196,
      "response_read_checksum": 15984391777524233817,
      "responses": 4
    },
    {
      "accepted_local_addr": "127.0.0.1:38169",
      "accepted_remote_addr": "127.0.0.1:42700",
      "accepted_socket_observer": "frozen reference TcpIncoming.with_nodelay(Some(true))",
      "accepted_tcp_nodelay": true,
      "equal_wire_work": true,
      "full_decoded_equality": true,
      "id": "rpc.tonic_transport.reference_reference.query.d3.v4.unary",
      "input_wire_fingerprint": "fnv1a64:204e4e96ec3803eb",
      "message_caps": "unchanged native/tonic defaults",
      "native_request_bytes": 204,
      "request_bytes": 204,
      "request_read_checksum": 1310568484690924747,
      "response_bytes_per_message": 204,
      "response_read_checksum": 1310568484690924747,
      "responses": 1
    },
    {
      "accepted_local_addr": "127.0.0.1:37391",
      "accepted_remote_addr": "127.0.0.1:60458",
      "accepted_socket_observer": "frozen reference TcpIncoming.with_nodelay(Some(true))",
      "accepted_tcp_nodelay": true,
      "equal_wire_work": true,
      "full_decoded_equality": true,
      "id": "rpc.tonic_transport.reference_reference.query.d3.v4.server_stream",
      "input_wire_fingerprint": "fnv1a64:204e4e96ec3803eb",
      "message_caps": "unchanged native/tonic defaults",
      "native_request_bytes": 204,
      "request_bytes": 204,
      "request_read_checksum": 1310568484690924747,
      "response_bytes_per_message": 204,
      "response_read_checksum": 1310568484690924747,
      "responses": 4
    },
    {
      "accepted_local_addr": "127.0.0.1:38781",
      "accepted_remote_addr": "127.0.0.1:60138",
      "accepted_socket_observer": "frozen reference TcpIncoming.with_nodelay(Some(true))",
      "accepted_tcp_nodelay": true,
      "equal_wire_work": true,
      "full_decoded_equality": true,
      "id": "rpc.tonic_transport.native_client_reference_server.query.d3.v4.unary",
      "input_wire_fingerprint": "fnv1a64:204e4e96ec3803eb",
      "message_caps": "unchanged native/tonic defaults",
      "native_request_bytes": 204,
      "request_bytes": 204,
      "request_read_checksum": 1310568484690924747,
      "response_bytes_per_message": 204,
      "response_read_checksum": 1310568484690924747,
      "responses": 1
    },
    {
      "accepted_local_addr": "127.0.0.1:41187",
      "accepted_remote_addr": "127.0.0.1:51254",
      "accepted_socket_observer": "frozen reference TcpIncoming.with_nodelay(Some(true))",
      "accepted_tcp_nodelay": true,
      "equal_wire_work": true,
      "full_decoded_equality": true,
      "id": "rpc.tonic_transport.native_client_reference_server.query.d3.v4.server_stream",
      "input_wire_fingerprint": "fnv1a64:204e4e96ec3803eb",
      "message_caps": "unchanged native/tonic defaults",
      "native_request_bytes": 204,
      "request_bytes": 204,
      "request_read_checksum": 1310568484690924747,
      "response_bytes_per_message": 204,
      "response_read_checksum": 1310568484690924747,
      "responses": 4
    },
    {
      "accepted_local_addr": "127.0.0.1:40769",
      "accepted_remote_addr": "127.0.0.1:60772",
      "accepted_socket_observer": "custom Incoming reproduces built-in native tcp::tune TCP_NODELAY=true",
      "accepted_tcp_nodelay": true,
      "equal_wire_work": true,
      "full_decoded_equality": true,
      "id": "rpc.tonic_transport.reference_client_native_server.query.d3.v4.unary",
      "input_wire_fingerprint": "fnv1a64:204e4e96ec3803eb",
      "message_caps": "unchanged native/tonic defaults",
      "native_request_bytes": 204,
      "request_bytes": 204,
      "request_read_checksum": 1310568484690924747,
      "response_bytes_per_message": 204,
      "response_read_checksum": 1310568484690924747,
      "responses": 1
    },
    {
      "accepted_local_addr": "127.0.0.1:33637",
      "accepted_remote_addr": "127.0.0.1:47478",
      "accepted_socket_observer": "custom Incoming reproduces built-in native tcp::tune TCP_NODELAY=true",
      "accepted_tcp_nodelay": true,
      "equal_wire_work": true,
      "full_decoded_equality": true,
      "id": "rpc.tonic_transport.reference_client_native_server.query.d3.v4.server_stream",
      "input_wire_fingerprint": "fnv1a64:204e4e96ec3803eb",
      "message_caps": "unchanged native/tonic defaults",
      "native_request_bytes": 204,
      "request_bytes": 204,
      "request_read_checksum": 1310568484690924747,
      "response_bytes_per_message": 204,
      "response_read_checksum": 1310568484690924747,
      "responses": 4
    },
    {
      "accepted_local_addr": "127.0.0.1:39131",
      "accepted_remote_addr": "127.0.0.1:53676",
      "accepted_socket_observer": "custom Incoming reproduces built-in native tcp::tune TCP_NODELAY=true",
      "accepted_tcp_nodelay": true,
      "equal_wire_work": true,
      "full_decoded_equality": true,
      "id": "rpc.tonic_transport.native_native.query.d3.v4.unary",
      "input_wire_fingerprint": "fnv1a64:204e4e96ec3803eb",
      "message_caps": "unchanged native/tonic defaults",
      "native_request_bytes": 204,
      "request_bytes": 204,
      "request_read_checksum": 1310568484690924747,
      "response_bytes_per_message": 204,
      "response_read_checksum": 1310568484690924747,
      "responses": 1
    },
    {
      "accepted_local_addr": "127.0.0.1:44047",
      "accepted_remote_addr": "127.0.0.1:35490",
      "accepted_socket_observer": "custom Incoming reproduces built-in native tcp::tune TCP_NODELAY=true",
      "accepted_tcp_nodelay": true,
      "equal_wire_work": true,
      "full_decoded_equality": true,
      "id": "rpc.tonic_transport.native_native.query.d3.v4.server_stream",
      "input_wire_fingerprint": "fnv1a64:204e4e96ec3803eb",
      "message_caps": "unchanged native/tonic defaults",
      "native_request_bytes": 204,
      "request_bytes": 204,
      "request_read_checksum": 1310568484690924747,
      "response_bytes_per_message": 204,
      "response_read_checksum": 1310568484690924747,
      "responses": 4
    },
    {
      "accepted_local_addr": "127.0.0.1:34645",
      "accepted_remote_addr": "127.0.0.1:50592",
      "accepted_socket_observer": "frozen reference TcpIncoming.with_nodelay(Some(true))",
      "accepted_tcp_nodelay": true,
      "equal_wire_work": true,
      "full_decoded_equality": true,
      "id": "rpc.tonic_transport.reference_reference.query.d3.v5.unary",
      "input_wire_fingerprint": "fnv1a64:62446da9705e9a98",
      "message_caps": "unchanged native/tonic defaults",
      "native_request_bytes": 213,
      "request_bytes": 213,
      "request_read_checksum": 7871843948829321325,
      "response_bytes_per_message": 213,
      "response_read_checksum": 7871843948829321325,
      "responses": 1
    },
    {
      "accepted_local_addr": "127.0.0.1:35593",
      "accepted_remote_addr": "127.0.0.1:44452",
      "accepted_socket_observer": "frozen reference TcpIncoming.with_nodelay(Some(true))",
      "accepted_tcp_nodelay": true,
      "equal_wire_work": true,
      "full_decoded_equality": true,
      "id": "rpc.tonic_transport.reference_reference.query.d3.v5.server_stream",
      "input_wire_fingerprint": "fnv1a64:62446da9705e9a98",
      "message_caps": "unchanged native/tonic defaults",
      "native_request_bytes": 213,
      "request_bytes": 213,
      "request_read_checksum": 7871843948829321325,
      "response_bytes_per_message": 213,
      "response_read_checksum": 7871843948829321325,
      "responses": 4
    },
    {
      "accepted_local_addr": "127.0.0.1:36407",
      "accepted_remote_addr": "127.0.0.1:45908",
      "accepted_socket_observer": "frozen reference TcpIncoming.with_nodelay(Some(true))",
      "accepted_tcp_nodelay": true,
      "equal_wire_work": true,
      "full_decoded_equality": true,
      "id": "rpc.tonic_transport.native_client_reference_server.query.d3.v5.unary",
      "input_wire_fingerprint": "fnv1a64:62446da9705e9a98",
      "message_caps": "unchanged native/tonic defaults",
      "native_request_bytes": 213,
      "request_bytes": 213,
      "request_read_checksum": 7871843948829321325,
      "response_bytes_per_message": 213,
      "response_read_checksum": 7871843948829321325,
      "responses": 1
    },
    {
      "accepted_local_addr": "127.0.0.1:43989",
      "accepted_remote_addr": "127.0.0.1:39102",
      "accepted_socket_observer": "frozen reference TcpIncoming.with_nodelay(Some(true))",
      "accepted_tcp_nodelay": true,
      "equal_wire_work": true,
      "full_decoded_equality": true,
      "id": "rpc.tonic_transport.native_client_reference_server.query.d3.v5.server_stream",
      "input_wire_fingerprint": "fnv1a64:62446da9705e9a98",
      "message_caps": "unchanged native/tonic defaults",
      "native_request_bytes": 213,
      "request_bytes": 213,
      "request_read_checksum": 7871843948829321325,
      "response_bytes_per_message": 213,
      "response_read_checksum": 7871843948829321325,
      "responses": 4
    },
    {
      "accepted_local_addr": "127.0.0.1:41989",
      "accepted_remote_addr": "127.0.0.1:46932",
      "accepted_socket_observer": "custom Incoming reproduces built-in native tcp::tune TCP_NODELAY=true",
      "accepted_tcp_nodelay": true,
      "equal_wire_work": true,
      "full_decoded_equality": true,
      "id": "rpc.tonic_transport.reference_client_native_server.query.d3.v5.unary",
      "input_wire_fingerprint": "fnv1a64:62446da9705e9a98",
      "message_caps": "unchanged native/tonic defaults",
      "native_request_bytes": 213,
      "request_bytes": 213,
      "request_read_checksum": 7871843948829321325,
      "response_bytes_per_message": 213,
      "response_read_checksum": 7871843948829321325,
      "responses": 1
    },
    {
      "accepted_local_addr": "127.0.0.1:43037",
      "accepted_remote_addr": "127.0.0.1:51302",
      "accepted_socket_observer": "custom Incoming reproduces built-in native tcp::tune TCP_NODELAY=true",
      "accepted_tcp_nodelay": true,
      "equal_wire_work": true,
      "full_decoded_equality": true,
      "id": "rpc.tonic_transport.reference_client_native_server.query.d3.v5.server_stream",
      "input_wire_fingerprint": "fnv1a64:62446da9705e9a98",
      "message_caps": "unchanged native/tonic defaults",
      "native_request_bytes": 213,
      "request_bytes": 213,
      "request_read_checksum": 7871843948829321325,
      "response_bytes_per_message": 213,
      "response_read_checksum": 7871843948829321325,
      "responses": 4
    },
    {
      "accepted_local_addr": "127.0.0.1:40663",
      "accepted_remote_addr": "127.0.0.1:38926",
      "accepted_socket_observer": "custom Incoming reproduces built-in native tcp::tune TCP_NODELAY=true",
      "accepted_tcp_nodelay": true,
      "equal_wire_work": true,
      "full_decoded_equality": true,
      "id": "rpc.tonic_transport.native_native.query.d3.v5.unary",
      "input_wire_fingerprint": "fnv1a64:62446da9705e9a98",
      "message_caps": "unchanged native/tonic defaults",
      "native_request_bytes": 213,
      "request_bytes": 213,
      "request_read_checksum": 7871843948829321325,
      "response_bytes_per_message": 213,
      "response_read_checksum": 7871843948829321325,
      "responses": 1
    },
    {
      "accepted_local_addr": "127.0.0.1:43909",
      "accepted_remote_addr": "127.0.0.1:39114",
      "accepted_socket_observer": "custom Incoming reproduces built-in native tcp::tune TCP_NODELAY=true",
      "accepted_tcp_nodelay": true,
      "equal_wire_work": true,
      "full_decoded_equality": true,
      "id": "rpc.tonic_transport.native_native.query.d3.v5.server_stream",
      "input_wire_fingerprint": "fnv1a64:62446da9705e9a98",
      "message_caps": "unchanged native/tonic defaults",
      "native_request_bytes": 213,
      "request_bytes": 213,
      "request_read_checksum": 7871843948829321325,
      "response_bytes_per_message": 213,
      "response_read_checksum": 7871843948829321325,
      "responses": 4
    },
    {
      "accepted_local_addr": "127.0.0.1:37739",
      "accepted_remote_addr": "127.0.0.1:36830",
      "accepted_socket_observer": "frozen reference TcpIncoming.with_nodelay(Some(true))",
      "accepted_tcp_nodelay": true,
      "equal_wire_work": true,
      "full_decoded_equality": true,
      "id": "rpc.tonic_transport.reference_reference.query.d3.v6.unary",
      "input_wire_fingerprint": "fnv1a64:58dc55b9b414f5cb",
      "message_caps": "unchanged native/tonic defaults",
      "native_request_bytes": 231,
      "request_bytes": 231,
      "request_read_checksum": 11528206674038370355,
      "response_bytes_per_message": 231,
      "response_read_checksum": 11528206674038370355,
      "responses": 1
    },
    {
      "accepted_local_addr": "127.0.0.1:40355",
      "accepted_remote_addr": "127.0.0.1:49118",
      "accepted_socket_observer": "frozen reference TcpIncoming.with_nodelay(Some(true))",
      "accepted_tcp_nodelay": true,
      "equal_wire_work": true,
      "full_decoded_equality": true,
      "id": "rpc.tonic_transport.reference_reference.query.d3.v6.server_stream",
      "input_wire_fingerprint": "fnv1a64:58dc55b9b414f5cb",
      "message_caps": "unchanged native/tonic defaults",
      "native_request_bytes": 231,
      "request_bytes": 231,
      "request_read_checksum": 11528206674038370355,
      "response_bytes_per_message": 231,
      "response_read_checksum": 11528206674038370355,
      "responses": 4
    },
    {
      "accepted_local_addr": "127.0.0.1:37037",
      "accepted_remote_addr": "127.0.0.1:46352",
      "accepted_socket_observer": "frozen reference TcpIncoming.with_nodelay(Some(true))",
      "accepted_tcp_nodelay": true,
      "equal_wire_work": true,
      "full_decoded_equality": true,
      "id": "rpc.tonic_transport.native_client_reference_server.query.d3.v6.unary",
      "input_wire_fingerprint": "fnv1a64:58dc55b9b414f5cb",
      "message_caps": "unchanged native/tonic defaults",
      "native_request_bytes": 231,
      "request_bytes": 231,
      "request_read_checksum": 11528206674038370355,
      "response_bytes_per_message": 231,
      "response_read_checksum": 11528206674038370355,
      "responses": 1
    },
    {
      "accepted_local_addr": "127.0.0.1:46177",
      "accepted_remote_addr": "127.0.0.1:34026",
      "accepted_socket_observer": "frozen reference TcpIncoming.with_nodelay(Some(true))",
      "accepted_tcp_nodelay": true,
      "equal_wire_work": true,
      "full_decoded_equality": true,
      "id": "rpc.tonic_transport.native_client_reference_server.query.d3.v6.server_stream",
      "input_wire_fingerprint": "fnv1a64:58dc55b9b414f5cb",
      "message_caps": "unchanged native/tonic defaults",
      "native_request_bytes": 231,
      "request_bytes": 231,
      "request_read_checksum": 11528206674038370355,
      "response_bytes_per_message": 231,
      "response_read_checksum": 11528206674038370355,
      "responses": 4
    },
    {
      "accepted_local_addr": "127.0.0.1:43359",
      "accepted_remote_addr": "127.0.0.1:43708",
      "accepted_socket_observer": "custom Incoming reproduces built-in native tcp::tune TCP_NODELAY=true",
      "accepted_tcp_nodelay": true,
      "equal_wire_work": true,
      "full_decoded_equality": true,
      "id": "rpc.tonic_transport.reference_client_native_server.query.d3.v6.unary",
      "input_wire_fingerprint": "fnv1a64:58dc55b9b414f5cb",
      "message_caps": "unchanged native/tonic defaults",
      "native_request_bytes": 231,
      "request_bytes": 231,
      "request_read_checksum": 11528206674038370355,
      "response_bytes_per_message": 231,
      "response_read_checksum": 11528206674038370355,
      "responses": 1
    },
    {
      "accepted_local_addr": "127.0.0.1:41995",
      "accepted_remote_addr": "127.0.0.1:34034",
      "accepted_socket_observer": "custom Incoming reproduces built-in native tcp::tune TCP_NODELAY=true",
      "accepted_tcp_nodelay": true,
      "equal_wire_work": true,
      "full_decoded_equality": true,
      "id": "rpc.tonic_transport.reference_client_native_server.query.d3.v6.server_stream",
      "input_wire_fingerprint": "fnv1a64:58dc55b9b414f5cb",
      "message_caps": "unchanged native/tonic defaults",
      "native_request_bytes": 231,
      "request_bytes": 231,
      "request_read_checksum": 11528206674038370355,
      "response_bytes_per_message": 231,
      "response_read_checksum": 11528206674038370355,
      "responses": 4
    },
    {
      "accepted_local_addr": "127.0.0.1:43613",
      "accepted_remote_addr": "127.0.0.1:60734",
      "accepted_socket_observer": "custom Incoming reproduces built-in native tcp::tune TCP_NODELAY=true",
      "accepted_tcp_nodelay": true,
      "equal_wire_work": true,
      "full_decoded_equality": true,
      "id": "rpc.tonic_transport.native_native.query.d3.v6.unary",
      "input_wire_fingerprint": "fnv1a64:58dc55b9b414f5cb",
      "message_caps": "unchanged native/tonic defaults",
      "native_request_bytes": 231,
      "request_bytes": 231,
      "request_read_checksum": 11528206674038370355,
      "response_bytes_per_message": 231,
      "response_read_checksum": 11528206674038370355,
      "responses": 1
    },
    {
      "accepted_local_addr": "127.0.0.1:45561",
      "accepted_remote_addr": "127.0.0.1:57242",
      "accepted_socket_observer": "custom Incoming reproduces built-in native tcp::tune TCP_NODELAY=true",
      "accepted_tcp_nodelay": true,
      "equal_wire_work": true,
      "full_decoded_equality": true,
      "id": "rpc.tonic_transport.native_native.query.d3.v6.server_stream",
      "input_wire_fingerprint": "fnv1a64:58dc55b9b414f5cb",
      "message_caps": "unchanged native/tonic defaults",
      "native_request_bytes": 231,
      "request_bytes": 231,
      "request_read_checksum": 11528206674038370355,
      "response_bytes_per_message": 231,
      "response_read_checksum": 11528206674038370355,
      "responses": 4
    },
    {
      "accepted_local_addr": "127.0.0.1:35109",
      "accepted_remote_addr": "127.0.0.1:55144",
      "accepted_socket_observer": "frozen reference TcpIncoming.with_nodelay(Some(true))",
      "accepted_tcp_nodelay": true,
      "equal_wire_work": true,
      "full_decoded_equality": true,
      "id": "rpc.tonic_transport.reference_reference.query.d3.v7.unary",
      "input_wire_fingerprint": "fnv1a64:c78a4016ec17cd5a",
      "message_caps": "unchanged native/tonic defaults",
      "native_request_bytes": 234,
      "request_bytes": 234,
      "request_read_checksum": 8142155186338385768,
      "response_bytes_per_message": 234,
      "response_read_checksum": 8142155186338385768,
      "responses": 1
    },
    {
      "accepted_local_addr": "127.0.0.1:37667",
      "accepted_remote_addr": "127.0.0.1:43786",
      "accepted_socket_observer": "frozen reference TcpIncoming.with_nodelay(Some(true))",
      "accepted_tcp_nodelay": true,
      "equal_wire_work": true,
      "full_decoded_equality": true,
      "id": "rpc.tonic_transport.reference_reference.query.d3.v7.server_stream",
      "input_wire_fingerprint": "fnv1a64:c78a4016ec17cd5a",
      "message_caps": "unchanged native/tonic defaults",
      "native_request_bytes": 234,
      "request_bytes": 234,
      "request_read_checksum": 8142155186338385768,
      "response_bytes_per_message": 234,
      "response_read_checksum": 8142155186338385768,
      "responses": 4
    },
    {
      "accepted_local_addr": "127.0.0.1:46255",
      "accepted_remote_addr": "127.0.0.1:46518",
      "accepted_socket_observer": "frozen reference TcpIncoming.with_nodelay(Some(true))",
      "accepted_tcp_nodelay": true,
      "equal_wire_work": true,
      "full_decoded_equality": true,
      "id": "rpc.tonic_transport.native_client_reference_server.query.d3.v7.unary",
      "input_wire_fingerprint": "fnv1a64:c78a4016ec17cd5a",
      "message_caps": "unchanged native/tonic defaults",
      "native_request_bytes": 234,
      "request_bytes": 234,
      "request_read_checksum": 8142155186338385768,
      "response_bytes_per_message": 234,
      "response_read_checksum": 8142155186338385768,
      "responses": 1
    },
    {
      "accepted_local_addr": "127.0.0.1:45557",
      "accepted_remote_addr": "127.0.0.1:39186",
      "accepted_socket_observer": "frozen reference TcpIncoming.with_nodelay(Some(true))",
      "accepted_tcp_nodelay": true,
      "equal_wire_work": true,
      "full_decoded_equality": true,
      "id": "rpc.tonic_transport.native_client_reference_server.query.d3.v7.server_stream",
      "input_wire_fingerprint": "fnv1a64:c78a4016ec17cd5a",
      "message_caps": "unchanged native/tonic defaults",
      "native_request_bytes": 234,
      "request_bytes": 234,
      "request_read_checksum": 8142155186338385768,
      "response_bytes_per_message": 234,
      "response_read_checksum": 8142155186338385768,
      "responses": 4
    },
    {
      "accepted_local_addr": "127.0.0.1:39279",
      "accepted_remote_addr": "127.0.0.1:58088",
      "accepted_socket_observer": "custom Incoming reproduces built-in native tcp::tune TCP_NODELAY=true",
      "accepted_tcp_nodelay": true,
      "equal_wire_work": true,
      "full_decoded_equality": true,
      "id": "rpc.tonic_transport.reference_client_native_server.query.d3.v7.unary",
      "input_wire_fingerprint": "fnv1a64:c78a4016ec17cd5a",
      "message_caps": "unchanged native/tonic defaults",
      "native_request_bytes": 234,
      "request_bytes": 234,
      "request_read_checksum": 8142155186338385768,
      "response_bytes_per_message": 234,
      "response_read_checksum": 8142155186338385768,
      "responses": 1
    },
    {
      "accepted_local_addr": "127.0.0.1:38589",
      "accepted_remote_addr": "127.0.0.1:50646",
      "accepted_socket_observer": "custom Incoming reproduces built-in native tcp::tune TCP_NODELAY=true",
      "accepted_tcp_nodelay": true,
      "equal_wire_work": true,
      "full_decoded_equality": true,
      "id": "rpc.tonic_transport.reference_client_native_server.query.d3.v7.server_stream",
      "input_wire_fingerprint": "fnv1a64:c78a4016ec17cd5a",
      "message_caps": "unchanged native/tonic defaults",
      "native_request_bytes": 234,
      "request_bytes": 234,
      "request_read_checksum": 8142155186338385768,
      "response_bytes_per_message": 234,
      "response_read_checksum": 8142155186338385768,
      "responses": 4
    },
    {
      "accepted_local_addr": "127.0.0.1:34669",
      "accepted_remote_addr": "127.0.0.1:33138",
      "accepted_socket_observer": "custom Incoming reproduces built-in native tcp::tune TCP_NODELAY=true",
      "accepted_tcp_nodelay": true,
      "equal_wire_work": true,
      "full_decoded_equality": true,
      "id": "rpc.tonic_transport.native_native.query.d3.v7.unary",
      "input_wire_fingerprint": "fnv1a64:c78a4016ec17cd5a",
      "message_caps": "unchanged native/tonic defaults",
      "native_request_bytes": 234,
      "request_bytes": 234,
      "request_read_checksum": 8142155186338385768,
      "response_bytes_per_message": 234,
      "response_read_checksum": 8142155186338385768,
      "responses": 1
    },
    {
      "accepted_local_addr": "127.0.0.1:46149",
      "accepted_remote_addr": "127.0.0.1:41394",
      "accepted_socket_observer": "custom Incoming reproduces built-in native tcp::tune TCP_NODELAY=true",
      "accepted_tcp_nodelay": true,
      "equal_wire_work": true,
      "full_decoded_equality": true,
      "id": "rpc.tonic_transport.native_native.query.d3.v7.server_stream",
      "input_wire_fingerprint": "fnv1a64:c78a4016ec17cd5a",
      "message_caps": "unchanged native/tonic defaults",
      "native_request_bytes": 234,
      "request_bytes": 234,
      "request_read_checksum": 8142155186338385768,
      "response_bytes_per_message": 234,
      "response_read_checksum": 8142155186338385768,
      "responses": 4
    },
    {
      "accepted_local_addr": "127.0.0.1:46451",
      "accepted_remote_addr": "127.0.0.1:35150",
      "accepted_socket_observer": "frozen reference TcpIncoming.with_nodelay(Some(true))",
      "accepted_tcp_nodelay": true,
      "equal_wire_work": true,
      "full_decoded_equality": true,
      "id": "rpc.tonic_transport.reference_reference.query.d4.v0.unary",
      "input_wire_fingerprint": "fnv1a64:45c8a4c25cf1ee69",
      "message_caps": "unchanged native/tonic defaults",
      "native_request_bytes": 249,
      "request_bytes": 249,
      "request_read_checksum": 15556968429202335264,
      "response_bytes_per_message": 249,
      "response_read_checksum": 15556968429202335264,
      "responses": 1
    },
    {
      "accepted_local_addr": "127.0.0.1:34009",
      "accepted_remote_addr": "127.0.0.1:50280",
      "accepted_socket_observer": "frozen reference TcpIncoming.with_nodelay(Some(true))",
      "accepted_tcp_nodelay": true,
      "equal_wire_work": true,
      "full_decoded_equality": true,
      "id": "rpc.tonic_transport.reference_reference.query.d4.v0.server_stream",
      "input_wire_fingerprint": "fnv1a64:45c8a4c25cf1ee69",
      "message_caps": "unchanged native/tonic defaults",
      "native_request_bytes": 249,
      "request_bytes": 249,
      "request_read_checksum": 15556968429202335264,
      "response_bytes_per_message": 249,
      "response_read_checksum": 15556968429202335264,
      "responses": 4
    },
    {
      "accepted_local_addr": "127.0.0.1:43595",
      "accepted_remote_addr": "127.0.0.1:56534",
      "accepted_socket_observer": "frozen reference TcpIncoming.with_nodelay(Some(true))",
      "accepted_tcp_nodelay": true,
      "equal_wire_work": true,
      "full_decoded_equality": true,
      "id": "rpc.tonic_transport.native_client_reference_server.query.d4.v0.unary",
      "input_wire_fingerprint": "fnv1a64:45c8a4c25cf1ee69",
      "message_caps": "unchanged native/tonic defaults",
      "native_request_bytes": 249,
      "request_bytes": 249,
      "request_read_checksum": 15556968429202335264,
      "response_bytes_per_message": 249,
      "response_read_checksum": 15556968429202335264,
      "responses": 1
    },
    {
      "accepted_local_addr": "127.0.0.1:37697",
      "accepted_remote_addr": "127.0.0.1:36472",
      "accepted_socket_observer": "frozen reference TcpIncoming.with_nodelay(Some(true))",
      "accepted_tcp_nodelay": true,
      "equal_wire_work": true,
      "full_decoded_equality": true,
      "id": "rpc.tonic_transport.native_client_reference_server.query.d4.v0.server_stream",
      "input_wire_fingerprint": "fnv1a64:45c8a4c25cf1ee69",
      "message_caps": "unchanged native/tonic defaults",
      "native_request_bytes": 249,
      "request_bytes": 249,
      "request_read_checksum": 15556968429202335264,
      "response_bytes_per_message": 249,
      "response_read_checksum": 15556968429202335264,
      "responses": 4
    },
    {
      "accepted_local_addr": "127.0.0.1:44187",
      "accepted_remote_addr": "127.0.0.1:53700",
      "accepted_socket_observer": "custom Incoming reproduces built-in native tcp::tune TCP_NODELAY=true",
      "accepted_tcp_nodelay": true,
      "equal_wire_work": true,
      "full_decoded_equality": true,
      "id": "rpc.tonic_transport.reference_client_native_server.query.d4.v0.unary",
      "input_wire_fingerprint": "fnv1a64:45c8a4c25cf1ee69",
      "message_caps": "unchanged native/tonic defaults",
      "native_request_bytes": 249,
      "request_bytes": 249,
      "request_read_checksum": 15556968429202335264,
      "response_bytes_per_message": 249,
      "response_read_checksum": 15556968429202335264,
      "responses": 1
    },
    {
      "accepted_local_addr": "127.0.0.1:39907",
      "accepted_remote_addr": "127.0.0.1:35274",
      "accepted_socket_observer": "custom Incoming reproduces built-in native tcp::tune TCP_NODELAY=true",
      "accepted_tcp_nodelay": true,
      "equal_wire_work": true,
      "full_decoded_equality": true,
      "id": "rpc.tonic_transport.reference_client_native_server.query.d4.v0.server_stream",
      "input_wire_fingerprint": "fnv1a64:45c8a4c25cf1ee69",
      "message_caps": "unchanged native/tonic defaults",
      "native_request_bytes": 249,
      "request_bytes": 249,
      "request_read_checksum": 15556968429202335264,
      "response_bytes_per_message": 249,
      "response_read_checksum": 15556968429202335264,
      "responses": 4
    },
    {
      "accepted_local_addr": "127.0.0.1:41079",
      "accepted_remote_addr": "127.0.0.1:45938",
      "accepted_socket_observer": "custom Incoming reproduces built-in native tcp::tune TCP_NODELAY=true",
      "accepted_tcp_nodelay": true,
      "equal_wire_work": true,
      "full_decoded_equality": true,
      "id": "rpc.tonic_transport.native_native.query.d4.v0.unary",
      "input_wire_fingerprint": "fnv1a64:45c8a4c25cf1ee69",
      "message_caps": "unchanged native/tonic defaults",
      "native_request_bytes": 249,
      "request_bytes": 249,
      "request_read_checksum": 15556968429202335264,
      "response_bytes_per_message": 249,
      "response_read_checksum": 15556968429202335264,
      "responses": 1
    },
    {
      "accepted_local_addr": "127.0.0.1:41935",
      "accepted_remote_addr": "127.0.0.1:49846",
      "accepted_socket_observer": "custom Incoming reproduces built-in native tcp::tune TCP_NODELAY=true",
      "accepted_tcp_nodelay": true,
      "equal_wire_work": true,
      "full_decoded_equality": true,
      "id": "rpc.tonic_transport.native_native.query.d4.v0.server_stream",
      "input_wire_fingerprint": "fnv1a64:45c8a4c25cf1ee69",
      "message_caps": "unchanged native/tonic defaults",
      "native_request_bytes": 249,
      "request_bytes": 249,
      "request_read_checksum": 15556968429202335264,
      "response_bytes_per_message": 249,
      "response_read_checksum": 15556968429202335264,
      "responses": 4
    },
    {
      "accepted_local_addr": "127.0.0.1:45073",
      "accepted_remote_addr": "127.0.0.1:43848",
      "accepted_socket_observer": "frozen reference TcpIncoming.with_nodelay(Some(true))",
      "accepted_tcp_nodelay": true,
      "equal_wire_work": true,
      "full_decoded_equality": true,
      "id": "rpc.tonic_transport.reference_reference.query.d4.v1.unary",
      "input_wire_fingerprint": "fnv1a64:d42d1e2a76a258fd",
      "message_caps": "unchanged native/tonic defaults",
      "native_request_bytes": 256,
      "request_bytes": 256,
      "request_read_checksum": 5989507785071506005,
      "response_bytes_per_message": 256,
      "response_read_checksum": 5989507785071506005,
      "responses": 1
    },
    {
      "accepted_local_addr": "127.0.0.1:46849",
      "accepted_remote_addr": "127.0.0.1:55360",
      "accepted_socket_observer": "frozen reference TcpIncoming.with_nodelay(Some(true))",
      "accepted_tcp_nodelay": true,
      "equal_wire_work": true,
      "full_decoded_equality": true,
      "id": "rpc.tonic_transport.reference_reference.query.d4.v1.server_stream",
      "input_wire_fingerprint": "fnv1a64:d42d1e2a76a258fd",
      "message_caps": "unchanged native/tonic defaults",
      "native_request_bytes": 256,
      "request_bytes": 256,
      "request_read_checksum": 5989507785071506005,
      "response_bytes_per_message": 256,
      "response_read_checksum": 5989507785071506005,
      "responses": 4
    },
    {
      "accepted_local_addr": "127.0.0.1:34035",
      "accepted_remote_addr": "127.0.0.1:48320",
      "accepted_socket_observer": "frozen reference TcpIncoming.with_nodelay(Some(true))",
      "accepted_tcp_nodelay": true,
      "equal_wire_work": true,
      "full_decoded_equality": true,
      "id": "rpc.tonic_transport.native_client_reference_server.query.d4.v1.unary",
      "input_wire_fingerprint": "fnv1a64:d42d1e2a76a258fd",
      "message_caps": "unchanged native/tonic defaults",
      "native_request_bytes": 256,
      "request_bytes": 256,
      "request_read_checksum": 5989507785071506005,
      "response_bytes_per_message": 256,
      "response_read_checksum": 5989507785071506005,
      "responses": 1
    },
    {
      "accepted_local_addr": "127.0.0.1:41433",
      "accepted_remote_addr": "127.0.0.1:45158",
      "accepted_socket_observer": "frozen reference TcpIncoming.with_nodelay(Some(true))",
      "accepted_tcp_nodelay": true,
      "equal_wire_work": true,
      "full_decoded_equality": true,
      "id": "rpc.tonic_transport.native_client_reference_server.query.d4.v1.server_stream",
      "input_wire_fingerprint": "fnv1a64:d42d1e2a76a258fd",
      "message_caps": "unchanged native/tonic defaults",
      "native_request_bytes": 256,
      "request_bytes": 256,
      "request_read_checksum": 5989507785071506005,
      "response_bytes_per_message": 256,
      "response_read_checksum": 5989507785071506005,
      "responses": 4
    },
    {
      "accepted_local_addr": "127.0.0.1:37811",
      "accepted_remote_addr": "127.0.0.1:53398",
      "accepted_socket_observer": "custom Incoming reproduces built-in native tcp::tune TCP_NODELAY=true",
      "accepted_tcp_nodelay": true,
      "equal_wire_work": true,
      "full_decoded_equality": true,
      "id": "rpc.tonic_transport.reference_client_native_server.query.d4.v1.unary",
      "input_wire_fingerprint": "fnv1a64:d42d1e2a76a258fd",
      "message_caps": "unchanged native/tonic defaults",
      "native_request_bytes": 256,
      "request_bytes": 256,
      "request_read_checksum": 5989507785071506005,
      "response_bytes_per_message": 256,
      "response_read_checksum": 5989507785071506005,
      "responses": 1
    },
    {
      "accepted_local_addr": "127.0.0.1:36797",
      "accepted_remote_addr": "127.0.0.1:43628",
      "accepted_socket_observer": "custom Incoming reproduces built-in native tcp::tune TCP_NODELAY=true",
      "accepted_tcp_nodelay": true,
      "equal_wire_work": true,
      "full_decoded_equality": true,
      "id": "rpc.tonic_transport.reference_client_native_server.query.d4.v1.server_stream",
      "input_wire_fingerprint": "fnv1a64:d42d1e2a76a258fd",
      "message_caps": "unchanged native/tonic defaults",
      "native_request_bytes": 256,
      "request_bytes": 256,
      "request_read_checksum": 5989507785071506005,
      "response_bytes_per_message": 256,
      "response_read_checksum": 5989507785071506005,
      "responses": 4
    },
    {
      "accepted_local_addr": "127.0.0.1:34471",
      "accepted_remote_addr": "127.0.0.1:35520",
      "accepted_socket_observer": "custom Incoming reproduces built-in native tcp::tune TCP_NODELAY=true",
      "accepted_tcp_nodelay": true,
      "equal_wire_work": true,
      "full_decoded_equality": true,
      "id": "rpc.tonic_transport.native_native.query.d4.v1.unary",
      "input_wire_fingerprint": "fnv1a64:d42d1e2a76a258fd",
      "message_caps": "unchanged native/tonic defaults",
      "native_request_bytes": 256,
      "request_bytes": 256,
      "request_read_checksum": 5989507785071506005,
      "response_bytes_per_message": 256,
      "response_read_checksum": 5989507785071506005,
      "responses": 1
    },
    {
      "accepted_local_addr": "127.0.0.1:35013",
      "accepted_remote_addr": "127.0.0.1:37234",
      "accepted_socket_observer": "custom Incoming reproduces built-in native tcp::tune TCP_NODELAY=true",
      "accepted_tcp_nodelay": true,
      "equal_wire_work": true,
      "full_decoded_equality": true,
      "id": "rpc.tonic_transport.native_native.query.d4.v1.server_stream",
      "input_wire_fingerprint": "fnv1a64:d42d1e2a76a258fd",
      "message_caps": "unchanged native/tonic defaults",
      "native_request_bytes": 256,
      "request_bytes": 256,
      "request_read_checksum": 5989507785071506005,
      "response_bytes_per_message": 256,
      "response_read_checksum": 5989507785071506005,
      "responses": 4
    },
    {
      "accepted_local_addr": "127.0.0.1:45319",
      "accepted_remote_addr": "127.0.0.1:57048",
      "accepted_socket_observer": "frozen reference TcpIncoming.with_nodelay(Some(true))",
      "accepted_tcp_nodelay": true,
      "equal_wire_work": true,
      "full_decoded_equality": true,
      "id": "rpc.tonic_transport.reference_reference.query.d4.v2.unary",
      "input_wire_fingerprint": "fnv1a64:30d4663ecc53b58f",
      "message_caps": "unchanged native/tonic defaults",
      "native_request_bytes": 277,
      "request_bytes": 277,
      "request_read_checksum": 80788021770190166,
      "response_bytes_per_message": 277,
      "response_read_checksum": 80788021770190166,
      "responses": 1
    },
    {
      "accepted_local_addr": "127.0.0.1:42443",
      "accepted_remote_addr": "127.0.0.1:40810",
      "accepted_socket_observer": "frozen reference TcpIncoming.with_nodelay(Some(true))",
      "accepted_tcp_nodelay": true,
      "equal_wire_work": true,
      "full_decoded_equality": true,
      "id": "rpc.tonic_transport.reference_reference.query.d4.v2.server_stream",
      "input_wire_fingerprint": "fnv1a64:30d4663ecc53b58f",
      "message_caps": "unchanged native/tonic defaults",
      "native_request_bytes": 277,
      "request_bytes": 277,
      "request_read_checksum": 80788021770190166,
      "response_bytes_per_message": 277,
      "response_read_checksum": 80788021770190166,
      "responses": 4
    },
    {
      "accepted_local_addr": "127.0.0.1:43475",
      "accepted_remote_addr": "127.0.0.1:34454",
      "accepted_socket_observer": "frozen reference TcpIncoming.with_nodelay(Some(true))",
      "accepted_tcp_nodelay": true,
      "equal_wire_work": true,
      "full_decoded_equality": true,
      "id": "rpc.tonic_transport.native_client_reference_server.query.d4.v2.unary",
      "input_wire_fingerprint": "fnv1a64:30d4663ecc53b58f",
      "message_caps": "unchanged native/tonic defaults",
      "native_request_bytes": 277,
      "request_bytes": 277,
      "request_read_checksum": 80788021770190166,
      "response_bytes_per_message": 277,
      "response_read_checksum": 80788021770190166,
      "responses": 1
    },
    {
      "accepted_local_addr": "127.0.0.1:39247",
      "accepted_remote_addr": "127.0.0.1:58634",
      "accepted_socket_observer": "frozen reference TcpIncoming.with_nodelay(Some(true))",
      "accepted_tcp_nodelay": true,
      "equal_wire_work": true,
      "full_decoded_equality": true,
      "id": "rpc.tonic_transport.native_client_reference_server.query.d4.v2.server_stream",
      "input_wire_fingerprint": "fnv1a64:30d4663ecc53b58f",
      "message_caps": "unchanged native/tonic defaults",
      "native_request_bytes": 277,
      "request_bytes": 277,
      "request_read_checksum": 80788021770190166,
      "response_bytes_per_message": 277,
      "response_read_checksum": 80788021770190166,
      "responses": 4
    },
    {
      "accepted_local_addr": "127.0.0.1:37087",
      "accepted_remote_addr": "127.0.0.1:44450",
      "accepted_socket_observer": "custom Incoming reproduces built-in native tcp::tune TCP_NODELAY=true",
      "accepted_tcp_nodelay": true,
      "equal_wire_work": true,
      "full_decoded_equality": true,
      "id": "rpc.tonic_transport.reference_client_native_server.query.d4.v2.unary",
      "input_wire_fingerprint": "fnv1a64:30d4663ecc53b58f",
      "message_caps": "unchanged native/tonic defaults",
      "native_request_bytes": 277,
      "request_bytes": 277,
      "request_read_checksum": 80788021770190166,
      "response_bytes_per_message": 277,
      "response_read_checksum": 80788021770190166,
      "responses": 1
    },
    {
      "accepted_local_addr": "127.0.0.1:41245",
      "accepted_remote_addr": "127.0.0.1:55566",
      "accepted_socket_observer": "custom Incoming reproduces built-in native tcp::tune TCP_NODELAY=true",
      "accepted_tcp_nodelay": true,
      "equal_wire_work": true,
      "full_decoded_equality": true,
      "id": "rpc.tonic_transport.reference_client_native_server.query.d4.v2.server_stream",
      "input_wire_fingerprint": "fnv1a64:30d4663ecc53b58f",
      "message_caps": "unchanged native/tonic defaults",
      "native_request_bytes": 277,
      "request_bytes": 277,
      "request_read_checksum": 80788021770190166,
      "response_bytes_per_message": 277,
      "response_read_checksum": 80788021770190166,
      "responses": 4
    },
    {
      "accepted_local_addr": "127.0.0.1:43847",
      "accepted_remote_addr": "127.0.0.1:54230",
      "accepted_socket_observer": "custom Incoming reproduces built-in native tcp::tune TCP_NODELAY=true",
      "accepted_tcp_nodelay": true,
      "equal_wire_work": true,
      "full_decoded_equality": true,
      "id": "rpc.tonic_transport.native_native.query.d4.v2.unary",
      "input_wire_fingerprint": "fnv1a64:30d4663ecc53b58f",
      "message_caps": "unchanged native/tonic defaults",
      "native_request_bytes": 277,
      "request_bytes": 277,
      "request_read_checksum": 80788021770190166,
      "response_bytes_per_message": 277,
      "response_read_checksum": 80788021770190166,
      "responses": 1
    },
    {
      "accepted_local_addr": "127.0.0.1:34497",
      "accepted_remote_addr": "127.0.0.1:40288",
      "accepted_socket_observer": "custom Incoming reproduces built-in native tcp::tune TCP_NODELAY=true",
      "accepted_tcp_nodelay": true,
      "equal_wire_work": true,
      "full_decoded_equality": true,
      "id": "rpc.tonic_transport.native_native.query.d4.v2.server_stream",
      "input_wire_fingerprint": "fnv1a64:30d4663ecc53b58f",
      "message_caps": "unchanged native/tonic defaults",
      "native_request_bytes": 277,
      "request_bytes": 277,
      "request_read_checksum": 80788021770190166,
      "response_bytes_per_message": 277,
      "response_read_checksum": 80788021770190166,
      "responses": 4
    },
    {
      "accepted_local_addr": "127.0.0.1:38071",
      "accepted_remote_addr": "127.0.0.1:53206",
      "accepted_socket_observer": "frozen reference TcpIncoming.with_nodelay(Some(true))",
      "accepted_tcp_nodelay": true,
      "equal_wire_work": true,
      "full_decoded_equality": true,
      "id": "rpc.tonic_transport.reference_reference.query.d4.v3.unary",
      "input_wire_fingerprint": "fnv1a64:fcf49718ef0c25f3",
      "message_caps": "unchanged native/tonic defaults",
      "native_request_bytes": 288,
      "request_bytes": 288,
      "request_read_checksum": 11239361648066611483,
      "response_bytes_per_message": 288,
      "response_read_checksum": 11239361648066611483,
      "responses": 1
    },
    {
      "accepted_local_addr": "127.0.0.1:38329",
      "accepted_remote_addr": "127.0.0.1:56558",
      "accepted_socket_observer": "frozen reference TcpIncoming.with_nodelay(Some(true))",
      "accepted_tcp_nodelay": true,
      "equal_wire_work": true,
      "full_decoded_equality": true,
      "id": "rpc.tonic_transport.reference_reference.query.d4.v3.server_stream",
      "input_wire_fingerprint": "fnv1a64:fcf49718ef0c25f3",
      "message_caps": "unchanged native/tonic defaults",
      "native_request_bytes": 288,
      "request_bytes": 288,
      "request_read_checksum": 11239361648066611483,
      "response_bytes_per_message": 288,
      "response_read_checksum": 11239361648066611483,
      "responses": 4
    },
    {
      "accepted_local_addr": "127.0.0.1:40869",
      "accepted_remote_addr": "127.0.0.1:56048",
      "accepted_socket_observer": "frozen reference TcpIncoming.with_nodelay(Some(true))",
      "accepted_tcp_nodelay": true,
      "equal_wire_work": true,
      "full_decoded_equality": true,
      "id": "rpc.tonic_transport.native_client_reference_server.query.d4.v3.unary",
      "input_wire_fingerprint": "fnv1a64:fcf49718ef0c25f3",
      "message_caps": "unchanged native/tonic defaults",
      "native_request_bytes": 288,
      "request_bytes": 288,
      "request_read_checksum": 11239361648066611483,
      "response_bytes_per_message": 288,
      "response_read_checksum": 11239361648066611483,
      "responses": 1
    },
    {
      "accepted_local_addr": "127.0.0.1:36235",
      "accepted_remote_addr": "127.0.0.1:60204",
      "accepted_socket_observer": "frozen reference TcpIncoming.with_nodelay(Some(true))",
      "accepted_tcp_nodelay": true,
      "equal_wire_work": true,
      "full_decoded_equality": true,
      "id": "rpc.tonic_transport.native_client_reference_server.query.d4.v3.server_stream",
      "input_wire_fingerprint": "fnv1a64:fcf49718ef0c25f3",
      "message_caps": "unchanged native/tonic defaults",
      "native_request_bytes": 288,
      "request_bytes": 288,
      "request_read_checksum": 11239361648066611483,
      "response_bytes_per_message": 288,
      "response_read_checksum": 11239361648066611483,
      "responses": 4
    },
    {
      "accepted_local_addr": "127.0.0.1:41187",
      "accepted_remote_addr": "127.0.0.1:51256",
      "accepted_socket_observer": "custom Incoming reproduces built-in native tcp::tune TCP_NODELAY=true",
      "accepted_tcp_nodelay": true,
      "equal_wire_work": true,
      "full_decoded_equality": true,
      "id": "rpc.tonic_transport.reference_client_native_server.query.d4.v3.unary",
      "input_wire_fingerprint": "fnv1a64:fcf49718ef0c25f3",
      "message_caps": "unchanged native/tonic defaults",
      "native_request_bytes": 288,
      "request_bytes": 288,
      "request_read_checksum": 11239361648066611483,
      "response_bytes_per_message": 288,
      "response_read_checksum": 11239361648066611483,
      "responses": 1
    },
    {
      "accepted_local_addr": "127.0.0.1:37661",
      "accepted_remote_addr": "127.0.0.1:60602",
      "accepted_socket_observer": "custom Incoming reproduces built-in native tcp::tune TCP_NODELAY=true",
      "accepted_tcp_nodelay": true,
      "equal_wire_work": true,
      "full_decoded_equality": true,
      "id": "rpc.tonic_transport.reference_client_native_server.query.d4.v3.server_stream",
      "input_wire_fingerprint": "fnv1a64:fcf49718ef0c25f3",
      "message_caps": "unchanged native/tonic defaults",
      "native_request_bytes": 288,
      "request_bytes": 288,
      "request_read_checksum": 11239361648066611483,
      "response_bytes_per_message": 288,
      "response_read_checksum": 11239361648066611483,
      "responses": 4
    },
    {
      "accepted_local_addr": "127.0.0.1:33585",
      "accepted_remote_addr": "127.0.0.1:48632",
      "accepted_socket_observer": "custom Incoming reproduces built-in native tcp::tune TCP_NODELAY=true",
      "accepted_tcp_nodelay": true,
      "equal_wire_work": true,
      "full_decoded_equality": true,
      "id": "rpc.tonic_transport.native_native.query.d4.v3.unary",
      "input_wire_fingerprint": "fnv1a64:fcf49718ef0c25f3",
      "message_caps": "unchanged native/tonic defaults",
      "native_request_bytes": 288,
      "request_bytes": 288,
      "request_read_checksum": 11239361648066611483,
      "response_bytes_per_message": 288,
      "response_read_checksum": 11239361648066611483,
      "responses": 1
    },
    {
      "accepted_local_addr": "127.0.0.1:32923",
      "accepted_remote_addr": "127.0.0.1:59516",
      "accepted_socket_observer": "custom Incoming reproduces built-in native tcp::tune TCP_NODELAY=true",
      "accepted_tcp_nodelay": true,
      "equal_wire_work": true,
      "full_decoded_equality": true,
      "id": "rpc.tonic_transport.native_native.query.d4.v3.server_stream",
      "input_wire_fingerprint": "fnv1a64:fcf49718ef0c25f3",
      "message_caps": "unchanged native/tonic defaults",
      "native_request_bytes": 288,
      "request_bytes": 288,
      "request_read_checksum": 11239361648066611483,
      "response_bytes_per_message": 288,
      "response_read_checksum": 11239361648066611483,
      "responses": 4
    },
    {
      "accepted_local_addr": "127.0.0.1:44017",
      "accepted_remote_addr": "127.0.0.1:33404",
      "accepted_socket_observer": "frozen reference TcpIncoming.with_nodelay(Some(true))",
      "accepted_tcp_nodelay": true,
      "equal_wire_work": true,
      "full_decoded_equality": true,
      "id": "rpc.tonic_transport.reference_reference.query.d4.v4.unary",
      "input_wire_fingerprint": "fnv1a64:df7b5562e7762d7a",
      "message_caps": "unchanged native/tonic defaults",
      "native_request_bytes": 288,
      "request_bytes": 288,
      "request_read_checksum": 12849212444429922019,
      "response_bytes_per_message": 288,
      "response_read_checksum": 12849212444429922019,
      "responses": 1
    },
    {
      "accepted_local_addr": "127.0.0.1:41585",
      "accepted_remote_addr": "127.0.0.1:55966",
      "accepted_socket_observer": "frozen reference TcpIncoming.with_nodelay(Some(true))",
      "accepted_tcp_nodelay": true,
      "equal_wire_work": true,
      "full_decoded_equality": true,
      "id": "rpc.tonic_transport.reference_reference.query.d4.v4.server_stream",
      "input_wire_fingerprint": "fnv1a64:df7b5562e7762d7a",
      "message_caps": "unchanged native/tonic defaults",
      "native_request_bytes": 288,
      "request_bytes": 288,
      "request_read_checksum": 12849212444429922019,
      "response_bytes_per_message": 288,
      "response_read_checksum": 12849212444429922019,
      "responses": 4
    },
    {
      "accepted_local_addr": "127.0.0.1:46081",
      "accepted_remote_addr": "127.0.0.1:37126",
      "accepted_socket_observer": "frozen reference TcpIncoming.with_nodelay(Some(true))",
      "accepted_tcp_nodelay": true,
      "equal_wire_work": true,
      "full_decoded_equality": true,
      "id": "rpc.tonic_transport.native_client_reference_server.query.d4.v4.unary",
      "input_wire_fingerprint": "fnv1a64:df7b5562e7762d7a",
      "message_caps": "unchanged native/tonic defaults",
      "native_request_bytes": 288,
      "request_bytes": 288,
      "request_read_checksum": 12849212444429922019,
      "response_bytes_per_message": 288,
      "response_read_checksum": 12849212444429922019,
      "responses": 1
    },
    {
      "accepted_local_addr": "127.0.0.1:40079",
      "accepted_remote_addr": "127.0.0.1:55026",
      "accepted_socket_observer": "frozen reference TcpIncoming.with_nodelay(Some(true))",
      "accepted_tcp_nodelay": true,
      "equal_wire_work": true,
      "full_decoded_equality": true,
      "id": "rpc.tonic_transport.native_client_reference_server.query.d4.v4.server_stream",
      "input_wire_fingerprint": "fnv1a64:df7b5562e7762d7a",
      "message_caps": "unchanged native/tonic defaults",
      "native_request_bytes": 288,
      "request_bytes": 288,
      "request_read_checksum": 12849212444429922019,
      "response_bytes_per_message": 288,
      "response_read_checksum": 12849212444429922019,
      "responses": 4
    },
    {
      "accepted_local_addr": "127.0.0.1:44023",
      "accepted_remote_addr": "127.0.0.1:43924",
      "accepted_socket_observer": "custom Incoming reproduces built-in native tcp::tune TCP_NODELAY=true",
      "accepted_tcp_nodelay": true,
      "equal_wire_work": true,
      "full_decoded_equality": true,
      "id": "rpc.tonic_transport.reference_client_native_server.query.d4.v4.unary",
      "input_wire_fingerprint": "fnv1a64:df7b5562e7762d7a",
      "message_caps": "unchanged native/tonic defaults",
      "native_request_bytes": 288,
      "request_bytes": 288,
      "request_read_checksum": 12849212444429922019,
      "response_bytes_per_message": 288,
      "response_read_checksum": 12849212444429922019,
      "responses": 1
    },
    {
      "accepted_local_addr": "127.0.0.1:42189",
      "accepted_remote_addr": "127.0.0.1:40730",
      "accepted_socket_observer": "custom Incoming reproduces built-in native tcp::tune TCP_NODELAY=true",
      "accepted_tcp_nodelay": true,
      "equal_wire_work": true,
      "full_decoded_equality": true,
      "id": "rpc.tonic_transport.reference_client_native_server.query.d4.v4.server_stream",
      "input_wire_fingerprint": "fnv1a64:df7b5562e7762d7a",
      "message_caps": "unchanged native/tonic defaults",
      "native_request_bytes": 288,
      "request_bytes": 288,
      "request_read_checksum": 12849212444429922019,
      "response_bytes_per_message": 288,
      "response_read_checksum": 12849212444429922019,
      "responses": 4
    },
    {
      "accepted_local_addr": "127.0.0.1:42571",
      "accepted_remote_addr": "127.0.0.1:60424",
      "accepted_socket_observer": "custom Incoming reproduces built-in native tcp::tune TCP_NODELAY=true",
      "accepted_tcp_nodelay": true,
      "equal_wire_work": true,
      "full_decoded_equality": true,
      "id": "rpc.tonic_transport.native_native.query.d4.v4.unary",
      "input_wire_fingerprint": "fnv1a64:df7b5562e7762d7a",
      "message_caps": "unchanged native/tonic defaults",
      "native_request_bytes": 288,
      "request_bytes": 288,
      "request_read_checksum": 12849212444429922019,
      "response_bytes_per_message": 288,
      "response_read_checksum": 12849212444429922019,
      "responses": 1
    },
    {
      "accepted_local_addr": "127.0.0.1:39535",
      "accepted_remote_addr": "127.0.0.1:57354",
      "accepted_socket_observer": "custom Incoming reproduces built-in native tcp::tune TCP_NODELAY=true",
      "accepted_tcp_nodelay": true,
      "equal_wire_work": true,
      "full_decoded_equality": true,
      "id": "rpc.tonic_transport.native_native.query.d4.v4.server_stream",
      "input_wire_fingerprint": "fnv1a64:df7b5562e7762d7a",
      "message_caps": "unchanged native/tonic defaults",
      "native_request_bytes": 288,
      "request_bytes": 288,
      "request_read_checksum": 12849212444429922019,
      "response_bytes_per_message": 288,
      "response_read_checksum": 12849212444429922019,
      "responses": 4
    },
    {
      "accepted_local_addr": "127.0.0.1:40073",
      "accepted_remote_addr": "127.0.0.1:43402",
      "accepted_socket_observer": "frozen reference TcpIncoming.with_nodelay(Some(true))",
      "accepted_tcp_nodelay": true,
      "equal_wire_work": true,
      "full_decoded_equality": true,
      "id": "rpc.tonic_transport.reference_reference.query.d4.v5.unary",
      "input_wire_fingerprint": "fnv1a64:89306fc58de715bb",
      "message_caps": "unchanged native/tonic defaults",
      "native_request_bytes": 275,
      "request_bytes": 275,
      "request_read_checksum": 3141143546034839752,
      "response_bytes_per_message": 275,
      "response_read_checksum": 3141143546034839752,
      "responses": 1
    },
    {
      "accepted_local_addr": "127.0.0.1:46043",
      "accepted_remote_addr": "127.0.0.1:39562",
      "accepted_socket_observer": "frozen reference TcpIncoming.with_nodelay(Some(true))",
      "accepted_tcp_nodelay": true,
      "equal_wire_work": true,
      "full_decoded_equality": true,
      "id": "rpc.tonic_transport.reference_reference.query.d4.v5.server_stream",
      "input_wire_fingerprint": "fnv1a64:89306fc58de715bb",
      "message_caps": "unchanged native/tonic defaults",
      "native_request_bytes": 275,
      "request_bytes": 275,
      "request_read_checksum": 3141143546034839752,
      "response_bytes_per_message": 275,
      "response_read_checksum": 3141143546034839752,
      "responses": 4
    },
    {
      "accepted_local_addr": "127.0.0.1:35093",
      "accepted_remote_addr": "127.0.0.1:44816",
      "accepted_socket_observer": "frozen reference TcpIncoming.with_nodelay(Some(true))",
      "accepted_tcp_nodelay": true,
      "equal_wire_work": true,
      "full_decoded_equality": true,
      "id": "rpc.tonic_transport.native_client_reference_server.query.d4.v5.unary",
      "input_wire_fingerprint": "fnv1a64:89306fc58de715bb",
      "message_caps": "unchanged native/tonic defaults",
      "native_request_bytes": 275,
      "request_bytes": 275,
      "request_read_checksum": 3141143546034839752,
      "response_bytes_per_message": 275,
      "response_read_checksum": 3141143546034839752,
      "responses": 1
    },
    {
      "accepted_local_addr": "127.0.0.1:35011",
      "accepted_remote_addr": "127.0.0.1:50366",
      "accepted_socket_observer": "frozen reference TcpIncoming.with_nodelay(Some(true))",
      "accepted_tcp_nodelay": true,
      "equal_wire_work": true,
      "full_decoded_equality": true,
      "id": "rpc.tonic_transport.native_client_reference_server.query.d4.v5.server_stream",
      "input_wire_fingerprint": "fnv1a64:89306fc58de715bb",
      "message_caps": "unchanged native/tonic defaults",
      "native_request_bytes": 275,
      "request_bytes": 275,
      "request_read_checksum": 3141143546034839752,
      "response_bytes_per_message": 275,
      "response_read_checksum": 3141143546034839752,
      "responses": 4
    },
    {
      "accepted_local_addr": "127.0.0.1:39771",
      "accepted_remote_addr": "127.0.0.1:34672",
      "accepted_socket_observer": "custom Incoming reproduces built-in native tcp::tune TCP_NODELAY=true",
      "accepted_tcp_nodelay": true,
      "equal_wire_work": true,
      "full_decoded_equality": true,
      "id": "rpc.tonic_transport.reference_client_native_server.query.d4.v5.unary",
      "input_wire_fingerprint": "fnv1a64:89306fc58de715bb",
      "message_caps": "unchanged native/tonic defaults",
      "native_request_bytes": 275,
      "request_bytes": 275,
      "request_read_checksum": 3141143546034839752,
      "response_bytes_per_message": 275,
      "response_read_checksum": 3141143546034839752,
      "responses": 1
    },
    {
      "accepted_local_addr": "127.0.0.1:46093",
      "accepted_remote_addr": "127.0.0.1:38568",
      "accepted_socket_observer": "custom Incoming reproduces built-in native tcp::tune TCP_NODELAY=true",
      "accepted_tcp_nodelay": true,
      "equal_wire_work": true,
      "full_decoded_equality": true,
      "id": "rpc.tonic_transport.reference_client_native_server.query.d4.v5.server_stream",
      "input_wire_fingerprint": "fnv1a64:89306fc58de715bb",
      "message_caps": "unchanged native/tonic defaults",
      "native_request_bytes": 275,
      "request_bytes": 275,
      "request_read_checksum": 3141143546034839752,
      "response_bytes_per_message": 275,
      "response_read_checksum": 3141143546034839752,
      "responses": 4
    },
    {
      "accepted_local_addr": "127.0.0.1:42579",
      "accepted_remote_addr": "127.0.0.1:44972",
      "accepted_socket_observer": "custom Incoming reproduces built-in native tcp::tune TCP_NODELAY=true",
      "accepted_tcp_nodelay": true,
      "equal_wire_work": true,
      "full_decoded_equality": true,
      "id": "rpc.tonic_transport.native_native.query.d4.v5.unary",
      "input_wire_fingerprint": "fnv1a64:89306fc58de715bb",
      "message_caps": "unchanged native/tonic defaults",
      "native_request_bytes": 275,
      "request_bytes": 275,
      "request_read_checksum": 3141143546034839752,
      "response_bytes_per_message": 275,
      "response_read_checksum": 3141143546034839752,
      "responses": 1
    },
    {
      "accepted_local_addr": "127.0.0.1:46673",
      "accepted_remote_addr": "127.0.0.1:42450",
      "accepted_socket_observer": "custom Incoming reproduces built-in native tcp::tune TCP_NODELAY=true",
      "accepted_tcp_nodelay": true,
      "equal_wire_work": true,
      "full_decoded_equality": true,
      "id": "rpc.tonic_transport.native_native.query.d4.v5.server_stream",
      "input_wire_fingerprint": "fnv1a64:89306fc58de715bb",
      "message_caps": "unchanged native/tonic defaults",
      "native_request_bytes": 275,
      "request_bytes": 275,
      "request_read_checksum": 3141143546034839752,
      "response_bytes_per_message": 275,
      "response_read_checksum": 3141143546034839752,
      "responses": 4
    },
    {
      "accepted_local_addr": "127.0.0.1:32993",
      "accepted_remote_addr": "127.0.0.1:33012",
      "accepted_socket_observer": "frozen reference TcpIncoming.with_nodelay(Some(true))",
      "accepted_tcp_nodelay": true,
      "equal_wire_work": true,
      "full_decoded_equality": true,
      "id": "rpc.tonic_transport.reference_reference.query.d4.v6.unary",
      "input_wire_fingerprint": "fnv1a64:af055fbbc4e54c32",
      "message_caps": "unchanged native/tonic defaults",
      "native_request_bytes": 293,
      "request_bytes": 293,
      "request_read_checksum": 14413289389457652653,
      "response_bytes_per_message": 293,
      "response_read_checksum": 14413289389457652653,
      "responses": 1
    },
    {
      "accepted_local_addr": "127.0.0.1:45261",
      "accepted_remote_addr": "127.0.0.1:41686",
      "accepted_socket_observer": "frozen reference TcpIncoming.with_nodelay(Some(true))",
      "accepted_tcp_nodelay": true,
      "equal_wire_work": true,
      "full_decoded_equality": true,
      "id": "rpc.tonic_transport.reference_reference.query.d4.v6.server_stream",
      "input_wire_fingerprint": "fnv1a64:af055fbbc4e54c32",
      "message_caps": "unchanged native/tonic defaults",
      "native_request_bytes": 293,
      "request_bytes": 293,
      "request_read_checksum": 14413289389457652653,
      "response_bytes_per_message": 293,
      "response_read_checksum": 14413289389457652653,
      "responses": 4
    },
    {
      "accepted_local_addr": "127.0.0.1:36693",
      "accepted_remote_addr": "127.0.0.1:41500",
      "accepted_socket_observer": "frozen reference TcpIncoming.with_nodelay(Some(true))",
      "accepted_tcp_nodelay": true,
      "equal_wire_work": true,
      "full_decoded_equality": true,
      "id": "rpc.tonic_transport.native_client_reference_server.query.d4.v6.unary",
      "input_wire_fingerprint": "fnv1a64:af055fbbc4e54c32",
      "message_caps": "unchanged native/tonic defaults",
      "native_request_bytes": 293,
      "request_bytes": 293,
      "request_read_checksum": 14413289389457652653,
      "response_bytes_per_message": 293,
      "response_read_checksum": 14413289389457652653,
      "responses": 1
    },
    {
      "accepted_local_addr": "127.0.0.1:36901",
      "accepted_remote_addr": "127.0.0.1:37660",
      "accepted_socket_observer": "frozen reference TcpIncoming.with_nodelay(Some(true))",
      "accepted_tcp_nodelay": true,
      "equal_wire_work": true,
      "full_decoded_equality": true,
      "id": "rpc.tonic_transport.native_client_reference_server.query.d4.v6.server_stream",
      "input_wire_fingerprint": "fnv1a64:af055fbbc4e54c32",
      "message_caps": "unchanged native/tonic defaults",
      "native_request_bytes": 293,
      "request_bytes": 293,
      "request_read_checksum": 14413289389457652653,
      "response_bytes_per_message": 293,
      "response_read_checksum": 14413289389457652653,
      "responses": 4
    },
    {
      "accepted_local_addr": "127.0.0.1:41763",
      "accepted_remote_addr": "127.0.0.1:48750",
      "accepted_socket_observer": "custom Incoming reproduces built-in native tcp::tune TCP_NODELAY=true",
      "accepted_tcp_nodelay": true,
      "equal_wire_work": true,
      "full_decoded_equality": true,
      "id": "rpc.tonic_transport.reference_client_native_server.query.d4.v6.unary",
      "input_wire_fingerprint": "fnv1a64:af055fbbc4e54c32",
      "message_caps": "unchanged native/tonic defaults",
      "native_request_bytes": 293,
      "request_bytes": 293,
      "request_read_checksum": 14413289389457652653,
      "response_bytes_per_message": 293,
      "response_read_checksum": 14413289389457652653,
      "responses": 1
    },
    {
      "accepted_local_addr": "127.0.0.1:45385",
      "accepted_remote_addr": "127.0.0.1:55828",
      "accepted_socket_observer": "custom Incoming reproduces built-in native tcp::tune TCP_NODELAY=true",
      "accepted_tcp_nodelay": true,
      "equal_wire_work": true,
      "full_decoded_equality": true,
      "id": "rpc.tonic_transport.reference_client_native_server.query.d4.v6.server_stream",
      "input_wire_fingerprint": "fnv1a64:af055fbbc4e54c32",
      "message_caps": "unchanged native/tonic defaults",
      "native_request_bytes": 293,
      "request_bytes": 293,
      "request_read_checksum": 14413289389457652653,
      "response_bytes_per_message": 293,
      "response_read_checksum": 14413289389457652653,
      "responses": 4
    },
    {
      "accepted_local_addr": "127.0.0.1:46643",
      "accepted_remote_addr": "127.0.0.1:56946",
      "accepted_socket_observer": "custom Incoming reproduces built-in native tcp::tune TCP_NODELAY=true",
      "accepted_tcp_nodelay": true,
      "equal_wire_work": true,
      "full_decoded_equality": true,
      "id": "rpc.tonic_transport.native_native.query.d4.v6.unary",
      "input_wire_fingerprint": "fnv1a64:af055fbbc4e54c32",
      "message_caps": "unchanged native/tonic defaults",
      "native_request_bytes": 293,
      "request_bytes": 293,
      "request_read_checksum": 14413289389457652653,
      "response_bytes_per_message": 293,
      "response_read_checksum": 14413289389457652653,
      "responses": 1
    },
    {
      "accepted_local_addr": "127.0.0.1:40627",
      "accepted_remote_addr": "127.0.0.1:51394",
      "accepted_socket_observer": "custom Incoming reproduces built-in native tcp::tune TCP_NODELAY=true",
      "accepted_tcp_nodelay": true,
      "equal_wire_work": true,
      "full_decoded_equality": true,
      "id": "rpc.tonic_transport.native_native.query.d4.v6.server_stream",
      "input_wire_fingerprint": "fnv1a64:af055fbbc4e54c32",
      "message_caps": "unchanged native/tonic defaults",
      "native_request_bytes": 293,
      "request_bytes": 293,
      "request_read_checksum": 14413289389457652653,
      "response_bytes_per_message": 293,
      "response_read_checksum": 14413289389457652653,
      "responses": 4
    },
    {
      "accepted_local_addr": "127.0.0.1:37551",
      "accepted_remote_addr": "127.0.0.1:41546",
      "accepted_socket_observer": "frozen reference TcpIncoming.with_nodelay(Some(true))",
      "accepted_tcp_nodelay": true,
      "equal_wire_work": true,
      "full_decoded_equality": true,
      "id": "rpc.tonic_transport.reference_reference.query.d4.v7.unary",
      "input_wire_fingerprint": "fnv1a64:806ed5d50206a98b",
      "message_caps": "unchanged native/tonic defaults",
      "native_request_bytes": 306,
      "request_bytes": 306,
      "request_read_checksum": 7758272262320479329,
      "response_bytes_per_message": 306,
      "response_read_checksum": 7758272262320479329,
      "responses": 1
    },
    {
      "accepted_local_addr": "127.0.0.1:36509",
      "accepted_remote_addr": "127.0.0.1:48498",
      "accepted_socket_observer": "frozen reference TcpIncoming.with_nodelay(Some(true))",
      "accepted_tcp_nodelay": true,
      "equal_wire_work": true,
      "full_decoded_equality": true,
      "id": "rpc.tonic_transport.reference_reference.query.d4.v7.server_stream",
      "input_wire_fingerprint": "fnv1a64:806ed5d50206a98b",
      "message_caps": "unchanged native/tonic defaults",
      "native_request_bytes": 306,
      "request_bytes": 306,
      "request_read_checksum": 7758272262320479329,
      "response_bytes_per_message": 306,
      "response_read_checksum": 7758272262320479329,
      "responses": 4
    },
    {
      "accepted_local_addr": "127.0.0.1:33715",
      "accepted_remote_addr": "127.0.0.1:41308",
      "accepted_socket_observer": "frozen reference TcpIncoming.with_nodelay(Some(true))",
      "accepted_tcp_nodelay": true,
      "equal_wire_work": true,
      "full_decoded_equality": true,
      "id": "rpc.tonic_transport.native_client_reference_server.query.d4.v7.unary",
      "input_wire_fingerprint": "fnv1a64:806ed5d50206a98b",
      "message_caps": "unchanged native/tonic defaults",
      "native_request_bytes": 306,
      "request_bytes": 306,
      "request_read_checksum": 7758272262320479329,
      "response_bytes_per_message": 306,
      "response_read_checksum": 7758272262320479329,
      "responses": 1
    },
    {
      "accepted_local_addr": "127.0.0.1:44543",
      "accepted_remote_addr": "127.0.0.1:33124",
      "accepted_socket_observer": "frozen reference TcpIncoming.with_nodelay(Some(true))",
      "accepted_tcp_nodelay": true,
      "equal_wire_work": true,
      "full_decoded_equality": true,
      "id": "rpc.tonic_transport.native_client_reference_server.query.d4.v7.server_stream",
      "input_wire_fingerprint": "fnv1a64:806ed5d50206a98b",
      "message_caps": "unchanged native/tonic defaults",
      "native_request_bytes": 306,
      "request_bytes": 306,
      "request_read_checksum": 7758272262320479329,
      "response_bytes_per_message": 306,
      "response_read_checksum": 7758272262320479329,
      "responses": 4
    },
    {
      "accepted_local_addr": "127.0.0.1:33443",
      "accepted_remote_addr": "127.0.0.1:39226",
      "accepted_socket_observer": "custom Incoming reproduces built-in native tcp::tune TCP_NODELAY=true",
      "accepted_tcp_nodelay": true,
      "equal_wire_work": true,
      "full_decoded_equality": true,
      "id": "rpc.tonic_transport.reference_client_native_server.query.d4.v7.unary",
      "input_wire_fingerprint": "fnv1a64:806ed5d50206a98b",
      "message_caps": "unchanged native/tonic defaults",
      "native_request_bytes": 306,
      "request_bytes": 306,
      "request_read_checksum": 7758272262320479329,
      "response_bytes_per_message": 306,
      "response_read_checksum": 7758272262320479329,
      "responses": 1
    },
    {
      "accepted_local_addr": "127.0.0.1:41673",
      "accepted_remote_addr": "127.0.0.1:42430",
      "accepted_socket_observer": "custom Incoming reproduces built-in native tcp::tune TCP_NODELAY=true",
      "accepted_tcp_nodelay": true,
      "equal_wire_work": true,
      "full_decoded_equality": true,
      "id": "rpc.tonic_transport.reference_client_native_server.query.d4.v7.server_stream",
      "input_wire_fingerprint": "fnv1a64:806ed5d50206a98b",
      "message_caps": "unchanged native/tonic defaults",
      "native_request_bytes": 306,
      "request_bytes": 306,
      "request_read_checksum": 7758272262320479329,
      "response_bytes_per_message": 306,
      "response_read_checksum": 7758272262320479329,
      "responses": 4
    },
    {
      "accepted_local_addr": "127.0.0.1:33403",
      "accepted_remote_addr": "127.0.0.1:46046",
      "accepted_socket_observer": "custom Incoming reproduces built-in native tcp::tune TCP_NODELAY=true",
      "accepted_tcp_nodelay": true,
      "equal_wire_work": true,
      "full_decoded_equality": true,
      "id": "rpc.tonic_transport.native_native.query.d4.v7.unary",
      "input_wire_fingerprint": "fnv1a64:806ed5d50206a98b",
      "message_caps": "unchanged native/tonic defaults",
      "native_request_bytes": 306,
      "request_bytes": 306,
      "request_read_checksum": 7758272262320479329,
      "response_bytes_per_message": 306,
      "response_read_checksum": 7758272262320479329,
      "responses": 1
    },
    {
      "accepted_local_addr": "127.0.0.1:43015",
      "accepted_remote_addr": "127.0.0.1:38798",
      "accepted_socket_observer": "custom Incoming reproduces built-in native tcp::tune TCP_NODELAY=true",
      "accepted_tcp_nodelay": true,
      "equal_wire_work": true,
      "full_decoded_equality": true,
      "id": "rpc.tonic_transport.native_native.query.d4.v7.server_stream",
      "input_wire_fingerprint": "fnv1a64:806ed5d50206a98b",
      "message_caps": "unchanged native/tonic defaults",
      "native_request_bytes": 306,
      "request_bytes": 306,
      "request_read_checksum": 7758272262320479329,
      "response_bytes_per_message": 306,
      "response_read_checksum": 7758272262320479329,
      "responses": 4
    },
    {
      "accepted_local_addr": "127.0.0.1:36673",
      "accepted_remote_addr": "127.0.0.1:52288",
      "accepted_socket_observer": "frozen reference TcpIncoming.with_nodelay(Some(true))",
      "accepted_tcp_nodelay": true,
      "equal_wire_work": true,
      "full_decoded_equality": true,
      "id": "rpc.tonic_transport.reference_reference.query.d5.v0.unary",
      "input_wire_fingerprint": "fnv1a64:d27675e7fdae1817",
      "message_caps": "unchanged native/tonic defaults",
      "native_request_bytes": 342,
      "request_bytes": 342,
      "request_read_checksum": 10480780455167418465,
      "response_bytes_per_message": 342,
      "response_read_checksum": 10480780455167418465,
      "responses": 1
    },
    {
      "accepted_local_addr": "127.0.0.1:37747",
      "accepted_remote_addr": "127.0.0.1:45802",
      "accepted_socket_observer": "frozen reference TcpIncoming.with_nodelay(Some(true))",
      "accepted_tcp_nodelay": true,
      "equal_wire_work": true,
      "full_decoded_equality": true,
      "id": "rpc.tonic_transport.reference_reference.query.d5.v0.server_stream",
      "input_wire_fingerprint": "fnv1a64:d27675e7fdae1817",
      "message_caps": "unchanged native/tonic defaults",
      "native_request_bytes": 342,
      "request_bytes": 342,
      "request_read_checksum": 10480780455167418465,
      "response_bytes_per_message": 342,
      "response_read_checksum": 10480780455167418465,
      "responses": 4
    },
    {
      "accepted_local_addr": "127.0.0.1:45049",
      "accepted_remote_addr": "127.0.0.1:35456",
      "accepted_socket_observer": "frozen reference TcpIncoming.with_nodelay(Some(true))",
      "accepted_tcp_nodelay": true,
      "equal_wire_work": true,
      "full_decoded_equality": true,
      "id": "rpc.tonic_transport.native_client_reference_server.query.d5.v0.unary",
      "input_wire_fingerprint": "fnv1a64:d27675e7fdae1817",
      "message_caps": "unchanged native/tonic defaults",
      "native_request_bytes": 342,
      "request_bytes": 342,
      "request_read_checksum": 10480780455167418465,
      "response_bytes_per_message": 342,
      "response_read_checksum": 10480780455167418465,
      "responses": 1
    },
    {
      "accepted_local_addr": "127.0.0.1:41601",
      "accepted_remote_addr": "127.0.0.1:59832",
      "accepted_socket_observer": "frozen reference TcpIncoming.with_nodelay(Some(true))",
      "accepted_tcp_nodelay": true,
      "equal_wire_work": true,
      "full_decoded_equality": true,
      "id": "rpc.tonic_transport.native_client_reference_server.query.d5.v0.server_stream",
      "input_wire_fingerprint": "fnv1a64:d27675e7fdae1817",
      "message_caps": "unchanged native/tonic defaults",
      "native_request_bytes": 342,
      "request_bytes": 342,
      "request_read_checksum": 10480780455167418465,
      "response_bytes_per_message": 342,
      "response_read_checksum": 10480780455167418465,
      "responses": 4
    },
    {
      "accepted_local_addr": "127.0.0.1:45843",
      "accepted_remote_addr": "127.0.0.1:51080",
      "accepted_socket_observer": "custom Incoming reproduces built-in native tcp::tune TCP_NODELAY=true",
      "accepted_tcp_nodelay": true,
      "equal_wire_work": true,
      "full_decoded_equality": true,
      "id": "rpc.tonic_transport.reference_client_native_server.query.d5.v0.unary",
      "input_wire_fingerprint": "fnv1a64:d27675e7fdae1817",
      "message_caps": "unchanged native/tonic defaults",
      "native_request_bytes": 342,
      "request_bytes": 342,
      "request_read_checksum": 10480780455167418465,
      "response_bytes_per_message": 342,
      "response_read_checksum": 10480780455167418465,
      "responses": 1
    },
    {
      "accepted_local_addr": "127.0.0.1:39683",
      "accepted_remote_addr": "127.0.0.1:48638",
      "accepted_socket_observer": "custom Incoming reproduces built-in native tcp::tune TCP_NODELAY=true",
      "accepted_tcp_nodelay": true,
      "equal_wire_work": true,
      "full_decoded_equality": true,
      "id": "rpc.tonic_transport.reference_client_native_server.query.d5.v0.server_stream",
      "input_wire_fingerprint": "fnv1a64:d27675e7fdae1817",
      "message_caps": "unchanged native/tonic defaults",
      "native_request_bytes": 342,
      "request_bytes": 342,
      "request_read_checksum": 10480780455167418465,
      "response_bytes_per_message": 342,
      "response_read_checksum": 10480780455167418465,
      "responses": 4
    },
    {
      "accepted_local_addr": "127.0.0.1:38465",
      "accepted_remote_addr": "127.0.0.1:56836",
      "accepted_socket_observer": "custom Incoming reproduces built-in native tcp::tune TCP_NODELAY=true",
      "accepted_tcp_nodelay": true,
      "equal_wire_work": true,
      "full_decoded_equality": true,
      "id": "rpc.tonic_transport.native_native.query.d5.v0.unary",
      "input_wire_fingerprint": "fnv1a64:d27675e7fdae1817",
      "message_caps": "unchanged native/tonic defaults",
      "native_request_bytes": 342,
      "request_bytes": 342,
      "request_read_checksum": 10480780455167418465,
      "response_bytes_per_message": 342,
      "response_read_checksum": 10480780455167418465,
      "responses": 1
    },
    {
      "accepted_local_addr": "127.0.0.1:45695",
      "accepted_remote_addr": "127.0.0.1:39832",
      "accepted_socket_observer": "custom Incoming reproduces built-in native tcp::tune TCP_NODELAY=true",
      "accepted_tcp_nodelay": true,
      "equal_wire_work": true,
      "full_decoded_equality": true,
      "id": "rpc.tonic_transport.native_native.query.d5.v0.server_stream",
      "input_wire_fingerprint": "fnv1a64:d27675e7fdae1817",
      "message_caps": "unchanged native/tonic defaults",
      "native_request_bytes": 342,
      "request_bytes": 342,
      "request_read_checksum": 10480780455167418465,
      "response_bytes_per_message": 342,
      "response_read_checksum": 10480780455167418465,
      "responses": 4
    },
    {
      "accepted_local_addr": "127.0.0.1:39157",
      "accepted_remote_addr": "127.0.0.1:45306",
      "accepted_socket_observer": "frozen reference TcpIncoming.with_nodelay(Some(true))",
      "accepted_tcp_nodelay": true,
      "equal_wire_work": true,
      "full_decoded_equality": true,
      "id": "rpc.tonic_transport.reference_reference.query.d5.v1.unary",
      "input_wire_fingerprint": "fnv1a64:38ccf64a70a7ee6d",
      "message_caps": "unchanged native/tonic defaults",
      "native_request_bytes": 336,
      "request_bytes": 336,
      "request_read_checksum": 17987033488194239551,
      "response_bytes_per_message": 336,
      "response_read_checksum": 17987033488194239551,
      "responses": 1
    },
    {
      "accepted_local_addr": "127.0.0.1:40015",
      "accepted_remote_addr": "127.0.0.1:49508",
      "accepted_socket_observer": "frozen reference TcpIncoming.with_nodelay(Some(true))",
      "accepted_tcp_nodelay": true,
      "equal_wire_work": true,
      "full_decoded_equality": true,
      "id": "rpc.tonic_transport.reference_reference.query.d5.v1.server_stream",
      "input_wire_fingerprint": "fnv1a64:38ccf64a70a7ee6d",
      "message_caps": "unchanged native/tonic defaults",
      "native_request_bytes": 336,
      "request_bytes": 336,
      "request_read_checksum": 17987033488194239551,
      "response_bytes_per_message": 336,
      "response_read_checksum": 17987033488194239551,
      "responses": 4
    },
    {
      "accepted_local_addr": "127.0.0.1:45731",
      "accepted_remote_addr": "127.0.0.1:40580",
      "accepted_socket_observer": "frozen reference TcpIncoming.with_nodelay(Some(true))",
      "accepted_tcp_nodelay": true,
      "equal_wire_work": true,
      "full_decoded_equality": true,
      "id": "rpc.tonic_transport.native_client_reference_server.query.d5.v1.unary",
      "input_wire_fingerprint": "fnv1a64:38ccf64a70a7ee6d",
      "message_caps": "unchanged native/tonic defaults",
      "native_request_bytes": 336,
      "request_bytes": 336,
      "request_read_checksum": 17987033488194239551,
      "response_bytes_per_message": 336,
      "response_read_checksum": 17987033488194239551,
      "responses": 1
    },
    {
      "accepted_local_addr": "127.0.0.1:33319",
      "accepted_remote_addr": "127.0.0.1:50198",
      "accepted_socket_observer": "frozen reference TcpIncoming.with_nodelay(Some(true))",
      "accepted_tcp_nodelay": true,
      "equal_wire_work": true,
      "full_decoded_equality": true,
      "id": "rpc.tonic_transport.native_client_reference_server.query.d5.v1.server_stream",
      "input_wire_fingerprint": "fnv1a64:38ccf64a70a7ee6d",
      "message_caps": "unchanged native/tonic defaults",
      "native_request_bytes": 336,
      "request_bytes": 336,
      "request_read_checksum": 17987033488194239551,
      "response_bytes_per_message": 336,
      "response_read_checksum": 17987033488194239551,
      "responses": 4
    },
    {
      "accepted_local_addr": "127.0.0.1:42939",
      "accepted_remote_addr": "127.0.0.1:47814",
      "accepted_socket_observer": "custom Incoming reproduces built-in native tcp::tune TCP_NODELAY=true",
      "accepted_tcp_nodelay": true,
      "equal_wire_work": true,
      "full_decoded_equality": true,
      "id": "rpc.tonic_transport.reference_client_native_server.query.d5.v1.unary",
      "input_wire_fingerprint": "fnv1a64:38ccf64a70a7ee6d",
      "message_caps": "unchanged native/tonic defaults",
      "native_request_bytes": 336,
      "request_bytes": 336,
      "request_read_checksum": 17987033488194239551,
      "response_bytes_per_message": 336,
      "response_read_checksum": 17987033488194239551,
      "responses": 1
    },
    {
      "accepted_local_addr": "127.0.0.1:36751",
      "accepted_remote_addr": "127.0.0.1:44198",
      "accepted_socket_observer": "custom Incoming reproduces built-in native tcp::tune TCP_NODELAY=true",
      "accepted_tcp_nodelay": true,
      "equal_wire_work": true,
      "full_decoded_equality": true,
      "id": "rpc.tonic_transport.reference_client_native_server.query.d5.v1.server_stream",
      "input_wire_fingerprint": "fnv1a64:38ccf64a70a7ee6d",
      "message_caps": "unchanged native/tonic defaults",
      "native_request_bytes": 336,
      "request_bytes": 336,
      "request_read_checksum": 17987033488194239551,
      "response_bytes_per_message": 336,
      "response_read_checksum": 17987033488194239551,
      "responses": 4
    },
    {
      "accepted_local_addr": "127.0.0.1:33183",
      "accepted_remote_addr": "127.0.0.1:37344",
      "accepted_socket_observer": "custom Incoming reproduces built-in native tcp::tune TCP_NODELAY=true",
      "accepted_tcp_nodelay": true,
      "equal_wire_work": true,
      "full_decoded_equality": true,
      "id": "rpc.tonic_transport.native_native.query.d5.v1.unary",
      "input_wire_fingerprint": "fnv1a64:38ccf64a70a7ee6d",
      "message_caps": "unchanged native/tonic defaults",
      "native_request_bytes": 336,
      "request_bytes": 336,
      "request_read_checksum": 17987033488194239551,
      "response_bytes_per_message": 336,
      "response_read_checksum": 17987033488194239551,
      "responses": 1
    },
    {
      "accepted_local_addr": "127.0.0.1:38761",
      "accepted_remote_addr": "127.0.0.1:42728",
      "accepted_socket_observer": "custom Incoming reproduces built-in native tcp::tune TCP_NODELAY=true",
      "accepted_tcp_nodelay": true,
      "equal_wire_work": true,
      "full_decoded_equality": true,
      "id": "rpc.tonic_transport.native_native.query.d5.v1.server_stream",
      "input_wire_fingerprint": "fnv1a64:38ccf64a70a7ee6d",
      "message_caps": "unchanged native/tonic defaults",
      "native_request_bytes": 336,
      "request_bytes": 336,
      "request_read_checksum": 17987033488194239551,
      "response_bytes_per_message": 336,
      "response_read_checksum": 17987033488194239551,
      "responses": 4
    },
    {
      "accepted_local_addr": "127.0.0.1:40469",
      "accepted_remote_addr": "127.0.0.1:49302",
      "accepted_socket_observer": "frozen reference TcpIncoming.with_nodelay(Some(true))",
      "accepted_tcp_nodelay": true,
      "equal_wire_work": true,
      "full_decoded_equality": true,
      "id": "rpc.tonic_transport.reference_reference.query.d5.v2.unary",
      "input_wire_fingerprint": "fnv1a64:1bb86411aa515d55",
      "message_caps": "unchanged native/tonic defaults",
      "native_request_bytes": 341,
      "request_bytes": 341,
      "request_read_checksum": 8392890358823971705,
      "response_bytes_per_message": 341,
      "response_read_checksum": 8392890358823971705,
      "responses": 1
    },
    {
      "accepted_local_addr": "127.0.0.1:43841",
      "accepted_remote_addr": "127.0.0.1:42902",
      "accepted_socket_observer": "frozen reference TcpIncoming.with_nodelay(Some(true))",
      "accepted_tcp_nodelay": true,
      "equal_wire_work": true,
      "full_decoded_equality": true,
      "id": "rpc.tonic_transport.reference_reference.query.d5.v2.server_stream",
      "input_wire_fingerprint": "fnv1a64:1bb86411aa515d55",
      "message_caps": "unchanged native/tonic defaults",
      "native_request_bytes": 341,
      "request_bytes": 341,
      "request_read_checksum": 8392890358823971705,
      "response_bytes_per_message": 341,
      "response_read_checksum": 8392890358823971705,
      "responses": 4
    },
    {
      "accepted_local_addr": "127.0.0.1:36059",
      "accepted_remote_addr": "127.0.0.1:45070",
      "accepted_socket_observer": "frozen reference TcpIncoming.with_nodelay(Some(true))",
      "accepted_tcp_nodelay": true,
      "equal_wire_work": true,
      "full_decoded_equality": true,
      "id": "rpc.tonic_transport.native_client_reference_server.query.d5.v2.unary",
      "input_wire_fingerprint": "fnv1a64:1bb86411aa515d55",
      "message_caps": "unchanged native/tonic defaults",
      "native_request_bytes": 341,
      "request_bytes": 341,
      "request_read_checksum": 8392890358823971705,
      "response_bytes_per_message": 341,
      "response_read_checksum": 8392890358823971705,
      "responses": 1
    },
    {
      "accepted_local_addr": "127.0.0.1:45583",
      "accepted_remote_addr": "127.0.0.1:38738",
      "accepted_socket_observer": "frozen reference TcpIncoming.with_nodelay(Some(true))",
      "accepted_tcp_nodelay": true,
      "equal_wire_work": true,
      "full_decoded_equality": true,
      "id": "rpc.tonic_transport.native_client_reference_server.query.d5.v2.server_stream",
      "input_wire_fingerprint": "fnv1a64:1bb86411aa515d55",
      "message_caps": "unchanged native/tonic defaults",
      "native_request_bytes": 341,
      "request_bytes": 341,
      "request_read_checksum": 8392890358823971705,
      "response_bytes_per_message": 341,
      "response_read_checksum": 8392890358823971705,
      "responses": 4
    },
    {
      "accepted_local_addr": "127.0.0.1:32867",
      "accepted_remote_addr": "127.0.0.1:35916",
      "accepted_socket_observer": "custom Incoming reproduces built-in native tcp::tune TCP_NODELAY=true",
      "accepted_tcp_nodelay": true,
      "equal_wire_work": true,
      "full_decoded_equality": true,
      "id": "rpc.tonic_transport.reference_client_native_server.query.d5.v2.unary",
      "input_wire_fingerprint": "fnv1a64:1bb86411aa515d55",
      "message_caps": "unchanged native/tonic defaults",
      "native_request_bytes": 341,
      "request_bytes": 341,
      "request_read_checksum": 8392890358823971705,
      "response_bytes_per_message": 341,
      "response_read_checksum": 8392890358823971705,
      "responses": 1
    },
    {
      "accepted_local_addr": "127.0.0.1:35081",
      "accepted_remote_addr": "127.0.0.1:57326",
      "accepted_socket_observer": "custom Incoming reproduces built-in native tcp::tune TCP_NODELAY=true",
      "accepted_tcp_nodelay": true,
      "equal_wire_work": true,
      "full_decoded_equality": true,
      "id": "rpc.tonic_transport.reference_client_native_server.query.d5.v2.server_stream",
      "input_wire_fingerprint": "fnv1a64:1bb86411aa515d55",
      "message_caps": "unchanged native/tonic defaults",
      "native_request_bytes": 341,
      "request_bytes": 341,
      "request_read_checksum": 8392890358823971705,
      "response_bytes_per_message": 341,
      "response_read_checksum": 8392890358823971705,
      "responses": 4
    },
    {
      "accepted_local_addr": "127.0.0.1:44839",
      "accepted_remote_addr": "127.0.0.1:48180",
      "accepted_socket_observer": "custom Incoming reproduces built-in native tcp::tune TCP_NODELAY=true",
      "accepted_tcp_nodelay": true,
      "equal_wire_work": true,
      "full_decoded_equality": true,
      "id": "rpc.tonic_transport.native_native.query.d5.v2.unary",
      "input_wire_fingerprint": "fnv1a64:1bb86411aa515d55",
      "message_caps": "unchanged native/tonic defaults",
      "native_request_bytes": 341,
      "request_bytes": 341,
      "request_read_checksum": 8392890358823971705,
      "response_bytes_per_message": 341,
      "response_read_checksum": 8392890358823971705,
      "responses": 1
    },
    {
      "accepted_local_addr": "127.0.0.1:36301",
      "accepted_remote_addr": "127.0.0.1:33100",
      "accepted_socket_observer": "custom Incoming reproduces built-in native tcp::tune TCP_NODELAY=true",
      "accepted_tcp_nodelay": true,
      "equal_wire_work": true,
      "full_decoded_equality": true,
      "id": "rpc.tonic_transport.native_native.query.d5.v2.server_stream",
      "input_wire_fingerprint": "fnv1a64:1bb86411aa515d55",
      "message_caps": "unchanged native/tonic defaults",
      "native_request_bytes": 341,
      "request_bytes": 341,
      "request_read_checksum": 8392890358823971705,
      "response_bytes_per_message": 341,
      "response_read_checksum": 8392890358823971705,
      "responses": 4
    },
    {
      "accepted_local_addr": "127.0.0.1:42529",
      "accepted_remote_addr": "127.0.0.1:57350",
      "accepted_socket_observer": "frozen reference TcpIncoming.with_nodelay(Some(true))",
      "accepted_tcp_nodelay": true,
      "equal_wire_work": true,
      "full_decoded_equality": true,
      "id": "rpc.tonic_transport.reference_reference.query.d5.v3.unary",
      "input_wire_fingerprint": "fnv1a64:3a74c22b3d0f4365",
      "message_caps": "unchanged native/tonic defaults",
      "native_request_bytes": 352,
      "request_bytes": 352,
      "request_read_checksum": 11254537619568633626,
      "response_bytes_per_message": 352,
      "response_read_checksum": 11254537619568633626,
      "responses": 1
    },
    {
      "accepted_local_addr": "127.0.0.1:34333",
      "accepted_remote_addr": "127.0.0.1:44174",
      "accepted_socket_observer": "frozen reference TcpIncoming.with_nodelay(Some(true))",
      "accepted_tcp_nodelay": true,
      "equal_wire_work": true,
      "full_decoded_equality": true,
      "id": "rpc.tonic_transport.reference_reference.query.d5.v3.server_stream",
      "input_wire_fingerprint": "fnv1a64:3a74c22b3d0f4365",
      "message_caps": "unchanged native/tonic defaults",
      "native_request_bytes": 352,
      "request_bytes": 352,
      "request_read_checksum": 11254537619568633626,
      "response_bytes_per_message": 352,
      "response_read_checksum": 11254537619568633626,
      "responses": 4
    },
    {
      "accepted_local_addr": "127.0.0.1:38679",
      "accepted_remote_addr": "127.0.0.1:53468",
      "accepted_socket_observer": "frozen reference TcpIncoming.with_nodelay(Some(true))",
      "accepted_tcp_nodelay": true,
      "equal_wire_work": true,
      "full_decoded_equality": true,
      "id": "rpc.tonic_transport.native_client_reference_server.query.d5.v3.unary",
      "input_wire_fingerprint": "fnv1a64:3a74c22b3d0f4365",
      "message_caps": "unchanged native/tonic defaults",
      "native_request_bytes": 352,
      "request_bytes": 352,
      "request_read_checksum": 11254537619568633626,
      "response_bytes_per_message": 352,
      "response_read_checksum": 11254537619568633626,
      "responses": 1
    },
    {
      "accepted_local_addr": "127.0.0.1:38483",
      "accepted_remote_addr": "127.0.0.1:55714",
      "accepted_socket_observer": "frozen reference TcpIncoming.with_nodelay(Some(true))",
      "accepted_tcp_nodelay": true,
      "equal_wire_work": true,
      "full_decoded_equality": true,
      "id": "rpc.tonic_transport.native_client_reference_server.query.d5.v3.server_stream",
      "input_wire_fingerprint": "fnv1a64:3a74c22b3d0f4365",
      "message_caps": "unchanged native/tonic defaults",
      "native_request_bytes": 352,
      "request_bytes": 352,
      "request_read_checksum": 11254537619568633626,
      "response_bytes_per_message": 352,
      "response_read_checksum": 11254537619568633626,
      "responses": 4
    },
    {
      "accepted_local_addr": "127.0.0.1:46871",
      "accepted_remote_addr": "127.0.0.1:44184",
      "accepted_socket_observer": "custom Incoming reproduces built-in native tcp::tune TCP_NODELAY=true",
      "accepted_tcp_nodelay": true,
      "equal_wire_work": true,
      "full_decoded_equality": true,
      "id": "rpc.tonic_transport.reference_client_native_server.query.d5.v3.unary",
      "input_wire_fingerprint": "fnv1a64:3a74c22b3d0f4365",
      "message_caps": "unchanged native/tonic defaults",
      "native_request_bytes": 352,
      "request_bytes": 352,
      "request_read_checksum": 11254537619568633626,
      "response_bytes_per_message": 352,
      "response_read_checksum": 11254537619568633626,
      "responses": 1
    },
    {
      "accepted_local_addr": "127.0.0.1:41475",
      "accepted_remote_addr": "127.0.0.1:34748",
      "accepted_socket_observer": "custom Incoming reproduces built-in native tcp::tune TCP_NODELAY=true",
      "accepted_tcp_nodelay": true,
      "equal_wire_work": true,
      "full_decoded_equality": true,
      "id": "rpc.tonic_transport.reference_client_native_server.query.d5.v3.server_stream",
      "input_wire_fingerprint": "fnv1a64:3a74c22b3d0f4365",
      "message_caps": "unchanged native/tonic defaults",
      "native_request_bytes": 352,
      "request_bytes": 352,
      "request_read_checksum": 11254537619568633626,
      "response_bytes_per_message": 352,
      "response_read_checksum": 11254537619568633626,
      "responses": 4
    },
    {
      "accepted_local_addr": "127.0.0.1:41021",
      "accepted_remote_addr": "127.0.0.1:47994",
      "accepted_socket_observer": "custom Incoming reproduces built-in native tcp::tune TCP_NODELAY=true",
      "accepted_tcp_nodelay": true,
      "equal_wire_work": true,
      "full_decoded_equality": true,
      "id": "rpc.tonic_transport.native_native.query.d5.v3.unary",
      "input_wire_fingerprint": "fnv1a64:3a74c22b3d0f4365",
      "message_caps": "unchanged native/tonic defaults",
      "native_request_bytes": 352,
      "request_bytes": 352,
      "request_read_checksum": 11254537619568633626,
      "response_bytes_per_message": 352,
      "response_read_checksum": 11254537619568633626,
      "responses": 1
    },
    {
      "accepted_local_addr": "127.0.0.1:37077",
      "accepted_remote_addr": "127.0.0.1:40270",
      "accepted_socket_observer": "custom Incoming reproduces built-in native tcp::tune TCP_NODELAY=true",
      "accepted_tcp_nodelay": true,
      "equal_wire_work": true,
      "full_decoded_equality": true,
      "id": "rpc.tonic_transport.native_native.query.d5.v3.server_stream",
      "input_wire_fingerprint": "fnv1a64:3a74c22b3d0f4365",
      "message_caps": "unchanged native/tonic defaults",
      "native_request_bytes": 352,
      "request_bytes": 352,
      "request_read_checksum": 11254537619568633626,
      "response_bytes_per_message": 352,
      "response_read_checksum": 11254537619568633626,
      "responses": 4
    },
    {
      "accepted_local_addr": "127.0.0.1:37991",
      "accepted_remote_addr": "127.0.0.1:56006",
      "accepted_socket_observer": "frozen reference TcpIncoming.with_nodelay(Some(true))",
      "accepted_tcp_nodelay": true,
      "equal_wire_work": true,
      "full_decoded_equality": true,
      "id": "rpc.tonic_transport.reference_reference.query.d5.v4.unary",
      "input_wire_fingerprint": "fnv1a64:025dd5de0b3fe271",
      "message_caps": "unchanged native/tonic defaults",
      "native_request_bytes": 366,
      "request_bytes": 366,
      "request_read_checksum": 3005057669145525120,
      "response_bytes_per_message": 366,
      "response_read_checksum": 3005057669145525120,
      "responses": 1
    },
    {
      "accepted_local_addr": "127.0.0.1:36213",
      "accepted_remote_addr": "127.0.0.1:41416",
      "accepted_socket_observer": "frozen reference TcpIncoming.with_nodelay(Some(true))",
      "accepted_tcp_nodelay": true,
      "equal_wire_work": true,
      "full_decoded_equality": true,
      "id": "rpc.tonic_transport.reference_reference.query.d5.v4.server_stream",
      "input_wire_fingerprint": "fnv1a64:025dd5de0b3fe271",
      "message_caps": "unchanged native/tonic defaults",
      "native_request_bytes": 366,
      "request_bytes": 366,
      "request_read_checksum": 3005057669145525120,
      "response_bytes_per_message": 366,
      "response_read_checksum": 3005057669145525120,
      "responses": 4
    },
    {
      "accepted_local_addr": "127.0.0.1:42551",
      "accepted_remote_addr": "127.0.0.1:43316",
      "accepted_socket_observer": "frozen reference TcpIncoming.with_nodelay(Some(true))",
      "accepted_tcp_nodelay": true,
      "equal_wire_work": true,
      "full_decoded_equality": true,
      "id": "rpc.tonic_transport.native_client_reference_server.query.d5.v4.unary",
      "input_wire_fingerprint": "fnv1a64:025dd5de0b3fe271",
      "message_caps": "unchanged native/tonic defaults",
      "native_request_bytes": 366,
      "request_bytes": 366,
      "request_read_checksum": 3005057669145525120,
      "response_bytes_per_message": 366,
      "response_read_checksum": 3005057669145525120,
      "responses": 1
    },
    {
      "accepted_local_addr": "127.0.0.1:41737",
      "accepted_remote_addr": "127.0.0.1:33356",
      "accepted_socket_observer": "frozen reference TcpIncoming.with_nodelay(Some(true))",
      "accepted_tcp_nodelay": true,
      "equal_wire_work": true,
      "full_decoded_equality": true,
      "id": "rpc.tonic_transport.native_client_reference_server.query.d5.v4.server_stream",
      "input_wire_fingerprint": "fnv1a64:025dd5de0b3fe271",
      "message_caps": "unchanged native/tonic defaults",
      "native_request_bytes": 366,
      "request_bytes": 366,
      "request_read_checksum": 3005057669145525120,
      "response_bytes_per_message": 366,
      "response_read_checksum": 3005057669145525120,
      "responses": 4
    },
    {
      "accepted_local_addr": "127.0.0.1:35079",
      "accepted_remote_addr": "127.0.0.1:35882",
      "accepted_socket_observer": "custom Incoming reproduces built-in native tcp::tune TCP_NODELAY=true",
      "accepted_tcp_nodelay": true,
      "equal_wire_work": true,
      "full_decoded_equality": true,
      "id": "rpc.tonic_transport.reference_client_native_server.query.d5.v4.unary",
      "input_wire_fingerprint": "fnv1a64:025dd5de0b3fe271",
      "message_caps": "unchanged native/tonic defaults",
      "native_request_bytes": 366,
      "request_bytes": 366,
      "request_read_checksum": 3005057669145525120,
      "response_bytes_per_message": 366,
      "response_read_checksum": 3005057669145525120,
      "responses": 1
    },
    {
      "accepted_local_addr": "127.0.0.1:45181",
      "accepted_remote_addr": "127.0.0.1:51150",
      "accepted_socket_observer": "custom Incoming reproduces built-in native tcp::tune TCP_NODELAY=true",
      "accepted_tcp_nodelay": true,
      "equal_wire_work": true,
      "full_decoded_equality": true,
      "id": "rpc.tonic_transport.reference_client_native_server.query.d5.v4.server_stream",
      "input_wire_fingerprint": "fnv1a64:025dd5de0b3fe271",
      "message_caps": "unchanged native/tonic defaults",
      "native_request_bytes": 366,
      "request_bytes": 366,
      "request_read_checksum": 3005057669145525120,
      "response_bytes_per_message": 366,
      "response_read_checksum": 3005057669145525120,
      "responses": 4
    },
    {
      "accepted_local_addr": "127.0.0.1:46749",
      "accepted_remote_addr": "127.0.0.1:41944",
      "accepted_socket_observer": "custom Incoming reproduces built-in native tcp::tune TCP_NODELAY=true",
      "accepted_tcp_nodelay": true,
      "equal_wire_work": true,
      "full_decoded_equality": true,
      "id": "rpc.tonic_transport.native_native.query.d5.v4.unary",
      "input_wire_fingerprint": "fnv1a64:025dd5de0b3fe271",
      "message_caps": "unchanged native/tonic defaults",
      "native_request_bytes": 366,
      "request_bytes": 366,
      "request_read_checksum": 3005057669145525120,
      "response_bytes_per_message": 366,
      "response_read_checksum": 3005057669145525120,
      "responses": 1
    },
    {
      "accepted_local_addr": "127.0.0.1:43779",
      "accepted_remote_addr": "127.0.0.1:36350",
      "accepted_socket_observer": "custom Incoming reproduces built-in native tcp::tune TCP_NODELAY=true",
      "accepted_tcp_nodelay": true,
      "equal_wire_work": true,
      "full_decoded_equality": true,
      "id": "rpc.tonic_transport.native_native.query.d5.v4.server_stream",
      "input_wire_fingerprint": "fnv1a64:025dd5de0b3fe271",
      "message_caps": "unchanged native/tonic defaults",
      "native_request_bytes": 366,
      "request_bytes": 366,
      "request_read_checksum": 3005057669145525120,
      "response_bytes_per_message": 366,
      "response_read_checksum": 3005057669145525120,
      "responses": 4
    },
    {
      "accepted_local_addr": "127.0.0.1:43121",
      "accepted_remote_addr": "127.0.0.1:53264",
      "accepted_socket_observer": "frozen reference TcpIncoming.with_nodelay(Some(true))",
      "accepted_tcp_nodelay": true,
      "equal_wire_work": true,
      "full_decoded_equality": true,
      "id": "rpc.tonic_transport.reference_reference.query.d5.v5.unary",
      "input_wire_fingerprint": "fnv1a64:ebc0ca62ea9a6e50",
      "message_caps": "unchanged native/tonic defaults",
      "native_request_bytes": 368,
      "request_bytes": 368,
      "request_read_checksum": 12101302036942268555,
      "response_bytes_per_message": 368,
      "response_read_checksum": 12101302036942268555,
      "responses": 1
    },
    {
      "accepted_local_addr": "127.0.0.1:42303",
      "accepted_remote_addr": "127.0.0.1:54676",
      "accepted_socket_observer": "frozen reference TcpIncoming.with_nodelay(Some(true))",
      "accepted_tcp_nodelay": true,
      "equal_wire_work": true,
      "full_decoded_equality": true,
      "id": "rpc.tonic_transport.reference_reference.query.d5.v5.server_stream",
      "input_wire_fingerprint": "fnv1a64:ebc0ca62ea9a6e50",
      "message_caps": "unchanged native/tonic defaults",
      "native_request_bytes": 368,
      "request_bytes": 368,
      "request_read_checksum": 12101302036942268555,
      "response_bytes_per_message": 368,
      "response_read_checksum": 12101302036942268555,
      "responses": 4
    },
    {
      "accepted_local_addr": "127.0.0.1:46085",
      "accepted_remote_addr": "127.0.0.1:54890",
      "accepted_socket_observer": "frozen reference TcpIncoming.with_nodelay(Some(true))",
      "accepted_tcp_nodelay": true,
      "equal_wire_work": true,
      "full_decoded_equality": true,
      "id": "rpc.tonic_transport.native_client_reference_server.query.d5.v5.unary",
      "input_wire_fingerprint": "fnv1a64:ebc0ca62ea9a6e50",
      "message_caps": "unchanged native/tonic defaults",
      "native_request_bytes": 368,
      "request_bytes": 368,
      "request_read_checksum": 12101302036942268555,
      "response_bytes_per_message": 368,
      "response_read_checksum": 12101302036942268555,
      "responses": 1
    },
    {
      "accepted_local_addr": "127.0.0.1:34403",
      "accepted_remote_addr": "127.0.0.1:54404",
      "accepted_socket_observer": "frozen reference TcpIncoming.with_nodelay(Some(true))",
      "accepted_tcp_nodelay": true,
      "equal_wire_work": true,
      "full_decoded_equality": true,
      "id": "rpc.tonic_transport.native_client_reference_server.query.d5.v5.server_stream",
      "input_wire_fingerprint": "fnv1a64:ebc0ca62ea9a6e50",
      "message_caps": "unchanged native/tonic defaults",
      "native_request_bytes": 368,
      "request_bytes": 368,
      "request_read_checksum": 12101302036942268555,
      "response_bytes_per_message": 368,
      "response_read_checksum": 12101302036942268555,
      "responses": 4
    },
    {
      "accepted_local_addr": "127.0.0.1:43495",
      "accepted_remote_addr": "127.0.0.1:55694",
      "accepted_socket_observer": "custom Incoming reproduces built-in native tcp::tune TCP_NODELAY=true",
      "accepted_tcp_nodelay": true,
      "equal_wire_work": true,
      "full_decoded_equality": true,
      "id": "rpc.tonic_transport.reference_client_native_server.query.d5.v5.unary",
      "input_wire_fingerprint": "fnv1a64:ebc0ca62ea9a6e50",
      "message_caps": "unchanged native/tonic defaults",
      "native_request_bytes": 368,
      "request_bytes": 368,
      "request_read_checksum": 12101302036942268555,
      "response_bytes_per_message": 368,
      "response_read_checksum": 12101302036942268555,
      "responses": 1
    },
    {
      "accepted_local_addr": "127.0.0.1:33611",
      "accepted_remote_addr": "127.0.0.1:58348",
      "accepted_socket_observer": "custom Incoming reproduces built-in native tcp::tune TCP_NODELAY=true",
      "accepted_tcp_nodelay": true,
      "equal_wire_work": true,
      "full_decoded_equality": true,
      "id": "rpc.tonic_transport.reference_client_native_server.query.d5.v5.server_stream",
      "input_wire_fingerprint": "fnv1a64:ebc0ca62ea9a6e50",
      "message_caps": "unchanged native/tonic defaults",
      "native_request_bytes": 368,
      "request_bytes": 368,
      "request_read_checksum": 12101302036942268555,
      "response_bytes_per_message": 368,
      "response_read_checksum": 12101302036942268555,
      "responses": 4
    },
    {
      "accepted_local_addr": "127.0.0.1:44847",
      "accepted_remote_addr": "127.0.0.1:49566",
      "accepted_socket_observer": "custom Incoming reproduces built-in native tcp::tune TCP_NODELAY=true",
      "accepted_tcp_nodelay": true,
      "equal_wire_work": true,
      "full_decoded_equality": true,
      "id": "rpc.tonic_transport.native_native.query.d5.v5.unary",
      "input_wire_fingerprint": "fnv1a64:ebc0ca62ea9a6e50",
      "message_caps": "unchanged native/tonic defaults",
      "native_request_bytes": 368,
      "request_bytes": 368,
      "request_read_checksum": 12101302036942268555,
      "response_bytes_per_message": 368,
      "response_read_checksum": 12101302036942268555,
      "responses": 1
    },
    {
      "accepted_local_addr": "127.0.0.1:40391",
      "accepted_remote_addr": "127.0.0.1:34002",
      "accepted_socket_observer": "custom Incoming reproduces built-in native tcp::tune TCP_NODELAY=true",
      "accepted_tcp_nodelay": true,
      "equal_wire_work": true,
      "full_decoded_equality": true,
      "id": "rpc.tonic_transport.native_native.query.d5.v5.server_stream",
      "input_wire_fingerprint": "fnv1a64:ebc0ca62ea9a6e50",
      "message_caps": "unchanged native/tonic defaults",
      "native_request_bytes": 368,
      "request_bytes": 368,
      "request_read_checksum": 12101302036942268555,
      "response_bytes_per_message": 368,
      "response_read_checksum": 12101302036942268555,
      "responses": 4
    },
    {
      "accepted_local_addr": "127.0.0.1:41397",
      "accepted_remote_addr": "127.0.0.1:40906",
      "accepted_socket_observer": "frozen reference TcpIncoming.with_nodelay(Some(true))",
      "accepted_tcp_nodelay": true,
      "equal_wire_work": true,
      "full_decoded_equality": true,
      "id": "rpc.tonic_transport.reference_reference.query.d5.v6.unary",
      "input_wire_fingerprint": "fnv1a64:0ba179a3479fc30d",
      "message_caps": "unchanged native/tonic defaults",
      "native_request_bytes": 372,
      "request_bytes": 372,
      "request_read_checksum": 10110337601716551077,
      "response_bytes_per_message": 372,
      "response_read_checksum": 10110337601716551077,
      "responses": 1
    },
    {
      "accepted_local_addr": "127.0.0.1:44195",
      "accepted_remote_addr": "127.0.0.1:55298",
      "accepted_socket_observer": "frozen reference TcpIncoming.with_nodelay(Some(true))",
      "accepted_tcp_nodelay": true,
      "equal_wire_work": true,
      "full_decoded_equality": true,
      "id": "rpc.tonic_transport.reference_reference.query.d5.v6.server_stream",
      "input_wire_fingerprint": "fnv1a64:0ba179a3479fc30d",
      "message_caps": "unchanged native/tonic defaults",
      "native_request_bytes": 372,
      "request_bytes": 372,
      "request_read_checksum": 10110337601716551077,
      "response_bytes_per_message": 372,
      "response_read_checksum": 10110337601716551077,
      "responses": 4
    },
    {
      "accepted_local_addr": "127.0.0.1:43185",
      "accepted_remote_addr": "127.0.0.1:47192",
      "accepted_socket_observer": "frozen reference TcpIncoming.with_nodelay(Some(true))",
      "accepted_tcp_nodelay": true,
      "equal_wire_work": true,
      "full_decoded_equality": true,
      "id": "rpc.tonic_transport.native_client_reference_server.query.d5.v6.unary",
      "input_wire_fingerprint": "fnv1a64:0ba179a3479fc30d",
      "message_caps": "unchanged native/tonic defaults",
      "native_request_bytes": 372,
      "request_bytes": 372,
      "request_read_checksum": 10110337601716551077,
      "response_bytes_per_message": 372,
      "response_read_checksum": 10110337601716551077,
      "responses": 1
    },
    {
      "accepted_local_addr": "127.0.0.1:44239",
      "accepted_remote_addr": "127.0.0.1:60672",
      "accepted_socket_observer": "frozen reference TcpIncoming.with_nodelay(Some(true))",
      "accepted_tcp_nodelay": true,
      "equal_wire_work": true,
      "full_decoded_equality": true,
      "id": "rpc.tonic_transport.native_client_reference_server.query.d5.v6.server_stream",
      "input_wire_fingerprint": "fnv1a64:0ba179a3479fc30d",
      "message_caps": "unchanged native/tonic defaults",
      "native_request_bytes": 372,
      "request_bytes": 372,
      "request_read_checksum": 10110337601716551077,
      "response_bytes_per_message": 372,
      "response_read_checksum": 10110337601716551077,
      "responses": 4
    },
    {
      "accepted_local_addr": "127.0.0.1:37145",
      "accepted_remote_addr": "127.0.0.1:41726",
      "accepted_socket_observer": "custom Incoming reproduces built-in native tcp::tune TCP_NODELAY=true",
      "accepted_tcp_nodelay": true,
      "equal_wire_work": true,
      "full_decoded_equality": true,
      "id": "rpc.tonic_transport.reference_client_native_server.query.d5.v6.unary",
      "input_wire_fingerprint": "fnv1a64:0ba179a3479fc30d",
      "message_caps": "unchanged native/tonic defaults",
      "native_request_bytes": 372,
      "request_bytes": 372,
      "request_read_checksum": 10110337601716551077,
      "response_bytes_per_message": 372,
      "response_read_checksum": 10110337601716551077,
      "responses": 1
    },
    {
      "accepted_local_addr": "127.0.0.1:38739",
      "accepted_remote_addr": "127.0.0.1:51826",
      "accepted_socket_observer": "custom Incoming reproduces built-in native tcp::tune TCP_NODELAY=true",
      "accepted_tcp_nodelay": true,
      "equal_wire_work": true,
      "full_decoded_equality": true,
      "id": "rpc.tonic_transport.reference_client_native_server.query.d5.v6.server_stream",
      "input_wire_fingerprint": "fnv1a64:0ba179a3479fc30d",
      "message_caps": "unchanged native/tonic defaults",
      "native_request_bytes": 372,
      "request_bytes": 372,
      "request_read_checksum": 10110337601716551077,
      "response_bytes_per_message": 372,
      "response_read_checksum": 10110337601716551077,
      "responses": 4
    },
    {
      "accepted_local_addr": "127.0.0.1:34499",
      "accepted_remote_addr": "127.0.0.1:57720",
      "accepted_socket_observer": "custom Incoming reproduces built-in native tcp::tune TCP_NODELAY=true",
      "accepted_tcp_nodelay": true,
      "equal_wire_work": true,
      "full_decoded_equality": true,
      "id": "rpc.tonic_transport.native_native.query.d5.v6.unary",
      "input_wire_fingerprint": "fnv1a64:0ba179a3479fc30d",
      "message_caps": "unchanged native/tonic defaults",
      "native_request_bytes": 372,
      "request_bytes": 372,
      "request_read_checksum": 10110337601716551077,
      "response_bytes_per_message": 372,
      "response_read_checksum": 10110337601716551077,
      "responses": 1
    },
    {
      "accepted_local_addr": "127.0.0.1:37419",
      "accepted_remote_addr": "127.0.0.1:37344",
      "accepted_socket_observer": "custom Incoming reproduces built-in native tcp::tune TCP_NODELAY=true",
      "accepted_tcp_nodelay": true,
      "equal_wire_work": true,
      "full_decoded_equality": true,
      "id": "rpc.tonic_transport.native_native.query.d5.v6.server_stream",
      "input_wire_fingerprint": "fnv1a64:0ba179a3479fc30d",
      "message_caps": "unchanged native/tonic defaults",
      "native_request_bytes": 372,
      "request_bytes": 372,
      "request_read_checksum": 10110337601716551077,
      "response_bytes_per_message": 372,
      "response_read_checksum": 10110337601716551077,
      "responses": 4
    },
    {
      "accepted_local_addr": "127.0.0.1:43685",
      "accepted_remote_addr": "127.0.0.1:59656",
      "accepted_socket_observer": "frozen reference TcpIncoming.with_nodelay(Some(true))",
      "accepted_tcp_nodelay": true,
      "equal_wire_work": true,
      "full_decoded_equality": true,
      "id": "rpc.tonic_transport.reference_reference.query.d5.v7.unary",
      "input_wire_fingerprint": "fnv1a64:ad18f81830eb8362",
      "message_caps": "unchanged native/tonic defaults",
      "native_request_bytes": 369,
      "request_bytes": 369,
      "request_read_checksum": 12006539796877663467,
      "response_bytes_per_message": 369,
      "response_read_checksum": 12006539796877663467,
      "responses": 1
    },
    {
      "accepted_local_addr": "127.0.0.1:39529",
      "accepted_remote_addr": "127.0.0.1:53738",
      "accepted_socket_observer": "frozen reference TcpIncoming.with_nodelay(Some(true))",
      "accepted_tcp_nodelay": true,
      "equal_wire_work": true,
      "full_decoded_equality": true,
      "id": "rpc.tonic_transport.reference_reference.query.d5.v7.server_stream",
      "input_wire_fingerprint": "fnv1a64:ad18f81830eb8362",
      "message_caps": "unchanged native/tonic defaults",
      "native_request_bytes": 369,
      "request_bytes": 369,
      "request_read_checksum": 12006539796877663467,
      "response_bytes_per_message": 369,
      "response_read_checksum": 12006539796877663467,
      "responses": 4
    },
    {
      "accepted_local_addr": "127.0.0.1:37251",
      "accepted_remote_addr": "127.0.0.1:36294",
      "accepted_socket_observer": "frozen reference TcpIncoming.with_nodelay(Some(true))",
      "accepted_tcp_nodelay": true,
      "equal_wire_work": true,
      "full_decoded_equality": true,
      "id": "rpc.tonic_transport.native_client_reference_server.query.d5.v7.unary",
      "input_wire_fingerprint": "fnv1a64:ad18f81830eb8362",
      "message_caps": "unchanged native/tonic defaults",
      "native_request_bytes": 369,
      "request_bytes": 369,
      "request_read_checksum": 12006539796877663467,
      "response_bytes_per_message": 369,
      "response_read_checksum": 12006539796877663467,
      "responses": 1
    },
    {
      "accepted_local_addr": "127.0.0.1:40749",
      "accepted_remote_addr": "127.0.0.1:47144",
      "accepted_socket_observer": "frozen reference TcpIncoming.with_nodelay(Some(true))",
      "accepted_tcp_nodelay": true,
      "equal_wire_work": true,
      "full_decoded_equality": true,
      "id": "rpc.tonic_transport.native_client_reference_server.query.d5.v7.server_stream",
      "input_wire_fingerprint": "fnv1a64:ad18f81830eb8362",
      "message_caps": "unchanged native/tonic defaults",
      "native_request_bytes": 369,
      "request_bytes": 369,
      "request_read_checksum": 12006539796877663467,
      "response_bytes_per_message": 369,
      "response_read_checksum": 12006539796877663467,
      "responses": 4
    },
    {
      "accepted_local_addr": "127.0.0.1:35703",
      "accepted_remote_addr": "127.0.0.1:53820",
      "accepted_socket_observer": "custom Incoming reproduces built-in native tcp::tune TCP_NODELAY=true",
      "accepted_tcp_nodelay": true,
      "equal_wire_work": true,
      "full_decoded_equality": true,
      "id": "rpc.tonic_transport.reference_client_native_server.query.d5.v7.unary",
      "input_wire_fingerprint": "fnv1a64:ad18f81830eb8362",
      "message_caps": "unchanged native/tonic defaults",
      "native_request_bytes": 369,
      "request_bytes": 369,
      "request_read_checksum": 12006539796877663467,
      "response_bytes_per_message": 369,
      "response_read_checksum": 12006539796877663467,
      "responses": 1
    },
    {
      "accepted_local_addr": "127.0.0.1:44895",
      "accepted_remote_addr": "127.0.0.1:33374",
      "accepted_socket_observer": "custom Incoming reproduces built-in native tcp::tune TCP_NODELAY=true",
      "accepted_tcp_nodelay": true,
      "equal_wire_work": true,
      "full_decoded_equality": true,
      "id": "rpc.tonic_transport.reference_client_native_server.query.d5.v7.server_stream",
      "input_wire_fingerprint": "fnv1a64:ad18f81830eb8362",
      "message_caps": "unchanged native/tonic defaults",
      "native_request_bytes": 369,
      "request_bytes": 369,
      "request_read_checksum": 12006539796877663467,
      "response_bytes_per_message": 369,
      "response_read_checksum": 12006539796877663467,
      "responses": 4
    },
    {
      "accepted_local_addr": "127.0.0.1:35923",
      "accepted_remote_addr": "127.0.0.1:58774",
      "accepted_socket_observer": "custom Incoming reproduces built-in native tcp::tune TCP_NODELAY=true",
      "accepted_tcp_nodelay": true,
      "equal_wire_work": true,
      "full_decoded_equality": true,
      "id": "rpc.tonic_transport.native_native.query.d5.v7.unary",
      "input_wire_fingerprint": "fnv1a64:ad18f81830eb8362",
      "message_caps": "unchanged native/tonic defaults",
      "native_request_bytes": 369,
      "request_bytes": 369,
      "request_read_checksum": 12006539796877663467,
      "response_bytes_per_message": 369,
      "response_read_checksum": 12006539796877663467,
      "responses": 1
    },
    {
      "accepted_local_addr": "127.0.0.1:35395",
      "accepted_remote_addr": "127.0.0.1:58238",
      "accepted_socket_observer": "custom Incoming reproduces built-in native tcp::tune TCP_NODELAY=true",
      "accepted_tcp_nodelay": true,
      "equal_wire_work": true,
      "full_decoded_equality": true,
      "id": "rpc.tonic_transport.native_native.query.d5.v7.server_stream",
      "input_wire_fingerprint": "fnv1a64:ad18f81830eb8362",
      "message_caps": "unchanged native/tonic defaults",
      "native_request_bytes": 369,
      "request_bytes": 369,
      "request_read_checksum": 12006539796877663467,
      "response_bytes_per_message": 369,
      "response_read_checksum": 12006539796877663467,
      "responses": 4
    },
    {
      "accepted_local_addr": "127.0.0.1:36061",
      "accepted_remote_addr": "127.0.0.1:48740",
      "accepted_socket_observer": "frozen reference TcpIncoming.with_nodelay(Some(true))",
      "accepted_tcp_nodelay": true,
      "equal_wire_work": true,
      "full_decoded_equality": true,
      "id": "rpc.tonic_transport.reference_reference.query.d6.v0.unary",
      "input_wire_fingerprint": "fnv1a64:15887f8618a92f2f",
      "message_caps": "unchanged native/tonic defaults",
      "native_request_bytes": 410,
      "request_bytes": 410,
      "request_read_checksum": 3023498803650616453,
      "response_bytes_per_message": 410,
      "response_read_checksum": 3023498803650616453,
      "responses": 1
    },
    {
      "accepted_local_addr": "127.0.0.1:43271",
      "accepted_remote_addr": "127.0.0.1:45538",
      "accepted_socket_observer": "frozen reference TcpIncoming.with_nodelay(Some(true))",
      "accepted_tcp_nodelay": true,
      "equal_wire_work": true,
      "full_decoded_equality": true,
      "id": "rpc.tonic_transport.reference_reference.query.d6.v0.server_stream",
      "input_wire_fingerprint": "fnv1a64:15887f8618a92f2f",
      "message_caps": "unchanged native/tonic defaults",
      "native_request_bytes": 410,
      "request_bytes": 410,
      "request_read_checksum": 3023498803650616453,
      "response_bytes_per_message": 410,
      "response_read_checksum": 3023498803650616453,
      "responses": 4
    },
    {
      "accepted_local_addr": "127.0.0.1:46409",
      "accepted_remote_addr": "127.0.0.1:58236",
      "accepted_socket_observer": "frozen reference TcpIncoming.with_nodelay(Some(true))",
      "accepted_tcp_nodelay": true,
      "equal_wire_work": true,
      "full_decoded_equality": true,
      "id": "rpc.tonic_transport.native_client_reference_server.query.d6.v0.unary",
      "input_wire_fingerprint": "fnv1a64:15887f8618a92f2f",
      "message_caps": "unchanged native/tonic defaults",
      "native_request_bytes": 410,
      "request_bytes": 410,
      "request_read_checksum": 3023498803650616453,
      "response_bytes_per_message": 410,
      "response_read_checksum": 3023498803650616453,
      "responses": 1
    },
    {
      "accepted_local_addr": "127.0.0.1:38677",
      "accepted_remote_addr": "127.0.0.1:47780",
      "accepted_socket_observer": "frozen reference TcpIncoming.with_nodelay(Some(true))",
      "accepted_tcp_nodelay": true,
      "equal_wire_work": true,
      "full_decoded_equality": true,
      "id": "rpc.tonic_transport.native_client_reference_server.query.d6.v0.server_stream",
      "input_wire_fingerprint": "fnv1a64:15887f8618a92f2f",
      "message_caps": "unchanged native/tonic defaults",
      "native_request_bytes": 410,
      "request_bytes": 410,
      "request_read_checksum": 3023498803650616453,
      "response_bytes_per_message": 410,
      "response_read_checksum": 3023498803650616453,
      "responses": 4
    },
    {
      "accepted_local_addr": "127.0.0.1:36495",
      "accepted_remote_addr": "127.0.0.1:46116",
      "accepted_socket_observer": "custom Incoming reproduces built-in native tcp::tune TCP_NODELAY=true",
      "accepted_tcp_nodelay": true,
      "equal_wire_work": true,
      "full_decoded_equality": true,
      "id": "rpc.tonic_transport.reference_client_native_server.query.d6.v0.unary",
      "input_wire_fingerprint": "fnv1a64:15887f8618a92f2f",
      "message_caps": "unchanged native/tonic defaults",
      "native_request_bytes": 410,
      "request_bytes": 410,
      "request_read_checksum": 3023498803650616453,
      "response_bytes_per_message": 410,
      "response_read_checksum": 3023498803650616453,
      "responses": 1
    },
    {
      "accepted_local_addr": "127.0.0.1:33393",
      "accepted_remote_addr": "127.0.0.1:48136",
      "accepted_socket_observer": "custom Incoming reproduces built-in native tcp::tune TCP_NODELAY=true",
      "accepted_tcp_nodelay": true,
      "equal_wire_work": true,
      "full_decoded_equality": true,
      "id": "rpc.tonic_transport.reference_client_native_server.query.d6.v0.server_stream",
      "input_wire_fingerprint": "fnv1a64:15887f8618a92f2f",
      "message_caps": "unchanged native/tonic defaults",
      "native_request_bytes": 410,
      "request_bytes": 410,
      "request_read_checksum": 3023498803650616453,
      "response_bytes_per_message": 410,
      "response_read_checksum": 3023498803650616453,
      "responses": 4
    },
    {
      "accepted_local_addr": "127.0.0.1:39853",
      "accepted_remote_addr": "127.0.0.1:50904",
      "accepted_socket_observer": "custom Incoming reproduces built-in native tcp::tune TCP_NODELAY=true",
      "accepted_tcp_nodelay": true,
      "equal_wire_work": true,
      "full_decoded_equality": true,
      "id": "rpc.tonic_transport.native_native.query.d6.v0.unary",
      "input_wire_fingerprint": "fnv1a64:15887f8618a92f2f",
      "message_caps": "unchanged native/tonic defaults",
      "native_request_bytes": 410,
      "request_bytes": 410,
      "request_read_checksum": 3023498803650616453,
      "response_bytes_per_message": 410,
      "response_read_checksum": 3023498803650616453,
      "responses": 1
    },
    {
      "accepted_local_addr": "127.0.0.1:46513",
      "accepted_remote_addr": "127.0.0.1:58790",
      "accepted_socket_observer": "custom Incoming reproduces built-in native tcp::tune TCP_NODELAY=true",
      "accepted_tcp_nodelay": true,
      "equal_wire_work": true,
      "full_decoded_equality": true,
      "id": "rpc.tonic_transport.native_native.query.d6.v0.server_stream",
      "input_wire_fingerprint": "fnv1a64:15887f8618a92f2f",
      "message_caps": "unchanged native/tonic defaults",
      "native_request_bytes": 410,
      "request_bytes": 410,
      "request_read_checksum": 3023498803650616453,
      "response_bytes_per_message": 410,
      "response_read_checksum": 3023498803650616453,
      "responses": 4
    },
    {
      "accepted_local_addr": "127.0.0.1:39757",
      "accepted_remote_addr": "127.0.0.1:36700",
      "accepted_socket_observer": "frozen reference TcpIncoming.with_nodelay(Some(true))",
      "accepted_tcp_nodelay": true,
      "equal_wire_work": true,
      "full_decoded_equality": true,
      "id": "rpc.tonic_transport.reference_reference.query.d6.v1.unary",
      "input_wire_fingerprint": "fnv1a64:5f2082859d0c1b0d",
      "message_caps": "unchanged native/tonic defaults",
      "native_request_bytes": 413,
      "request_bytes": 413,
      "request_read_checksum": 14131518665395384024,
      "response_bytes_per_message": 413,
      "response_read_checksum": 14131518665395384024,
      "responses": 1
    },
    {
      "accepted_local_addr": "127.0.0.1:36417",
      "accepted_remote_addr": "127.0.0.1:40724",
      "accepted_socket_observer": "frozen reference TcpIncoming.with_nodelay(Some(true))",
      "accepted_tcp_nodelay": true,
      "equal_wire_work": true,
      "full_decoded_equality": true,
      "id": "rpc.tonic_transport.reference_reference.query.d6.v1.server_stream",
      "input_wire_fingerprint": "fnv1a64:5f2082859d0c1b0d",
      "message_caps": "unchanged native/tonic defaults",
      "native_request_bytes": 413,
      "request_bytes": 413,
      "request_read_checksum": 14131518665395384024,
      "response_bytes_per_message": 413,
      "response_read_checksum": 14131518665395384024,
      "responses": 4
    },
    {
      "accepted_local_addr": "127.0.0.1:38049",
      "accepted_remote_addr": "127.0.0.1:46150",
      "accepted_socket_observer": "frozen reference TcpIncoming.with_nodelay(Some(true))",
      "accepted_tcp_nodelay": true,
      "equal_wire_work": true,
      "full_decoded_equality": true,
      "id": "rpc.tonic_transport.native_client_reference_server.query.d6.v1.unary",
      "input_wire_fingerprint": "fnv1a64:5f2082859d0c1b0d",
      "message_caps": "unchanged native/tonic defaults",
      "native_request_bytes": 413,
      "request_bytes": 413,
      "request_read_checksum": 14131518665395384024,
      "response_bytes_per_message": 413,
      "response_read_checksum": 14131518665395384024,
      "responses": 1
    },
    {
      "accepted_local_addr": "127.0.0.1:45695",
      "accepted_remote_addr": "127.0.0.1:39846",
      "accepted_socket_observer": "frozen reference TcpIncoming.with_nodelay(Some(true))",
      "accepted_tcp_nodelay": true,
      "equal_wire_work": true,
      "full_decoded_equality": true,
      "id": "rpc.tonic_transport.native_client_reference_server.query.d6.v1.server_stream",
      "input_wire_fingerprint": "fnv1a64:5f2082859d0c1b0d",
      "message_caps": "unchanged native/tonic defaults",
      "native_request_bytes": 413,
      "request_bytes": 413,
      "request_read_checksum": 14131518665395384024,
      "response_bytes_per_message": 413,
      "response_read_checksum": 14131518665395384024,
      "responses": 4
    },
    {
      "accepted_local_addr": "127.0.0.1:41551",
      "accepted_remote_addr": "127.0.0.1:43056",
      "accepted_socket_observer": "custom Incoming reproduces built-in native tcp::tune TCP_NODELAY=true",
      "accepted_tcp_nodelay": true,
      "equal_wire_work": true,
      "full_decoded_equality": true,
      "id": "rpc.tonic_transport.reference_client_native_server.query.d6.v1.unary",
      "input_wire_fingerprint": "fnv1a64:5f2082859d0c1b0d",
      "message_caps": "unchanged native/tonic defaults",
      "native_request_bytes": 413,
      "request_bytes": 413,
      "request_read_checksum": 14131518665395384024,
      "response_bytes_per_message": 413,
      "response_read_checksum": 14131518665395384024,
      "responses": 1
    },
    {
      "accepted_local_addr": "127.0.0.1:33067",
      "accepted_remote_addr": "127.0.0.1:56278",
      "accepted_socket_observer": "custom Incoming reproduces built-in native tcp::tune TCP_NODELAY=true",
      "accepted_tcp_nodelay": true,
      "equal_wire_work": true,
      "full_decoded_equality": true,
      "id": "rpc.tonic_transport.reference_client_native_server.query.d6.v1.server_stream",
      "input_wire_fingerprint": "fnv1a64:5f2082859d0c1b0d",
      "message_caps": "unchanged native/tonic defaults",
      "native_request_bytes": 413,
      "request_bytes": 413,
      "request_read_checksum": 14131518665395384024,
      "response_bytes_per_message": 413,
      "response_read_checksum": 14131518665395384024,
      "responses": 4
    },
    {
      "accepted_local_addr": "127.0.0.1:35945",
      "accepted_remote_addr": "127.0.0.1:41520",
      "accepted_socket_observer": "custom Incoming reproduces built-in native tcp::tune TCP_NODELAY=true",
      "accepted_tcp_nodelay": true,
      "equal_wire_work": true,
      "full_decoded_equality": true,
      "id": "rpc.tonic_transport.native_native.query.d6.v1.unary",
      "input_wire_fingerprint": "fnv1a64:5f2082859d0c1b0d",
      "message_caps": "unchanged native/tonic defaults",
      "native_request_bytes": 413,
      "request_bytes": 413,
      "request_read_checksum": 14131518665395384024,
      "response_bytes_per_message": 413,
      "response_read_checksum": 14131518665395384024,
      "responses": 1
    },
    {
      "accepted_local_addr": "127.0.0.1:44273",
      "accepted_remote_addr": "127.0.0.1:59122",
      "accepted_socket_observer": "custom Incoming reproduces built-in native tcp::tune TCP_NODELAY=true",
      "accepted_tcp_nodelay": true,
      "equal_wire_work": true,
      "full_decoded_equality": true,
      "id": "rpc.tonic_transport.native_native.query.d6.v1.server_stream",
      "input_wire_fingerprint": "fnv1a64:5f2082859d0c1b0d",
      "message_caps": "unchanged native/tonic defaults",
      "native_request_bytes": 413,
      "request_bytes": 413,
      "request_read_checksum": 14131518665395384024,
      "response_bytes_per_message": 413,
      "response_read_checksum": 14131518665395384024,
      "responses": 4
    },
    {
      "accepted_local_addr": "127.0.0.1:43971",
      "accepted_remote_addr": "127.0.0.1:53632",
      "accepted_socket_observer": "frozen reference TcpIncoming.with_nodelay(Some(true))",
      "accepted_tcp_nodelay": true,
      "equal_wire_work": true,
      "full_decoded_equality": true,
      "id": "rpc.tonic_transport.reference_reference.query.d6.v2.unary",
      "input_wire_fingerprint": "fnv1a64:9275be6f5c83d4f3",
      "message_caps": "unchanged native/tonic defaults",
      "native_request_bytes": 425,
      "request_bytes": 425,
      "request_read_checksum": 14726774636673700279,
      "response_bytes_per_message": 425,
      "response_read_checksum": 14726774636673700279,
      "responses": 1
    },
    {
      "accepted_local_addr": "127.0.0.1:34115",
      "accepted_remote_addr": "127.0.0.1:58562",
      "accepted_socket_observer": "frozen reference TcpIncoming.with_nodelay(Some(true))",
      "accepted_tcp_nodelay": true,
      "equal_wire_work": true,
      "full_decoded_equality": true,
      "id": "rpc.tonic_transport.reference_reference.query.d6.v2.server_stream",
      "input_wire_fingerprint": "fnv1a64:9275be6f5c83d4f3",
      "message_caps": "unchanged native/tonic defaults",
      "native_request_bytes": 425,
      "request_bytes": 425,
      "request_read_checksum": 14726774636673700279,
      "response_bytes_per_message": 425,
      "response_read_checksum": 14726774636673700279,
      "responses": 4
    },
    {
      "accepted_local_addr": "127.0.0.1:33951",
      "accepted_remote_addr": "127.0.0.1:40450",
      "accepted_socket_observer": "frozen reference TcpIncoming.with_nodelay(Some(true))",
      "accepted_tcp_nodelay": true,
      "equal_wire_work": true,
      "full_decoded_equality": true,
      "id": "rpc.tonic_transport.native_client_reference_server.query.d6.v2.unary",
      "input_wire_fingerprint": "fnv1a64:9275be6f5c83d4f3",
      "message_caps": "unchanged native/tonic defaults",
      "native_request_bytes": 425,
      "request_bytes": 425,
      "request_read_checksum": 14726774636673700279,
      "response_bytes_per_message": 425,
      "response_read_checksum": 14726774636673700279,
      "responses": 1
    },
    {
      "accepted_local_addr": "127.0.0.1:37143",
      "accepted_remote_addr": "127.0.0.1:55754",
      "accepted_socket_observer": "frozen reference TcpIncoming.with_nodelay(Some(true))",
      "accepted_tcp_nodelay": true,
      "equal_wire_work": true,
      "full_decoded_equality": true,
      "id": "rpc.tonic_transport.native_client_reference_server.query.d6.v2.server_stream",
      "input_wire_fingerprint": "fnv1a64:9275be6f5c83d4f3",
      "message_caps": "unchanged native/tonic defaults",
      "native_request_bytes": 425,
      "request_bytes": 425,
      "request_read_checksum": 14726774636673700279,
      "response_bytes_per_message": 425,
      "response_read_checksum": 14726774636673700279,
      "responses": 4
    },
    {
      "accepted_local_addr": "127.0.0.1:44567",
      "accepted_remote_addr": "127.0.0.1:34484",
      "accepted_socket_observer": "custom Incoming reproduces built-in native tcp::tune TCP_NODELAY=true",
      "accepted_tcp_nodelay": true,
      "equal_wire_work": true,
      "full_decoded_equality": true,
      "id": "rpc.tonic_transport.reference_client_native_server.query.d6.v2.unary",
      "input_wire_fingerprint": "fnv1a64:9275be6f5c83d4f3",
      "message_caps": "unchanged native/tonic defaults",
      "native_request_bytes": 425,
      "request_bytes": 425,
      "request_read_checksum": 14726774636673700279,
      "response_bytes_per_message": 425,
      "response_read_checksum": 14726774636673700279,
      "responses": 1
    },
    {
      "accepted_local_addr": "127.0.0.1:44365",
      "accepted_remote_addr": "127.0.0.1:35894",
      "accepted_socket_observer": "custom Incoming reproduces built-in native tcp::tune TCP_NODELAY=true",
      "accepted_tcp_nodelay": true,
      "equal_wire_work": true,
      "full_decoded_equality": true,
      "id": "rpc.tonic_transport.reference_client_native_server.query.d6.v2.server_stream",
      "input_wire_fingerprint": "fnv1a64:9275be6f5c83d4f3",
      "message_caps": "unchanged native/tonic defaults",
      "native_request_bytes": 425,
      "request_bytes": 425,
      "request_read_checksum": 14726774636673700279,
      "response_bytes_per_message": 425,
      "response_read_checksum": 14726774636673700279,
      "responses": 4
    },
    {
      "accepted_local_addr": "127.0.0.1:38355",
      "accepted_remote_addr": "127.0.0.1:42872",
      "accepted_socket_observer": "custom Incoming reproduces built-in native tcp::tune TCP_NODELAY=true",
      "accepted_tcp_nodelay": true,
      "equal_wire_work": true,
      "full_decoded_equality": true,
      "id": "rpc.tonic_transport.native_native.query.d6.v2.unary",
      "input_wire_fingerprint": "fnv1a64:9275be6f5c83d4f3",
      "message_caps": "unchanged native/tonic defaults",
      "native_request_bytes": 425,
      "request_bytes": 425,
      "request_read_checksum": 14726774636673700279,
      "response_bytes_per_message": 425,
      "response_read_checksum": 14726774636673700279,
      "responses": 1
    },
    {
      "accepted_local_addr": "127.0.0.1:45907",
      "accepted_remote_addr": "127.0.0.1:33134",
      "accepted_socket_observer": "custom Incoming reproduces built-in native tcp::tune TCP_NODELAY=true",
      "accepted_tcp_nodelay": true,
      "equal_wire_work": true,
      "full_decoded_equality": true,
      "id": "rpc.tonic_transport.native_native.query.d6.v2.server_stream",
      "input_wire_fingerprint": "fnv1a64:9275be6f5c83d4f3",
      "message_caps": "unchanged native/tonic defaults",
      "native_request_bytes": 425,
      "request_bytes": 425,
      "request_read_checksum": 14726774636673700279,
      "response_bytes_per_message": 425,
      "response_read_checksum": 14726774636673700279,
      "responses": 4
    },
    {
      "accepted_local_addr": "127.0.0.1:46345",
      "accepted_remote_addr": "127.0.0.1:55254",
      "accepted_socket_observer": "frozen reference TcpIncoming.with_nodelay(Some(true))",
      "accepted_tcp_nodelay": true,
      "equal_wire_work": true,
      "full_decoded_equality": true,
      "id": "rpc.tonic_transport.reference_reference.query.d6.v3.unary",
      "input_wire_fingerprint": "fnv1a64:064fd9793d33c53a",
      "message_caps": "unchanged native/tonic defaults",
      "native_request_bytes": 426,
      "request_bytes": 426,
      "request_read_checksum": 4926908065213140439,
      "response_bytes_per_message": 426,
      "response_read_checksum": 4926908065213140439,
      "responses": 1
    },
    {
      "accepted_local_addr": "127.0.0.1:34123",
      "accepted_remote_addr": "127.0.0.1:47960",
      "accepted_socket_observer": "frozen reference TcpIncoming.with_nodelay(Some(true))",
      "accepted_tcp_nodelay": true,
      "equal_wire_work": true,
      "full_decoded_equality": true,
      "id": "rpc.tonic_transport.reference_reference.query.d6.v3.server_stream",
      "input_wire_fingerprint": "fnv1a64:064fd9793d33c53a",
      "message_caps": "unchanged native/tonic defaults",
      "native_request_bytes": 426,
      "request_bytes": 426,
      "request_read_checksum": 4926908065213140439,
      "response_bytes_per_message": 426,
      "response_read_checksum": 4926908065213140439,
      "responses": 4
    },
    {
      "accepted_local_addr": "127.0.0.1:46605",
      "accepted_remote_addr": "127.0.0.1:45260",
      "accepted_socket_observer": "frozen reference TcpIncoming.with_nodelay(Some(true))",
      "accepted_tcp_nodelay": true,
      "equal_wire_work": true,
      "full_decoded_equality": true,
      "id": "rpc.tonic_transport.native_client_reference_server.query.d6.v3.unary",
      "input_wire_fingerprint": "fnv1a64:064fd9793d33c53a",
      "message_caps": "unchanged native/tonic defaults",
      "native_request_bytes": 426,
      "request_bytes": 426,
      "request_read_checksum": 4926908065213140439,
      "response_bytes_per_message": 426,
      "response_read_checksum": 4926908065213140439,
      "responses": 1
    },
    {
      "accepted_local_addr": "127.0.0.1:44567",
      "accepted_remote_addr": "127.0.0.1:34490",
      "accepted_socket_observer": "frozen reference TcpIncoming.with_nodelay(Some(true))",
      "accepted_tcp_nodelay": true,
      "equal_wire_work": true,
      "full_decoded_equality": true,
      "id": "rpc.tonic_transport.native_client_reference_server.query.d6.v3.server_stream",
      "input_wire_fingerprint": "fnv1a64:064fd9793d33c53a",
      "message_caps": "unchanged native/tonic defaults",
      "native_request_bytes": 426,
      "request_bytes": 426,
      "request_read_checksum": 4926908065213140439,
      "response_bytes_per_message": 426,
      "response_read_checksum": 4926908065213140439,
      "responses": 4
    },
    {
      "accepted_local_addr": "127.0.0.1:34681",
      "accepted_remote_addr": "127.0.0.1:56968",
      "accepted_socket_observer": "custom Incoming reproduces built-in native tcp::tune TCP_NODELAY=true",
      "accepted_tcp_nodelay": true,
      "equal_wire_work": true,
      "full_decoded_equality": true,
      "id": "rpc.tonic_transport.reference_client_native_server.query.d6.v3.unary",
      "input_wire_fingerprint": "fnv1a64:064fd9793d33c53a",
      "message_caps": "unchanged native/tonic defaults",
      "native_request_bytes": 426,
      "request_bytes": 426,
      "request_read_checksum": 4926908065213140439,
      "response_bytes_per_message": 426,
      "response_read_checksum": 4926908065213140439,
      "responses": 1
    },
    {
      "accepted_local_addr": "127.0.0.1:40983",
      "accepted_remote_addr": "127.0.0.1:48286",
      "accepted_socket_observer": "custom Incoming reproduces built-in native tcp::tune TCP_NODELAY=true",
      "accepted_tcp_nodelay": true,
      "equal_wire_work": true,
      "full_decoded_equality": true,
      "id": "rpc.tonic_transport.reference_client_native_server.query.d6.v3.server_stream",
      "input_wire_fingerprint": "fnv1a64:064fd9793d33c53a",
      "message_caps": "unchanged native/tonic defaults",
      "native_request_bytes": 426,
      "request_bytes": 426,
      "request_read_checksum": 4926908065213140439,
      "response_bytes_per_message": 426,
      "response_read_checksum": 4926908065213140439,
      "responses": 4
    },
    {
      "accepted_local_addr": "127.0.0.1:42221",
      "accepted_remote_addr": "127.0.0.1:56080",
      "accepted_socket_observer": "custom Incoming reproduces built-in native tcp::tune TCP_NODELAY=true",
      "accepted_tcp_nodelay": true,
      "equal_wire_work": true,
      "full_decoded_equality": true,
      "id": "rpc.tonic_transport.native_native.query.d6.v3.unary",
      "input_wire_fingerprint": "fnv1a64:064fd9793d33c53a",
      "message_caps": "unchanged native/tonic defaults",
      "native_request_bytes": 426,
      "request_bytes": 426,
      "request_read_checksum": 4926908065213140439,
      "response_bytes_per_message": 426,
      "response_read_checksum": 4926908065213140439,
      "responses": 1
    },
    {
      "accepted_local_addr": "127.0.0.1:45541",
      "accepted_remote_addr": "127.0.0.1:55232",
      "accepted_socket_observer": "custom Incoming reproduces built-in native tcp::tune TCP_NODELAY=true",
      "accepted_tcp_nodelay": true,
      "equal_wire_work": true,
      "full_decoded_equality": true,
      "id": "rpc.tonic_transport.native_native.query.d6.v3.server_stream",
      "input_wire_fingerprint": "fnv1a64:064fd9793d33c53a",
      "message_caps": "unchanged native/tonic defaults",
      "native_request_bytes": 426,
      "request_bytes": 426,
      "request_read_checksum": 4926908065213140439,
      "response_bytes_per_message": 426,
      "response_read_checksum": 4926908065213140439,
      "responses": 4
    },
    {
      "accepted_local_addr": "127.0.0.1:36965",
      "accepted_remote_addr": "127.0.0.1:60684",
      "accepted_socket_observer": "frozen reference TcpIncoming.with_nodelay(Some(true))",
      "accepted_tcp_nodelay": true,
      "equal_wire_work": true,
      "full_decoded_equality": true,
      "id": "rpc.tonic_transport.reference_reference.query.d6.v4.unary",
      "input_wire_fingerprint": "fnv1a64:2aa7b69010ef69c6",
      "message_caps": "unchanged native/tonic defaults",
      "native_request_bytes": 428,
      "request_bytes": 428,
      "request_read_checksum": 14063232175965257963,
      "response_bytes_per_message": 428,
      "response_read_checksum": 14063232175965257963,
      "responses": 1
    },
    {
      "accepted_local_addr": "127.0.0.1:39679",
      "accepted_remote_addr": "127.0.0.1:55312",
      "accepted_socket_observer": "frozen reference TcpIncoming.with_nodelay(Some(true))",
      "accepted_tcp_nodelay": true,
      "equal_wire_work": true,
      "full_decoded_equality": true,
      "id": "rpc.tonic_transport.reference_reference.query.d6.v4.server_stream",
      "input_wire_fingerprint": "fnv1a64:2aa7b69010ef69c6",
      "message_caps": "unchanged native/tonic defaults",
      "native_request_bytes": 428,
      "request_bytes": 428,
      "request_read_checksum": 14063232175965257963,
      "response_bytes_per_message": 428,
      "response_read_checksum": 14063232175965257963,
      "responses": 4
    },
    {
      "accepted_local_addr": "127.0.0.1:36373",
      "accepted_remote_addr": "127.0.0.1:52854",
      "accepted_socket_observer": "frozen reference TcpIncoming.with_nodelay(Some(true))",
      "accepted_tcp_nodelay": true,
      "equal_wire_work": true,
      "full_decoded_equality": true,
      "id": "rpc.tonic_transport.native_client_reference_server.query.d6.v4.unary",
      "input_wire_fingerprint": "fnv1a64:2aa7b69010ef69c6",
      "message_caps": "unchanged native/tonic defaults",
      "native_request_bytes": 428,
      "request_bytes": 428,
      "request_read_checksum": 14063232175965257963,
      "response_bytes_per_message": 428,
      "response_read_checksum": 14063232175965257963,
      "responses": 1
    },
    {
      "accepted_local_addr": "127.0.0.1:35889",
      "accepted_remote_addr": "127.0.0.1:54166",
      "accepted_socket_observer": "frozen reference TcpIncoming.with_nodelay(Some(true))",
      "accepted_tcp_nodelay": true,
      "equal_wire_work": true,
      "full_decoded_equality": true,
      "id": "rpc.tonic_transport.native_client_reference_server.query.d6.v4.server_stream",
      "input_wire_fingerprint": "fnv1a64:2aa7b69010ef69c6",
      "message_caps": "unchanged native/tonic defaults",
      "native_request_bytes": 428,
      "request_bytes": 428,
      "request_read_checksum": 14063232175965257963,
      "response_bytes_per_message": 428,
      "response_read_checksum": 14063232175965257963,
      "responses": 4
    },
    {
      "accepted_local_addr": "127.0.0.1:46273",
      "accepted_remote_addr": "127.0.0.1:49682",
      "accepted_socket_observer": "custom Incoming reproduces built-in native tcp::tune TCP_NODELAY=true",
      "accepted_tcp_nodelay": true,
      "equal_wire_work": true,
      "full_decoded_equality": true,
      "id": "rpc.tonic_transport.reference_client_native_server.query.d6.v4.unary",
      "input_wire_fingerprint": "fnv1a64:2aa7b69010ef69c6",
      "message_caps": "unchanged native/tonic defaults",
      "native_request_bytes": 428,
      "request_bytes": 428,
      "request_read_checksum": 14063232175965257963,
      "response_bytes_per_message": 428,
      "response_read_checksum": 14063232175965257963,
      "responses": 1
    },
    {
      "accepted_local_addr": "127.0.0.1:36949",
      "accepted_remote_addr": "127.0.0.1:37192",
      "accepted_socket_observer": "custom Incoming reproduces built-in native tcp::tune TCP_NODELAY=true",
      "accepted_tcp_nodelay": true,
      "equal_wire_work": true,
      "full_decoded_equality": true,
      "id": "rpc.tonic_transport.reference_client_native_server.query.d6.v4.server_stream",
      "input_wire_fingerprint": "fnv1a64:2aa7b69010ef69c6",
      "message_caps": "unchanged native/tonic defaults",
      "native_request_bytes": 428,
      "request_bytes": 428,
      "request_read_checksum": 14063232175965257963,
      "response_bytes_per_message": 428,
      "response_read_checksum": 14063232175965257963,
      "responses": 4
    },
    {
      "accepted_local_addr": "127.0.0.1:44003",
      "accepted_remote_addr": "127.0.0.1:54882",
      "accepted_socket_observer": "custom Incoming reproduces built-in native tcp::tune TCP_NODELAY=true",
      "accepted_tcp_nodelay": true,
      "equal_wire_work": true,
      "full_decoded_equality": true,
      "id": "rpc.tonic_transport.native_native.query.d6.v4.unary",
      "input_wire_fingerprint": "fnv1a64:2aa7b69010ef69c6",
      "message_caps": "unchanged native/tonic defaults",
      "native_request_bytes": 428,
      "request_bytes": 428,
      "request_read_checksum": 14063232175965257963,
      "response_bytes_per_message": 428,
      "response_read_checksum": 14063232175965257963,
      "responses": 1
    },
    {
      "accepted_local_addr": "127.0.0.1:46237",
      "accepted_remote_addr": "127.0.0.1:58628",
      "accepted_socket_observer": "custom Incoming reproduces built-in native tcp::tune TCP_NODELAY=true",
      "accepted_tcp_nodelay": true,
      "equal_wire_work": true,
      "full_decoded_equality": true,
      "id": "rpc.tonic_transport.native_native.query.d6.v4.server_stream",
      "input_wire_fingerprint": "fnv1a64:2aa7b69010ef69c6",
      "message_caps": "unchanged native/tonic defaults",
      "native_request_bytes": 428,
      "request_bytes": 428,
      "request_read_checksum": 14063232175965257963,
      "response_bytes_per_message": 428,
      "response_read_checksum": 14063232175965257963,
      "responses": 4
    },
    {
      "accepted_local_addr": "127.0.0.1:42259",
      "accepted_remote_addr": "127.0.0.1:35996",
      "accepted_socket_observer": "frozen reference TcpIncoming.with_nodelay(Some(true))",
      "accepted_tcp_nodelay": true,
      "equal_wire_work": true,
      "full_decoded_equality": true,
      "id": "rpc.tonic_transport.reference_reference.query.d6.v5.unary",
      "input_wire_fingerprint": "fnv1a64:14dbcdece15379f8",
      "message_caps": "unchanged native/tonic defaults",
      "native_request_bytes": 436,
      "request_bytes": 436,
      "request_read_checksum": 6695912682848346212,
      "response_bytes_per_message": 436,
      "response_read_checksum": 6695912682848346212,
      "responses": 1
    },
    {
      "accepted_local_addr": "127.0.0.1:40279",
      "accepted_remote_addr": "127.0.0.1:59800",
      "accepted_socket_observer": "frozen reference TcpIncoming.with_nodelay(Some(true))",
      "accepted_tcp_nodelay": true,
      "equal_wire_work": true,
      "full_decoded_equality": true,
      "id": "rpc.tonic_transport.reference_reference.query.d6.v5.server_stream",
      "input_wire_fingerprint": "fnv1a64:14dbcdece15379f8",
      "message_caps": "unchanged native/tonic defaults",
      "native_request_bytes": 436,
      "request_bytes": 436,
      "request_read_checksum": 6695912682848346212,
      "response_bytes_per_message": 436,
      "response_read_checksum": 6695912682848346212,
      "responses": 4
    },
    {
      "accepted_local_addr": "127.0.0.1:39233",
      "accepted_remote_addr": "127.0.0.1:56512",
      "accepted_socket_observer": "frozen reference TcpIncoming.with_nodelay(Some(true))",
      "accepted_tcp_nodelay": true,
      "equal_wire_work": true,
      "full_decoded_equality": true,
      "id": "rpc.tonic_transport.native_client_reference_server.query.d6.v5.unary",
      "input_wire_fingerprint": "fnv1a64:14dbcdece15379f8",
      "message_caps": "unchanged native/tonic defaults",
      "native_request_bytes": 436,
      "request_bytes": 436,
      "request_read_checksum": 6695912682848346212,
      "response_bytes_per_message": 436,
      "response_read_checksum": 6695912682848346212,
      "responses": 1
    },
    {
      "accepted_local_addr": "127.0.0.1:41583",
      "accepted_remote_addr": "127.0.0.1:57512",
      "accepted_socket_observer": "frozen reference TcpIncoming.with_nodelay(Some(true))",
      "accepted_tcp_nodelay": true,
      "equal_wire_work": true,
      "full_decoded_equality": true,
      "id": "rpc.tonic_transport.native_client_reference_server.query.d6.v5.server_stream",
      "input_wire_fingerprint": "fnv1a64:14dbcdece15379f8",
      "message_caps": "unchanged native/tonic defaults",
      "native_request_bytes": 436,
      "request_bytes": 436,
      "request_read_checksum": 6695912682848346212,
      "response_bytes_per_message": 436,
      "response_read_checksum": 6695912682848346212,
      "responses": 4
    },
    {
      "accepted_local_addr": "127.0.0.1:34263",
      "accepted_remote_addr": "127.0.0.1:48076",
      "accepted_socket_observer": "custom Incoming reproduces built-in native tcp::tune TCP_NODELAY=true",
      "accepted_tcp_nodelay": true,
      "equal_wire_work": true,
      "full_decoded_equality": true,
      "id": "rpc.tonic_transport.reference_client_native_server.query.d6.v5.unary",
      "input_wire_fingerprint": "fnv1a64:14dbcdece15379f8",
      "message_caps": "unchanged native/tonic defaults",
      "native_request_bytes": 436,
      "request_bytes": 436,
      "request_read_checksum": 6695912682848346212,
      "response_bytes_per_message": 436,
      "response_read_checksum": 6695912682848346212,
      "responses": 1
    },
    {
      "accepted_local_addr": "127.0.0.1:38795",
      "accepted_remote_addr": "127.0.0.1:48436",
      "accepted_socket_observer": "custom Incoming reproduces built-in native tcp::tune TCP_NODELAY=true",
      "accepted_tcp_nodelay": true,
      "equal_wire_work": true,
      "full_decoded_equality": true,
      "id": "rpc.tonic_transport.reference_client_native_server.query.d6.v5.server_stream",
      "input_wire_fingerprint": "fnv1a64:14dbcdece15379f8",
      "message_caps": "unchanged native/tonic defaults",
      "native_request_bytes": 436,
      "request_bytes": 436,
      "request_read_checksum": 6695912682848346212,
      "response_bytes_per_message": 436,
      "response_read_checksum": 6695912682848346212,
      "responses": 4
    },
    {
      "accepted_local_addr": "127.0.0.1:46793",
      "accepted_remote_addr": "127.0.0.1:37118",
      "accepted_socket_observer": "custom Incoming reproduces built-in native tcp::tune TCP_NODELAY=true",
      "accepted_tcp_nodelay": true,
      "equal_wire_work": true,
      "full_decoded_equality": true,
      "id": "rpc.tonic_transport.native_native.query.d6.v5.unary",
      "input_wire_fingerprint": "fnv1a64:14dbcdece15379f8",
      "message_caps": "unchanged native/tonic defaults",
      "native_request_bytes": 436,
      "request_bytes": 436,
      "request_read_checksum": 6695912682848346212,
      "response_bytes_per_message": 436,
      "response_read_checksum": 6695912682848346212,
      "responses": 1
    },
    {
      "accepted_local_addr": "127.0.0.1:36623",
      "accepted_remote_addr": "127.0.0.1:40340",
      "accepted_socket_observer": "custom Incoming reproduces built-in native tcp::tune TCP_NODELAY=true",
      "accepted_tcp_nodelay": true,
      "equal_wire_work": true,
      "full_decoded_equality": true,
      "id": "rpc.tonic_transport.native_native.query.d6.v5.server_stream",
      "input_wire_fingerprint": "fnv1a64:14dbcdece15379f8",
      "message_caps": "unchanged native/tonic defaults",
      "native_request_bytes": 436,
      "request_bytes": 436,
      "request_read_checksum": 6695912682848346212,
      "response_bytes_per_message": 436,
      "response_read_checksum": 6695912682848346212,
      "responses": 4
    },
    {
      "accepted_local_addr": "127.0.0.1:35641",
      "accepted_remote_addr": "127.0.0.1:34146",
      "accepted_socket_observer": "frozen reference TcpIncoming.with_nodelay(Some(true))",
      "accepted_tcp_nodelay": true,
      "equal_wire_work": true,
      "full_decoded_equality": true,
      "id": "rpc.tonic_transport.reference_reference.query.d6.v6.unary",
      "input_wire_fingerprint": "fnv1a64:d1e8e5a8be08c5ad",
      "message_caps": "unchanged native/tonic defaults",
      "native_request_bytes": 449,
      "request_bytes": 449,
      "request_read_checksum": 376621836473303606,
      "response_bytes_per_message": 449,
      "response_read_checksum": 376621836473303606,
      "responses": 1
    },
    {
      "accepted_local_addr": "127.0.0.1:38923",
      "accepted_remote_addr": "127.0.0.1:37770",
      "accepted_socket_observer": "frozen reference TcpIncoming.with_nodelay(Some(true))",
      "accepted_tcp_nodelay": true,
      "equal_wire_work": true,
      "full_decoded_equality": true,
      "id": "rpc.tonic_transport.reference_reference.query.d6.v6.server_stream",
      "input_wire_fingerprint": "fnv1a64:d1e8e5a8be08c5ad",
      "message_caps": "unchanged native/tonic defaults",
      "native_request_bytes": 449,
      "request_bytes": 449,
      "request_read_checksum": 376621836473303606,
      "response_bytes_per_message": 449,
      "response_read_checksum": 376621836473303606,
      "responses": 4
    },
    {
      "accepted_local_addr": "127.0.0.1:46209",
      "accepted_remote_addr": "127.0.0.1:53070",
      "accepted_socket_observer": "frozen reference TcpIncoming.with_nodelay(Some(true))",
      "accepted_tcp_nodelay": true,
      "equal_wire_work": true,
      "full_decoded_equality": true,
      "id": "rpc.tonic_transport.native_client_reference_server.query.d6.v6.unary",
      "input_wire_fingerprint": "fnv1a64:d1e8e5a8be08c5ad",
      "message_caps": "unchanged native/tonic defaults",
      "native_request_bytes": 449,
      "request_bytes": 449,
      "request_read_checksum": 376621836473303606,
      "response_bytes_per_message": 449,
      "response_read_checksum": 376621836473303606,
      "responses": 1
    },
    {
      "accepted_local_addr": "127.0.0.1:44819",
      "accepted_remote_addr": "127.0.0.1:43960",
      "accepted_socket_observer": "frozen reference TcpIncoming.with_nodelay(Some(true))",
      "accepted_tcp_nodelay": true,
      "equal_wire_work": true,
      "full_decoded_equality": true,
      "id": "rpc.tonic_transport.native_client_reference_server.query.d6.v6.server_stream",
      "input_wire_fingerprint": "fnv1a64:d1e8e5a8be08c5ad",
      "message_caps": "unchanged native/tonic defaults",
      "native_request_bytes": 449,
      "request_bytes": 449,
      "request_read_checksum": 376621836473303606,
      "response_bytes_per_message": 449,
      "response_read_checksum": 376621836473303606,
      "responses": 4
    },
    {
      "accepted_local_addr": "127.0.0.1:40209",
      "accepted_remote_addr": "127.0.0.1:38832",
      "accepted_socket_observer": "custom Incoming reproduces built-in native tcp::tune TCP_NODELAY=true",
      "accepted_tcp_nodelay": true,
      "equal_wire_work": true,
      "full_decoded_equality": true,
      "id": "rpc.tonic_transport.reference_client_native_server.query.d6.v6.unary",
      "input_wire_fingerprint": "fnv1a64:d1e8e5a8be08c5ad",
      "message_caps": "unchanged native/tonic defaults",
      "native_request_bytes": 449,
      "request_bytes": 449,
      "request_read_checksum": 376621836473303606,
      "response_bytes_per_message": 449,
      "response_read_checksum": 376621836473303606,
      "responses": 1
    },
    {
      "accepted_local_addr": "127.0.0.1:36897",
      "accepted_remote_addr": "127.0.0.1:46360",
      "accepted_socket_observer": "custom Incoming reproduces built-in native tcp::tune TCP_NODELAY=true",
      "accepted_tcp_nodelay": true,
      "equal_wire_work": true,
      "full_decoded_equality": true,
      "id": "rpc.tonic_transport.reference_client_native_server.query.d6.v6.server_stream",
      "input_wire_fingerprint": "fnv1a64:d1e8e5a8be08c5ad",
      "message_caps": "unchanged native/tonic defaults",
      "native_request_bytes": 449,
      "request_bytes": 449,
      "request_read_checksum": 376621836473303606,
      "response_bytes_per_message": 449,
      "response_read_checksum": 376621836473303606,
      "responses": 4
    },
    {
      "accepted_local_addr": "127.0.0.1:37865",
      "accepted_remote_addr": "127.0.0.1:46372",
      "accepted_socket_observer": "custom Incoming reproduces built-in native tcp::tune TCP_NODELAY=true",
      "accepted_tcp_nodelay": true,
      "equal_wire_work": true,
      "full_decoded_equality": true,
      "id": "rpc.tonic_transport.native_native.query.d6.v6.unary",
      "input_wire_fingerprint": "fnv1a64:d1e8e5a8be08c5ad",
      "message_caps": "unchanged native/tonic defaults",
      "native_request_bytes": 449,
      "request_bytes": 449,
      "request_read_checksum": 376621836473303606,
      "response_bytes_per_message": 449,
      "response_read_checksum": 376621836473303606,
      "responses": 1
    },
    {
      "accepted_local_addr": "127.0.0.1:35899",
      "accepted_remote_addr": "127.0.0.1:48448",
      "accepted_socket_observer": "custom Incoming reproduces built-in native tcp::tune TCP_NODELAY=true",
      "accepted_tcp_nodelay": true,
      "equal_wire_work": true,
      "full_decoded_equality": true,
      "id": "rpc.tonic_transport.native_native.query.d6.v6.server_stream",
      "input_wire_fingerprint": "fnv1a64:d1e8e5a8be08c5ad",
      "message_caps": "unchanged native/tonic defaults",
      "native_request_bytes": 449,
      "request_bytes": 449,
      "request_read_checksum": 376621836473303606,
      "response_bytes_per_message": 449,
      "response_read_checksum": 376621836473303606,
      "responses": 4
    },
    {
      "accepted_local_addr": "127.0.0.1:41283",
      "accepted_remote_addr": "127.0.0.1:53528",
      "accepted_socket_observer": "frozen reference TcpIncoming.with_nodelay(Some(true))",
      "accepted_tcp_nodelay": true,
      "equal_wire_work": true,
      "full_decoded_equality": true,
      "id": "rpc.tonic_transport.reference_reference.query.d6.v7.unary",
      "input_wire_fingerprint": "fnv1a64:92bbe72a7680a111",
      "message_caps": "unchanged native/tonic defaults",
      "native_request_bytes": 451,
      "request_bytes": 451,
      "request_read_checksum": 17237119905577766526,
      "response_bytes_per_message": 451,
      "response_read_checksum": 17237119905577766526,
      "responses": 1
    },
    {
      "accepted_local_addr": "127.0.0.1:39423",
      "accepted_remote_addr": "127.0.0.1:51308",
      "accepted_socket_observer": "frozen reference TcpIncoming.with_nodelay(Some(true))",
      "accepted_tcp_nodelay": true,
      "equal_wire_work": true,
      "full_decoded_equality": true,
      "id": "rpc.tonic_transport.reference_reference.query.d6.v7.server_stream",
      "input_wire_fingerprint": "fnv1a64:92bbe72a7680a111",
      "message_caps": "unchanged native/tonic defaults",
      "native_request_bytes": 451,
      "request_bytes": 451,
      "request_read_checksum": 17237119905577766526,
      "response_bytes_per_message": 451,
      "response_read_checksum": 17237119905577766526,
      "responses": 4
    },
    {
      "accepted_local_addr": "127.0.0.1:40425",
      "accepted_remote_addr": "127.0.0.1:56838",
      "accepted_socket_observer": "frozen reference TcpIncoming.with_nodelay(Some(true))",
      "accepted_tcp_nodelay": true,
      "equal_wire_work": true,
      "full_decoded_equality": true,
      "id": "rpc.tonic_transport.native_client_reference_server.query.d6.v7.unary",
      "input_wire_fingerprint": "fnv1a64:92bbe72a7680a111",
      "message_caps": "unchanged native/tonic defaults",
      "native_request_bytes": 451,
      "request_bytes": 451,
      "request_read_checksum": 17237119905577766526,
      "response_bytes_per_message": 451,
      "response_read_checksum": 17237119905577766526,
      "responses": 1
    },
    {
      "accepted_local_addr": "127.0.0.1:37659",
      "accepted_remote_addr": "127.0.0.1:38506",
      "accepted_socket_observer": "frozen reference TcpIncoming.with_nodelay(Some(true))",
      "accepted_tcp_nodelay": true,
      "equal_wire_work": true,
      "full_decoded_equality": true,
      "id": "rpc.tonic_transport.native_client_reference_server.query.d6.v7.server_stream",
      "input_wire_fingerprint": "fnv1a64:92bbe72a7680a111",
      "message_caps": "unchanged native/tonic defaults",
      "native_request_bytes": 451,
      "request_bytes": 451,
      "request_read_checksum": 17237119905577766526,
      "response_bytes_per_message": 451,
      "response_read_checksum": 17237119905577766526,
      "responses": 4
    },
    {
      "accepted_local_addr": "127.0.0.1:43213",
      "accepted_remote_addr": "127.0.0.1:60744",
      "accepted_socket_observer": "custom Incoming reproduces built-in native tcp::tune TCP_NODELAY=true",
      "accepted_tcp_nodelay": true,
      "equal_wire_work": true,
      "full_decoded_equality": true,
      "id": "rpc.tonic_transport.reference_client_native_server.query.d6.v7.unary",
      "input_wire_fingerprint": "fnv1a64:92bbe72a7680a111",
      "message_caps": "unchanged native/tonic defaults",
      "native_request_bytes": 451,
      "request_bytes": 451,
      "request_read_checksum": 17237119905577766526,
      "response_bytes_per_message": 451,
      "response_read_checksum": 17237119905577766526,
      "responses": 1
    },
    {
      "accepted_local_addr": "127.0.0.1:36431",
      "accepted_remote_addr": "127.0.0.1:45766",
      "accepted_socket_observer": "custom Incoming reproduces built-in native tcp::tune TCP_NODELAY=true",
      "accepted_tcp_nodelay": true,
      "equal_wire_work": true,
      "full_decoded_equality": true,
      "id": "rpc.tonic_transport.reference_client_native_server.query.d6.v7.server_stream",
      "input_wire_fingerprint": "fnv1a64:92bbe72a7680a111",
      "message_caps": "unchanged native/tonic defaults",
      "native_request_bytes": 451,
      "request_bytes": 451,
      "request_read_checksum": 17237119905577766526,
      "response_bytes_per_message": 451,
      "response_read_checksum": 17237119905577766526,
      "responses": 4
    },
    {
      "accepted_local_addr": "127.0.0.1:42531",
      "accepted_remote_addr": "127.0.0.1:60858",
      "accepted_socket_observer": "custom Incoming reproduces built-in native tcp::tune TCP_NODELAY=true",
      "accepted_tcp_nodelay": true,
      "equal_wire_work": true,
      "full_decoded_equality": true,
      "id": "rpc.tonic_transport.native_native.query.d6.v7.unary",
      "input_wire_fingerprint": "fnv1a64:92bbe72a7680a111",
      "message_caps": "unchanged native/tonic defaults",
      "native_request_bytes": 451,
      "request_bytes": 451,
      "request_read_checksum": 17237119905577766526,
      "response_bytes_per_message": 451,
      "response_read_checksum": 17237119905577766526,
      "responses": 1
    },
    {
      "accepted_local_addr": "127.0.0.1:46127",
      "accepted_remote_addr": "127.0.0.1:35228",
      "accepted_socket_observer": "custom Incoming reproduces built-in native tcp::tune TCP_NODELAY=true",
      "accepted_tcp_nodelay": true,
      "equal_wire_work": true,
      "full_decoded_equality": true,
      "id": "rpc.tonic_transport.native_native.query.d6.v7.server_stream",
      "input_wire_fingerprint": "fnv1a64:92bbe72a7680a111",
      "message_caps": "unchanged native/tonic defaults",
      "native_request_bytes": 451,
      "request_bytes": 451,
      "request_read_checksum": 17237119905577766526,
      "response_bytes_per_message": 451,
      "response_read_checksum": 17237119905577766526,
      "responses": 4
    },
    {
      "accepted_local_addr": "127.0.0.1:40313",
      "accepted_remote_addr": "127.0.0.1:35212",
      "accepted_socket_observer": "frozen reference TcpIncoming.with_nodelay(Some(true))",
      "accepted_tcp_nodelay": true,
      "equal_wire_work": true,
      "full_decoded_equality": true,
      "id": "rpc.tonic_transport.reference_reference.query.d7.v0.unary",
      "input_wire_fingerprint": "fnv1a64:fcbdf9ad3469daea",
      "message_caps": "unchanged native/tonic defaults",
      "native_request_bytes": 488,
      "request_bytes": 488,
      "request_read_checksum": 17329302925935396484,
      "response_bytes_per_message": 488,
      "response_read_checksum": 17329302925935396484,
      "responses": 1
    },
    {
      "accepted_local_addr": "127.0.0.1:45671",
      "accepted_remote_addr": "127.0.0.1:58906",
      "accepted_socket_observer": "frozen reference TcpIncoming.with_nodelay(Some(true))",
      "accepted_tcp_nodelay": true,
      "equal_wire_work": true,
      "full_decoded_equality": true,
      "id": "rpc.tonic_transport.reference_reference.query.d7.v0.server_stream",
      "input_wire_fingerprint": "fnv1a64:fcbdf9ad3469daea",
      "message_caps": "unchanged native/tonic defaults",
      "native_request_bytes": 488,
      "request_bytes": 488,
      "request_read_checksum": 17329302925935396484,
      "response_bytes_per_message": 488,
      "response_read_checksum": 17329302925935396484,
      "responses": 4
    },
    {
      "accepted_local_addr": "127.0.0.1:46221",
      "accepted_remote_addr": "127.0.0.1:46952",
      "accepted_socket_observer": "frozen reference TcpIncoming.with_nodelay(Some(true))",
      "accepted_tcp_nodelay": true,
      "equal_wire_work": true,
      "full_decoded_equality": true,
      "id": "rpc.tonic_transport.native_client_reference_server.query.d7.v0.unary",
      "input_wire_fingerprint": "fnv1a64:fcbdf9ad3469daea",
      "message_caps": "unchanged native/tonic defaults",
      "native_request_bytes": 488,
      "request_bytes": 488,
      "request_read_checksum": 17329302925935396484,
      "response_bytes_per_message": 488,
      "response_read_checksum": 17329302925935396484,
      "responses": 1
    },
    {
      "accepted_local_addr": "127.0.0.1:41319",
      "accepted_remote_addr": "127.0.0.1:35006",
      "accepted_socket_observer": "frozen reference TcpIncoming.with_nodelay(Some(true))",
      "accepted_tcp_nodelay": true,
      "equal_wire_work": true,
      "full_decoded_equality": true,
      "id": "rpc.tonic_transport.native_client_reference_server.query.d7.v0.server_stream",
      "input_wire_fingerprint": "fnv1a64:fcbdf9ad3469daea",
      "message_caps": "unchanged native/tonic defaults",
      "native_request_bytes": 488,
      "request_bytes": 488,
      "request_read_checksum": 17329302925935396484,
      "response_bytes_per_message": 488,
      "response_read_checksum": 17329302925935396484,
      "responses": 4
    },
    {
      "accepted_local_addr": "127.0.0.1:36365",
      "accepted_remote_addr": "127.0.0.1:34564",
      "accepted_socket_observer": "custom Incoming reproduces built-in native tcp::tune TCP_NODELAY=true",
      "accepted_tcp_nodelay": true,
      "equal_wire_work": true,
      "full_decoded_equality": true,
      "id": "rpc.tonic_transport.reference_client_native_server.query.d7.v0.unary",
      "input_wire_fingerprint": "fnv1a64:fcbdf9ad3469daea",
      "message_caps": "unchanged native/tonic defaults",
      "native_request_bytes": 488,
      "request_bytes": 488,
      "request_read_checksum": 17329302925935396484,
      "response_bytes_per_message": 488,
      "response_read_checksum": 17329302925935396484,
      "responses": 1
    },
    {
      "accepted_local_addr": "127.0.0.1:37695",
      "accepted_remote_addr": "127.0.0.1:43774",
      "accepted_socket_observer": "custom Incoming reproduces built-in native tcp::tune TCP_NODELAY=true",
      "accepted_tcp_nodelay": true,
      "equal_wire_work": true,
      "full_decoded_equality": true,
      "id": "rpc.tonic_transport.reference_client_native_server.query.d7.v0.server_stream",
      "input_wire_fingerprint": "fnv1a64:fcbdf9ad3469daea",
      "message_caps": "unchanged native/tonic defaults",
      "native_request_bytes": 488,
      "request_bytes": 488,
      "request_read_checksum": 17329302925935396484,
      "response_bytes_per_message": 488,
      "response_read_checksum": 17329302925935396484,
      "responses": 4
    },
    {
      "accepted_local_addr": "127.0.0.1:40101",
      "accepted_remote_addr": "127.0.0.1:50462",
      "accepted_socket_observer": "custom Incoming reproduces built-in native tcp::tune TCP_NODELAY=true",
      "accepted_tcp_nodelay": true,
      "equal_wire_work": true,
      "full_decoded_equality": true,
      "id": "rpc.tonic_transport.native_native.query.d7.v0.unary",
      "input_wire_fingerprint": "fnv1a64:fcbdf9ad3469daea",
      "message_caps": "unchanged native/tonic defaults",
      "native_request_bytes": 488,
      "request_bytes": 488,
      "request_read_checksum": 17329302925935396484,
      "response_bytes_per_message": 488,
      "response_read_checksum": 17329302925935396484,
      "responses": 1
    },
    {
      "accepted_local_addr": "127.0.0.1:34823",
      "accepted_remote_addr": "127.0.0.1:38686",
      "accepted_socket_observer": "custom Incoming reproduces built-in native tcp::tune TCP_NODELAY=true",
      "accepted_tcp_nodelay": true,
      "equal_wire_work": true,
      "full_decoded_equality": true,
      "id": "rpc.tonic_transport.native_native.query.d7.v0.server_stream",
      "input_wire_fingerprint": "fnv1a64:fcbdf9ad3469daea",
      "message_caps": "unchanged native/tonic defaults",
      "native_request_bytes": 488,
      "request_bytes": 488,
      "request_read_checksum": 17329302925935396484,
      "response_bytes_per_message": 488,
      "response_read_checksum": 17329302925935396484,
      "responses": 4
    },
    {
      "accepted_local_addr": "127.0.0.1:36985",
      "accepted_remote_addr": "127.0.0.1:39504",
      "accepted_socket_observer": "frozen reference TcpIncoming.with_nodelay(Some(true))",
      "accepted_tcp_nodelay": true,
      "equal_wire_work": true,
      "full_decoded_equality": true,
      "id": "rpc.tonic_transport.reference_reference.query.d7.v1.unary",
      "input_wire_fingerprint": "fnv1a64:e9a91a25ac5e9792",
      "message_caps": "unchanged native/tonic defaults",
      "native_request_bytes": 483,
      "request_bytes": 483,
      "request_read_checksum": 17132489420393722685,
      "response_bytes_per_message": 483,
      "response_read_checksum": 17132489420393722685,
      "responses": 1
    },
    {
      "accepted_local_addr": "127.0.0.1:39489",
      "accepted_remote_addr": "127.0.0.1:34642",
      "accepted_socket_observer": "frozen reference TcpIncoming.with_nodelay(Some(true))",
      "accepted_tcp_nodelay": true,
      "equal_wire_work": true,
      "full_decoded_equality": true,
      "id": "rpc.tonic_transport.reference_reference.query.d7.v1.server_stream",
      "input_wire_fingerprint": "fnv1a64:e9a91a25ac5e9792",
      "message_caps": "unchanged native/tonic defaults",
      "native_request_bytes": 483,
      "request_bytes": 483,
      "request_read_checksum": 17132489420393722685,
      "response_bytes_per_message": 483,
      "response_read_checksum": 17132489420393722685,
      "responses": 4
    },
    {
      "accepted_local_addr": "127.0.0.1:39275",
      "accepted_remote_addr": "127.0.0.1:45878",
      "accepted_socket_observer": "frozen reference TcpIncoming.with_nodelay(Some(true))",
      "accepted_tcp_nodelay": true,
      "equal_wire_work": true,
      "full_decoded_equality": true,
      "id": "rpc.tonic_transport.native_client_reference_server.query.d7.v1.unary",
      "input_wire_fingerprint": "fnv1a64:e9a91a25ac5e9792",
      "message_caps": "unchanged native/tonic defaults",
      "native_request_bytes": 483,
      "request_bytes": 483,
      "request_read_checksum": 17132489420393722685,
      "response_bytes_per_message": 483,
      "response_read_checksum": 17132489420393722685,
      "responses": 1
    },
    {
      "accepted_local_addr": "127.0.0.1:36935",
      "accepted_remote_addr": "127.0.0.1:33676",
      "accepted_socket_observer": "frozen reference TcpIncoming.with_nodelay(Some(true))",
      "accepted_tcp_nodelay": true,
      "equal_wire_work": true,
      "full_decoded_equality": true,
      "id": "rpc.tonic_transport.native_client_reference_server.query.d7.v1.server_stream",
      "input_wire_fingerprint": "fnv1a64:e9a91a25ac5e9792",
      "message_caps": "unchanged native/tonic defaults",
      "native_request_bytes": 483,
      "request_bytes": 483,
      "request_read_checksum": 17132489420393722685,
      "response_bytes_per_message": 483,
      "response_read_checksum": 17132489420393722685,
      "responses": 4
    },
    {
      "accepted_local_addr": "127.0.0.1:45443",
      "accepted_remote_addr": "127.0.0.1:34468",
      "accepted_socket_observer": "custom Incoming reproduces built-in native tcp::tune TCP_NODELAY=true",
      "accepted_tcp_nodelay": true,
      "equal_wire_work": true,
      "full_decoded_equality": true,
      "id": "rpc.tonic_transport.reference_client_native_server.query.d7.v1.unary",
      "input_wire_fingerprint": "fnv1a64:e9a91a25ac5e9792",
      "message_caps": "unchanged native/tonic defaults",
      "native_request_bytes": 483,
      "request_bytes": 483,
      "request_read_checksum": 17132489420393722685,
      "response_bytes_per_message": 483,
      "response_read_checksum": 17132489420393722685,
      "responses": 1
    },
    {
      "accepted_local_addr": "127.0.0.1:33587",
      "accepted_remote_addr": "127.0.0.1:37754",
      "accepted_socket_observer": "custom Incoming reproduces built-in native tcp::tune TCP_NODELAY=true",
      "accepted_tcp_nodelay": true,
      "equal_wire_work": true,
      "full_decoded_equality": true,
      "id": "rpc.tonic_transport.reference_client_native_server.query.d7.v1.server_stream",
      "input_wire_fingerprint": "fnv1a64:e9a91a25ac5e9792",
      "message_caps": "unchanged native/tonic defaults",
      "native_request_bytes": 483,
      "request_bytes": 483,
      "request_read_checksum": 17132489420393722685,
      "response_bytes_per_message": 483,
      "response_read_checksum": 17132489420393722685,
      "responses": 4
    },
    {
      "accepted_local_addr": "127.0.0.1:38177",
      "accepted_remote_addr": "127.0.0.1:43654",
      "accepted_socket_observer": "custom Incoming reproduces built-in native tcp::tune TCP_NODELAY=true",
      "accepted_tcp_nodelay": true,
      "equal_wire_work": true,
      "full_decoded_equality": true,
      "id": "rpc.tonic_transport.native_native.query.d7.v1.unary",
      "input_wire_fingerprint": "fnv1a64:e9a91a25ac5e9792",
      "message_caps": "unchanged native/tonic defaults",
      "native_request_bytes": 483,
      "request_bytes": 483,
      "request_read_checksum": 17132489420393722685,
      "response_bytes_per_message": 483,
      "response_read_checksum": 17132489420393722685,
      "responses": 1
    },
    {
      "accepted_local_addr": "127.0.0.1:41205",
      "accepted_remote_addr": "127.0.0.1:44562",
      "accepted_socket_observer": "custom Incoming reproduces built-in native tcp::tune TCP_NODELAY=true",
      "accepted_tcp_nodelay": true,
      "equal_wire_work": true,
      "full_decoded_equality": true,
      "id": "rpc.tonic_transport.native_native.query.d7.v1.server_stream",
      "input_wire_fingerprint": "fnv1a64:e9a91a25ac5e9792",
      "message_caps": "unchanged native/tonic defaults",
      "native_request_bytes": 483,
      "request_bytes": 483,
      "request_read_checksum": 17132489420393722685,
      "response_bytes_per_message": 483,
      "response_read_checksum": 17132489420393722685,
      "responses": 4
    },
    {
      "accepted_local_addr": "127.0.0.1:39407",
      "accepted_remote_addr": "127.0.0.1:52706",
      "accepted_socket_observer": "frozen reference TcpIncoming.with_nodelay(Some(true))",
      "accepted_tcp_nodelay": true,
      "equal_wire_work": true,
      "full_decoded_equality": true,
      "id": "rpc.tonic_transport.reference_reference.query.d7.v2.unary",
      "input_wire_fingerprint": "fnv1a64:7cf668a96559f245",
      "message_caps": "unchanged native/tonic defaults",
      "native_request_bytes": 492,
      "request_bytes": 492,
      "request_read_checksum": 9916094205207592122,
      "response_bytes_per_message": 492,
      "response_read_checksum": 9916094205207592122,
      "responses": 1
    },
    {
      "accepted_local_addr": "127.0.0.1:45809",
      "accepted_remote_addr": "127.0.0.1:43788",
      "accepted_socket_observer": "frozen reference TcpIncoming.with_nodelay(Some(true))",
      "accepted_tcp_nodelay": true,
      "equal_wire_work": true,
      "full_decoded_equality": true,
      "id": "rpc.tonic_transport.reference_reference.query.d7.v2.server_stream",
      "input_wire_fingerprint": "fnv1a64:7cf668a96559f245",
      "message_caps": "unchanged native/tonic defaults",
      "native_request_bytes": 492,
      "request_bytes": 492,
      "request_read_checksum": 9916094205207592122,
      "response_bytes_per_message": 492,
      "response_read_checksum": 9916094205207592122,
      "responses": 4
    },
    {
      "accepted_local_addr": "127.0.0.1:33065",
      "accepted_remote_addr": "127.0.0.1:47496",
      "accepted_socket_observer": "frozen reference TcpIncoming.with_nodelay(Some(true))",
      "accepted_tcp_nodelay": true,
      "equal_wire_work": true,
      "full_decoded_equality": true,
      "id": "rpc.tonic_transport.native_client_reference_server.query.d7.v2.unary",
      "input_wire_fingerprint": "fnv1a64:7cf668a96559f245",
      "message_caps": "unchanged native/tonic defaults",
      "native_request_bytes": 492,
      "request_bytes": 492,
      "request_read_checksum": 9916094205207592122,
      "response_bytes_per_message": 492,
      "response_read_checksum": 9916094205207592122,
      "responses": 1
    },
    {
      "accepted_local_addr": "127.0.0.1:41813",
      "accepted_remote_addr": "127.0.0.1:41626",
      "accepted_socket_observer": "frozen reference TcpIncoming.with_nodelay(Some(true))",
      "accepted_tcp_nodelay": true,
      "equal_wire_work": true,
      "full_decoded_equality": true,
      "id": "rpc.tonic_transport.native_client_reference_server.query.d7.v2.server_stream",
      "input_wire_fingerprint": "fnv1a64:7cf668a96559f245",
      "message_caps": "unchanged native/tonic defaults",
      "native_request_bytes": 492,
      "request_bytes": 492,
      "request_read_checksum": 9916094205207592122,
      "response_bytes_per_message": 492,
      "response_read_checksum": 9916094205207592122,
      "responses": 4
    },
    {
      "accepted_local_addr": "127.0.0.1:41759",
      "accepted_remote_addr": "127.0.0.1:33412",
      "accepted_socket_observer": "custom Incoming reproduces built-in native tcp::tune TCP_NODELAY=true",
      "accepted_tcp_nodelay": true,
      "equal_wire_work": true,
      "full_decoded_equality": true,
      "id": "rpc.tonic_transport.reference_client_native_server.query.d7.v2.unary",
      "input_wire_fingerprint": "fnv1a64:7cf668a96559f245",
      "message_caps": "unchanged native/tonic defaults",
      "native_request_bytes": 492,
      "request_bytes": 492,
      "request_read_checksum": 9916094205207592122,
      "response_bytes_per_message": 492,
      "response_read_checksum": 9916094205207592122,
      "responses": 1
    },
    {
      "accepted_local_addr": "127.0.0.1:37855",
      "accepted_remote_addr": "127.0.0.1:47682",
      "accepted_socket_observer": "custom Incoming reproduces built-in native tcp::tune TCP_NODELAY=true",
      "accepted_tcp_nodelay": true,
      "equal_wire_work": true,
      "full_decoded_equality": true,
      "id": "rpc.tonic_transport.reference_client_native_server.query.d7.v2.server_stream",
      "input_wire_fingerprint": "fnv1a64:7cf668a96559f245",
      "message_caps": "unchanged native/tonic defaults",
      "native_request_bytes": 492,
      "request_bytes": 492,
      "request_read_checksum": 9916094205207592122,
      "response_bytes_per_message": 492,
      "response_read_checksum": 9916094205207592122,
      "responses": 4
    },
    {
      "accepted_local_addr": "127.0.0.1:46823",
      "accepted_remote_addr": "127.0.0.1:39922",
      "accepted_socket_observer": "custom Incoming reproduces built-in native tcp::tune TCP_NODELAY=true",
      "accepted_tcp_nodelay": true,
      "equal_wire_work": true,
      "full_decoded_equality": true,
      "id": "rpc.tonic_transport.native_native.query.d7.v2.unary",
      "input_wire_fingerprint": "fnv1a64:7cf668a96559f245",
      "message_caps": "unchanged native/tonic defaults",
      "native_request_bytes": 492,
      "request_bytes": 492,
      "request_read_checksum": 9916094205207592122,
      "response_bytes_per_message": 492,
      "response_read_checksum": 9916094205207592122,
      "responses": 1
    },
    {
      "accepted_local_addr": "127.0.0.1:38085",
      "accepted_remote_addr": "127.0.0.1:45130",
      "accepted_socket_observer": "custom Incoming reproduces built-in native tcp::tune TCP_NODELAY=true",
      "accepted_tcp_nodelay": true,
      "equal_wire_work": true,
      "full_decoded_equality": true,
      "id": "rpc.tonic_transport.native_native.query.d7.v2.server_stream",
      "input_wire_fingerprint": "fnv1a64:7cf668a96559f245",
      "message_caps": "unchanged native/tonic defaults",
      "native_request_bytes": 492,
      "request_bytes": 492,
      "request_read_checksum": 9916094205207592122,
      "response_bytes_per_message": 492,
      "response_read_checksum": 9916094205207592122,
      "responses": 4
    },
    {
      "accepted_local_addr": "127.0.0.1:39993",
      "accepted_remote_addr": "127.0.0.1:56420",
      "accepted_socket_observer": "frozen reference TcpIncoming.with_nodelay(Some(true))",
      "accepted_tcp_nodelay": true,
      "equal_wire_work": true,
      "full_decoded_equality": true,
      "id": "rpc.tonic_transport.reference_reference.query.d7.v3.unary",
      "input_wire_fingerprint": "fnv1a64:171ceac3437eaccc",
      "message_caps": "unchanged native/tonic defaults",
      "native_request_bytes": 497,
      "request_bytes": 497,
      "request_read_checksum": 16134681190140240219,
      "response_bytes_per_message": 497,
      "response_read_checksum": 16134681190140240219,
      "responses": 1
    },
    {
      "accepted_local_addr": "127.0.0.1:41485",
      "accepted_remote_addr": "127.0.0.1:55018",
      "accepted_socket_observer": "frozen reference TcpIncoming.with_nodelay(Some(true))",
      "accepted_tcp_nodelay": true,
      "equal_wire_work": true,
      "full_decoded_equality": true,
      "id": "rpc.tonic_transport.reference_reference.query.d7.v3.server_stream",
      "input_wire_fingerprint": "fnv1a64:171ceac3437eaccc",
      "message_caps": "unchanged native/tonic defaults",
      "native_request_bytes": 497,
      "request_bytes": 497,
      "request_read_checksum": 16134681190140240219,
      "response_bytes_per_message": 497,
      "response_read_checksum": 16134681190140240219,
      "responses": 4
    },
    {
      "accepted_local_addr": "127.0.0.1:38655",
      "accepted_remote_addr": "127.0.0.1:34002",
      "accepted_socket_observer": "frozen reference TcpIncoming.with_nodelay(Some(true))",
      "accepted_tcp_nodelay": true,
      "equal_wire_work": true,
      "full_decoded_equality": true,
      "id": "rpc.tonic_transport.native_client_reference_server.query.d7.v3.unary",
      "input_wire_fingerprint": "fnv1a64:171ceac3437eaccc",
      "message_caps": "unchanged native/tonic defaults",
      "native_request_bytes": 497,
      "request_bytes": 497,
      "request_read_checksum": 16134681190140240219,
      "response_bytes_per_message": 497,
      "response_read_checksum": 16134681190140240219,
      "responses": 1
    },
    {
      "accepted_local_addr": "127.0.0.1:39027",
      "accepted_remote_addr": "127.0.0.1:34266",
      "accepted_socket_observer": "frozen reference TcpIncoming.with_nodelay(Some(true))",
      "accepted_tcp_nodelay": true,
      "equal_wire_work": true,
      "full_decoded_equality": true,
      "id": "rpc.tonic_transport.native_client_reference_server.query.d7.v3.server_stream",
      "input_wire_fingerprint": "fnv1a64:171ceac3437eaccc",
      "message_caps": "unchanged native/tonic defaults",
      "native_request_bytes": 497,
      "request_bytes": 497,
      "request_read_checksum": 16134681190140240219,
      "response_bytes_per_message": 497,
      "response_read_checksum": 16134681190140240219,
      "responses": 4
    },
    {
      "accepted_local_addr": "127.0.0.1:44093",
      "accepted_remote_addr": "127.0.0.1:54938",
      "accepted_socket_observer": "custom Incoming reproduces built-in native tcp::tune TCP_NODELAY=true",
      "accepted_tcp_nodelay": true,
      "equal_wire_work": true,
      "full_decoded_equality": true,
      "id": "rpc.tonic_transport.reference_client_native_server.query.d7.v3.unary",
      "input_wire_fingerprint": "fnv1a64:171ceac3437eaccc",
      "message_caps": "unchanged native/tonic defaults",
      "native_request_bytes": 497,
      "request_bytes": 497,
      "request_read_checksum": 16134681190140240219,
      "response_bytes_per_message": 497,
      "response_read_checksum": 16134681190140240219,
      "responses": 1
    },
    {
      "accepted_local_addr": "127.0.0.1:39677",
      "accepted_remote_addr": "127.0.0.1:52752",
      "accepted_socket_observer": "custom Incoming reproduces built-in native tcp::tune TCP_NODELAY=true",
      "accepted_tcp_nodelay": true,
      "equal_wire_work": true,
      "full_decoded_equality": true,
      "id": "rpc.tonic_transport.reference_client_native_server.query.d7.v3.server_stream",
      "input_wire_fingerprint": "fnv1a64:171ceac3437eaccc",
      "message_caps": "unchanged native/tonic defaults",
      "native_request_bytes": 497,
      "request_bytes": 497,
      "request_read_checksum": 16134681190140240219,
      "response_bytes_per_message": 497,
      "response_read_checksum": 16134681190140240219,
      "responses": 4
    },
    {
      "accepted_local_addr": "127.0.0.1:38793",
      "accepted_remote_addr": "127.0.0.1:33558",
      "accepted_socket_observer": "custom Incoming reproduces built-in native tcp::tune TCP_NODELAY=true",
      "accepted_tcp_nodelay": true,
      "equal_wire_work": true,
      "full_decoded_equality": true,
      "id": "rpc.tonic_transport.native_native.query.d7.v3.unary",
      "input_wire_fingerprint": "fnv1a64:171ceac3437eaccc",
      "message_caps": "unchanged native/tonic defaults",
      "native_request_bytes": 497,
      "request_bytes": 497,
      "request_read_checksum": 16134681190140240219,
      "response_bytes_per_message": 497,
      "response_read_checksum": 16134681190140240219,
      "responses": 1
    },
    {
      "accepted_local_addr": "127.0.0.1:41781",
      "accepted_remote_addr": "127.0.0.1:34206",
      "accepted_socket_observer": "custom Incoming reproduces built-in native tcp::tune TCP_NODELAY=true",
      "accepted_tcp_nodelay": true,
      "equal_wire_work": true,
      "full_decoded_equality": true,
      "id": "rpc.tonic_transport.native_native.query.d7.v3.server_stream",
      "input_wire_fingerprint": "fnv1a64:171ceac3437eaccc",
      "message_caps": "unchanged native/tonic defaults",
      "native_request_bytes": 497,
      "request_bytes": 497,
      "request_read_checksum": 16134681190140240219,
      "response_bytes_per_message": 497,
      "response_read_checksum": 16134681190140240219,
      "responses": 4
    },
    {
      "accepted_local_addr": "127.0.0.1:40455",
      "accepted_remote_addr": "127.0.0.1:48422",
      "accepted_socket_observer": "frozen reference TcpIncoming.with_nodelay(Some(true))",
      "accepted_tcp_nodelay": true,
      "equal_wire_work": true,
      "full_decoded_equality": true,
      "id": "rpc.tonic_transport.reference_reference.query.d7.v4.unary",
      "input_wire_fingerprint": "fnv1a64:1590605d68c534e8",
      "message_caps": "unchanged native/tonic defaults",
      "native_request_bytes": 512,
      "request_bytes": 512,
      "request_read_checksum": 4333962931710588078,
      "response_bytes_per_message": 512,
      "response_read_checksum": 4333962931710588078,
      "responses": 1
    },
    {
      "accepted_local_addr": "127.0.0.1:36279",
      "accepted_remote_addr": "127.0.0.1:49818",
      "accepted_socket_observer": "frozen reference TcpIncoming.with_nodelay(Some(true))",
      "accepted_tcp_nodelay": true,
      "equal_wire_work": true,
      "full_decoded_equality": true,
      "id": "rpc.tonic_transport.reference_reference.query.d7.v4.server_stream",
      "input_wire_fingerprint": "fnv1a64:1590605d68c534e8",
      "message_caps": "unchanged native/tonic defaults",
      "native_request_bytes": 512,
      "request_bytes": 512,
      "request_read_checksum": 4333962931710588078,
      "response_bytes_per_message": 512,
      "response_read_checksum": 4333962931710588078,
      "responses": 4
    },
    {
      "accepted_local_addr": "127.0.0.1:34091",
      "accepted_remote_addr": "127.0.0.1:52198",
      "accepted_socket_observer": "frozen reference TcpIncoming.with_nodelay(Some(true))",
      "accepted_tcp_nodelay": true,
      "equal_wire_work": true,
      "full_decoded_equality": true,
      "id": "rpc.tonic_transport.native_client_reference_server.query.d7.v4.unary",
      "input_wire_fingerprint": "fnv1a64:1590605d68c534e8",
      "message_caps": "unchanged native/tonic defaults",
      "native_request_bytes": 512,
      "request_bytes": 512,
      "request_read_checksum": 4333962931710588078,
      "response_bytes_per_message": 512,
      "response_read_checksum": 4333962931710588078,
      "responses": 1
    },
    {
      "accepted_local_addr": "127.0.0.1:38839",
      "accepted_remote_addr": "127.0.0.1:39676",
      "accepted_socket_observer": "frozen reference TcpIncoming.with_nodelay(Some(true))",
      "accepted_tcp_nodelay": true,
      "equal_wire_work": true,
      "full_decoded_equality": true,
      "id": "rpc.tonic_transport.native_client_reference_server.query.d7.v4.server_stream",
      "input_wire_fingerprint": "fnv1a64:1590605d68c534e8",
      "message_caps": "unchanged native/tonic defaults",
      "native_request_bytes": 512,
      "request_bytes": 512,
      "request_read_checksum": 4333962931710588078,
      "response_bytes_per_message": 512,
      "response_read_checksum": 4333962931710588078,
      "responses": 4
    },
    {
      "accepted_local_addr": "127.0.0.1:44655",
      "accepted_remote_addr": "127.0.0.1:44788",
      "accepted_socket_observer": "custom Incoming reproduces built-in native tcp::tune TCP_NODELAY=true",
      "accepted_tcp_nodelay": true,
      "equal_wire_work": true,
      "full_decoded_equality": true,
      "id": "rpc.tonic_transport.reference_client_native_server.query.d7.v4.unary",
      "input_wire_fingerprint": "fnv1a64:1590605d68c534e8",
      "message_caps": "unchanged native/tonic defaults",
      "native_request_bytes": 512,
      "request_bytes": 512,
      "request_read_checksum": 4333962931710588078,
      "response_bytes_per_message": 512,
      "response_read_checksum": 4333962931710588078,
      "responses": 1
    },
    {
      "accepted_local_addr": "127.0.0.1:41975",
      "accepted_remote_addr": "127.0.0.1:34072",
      "accepted_socket_observer": "custom Incoming reproduces built-in native tcp::tune TCP_NODELAY=true",
      "accepted_tcp_nodelay": true,
      "equal_wire_work": true,
      "full_decoded_equality": true,
      "id": "rpc.tonic_transport.reference_client_native_server.query.d7.v4.server_stream",
      "input_wire_fingerprint": "fnv1a64:1590605d68c534e8",
      "message_caps": "unchanged native/tonic defaults",
      "native_request_bytes": 512,
      "request_bytes": 512,
      "request_read_checksum": 4333962931710588078,
      "response_bytes_per_message": 512,
      "response_read_checksum": 4333962931710588078,
      "responses": 4
    },
    {
      "accepted_local_addr": "127.0.0.1:36699",
      "accepted_remote_addr": "127.0.0.1:35400",
      "accepted_socket_observer": "custom Incoming reproduces built-in native tcp::tune TCP_NODELAY=true",
      "accepted_tcp_nodelay": true,
      "equal_wire_work": true,
      "full_decoded_equality": true,
      "id": "rpc.tonic_transport.native_native.query.d7.v4.unary",
      "input_wire_fingerprint": "fnv1a64:1590605d68c534e8",
      "message_caps": "unchanged native/tonic defaults",
      "native_request_bytes": 512,
      "request_bytes": 512,
      "request_read_checksum": 4333962931710588078,
      "response_bytes_per_message": 512,
      "response_read_checksum": 4333962931710588078,
      "responses": 1
    },
    {
      "accepted_local_addr": "127.0.0.1:35451",
      "accepted_remote_addr": "127.0.0.1:60886",
      "accepted_socket_observer": "custom Incoming reproduces built-in native tcp::tune TCP_NODELAY=true",
      "accepted_tcp_nodelay": true,
      "equal_wire_work": true,
      "full_decoded_equality": true,
      "id": "rpc.tonic_transport.native_native.query.d7.v4.server_stream",
      "input_wire_fingerprint": "fnv1a64:1590605d68c534e8",
      "message_caps": "unchanged native/tonic defaults",
      "native_request_bytes": 512,
      "request_bytes": 512,
      "request_read_checksum": 4333962931710588078,
      "response_bytes_per_message": 512,
      "response_read_checksum": 4333962931710588078,
      "responses": 4
    },
    {
      "accepted_local_addr": "127.0.0.1:36565",
      "accepted_remote_addr": "127.0.0.1:41174",
      "accepted_socket_observer": "frozen reference TcpIncoming.with_nodelay(Some(true))",
      "accepted_tcp_nodelay": true,
      "equal_wire_work": true,
      "full_decoded_equality": true,
      "id": "rpc.tonic_transport.reference_reference.query.d7.v5.unary",
      "input_wire_fingerprint": "fnv1a64:db8e28058c856a45",
      "message_caps": "unchanged native/tonic defaults",
      "native_request_bytes": 514,
      "request_bytes": 514,
      "request_read_checksum": 13784303428909870748,
      "response_bytes_per_message": 514,
      "response_read_checksum": 13784303428909870748,
      "responses": 1
    },
    {
      "accepted_local_addr": "127.0.0.1:37503",
      "accepted_remote_addr": "127.0.0.1:45880",
      "accepted_socket_observer": "frozen reference TcpIncoming.with_nodelay(Some(true))",
      "accepted_tcp_nodelay": true,
      "equal_wire_work": true,
      "full_decoded_equality": true,
      "id": "rpc.tonic_transport.reference_reference.query.d7.v5.server_stream",
      "input_wire_fingerprint": "fnv1a64:db8e28058c856a45",
      "message_caps": "unchanged native/tonic defaults",
      "native_request_bytes": 514,
      "request_bytes": 514,
      "request_read_checksum": 13784303428909870748,
      "response_bytes_per_message": 514,
      "response_read_checksum": 13784303428909870748,
      "responses": 4
    },
    {
      "accepted_local_addr": "127.0.0.1:37385",
      "accepted_remote_addr": "127.0.0.1:39486",
      "accepted_socket_observer": "frozen reference TcpIncoming.with_nodelay(Some(true))",
      "accepted_tcp_nodelay": true,
      "equal_wire_work": true,
      "full_decoded_equality": true,
      "id": "rpc.tonic_transport.native_client_reference_server.query.d7.v5.unary",
      "input_wire_fingerprint": "fnv1a64:db8e28058c856a45",
      "message_caps": "unchanged native/tonic defaults",
      "native_request_bytes": 514,
      "request_bytes": 514,
      "request_read_checksum": 13784303428909870748,
      "response_bytes_per_message": 514,
      "response_read_checksum": 13784303428909870748,
      "responses": 1
    },
    {
      "accepted_local_addr": "127.0.0.1:38293",
      "accepted_remote_addr": "127.0.0.1:47342",
      "accepted_socket_observer": "frozen reference TcpIncoming.with_nodelay(Some(true))",
      "accepted_tcp_nodelay": true,
      "equal_wire_work": true,
      "full_decoded_equality": true,
      "id": "rpc.tonic_transport.native_client_reference_server.query.d7.v5.server_stream",
      "input_wire_fingerprint": "fnv1a64:db8e28058c856a45",
      "message_caps": "unchanged native/tonic defaults",
      "native_request_bytes": 514,
      "request_bytes": 514,
      "request_read_checksum": 13784303428909870748,
      "response_bytes_per_message": 514,
      "response_read_checksum": 13784303428909870748,
      "responses": 4
    },
    {
      "accepted_local_addr": "127.0.0.1:34185",
      "accepted_remote_addr": "127.0.0.1:33460",
      "accepted_socket_observer": "custom Incoming reproduces built-in native tcp::tune TCP_NODELAY=true",
      "accepted_tcp_nodelay": true,
      "equal_wire_work": true,
      "full_decoded_equality": true,
      "id": "rpc.tonic_transport.reference_client_native_server.query.d7.v5.unary",
      "input_wire_fingerprint": "fnv1a64:db8e28058c856a45",
      "message_caps": "unchanged native/tonic defaults",
      "native_request_bytes": 514,
      "request_bytes": 514,
      "request_read_checksum": 13784303428909870748,
      "response_bytes_per_message": 514,
      "response_read_checksum": 13784303428909870748,
      "responses": 1
    },
    {
      "accepted_local_addr": "127.0.0.1:40149",
      "accepted_remote_addr": "127.0.0.1:33452",
      "accepted_socket_observer": "custom Incoming reproduces built-in native tcp::tune TCP_NODELAY=true",
      "accepted_tcp_nodelay": true,
      "equal_wire_work": true,
      "full_decoded_equality": true,
      "id": "rpc.tonic_transport.reference_client_native_server.query.d7.v5.server_stream",
      "input_wire_fingerprint": "fnv1a64:db8e28058c856a45",
      "message_caps": "unchanged native/tonic defaults",
      "native_request_bytes": 514,
      "request_bytes": 514,
      "request_read_checksum": 13784303428909870748,
      "response_bytes_per_message": 514,
      "response_read_checksum": 13784303428909870748,
      "responses": 4
    },
    {
      "accepted_local_addr": "127.0.0.1:42497",
      "accepted_remote_addr": "127.0.0.1:60330",
      "accepted_socket_observer": "custom Incoming reproduces built-in native tcp::tune TCP_NODELAY=true",
      "accepted_tcp_nodelay": true,
      "equal_wire_work": true,
      "full_decoded_equality": true,
      "id": "rpc.tonic_transport.native_native.query.d7.v5.unary",
      "input_wire_fingerprint": "fnv1a64:db8e28058c856a45",
      "message_caps": "unchanged native/tonic defaults",
      "native_request_bytes": 514,
      "request_bytes": 514,
      "request_read_checksum": 13784303428909870748,
      "response_bytes_per_message": 514,
      "response_read_checksum": 13784303428909870748,
      "responses": 1
    },
    {
      "accepted_local_addr": "127.0.0.1:44649",
      "accepted_remote_addr": "127.0.0.1:42682",
      "accepted_socket_observer": "custom Incoming reproduces built-in native tcp::tune TCP_NODELAY=true",
      "accepted_tcp_nodelay": true,
      "equal_wire_work": true,
      "full_decoded_equality": true,
      "id": "rpc.tonic_transport.native_native.query.d7.v5.server_stream",
      "input_wire_fingerprint": "fnv1a64:db8e28058c856a45",
      "message_caps": "unchanged native/tonic defaults",
      "native_request_bytes": 514,
      "request_bytes": 514,
      "request_read_checksum": 13784303428909870748,
      "response_bytes_per_message": 514,
      "response_read_checksum": 13784303428909870748,
      "responses": 4
    },
    {
      "accepted_local_addr": "127.0.0.1:34525",
      "accepted_remote_addr": "127.0.0.1:52772",
      "accepted_socket_observer": "frozen reference TcpIncoming.with_nodelay(Some(true))",
      "accepted_tcp_nodelay": true,
      "equal_wire_work": true,
      "full_decoded_equality": true,
      "id": "rpc.tonic_transport.reference_reference.query.d7.v6.unary",
      "input_wire_fingerprint": "fnv1a64:88393b685e2287f5",
      "message_caps": "unchanged native/tonic defaults",
      "native_request_bytes": 517,
      "request_bytes": 517,
      "request_read_checksum": 10535480020762726067,
      "response_bytes_per_message": 517,
      "response_read_checksum": 10535480020762726067,
      "responses": 1
    },
    {
      "accepted_local_addr": "127.0.0.1:44821",
      "accepted_remote_addr": "127.0.0.1:36958",
      "accepted_socket_observer": "frozen reference TcpIncoming.with_nodelay(Some(true))",
      "accepted_tcp_nodelay": true,
      "equal_wire_work": true,
      "full_decoded_equality": true,
      "id": "rpc.tonic_transport.reference_reference.query.d7.v6.server_stream",
      "input_wire_fingerprint": "fnv1a64:88393b685e2287f5",
      "message_caps": "unchanged native/tonic defaults",
      "native_request_bytes": 517,
      "request_bytes": 517,
      "request_read_checksum": 10535480020762726067,
      "response_bytes_per_message": 517,
      "response_read_checksum": 10535480020762726067,
      "responses": 4
    },
    {
      "accepted_local_addr": "127.0.0.1:36183",
      "accepted_remote_addr": "127.0.0.1:48476",
      "accepted_socket_observer": "frozen reference TcpIncoming.with_nodelay(Some(true))",
      "accepted_tcp_nodelay": true,
      "equal_wire_work": true,
      "full_decoded_equality": true,
      "id": "rpc.tonic_transport.native_client_reference_server.query.d7.v6.unary",
      "input_wire_fingerprint": "fnv1a64:88393b685e2287f5",
      "message_caps": "unchanged native/tonic defaults",
      "native_request_bytes": 517,
      "request_bytes": 517,
      "request_read_checksum": 10535480020762726067,
      "response_bytes_per_message": 517,
      "response_read_checksum": 10535480020762726067,
      "responses": 1
    },
    {
      "accepted_local_addr": "127.0.0.1:33019",
      "accepted_remote_addr": "127.0.0.1:38708",
      "accepted_socket_observer": "frozen reference TcpIncoming.with_nodelay(Some(true))",
      "accepted_tcp_nodelay": true,
      "equal_wire_work": true,
      "full_decoded_equality": true,
      "id": "rpc.tonic_transport.native_client_reference_server.query.d7.v6.server_stream",
      "input_wire_fingerprint": "fnv1a64:88393b685e2287f5",
      "message_caps": "unchanged native/tonic defaults",
      "native_request_bytes": 517,
      "request_bytes": 517,
      "request_read_checksum": 10535480020762726067,
      "response_bytes_per_message": 517,
      "response_read_checksum": 10535480020762726067,
      "responses": 4
    },
    {
      "accepted_local_addr": "127.0.0.1:34441",
      "accepted_remote_addr": "127.0.0.1:57824",
      "accepted_socket_observer": "custom Incoming reproduces built-in native tcp::tune TCP_NODELAY=true",
      "accepted_tcp_nodelay": true,
      "equal_wire_work": true,
      "full_decoded_equality": true,
      "id": "rpc.tonic_transport.reference_client_native_server.query.d7.v6.unary",
      "input_wire_fingerprint": "fnv1a64:88393b685e2287f5",
      "message_caps": "unchanged native/tonic defaults",
      "native_request_bytes": 517,
      "request_bytes": 517,
      "request_read_checksum": 10535480020762726067,
      "response_bytes_per_message": 517,
      "response_read_checksum": 10535480020762726067,
      "responses": 1
    },
    {
      "accepted_local_addr": "127.0.0.1:34709",
      "accepted_remote_addr": "127.0.0.1:40040",
      "accepted_socket_observer": "custom Incoming reproduces built-in native tcp::tune TCP_NODELAY=true",
      "accepted_tcp_nodelay": true,
      "equal_wire_work": true,
      "full_decoded_equality": true,
      "id": "rpc.tonic_transport.reference_client_native_server.query.d7.v6.server_stream",
      "input_wire_fingerprint": "fnv1a64:88393b685e2287f5",
      "message_caps": "unchanged native/tonic defaults",
      "native_request_bytes": 517,
      "request_bytes": 517,
      "request_read_checksum": 10535480020762726067,
      "response_bytes_per_message": 517,
      "response_read_checksum": 10535480020762726067,
      "responses": 4
    },
    {
      "accepted_local_addr": "127.0.0.1:39441",
      "accepted_remote_addr": "127.0.0.1:58272",
      "accepted_socket_observer": "custom Incoming reproduces built-in native tcp::tune TCP_NODELAY=true",
      "accepted_tcp_nodelay": true,
      "equal_wire_work": true,
      "full_decoded_equality": true,
      "id": "rpc.tonic_transport.native_native.query.d7.v6.unary",
      "input_wire_fingerprint": "fnv1a64:88393b685e2287f5",
      "message_caps": "unchanged native/tonic defaults",
      "native_request_bytes": 517,
      "request_bytes": 517,
      "request_read_checksum": 10535480020762726067,
      "response_bytes_per_message": 517,
      "response_read_checksum": 10535480020762726067,
      "responses": 1
    },
    {
      "accepted_local_addr": "127.0.0.1:38637",
      "accepted_remote_addr": "127.0.0.1:35050",
      "accepted_socket_observer": "custom Incoming reproduces built-in native tcp::tune TCP_NODELAY=true",
      "accepted_tcp_nodelay": true,
      "equal_wire_work": true,
      "full_decoded_equality": true,
      "id": "rpc.tonic_transport.native_native.query.d7.v6.server_stream",
      "input_wire_fingerprint": "fnv1a64:88393b685e2287f5",
      "message_caps": "unchanged native/tonic defaults",
      "native_request_bytes": 517,
      "request_bytes": 517,
      "request_read_checksum": 10535480020762726067,
      "response_bytes_per_message": 517,
      "response_read_checksum": 10535480020762726067,
      "responses": 4
    },
    {
      "accepted_local_addr": "127.0.0.1:40797",
      "accepted_remote_addr": "127.0.0.1:59856",
      "accepted_socket_observer": "frozen reference TcpIncoming.with_nodelay(Some(true))",
      "accepted_tcp_nodelay": true,
      "equal_wire_work": true,
      "full_decoded_equality": true,
      "id": "rpc.tonic_transport.reference_reference.query.d7.v7.unary",
      "input_wire_fingerprint": "fnv1a64:c0d19da75fb7c868",
      "message_caps": "unchanged native/tonic defaults",
      "native_request_bytes": 520,
      "request_bytes": 520,
      "request_read_checksum": 13170604277166382030,
      "response_bytes_per_message": 520,
      "response_read_checksum": 13170604277166382030,
      "responses": 1
    },
    {
      "accepted_local_addr": "127.0.0.1:41007",
      "accepted_remote_addr": "127.0.0.1:50744",
      "accepted_socket_observer": "frozen reference TcpIncoming.with_nodelay(Some(true))",
      "accepted_tcp_nodelay": true,
      "equal_wire_work": true,
      "full_decoded_equality": true,
      "id": "rpc.tonic_transport.reference_reference.query.d7.v7.server_stream",
      "input_wire_fingerprint": "fnv1a64:c0d19da75fb7c868",
      "message_caps": "unchanged native/tonic defaults",
      "native_request_bytes": 520,
      "request_bytes": 520,
      "request_read_checksum": 13170604277166382030,
      "response_bytes_per_message": 520,
      "response_read_checksum": 13170604277166382030,
      "responses": 4
    },
    {
      "accepted_local_addr": "127.0.0.1:32973",
      "accepted_remote_addr": "127.0.0.1:55930",
      "accepted_socket_observer": "frozen reference TcpIncoming.with_nodelay(Some(true))",
      "accepted_tcp_nodelay": true,
      "equal_wire_work": true,
      "full_decoded_equality": true,
      "id": "rpc.tonic_transport.native_client_reference_server.query.d7.v7.unary",
      "input_wire_fingerprint": "fnv1a64:c0d19da75fb7c868",
      "message_caps": "unchanged native/tonic defaults",
      "native_request_bytes": 520,
      "request_bytes": 520,
      "request_read_checksum": 13170604277166382030,
      "response_bytes_per_message": 520,
      "response_read_checksum": 13170604277166382030,
      "responses": 1
    },
    {
      "accepted_local_addr": "127.0.0.1:43311",
      "accepted_remote_addr": "127.0.0.1:39392",
      "accepted_socket_observer": "frozen reference TcpIncoming.with_nodelay(Some(true))",
      "accepted_tcp_nodelay": true,
      "equal_wire_work": true,
      "full_decoded_equality": true,
      "id": "rpc.tonic_transport.native_client_reference_server.query.d7.v7.server_stream",
      "input_wire_fingerprint": "fnv1a64:c0d19da75fb7c868",
      "message_caps": "unchanged native/tonic defaults",
      "native_request_bytes": 520,
      "request_bytes": 520,
      "request_read_checksum": 13170604277166382030,
      "response_bytes_per_message": 520,
      "response_read_checksum": 13170604277166382030,
      "responses": 4
    },
    {
      "accepted_local_addr": "127.0.0.1:45865",
      "accepted_remote_addr": "127.0.0.1:54836",
      "accepted_socket_observer": "custom Incoming reproduces built-in native tcp::tune TCP_NODELAY=true",
      "accepted_tcp_nodelay": true,
      "equal_wire_work": true,
      "full_decoded_equality": true,
      "id": "rpc.tonic_transport.reference_client_native_server.query.d7.v7.unary",
      "input_wire_fingerprint": "fnv1a64:c0d19da75fb7c868",
      "message_caps": "unchanged native/tonic defaults",
      "native_request_bytes": 520,
      "request_bytes": 520,
      "request_read_checksum": 13170604277166382030,
      "response_bytes_per_message": 520,
      "response_read_checksum": 13170604277166382030,
      "responses": 1
    },
    {
      "accepted_local_addr": "127.0.0.1:45787",
      "accepted_remote_addr": "127.0.0.1:47694",
      "accepted_socket_observer": "custom Incoming reproduces built-in native tcp::tune TCP_NODELAY=true",
      "accepted_tcp_nodelay": true,
      "equal_wire_work": true,
      "full_decoded_equality": true,
      "id": "rpc.tonic_transport.reference_client_native_server.query.d7.v7.server_stream",
      "input_wire_fingerprint": "fnv1a64:c0d19da75fb7c868",
      "message_caps": "unchanged native/tonic defaults",
      "native_request_bytes": 520,
      "request_bytes": 520,
      "request_read_checksum": 13170604277166382030,
      "response_bytes_per_message": 520,
      "response_read_checksum": 13170604277166382030,
      "responses": 4
    },
    {
      "accepted_local_addr": "127.0.0.1:37339",
      "accepted_remote_addr": "127.0.0.1:36528",
      "accepted_socket_observer": "custom Incoming reproduces built-in native tcp::tune TCP_NODELAY=true",
      "accepted_tcp_nodelay": true,
      "equal_wire_work": true,
      "full_decoded_equality": true,
      "id": "rpc.tonic_transport.native_native.query.d7.v7.unary",
      "input_wire_fingerprint": "fnv1a64:c0d19da75fb7c868",
      "message_caps": "unchanged native/tonic defaults",
      "native_request_bytes": 520,
      "request_bytes": 520,
      "request_read_checksum": 13170604277166382030,
      "response_bytes_per_message": 520,
      "response_read_checksum": 13170604277166382030,
      "responses": 1
    },
    {
      "accepted_local_addr": "127.0.0.1:43125",
      "accepted_remote_addr": "127.0.0.1:36752",
      "accepted_socket_observer": "custom Incoming reproduces built-in native tcp::tune TCP_NODELAY=true",
      "accepted_tcp_nodelay": true,
      "equal_wire_work": true,
      "full_decoded_equality": true,
      "id": "rpc.tonic_transport.native_native.query.d7.v7.server_stream",
      "input_wire_fingerprint": "fnv1a64:c0d19da75fb7c868",
      "message_caps": "unchanged native/tonic defaults",
      "native_request_bytes": 520,
      "request_bytes": 520,
      "request_read_checksum": 13170604277166382030,
      "response_bytes_per_message": 520,
      "response_read_checksum": 13170604277166382030,
      "responses": 4
    },
    {
      "accepted_local_addr": "127.0.0.1:38125",
      "accepted_remote_addr": "127.0.0.1:57090",
      "accepted_socket_observer": "frozen reference TcpIncoming.with_nodelay(Some(true))",
      "accepted_tcp_nodelay": true,
      "equal_wire_work": true,
      "full_decoded_equality": true,
      "id": "rpc.tonic_transport.reference_reference.query.d8.v0.unary",
      "input_wire_fingerprint": "fnv1a64:d4e1732348613b57",
      "message_caps": "unchanged native/tonic defaults",
      "native_request_bytes": 558,
      "request_bytes": 558,
      "request_read_checksum": 17091856854397118898,
      "response_bytes_per_message": 558,
      "response_read_checksum": 17091856854397118898,
      "responses": 1
    },
    {
      "accepted_local_addr": "127.0.0.1:40283",
      "accepted_remote_addr": "127.0.0.1:49632",
      "accepted_socket_observer": "frozen reference TcpIncoming.with_nodelay(Some(true))",
      "accepted_tcp_nodelay": true,
      "equal_wire_work": true,
      "full_decoded_equality": true,
      "id": "rpc.tonic_transport.reference_reference.query.d8.v0.server_stream",
      "input_wire_fingerprint": "fnv1a64:d4e1732348613b57",
      "message_caps": "unchanged native/tonic defaults",
      "native_request_bytes": 558,
      "request_bytes": 558,
      "request_read_checksum": 17091856854397118898,
      "response_bytes_per_message": 558,
      "response_read_checksum": 17091856854397118898,
      "responses": 4
    },
    {
      "accepted_local_addr": "127.0.0.1:37619",
      "accepted_remote_addr": "127.0.0.1:41894",
      "accepted_socket_observer": "frozen reference TcpIncoming.with_nodelay(Some(true))",
      "accepted_tcp_nodelay": true,
      "equal_wire_work": true,
      "full_decoded_equality": true,
      "id": "rpc.tonic_transport.native_client_reference_server.query.d8.v0.unary",
      "input_wire_fingerprint": "fnv1a64:d4e1732348613b57",
      "message_caps": "unchanged native/tonic defaults",
      "native_request_bytes": 558,
      "request_bytes": 558,
      "request_read_checksum": 17091856854397118898,
      "response_bytes_per_message": 558,
      "response_read_checksum": 17091856854397118898,
      "responses": 1
    },
    {
      "accepted_local_addr": "127.0.0.1:35935",
      "accepted_remote_addr": "127.0.0.1:47688",
      "accepted_socket_observer": "frozen reference TcpIncoming.with_nodelay(Some(true))",
      "accepted_tcp_nodelay": true,
      "equal_wire_work": true,
      "full_decoded_equality": true,
      "id": "rpc.tonic_transport.native_client_reference_server.query.d8.v0.server_stream",
      "input_wire_fingerprint": "fnv1a64:d4e1732348613b57",
      "message_caps": "unchanged native/tonic defaults",
      "native_request_bytes": 558,
      "request_bytes": 558,
      "request_read_checksum": 17091856854397118898,
      "response_bytes_per_message": 558,
      "response_read_checksum": 17091856854397118898,
      "responses": 4
    },
    {
      "accepted_local_addr": "127.0.0.1:40755",
      "accepted_remote_addr": "127.0.0.1:57778",
      "accepted_socket_observer": "custom Incoming reproduces built-in native tcp::tune TCP_NODELAY=true",
      "accepted_tcp_nodelay": true,
      "equal_wire_work": true,
      "full_decoded_equality": true,
      "id": "rpc.tonic_transport.reference_client_native_server.query.d8.v0.unary",
      "input_wire_fingerprint": "fnv1a64:d4e1732348613b57",
      "message_caps": "unchanged native/tonic defaults",
      "native_request_bytes": 558,
      "request_bytes": 558,
      "request_read_checksum": 17091856854397118898,
      "response_bytes_per_message": 558,
      "response_read_checksum": 17091856854397118898,
      "responses": 1
    },
    {
      "accepted_local_addr": "127.0.0.1:39515",
      "accepted_remote_addr": "127.0.0.1:33956",
      "accepted_socket_observer": "custom Incoming reproduces built-in native tcp::tune TCP_NODELAY=true",
      "accepted_tcp_nodelay": true,
      "equal_wire_work": true,
      "full_decoded_equality": true,
      "id": "rpc.tonic_transport.reference_client_native_server.query.d8.v0.server_stream",
      "input_wire_fingerprint": "fnv1a64:d4e1732348613b57",
      "message_caps": "unchanged native/tonic defaults",
      "native_request_bytes": 558,
      "request_bytes": 558,
      "request_read_checksum": 17091856854397118898,
      "response_bytes_per_message": 558,
      "response_read_checksum": 17091856854397118898,
      "responses": 4
    },
    {
      "accepted_local_addr": "127.0.0.1:39931",
      "accepted_remote_addr": "127.0.0.1:53072",
      "accepted_socket_observer": "custom Incoming reproduces built-in native tcp::tune TCP_NODELAY=true",
      "accepted_tcp_nodelay": true,
      "equal_wire_work": true,
      "full_decoded_equality": true,
      "id": "rpc.tonic_transport.native_native.query.d8.v0.unary",
      "input_wire_fingerprint": "fnv1a64:d4e1732348613b57",
      "message_caps": "unchanged native/tonic defaults",
      "native_request_bytes": 558,
      "request_bytes": 558,
      "request_read_checksum": 17091856854397118898,
      "response_bytes_per_message": 558,
      "response_read_checksum": 17091856854397118898,
      "responses": 1
    },
    {
      "accepted_local_addr": "127.0.0.1:35831",
      "accepted_remote_addr": "127.0.0.1:59742",
      "accepted_socket_observer": "custom Incoming reproduces built-in native tcp::tune TCP_NODELAY=true",
      "accepted_tcp_nodelay": true,
      "equal_wire_work": true,
      "full_decoded_equality": true,
      "id": "rpc.tonic_transport.native_native.query.d8.v0.server_stream",
      "input_wire_fingerprint": "fnv1a64:d4e1732348613b57",
      "message_caps": "unchanged native/tonic defaults",
      "native_request_bytes": 558,
      "request_bytes": 558,
      "request_read_checksum": 17091856854397118898,
      "response_bytes_per_message": 558,
      "response_read_checksum": 17091856854397118898,
      "responses": 4
    },
    {
      "accepted_local_addr": "127.0.0.1:37769",
      "accepted_remote_addr": "127.0.0.1:59510",
      "accepted_socket_observer": "frozen reference TcpIncoming.with_nodelay(Some(true))",
      "accepted_tcp_nodelay": true,
      "equal_wire_work": true,
      "full_decoded_equality": true,
      "id": "rpc.tonic_transport.reference_reference.query.d8.v1.unary",
      "input_wire_fingerprint": "fnv1a64:c322e9bbdc0b1416",
      "message_caps": "unchanged native/tonic defaults",
      "native_request_bytes": 566,
      "request_bytes": 566,
      "request_read_checksum": 17156985081605655746,
      "response_bytes_per_message": 566,
      "response_read_checksum": 17156985081605655746,
      "responses": 1
    },
    {
      "accepted_local_addr": "127.0.0.1:35555",
      "accepted_remote_addr": "127.0.0.1:37108",
      "accepted_socket_observer": "frozen reference TcpIncoming.with_nodelay(Some(true))",
      "accepted_tcp_nodelay": true,
      "equal_wire_work": true,
      "full_decoded_equality": true,
      "id": "rpc.tonic_transport.reference_reference.query.d8.v1.server_stream",
      "input_wire_fingerprint": "fnv1a64:c322e9bbdc0b1416",
      "message_caps": "unchanged native/tonic defaults",
      "native_request_bytes": 566,
      "request_bytes": 566,
      "request_read_checksum": 17156985081605655746,
      "response_bytes_per_message": 566,
      "response_read_checksum": 17156985081605655746,
      "responses": 4
    },
    {
      "accepted_local_addr": "127.0.0.1:46707",
      "accepted_remote_addr": "127.0.0.1:44572",
      "accepted_socket_observer": "frozen reference TcpIncoming.with_nodelay(Some(true))",
      "accepted_tcp_nodelay": true,
      "equal_wire_work": true,
      "full_decoded_equality": true,
      "id": "rpc.tonic_transport.native_client_reference_server.query.d8.v1.unary",
      "input_wire_fingerprint": "fnv1a64:c322e9bbdc0b1416",
      "message_caps": "unchanged native/tonic defaults",
      "native_request_bytes": 566,
      "request_bytes": 566,
      "request_read_checksum": 17156985081605655746,
      "response_bytes_per_message": 566,
      "response_read_checksum": 17156985081605655746,
      "responses": 1
    },
    {
      "accepted_local_addr": "127.0.0.1:33093",
      "accepted_remote_addr": "127.0.0.1:44258",
      "accepted_socket_observer": "frozen reference TcpIncoming.with_nodelay(Some(true))",
      "accepted_tcp_nodelay": true,
      "equal_wire_work": true,
      "full_decoded_equality": true,
      "id": "rpc.tonic_transport.native_client_reference_server.query.d8.v1.server_stream",
      "input_wire_fingerprint": "fnv1a64:c322e9bbdc0b1416",
      "message_caps": "unchanged native/tonic defaults",
      "native_request_bytes": 566,
      "request_bytes": 566,
      "request_read_checksum": 17156985081605655746,
      "response_bytes_per_message": 566,
      "response_read_checksum": 17156985081605655746,
      "responses": 4
    },
    {
      "accepted_local_addr": "127.0.0.1:41565",
      "accepted_remote_addr": "127.0.0.1:44924",
      "accepted_socket_observer": "custom Incoming reproduces built-in native tcp::tune TCP_NODELAY=true",
      "accepted_tcp_nodelay": true,
      "equal_wire_work": true,
      "full_decoded_equality": true,
      "id": "rpc.tonic_transport.reference_client_native_server.query.d8.v1.unary",
      "input_wire_fingerprint": "fnv1a64:c322e9bbdc0b1416",
      "message_caps": "unchanged native/tonic defaults",
      "native_request_bytes": 566,
      "request_bytes": 566,
      "request_read_checksum": 17156985081605655746,
      "response_bytes_per_message": 566,
      "response_read_checksum": 17156985081605655746,
      "responses": 1
    },
    {
      "accepted_local_addr": "127.0.0.1:35033",
      "accepted_remote_addr": "127.0.0.1:49720",
      "accepted_socket_observer": "custom Incoming reproduces built-in native tcp::tune TCP_NODELAY=true",
      "accepted_tcp_nodelay": true,
      "equal_wire_work": true,
      "full_decoded_equality": true,
      "id": "rpc.tonic_transport.reference_client_native_server.query.d8.v1.server_stream",
      "input_wire_fingerprint": "fnv1a64:c322e9bbdc0b1416",
      "message_caps": "unchanged native/tonic defaults",
      "native_request_bytes": 566,
      "request_bytes": 566,
      "request_read_checksum": 17156985081605655746,
      "response_bytes_per_message": 566,
      "response_read_checksum": 17156985081605655746,
      "responses": 4
    },
    {
      "accepted_local_addr": "127.0.0.1:35713",
      "accepted_remote_addr": "127.0.0.1:34738",
      "accepted_socket_observer": "custom Incoming reproduces built-in native tcp::tune TCP_NODELAY=true",
      "accepted_tcp_nodelay": true,
      "equal_wire_work": true,
      "full_decoded_equality": true,
      "id": "rpc.tonic_transport.native_native.query.d8.v1.unary",
      "input_wire_fingerprint": "fnv1a64:c322e9bbdc0b1416",
      "message_caps": "unchanged native/tonic defaults",
      "native_request_bytes": 566,
      "request_bytes": 566,
      "request_read_checksum": 17156985081605655746,
      "response_bytes_per_message": 566,
      "response_read_checksum": 17156985081605655746,
      "responses": 1
    },
    {
      "accepted_local_addr": "127.0.0.1:38895",
      "accepted_remote_addr": "127.0.0.1:52330",
      "accepted_socket_observer": "custom Incoming reproduces built-in native tcp::tune TCP_NODELAY=true",
      "accepted_tcp_nodelay": true,
      "equal_wire_work": true,
      "full_decoded_equality": true,
      "id": "rpc.tonic_transport.native_native.query.d8.v1.server_stream",
      "input_wire_fingerprint": "fnv1a64:c322e9bbdc0b1416",
      "message_caps": "unchanged native/tonic defaults",
      "native_request_bytes": 566,
      "request_bytes": 566,
      "request_read_checksum": 17156985081605655746,
      "response_bytes_per_message": 566,
      "response_read_checksum": 17156985081605655746,
      "responses": 4
    },
    {
      "accepted_local_addr": "127.0.0.1:34113",
      "accepted_remote_addr": "127.0.0.1:47436",
      "accepted_socket_observer": "frozen reference TcpIncoming.with_nodelay(Some(true))",
      "accepted_tcp_nodelay": true,
      "equal_wire_work": true,
      "full_decoded_equality": true,
      "id": "rpc.tonic_transport.reference_reference.query.d8.v2.unary",
      "input_wire_fingerprint": "fnv1a64:98443ff2335b838b",
      "message_caps": "unchanged native/tonic defaults",
      "native_request_bytes": 577,
      "request_bytes": 577,
      "request_read_checksum": 3623182866679429505,
      "response_bytes_per_message": 577,
      "response_read_checksum": 3623182866679429505,
      "responses": 1
    },
    {
      "accepted_local_addr": "127.0.0.1:38385",
      "accepted_remote_addr": "127.0.0.1:45338",
      "accepted_socket_observer": "frozen reference TcpIncoming.with_nodelay(Some(true))",
      "accepted_tcp_nodelay": true,
      "equal_wire_work": true,
      "full_decoded_equality": true,
      "id": "rpc.tonic_transport.reference_reference.query.d8.v2.server_stream",
      "input_wire_fingerprint": "fnv1a64:98443ff2335b838b",
      "message_caps": "unchanged native/tonic defaults",
      "native_request_bytes": 577,
      "request_bytes": 577,
      "request_read_checksum": 3623182866679429505,
      "response_bytes_per_message": 577,
      "response_read_checksum": 3623182866679429505,
      "responses": 4
    },
    {
      "accepted_local_addr": "127.0.0.1:45361",
      "accepted_remote_addr": "127.0.0.1:49074",
      "accepted_socket_observer": "frozen reference TcpIncoming.with_nodelay(Some(true))",
      "accepted_tcp_nodelay": true,
      "equal_wire_work": true,
      "full_decoded_equality": true,
      "id": "rpc.tonic_transport.native_client_reference_server.query.d8.v2.unary",
      "input_wire_fingerprint": "fnv1a64:98443ff2335b838b",
      "message_caps": "unchanged native/tonic defaults",
      "native_request_bytes": 577,
      "request_bytes": 577,
      "request_read_checksum": 3623182866679429505,
      "response_bytes_per_message": 577,
      "response_read_checksum": 3623182866679429505,
      "responses": 1
    },
    {
      "accepted_local_addr": "127.0.0.1:41985",
      "accepted_remote_addr": "127.0.0.1:39332",
      "accepted_socket_observer": "frozen reference TcpIncoming.with_nodelay(Some(true))",
      "accepted_tcp_nodelay": true,
      "equal_wire_work": true,
      "full_decoded_equality": true,
      "id": "rpc.tonic_transport.native_client_reference_server.query.d8.v2.server_stream",
      "input_wire_fingerprint": "fnv1a64:98443ff2335b838b",
      "message_caps": "unchanged native/tonic defaults",
      "native_request_bytes": 577,
      "request_bytes": 577,
      "request_read_checksum": 3623182866679429505,
      "response_bytes_per_message": 577,
      "response_read_checksum": 3623182866679429505,
      "responses": 4
    },
    {
      "accepted_local_addr": "127.0.0.1:34245",
      "accepted_remote_addr": "127.0.0.1:45062",
      "accepted_socket_observer": "custom Incoming reproduces built-in native tcp::tune TCP_NODELAY=true",
      "accepted_tcp_nodelay": true,
      "equal_wire_work": true,
      "full_decoded_equality": true,
      "id": "rpc.tonic_transport.reference_client_native_server.query.d8.v2.unary",
      "input_wire_fingerprint": "fnv1a64:98443ff2335b838b",
      "message_caps": "unchanged native/tonic defaults",
      "native_request_bytes": 577,
      "request_bytes": 577,
      "request_read_checksum": 3623182866679429505,
      "response_bytes_per_message": 577,
      "response_read_checksum": 3623182866679429505,
      "responses": 1
    },
    {
      "accepted_local_addr": "127.0.0.1:38835",
      "accepted_remote_addr": "127.0.0.1:34186",
      "accepted_socket_observer": "custom Incoming reproduces built-in native tcp::tune TCP_NODELAY=true",
      "accepted_tcp_nodelay": true,
      "equal_wire_work": true,
      "full_decoded_equality": true,
      "id": "rpc.tonic_transport.reference_client_native_server.query.d8.v2.server_stream",
      "input_wire_fingerprint": "fnv1a64:98443ff2335b838b",
      "message_caps": "unchanged native/tonic defaults",
      "native_request_bytes": 577,
      "request_bytes": 577,
      "request_read_checksum": 3623182866679429505,
      "response_bytes_per_message": 577,
      "response_read_checksum": 3623182866679429505,
      "responses": 4
    },
    {
      "accepted_local_addr": "127.0.0.1:46685",
      "accepted_remote_addr": "127.0.0.1:51150",
      "accepted_socket_observer": "custom Incoming reproduces built-in native tcp::tune TCP_NODELAY=true",
      "accepted_tcp_nodelay": true,
      "equal_wire_work": true,
      "full_decoded_equality": true,
      "id": "rpc.tonic_transport.native_native.query.d8.v2.unary",
      "input_wire_fingerprint": "fnv1a64:98443ff2335b838b",
      "message_caps": "unchanged native/tonic defaults",
      "native_request_bytes": 577,
      "request_bytes": 577,
      "request_read_checksum": 3623182866679429505,
      "response_bytes_per_message": 577,
      "response_read_checksum": 3623182866679429505,
      "responses": 1
    },
    {
      "accepted_local_addr": "127.0.0.1:42783",
      "accepted_remote_addr": "127.0.0.1:47324",
      "accepted_socket_observer": "custom Incoming reproduces built-in native tcp::tune TCP_NODELAY=true",
      "accepted_tcp_nodelay": true,
      "equal_wire_work": true,
      "full_decoded_equality": true,
      "id": "rpc.tonic_transport.native_native.query.d8.v2.server_stream",
      "input_wire_fingerprint": "fnv1a64:98443ff2335b838b",
      "message_caps": "unchanged native/tonic defaults",
      "native_request_bytes": 577,
      "request_bytes": 577,
      "request_read_checksum": 3623182866679429505,
      "response_bytes_per_message": 577,
      "response_read_checksum": 3623182866679429505,
      "responses": 4
    },
    {
      "accepted_local_addr": "127.0.0.1:39167",
      "accepted_remote_addr": "127.0.0.1:53004",
      "accepted_socket_observer": "frozen reference TcpIncoming.with_nodelay(Some(true))",
      "accepted_tcp_nodelay": true,
      "equal_wire_work": true,
      "full_decoded_equality": true,
      "id": "rpc.tonic_transport.reference_reference.query.d8.v3.unary",
      "input_wire_fingerprint": "fnv1a64:3bf3be2a52ad1ad9",
      "message_caps": "unchanged native/tonic defaults",
      "native_request_bytes": 567,
      "request_bytes": 567,
      "request_read_checksum": 16223853345291276257,
      "response_bytes_per_message": 567,
      "response_read_checksum": 16223853345291276257,
      "responses": 1
    },
    {
      "accepted_local_addr": "127.0.0.1:42251",
      "accepted_remote_addr": "127.0.0.1:59968",
      "accepted_socket_observer": "frozen reference TcpIncoming.with_nodelay(Some(true))",
      "accepted_tcp_nodelay": true,
      "equal_wire_work": true,
      "full_decoded_equality": true,
      "id": "rpc.tonic_transport.reference_reference.query.d8.v3.server_stream",
      "input_wire_fingerprint": "fnv1a64:3bf3be2a52ad1ad9",
      "message_caps": "unchanged native/tonic defaults",
      "native_request_bytes": 567,
      "request_bytes": 567,
      "request_read_checksum": 16223853345291276257,
      "response_bytes_per_message": 567,
      "response_read_checksum": 16223853345291276257,
      "responses": 4
    },
    {
      "accepted_local_addr": "127.0.0.1:35621",
      "accepted_remote_addr": "127.0.0.1:58736",
      "accepted_socket_observer": "frozen reference TcpIncoming.with_nodelay(Some(true))",
      "accepted_tcp_nodelay": true,
      "equal_wire_work": true,
      "full_decoded_equality": true,
      "id": "rpc.tonic_transport.native_client_reference_server.query.d8.v3.unary",
      "input_wire_fingerprint": "fnv1a64:3bf3be2a52ad1ad9",
      "message_caps": "unchanged native/tonic defaults",
      "native_request_bytes": 567,
      "request_bytes": 567,
      "request_read_checksum": 16223853345291276257,
      "response_bytes_per_message": 567,
      "response_read_checksum": 16223853345291276257,
      "responses": 1
    },
    {
      "accepted_local_addr": "127.0.0.1:39763",
      "accepted_remote_addr": "127.0.0.1:44866",
      "accepted_socket_observer": "frozen reference TcpIncoming.with_nodelay(Some(true))",
      "accepted_tcp_nodelay": true,
      "equal_wire_work": true,
      "full_decoded_equality": true,
      "id": "rpc.tonic_transport.native_client_reference_server.query.d8.v3.server_stream",
      "input_wire_fingerprint": "fnv1a64:3bf3be2a52ad1ad9",
      "message_caps": "unchanged native/tonic defaults",
      "native_request_bytes": 567,
      "request_bytes": 567,
      "request_read_checksum": 16223853345291276257,
      "response_bytes_per_message": 567,
      "response_read_checksum": 16223853345291276257,
      "responses": 4
    },
    {
      "accepted_local_addr": "127.0.0.1:37835",
      "accepted_remote_addr": "127.0.0.1:48606",
      "accepted_socket_observer": "custom Incoming reproduces built-in native tcp::tune TCP_NODELAY=true",
      "accepted_tcp_nodelay": true,
      "equal_wire_work": true,
      "full_decoded_equality": true,
      "id": "rpc.tonic_transport.reference_client_native_server.query.d8.v3.unary",
      "input_wire_fingerprint": "fnv1a64:3bf3be2a52ad1ad9",
      "message_caps": "unchanged native/tonic defaults",
      "native_request_bytes": 567,
      "request_bytes": 567,
      "request_read_checksum": 16223853345291276257,
      "response_bytes_per_message": 567,
      "response_read_checksum": 16223853345291276257,
      "responses": 1
    },
    {
      "accepted_local_addr": "127.0.0.1:34169",
      "accepted_remote_addr": "127.0.0.1:49314",
      "accepted_socket_observer": "custom Incoming reproduces built-in native tcp::tune TCP_NODELAY=true",
      "accepted_tcp_nodelay": true,
      "equal_wire_work": true,
      "full_decoded_equality": true,
      "id": "rpc.tonic_transport.reference_client_native_server.query.d8.v3.server_stream",
      "input_wire_fingerprint": "fnv1a64:3bf3be2a52ad1ad9",
      "message_caps": "unchanged native/tonic defaults",
      "native_request_bytes": 567,
      "request_bytes": 567,
      "request_read_checksum": 16223853345291276257,
      "response_bytes_per_message": 567,
      "response_read_checksum": 16223853345291276257,
      "responses": 4
    },
    {
      "accepted_local_addr": "127.0.0.1:36231",
      "accepted_remote_addr": "127.0.0.1:33210",
      "accepted_socket_observer": "custom Incoming reproduces built-in native tcp::tune TCP_NODELAY=true",
      "accepted_tcp_nodelay": true,
      "equal_wire_work": true,
      "full_decoded_equality": true,
      "id": "rpc.tonic_transport.native_native.query.d8.v3.unary",
      "input_wire_fingerprint": "fnv1a64:3bf3be2a52ad1ad9",
      "message_caps": "unchanged native/tonic defaults",
      "native_request_bytes": 567,
      "request_bytes": 567,
      "request_read_checksum": 16223853345291276257,
      "response_bytes_per_message": 567,
      "response_read_checksum": 16223853345291276257,
      "responses": 1
    },
    {
      "accepted_local_addr": "127.0.0.1:46175",
      "accepted_remote_addr": "127.0.0.1:56852",
      "accepted_socket_observer": "custom Incoming reproduces built-in native tcp::tune TCP_NODELAY=true",
      "accepted_tcp_nodelay": true,
      "equal_wire_work": true,
      "full_decoded_equality": true,
      "id": "rpc.tonic_transport.native_native.query.d8.v3.server_stream",
      "input_wire_fingerprint": "fnv1a64:3bf3be2a52ad1ad9",
      "message_caps": "unchanged native/tonic defaults",
      "native_request_bytes": 567,
      "request_bytes": 567,
      "request_read_checksum": 16223853345291276257,
      "response_bytes_per_message": 567,
      "response_read_checksum": 16223853345291276257,
      "responses": 4
    },
    {
      "accepted_local_addr": "127.0.0.1:40453",
      "accepted_remote_addr": "127.0.0.1:60702",
      "accepted_socket_observer": "frozen reference TcpIncoming.with_nodelay(Some(true))",
      "accepted_tcp_nodelay": true,
      "equal_wire_work": true,
      "full_decoded_equality": true,
      "id": "rpc.tonic_transport.reference_reference.query.d8.v4.unary",
      "input_wire_fingerprint": "fnv1a64:c37dd8f2cd65cbfc",
      "message_caps": "unchanged native/tonic defaults",
      "native_request_bytes": 574,
      "request_bytes": 574,
      "request_read_checksum": 11677166586897780202,
      "response_bytes_per_message": 574,
      "response_read_checksum": 11677166586897780202,
      "responses": 1
    },
    {
      "accepted_local_addr": "127.0.0.1:34385",
      "accepted_remote_addr": "127.0.0.1:59242",
      "accepted_socket_observer": "frozen reference TcpIncoming.with_nodelay(Some(true))",
      "accepted_tcp_nodelay": true,
      "equal_wire_work": true,
      "full_decoded_equality": true,
      "id": "rpc.tonic_transport.reference_reference.query.d8.v4.server_stream",
      "input_wire_fingerprint": "fnv1a64:c37dd8f2cd65cbfc",
      "message_caps": "unchanged native/tonic defaults",
      "native_request_bytes": 574,
      "request_bytes": 574,
      "request_read_checksum": 11677166586897780202,
      "response_bytes_per_message": 574,
      "response_read_checksum": 11677166586897780202,
      "responses": 4
    },
    {
      "accepted_local_addr": "127.0.0.1:44053",
      "accepted_remote_addr": "127.0.0.1:58362",
      "accepted_socket_observer": "frozen reference TcpIncoming.with_nodelay(Some(true))",
      "accepted_tcp_nodelay": true,
      "equal_wire_work": true,
      "full_decoded_equality": true,
      "id": "rpc.tonic_transport.native_client_reference_server.query.d8.v4.unary",
      "input_wire_fingerprint": "fnv1a64:c37dd8f2cd65cbfc",
      "message_caps": "unchanged native/tonic defaults",
      "native_request_bytes": 574,
      "request_bytes": 574,
      "request_read_checksum": 11677166586897780202,
      "response_bytes_per_message": 574,
      "response_read_checksum": 11677166586897780202,
      "responses": 1
    },
    {
      "accepted_local_addr": "127.0.0.1:40227",
      "accepted_remote_addr": "127.0.0.1:41198",
      "accepted_socket_observer": "frozen reference TcpIncoming.with_nodelay(Some(true))",
      "accepted_tcp_nodelay": true,
      "equal_wire_work": true,
      "full_decoded_equality": true,
      "id": "rpc.tonic_transport.native_client_reference_server.query.d8.v4.server_stream",
      "input_wire_fingerprint": "fnv1a64:c37dd8f2cd65cbfc",
      "message_caps": "unchanged native/tonic defaults",
      "native_request_bytes": 574,
      "request_bytes": 574,
      "request_read_checksum": 11677166586897780202,
      "response_bytes_per_message": 574,
      "response_read_checksum": 11677166586897780202,
      "responses": 4
    },
    {
      "accepted_local_addr": "127.0.0.1:45187",
      "accepted_remote_addr": "127.0.0.1:54976",
      "accepted_socket_observer": "custom Incoming reproduces built-in native tcp::tune TCP_NODELAY=true",
      "accepted_tcp_nodelay": true,
      "equal_wire_work": true,
      "full_decoded_equality": true,
      "id": "rpc.tonic_transport.reference_client_native_server.query.d8.v4.unary",
      "input_wire_fingerprint": "fnv1a64:c37dd8f2cd65cbfc",
      "message_caps": "unchanged native/tonic defaults",
      "native_request_bytes": 574,
      "request_bytes": 574,
      "request_read_checksum": 11677166586897780202,
      "response_bytes_per_message": 574,
      "response_read_checksum": 11677166586897780202,
      "responses": 1
    },
    {
      "accepted_local_addr": "127.0.0.1:42287",
      "accepted_remote_addr": "127.0.0.1:33312",
      "accepted_socket_observer": "custom Incoming reproduces built-in native tcp::tune TCP_NODELAY=true",
      "accepted_tcp_nodelay": true,
      "equal_wire_work": true,
      "full_decoded_equality": true,
      "id": "rpc.tonic_transport.reference_client_native_server.query.d8.v4.server_stream",
      "input_wire_fingerprint": "fnv1a64:c37dd8f2cd65cbfc",
      "message_caps": "unchanged native/tonic defaults",
      "native_request_bytes": 574,
      "request_bytes": 574,
      "request_read_checksum": 11677166586897780202,
      "response_bytes_per_message": 574,
      "response_read_checksum": 11677166586897780202,
      "responses": 4
    },
    {
      "accepted_local_addr": "127.0.0.1:42947",
      "accepted_remote_addr": "127.0.0.1:56668",
      "accepted_socket_observer": "custom Incoming reproduces built-in native tcp::tune TCP_NODELAY=true",
      "accepted_tcp_nodelay": true,
      "equal_wire_work": true,
      "full_decoded_equality": true,
      "id": "rpc.tonic_transport.native_native.query.d8.v4.unary",
      "input_wire_fingerprint": "fnv1a64:c37dd8f2cd65cbfc",
      "message_caps": "unchanged native/tonic defaults",
      "native_request_bytes": 574,
      "request_bytes": 574,
      "request_read_checksum": 11677166586897780202,
      "response_bytes_per_message": 574,
      "response_read_checksum": 11677166586897780202,
      "responses": 1
    },
    {
      "accepted_local_addr": "127.0.0.1:46069",
      "accepted_remote_addr": "127.0.0.1:48730",
      "accepted_socket_observer": "custom Incoming reproduces built-in native tcp::tune TCP_NODELAY=true",
      "accepted_tcp_nodelay": true,
      "equal_wire_work": true,
      "full_decoded_equality": true,
      "id": "rpc.tonic_transport.native_native.query.d8.v4.server_stream",
      "input_wire_fingerprint": "fnv1a64:c37dd8f2cd65cbfc",
      "message_caps": "unchanged native/tonic defaults",
      "native_request_bytes": 574,
      "request_bytes": 574,
      "request_read_checksum": 11677166586897780202,
      "response_bytes_per_message": 574,
      "response_read_checksum": 11677166586897780202,
      "responses": 4
    },
    {
      "accepted_local_addr": "127.0.0.1:42229",
      "accepted_remote_addr": "127.0.0.1:38060",
      "accepted_socket_observer": "frozen reference TcpIncoming.with_nodelay(Some(true))",
      "accepted_tcp_nodelay": true,
      "equal_wire_work": true,
      "full_decoded_equality": true,
      "id": "rpc.tonic_transport.reference_reference.query.d8.v5.unary",
      "input_wire_fingerprint": "fnv1a64:7d8fb01042b0229c",
      "message_caps": "unchanged native/tonic defaults",
      "native_request_bytes": 582,
      "request_bytes": 582,
      "request_read_checksum": 590005149581918327,
      "response_bytes_per_message": 582,
      "response_read_checksum": 590005149581918327,
      "responses": 1
    },
    {
      "accepted_local_addr": "127.0.0.1:44657",
      "accepted_remote_addr": "127.0.0.1:47542",
      "accepted_socket_observer": "frozen reference TcpIncoming.with_nodelay(Some(true))",
      "accepted_tcp_nodelay": true,
      "equal_wire_work": true,
      "full_decoded_equality": true,
      "id": "rpc.tonic_transport.reference_reference.query.d8.v5.server_stream",
      "input_wire_fingerprint": "fnv1a64:7d8fb01042b0229c",
      "message_caps": "unchanged native/tonic defaults",
      "native_request_bytes": 582,
      "request_bytes": 582,
      "request_read_checksum": 590005149581918327,
      "response_bytes_per_message": 582,
      "response_read_checksum": 590005149581918327,
      "responses": 4
    },
    {
      "accepted_local_addr": "127.0.0.1:46273",
      "accepted_remote_addr": "127.0.0.1:49690",
      "accepted_socket_observer": "frozen reference TcpIncoming.with_nodelay(Some(true))",
      "accepted_tcp_nodelay": true,
      "equal_wire_work": true,
      "full_decoded_equality": true,
      "id": "rpc.tonic_transport.native_client_reference_server.query.d8.v5.unary",
      "input_wire_fingerprint": "fnv1a64:7d8fb01042b0229c",
      "message_caps": "unchanged native/tonic defaults",
      "native_request_bytes": 582,
      "request_bytes": 582,
      "request_read_checksum": 590005149581918327,
      "response_bytes_per_message": 582,
      "response_read_checksum": 590005149581918327,
      "responses": 1
    },
    {
      "accepted_local_addr": "127.0.0.1:43387",
      "accepted_remote_addr": "127.0.0.1:60106",
      "accepted_socket_observer": "frozen reference TcpIncoming.with_nodelay(Some(true))",
      "accepted_tcp_nodelay": true,
      "equal_wire_work": true,
      "full_decoded_equality": true,
      "id": "rpc.tonic_transport.native_client_reference_server.query.d8.v5.server_stream",
      "input_wire_fingerprint": "fnv1a64:7d8fb01042b0229c",
      "message_caps": "unchanged native/tonic defaults",
      "native_request_bytes": 582,
      "request_bytes": 582,
      "request_read_checksum": 590005149581918327,
      "response_bytes_per_message": 582,
      "response_read_checksum": 590005149581918327,
      "responses": 4
    },
    {
      "accepted_local_addr": "127.0.0.1:44913",
      "accepted_remote_addr": "127.0.0.1:52614",
      "accepted_socket_observer": "custom Incoming reproduces built-in native tcp::tune TCP_NODELAY=true",
      "accepted_tcp_nodelay": true,
      "equal_wire_work": true,
      "full_decoded_equality": true,
      "id": "rpc.tonic_transport.reference_client_native_server.query.d8.v5.unary",
      "input_wire_fingerprint": "fnv1a64:7d8fb01042b0229c",
      "message_caps": "unchanged native/tonic defaults",
      "native_request_bytes": 582,
      "request_bytes": 582,
      "request_read_checksum": 590005149581918327,
      "response_bytes_per_message": 582,
      "response_read_checksum": 590005149581918327,
      "responses": 1
    },
    {
      "accepted_local_addr": "127.0.0.1:42789",
      "accepted_remote_addr": "127.0.0.1:35382",
      "accepted_socket_observer": "custom Incoming reproduces built-in native tcp::tune TCP_NODELAY=true",
      "accepted_tcp_nodelay": true,
      "equal_wire_work": true,
      "full_decoded_equality": true,
      "id": "rpc.tonic_transport.reference_client_native_server.query.d8.v5.server_stream",
      "input_wire_fingerprint": "fnv1a64:7d8fb01042b0229c",
      "message_caps": "unchanged native/tonic defaults",
      "native_request_bytes": 582,
      "request_bytes": 582,
      "request_read_checksum": 590005149581918327,
      "response_bytes_per_message": 582,
      "response_read_checksum": 590005149581918327,
      "responses": 4
    },
    {
      "accepted_local_addr": "127.0.0.1:33087",
      "accepted_remote_addr": "127.0.0.1:56318",
      "accepted_socket_observer": "custom Incoming reproduces built-in native tcp::tune TCP_NODELAY=true",
      "accepted_tcp_nodelay": true,
      "equal_wire_work": true,
      "full_decoded_equality": true,
      "id": "rpc.tonic_transport.native_native.query.d8.v5.unary",
      "input_wire_fingerprint": "fnv1a64:7d8fb01042b0229c",
      "message_caps": "unchanged native/tonic defaults",
      "native_request_bytes": 582,
      "request_bytes": 582,
      "request_read_checksum": 590005149581918327,
      "response_bytes_per_message": 582,
      "response_read_checksum": 590005149581918327,
      "responses": 1
    },
    {
      "accepted_local_addr": "127.0.0.1:42339",
      "accepted_remote_addr": "127.0.0.1:48112",
      "accepted_socket_observer": "custom Incoming reproduces built-in native tcp::tune TCP_NODELAY=true",
      "accepted_tcp_nodelay": true,
      "equal_wire_work": true,
      "full_decoded_equality": true,
      "id": "rpc.tonic_transport.native_native.query.d8.v5.server_stream",
      "input_wire_fingerprint": "fnv1a64:7d8fb01042b0229c",
      "message_caps": "unchanged native/tonic defaults",
      "native_request_bytes": 582,
      "request_bytes": 582,
      "request_read_checksum": 590005149581918327,
      "response_bytes_per_message": 582,
      "response_read_checksum": 590005149581918327,
      "responses": 4
    },
    {
      "accepted_local_addr": "127.0.0.1:33625",
      "accepted_remote_addr": "127.0.0.1:39882",
      "accepted_socket_observer": "frozen reference TcpIncoming.with_nodelay(Some(true))",
      "accepted_tcp_nodelay": true,
      "equal_wire_work": true,
      "full_decoded_equality": true,
      "id": "rpc.tonic_transport.reference_reference.query.d8.v6.unary",
      "input_wire_fingerprint": "fnv1a64:391fb03b805ccd9a",
      "message_caps": "unchanged native/tonic defaults",
      "native_request_bytes": 602,
      "request_bytes": 602,
      "request_read_checksum": 12157741790846053537,
      "response_bytes_per_message": 602,
      "response_read_checksum": 12157741790846053537,
      "responses": 1
    },
    {
      "accepted_local_addr": "127.0.0.1:41203",
      "accepted_remote_addr": "127.0.0.1:43154",
      "accepted_socket_observer": "frozen reference TcpIncoming.with_nodelay(Some(true))",
      "accepted_tcp_nodelay": true,
      "equal_wire_work": true,
      "full_decoded_equality": true,
      "id": "rpc.tonic_transport.reference_reference.query.d8.v6.server_stream",
      "input_wire_fingerprint": "fnv1a64:391fb03b805ccd9a",
      "message_caps": "unchanged native/tonic defaults",
      "native_request_bytes": 602,
      "request_bytes": 602,
      "request_read_checksum": 12157741790846053537,
      "response_bytes_per_message": 602,
      "response_read_checksum": 12157741790846053537,
      "responses": 4
    },
    {
      "accepted_local_addr": "127.0.0.1:45777",
      "accepted_remote_addr": "127.0.0.1:40608",
      "accepted_socket_observer": "frozen reference TcpIncoming.with_nodelay(Some(true))",
      "accepted_tcp_nodelay": true,
      "equal_wire_work": true,
      "full_decoded_equality": true,
      "id": "rpc.tonic_transport.native_client_reference_server.query.d8.v6.unary",
      "input_wire_fingerprint": "fnv1a64:391fb03b805ccd9a",
      "message_caps": "unchanged native/tonic defaults",
      "native_request_bytes": 602,
      "request_bytes": 602,
      "request_read_checksum": 12157741790846053537,
      "response_bytes_per_message": 602,
      "response_read_checksum": 12157741790846053537,
      "responses": 1
    },
    {
      "accepted_local_addr": "127.0.0.1:34663",
      "accepted_remote_addr": "127.0.0.1:50062",
      "accepted_socket_observer": "frozen reference TcpIncoming.with_nodelay(Some(true))",
      "accepted_tcp_nodelay": true,
      "equal_wire_work": true,
      "full_decoded_equality": true,
      "id": "rpc.tonic_transport.native_client_reference_server.query.d8.v6.server_stream",
      "input_wire_fingerprint": "fnv1a64:391fb03b805ccd9a",
      "message_caps": "unchanged native/tonic defaults",
      "native_request_bytes": 602,
      "request_bytes": 602,
      "request_read_checksum": 12157741790846053537,
      "response_bytes_per_message": 602,
      "response_read_checksum": 12157741790846053537,
      "responses": 4
    },
    {
      "accepted_local_addr": "127.0.0.1:43341",
      "accepted_remote_addr": "127.0.0.1:52664",
      "accepted_socket_observer": "custom Incoming reproduces built-in native tcp::tune TCP_NODELAY=true",
      "accepted_tcp_nodelay": true,
      "equal_wire_work": true,
      "full_decoded_equality": true,
      "id": "rpc.tonic_transport.reference_client_native_server.query.d8.v6.unary",
      "input_wire_fingerprint": "fnv1a64:391fb03b805ccd9a",
      "message_caps": "unchanged native/tonic defaults",
      "native_request_bytes": 602,
      "request_bytes": 602,
      "request_read_checksum": 12157741790846053537,
      "response_bytes_per_message": 602,
      "response_read_checksum": 12157741790846053537,
      "responses": 1
    },
    {
      "accepted_local_addr": "127.0.0.1:42099",
      "accepted_remote_addr": "127.0.0.1:44286",
      "accepted_socket_observer": "custom Incoming reproduces built-in native tcp::tune TCP_NODELAY=true",
      "accepted_tcp_nodelay": true,
      "equal_wire_work": true,
      "full_decoded_equality": true,
      "id": "rpc.tonic_transport.reference_client_native_server.query.d8.v6.server_stream",
      "input_wire_fingerprint": "fnv1a64:391fb03b805ccd9a",
      "message_caps": "unchanged native/tonic defaults",
      "native_request_bytes": 602,
      "request_bytes": 602,
      "request_read_checksum": 12157741790846053537,
      "response_bytes_per_message": 602,
      "response_read_checksum": 12157741790846053537,
      "responses": 4
    },
    {
      "accepted_local_addr": "127.0.0.1:41387",
      "accepted_remote_addr": "127.0.0.1:52166",
      "accepted_socket_observer": "custom Incoming reproduces built-in native tcp::tune TCP_NODELAY=true",
      "accepted_tcp_nodelay": true,
      "equal_wire_work": true,
      "full_decoded_equality": true,
      "id": "rpc.tonic_transport.native_native.query.d8.v6.unary",
      "input_wire_fingerprint": "fnv1a64:391fb03b805ccd9a",
      "message_caps": "unchanged native/tonic defaults",
      "native_request_bytes": 602,
      "request_bytes": 602,
      "request_read_checksum": 12157741790846053537,
      "response_bytes_per_message": 602,
      "response_read_checksum": 12157741790846053537,
      "responses": 1
    },
    {
      "accepted_local_addr": "127.0.0.1:39341",
      "accepted_remote_addr": "127.0.0.1:36614",
      "accepted_socket_observer": "custom Incoming reproduces built-in native tcp::tune TCP_NODELAY=true",
      "accepted_tcp_nodelay": true,
      "equal_wire_work": true,
      "full_decoded_equality": true,
      "id": "rpc.tonic_transport.native_native.query.d8.v6.server_stream",
      "input_wire_fingerprint": "fnv1a64:391fb03b805ccd9a",
      "message_caps": "unchanged native/tonic defaults",
      "native_request_bytes": 602,
      "request_bytes": 602,
      "request_read_checksum": 12157741790846053537,
      "response_bytes_per_message": 602,
      "response_read_checksum": 12157741790846053537,
      "responses": 4
    },
    {
      "accepted_local_addr": "127.0.0.1:35723",
      "accepted_remote_addr": "127.0.0.1:43038",
      "accepted_socket_observer": "frozen reference TcpIncoming.with_nodelay(Some(true))",
      "accepted_tcp_nodelay": true,
      "equal_wire_work": true,
      "full_decoded_equality": true,
      "id": "rpc.tonic_transport.reference_reference.query.d8.v7.unary",
      "input_wire_fingerprint": "fnv1a64:74e2bf78c5744df3",
      "message_caps": "unchanged native/tonic defaults",
      "native_request_bytes": 605,
      "request_bytes": 605,
      "request_read_checksum": 14654305640537854503,
      "response_bytes_per_message": 605,
      "response_read_checksum": 14654305640537854503,
      "responses": 1
    },
    {
      "accepted_local_addr": "127.0.0.1:43893",
      "accepted_remote_addr": "127.0.0.1:56400",
      "accepted_socket_observer": "frozen reference TcpIncoming.with_nodelay(Some(true))",
      "accepted_tcp_nodelay": true,
      "equal_wire_work": true,
      "full_decoded_equality": true,
      "id": "rpc.tonic_transport.reference_reference.query.d8.v7.server_stream",
      "input_wire_fingerprint": "fnv1a64:74e2bf78c5744df3",
      "message_caps": "unchanged native/tonic defaults",
      "native_request_bytes": 605,
      "request_bytes": 605,
      "request_read_checksum": 14654305640537854503,
      "response_bytes_per_message": 605,
      "response_read_checksum": 14654305640537854503,
      "responses": 4
    },
    {
      "accepted_local_addr": "127.0.0.1:34243",
      "accepted_remote_addr": "127.0.0.1:50800",
      "accepted_socket_observer": "frozen reference TcpIncoming.with_nodelay(Some(true))",
      "accepted_tcp_nodelay": true,
      "equal_wire_work": true,
      "full_decoded_equality": true,
      "id": "rpc.tonic_transport.native_client_reference_server.query.d8.v7.unary",
      "input_wire_fingerprint": "fnv1a64:74e2bf78c5744df3",
      "message_caps": "unchanged native/tonic defaults",
      "native_request_bytes": 605,
      "request_bytes": 605,
      "request_read_checksum": 14654305640537854503,
      "response_bytes_per_message": 605,
      "response_read_checksum": 14654305640537854503,
      "responses": 1
    },
    {
      "accepted_local_addr": "127.0.0.1:32923",
      "accepted_remote_addr": "127.0.0.1:59522",
      "accepted_socket_observer": "frozen reference TcpIncoming.with_nodelay(Some(true))",
      "accepted_tcp_nodelay": true,
      "equal_wire_work": true,
      "full_decoded_equality": true,
      "id": "rpc.tonic_transport.native_client_reference_server.query.d8.v7.server_stream",
      "input_wire_fingerprint": "fnv1a64:74e2bf78c5744df3",
      "message_caps": "unchanged native/tonic defaults",
      "native_request_bytes": 605,
      "request_bytes": 605,
      "request_read_checksum": 14654305640537854503,
      "response_bytes_per_message": 605,
      "response_read_checksum": 14654305640537854503,
      "responses": 4
    },
    {
      "accepted_local_addr": "127.0.0.1:33231",
      "accepted_remote_addr": "127.0.0.1:50568",
      "accepted_socket_observer": "custom Incoming reproduces built-in native tcp::tune TCP_NODELAY=true",
      "accepted_tcp_nodelay": true,
      "equal_wire_work": true,
      "full_decoded_equality": true,
      "id": "rpc.tonic_transport.reference_client_native_server.query.d8.v7.unary",
      "input_wire_fingerprint": "fnv1a64:74e2bf78c5744df3",
      "message_caps": "unchanged native/tonic defaults",
      "native_request_bytes": 605,
      "request_bytes": 605,
      "request_read_checksum": 14654305640537854503,
      "response_bytes_per_message": 605,
      "response_read_checksum": 14654305640537854503,
      "responses": 1
    },
    {
      "accepted_local_addr": "127.0.0.1:46277",
      "accepted_remote_addr": "127.0.0.1:49174",
      "accepted_socket_observer": "custom Incoming reproduces built-in native tcp::tune TCP_NODELAY=true",
      "accepted_tcp_nodelay": true,
      "equal_wire_work": true,
      "full_decoded_equality": true,
      "id": "rpc.tonic_transport.reference_client_native_server.query.d8.v7.server_stream",
      "input_wire_fingerprint": "fnv1a64:74e2bf78c5744df3",
      "message_caps": "unchanged native/tonic defaults",
      "native_request_bytes": 605,
      "request_bytes": 605,
      "request_read_checksum": 14654305640537854503,
      "response_bytes_per_message": 605,
      "response_read_checksum": 14654305640537854503,
      "responses": 4
    },
    {
      "accepted_local_addr": "127.0.0.1:36907",
      "accepted_remote_addr": "127.0.0.1:49864",
      "accepted_socket_observer": "custom Incoming reproduces built-in native tcp::tune TCP_NODELAY=true",
      "accepted_tcp_nodelay": true,
      "equal_wire_work": true,
      "full_decoded_equality": true,
      "id": "rpc.tonic_transport.native_native.query.d8.v7.unary",
      "input_wire_fingerprint": "fnv1a64:74e2bf78c5744df3",
      "message_caps": "unchanged native/tonic defaults",
      "native_request_bytes": 605,
      "request_bytes": 605,
      "request_read_checksum": 14654305640537854503,
      "response_bytes_per_message": 605,
      "response_read_checksum": 14654305640537854503,
      "responses": 1
    },
    {
      "accepted_local_addr": "127.0.0.1:34245",
      "accepted_remote_addr": "127.0.0.1:45076",
      "accepted_socket_observer": "custom Incoming reproduces built-in native tcp::tune TCP_NODELAY=true",
      "accepted_tcp_nodelay": true,
      "equal_wire_work": true,
      "full_decoded_equality": true,
      "id": "rpc.tonic_transport.native_native.query.d8.v7.server_stream",
      "input_wire_fingerprint": "fnv1a64:74e2bf78c5744df3",
      "message_caps": "unchanged native/tonic defaults",
      "native_request_bytes": 605,
      "request_bytes": 605,
      "request_read_checksum": 14654305640537854503,
      "response_bytes_per_message": 605,
      "response_read_checksum": 14654305640537854503,
      "responses": 4
    },
    {
      "accepted_local_addr": "127.0.0.1:36859",
      "accepted_remote_addr": "127.0.0.1:57680",
      "accepted_socket_observer": "frozen reference TcpIncoming.with_nodelay(Some(true))",
      "accepted_tcp_nodelay": true,
      "equal_wire_work": true,
      "full_decoded_equality": true,
      "id": "rpc.tonic_transport.reference_reference.entities.n10.unary",
      "input_wire_fingerprint": "fnv1a64:03549cdb3a70de54",
      "message_caps": "unchanged native/tonic defaults",
      "native_request_bytes": 5626,
      "request_bytes": 5626,
      "request_read_checksum": 15247385977393515352,
      "response_bytes_per_message": 5626,
      "response_read_checksum": 15247385977393515352,
      "responses": 1
    },
    {
      "accepted_local_addr": "127.0.0.1:44769",
      "accepted_remote_addr": "127.0.0.1:49142",
      "accepted_socket_observer": "frozen reference TcpIncoming.with_nodelay(Some(true))",
      "accepted_tcp_nodelay": true,
      "equal_wire_work": true,
      "full_decoded_equality": true,
      "id": "rpc.tonic_transport.reference_reference.entities.n10.server_stream",
      "input_wire_fingerprint": "fnv1a64:03549cdb3a70de54",
      "message_caps": "unchanged native/tonic defaults",
      "native_request_bytes": 5626,
      "request_bytes": 5626,
      "request_read_checksum": 15247385977393515352,
      "response_bytes_per_message": 5626,
      "response_read_checksum": 15247385977393515352,
      "responses": 4
    },
    {
      "accepted_local_addr": "127.0.0.1:41809",
      "accepted_remote_addr": "127.0.0.1:34948",
      "accepted_socket_observer": "frozen reference TcpIncoming.with_nodelay(Some(true))",
      "accepted_tcp_nodelay": true,
      "equal_wire_work": true,
      "full_decoded_equality": true,
      "id": "rpc.tonic_transport.native_client_reference_server.entities.n10.unary",
      "input_wire_fingerprint": "fnv1a64:03549cdb3a70de54",
      "message_caps": "unchanged native/tonic defaults",
      "native_request_bytes": 5626,
      "request_bytes": 5626,
      "request_read_checksum": 15247385977393515352,
      "response_bytes_per_message": 5626,
      "response_read_checksum": 15247385977393515352,
      "responses": 1
    },
    {
      "accepted_local_addr": "127.0.0.1:36655",
      "accepted_remote_addr": "127.0.0.1:60242",
      "accepted_socket_observer": "frozen reference TcpIncoming.with_nodelay(Some(true))",
      "accepted_tcp_nodelay": true,
      "equal_wire_work": true,
      "full_decoded_equality": true,
      "id": "rpc.tonic_transport.native_client_reference_server.entities.n10.server_stream",
      "input_wire_fingerprint": "fnv1a64:03549cdb3a70de54",
      "message_caps": "unchanged native/tonic defaults",
      "native_request_bytes": 5626,
      "request_bytes": 5626,
      "request_read_checksum": 15247385977393515352,
      "response_bytes_per_message": 5626,
      "response_read_checksum": 15247385977393515352,
      "responses": 4
    },
    {
      "accepted_local_addr": "127.0.0.1:36001",
      "accepted_remote_addr": "127.0.0.1:33948",
      "accepted_socket_observer": "custom Incoming reproduces built-in native tcp::tune TCP_NODELAY=true",
      "accepted_tcp_nodelay": true,
      "equal_wire_work": true,
      "full_decoded_equality": true,
      "id": "rpc.tonic_transport.reference_client_native_server.entities.n10.unary",
      "input_wire_fingerprint": "fnv1a64:03549cdb3a70de54",
      "message_caps": "unchanged native/tonic defaults",
      "native_request_bytes": 5626,
      "request_bytes": 5626,
      "request_read_checksum": 15247385977393515352,
      "response_bytes_per_message": 5626,
      "response_read_checksum": 15247385977393515352,
      "responses": 1
    },
    {
      "accepted_local_addr": "127.0.0.1:41107",
      "accepted_remote_addr": "127.0.0.1:58048",
      "accepted_socket_observer": "custom Incoming reproduces built-in native tcp::tune TCP_NODELAY=true",
      "accepted_tcp_nodelay": true,
      "equal_wire_work": true,
      "full_decoded_equality": true,
      "id": "rpc.tonic_transport.reference_client_native_server.entities.n10.server_stream",
      "input_wire_fingerprint": "fnv1a64:03549cdb3a70de54",
      "message_caps": "unchanged native/tonic defaults",
      "native_request_bytes": 5626,
      "request_bytes": 5626,
      "request_read_checksum": 15247385977393515352,
      "response_bytes_per_message": 5626,
      "response_read_checksum": 15247385977393515352,
      "responses": 4
    },
    {
      "accepted_local_addr": "127.0.0.1:41219",
      "accepted_remote_addr": "127.0.0.1:49484",
      "accepted_socket_observer": "custom Incoming reproduces built-in native tcp::tune TCP_NODELAY=true",
      "accepted_tcp_nodelay": true,
      "equal_wire_work": true,
      "full_decoded_equality": true,
      "id": "rpc.tonic_transport.native_native.entities.n10.unary",
      "input_wire_fingerprint": "fnv1a64:03549cdb3a70de54",
      "message_caps": "unchanged native/tonic defaults",
      "native_request_bytes": 5626,
      "request_bytes": 5626,
      "request_read_checksum": 15247385977393515352,
      "response_bytes_per_message": 5626,
      "response_read_checksum": 15247385977393515352,
      "responses": 1
    },
    {
      "accepted_local_addr": "127.0.0.1:38753",
      "accepted_remote_addr": "127.0.0.1:45776",
      "accepted_socket_observer": "custom Incoming reproduces built-in native tcp::tune TCP_NODELAY=true",
      "accepted_tcp_nodelay": true,
      "equal_wire_work": true,
      "full_decoded_equality": true,
      "id": "rpc.tonic_transport.native_native.entities.n10.server_stream",
      "input_wire_fingerprint": "fnv1a64:03549cdb3a70de54",
      "message_caps": "unchanged native/tonic defaults",
      "native_request_bytes": 5626,
      "request_bytes": 5626,
      "request_read_checksum": 15247385977393515352,
      "response_bytes_per_message": 5626,
      "response_read_checksum": 15247385977393515352,
      "responses": 4
    },
    {
      "accepted_local_addr": "127.0.0.1:38413",
      "accepted_remote_addr": "127.0.0.1:49688",
      "accepted_socket_observer": "frozen reference TcpIncoming.with_nodelay(Some(true))",
      "accepted_tcp_nodelay": true,
      "equal_wire_work": true,
      "full_decoded_equality": true,
      "id": "rpc.tonic_transport.reference_reference.entities.n100.unary",
      "input_wire_fingerprint": "fnv1a64:be31c4b2b323ee0e",
      "message_caps": "unchanged native/tonic defaults",
      "native_request_bytes": 56398,
      "request_bytes": 56398,
      "request_read_checksum": 8435010447339593356,
      "response_bytes_per_message": 56398,
      "response_read_checksum": 8435010447339593356,
      "responses": 1
    },
    {
      "accepted_local_addr": "127.0.0.1:35329",
      "accepted_remote_addr": "127.0.0.1:57040",
      "accepted_socket_observer": "frozen reference TcpIncoming.with_nodelay(Some(true))",
      "accepted_tcp_nodelay": true,
      "equal_wire_work": true,
      "full_decoded_equality": true,
      "id": "rpc.tonic_transport.reference_reference.entities.n100.server_stream",
      "input_wire_fingerprint": "fnv1a64:be31c4b2b323ee0e",
      "message_caps": "unchanged native/tonic defaults",
      "native_request_bytes": 56398,
      "request_bytes": 56398,
      "request_read_checksum": 8435010447339593356,
      "response_bytes_per_message": 56398,
      "response_read_checksum": 8435010447339593356,
      "responses": 4
    },
    {
      "accepted_local_addr": "127.0.0.1:38619",
      "accepted_remote_addr": "127.0.0.1:55960",
      "accepted_socket_observer": "frozen reference TcpIncoming.with_nodelay(Some(true))",
      "accepted_tcp_nodelay": true,
      "equal_wire_work": true,
      "full_decoded_equality": true,
      "id": "rpc.tonic_transport.native_client_reference_server.entities.n100.unary",
      "input_wire_fingerprint": "fnv1a64:be31c4b2b323ee0e",
      "message_caps": "unchanged native/tonic defaults",
      "native_request_bytes": 56398,
      "request_bytes": 56398,
      "request_read_checksum": 8435010447339593356,
      "response_bytes_per_message": 56398,
      "response_read_checksum": 8435010447339593356,
      "responses": 1
    },
    {
      "accepted_local_addr": "127.0.0.1:46675",
      "accepted_remote_addr": "127.0.0.1:37496",
      "accepted_socket_observer": "frozen reference TcpIncoming.with_nodelay(Some(true))",
      "accepted_tcp_nodelay": true,
      "equal_wire_work": true,
      "full_decoded_equality": true,
      "id": "rpc.tonic_transport.native_client_reference_server.entities.n100.server_stream",
      "input_wire_fingerprint": "fnv1a64:be31c4b2b323ee0e",
      "message_caps": "unchanged native/tonic defaults",
      "native_request_bytes": 56398,
      "request_bytes": 56398,
      "request_read_checksum": 8435010447339593356,
      "response_bytes_per_message": 56398,
      "response_read_checksum": 8435010447339593356,
      "responses": 4
    },
    {
      "accepted_local_addr": "127.0.0.1:37087",
      "accepted_remote_addr": "127.0.0.1:44454",
      "accepted_socket_observer": "custom Incoming reproduces built-in native tcp::tune TCP_NODELAY=true",
      "accepted_tcp_nodelay": true,
      "equal_wire_work": true,
      "full_decoded_equality": true,
      "id": "rpc.tonic_transport.reference_client_native_server.entities.n100.unary",
      "input_wire_fingerprint": "fnv1a64:be31c4b2b323ee0e",
      "message_caps": "unchanged native/tonic defaults",
      "native_request_bytes": 56398,
      "request_bytes": 56398,
      "request_read_checksum": 8435010447339593356,
      "response_bytes_per_message": 56398,
      "response_read_checksum": 8435010447339593356,
      "responses": 1
    },
    {
      "accepted_local_addr": "127.0.0.1:39811",
      "accepted_remote_addr": "127.0.0.1:32882",
      "accepted_socket_observer": "custom Incoming reproduces built-in native tcp::tune TCP_NODELAY=true",
      "accepted_tcp_nodelay": true,
      "equal_wire_work": true,
      "full_decoded_equality": true,
      "id": "rpc.tonic_transport.reference_client_native_server.entities.n100.server_stream",
      "input_wire_fingerprint": "fnv1a64:be31c4b2b323ee0e",
      "message_caps": "unchanged native/tonic defaults",
      "native_request_bytes": 56398,
      "request_bytes": 56398,
      "request_read_checksum": 8435010447339593356,
      "response_bytes_per_message": 56398,
      "response_read_checksum": 8435010447339593356,
      "responses": 4
    },
    {
      "accepted_local_addr": "127.0.0.1:42673",
      "accepted_remote_addr": "127.0.0.1:60290",
      "accepted_socket_observer": "custom Incoming reproduces built-in native tcp::tune TCP_NODELAY=true",
      "accepted_tcp_nodelay": true,
      "equal_wire_work": true,
      "full_decoded_equality": true,
      "id": "rpc.tonic_transport.native_native.entities.n100.unary",
      "input_wire_fingerprint": "fnv1a64:be31c4b2b323ee0e",
      "message_caps": "unchanged native/tonic defaults",
      "native_request_bytes": 56398,
      "request_bytes": 56398,
      "request_read_checksum": 8435010447339593356,
      "response_bytes_per_message": 56398,
      "response_read_checksum": 8435010447339593356,
      "responses": 1
    },
    {
      "accepted_local_addr": "127.0.0.1:45067",
      "accepted_remote_addr": "127.0.0.1:42894",
      "accepted_socket_observer": "custom Incoming reproduces built-in native tcp::tune TCP_NODELAY=true",
      "accepted_tcp_nodelay": true,
      "equal_wire_work": true,
      "full_decoded_equality": true,
      "id": "rpc.tonic_transport.native_native.entities.n100.server_stream",
      "input_wire_fingerprint": "fnv1a64:be31c4b2b323ee0e",
      "message_caps": "unchanged native/tonic defaults",
      "native_request_bytes": 56398,
      "request_bytes": 56398,
      "request_read_checksum": 8435010447339593356,
      "response_bytes_per_message": 56398,
      "response_read_checksum": 8435010447339593356,
      "responses": 4
    },
    {
      "accepted_local_addr": "127.0.0.1:41759",
      "accepted_remote_addr": "127.0.0.1:33414",
      "accepted_socket_observer": "frozen reference TcpIncoming.with_nodelay(Some(true))",
      "accepted_tcp_nodelay": true,
      "equal_wire_work": true,
      "full_decoded_equality": true,
      "id": "rpc.tonic_transport.reference_reference.entities.n1000.unary",
      "input_wire_fingerprint": "fnv1a64:3a59891465b626d2",
      "message_caps": "unchanged native/tonic defaults",
      "native_request_bytes": 564598,
      "request_bytes": 564598,
      "request_read_checksum": 9530641928282539567,
      "response_bytes_per_message": 564598,
      "response_read_checksum": 9530641928282539567,
      "responses": 1
    },
    {
      "accepted_local_addr": "127.0.0.1:45695",
      "accepted_remote_addr": "127.0.0.1:39862",
      "accepted_socket_observer": "frozen reference TcpIncoming.with_nodelay(Some(true))",
      "accepted_tcp_nodelay": true,
      "equal_wire_work": true,
      "full_decoded_equality": true,
      "id": "rpc.tonic_transport.reference_reference.entities.n1000.server_stream",
      "input_wire_fingerprint": "fnv1a64:3a59891465b626d2",
      "message_caps": "unchanged native/tonic defaults",
      "native_request_bytes": 564598,
      "request_bytes": 564598,
      "request_read_checksum": 9530641928282539567,
      "response_bytes_per_message": 564598,
      "response_read_checksum": 9530641928282539567,
      "responses": 4
    },
    {
      "accepted_local_addr": "127.0.0.1:39099",
      "accepted_remote_addr": "127.0.0.1:33500",
      "accepted_socket_observer": "frozen reference TcpIncoming.with_nodelay(Some(true))",
      "accepted_tcp_nodelay": true,
      "equal_wire_work": true,
      "full_decoded_equality": true,
      "id": "rpc.tonic_transport.native_client_reference_server.entities.n1000.unary",
      "input_wire_fingerprint": "fnv1a64:3a59891465b626d2",
      "message_caps": "unchanged native/tonic defaults",
      "native_request_bytes": 564598,
      "request_bytes": 564598,
      "request_read_checksum": 9530641928282539567,
      "response_bytes_per_message": 564598,
      "response_read_checksum": 9530641928282539567,
      "responses": 1
    },
    {
      "accepted_local_addr": "127.0.0.1:38735",
      "accepted_remote_addr": "127.0.0.1:46068",
      "accepted_socket_observer": "frozen reference TcpIncoming.with_nodelay(Some(true))",
      "accepted_tcp_nodelay": true,
      "equal_wire_work": true,
      "full_decoded_equality": true,
      "id": "rpc.tonic_transport.native_client_reference_server.entities.n1000.server_stream",
      "input_wire_fingerprint": "fnv1a64:3a59891465b626d2",
      "message_caps": "unchanged native/tonic defaults",
      "native_request_bytes": 564598,
      "request_bytes": 564598,
      "request_read_checksum": 9530641928282539567,
      "response_bytes_per_message": 564598,
      "response_read_checksum": 9530641928282539567,
      "responses": 4
    },
    {
      "accepted_local_addr": "127.0.0.1:36069",
      "accepted_remote_addr": "127.0.0.1:36286",
      "accepted_socket_observer": "custom Incoming reproduces built-in native tcp::tune TCP_NODELAY=true",
      "accepted_tcp_nodelay": true,
      "equal_wire_work": true,
      "full_decoded_equality": true,
      "id": "rpc.tonic_transport.reference_client_native_server.entities.n1000.unary",
      "input_wire_fingerprint": "fnv1a64:3a59891465b626d2",
      "message_caps": "unchanged native/tonic defaults",
      "native_request_bytes": 564598,
      "request_bytes": 564598,
      "request_read_checksum": 9530641928282539567,
      "response_bytes_per_message": 564598,
      "response_read_checksum": 9530641928282539567,
      "responses": 1
    },
    {
      "accepted_local_addr": "127.0.0.1:33419",
      "accepted_remote_addr": "127.0.0.1:51946",
      "accepted_socket_observer": "custom Incoming reproduces built-in native tcp::tune TCP_NODELAY=true",
      "accepted_tcp_nodelay": true,
      "equal_wire_work": true,
      "full_decoded_equality": true,
      "id": "rpc.tonic_transport.reference_client_native_server.entities.n1000.server_stream",
      "input_wire_fingerprint": "fnv1a64:3a59891465b626d2",
      "message_caps": "unchanged native/tonic defaults",
      "native_request_bytes": 564598,
      "request_bytes": 564598,
      "request_read_checksum": 9530641928282539567,
      "response_bytes_per_message": 564598,
      "response_read_checksum": 9530641928282539567,
      "responses": 4
    },
    {
      "accepted_local_addr": "127.0.0.1:41785",
      "accepted_remote_addr": "127.0.0.1:57056",
      "accepted_socket_observer": "custom Incoming reproduces built-in native tcp::tune TCP_NODELAY=true",
      "accepted_tcp_nodelay": true,
      "equal_wire_work": true,
      "full_decoded_equality": true,
      "id": "rpc.tonic_transport.native_native.entities.n1000.unary",
      "input_wire_fingerprint": "fnv1a64:3a59891465b626d2",
      "message_caps": "unchanged native/tonic defaults",
      "native_request_bytes": 564598,
      "request_bytes": 564598,
      "request_read_checksum": 9530641928282539567,
      "response_bytes_per_message": 564598,
      "response_read_checksum": 9530641928282539567,
      "responses": 1
    },
    {
      "accepted_local_addr": "127.0.0.1:45039",
      "accepted_remote_addr": "127.0.0.1:36492",
      "accepted_socket_observer": "custom Incoming reproduces built-in native tcp::tune TCP_NODELAY=true",
      "accepted_tcp_nodelay": true,
      "equal_wire_work": true,
      "full_decoded_equality": true,
      "id": "rpc.tonic_transport.native_native.entities.n1000.server_stream",
      "input_wire_fingerprint": "fnv1a64:3a59891465b626d2",
      "message_caps": "unchanged native/tonic defaults",
      "native_request_bytes": 564598,
      "request_bytes": 564598,
      "request_read_checksum": 9530641928282539567,
      "response_bytes_per_message": 564598,
      "response_read_checksum": 9530641928282539567,
      "responses": 4
    },
    {
      "accepted_local_addr": "127.0.0.1:42315",
      "accepted_remote_addr": "127.0.0.1:36042",
      "accepted_socket_observer": "frozen reference TcpIncoming.with_nodelay(Some(true))",
      "accepted_tcp_nodelay": true,
      "equal_wire_work": true,
      "full_decoded_equality": true,
      "id": "rpc.tonic_transport.reference_reference.sparse.v0.unary",
      "input_wire_fingerprint": "fnv1a64:26d150c0dda58e85",
      "message_caps": "unchanged native/tonic defaults",
      "native_request_bytes": 88,
      "request_bytes": 88,
      "request_read_checksum": 9777144318171898183,
      "response_bytes_per_message": 88,
      "response_read_checksum": 9777144318171898183,
      "responses": 1
    },
    {
      "accepted_local_addr": "127.0.0.1:36843",
      "accepted_remote_addr": "127.0.0.1:48574",
      "accepted_socket_observer": "frozen reference TcpIncoming.with_nodelay(Some(true))",
      "accepted_tcp_nodelay": true,
      "equal_wire_work": true,
      "full_decoded_equality": true,
      "id": "rpc.tonic_transport.reference_reference.sparse.v0.server_stream",
      "input_wire_fingerprint": "fnv1a64:26d150c0dda58e85",
      "message_caps": "unchanged native/tonic defaults",
      "native_request_bytes": 88,
      "request_bytes": 88,
      "request_read_checksum": 9777144318171898183,
      "response_bytes_per_message": 88,
      "response_read_checksum": 9777144318171898183,
      "responses": 4
    },
    {
      "accepted_local_addr": "127.0.0.1:40653",
      "accepted_remote_addr": "127.0.0.1:40454",
      "accepted_socket_observer": "frozen reference TcpIncoming.with_nodelay(Some(true))",
      "accepted_tcp_nodelay": true,
      "equal_wire_work": true,
      "full_decoded_equality": true,
      "id": "rpc.tonic_transport.native_client_reference_server.sparse.v0.unary",
      "input_wire_fingerprint": "fnv1a64:26d150c0dda58e85",
      "message_caps": "unchanged native/tonic defaults",
      "native_request_bytes": 88,
      "request_bytes": 88,
      "request_read_checksum": 9777144318171898183,
      "response_bytes_per_message": 88,
      "response_read_checksum": 9777144318171898183,
      "responses": 1
    },
    {
      "accepted_local_addr": "127.0.0.1:44787",
      "accepted_remote_addr": "127.0.0.1:40014",
      "accepted_socket_observer": "frozen reference TcpIncoming.with_nodelay(Some(true))",
      "accepted_tcp_nodelay": true,
      "equal_wire_work": true,
      "full_decoded_equality": true,
      "id": "rpc.tonic_transport.native_client_reference_server.sparse.v0.server_stream",
      "input_wire_fingerprint": "fnv1a64:26d150c0dda58e85",
      "message_caps": "unchanged native/tonic defaults",
      "native_request_bytes": 88,
      "request_bytes": 88,
      "request_read_checksum": 9777144318171898183,
      "response_bytes_per_message": 88,
      "response_read_checksum": 9777144318171898183,
      "responses": 4
    },
    {
      "accepted_local_addr": "127.0.0.1:45013",
      "accepted_remote_addr": "127.0.0.1:35292",
      "accepted_socket_observer": "custom Incoming reproduces built-in native tcp::tune TCP_NODELAY=true",
      "accepted_tcp_nodelay": true,
      "equal_wire_work": true,
      "full_decoded_equality": true,
      "id": "rpc.tonic_transport.reference_client_native_server.sparse.v0.unary",
      "input_wire_fingerprint": "fnv1a64:26d150c0dda58e85",
      "message_caps": "unchanged native/tonic defaults",
      "native_request_bytes": 88,
      "request_bytes": 88,
      "request_read_checksum": 9777144318171898183,
      "response_bytes_per_message": 88,
      "response_read_checksum": 9777144318171898183,
      "responses": 1
    },
    {
      "accepted_local_addr": "127.0.0.1:37613",
      "accepted_remote_addr": "127.0.0.1:52752",
      "accepted_socket_observer": "custom Incoming reproduces built-in native tcp::tune TCP_NODELAY=true",
      "accepted_tcp_nodelay": true,
      "equal_wire_work": true,
      "full_decoded_equality": true,
      "id": "rpc.tonic_transport.reference_client_native_server.sparse.v0.server_stream",
      "input_wire_fingerprint": "fnv1a64:26d150c0dda58e85",
      "message_caps": "unchanged native/tonic defaults",
      "native_request_bytes": 88,
      "request_bytes": 88,
      "request_read_checksum": 9777144318171898183,
      "response_bytes_per_message": 88,
      "response_read_checksum": 9777144318171898183,
      "responses": 4
    },
    {
      "accepted_local_addr": "127.0.0.1:35013",
      "accepted_remote_addr": "127.0.0.1:43888",
      "accepted_socket_observer": "custom Incoming reproduces built-in native tcp::tune TCP_NODELAY=true",
      "accepted_tcp_nodelay": true,
      "equal_wire_work": true,
      "full_decoded_equality": true,
      "id": "rpc.tonic_transport.native_native.sparse.v0.unary",
      "input_wire_fingerprint": "fnv1a64:26d150c0dda58e85",
      "message_caps": "unchanged native/tonic defaults",
      "native_request_bytes": 88,
      "request_bytes": 88,
      "request_read_checksum": 9777144318171898183,
      "response_bytes_per_message": 88,
      "response_read_checksum": 9777144318171898183,
      "responses": 1
    },
    {
      "accepted_local_addr": "127.0.0.1:34389",
      "accepted_remote_addr": "127.0.0.1:46190",
      "accepted_socket_observer": "custom Incoming reproduces built-in native tcp::tune TCP_NODELAY=true",
      "accepted_tcp_nodelay": true,
      "equal_wire_work": true,
      "full_decoded_equality": true,
      "id": "rpc.tonic_transport.native_native.sparse.v0.server_stream",
      "input_wire_fingerprint": "fnv1a64:26d150c0dda58e85",
      "message_caps": "unchanged native/tonic defaults",
      "native_request_bytes": 88,
      "request_bytes": 88,
      "request_read_checksum": 9777144318171898183,
      "response_bytes_per_message": 88,
      "response_read_checksum": 9777144318171898183,
      "responses": 4
    },
    {
      "accepted_local_addr": "127.0.0.1:39659",
      "accepted_remote_addr": "127.0.0.1:57616",
      "accepted_socket_observer": "frozen reference TcpIncoming.with_nodelay(Some(true))",
      "accepted_tcp_nodelay": true,
      "equal_wire_work": true,
      "full_decoded_equality": true,
      "id": "rpc.tonic_transport.reference_reference.sparse.v1.unary",
      "input_wire_fingerprint": "fnv1a64:0a132013e1e64c14",
      "message_caps": "unchanged native/tonic defaults",
      "native_request_bytes": 105,
      "request_bytes": 105,
      "request_read_checksum": 16652561227195011389,
      "response_bytes_per_message": 105,
      "response_read_checksum": 16652561227195011389,
      "responses": 1
    },
    {
      "accepted_local_addr": "127.0.0.1:46675",
      "accepted_remote_addr": "127.0.0.1:39336",
      "accepted_socket_observer": "frozen reference TcpIncoming.with_nodelay(Some(true))",
      "accepted_tcp_nodelay": true,
      "equal_wire_work": true,
      "full_decoded_equality": true,
      "id": "rpc.tonic_transport.reference_reference.sparse.v1.server_stream",
      "input_wire_fingerprint": "fnv1a64:0a132013e1e64c14",
      "message_caps": "unchanged native/tonic defaults",
      "native_request_bytes": 105,
      "request_bytes": 105,
      "request_read_checksum": 16652561227195011389,
      "response_bytes_per_message": 105,
      "response_read_checksum": 16652561227195011389,
      "responses": 4
    },
    {
      "accepted_local_addr": "127.0.0.1:40183",
      "accepted_remote_addr": "127.0.0.1:33734",
      "accepted_socket_observer": "frozen reference TcpIncoming.with_nodelay(Some(true))",
      "accepted_tcp_nodelay": true,
      "equal_wire_work": true,
      "full_decoded_equality": true,
      "id": "rpc.tonic_transport.native_client_reference_server.sparse.v1.unary",
      "input_wire_fingerprint": "fnv1a64:0a132013e1e64c14",
      "message_caps": "unchanged native/tonic defaults",
      "native_request_bytes": 105,
      "request_bytes": 105,
      "request_read_checksum": 16652561227195011389,
      "response_bytes_per_message": 105,
      "response_read_checksum": 16652561227195011389,
      "responses": 1
    },
    {
      "accepted_local_addr": "127.0.0.1:33985",
      "accepted_remote_addr": "127.0.0.1:42610",
      "accepted_socket_observer": "frozen reference TcpIncoming.with_nodelay(Some(true))",
      "accepted_tcp_nodelay": true,
      "equal_wire_work": true,
      "full_decoded_equality": true,
      "id": "rpc.tonic_transport.native_client_reference_server.sparse.v1.server_stream",
      "input_wire_fingerprint": "fnv1a64:0a132013e1e64c14",
      "message_caps": "unchanged native/tonic defaults",
      "native_request_bytes": 105,
      "request_bytes": 105,
      "request_read_checksum": 16652561227195011389,
      "response_bytes_per_message": 105,
      "response_read_checksum": 16652561227195011389,
      "responses": 4
    },
    {
      "accepted_local_addr": "127.0.0.1:45705",
      "accepted_remote_addr": "127.0.0.1:46990",
      "accepted_socket_observer": "custom Incoming reproduces built-in native tcp::tune TCP_NODELAY=true",
      "accepted_tcp_nodelay": true,
      "equal_wire_work": true,
      "full_decoded_equality": true,
      "id": "rpc.tonic_transport.reference_client_native_server.sparse.v1.unary",
      "input_wire_fingerprint": "fnv1a64:0a132013e1e64c14",
      "message_caps": "unchanged native/tonic defaults",
      "native_request_bytes": 105,
      "request_bytes": 105,
      "request_read_checksum": 16652561227195011389,
      "response_bytes_per_message": 105,
      "response_read_checksum": 16652561227195011389,
      "responses": 1
    },
    {
      "accepted_local_addr": "127.0.0.1:33275",
      "accepted_remote_addr": "127.0.0.1:55068",
      "accepted_socket_observer": "custom Incoming reproduces built-in native tcp::tune TCP_NODELAY=true",
      "accepted_tcp_nodelay": true,
      "equal_wire_work": true,
      "full_decoded_equality": true,
      "id": "rpc.tonic_transport.reference_client_native_server.sparse.v1.server_stream",
      "input_wire_fingerprint": "fnv1a64:0a132013e1e64c14",
      "message_caps": "unchanged native/tonic defaults",
      "native_request_bytes": 105,
      "request_bytes": 105,
      "request_read_checksum": 16652561227195011389,
      "response_bytes_per_message": 105,
      "response_read_checksum": 16652561227195011389,
      "responses": 4
    },
    {
      "accepted_local_addr": "127.0.0.1:37637",
      "accepted_remote_addr": "127.0.0.1:48298",
      "accepted_socket_observer": "custom Incoming reproduces built-in native tcp::tune TCP_NODELAY=true",
      "accepted_tcp_nodelay": true,
      "equal_wire_work": true,
      "full_decoded_equality": true,
      "id": "rpc.tonic_transport.native_native.sparse.v1.unary",
      "input_wire_fingerprint": "fnv1a64:0a132013e1e64c14",
      "message_caps": "unchanged native/tonic defaults",
      "native_request_bytes": 105,
      "request_bytes": 105,
      "request_read_checksum": 16652561227195011389,
      "response_bytes_per_message": 105,
      "response_read_checksum": 16652561227195011389,
      "responses": 1
    },
    {
      "accepted_local_addr": "127.0.0.1:36537",
      "accepted_remote_addr": "127.0.0.1:58668",
      "accepted_socket_observer": "custom Incoming reproduces built-in native tcp::tune TCP_NODELAY=true",
      "accepted_tcp_nodelay": true,
      "equal_wire_work": true,
      "full_decoded_equality": true,
      "id": "rpc.tonic_transport.native_native.sparse.v1.server_stream",
      "input_wire_fingerprint": "fnv1a64:0a132013e1e64c14",
      "message_caps": "unchanged native/tonic defaults",
      "native_request_bytes": 105,
      "request_bytes": 105,
      "request_read_checksum": 16652561227195011389,
      "response_bytes_per_message": 105,
      "response_read_checksum": 16652561227195011389,
      "responses": 4
    },
    {
      "accepted_local_addr": "127.0.0.1:44449",
      "accepted_remote_addr": "127.0.0.1:46972",
      "accepted_socket_observer": "frozen reference TcpIncoming.with_nodelay(Some(true))",
      "accepted_tcp_nodelay": true,
      "equal_wire_work": true,
      "full_decoded_equality": true,
      "id": "rpc.tonic_transport.reference_reference.sparse.v2.unary",
      "input_wire_fingerprint": "fnv1a64:a0af270319bab3d8",
      "message_caps": "unchanged native/tonic defaults",
      "native_request_bytes": 84,
      "request_bytes": 84,
      "request_read_checksum": 39533241347761586,
      "response_bytes_per_message": 84,
      "response_read_checksum": 39533241347761586,
      "responses": 1
    },
    {
      "accepted_local_addr": "127.0.0.1:36707",
      "accepted_remote_addr": "127.0.0.1:37422",
      "accepted_socket_observer": "frozen reference TcpIncoming.with_nodelay(Some(true))",
      "accepted_tcp_nodelay": true,
      "equal_wire_work": true,
      "full_decoded_equality": true,
      "id": "rpc.tonic_transport.reference_reference.sparse.v2.server_stream",
      "input_wire_fingerprint": "fnv1a64:a0af270319bab3d8",
      "message_caps": "unchanged native/tonic defaults",
      "native_request_bytes": 84,
      "request_bytes": 84,
      "request_read_checksum": 39533241347761586,
      "response_bytes_per_message": 84,
      "response_read_checksum": 39533241347761586,
      "responses": 4
    },
    {
      "accepted_local_addr": "127.0.0.1:46579",
      "accepted_remote_addr": "127.0.0.1:51782",
      "accepted_socket_observer": "frozen reference TcpIncoming.with_nodelay(Some(true))",
      "accepted_tcp_nodelay": true,
      "equal_wire_work": true,
      "full_decoded_equality": true,
      "id": "rpc.tonic_transport.native_client_reference_server.sparse.v2.unary",
      "input_wire_fingerprint": "fnv1a64:a0af270319bab3d8",
      "message_caps": "unchanged native/tonic defaults",
      "native_request_bytes": 84,
      "request_bytes": 84,
      "request_read_checksum": 39533241347761586,
      "response_bytes_per_message": 84,
      "response_read_checksum": 39533241347761586,
      "responses": 1
    },
    {
      "accepted_local_addr": "127.0.0.1:44155",
      "accepted_remote_addr": "127.0.0.1:48628",
      "accepted_socket_observer": "frozen reference TcpIncoming.with_nodelay(Some(true))",
      "accepted_tcp_nodelay": true,
      "equal_wire_work": true,
      "full_decoded_equality": true,
      "id": "rpc.tonic_transport.native_client_reference_server.sparse.v2.server_stream",
      "input_wire_fingerprint": "fnv1a64:a0af270319bab3d8",
      "message_caps": "unchanged native/tonic defaults",
      "native_request_bytes": 84,
      "request_bytes": 84,
      "request_read_checksum": 39533241347761586,
      "response_bytes_per_message": 84,
      "response_read_checksum": 39533241347761586,
      "responses": 4
    },
    {
      "accepted_local_addr": "127.0.0.1:41779",
      "accepted_remote_addr": "127.0.0.1:49564",
      "accepted_socket_observer": "custom Incoming reproduces built-in native tcp::tune TCP_NODELAY=true",
      "accepted_tcp_nodelay": true,
      "equal_wire_work": true,
      "full_decoded_equality": true,
      "id": "rpc.tonic_transport.reference_client_native_server.sparse.v2.unary",
      "input_wire_fingerprint": "fnv1a64:a0af270319bab3d8",
      "message_caps": "unchanged native/tonic defaults",
      "native_request_bytes": 84,
      "request_bytes": 84,
      "request_read_checksum": 39533241347761586,
      "response_bytes_per_message": 84,
      "response_read_checksum": 39533241347761586,
      "responses": 1
    },
    {
      "accepted_local_addr": "127.0.0.1:37723",
      "accepted_remote_addr": "127.0.0.1:49188",
      "accepted_socket_observer": "custom Incoming reproduces built-in native tcp::tune TCP_NODELAY=true",
      "accepted_tcp_nodelay": true,
      "equal_wire_work": true,
      "full_decoded_equality": true,
      "id": "rpc.tonic_transport.reference_client_native_server.sparse.v2.server_stream",
      "input_wire_fingerprint": "fnv1a64:a0af270319bab3d8",
      "message_caps": "unchanged native/tonic defaults",
      "native_request_bytes": 84,
      "request_bytes": 84,
      "request_read_checksum": 39533241347761586,
      "response_bytes_per_message": 84,
      "response_read_checksum": 39533241347761586,
      "responses": 4
    },
    {
      "accepted_local_addr": "127.0.0.1:39223",
      "accepted_remote_addr": "127.0.0.1:57592",
      "accepted_socket_observer": "custom Incoming reproduces built-in native tcp::tune TCP_NODELAY=true",
      "accepted_tcp_nodelay": true,
      "equal_wire_work": true,
      "full_decoded_equality": true,
      "id": "rpc.tonic_transport.native_native.sparse.v2.unary",
      "input_wire_fingerprint": "fnv1a64:a0af270319bab3d8",
      "message_caps": "unchanged native/tonic defaults",
      "native_request_bytes": 84,
      "request_bytes": 84,
      "request_read_checksum": 39533241347761586,
      "response_bytes_per_message": 84,
      "response_read_checksum": 39533241347761586,
      "responses": 1
    },
    {
      "accepted_local_addr": "127.0.0.1:34461",
      "accepted_remote_addr": "127.0.0.1:37912",
      "accepted_socket_observer": "custom Incoming reproduces built-in native tcp::tune TCP_NODELAY=true",
      "accepted_tcp_nodelay": true,
      "equal_wire_work": true,
      "full_decoded_equality": true,
      "id": "rpc.tonic_transport.native_native.sparse.v2.server_stream",
      "input_wire_fingerprint": "fnv1a64:a0af270319bab3d8",
      "message_caps": "unchanged native/tonic defaults",
      "native_request_bytes": 84,
      "request_bytes": 84,
      "request_read_checksum": 39533241347761586,
      "response_bytes_per_message": 84,
      "response_read_checksum": 39533241347761586,
      "responses": 4
    },
    {
      "accepted_local_addr": "127.0.0.1:43717",
      "accepted_remote_addr": "127.0.0.1:47542",
      "accepted_socket_observer": "frozen reference TcpIncoming.with_nodelay(Some(true))",
      "accepted_tcp_nodelay": true,
      "equal_wire_work": true,
      "full_decoded_equality": true,
      "id": "rpc.tonic_transport.reference_reference.sparse.v3.unary",
      "input_wire_fingerprint": "fnv1a64:8e5ff4937793bb4c",
      "message_caps": "unchanged native/tonic defaults",
      "native_request_bytes": 109,
      "request_bytes": 109,
      "request_read_checksum": 8672734157028769381,
      "response_bytes_per_message": 109,
      "response_read_checksum": 8672734157028769381,
      "responses": 1
    },
    {
      "accepted_local_addr": "127.0.0.1:35651",
      "accepted_remote_addr": "127.0.0.1:37572",
      "accepted_socket_observer": "frozen reference TcpIncoming.with_nodelay(Some(true))",
      "accepted_tcp_nodelay": true,
      "equal_wire_work": true,
      "full_decoded_equality": true,
      "id": "rpc.tonic_transport.reference_reference.sparse.v3.server_stream",
      "input_wire_fingerprint": "fnv1a64:8e5ff4937793bb4c",
      "message_caps": "unchanged native/tonic defaults",
      "native_request_bytes": 109,
      "request_bytes": 109,
      "request_read_checksum": 8672734157028769381,
      "response_bytes_per_message": 109,
      "response_read_checksum": 8672734157028769381,
      "responses": 4
    },
    {
      "accepted_local_addr": "127.0.0.1:40209",
      "accepted_remote_addr": "127.0.0.1:46548",
      "accepted_socket_observer": "frozen reference TcpIncoming.with_nodelay(Some(true))",
      "accepted_tcp_nodelay": true,
      "equal_wire_work": true,
      "full_decoded_equality": true,
      "id": "rpc.tonic_transport.native_client_reference_server.sparse.v3.unary",
      "input_wire_fingerprint": "fnv1a64:8e5ff4937793bb4c",
      "message_caps": "unchanged native/tonic defaults",
      "native_request_bytes": 109,
      "request_bytes": 109,
      "request_read_checksum": 8672734157028769381,
      "response_bytes_per_message": 109,
      "response_read_checksum": 8672734157028769381,
      "responses": 1
    },
    {
      "accepted_local_addr": "127.0.0.1:44417",
      "accepted_remote_addr": "127.0.0.1:53054",
      "accepted_socket_observer": "frozen reference TcpIncoming.with_nodelay(Some(true))",
      "accepted_tcp_nodelay": true,
      "equal_wire_work": true,
      "full_decoded_equality": true,
      "id": "rpc.tonic_transport.native_client_reference_server.sparse.v3.server_stream",
      "input_wire_fingerprint": "fnv1a64:8e5ff4937793bb4c",
      "message_caps": "unchanged native/tonic defaults",
      "native_request_bytes": 109,
      "request_bytes": 109,
      "request_read_checksum": 8672734157028769381,
      "response_bytes_per_message": 109,
      "response_read_checksum": 8672734157028769381,
      "responses": 4
    },
    {
      "accepted_local_addr": "127.0.0.1:36591",
      "accepted_remote_addr": "127.0.0.1:50192",
      "accepted_socket_observer": "custom Incoming reproduces built-in native tcp::tune TCP_NODELAY=true",
      "accepted_tcp_nodelay": true,
      "equal_wire_work": true,
      "full_decoded_equality": true,
      "id": "rpc.tonic_transport.reference_client_native_server.sparse.v3.unary",
      "input_wire_fingerprint": "fnv1a64:8e5ff4937793bb4c",
      "message_caps": "unchanged native/tonic defaults",
      "native_request_bytes": 109,
      "request_bytes": 109,
      "request_read_checksum": 8672734157028769381,
      "response_bytes_per_message": 109,
      "response_read_checksum": 8672734157028769381,
      "responses": 1
    },
    {
      "accepted_local_addr": "127.0.0.1:36427",
      "accepted_remote_addr": "127.0.0.1:39618",
      "accepted_socket_observer": "custom Incoming reproduces built-in native tcp::tune TCP_NODELAY=true",
      "accepted_tcp_nodelay": true,
      "equal_wire_work": true,
      "full_decoded_equality": true,
      "id": "rpc.tonic_transport.reference_client_native_server.sparse.v3.server_stream",
      "input_wire_fingerprint": "fnv1a64:8e5ff4937793bb4c",
      "message_caps": "unchanged native/tonic defaults",
      "native_request_bytes": 109,
      "request_bytes": 109,
      "request_read_checksum": 8672734157028769381,
      "response_bytes_per_message": 109,
      "response_read_checksum": 8672734157028769381,
      "responses": 4
    },
    {
      "accepted_local_addr": "127.0.0.1:38955",
      "accepted_remote_addr": "127.0.0.1:36132",
      "accepted_socket_observer": "custom Incoming reproduces built-in native tcp::tune TCP_NODELAY=true",
      "accepted_tcp_nodelay": true,
      "equal_wire_work": true,
      "full_decoded_equality": true,
      "id": "rpc.tonic_transport.native_native.sparse.v3.unary",
      "input_wire_fingerprint": "fnv1a64:8e5ff4937793bb4c",
      "message_caps": "unchanged native/tonic defaults",
      "native_request_bytes": 109,
      "request_bytes": 109,
      "request_read_checksum": 8672734157028769381,
      "response_bytes_per_message": 109,
      "response_read_checksum": 8672734157028769381,
      "responses": 1
    },
    {
      "accepted_local_addr": "127.0.0.1:39845",
      "accepted_remote_addr": "127.0.0.1:60216",
      "accepted_socket_observer": "custom Incoming reproduces built-in native tcp::tune TCP_NODELAY=true",
      "accepted_tcp_nodelay": true,
      "equal_wire_work": true,
      "full_decoded_equality": true,
      "id": "rpc.tonic_transport.native_native.sparse.v3.server_stream",
      "input_wire_fingerprint": "fnv1a64:8e5ff4937793bb4c",
      "message_caps": "unchanged native/tonic defaults",
      "native_request_bytes": 109,
      "request_bytes": 109,
      "request_read_checksum": 8672734157028769381,
      "response_bytes_per_message": 109,
      "response_read_checksum": 8672734157028769381,
      "responses": 4
    },
    {
      "accepted_local_addr": "127.0.0.1:42689",
      "accepted_remote_addr": "127.0.0.1:54196",
      "accepted_socket_observer": "frozen reference TcpIncoming.with_nodelay(Some(true))",
      "accepted_tcp_nodelay": true,
      "equal_wire_work": true,
      "full_decoded_equality": true,
      "id": "rpc.tonic_transport.reference_reference.sparse.v4.unary",
      "input_wire_fingerprint": "fnv1a64:a2132c0d927cec97",
      "message_caps": "unchanged native/tonic defaults",
      "native_request_bytes": 88,
      "request_bytes": 88,
      "request_read_checksum": 2297626016502855224,
      "response_bytes_per_message": 88,
      "response_read_checksum": 2297626016502855224,
      "responses": 1
    },
    {
      "accepted_local_addr": "127.0.0.1:38387",
      "accepted_remote_addr": "127.0.0.1:47092",
      "accepted_socket_observer": "frozen reference TcpIncoming.with_nodelay(Some(true))",
      "accepted_tcp_nodelay": true,
      "equal_wire_work": true,
      "full_decoded_equality": true,
      "id": "rpc.tonic_transport.reference_reference.sparse.v4.server_stream",
      "input_wire_fingerprint": "fnv1a64:a2132c0d927cec97",
      "message_caps": "unchanged native/tonic defaults",
      "native_request_bytes": 88,
      "request_bytes": 88,
      "request_read_checksum": 2297626016502855224,
      "response_bytes_per_message": 88,
      "response_read_checksum": 2297626016502855224,
      "responses": 4
    },
    {
      "accepted_local_addr": "127.0.0.1:41097",
      "accepted_remote_addr": "127.0.0.1:57378",
      "accepted_socket_observer": "frozen reference TcpIncoming.with_nodelay(Some(true))",
      "accepted_tcp_nodelay": true,
      "equal_wire_work": true,
      "full_decoded_equality": true,
      "id": "rpc.tonic_transport.native_client_reference_server.sparse.v4.unary",
      "input_wire_fingerprint": "fnv1a64:a2132c0d927cec97",
      "message_caps": "unchanged native/tonic defaults",
      "native_request_bytes": 88,
      "request_bytes": 88,
      "request_read_checksum": 2297626016502855224,
      "response_bytes_per_message": 88,
      "response_read_checksum": 2297626016502855224,
      "responses": 1
    },
    {
      "accepted_local_addr": "127.0.0.1:33045",
      "accepted_remote_addr": "127.0.0.1:36094",
      "accepted_socket_observer": "frozen reference TcpIncoming.with_nodelay(Some(true))",
      "accepted_tcp_nodelay": true,
      "equal_wire_work": true,
      "full_decoded_equality": true,
      "id": "rpc.tonic_transport.native_client_reference_server.sparse.v4.server_stream",
      "input_wire_fingerprint": "fnv1a64:a2132c0d927cec97",
      "message_caps": "unchanged native/tonic defaults",
      "native_request_bytes": 88,
      "request_bytes": 88,
      "request_read_checksum": 2297626016502855224,
      "response_bytes_per_message": 88,
      "response_read_checksum": 2297626016502855224,
      "responses": 4
    },
    {
      "accepted_local_addr": "127.0.0.1:42401",
      "accepted_remote_addr": "127.0.0.1:59934",
      "accepted_socket_observer": "custom Incoming reproduces built-in native tcp::tune TCP_NODELAY=true",
      "accepted_tcp_nodelay": true,
      "equal_wire_work": true,
      "full_decoded_equality": true,
      "id": "rpc.tonic_transport.reference_client_native_server.sparse.v4.unary",
      "input_wire_fingerprint": "fnv1a64:a2132c0d927cec97",
      "message_caps": "unchanged native/tonic defaults",
      "native_request_bytes": 88,
      "request_bytes": 88,
      "request_read_checksum": 2297626016502855224,
      "response_bytes_per_message": 88,
      "response_read_checksum": 2297626016502855224,
      "responses": 1
    },
    {
      "accepted_local_addr": "127.0.0.1:40745",
      "accepted_remote_addr": "127.0.0.1:56200",
      "accepted_socket_observer": "custom Incoming reproduces built-in native tcp::tune TCP_NODELAY=true",
      "accepted_tcp_nodelay": true,
      "equal_wire_work": true,
      "full_decoded_equality": true,
      "id": "rpc.tonic_transport.reference_client_native_server.sparse.v4.server_stream",
      "input_wire_fingerprint": "fnv1a64:a2132c0d927cec97",
      "message_caps": "unchanged native/tonic defaults",
      "native_request_bytes": 88,
      "request_bytes": 88,
      "request_read_checksum": 2297626016502855224,
      "response_bytes_per_message": 88,
      "response_read_checksum": 2297626016502855224,
      "responses": 4
    },
    {
      "accepted_local_addr": "127.0.0.1:37171",
      "accepted_remote_addr": "127.0.0.1:49928",
      "accepted_socket_observer": "custom Incoming reproduces built-in native tcp::tune TCP_NODELAY=true",
      "accepted_tcp_nodelay": true,
      "equal_wire_work": true,
      "full_decoded_equality": true,
      "id": "rpc.tonic_transport.native_native.sparse.v4.unary",
      "input_wire_fingerprint": "fnv1a64:a2132c0d927cec97",
      "message_caps": "unchanged native/tonic defaults",
      "native_request_bytes": 88,
      "request_bytes": 88,
      "request_read_checksum": 2297626016502855224,
      "response_bytes_per_message": 88,
      "response_read_checksum": 2297626016502855224,
      "responses": 1
    },
    {
      "accepted_local_addr": "127.0.0.1:40045",
      "accepted_remote_addr": "127.0.0.1:53750",
      "accepted_socket_observer": "custom Incoming reproduces built-in native tcp::tune TCP_NODELAY=true",
      "accepted_tcp_nodelay": true,
      "equal_wire_work": true,
      "full_decoded_equality": true,
      "id": "rpc.tonic_transport.native_native.sparse.v4.server_stream",
      "input_wire_fingerprint": "fnv1a64:a2132c0d927cec97",
      "message_caps": "unchanged native/tonic defaults",
      "native_request_bytes": 88,
      "request_bytes": 88,
      "request_read_checksum": 2297626016502855224,
      "response_bytes_per_message": 88,
      "response_read_checksum": 2297626016502855224,
      "responses": 4
    },
    {
      "accepted_local_addr": "127.0.0.1:39813",
      "accepted_remote_addr": "127.0.0.1:55150",
      "accepted_socket_observer": "frozen reference TcpIncoming.with_nodelay(Some(true))",
      "accepted_tcp_nodelay": true,
      "equal_wire_work": true,
      "full_decoded_equality": true,
      "id": "rpc.tonic_transport.reference_reference.sparse.v5.unary",
      "input_wire_fingerprint": "fnv1a64:687bef10a8b3fd44",
      "message_caps": "unchanged native/tonic defaults",
      "native_request_bytes": 121,
      "request_bytes": 121,
      "request_read_checksum": 17582554086864061024,
      "response_bytes_per_message": 121,
      "response_read_checksum": 17582554086864061024,
      "responses": 1
    },
    {
      "accepted_local_addr": "127.0.0.1:41213",
      "accepted_remote_addr": "127.0.0.1:45196",
      "accepted_socket_observer": "frozen reference TcpIncoming.with_nodelay(Some(true))",
      "accepted_tcp_nodelay": true,
      "equal_wire_work": true,
      "full_decoded_equality": true,
      "id": "rpc.tonic_transport.reference_reference.sparse.v5.server_stream",
      "input_wire_fingerprint": "fnv1a64:687bef10a8b3fd44",
      "message_caps": "unchanged native/tonic defaults",
      "native_request_bytes": 121,
      "request_bytes": 121,
      "request_read_checksum": 17582554086864061024,
      "response_bytes_per_message": 121,
      "response_read_checksum": 17582554086864061024,
      "responses": 4
    },
    {
      "accepted_local_addr": "127.0.0.1:39831",
      "accepted_remote_addr": "127.0.0.1:56554",
      "accepted_socket_observer": "frozen reference TcpIncoming.with_nodelay(Some(true))",
      "accepted_tcp_nodelay": true,
      "equal_wire_work": true,
      "full_decoded_equality": true,
      "id": "rpc.tonic_transport.native_client_reference_server.sparse.v5.unary",
      "input_wire_fingerprint": "fnv1a64:687bef10a8b3fd44",
      "message_caps": "unchanged native/tonic defaults",
      "native_request_bytes": 121,
      "request_bytes": 121,
      "request_read_checksum": 17582554086864061024,
      "response_bytes_per_message": 121,
      "response_read_checksum": 17582554086864061024,
      "responses": 1
    },
    {
      "accepted_local_addr": "127.0.0.1:46529",
      "accepted_remote_addr": "127.0.0.1:43034",
      "accepted_socket_observer": "frozen reference TcpIncoming.with_nodelay(Some(true))",
      "accepted_tcp_nodelay": true,
      "equal_wire_work": true,
      "full_decoded_equality": true,
      "id": "rpc.tonic_transport.native_client_reference_server.sparse.v5.server_stream",
      "input_wire_fingerprint": "fnv1a64:687bef10a8b3fd44",
      "message_caps": "unchanged native/tonic defaults",
      "native_request_bytes": 121,
      "request_bytes": 121,
      "request_read_checksum": 17582554086864061024,
      "response_bytes_per_message": 121,
      "response_read_checksum": 17582554086864061024,
      "responses": 4
    },
    {
      "accepted_local_addr": "127.0.0.1:38235",
      "accepted_remote_addr": "127.0.0.1:43634",
      "accepted_socket_observer": "custom Incoming reproduces built-in native tcp::tune TCP_NODELAY=true",
      "accepted_tcp_nodelay": true,
      "equal_wire_work": true,
      "full_decoded_equality": true,
      "id": "rpc.tonic_transport.reference_client_native_server.sparse.v5.unary",
      "input_wire_fingerprint": "fnv1a64:687bef10a8b3fd44",
      "message_caps": "unchanged native/tonic defaults",
      "native_request_bytes": 121,
      "request_bytes": 121,
      "request_read_checksum": 17582554086864061024,
      "response_bytes_per_message": 121,
      "response_read_checksum": 17582554086864061024,
      "responses": 1
    },
    {
      "accepted_local_addr": "127.0.0.1:42495",
      "accepted_remote_addr": "127.0.0.1:38686",
      "accepted_socket_observer": "custom Incoming reproduces built-in native tcp::tune TCP_NODELAY=true",
      "accepted_tcp_nodelay": true,
      "equal_wire_work": true,
      "full_decoded_equality": true,
      "id": "rpc.tonic_transport.reference_client_native_server.sparse.v5.server_stream",
      "input_wire_fingerprint": "fnv1a64:687bef10a8b3fd44",
      "message_caps": "unchanged native/tonic defaults",
      "native_request_bytes": 121,
      "request_bytes": 121,
      "request_read_checksum": 17582554086864061024,
      "response_bytes_per_message": 121,
      "response_read_checksum": 17582554086864061024,
      "responses": 4
    },
    {
      "accepted_local_addr": "127.0.0.1:40787",
      "accepted_remote_addr": "127.0.0.1:37634",
      "accepted_socket_observer": "custom Incoming reproduces built-in native tcp::tune TCP_NODELAY=true",
      "accepted_tcp_nodelay": true,
      "equal_wire_work": true,
      "full_decoded_equality": true,
      "id": "rpc.tonic_transport.native_native.sparse.v5.unary",
      "input_wire_fingerprint": "fnv1a64:687bef10a8b3fd44",
      "message_caps": "unchanged native/tonic defaults",
      "native_request_bytes": 121,
      "request_bytes": 121,
      "request_read_checksum": 17582554086864061024,
      "response_bytes_per_message": 121,
      "response_read_checksum": 17582554086864061024,
      "responses": 1
    },
    {
      "accepted_local_addr": "127.0.0.1:44925",
      "accepted_remote_addr": "127.0.0.1:55748",
      "accepted_socket_observer": "custom Incoming reproduces built-in native tcp::tune TCP_NODELAY=true",
      "accepted_tcp_nodelay": true,
      "equal_wire_work": true,
      "full_decoded_equality": true,
      "id": "rpc.tonic_transport.native_native.sparse.v5.server_stream",
      "input_wire_fingerprint": "fnv1a64:687bef10a8b3fd44",
      "message_caps": "unchanged native/tonic defaults",
      "native_request_bytes": 121,
      "request_bytes": 121,
      "request_read_checksum": 17582554086864061024,
      "response_bytes_per_message": 121,
      "response_read_checksum": 17582554086864061024,
      "responses": 4
    },
    {
      "accepted_local_addr": "127.0.0.1:35985",
      "accepted_remote_addr": "127.0.0.1:58016",
      "accepted_socket_observer": "frozen reference TcpIncoming.with_nodelay(Some(true))",
      "accepted_tcp_nodelay": true,
      "equal_wire_work": true,
      "full_decoded_equality": true,
      "id": "rpc.tonic_transport.reference_reference.sparse.v6.unary",
      "input_wire_fingerprint": "fnv1a64:3c482459bf499633",
      "message_caps": "unchanged native/tonic defaults",
      "native_request_bytes": 95,
      "request_bytes": 95,
      "request_read_checksum": 16140518591611789695,
      "response_bytes_per_message": 95,
      "response_read_checksum": 16140518591611789695,
      "responses": 1
    },
    {
      "accepted_local_addr": "127.0.0.1:44021",
      "accepted_remote_addr": "127.0.0.1:51700",
      "accepted_socket_observer": "frozen reference TcpIncoming.with_nodelay(Some(true))",
      "accepted_tcp_nodelay": true,
      "equal_wire_work": true,
      "full_decoded_equality": true,
      "id": "rpc.tonic_transport.reference_reference.sparse.v6.server_stream",
      "input_wire_fingerprint": "fnv1a64:3c482459bf499633",
      "message_caps": "unchanged native/tonic defaults",
      "native_request_bytes": 95,
      "request_bytes": 95,
      "request_read_checksum": 16140518591611789695,
      "response_bytes_per_message": 95,
      "response_read_checksum": 16140518591611789695,
      "responses": 4
    },
    {
      "accepted_local_addr": "127.0.0.1:38533",
      "accepted_remote_addr": "127.0.0.1:39374",
      "accepted_socket_observer": "frozen reference TcpIncoming.with_nodelay(Some(true))",
      "accepted_tcp_nodelay": true,
      "equal_wire_work": true,
      "full_decoded_equality": true,
      "id": "rpc.tonic_transport.native_client_reference_server.sparse.v6.unary",
      "input_wire_fingerprint": "fnv1a64:3c482459bf499633",
      "message_caps": "unchanged native/tonic defaults",
      "native_request_bytes": 95,
      "request_bytes": 95,
      "request_read_checksum": 16140518591611789695,
      "response_bytes_per_message": 95,
      "response_read_checksum": 16140518591611789695,
      "responses": 1
    },
    {
      "accepted_local_addr": "127.0.0.1:36897",
      "accepted_remote_addr": "127.0.0.1:52466",
      "accepted_socket_observer": "frozen reference TcpIncoming.with_nodelay(Some(true))",
      "accepted_tcp_nodelay": true,
      "equal_wire_work": true,
      "full_decoded_equality": true,
      "id": "rpc.tonic_transport.native_client_reference_server.sparse.v6.server_stream",
      "input_wire_fingerprint": "fnv1a64:3c482459bf499633",
      "message_caps": "unchanged native/tonic defaults",
      "native_request_bytes": 95,
      "request_bytes": 95,
      "request_read_checksum": 16140518591611789695,
      "response_bytes_per_message": 95,
      "response_read_checksum": 16140518591611789695,
      "responses": 4
    },
    {
      "accepted_local_addr": "127.0.0.1:46259",
      "accepted_remote_addr": "127.0.0.1:46066",
      "accepted_socket_observer": "custom Incoming reproduces built-in native tcp::tune TCP_NODELAY=true",
      "accepted_tcp_nodelay": true,
      "equal_wire_work": true,
      "full_decoded_equality": true,
      "id": "rpc.tonic_transport.reference_client_native_server.sparse.v6.unary",
      "input_wire_fingerprint": "fnv1a64:3c482459bf499633",
      "message_caps": "unchanged native/tonic defaults",
      "native_request_bytes": 95,
      "request_bytes": 95,
      "request_read_checksum": 16140518591611789695,
      "response_bytes_per_message": 95,
      "response_read_checksum": 16140518591611789695,
      "responses": 1
    },
    {
      "accepted_local_addr": "127.0.0.1:35141",
      "accepted_remote_addr": "127.0.0.1:48586",
      "accepted_socket_observer": "custom Incoming reproduces built-in native tcp::tune TCP_NODELAY=true",
      "accepted_tcp_nodelay": true,
      "equal_wire_work": true,
      "full_decoded_equality": true,
      "id": "rpc.tonic_transport.reference_client_native_server.sparse.v6.server_stream",
      "input_wire_fingerprint": "fnv1a64:3c482459bf499633",
      "message_caps": "unchanged native/tonic defaults",
      "native_request_bytes": 95,
      "request_bytes": 95,
      "request_read_checksum": 16140518591611789695,
      "response_bytes_per_message": 95,
      "response_read_checksum": 16140518591611789695,
      "responses": 4
    },
    {
      "accepted_local_addr": "127.0.0.1:35221",
      "accepted_remote_addr": "127.0.0.1:42584",
      "accepted_socket_observer": "custom Incoming reproduces built-in native tcp::tune TCP_NODELAY=true",
      "accepted_tcp_nodelay": true,
      "equal_wire_work": true,
      "full_decoded_equality": true,
      "id": "rpc.tonic_transport.native_native.sparse.v6.unary",
      "input_wire_fingerprint": "fnv1a64:3c482459bf499633",
      "message_caps": "unchanged native/tonic defaults",
      "native_request_bytes": 95,
      "request_bytes": 95,
      "request_read_checksum": 16140518591611789695,
      "response_bytes_per_message": 95,
      "response_read_checksum": 16140518591611789695,
      "responses": 1
    },
    {
      "accepted_local_addr": "127.0.0.1:45325",
      "accepted_remote_addr": "127.0.0.1:48474",
      "accepted_socket_observer": "custom Incoming reproduces built-in native tcp::tune TCP_NODELAY=true",
      "accepted_tcp_nodelay": true,
      "equal_wire_work": true,
      "full_decoded_equality": true,
      "id": "rpc.tonic_transport.native_native.sparse.v6.server_stream",
      "input_wire_fingerprint": "fnv1a64:3c482459bf499633",
      "message_caps": "unchanged native/tonic defaults",
      "native_request_bytes": 95,
      "request_bytes": 95,
      "request_read_checksum": 16140518591611789695,
      "response_bytes_per_message": 95,
      "response_read_checksum": 16140518591611789695,
      "responses": 4
    },
    {
      "accepted_local_addr": "127.0.0.1:40623",
      "accepted_remote_addr": "127.0.0.1:51236",
      "accepted_socket_observer": "frozen reference TcpIncoming.with_nodelay(Some(true))",
      "accepted_tcp_nodelay": true,
      "equal_wire_work": true,
      "full_decoded_equality": true,
      "id": "rpc.tonic_transport.reference_reference.sparse.v7.unary",
      "input_wire_fingerprint": "fnv1a64:5bb3e92f3768e0f7",
      "message_caps": "unchanged native/tonic defaults",
      "native_request_bytes": 114,
      "request_bytes": 114,
      "request_read_checksum": 3751981030991365352,
      "response_bytes_per_message": 114,
      "response_read_checksum": 3751981030991365352,
      "responses": 1
    },
    {
      "accepted_local_addr": "127.0.0.1:36109",
      "accepted_remote_addr": "127.0.0.1:45504",
      "accepted_socket_observer": "frozen reference TcpIncoming.with_nodelay(Some(true))",
      "accepted_tcp_nodelay": true,
      "equal_wire_work": true,
      "full_decoded_equality": true,
      "id": "rpc.tonic_transport.reference_reference.sparse.v7.server_stream",
      "input_wire_fingerprint": "fnv1a64:5bb3e92f3768e0f7",
      "message_caps": "unchanged native/tonic defaults",
      "native_request_bytes": 114,
      "request_bytes": 114,
      "request_read_checksum": 3751981030991365352,
      "response_bytes_per_message": 114,
      "response_read_checksum": 3751981030991365352,
      "responses": 4
    },
    {
      "accepted_local_addr": "127.0.0.1:42197",
      "accepted_remote_addr": "127.0.0.1:51164",
      "accepted_socket_observer": "frozen reference TcpIncoming.with_nodelay(Some(true))",
      "accepted_tcp_nodelay": true,
      "equal_wire_work": true,
      "full_decoded_equality": true,
      "id": "rpc.tonic_transport.native_client_reference_server.sparse.v7.unary",
      "input_wire_fingerprint": "fnv1a64:5bb3e92f3768e0f7",
      "message_caps": "unchanged native/tonic defaults",
      "native_request_bytes": 114,
      "request_bytes": 114,
      "request_read_checksum": 3751981030991365352,
      "response_bytes_per_message": 114,
      "response_read_checksum": 3751981030991365352,
      "responses": 1
    },
    {
      "accepted_local_addr": "127.0.0.1:37507",
      "accepted_remote_addr": "127.0.0.1:38940",
      "accepted_socket_observer": "frozen reference TcpIncoming.with_nodelay(Some(true))",
      "accepted_tcp_nodelay": true,
      "equal_wire_work": true,
      "full_decoded_equality": true,
      "id": "rpc.tonic_transport.native_client_reference_server.sparse.v7.server_stream",
      "input_wire_fingerprint": "fnv1a64:5bb3e92f3768e0f7",
      "message_caps": "unchanged native/tonic defaults",
      "native_request_bytes": 114,
      "request_bytes": 114,
      "request_read_checksum": 3751981030991365352,
      "response_bytes_per_message": 114,
      "response_read_checksum": 3751981030991365352,
      "responses": 4
    },
    {
      "accepted_local_addr": "127.0.0.1:44661",
      "accepted_remote_addr": "127.0.0.1:33850",
      "accepted_socket_observer": "custom Incoming reproduces built-in native tcp::tune TCP_NODELAY=true",
      "accepted_tcp_nodelay": true,
      "equal_wire_work": true,
      "full_decoded_equality": true,
      "id": "rpc.tonic_transport.reference_client_native_server.sparse.v7.unary",
      "input_wire_fingerprint": "fnv1a64:5bb3e92f3768e0f7",
      "message_caps": "unchanged native/tonic defaults",
      "native_request_bytes": 114,
      "request_bytes": 114,
      "request_read_checksum": 3751981030991365352,
      "response_bytes_per_message": 114,
      "response_read_checksum": 3751981030991365352,
      "responses": 1
    },
    {
      "accepted_local_addr": "127.0.0.1:43023",
      "accepted_remote_addr": "127.0.0.1:53598",
      "accepted_socket_observer": "custom Incoming reproduces built-in native tcp::tune TCP_NODELAY=true",
      "accepted_tcp_nodelay": true,
      "equal_wire_work": true,
      "full_decoded_equality": true,
      "id": "rpc.tonic_transport.reference_client_native_server.sparse.v7.server_stream",
      "input_wire_fingerprint": "fnv1a64:5bb3e92f3768e0f7",
      "message_caps": "unchanged native/tonic defaults",
      "native_request_bytes": 114,
      "request_bytes": 114,
      "request_read_checksum": 3751981030991365352,
      "response_bytes_per_message": 114,
      "response_read_checksum": 3751981030991365352,
      "responses": 4
    },
    {
      "accepted_local_addr": "127.0.0.1:45131",
      "accepted_remote_addr": "127.0.0.1:33754",
      "accepted_socket_observer": "custom Incoming reproduces built-in native tcp::tune TCP_NODELAY=true",
      "accepted_tcp_nodelay": true,
      "equal_wire_work": true,
      "full_decoded_equality": true,
      "id": "rpc.tonic_transport.native_native.sparse.v7.unary",
      "input_wire_fingerprint": "fnv1a64:5bb3e92f3768e0f7",
      "message_caps": "unchanged native/tonic defaults",
      "native_request_bytes": 114,
      "request_bytes": 114,
      "request_read_checksum": 3751981030991365352,
      "response_bytes_per_message": 114,
      "response_read_checksum": 3751981030991365352,
      "responses": 1
    },
    {
      "accepted_local_addr": "127.0.0.1:33715",
      "accepted_remote_addr": "127.0.0.1:41280",
      "accepted_socket_observer": "custom Incoming reproduces built-in native tcp::tune TCP_NODELAY=true",
      "accepted_tcp_nodelay": true,
      "equal_wire_work": true,
      "full_decoded_equality": true,
      "id": "rpc.tonic_transport.native_native.sparse.v7.server_stream",
      "input_wire_fingerprint": "fnv1a64:5bb3e92f3768e0f7",
      "message_caps": "unchanged native/tonic defaults",
      "native_request_bytes": 114,
      "request_bytes": 114,
      "request_read_checksum": 3751981030991365352,
      "response_bytes_per_message": 114,
      "response_read_checksum": 3751981030991365352,
      "responses": 4
    },
    {
      "accepted_local_addr": "127.0.0.1:41207",
      "accepted_remote_addr": "127.0.0.1:40842",
      "accepted_socket_observer": "frozen reference TcpIncoming.with_nodelay(Some(true))",
      "accepted_tcp_nodelay": true,
      "equal_wire_work": true,
      "full_decoded_equality": true,
      "id": "rpc.tonic_transport.reference_reference.sparse.v8.unary",
      "input_wire_fingerprint": "fnv1a64:5516fd1a552ad2bb",
      "message_caps": "unchanged native/tonic defaults",
      "native_request_bytes": 98,
      "request_bytes": 98,
      "request_read_checksum": 11998104548201901893,
      "response_bytes_per_message": 98,
      "response_read_checksum": 11998104548201901893,
      "responses": 1
    },
    {
      "accepted_local_addr": "127.0.0.1:45861",
      "accepted_remote_addr": "127.0.0.1:46390",
      "accepted_socket_observer": "frozen reference TcpIncoming.with_nodelay(Some(true))",
      "accepted_tcp_nodelay": true,
      "equal_wire_work": true,
      "full_decoded_equality": true,
      "id": "rpc.tonic_transport.reference_reference.sparse.v8.server_stream",
      "input_wire_fingerprint": "fnv1a64:5516fd1a552ad2bb",
      "message_caps": "unchanged native/tonic defaults",
      "native_request_bytes": 98,
      "request_bytes": 98,
      "request_read_checksum": 11998104548201901893,
      "response_bytes_per_message": 98,
      "response_read_checksum": 11998104548201901893,
      "responses": 4
    },
    {
      "accepted_local_addr": "127.0.0.1:45665",
      "accepted_remote_addr": "127.0.0.1:57544",
      "accepted_socket_observer": "frozen reference TcpIncoming.with_nodelay(Some(true))",
      "accepted_tcp_nodelay": true,
      "equal_wire_work": true,
      "full_decoded_equality": true,
      "id": "rpc.tonic_transport.native_client_reference_server.sparse.v8.unary",
      "input_wire_fingerprint": "fnv1a64:5516fd1a552ad2bb",
      "message_caps": "unchanged native/tonic defaults",
      "native_request_bytes": 98,
      "request_bytes": 98,
      "request_read_checksum": 11998104548201901893,
      "response_bytes_per_message": 98,
      "response_read_checksum": 11998104548201901893,
      "responses": 1
    },
    {
      "accepted_local_addr": "127.0.0.1:36777",
      "accepted_remote_addr": "127.0.0.1:36834",
      "accepted_socket_observer": "frozen reference TcpIncoming.with_nodelay(Some(true))",
      "accepted_tcp_nodelay": true,
      "equal_wire_work": true,
      "full_decoded_equality": true,
      "id": "rpc.tonic_transport.native_client_reference_server.sparse.v8.server_stream",
      "input_wire_fingerprint": "fnv1a64:5516fd1a552ad2bb",
      "message_caps": "unchanged native/tonic defaults",
      "native_request_bytes": 98,
      "request_bytes": 98,
      "request_read_checksum": 11998104548201901893,
      "response_bytes_per_message": 98,
      "response_read_checksum": 11998104548201901893,
      "responses": 4
    },
    {
      "accepted_local_addr": "127.0.0.1:35913",
      "accepted_remote_addr": "127.0.0.1:50454",
      "accepted_socket_observer": "custom Incoming reproduces built-in native tcp::tune TCP_NODELAY=true",
      "accepted_tcp_nodelay": true,
      "equal_wire_work": true,
      "full_decoded_equality": true,
      "id": "rpc.tonic_transport.reference_client_native_server.sparse.v8.unary",
      "input_wire_fingerprint": "fnv1a64:5516fd1a552ad2bb",
      "message_caps": "unchanged native/tonic defaults",
      "native_request_bytes": 98,
      "request_bytes": 98,
      "request_read_checksum": 11998104548201901893,
      "response_bytes_per_message": 98,
      "response_read_checksum": 11998104548201901893,
      "responses": 1
    },
    {
      "accepted_local_addr": "127.0.0.1:46289",
      "accepted_remote_addr": "127.0.0.1:59700",
      "accepted_socket_observer": "custom Incoming reproduces built-in native tcp::tune TCP_NODELAY=true",
      "accepted_tcp_nodelay": true,
      "equal_wire_work": true,
      "full_decoded_equality": true,
      "id": "rpc.tonic_transport.reference_client_native_server.sparse.v8.server_stream",
      "input_wire_fingerprint": "fnv1a64:5516fd1a552ad2bb",
      "message_caps": "unchanged native/tonic defaults",
      "native_request_bytes": 98,
      "request_bytes": 98,
      "request_read_checksum": 11998104548201901893,
      "response_bytes_per_message": 98,
      "response_read_checksum": 11998104548201901893,
      "responses": 4
    },
    {
      "accepted_local_addr": "127.0.0.1:44135",
      "accepted_remote_addr": "127.0.0.1:47508",
      "accepted_socket_observer": "custom Incoming reproduces built-in native tcp::tune TCP_NODELAY=true",
      "accepted_tcp_nodelay": true,
      "equal_wire_work": true,
      "full_decoded_equality": true,
      "id": "rpc.tonic_transport.native_native.sparse.v8.unary",
      "input_wire_fingerprint": "fnv1a64:5516fd1a552ad2bb",
      "message_caps": "unchanged native/tonic defaults",
      "native_request_bytes": 98,
      "request_bytes": 98,
      "request_read_checksum": 11998104548201901893,
      "response_bytes_per_message": 98,
      "response_read_checksum": 11998104548201901893,
      "responses": 1
    },
    {
      "accepted_local_addr": "127.0.0.1:38437",
      "accepted_remote_addr": "127.0.0.1:39914",
      "accepted_socket_observer": "custom Incoming reproduces built-in native tcp::tune TCP_NODELAY=true",
      "accepted_tcp_nodelay": true,
      "equal_wire_work": true,
      "full_decoded_equality": true,
      "id": "rpc.tonic_transport.native_native.sparse.v8.server_stream",
      "input_wire_fingerprint": "fnv1a64:5516fd1a552ad2bb",
      "message_caps": "unchanged native/tonic defaults",
      "native_request_bytes": 98,
      "request_bytes": 98,
      "request_read_checksum": 11998104548201901893,
      "response_bytes_per_message": 98,
      "response_read_checksum": 11998104548201901893,
      "responses": 4
    },
    {
      "accepted_local_addr": "127.0.0.1:38707",
      "accepted_remote_addr": "127.0.0.1:34560",
      "accepted_socket_observer": "frozen reference TcpIncoming.with_nodelay(Some(true))",
      "accepted_tcp_nodelay": true,
      "equal_wire_work": true,
      "full_decoded_equality": true,
      "id": "rpc.tonic_transport.reference_reference.sparse.v9.unary",
      "input_wire_fingerprint": "fnv1a64:df0bf9d974893099",
      "message_caps": "unchanged native/tonic defaults",
      "native_request_bytes": 108,
      "request_bytes": 108,
      "request_read_checksum": 1988894425758786647,
      "response_bytes_per_message": 108,
      "response_read_checksum": 1988894425758786647,
      "responses": 1
    },
    {
      "accepted_local_addr": "127.0.0.1:46123",
      "accepted_remote_addr": "127.0.0.1:54028",
      "accepted_socket_observer": "frozen reference TcpIncoming.with_nodelay(Some(true))",
      "accepted_tcp_nodelay": true,
      "equal_wire_work": true,
      "full_decoded_equality": true,
      "id": "rpc.tonic_transport.reference_reference.sparse.v9.server_stream",
      "input_wire_fingerprint": "fnv1a64:df0bf9d974893099",
      "message_caps": "unchanged native/tonic defaults",
      "native_request_bytes": 108,
      "request_bytes": 108,
      "request_read_checksum": 1988894425758786647,
      "response_bytes_per_message": 108,
      "response_read_checksum": 1988894425758786647,
      "responses": 4
    },
    {
      "accepted_local_addr": "127.0.0.1:43699",
      "accepted_remote_addr": "127.0.0.1:40224",
      "accepted_socket_observer": "frozen reference TcpIncoming.with_nodelay(Some(true))",
      "accepted_tcp_nodelay": true,
      "equal_wire_work": true,
      "full_decoded_equality": true,
      "id": "rpc.tonic_transport.native_client_reference_server.sparse.v9.unary",
      "input_wire_fingerprint": "fnv1a64:df0bf9d974893099",
      "message_caps": "unchanged native/tonic defaults",
      "native_request_bytes": 108,
      "request_bytes": 108,
      "request_read_checksum": 1988894425758786647,
      "response_bytes_per_message": 108,
      "response_read_checksum": 1988894425758786647,
      "responses": 1
    },
    {
      "accepted_local_addr": "127.0.0.1:41659",
      "accepted_remote_addr": "127.0.0.1:55034",
      "accepted_socket_observer": "frozen reference TcpIncoming.with_nodelay(Some(true))",
      "accepted_tcp_nodelay": true,
      "equal_wire_work": true,
      "full_decoded_equality": true,
      "id": "rpc.tonic_transport.native_client_reference_server.sparse.v9.server_stream",
      "input_wire_fingerprint": "fnv1a64:df0bf9d974893099",
      "message_caps": "unchanged native/tonic defaults",
      "native_request_bytes": 108,
      "request_bytes": 108,
      "request_read_checksum": 1988894425758786647,
      "response_bytes_per_message": 108,
      "response_read_checksum": 1988894425758786647,
      "responses": 4
    },
    {
      "accepted_local_addr": "127.0.0.1:36171",
      "accepted_remote_addr": "127.0.0.1:46060",
      "accepted_socket_observer": "custom Incoming reproduces built-in native tcp::tune TCP_NODELAY=true",
      "accepted_tcp_nodelay": true,
      "equal_wire_work": true,
      "full_decoded_equality": true,
      "id": "rpc.tonic_transport.reference_client_native_server.sparse.v9.unary",
      "input_wire_fingerprint": "fnv1a64:df0bf9d974893099",
      "message_caps": "unchanged native/tonic defaults",
      "native_request_bytes": 108,
      "request_bytes": 108,
      "request_read_checksum": 1988894425758786647,
      "response_bytes_per_message": 108,
      "response_read_checksum": 1988894425758786647,
      "responses": 1
    },
    {
      "accepted_local_addr": "127.0.0.1:35629",
      "accepted_remote_addr": "127.0.0.1:40844",
      "accepted_socket_observer": "custom Incoming reproduces built-in native tcp::tune TCP_NODELAY=true",
      "accepted_tcp_nodelay": true,
      "equal_wire_work": true,
      "full_decoded_equality": true,
      "id": "rpc.tonic_transport.reference_client_native_server.sparse.v9.server_stream",
      "input_wire_fingerprint": "fnv1a64:df0bf9d974893099",
      "message_caps": "unchanged native/tonic defaults",
      "native_request_bytes": 108,
      "request_bytes": 108,
      "request_read_checksum": 1988894425758786647,
      "response_bytes_per_message": 108,
      "response_read_checksum": 1988894425758786647,
      "responses": 4
    },
    {
      "accepted_local_addr": "127.0.0.1:40195",
      "accepted_remote_addr": "127.0.0.1:48094",
      "accepted_socket_observer": "custom Incoming reproduces built-in native tcp::tune TCP_NODELAY=true",
      "accepted_tcp_nodelay": true,
      "equal_wire_work": true,
      "full_decoded_equality": true,
      "id": "rpc.tonic_transport.native_native.sparse.v9.unary",
      "input_wire_fingerprint": "fnv1a64:df0bf9d974893099",
      "message_caps": "unchanged native/tonic defaults",
      "native_request_bytes": 108,
      "request_bytes": 108,
      "request_read_checksum": 1988894425758786647,
      "response_bytes_per_message": 108,
      "response_read_checksum": 1988894425758786647,
      "responses": 1
    },
    {
      "accepted_local_addr": "127.0.0.1:33821",
      "accepted_remote_addr": "127.0.0.1:50536",
      "accepted_socket_observer": "custom Incoming reproduces built-in native tcp::tune TCP_NODELAY=true",
      "accepted_tcp_nodelay": true,
      "equal_wire_work": true,
      "full_decoded_equality": true,
      "id": "rpc.tonic_transport.native_native.sparse.v9.server_stream",
      "input_wire_fingerprint": "fnv1a64:df0bf9d974893099",
      "message_caps": "unchanged native/tonic defaults",
      "native_request_bytes": 108,
      "request_bytes": 108,
      "request_read_checksum": 1988894425758786647,
      "response_bytes_per_message": 108,
      "response_read_checksum": 1988894425758786647,
      "responses": 4
    }
  ],
  "log_sha256": "b3078cce6e75172a1c263ded22cd889af3ea726ba75249a9aebdabf02120040b",
  "measurement_status": "not_run"
}
