{
  "before": [
    {
      "package": [
        "adler2",
        "2.0.1",
        "registry+https://github.com/rust-lang/crates.io-index"
      ],
      "features": [],
      "dependencies": []
    },
    {
      "package": [
        "aho-corasick",
        "1.1.5",
        "registry+https://github.com/rust-lang/crates.io-index"
      ],
      "features": [
        "std"
      ],
      "dependencies": [
        [
          "memchr",
          "2.8.3",
          "registry+https://github.com/rust-lang/crates.io-index"
        ]
      ]
    },
    {
      "package": [
        "anyhow",
        "1.0.104",
        "registry+https://github.com/rust-lang/crates.io-index"
      ],
      "features": [
        "default",
        "std"
      ],
      "dependencies": []
    },
    {
      "package": [
        "async-trait",
        "0.1.92",
        "registry+https://github.com/rust-lang/crates.io-index"
      ],
      "features": [],
      "dependencies": [
        [
          "proc-macro2",
          "1.0.107",
          "registry+https://github.com/rust-lang/crates.io-index"
        ],
        [
          "quote",
          "1.0.47",
          "registry+https://github.com/rust-lang/crates.io-index"
        ],
        [
          "syn",
          "3.0.6",
          "registry+https://github.com/rust-lang/crates.io-index"
        ]
      ]
    },
    {
      "package": [
        "atomic-waker",
        "1.1.2",
        "registry+https://github.com/rust-lang/crates.io-index"
      ],
      "features": [],
      "dependencies": []
    },
    {
      "package": [
        "axum",
        "0.8.9",
        "registry+https://github.com/rust-lang/crates.io-index"
      ],
      "features": [],
      "dependencies": [
        [
          "axum-core",
          "0.5.6",
          "registry+https://github.com/rust-lang/crates.io-index"
        ],
        [
          "bytes",
          "1.12.1",
          "registry+https://github.com/rust-lang/crates.io-index"
        ],
        [
          "futures-util",
          "0.3.34",
          "registry+https://github.com/rust-lang/crates.io-index"
        ],
        [
          "http",
          "1.5.0",
          "registry+https://github.com/rust-lang/crates.io-index"
        ],
        [
          "http-body",
          "1.1.0",
          "registry+https://github.com/rust-lang/crates.io-index"
        ],
        [
          "http-body-util",
          "0.1.5",
          "registry+https://github.com/rust-lang/crates.io-index"
        ],
        [
          "itoa",
          "1.0.18",
          "registry+https://github.com/rust-lang/crates.io-index"
        ],
        [
          "matchit",
          "0.8.4",
          "registry+https://github.com/rust-lang/crates.io-index"
        ],
        [
          "memchr",
          "2.8.3",
          "registry+https://github.com/rust-lang/crates.io-index"
        ],
        [
          "mime",
          "0.3.17",
          "registry+https://github.com/rust-lang/crates.io-index"
        ],
        [
          "percent-encoding",
          "2.3.2",
          "registry+https://github.com/rust-lang/crates.io-index"
        ],
        [
          "pin-project-lite",
          "0.2.17",
          "registry+https://github.com/rust-lang/crates.io-index"
        ],
        [
          "serde_core",
          "1.0.229",
          "registry+https://github.com/rust-lang/crates.io-index"
        ],
        [
          "sync_wrapper",
          "1.0.2",
          "registry+https://github.com/rust-lang/crates.io-index"
        ],
        [
          "tower",
          "0.5.3",
          "registry+https://github.com/rust-lang/crates.io-index"
        ],
        [
          "tower-layer",
          "0.3.3",
          "registry+https://github.com/rust-lang/crates.io-index"
        ],
        [
          "tower-service",
          "0.3.3",
          "registry+https://github.com/rust-lang/crates.io-index"
        ]
      ]
    },
    {
      "package": [
        "axum-core",
        "0.5.6",
        "registry+https://github.com/rust-lang/crates.io-index"
      ],
      "features": [],
      "dependencies": [
        [
          "bytes",
          "1.12.1",
          "registry+https://github.com/rust-lang/crates.io-index"
        ],
        [
          "futures-core",
          "0.3.34",
          "registry+https://github.com/rust-lang/crates.io-index"
        ],
        [
          "http",
          "1.5.0",
          "registry+https://github.com/rust-lang/crates.io-index"
        ],
        [
          "http-body",
          "1.1.0",
          "registry+https://github.com/rust-lang/crates.io-index"
        ],
        [
          "http-body-util",
          "0.1.5",
          "registry+https://github.com/rust-lang/crates.io-index"
        ],
        [
          "mime",
          "0.3.17",
          "registry+https://github.com/rust-lang/crates.io-index"
        ],
        [
          "pin-project-lite",
          "0.2.17",
          "registry+https://github.com/rust-lang/crates.io-index"
        ],
        [
          "sync_wrapper",
          "1.0.2",
          "registry+https://github.com/rust-lang/crates.io-index"
        ],
        [
          "tower-layer",
          "0.3.3",
          "registry+https://github.com/rust-lang/crates.io-index"
        ],
        [
          "tower-service",
          "0.3.3",
          "registry+https://github.com/rust-lang/crates.io-index"
        ]
      ]
    },
    {
      "package": [
        "base64",
        "0.22.1",
        "registry+https://github.com/rust-lang/crates.io-index"
      ],
      "features": [
        "alloc",
        "default",
        "std"
      ],
      "dependencies": []
    },
    {
      "package": [
        "bitflags",
        "2.13.2",
        "registry+https://github.com/rust-lang/crates.io-index"
      ],
      "features": [
        "std"
      ],
      "dependencies": []
    },
    {
      "package": [
        "bytes",
        "1.12.1",
        "registry+https://github.com/rust-lang/crates.io-index"
      ],
      "features": [
        "default",
        "std"
      ],
      "dependencies": []
    },
    {
      "package": [
        "cc",
        "1.5.1",
        "registry+https://github.com/rust-lang/crates.io-index"
      ],
      "features": [],
      "dependencies": [
        [
          "find-msvc-tools",
          "0.1.14",
          "registry+https://github.com/rust-lang/crates.io-index"
        ],
        [
          "shlex",
          "2.0.1",
          "registry+https://github.com/rust-lang/crates.io-index"
        ]
      ]
    },
    {
      "package": [
        "cfg-if",
        "1.0.5",
        "registry+https://github.com/rust-lang/crates.io-index"
      ],
      "features": [],
      "dependencies": []
    },
    {
      "package": [
        "crc32fast",
        "1.5.2",
        "registry+https://github.com/rust-lang/crates.io-index"
      ],
      "features": [
        "std"
      ],
      "dependencies": [
        [
          "cfg-if",
          "1.0.5",
          "registry+https://github.com/rust-lang/crates.io-index"
        ]
      ]
    },
    {
      "package": [
        "devloop",
        "0.1.0",
        ""
      ],
      "features": [],
      "dependencies": [
        [
          "pbrs",
          "0.2.0",
          ""
        ],
        [
          "pbrs-adoption-corpus",
          "0.0.0",
          ""
        ],
        [
          "pbrs-grpc",
          "0.1.0-alpha.2",
          ""
        ],
        [
          "prost",
          "0.13.5",
          "registry+https://github.com/rust-lang/crates.io-index"
        ],
        [
          "prost",
          "0.14.4",
          "registry+https://github.com/rust-lang/crates.io-index"
        ],
        [
          "prost_tat",
          "0.0.1",
          ""
        ],
        [
          "protobuf",
          "4.35.1-release",
          "registry+https://github.com/rust-lang/crates.io-index"
        ],
        [
          "serde",
          "1.0.229",
          "registry+https://github.com/rust-lang/crates.io-index"
        ],
        [
          "serde_json",
          "1.0.151",
          "registry+https://github.com/rust-lang/crates.io-index"
        ],
        [
          "tokio",
          "1.53.1",
          "registry+https://github.com/rust-lang/crates.io-index"
        ],
        [
          "tokio-stream",
          "0.1.19",
          "registry+https://github.com/rust-lang/crates.io-index"
        ],
        [
          "tonic",
          "0.14.6",
          "registry+https://github.com/rust-lang/crates.io-index"
        ],
        [
          "tonic-prost",
          "0.14.6",
          "registry+https://github.com/rust-lang/crates.io-index"
        ],
        [
          "tonic-prost-build",
          "0.14.6",
          "registry+https://github.com/rust-lang/crates.io-index"
        ],
        [
          "v4_tat",
          "0.0.1",
          ""
        ]
      ]
    },
    {
      "package": [
        "either",
        "1.18.0",
        "registry+https://github.com/rust-lang/crates.io-index"
      ],
      "features": [
        "std",
        "use_std"
      ],
      "dependencies": []
    },
    {
      "package": [
        "equivalent",
        "1.0.2",
        "registry+https://github.com/rust-lang/crates.io-index"
      ],
      "features": [],
      "dependencies": []
    },
    {
      "package": [
        "errno",
        "0.3.14",
        "registry+https://github.com/rust-lang/crates.io-index"
      ],
      "features": [
        "std"
      ],
      "dependencies": [
        [
          "libc",
          "0.2.189",
          "registry+https://github.com/rust-lang/crates.io-index"
        ],
        [
          "windows-sys",
          "0.61.2",
          "registry+https://github.com/rust-lang/crates.io-index"
        ]
      ]
    },
    {
      "package": [
        "fastrand",
        "2.5.0",
        "registry+https://github.com/rust-lang/crates.io-index"
      ],
      "features": [
        "alloc",
        "default",
        "std"
      ],
      "dependencies": []
    },
    {
      "package": [
        "find-msvc-tools",
        "0.1.14",
        "registry+https://github.com/rust-lang/crates.io-index"
      ],
      "features": [],
      "dependencies": []
    },
    {
      "package": [
        "fixedbitset",
        "0.5.7",
        "registry+https://github.com/rust-lang/crates.io-index"
      ],
      "features": [],
      "dependencies": []
    },
    {
      "package": [
        "flate2",
        "1.1.10",
        "registry+https://github.com/rust-lang/crates.io-index"
      ],
      "features": [
        "any_impl",
        "miniz_oxide",
        "runtime_detection",
        "rust_backend"
      ],
      "dependencies": [
        [
          "crc32fast",
          "1.5.2",
          "registry+https://github.com/rust-lang/crates.io-index"
        ],
        [
          "miniz_oxide",
          "0.9.1",
          "registry+https://github.com/rust-lang/crates.io-index"
        ],
        [
          "zlib-rs",
          "0.6.8",
          "registry+https://github.com/rust-lang/crates.io-index"
        ]
      ]
    },
    {
      "package": [
        "fnv",
        "1.0.7",
        "registry+https://github.com/rust-lang/crates.io-index"
      ],
      "features": [
        "default",
        "std"
      ],
      "dependencies": []
    },
    {
      "package": [
        "foldhash",
        "0.1.5",
        "registry+https://github.com/rust-lang/crates.io-index"
      ],
      "features": [],
      "dependencies": []
    },
    {
      "package": [
        "futures-channel",
        "0.3.34",
        "registry+https://github.com/rust-lang/crates.io-index"
      ],
      "features": [
        "alloc",
        "default",
        "std"
      ],
      "dependencies": [
        [
          "futures-core",
          "0.3.34",
          "registry+https://github.com/rust-lang/crates.io-index"
        ]
      ]
    },
    {
      "package": [
        "futures-core",
        "0.3.34",
        "registry+https://github.com/rust-lang/crates.io-index"
      ],
      "features": [
        "alloc",
        "default",
        "std"
      ],
      "dependencies": []
    },
    {
      "package": [
        "futures-sink",
        "0.3.34",
        "registry+https://github.com/rust-lang/crates.io-index"
      ],
      "features": [
        "alloc",
        "default",
        "std"
      ],
      "dependencies": []
    },
    {
      "package": [
        "futures-task",
        "0.3.34",
        "registry+https://github.com/rust-lang/crates.io-index"
      ],
      "features": [
        "alloc"
      ],
      "dependencies": []
    },
    {
      "package": [
        "futures-util",
        "0.3.34",
        "registry+https://github.com/rust-lang/crates.io-index"
      ],
      "features": [
        "alloc",
        "slab"
      ],
      "dependencies": [
        [
          "futures-core",
          "0.3.34",
          "registry+https://github.com/rust-lang/crates.io-index"
        ],
        [
          "futures-task",
          "0.3.34",
          "registry+https://github.com/rust-lang/crates.io-index"
        ],
        [
          "pin-project-lite",
          "0.2.17",
          "registry+https://github.com/rust-lang/crates.io-index"
        ],
        [
          "slab",
          "0.4.12",
          "registry+https://github.com/rust-lang/crates.io-index"
        ]
      ]
    },
    {
      "package": [
        "getrandom",
        "0.2.17",
        "registry+https://github.com/rust-lang/crates.io-index"
      ],
      "features": [],
      "dependencies": [
        [
          "cfg-if",
          "1.0.5",
          "registry+https://github.com/rust-lang/crates.io-index"
        ],
        [
          "libc",
          "0.2.189",
          "registry+https://github.com/rust-lang/crates.io-index"
        ],
        [
          "wasi",
          "0.11.1+wasi-snapshot-preview1",
          "registry+https://github.com/rust-lang/crates.io-index"
        ]
      ]
    },
    {
      "package": [
        "getrandom",
        "0.3.4",
        "registry+https://github.com/rust-lang/crates.io-index"
      ],
      "features": [],
      "dependencies": [
        [
          "cfg-if",
          "1.0.5",
          "registry+https://github.com/rust-lang/crates.io-index"
        ],
        [
          "libc",
          "0.2.189",
          "registry+https://github.com/rust-lang/crates.io-index"
        ],
        [
          "r-efi",
          "5.3.0",
          "registry+https://github.com/rust-lang/crates.io-index"
        ],
        [
          "wasip2",
          "1.0.4+wasi-0.2.12",
          "registry+https://github.com/rust-lang/crates.io-index"
        ]
      ]
    },
    {
      "package": [
        "getrandom",
        "0.4.3",
        "registry+https://github.com/rust-lang/crates.io-index"
      ],
      "features": [],
      "dependencies": [
        [
          "cfg-if",
          "1.0.5",
          "registry+https://github.com/rust-lang/crates.io-index"
        ],
        [
          "libc",
          "0.2.189",
          "registry+https://github.com/rust-lang/crates.io-index"
        ],
        [
          "r-efi",
          "6.0.0",
          "registry+https://github.com/rust-lang/crates.io-index"
        ]
      ]
    },
    {
      "package": [
        "graviola",
        "0.2.1",
        "registry+https://github.com/rust-lang/crates.io-index"
      ],
      "features": [
        "default"
      ],
      "dependencies": [
        [
          "cfg-if",
          "1.0.5",
          "registry+https://github.com/rust-lang/crates.io-index"
        ],
        [
          "getrandom",
          "0.3.4",
          "registry+https://github.com/rust-lang/crates.io-index"
        ]
      ]
    },
    {
      "package": [
        "h2",
        "0.4.19",
        "registry+https://github.com/rust-lang/crates.io-index"
      ],
      "features": [],
      "dependencies": [
        [
          "atomic-waker",
          "1.1.2",
          "registry+https://github.com/rust-lang/crates.io-index"
        ],
        [
          "bytes",
          "1.12.1",
          "registry+https://github.com/rust-lang/crates.io-index"
        ],
        [
          "fnv",
          "1.0.7",
          "registry+https://github.com/rust-lang/crates.io-index"
        ],
        [
          "futures-core",
          "0.3.34",
          "registry+https://github.com/rust-lang/crates.io-index"
        ],
        [
          "futures-sink",
          "0.3.34",
          "registry+https://github.com/rust-lang/crates.io-index"
        ],
        [
          "http",
          "1.5.0",
          "registry+https://github.com/rust-lang/crates.io-index"
        ],
        [
          "indexmap",
          "2.14.2",
          "registry+https://github.com/rust-lang/crates.io-index"
        ],
        [
          "slab",
          "0.4.12",
          "registry+https://github.com/rust-lang/crates.io-index"
        ],
        [
          "tokio",
          "1.53.1",
          "registry+https://github.com/rust-lang/crates.io-index"
        ],
        [
          "tokio-util",
          "0.7.19",
          "registry+https://github.com/rust-lang/crates.io-index"
        ],
        [
          "tracing",
          "0.1.44",
          "registry+https://github.com/rust-lang/crates.io-index"
        ]
      ]
    },
    {
      "package": [
        "hashbrown",
        "0.15.5",
        "registry+https://github.com/rust-lang/crates.io-index"
      ],
      "features": [
        "default-hasher",
        "inline-more"
      ],
      "dependencies": [
        [
          "foldhash",
          "0.1.5",
          "registry+https://github.com/rust-lang/crates.io-index"
        ]
      ]
    },
    {
      "package": [
        "hashbrown",
        "0.17.1",
        "registry+https://github.com/rust-lang/crates.io-index"
      ],
      "features": [],
      "dependencies": []
    },
    {
      "package": [
        "heck",
        "0.5.0",
        "registry+https://github.com/rust-lang/crates.io-index"
      ],
      "features": [],
      "dependencies": []
    },
    {
      "package": [
        "http",
        "1.5.0",
        "registry+https://github.com/rust-lang/crates.io-index"
      ],
      "features": [
        "default",
        "std"
      ],
      "dependencies": [
        [
          "bytes",
          "1.12.1",
          "registry+https://github.com/rust-lang/crates.io-index"
        ],
        [
          "itoa",
          "1.0.18",
          "registry+https://github.com/rust-lang/crates.io-index"
        ]
      ]
    },
    {
      "package": [
        "http-body",
        "1.1.0",
        "registry+https://github.com/rust-lang/crates.io-index"
      ],
      "features": [],
      "dependencies": [
        [
          "bytes",
          "1.12.1",
          "registry+https://github.com/rust-lang/crates.io-index"
        ],
        [
          "http",
          "1.5.0",
          "registry+https://github.com/rust-lang/crates.io-index"
        ]
      ]
    },
    {
      "package": [
        "http-body-util",
        "0.1.5",
        "registry+https://github.com/rust-lang/crates.io-index"
      ],
      "features": [
        "default"
      ],
      "dependencies": [
        [
          "bytes",
          "1.12.1",
          "registry+https://github.com/rust-lang/crates.io-index"
        ],
        [
          "futures-core",
          "0.3.34",
          "registry+https://github.com/rust-lang/crates.io-index"
        ],
        [
          "http",
          "1.5.0",
          "registry+https://github.com/rust-lang/crates.io-index"
        ],
        [
          "http-body",
          "1.1.0",
          "registry+https://github.com/rust-lang/crates.io-index"
        ],
        [
          "pin-project-lite",
          "0.2.17",
          "registry+https://github.com/rust-lang/crates.io-index"
        ]
      ]
    },
    {
      "package": [
        "httparse",
        "1.10.1",
        "registry+https://github.com/rust-lang/crates.io-index"
      ],
      "features": [
        "default",
        "std"
      ],
      "dependencies": []
    },
    {
      "package": [
        "httpdate",
        "1.0.3",
        "registry+https://github.com/rust-lang/crates.io-index"
      ],
      "features": [],
      "dependencies": []
    },
    {
      "package": [
        "hyper",
        "1.11.1",
        "registry+https://github.com/rust-lang/crates.io-index"
      ],
      "features": [
        "client",
        "default",
        "http1",
        "http2",
        "server"
      ],
      "dependencies": [
        [
          "atomic-waker",
          "1.1.2",
          "registry+https://github.com/rust-lang/crates.io-index"
        ],
        [
          "bytes",
          "1.12.1",
          "registry+https://github.com/rust-lang/crates.io-index"
        ],
        [
          "futures-channel",
          "0.3.34",
          "registry+https://github.com/rust-lang/crates.io-index"
        ],
        [
          "futures-core",
          "0.3.34",
          "registry+https://github.com/rust-lang/crates.io-index"
        ],
        [
          "h2",
          "0.4.19",
          "registry+https://github.com/rust-lang/crates.io-index"
        ],
        [
          "http",
          "1.5.0",
          "registry+https://github.com/rust-lang/crates.io-index"
        ],
        [
          "http-body",
          "1.1.0",
          "registry+https://github.com/rust-lang/crates.io-index"
        ],
        [
          "httparse",
          "1.10.1",
          "registry+https://github.com/rust-lang/crates.io-index"
        ],
        [
          "httpdate",
          "1.0.3",
          "registry+https://github.com/rust-lang/crates.io-index"
        ],
        [
          "itoa",
          "1.0.18",
          "registry+https://github.com/rust-lang/crates.io-index"
        ],
        [
          "pin-project-lite",
          "0.2.17",
          "registry+https://github.com/rust-lang/crates.io-index"
        ],
        [
          "smallvec",
          "1.16.2",
          "registry+https://github.com/rust-lang/crates.io-index"
        ],
        [
          "tokio",
          "1.53.1",
          "registry+https://github.com/rust-lang/crates.io-index"
        ],
        [
          "want",
          "0.3.1",
          "registry+https://github.com/rust-lang/crates.io-index"
        ]
      ]
    },
    {
      "package": [
        "hyper-timeout",
        "0.5.2",
        "registry+https://github.com/rust-lang/crates.io-index"
      ],
      "features": [],
      "dependencies": [
        [
          "hyper",
          "1.11.1",
          "registry+https://github.com/rust-lang/crates.io-index"
        ],
        [
          "hyper-util",
          "0.1.21",
          "registry+https://github.com/rust-lang/crates.io-index"
        ],
        [
          "pin-project-lite",
          "0.2.17",
          "registry+https://github.com/rust-lang/crates.io-index"
        ],
        [
          "tokio",
          "1.53.1",
          "registry+https://github.com/rust-lang/crates.io-index"
        ],
        [
          "tower-service",
          "0.3.3",
          "registry+https://github.com/rust-lang/crates.io-index"
        ]
      ]
    },
    {
      "package": [
        "hyper-util",
        "0.1.21",
        "registry+https://github.com/rust-lang/crates.io-index"
      ],
      "features": [
        "client",
        "client-legacy",
        "default",
        "http1",
        "http2",
        "server",
        "server-auto",
        "service",
        "tokio"
      ],
      "dependencies": [
        [
          "bytes",
          "1.12.1",
          "registry+https://github.com/rust-lang/crates.io-index"
        ],
        [
          "futures-channel",
          "0.3.34",
          "registry+https://github.com/rust-lang/crates.io-index"
        ],
        [
          "futures-util",
          "0.3.34",
          "registry+https://github.com/rust-lang/crates.io-index"
        ],
        [
          "http",
          "1.5.0",
          "registry+https://github.com/rust-lang/crates.io-index"
        ],
        [
          "http-body",
          "1.1.0",
          "registry+https://github.com/rust-lang/crates.io-index"
        ],
        [
          "httparse",
          "1.10.1",
          "registry+https://github.com/rust-lang/crates.io-index"
        ],
        [
          "hyper",
          "1.11.1",
          "registry+https://github.com/rust-lang/crates.io-index"
        ],
        [
          "libc",
          "0.2.189",
          "registry+https://github.com/rust-lang/crates.io-index"
        ],
        [
          "pin-project-lite",
          "0.2.17",
          "registry+https://github.com/rust-lang/crates.io-index"
        ],
        [
          "socket2",
          "0.6.5",
          "registry+https://github.com/rust-lang/crates.io-index"
        ],
        [
          "tokio",
          "1.53.1",
          "registry+https://github.com/rust-lang/crates.io-index"
        ],
        [
          "tower-service",
          "0.3.3",
          "registry+https://github.com/rust-lang/crates.io-index"
        ],
        [
          "tracing",
          "0.1.44",
          "registry+https://github.com/rust-lang/crates.io-index"
        ]
      ]
    },
    {
      "package": [
        "indexmap",
        "2.14.2",
        "registry+https://github.com/rust-lang/crates.io-index"
      ],
      "features": [
        "default",
        "std"
      ],
      "dependencies": [
        [
          "equivalent",
          "1.0.2",
          "registry+https://github.com/rust-lang/crates.io-index"
        ],
        [
          "hashbrown",
          "0.17.1",
          "registry+https://github.com/rust-lang/crates.io-index"
        ]
      ]
    },
    {
      "package": [
        "itertools",
        "0.14.0",
        "registry+https://github.com/rust-lang/crates.io-index"
      ],
      "features": [
        "default",
        "use_alloc",
        "use_std"
      ],
      "dependencies": [
        [
          "either",
          "1.18.0",
          "registry+https://github.com/rust-lang/crates.io-index"
        ]
      ]
    },
    {
      "package": [
        "itoa",
        "1.0.18",
        "registry+https://github.com/rust-lang/crates.io-index"
      ],
      "features": [],
      "dependencies": []
    },
    {
      "package": [
        "libc",
        "0.2.189",
        "registry+https://github.com/rust-lang/crates.io-index"
      ],
      "features": [
        "default",
        "std"
      ],
      "dependencies": []
    },
    {
      "package": [
        "linkme",
        "0.3.37",
        "registry+https://github.com/rust-lang/crates.io-index"
      ],
      "features": [],
      "dependencies": [
        [
          "linkme-impl",
          "0.3.37",
          "registry+https://github.com/rust-lang/crates.io-index"
        ]
      ]
    },
    {
      "package": [
        "linkme-impl",
        "0.3.37",
        "registry+https://github.com/rust-lang/crates.io-index"
      ],
      "features": [],
      "dependencies": [
        [
          "proc-macro2",
          "1.0.107",
          "registry+https://github.com/rust-lang/crates.io-index"
        ],
        [
          "quote",
          "1.0.47",
          "registry+https://github.com/rust-lang/crates.io-index"
        ],
        [
          "syn",
          "3.0.6",
          "registry+https://github.com/rust-lang/crates.io-index"
        ]
      ]
    },
    {
      "package": [
        "linux-raw-sys",
        "0.12.1",
        "registry+https://github.com/rust-lang/crates.io-index"
      ],
      "features": [
        "auxvec",
        "elf",
        "errno",
        "general",
        "ioctl",
        "no_std"
      ],
      "dependencies": []
    },
    {
      "package": [
        "log",
        "0.4.34",
        "registry+https://github.com/rust-lang/crates.io-index"
      ],
      "features": [],
      "dependencies": []
    },
    {
      "package": [
        "matchit",
        "0.8.4",
        "registry+https://github.com/rust-lang/crates.io-index"
      ],
      "features": [
        "default"
      ],
      "dependencies": []
    },
    {
      "package": [
        "memchr",
        "2.8.3",
        "registry+https://github.com/rust-lang/crates.io-index"
      ],
      "features": [
        "alloc",
        "default",
        "std"
      ],
      "dependencies": []
    },
    {
      "package": [
        "mime",
        "0.3.17",
        "registry+https://github.com/rust-lang/crates.io-index"
      ],
      "features": [],
      "dependencies": []
    },
    {
      "package": [
        "miniz_oxide",
        "0.9.1",
        "registry+https://github.com/rust-lang/crates.io-index"
      ],
      "features": [
        "default",
        "simd",
        "simd-adler32",
        "with-alloc"
      ],
      "dependencies": [
        [
          "adler2",
          "2.0.1",
          "registry+https://github.com/rust-lang/crates.io-index"
        ],
        [
          "simd-adler32",
          "0.3.10",
          "registry+https://github.com/rust-lang/crates.io-index"
        ]
      ]
    },
    {
      "package": [
        "mio",
        "1.2.3",
        "registry+https://github.com/rust-lang/crates.io-index"
      ],
      "features": [
        "net",
        "os-ext",
        "os-poll"
      ],
      "dependencies": [
        [
          "libc",
          "0.2.189",
          "registry+https://github.com/rust-lang/crates.io-index"
        ],
        [
          "wasi",
          "0.11.1+wasi-snapshot-preview1",
          "registry+https://github.com/rust-lang/crates.io-index"
        ],
        [
          "windows-sys",
          "0.61.2",
          "registry+https://github.com/rust-lang/crates.io-index"
        ]
      ]
    },
    {
      "package": [
        "multimap",
        "0.10.1",
        "registry+https://github.com/rust-lang/crates.io-index"
      ],
      "features": [],
      "dependencies": []
    },
    {
      "package": [
        "once_cell",
        "1.21.4",
        "registry+https://github.com/rust-lang/crates.io-index"
      ],
      "features": [
        "alloc",
        "default",
        "race",
        "std"
      ],
      "dependencies": []
    },
    {
      "package": [
        "paste",
        "1.0.15",
        "registry+https://github.com/rust-lang/crates.io-index"
      ],
      "features": [],
      "dependencies": []
    },
    {
      "package": [
        "paste-complete",
        "1.0.15",
        "registry+https://github.com/rust-lang/crates.io-index"
      ],
      "features": [],
      "dependencies": []
    },
    {
      "package": [
        "pbrs",
        "0.2.0",
        ""
      ],
      "features": [
        "codegen",
        "conformance",
        "copy-counts",
        "default",
        "json",
        "reflect",
        "text"
      ],
      "dependencies": [
        [
          "bytes",
          "1.12.1",
          "registry+https://github.com/rust-lang/crates.io-index"
        ],
        [
          "paste",
          "1.0.15",
          "registry+https://github.com/rust-lang/crates.io-index"
        ],
        [
          "serde",
          "1.0.229",
          "registry+https://github.com/rust-lang/crates.io-index"
        ],
        [
          "serde_json",
          "1.0.151",
          "registry+https://github.com/rust-lang/crates.io-index"
        ],
        [
          "simdutf8",
          "0.1.5",
          "registry+https://github.com/rust-lang/crates.io-index"
        ]
      ]
    },
    {
      "package": [
        "pbrs-adoption-corpus",
        "0.0.0",
        ""
      ],
      "features": [
        "default"
      ],
      "dependencies": [
        [
          "pbrs",
          "0.2.0",
          ""
        ],
        [
          "prost",
          "0.14.4",
          "registry+https://github.com/rust-lang/crates.io-index"
        ],
        [
          "prost-build",
          "0.14.4",
          "registry+https://github.com/rust-lang/crates.io-index"
        ],
        [
          "serde_json",
          "1.0.151",
          "registry+https://github.com/rust-lang/crates.io-index"
        ]
      ]
    },
    {
      "package": [
        "pbrs-grpc",
        "0.1.0-alpha.2",
        ""
      ],
      "features": [
        "copy-counts",
        "prost",
        "tonic",
        "tower"
      ],
      "dependencies": [
        [
          "base64",
          "0.22.1",
          "registry+https://github.com/rust-lang/crates.io-index"
        ],
        [
          "bytes",
          "1.12.1",
          "registry+https://github.com/rust-lang/crates.io-index"
        ],
        [
          "flate2",
          "1.1.10",
          "registry+https://github.com/rust-lang/crates.io-index"
        ],
        [
          "futures-core",
          "0.3.34",
          "registry+https://github.com/rust-lang/crates.io-index"
        ],
        [
          "h2",
          "0.4.19",
          "registry+https://github.com/rust-lang/crates.io-index"
        ],
        [
          "http",
          "1.5.0",
          "registry+https://github.com/rust-lang/crates.io-index"
        ],
        [
          "http-body",
          "1.1.0",
          "registry+https://github.com/rust-lang/crates.io-index"
        ],
        [
          "http-body-util",
          "0.1.5",
          "registry+https://github.com/rust-lang/crates.io-index"
        ],
        [
          "libc",
          "0.2.189",
          "registry+https://github.com/rust-lang/crates.io-index"
        ],
        [
          "pbrs",
          "0.2.0",
          ""
        ],
        [
          "prost",
          "0.14.4",
          "registry+https://github.com/rust-lang/crates.io-index"
        ],
        [
          "rustls",
          "0.23.45",
          "registry+https://github.com/rust-lang/crates.io-index"
        ],
        [
          "rustls-graviola",
          "0.2.1",
          "registry+https://github.com/rust-lang/crates.io-index"
        ],
        [
          "rustls-pemfile",
          "2.2.0",
          "registry+https://github.com/rust-lang/crates.io-index"
        ],
        [
          "serde_json",
          "1.0.151",
          "registry+https://github.com/rust-lang/crates.io-index"
        ],
        [
          "socket2",
          "0.6.5",
          "registry+https://github.com/rust-lang/crates.io-index"
        ],
        [
          "tokio",
          "1.53.1",
          "registry+https://github.com/rust-lang/crates.io-index"
        ],
        [
          "tokio-rustls",
          "0.26.5",
          "registry+https://github.com/rust-lang/crates.io-index"
        ],
        [
          "tonic",
          "0.14.6",
          "registry+https://github.com/rust-lang/crates.io-index"
        ],
        [
          "tower",
          "0.5.3",
          "registry+https://github.com/rust-lang/crates.io-index"
        ],
        [
          "webpki-roots",
          "1.0.9",
          "registry+https://github.com/rust-lang/crates.io-index"
        ]
      ]
    },
    {
      "package": [
        "percent-encoding",
        "2.3.2",
        "registry+https://github.com/rust-lang/crates.io-index"
      ],
      "features": [
        "alloc",
        "default",
        "std"
      ],
      "dependencies": []
    },
    {
      "package": [
        "petgraph",
        "0.7.1",
        "registry+https://github.com/rust-lang/crates.io-index"
      ],
      "features": [],
      "dependencies": [
        [
          "fixedbitset",
          "0.5.7",
          "registry+https://github.com/rust-lang/crates.io-index"
        ],
        [
          "indexmap",
          "2.14.2",
          "registry+https://github.com/rust-lang/crates.io-index"
        ]
      ]
    },
    {
      "package": [
        "petgraph",
        "0.8.3",
        "registry+https://github.com/rust-lang/crates.io-index"
      ],
      "features": [
        "std"
      ],
      "dependencies": [
        [
          "fixedbitset",
          "0.5.7",
          "registry+https://github.com/rust-lang/crates.io-index"
        ],
        [
          "hashbrown",
          "0.15.5",
          "registry+https://github.com/rust-lang/crates.io-index"
        ],
        [
          "indexmap",
          "2.14.2",
          "registry+https://github.com/rust-lang/crates.io-index"
        ]
      ]
    },
    {
      "package": [
        "pin-project",
        "1.1.13",
        "registry+https://github.com/rust-lang/crates.io-index"
      ],
      "features": [],
      "dependencies": [
        [
          "pin-project-internal",
          "1.1.13",
          "registry+https://github.com/rust-lang/crates.io-index"
        ]
      ]
    },
    {
      "package": [
        "pin-project-internal",
        "1.1.13",
        "registry+https://github.com/rust-lang/crates.io-index"
      ],
      "features": [],
      "dependencies": [
        [
          "proc-macro2",
          "1.0.107",
          "registry+https://github.com/rust-lang/crates.io-index"
        ],
        [
          "quote",
          "1.0.47",
          "registry+https://github.com/rust-lang/crates.io-index"
        ],
        [
          "syn",
          "2.0.119",
          "registry+https://github.com/rust-lang/crates.io-index"
        ]
      ]
    },
    {
      "package": [
        "pin-project-lite",
        "0.2.17",
        "registry+https://github.com/rust-lang/crates.io-index"
      ],
      "features": [],
      "dependencies": []
    },
    {
      "package": [
        "prettyplease",
        "0.2.37",
        "registry+https://github.com/rust-lang/crates.io-index"
      ],
      "features": [],
      "dependencies": [
        [
          "proc-macro2",
          "1.0.107",
          "registry+https://github.com/rust-lang/crates.io-index"
        ],
        [
          "syn",
          "2.0.119",
          "registry+https://github.com/rust-lang/crates.io-index"
        ]
      ]
    },
    {
      "package": [
        "proc-macro2",
        "1.0.107",
        "registry+https://github.com/rust-lang/crates.io-index"
      ],
      "features": [
        "default",
        "proc-macro"
      ],
      "dependencies": [
        [
          "unicode-ident",
          "1.0.26",
          "registry+https://github.com/rust-lang/crates.io-index"
        ]
      ]
    },
    {
      "package": [
        "prost",
        "0.13.5",
        "registry+https://github.com/rust-lang/crates.io-index"
      ],
      "features": [
        "default",
        "derive",
        "prost-derive",
        "std"
      ],
      "dependencies": [
        [
          "bytes",
          "1.12.1",
          "registry+https://github.com/rust-lang/crates.io-index"
        ],
        [
          "prost-derive",
          "0.13.5",
          "registry+https://github.com/rust-lang/crates.io-index"
        ]
      ]
    },
    {
      "package": [
        "prost",
        "0.14.4",
        "registry+https://github.com/rust-lang/crates.io-index"
      ],
      "features": [
        "default",
        "derive",
        "std"
      ],
      "dependencies": [
        [
          "bytes",
          "1.12.1",
          "registry+https://github.com/rust-lang/crates.io-index"
        ],
        [
          "prost-derive",
          "0.14.4",
          "registry+https://github.com/rust-lang/crates.io-index"
        ]
      ]
    },
    {
      "package": [
        "prost-build",
        "0.13.5",
        "registry+https://github.com/rust-lang/crates.io-index"
      ],
      "features": [
        "default",
        "format"
      ],
      "dependencies": [
        [
          "heck",
          "0.5.0",
          "registry+https://github.com/rust-lang/crates.io-index"
        ],
        [
          "itertools",
          "0.14.0",
          "registry+https://github.com/rust-lang/crates.io-index"
        ],
        [
          "log",
          "0.4.34",
          "registry+https://github.com/rust-lang/crates.io-index"
        ],
        [
          "multimap",
          "0.10.1",
          "registry+https://github.com/rust-lang/crates.io-index"
        ],
        [
          "once_cell",
          "1.21.4",
          "registry+https://github.com/rust-lang/crates.io-index"
        ],
        [
          "petgraph",
          "0.7.1",
          "registry+https://github.com/rust-lang/crates.io-index"
        ],
        [
          "prettyplease",
          "0.2.37",
          "registry+https://github.com/rust-lang/crates.io-index"
        ],
        [
          "prost",
          "0.13.5",
          "registry+https://github.com/rust-lang/crates.io-index"
        ],
        [
          "prost-types",
          "0.13.5",
          "registry+https://github.com/rust-lang/crates.io-index"
        ],
        [
          "regex",
          "1.13.1",
          "registry+https://github.com/rust-lang/crates.io-index"
        ],
        [
          "syn",
          "2.0.119",
          "registry+https://github.com/rust-lang/crates.io-index"
        ],
        [
          "tempfile",
          "3.27.0",
          "registry+https://github.com/rust-lang/crates.io-index"
        ]
      ]
    },
    {
      "package": [
        "prost-build",
        "0.14.4",
        "registry+https://github.com/rust-lang/crates.io-index"
      ],
      "features": [
        "cleanup-markdown",
        "default",
        "format"
      ],
      "dependencies": [
        [
          "heck",
          "0.5.0",
          "registry+https://github.com/rust-lang/crates.io-index"
        ],
        [
          "itertools",
          "0.14.0",
          "registry+https://github.com/rust-lang/crates.io-index"
        ],
        [
          "log",
          "0.4.34",
          "registry+https://github.com/rust-lang/crates.io-index"
        ],
        [
          "multimap",
          "0.10.1",
          "registry+https://github.com/rust-lang/crates.io-index"
        ],
        [
          "petgraph",
          "0.8.3",
          "registry+https://github.com/rust-lang/crates.io-index"
        ],
        [
          "prettyplease",
          "0.2.37",
          "registry+https://github.com/rust-lang/crates.io-index"
        ],
        [
          "prost",
          "0.14.4",
          "registry+https://github.com/rust-lang/crates.io-index"
        ],
        [
          "prost-types",
          "0.14.4",
          "registry+https://github.com/rust-lang/crates.io-index"
        ],
        [
          "pulldown-cmark",
          "0.13.4",
          "registry+https://github.com/rust-lang/crates.io-index"
        ],
        [
          "pulldown-cmark-to-cmark",
          "22.0.1",
          "registry+https://github.com/rust-lang/crates.io-index"
        ],
        [
          "regex",
          "1.13.1",
          "registry+https://github.com/rust-lang/crates.io-index"
        ],
        [
          "syn",
          "2.0.119",
          "registry+https://github.com/rust-lang/crates.io-index"
        ],
        [
          "tempfile",
          "3.27.0",
          "registry+https://github.com/rust-lang/crates.io-index"
        ]
      ]
    },
    {
      "package": [
        "prost-derive",
        "0.13.5",
        "registry+https://github.com/rust-lang/crates.io-index"
      ],
      "features": [],
      "dependencies": [
        [
          "anyhow",
          "1.0.104",
          "registry+https://github.com/rust-lang/crates.io-index"
        ],
        [
          "itertools",
          "0.14.0",
          "registry+https://github.com/rust-lang/crates.io-index"
        ],
        [
          "proc-macro2",
          "1.0.107",
          "registry+https://github.com/rust-lang/crates.io-index"
        ],
        [
          "quote",
          "1.0.47",
          "registry+https://github.com/rust-lang/crates.io-index"
        ],
        [
          "syn",
          "2.0.119",
          "registry+https://github.com/rust-lang/crates.io-index"
        ]
      ]
    },
    {
      "package": [
        "prost-derive",
        "0.14.4",
        "registry+https://github.com/rust-lang/crates.io-index"
      ],
      "features": [],
      "dependencies": [
        [
          "anyhow",
          "1.0.104",
          "registry+https://github.com/rust-lang/crates.io-index"
        ],
        [
          "itertools",
          "0.14.0",
          "registry+https://github.com/rust-lang/crates.io-index"
        ],
        [
          "proc-macro2",
          "1.0.107",
          "registry+https://github.com/rust-lang/crates.io-index"
        ],
        [
          "quote",
          "1.0.47",
          "registry+https://github.com/rust-lang/crates.io-index"
        ],
        [
          "syn",
          "2.0.119",
          "registry+https://github.com/rust-lang/crates.io-index"
        ]
      ]
    },
    {
      "package": [
        "prost-types",
        "0.13.5",
        "registry+https://github.com/rust-lang/crates.io-index"
      ],
      "features": [
        "default",
        "std"
      ],
      "dependencies": [
        [
          "prost",
          "0.13.5",
          "registry+https://github.com/rust-lang/crates.io-index"
        ]
      ]
    },
    {
      "package": [
        "prost-types",
        "0.14.4",
        "registry+https://github.com/rust-lang/crates.io-index"
      ],
      "features": [
        "default",
        "std"
      ],
      "dependencies": [
        [
          "prost",
          "0.14.4",
          "registry+https://github.com/rust-lang/crates.io-index"
        ]
      ]
    },
    {
      "package": [
        "prost_tat",
        "0.0.1",
        ""
      ],
      "features": [],
      "dependencies": [
        [
          "prost",
          "0.13.5",
          "registry+https://github.com/rust-lang/crates.io-index"
        ],
        [
          "prost-build",
          "0.13.5",
          "registry+https://github.com/rust-lang/crates.io-index"
        ],
        [
          "prost-types",
          "0.13.5",
          "registry+https://github.com/rust-lang/crates.io-index"
        ]
      ]
    },
    {
      "package": [
        "protobuf",
        "4.35.1-release",
        "registry+https://github.com/rust-lang/crates.io-index"
      ],
      "features": [],
      "dependencies": [
        [
          "cc",
          "1.5.1",
          "registry+https://github.com/rust-lang/crates.io-index"
        ],
        [
          "linkme",
          "0.3.37",
          "registry+https://github.com/rust-lang/crates.io-index"
        ],
        [
          "paste-complete",
          "1.0.15",
          "registry+https://github.com/rust-lang/crates.io-index"
        ],
        [
          "protobuf-macros",
          "4.35.1-release",
          "registry+https://github.com/rust-lang/crates.io-index"
        ]
      ]
    },
    {
      "package": [
        "protobuf-macros",
        "4.35.1-release",
        "registry+https://github.com/rust-lang/crates.io-index"
      ],
      "features": [],
      "dependencies": [
        [
          "quote",
          "1.0.47",
          "registry+https://github.com/rust-lang/crates.io-index"
        ],
        [
          "syn",
          "2.0.119",
          "registry+https://github.com/rust-lang/crates.io-index"
        ]
      ]
    },
    {
      "package": [
        "pulldown-cmark",
        "0.13.4",
        "registry+https://github.com/rust-lang/crates.io-index"
      ],
      "features": [],
      "dependencies": [
        [
          "bitflags",
          "2.13.2",
          "registry+https://github.com/rust-lang/crates.io-index"
        ],
        [
          "memchr",
          "2.8.3",
          "registry+https://github.com/rust-lang/crates.io-index"
        ],
        [
          "unicase",
          "2.9.0",
          "registry+https://github.com/rust-lang/crates.io-index"
        ]
      ]
    },
    {
      "package": [
        "pulldown-cmark-to-cmark",
        "22.0.1",
        "registry+https://github.com/rust-lang/crates.io-index"
      ],
      "features": [],
      "dependencies": [
        [
          "pulldown-cmark",
          "0.13.4",
          "registry+https://github.com/rust-lang/crates.io-index"
        ]
      ]
    },
    {
      "package": [
        "quote",
        "1.0.47",
        "registry+https://github.com/rust-lang/crates.io-index"
      ],
      "features": [
        "default",
        "proc-macro"
      ],
      "dependencies": [
        [
          "proc-macro2",
          "1.0.107",
          "registry+https://github.com/rust-lang/crates.io-index"
        ]
      ]
    },
    {
      "package": [
        "r-efi",
        "5.3.0",
        "registry+https://github.com/rust-lang/crates.io-index"
      ],
      "features": [],
      "dependencies": []
    },
    {
      "package": [
        "r-efi",
        "6.0.0",
        "registry+https://github.com/rust-lang/crates.io-index"
      ],
      "features": [],
      "dependencies": []
    },
    {
      "package": [
        "regex",
        "1.13.1",
        "registry+https://github.com/rust-lang/crates.io-index"
      ],
      "features": [
        "std",
        "unicode-bool"
      ],
      "dependencies": [
        [
          "aho-corasick",
          "1.1.5",
          "registry+https://github.com/rust-lang/crates.io-index"
        ],
        [
          "memchr",
          "2.8.3",
          "registry+https://github.com/rust-lang/crates.io-index"
        ],
        [
          "regex-automata",
          "0.4.18",
          "registry+https://github.com/rust-lang/crates.io-index"
        ],
        [
          "regex-syntax",
          "0.8.11",
          "registry+https://github.com/rust-lang/crates.io-index"
        ]
      ]
    },
    {
      "package": [
        "regex-automata",
        "0.4.18",
        "registry+https://github.com/rust-lang/crates.io-index"
      ],
      "features": [
        "alloc",
        "meta",
        "nfa-pikevm",
        "nfa-thompson",
        "std",
        "syntax",
        "unicode-bool"
      ],
      "dependencies": [
        [
          "aho-corasick",
          "1.1.5",
          "registry+https://github.com/rust-lang/crates.io-index"
        ],
        [
          "memchr",
          "2.8.3",
          "registry+https://github.com/rust-lang/crates.io-index"
        ],
        [
          "regex-syntax",
          "0.8.11",
          "registry+https://github.com/rust-lang/crates.io-index"
        ]
      ]
    },
    {
      "package": [
        "regex-syntax",
        "0.8.11",
        "registry+https://github.com/rust-lang/crates.io-index"
      ],
      "features": [
        "std",
        "unicode-bool"
      ],
      "dependencies": []
    },
    {
      "package": [
        "ring",
        "0.17.14",
        "registry+https://github.com/rust-lang/crates.io-index"
      ],
      "features": [
        "alloc"
      ],
      "dependencies": [
        [
          "cc",
          "1.5.1",
          "registry+https://github.com/rust-lang/crates.io-index"
        ],
        [
          "cfg-if",
          "1.0.5",
          "registry+https://github.com/rust-lang/crates.io-index"
        ],
        [
          "getrandom",
          "0.2.17",
          "registry+https://github.com/rust-lang/crates.io-index"
        ],
        [
          "libc",
          "0.2.189",
          "registry+https://github.com/rust-lang/crates.io-index"
        ],
        [
          "untrusted",
          "0.9.0",
          "registry+https://github.com/rust-lang/crates.io-index"
        ],
        [
          "windows-sys",
          "0.52.0",
          "registry+https://github.com/rust-lang/crates.io-index"
        ]
      ]
    },
    {
      "package": [
        "rustix",
        "1.1.5",
        "registry+https://github.com/rust-lang/crates.io-index"
      ],
      "features": [
        "alloc",
        "default",
        "fs",
        "std"
      ],
      "dependencies": [
        [
          "bitflags",
          "2.13.2",
          "registry+https://github.com/rust-lang/crates.io-index"
        ],
        [
          "errno",
          "0.3.14",
          "registry+https://github.com/rust-lang/crates.io-index"
        ],
        [
          "libc",
          "0.2.189",
          "registry+https://github.com/rust-lang/crates.io-index"
        ],
        [
          "linux-raw-sys",
          "0.12.1",
          "registry+https://github.com/rust-lang/crates.io-index"
        ],
        [
          "windows-sys",
          "0.61.2",
          "registry+https://github.com/rust-lang/crates.io-index"
        ]
      ]
    },
    {
      "package": [
        "rustls",
        "0.23.45",
        "registry+https://github.com/rust-lang/crates.io-index"
      ],
      "features": [
        "log",
        "logging",
        "std",
        "tls12"
      ],
      "dependencies": [
        [
          "log",
          "0.4.34",
          "registry+https://github.com/rust-lang/crates.io-index"
        ],
        [
          "once_cell",
          "1.21.4",
          "registry+https://github.com/rust-lang/crates.io-index"
        ],
        [
          "rustls-pki-types",
          "1.15.1",
          "registry+https://github.com/rust-lang/crates.io-index"
        ],
        [
          "rustls-webpki",
          "0.103.15",
          "registry+https://github.com/rust-lang/crates.io-index"
        ],
        [
          "subtle",
          "2.6.1",
          "registry+https://github.com/rust-lang/crates.io-index"
        ],
        [
          "zeroize",
          "1.9.0",
          "registry+https://github.com/rust-lang/crates.io-index"
        ]
      ]
    },
    {
      "package": [
        "rustls-graviola",
        "0.2.1",
        "registry+https://github.com/rust-lang/crates.io-index"
      ],
      "features": [],
      "dependencies": [
        [
          "graviola",
          "0.2.1",
          "registry+https://github.com/rust-lang/crates.io-index"
        ],
        [
          "rustls",
          "0.23.45",
          "registry+https://github.com/rust-lang/crates.io-index"
        ]
      ]
    },
    {
      "package": [
        "rustls-pemfile",
        "2.2.0",
        "registry+https://github.com/rust-lang/crates.io-index"
      ],
      "features": [
        "default",
        "std"
      ],
      "dependencies": [
        [
          "rustls-pki-types",
          "1.15.1",
          "registry+https://github.com/rust-lang/crates.io-index"
        ]
      ]
    },
    {
      "package": [
        "rustls-pki-types",
        "1.15.1",
        "registry+https://github.com/rust-lang/crates.io-index"
      ],
      "features": [
        "alloc",
        "default",
        "std"
      ],
      "dependencies": [
        [
          "zeroize",
          "1.9.0",
          "registry+https://github.com/rust-lang/crates.io-index"
        ]
      ]
    },
    {
      "package": [
        "rustls-webpki",
        "0.103.15",
        "registry+https://github.com/rust-lang/crates.io-index"
      ],
      "features": [
        "alloc",
        "std"
      ],
      "dependencies": [
        [
          "ring",
          "0.17.14",
          "registry+https://github.com/rust-lang/crates.io-index"
        ],
        [
          "rustls-pki-types",
          "1.15.1",
          "registry+https://github.com/rust-lang/crates.io-index"
        ],
        [
          "untrusted",
          "0.9.0",
          "registry+https://github.com/rust-lang/crates.io-index"
        ]
      ]
    },
    {
      "package": [
        "serde",
        "1.0.229",
        "registry+https://github.com/rust-lang/crates.io-index"
      ],
      "features": [
        "default",
        "derive",
        "serde_derive",
        "std"
      ],
      "dependencies": [
        [
          "serde_core",
          "1.0.229",
          "registry+https://github.com/rust-lang/crates.io-index"
        ],
        [
          "serde_derive",
          "1.0.229",
          "registry+https://github.com/rust-lang/crates.io-index"
        ]
      ]
    },
    {
      "package": [
        "serde_core",
        "1.0.229",
        "registry+https://github.com/rust-lang/crates.io-index"
      ],
      "features": [
        "default",
        "result",
        "std"
      ],
      "dependencies": [
        [
          "serde_derive",
          "1.0.229",
          "registry+https://github.com/rust-lang/crates.io-index"
        ]
      ]
    },
    {
      "package": [
        "serde_derive",
        "1.0.229",
        "registry+https://github.com/rust-lang/crates.io-index"
      ],
      "features": [
        "default"
      ],
      "dependencies": [
        [
          "proc-macro2",
          "1.0.107",
          "registry+https://github.com/rust-lang/crates.io-index"
        ],
        [
          "quote",
          "1.0.47",
          "registry+https://github.com/rust-lang/crates.io-index"
        ],
        [
          "syn",
          "3.0.6",
          "registry+https://github.com/rust-lang/crates.io-index"
        ]
      ]
    },
    {
      "package": [
        "serde_json",
        "1.0.151",
        "registry+https://github.com/rust-lang/crates.io-index"
      ],
      "features": [
        "arbitrary_precision",
        "default",
        "std"
      ],
      "dependencies": [
        [
          "itoa",
          "1.0.18",
          "registry+https://github.com/rust-lang/crates.io-index"
        ],
        [
          "memchr",
          "2.8.3",
          "registry+https://github.com/rust-lang/crates.io-index"
        ],
        [
          "serde",
          "1.0.229",
          "registry+https://github.com/rust-lang/crates.io-index"
        ],
        [
          "serde_core",
          "1.0.229",
          "registry+https://github.com/rust-lang/crates.io-index"
        ],
        [
          "zmij",
          "1.0.23",
          "registry+https://github.com/rust-lang/crates.io-index"
        ]
      ]
    },
    {
      "package": [
        "shlex",
        "2.0.1",
        "registry+https://github.com/rust-lang/crates.io-index"
      ],
      "features": [
        "default",
        "std"
      ],
      "dependencies": []
    },
    {
      "package": [
        "simd-adler32",
        "0.3.10",
        "registry+https://github.com/rust-lang/crates.io-index"
      ],
      "features": [],
      "dependencies": []
    },
    {
      "package": [
        "simdutf8",
        "0.1.5",
        "registry+https://github.com/rust-lang/crates.io-index"
      ],
      "features": [
        "default",
        "std"
      ],
      "dependencies": []
    },
    {
      "package": [
        "slab",
        "0.4.12",
        "registry+https://github.com/rust-lang/crates.io-index"
      ],
      "features": [
        "default",
        "std"
      ],
      "dependencies": []
    },
    {
      "package": [
        "smallvec",
        "1.16.2",
        "registry+https://github.com/rust-lang/crates.io-index"
      ],
      "features": [
        "const_generics",
        "const_new"
      ],
      "dependencies": []
    },
    {
      "package": [
        "socket2",
        "0.6.5",
        "registry+https://github.com/rust-lang/crates.io-index"
      ],
      "features": [
        "all"
      ],
      "dependencies": [
        [
          "libc",
          "0.2.189",
          "registry+https://github.com/rust-lang/crates.io-index"
        ],
        [
          "windows-sys",
          "0.61.2",
          "registry+https://github.com/rust-lang/crates.io-index"
        ]
      ]
    },
    {
      "package": [
        "subtle",
        "2.6.1",
        "registry+https://github.com/rust-lang/crates.io-index"
      ],
      "features": [],
      "dependencies": []
    },
    {
      "package": [
        "syn",
        "2.0.119",
        "registry+https://github.com/rust-lang/crates.io-index"
      ],
      "features": [
        "clone-impls",
        "default",
        "derive",
        "extra-traits",
        "full",
        "parsing",
        "printing",
        "proc-macro",
        "visit-mut"
      ],
      "dependencies": [
        [
          "proc-macro2",
          "1.0.107",
          "registry+https://github.com/rust-lang/crates.io-index"
        ],
        [
          "quote",
          "1.0.47",
          "registry+https://github.com/rust-lang/crates.io-index"
        ],
        [
          "unicode-ident",
          "1.0.26",
          "registry+https://github.com/rust-lang/crates.io-index"
        ]
      ]
    },
    {
      "package": [
        "syn",
        "3.0.6",
        "registry+https://github.com/rust-lang/crates.io-index"
      ],
      "features": [
        "clone-impls",
        "default",
        "derive",
        "full",
        "parsing",
        "printing",
        "proc-macro",
        "visit-mut"
      ],
      "dependencies": [
        [
          "proc-macro2",
          "1.0.107",
          "registry+https://github.com/rust-lang/crates.io-index"
        ],
        [
          "quote",
          "1.0.47",
          "registry+https://github.com/rust-lang/crates.io-index"
        ],
        [
          "unicode-ident",
          "1.0.26",
          "registry+https://github.com/rust-lang/crates.io-index"
        ]
      ]
    },
    {
      "package": [
        "sync_wrapper",
        "1.0.2",
        "registry+https://github.com/rust-lang/crates.io-index"
      ],
      "features": [],
      "dependencies": []
    },
    {
      "package": [
        "tempfile",
        "3.27.0",
        "registry+https://github.com/rust-lang/crates.io-index"
      ],
      "features": [
        "default",
        "getrandom"
      ],
      "dependencies": [
        [
          "fastrand",
          "2.5.0",
          "registry+https://github.com/rust-lang/crates.io-index"
        ],
        [
          "getrandom",
          "0.4.3",
          "registry+https://github.com/rust-lang/crates.io-index"
        ],
        [
          "once_cell",
          "1.21.4",
          "registry+https://github.com/rust-lang/crates.io-index"
        ],
        [
          "rustix",
          "1.1.5",
          "registry+https://github.com/rust-lang/crates.io-index"
        ],
        [
          "windows-sys",
          "0.61.2",
          "registry+https://github.com/rust-lang/crates.io-index"
        ]
      ]
    },
    {
      "package": [
        "tokio",
        "1.53.1",
        "registry+https://github.com/rust-lang/crates.io-index"
      ],
      "features": [
        "bytes",
        "default",
        "fs",
        "io-util",
        "libc",
        "macros",
        "mio",
        "net",
        "rt",
        "rt-multi-thread",
        "socket2",
        "sync",
        "time",
        "tokio-macros",
        "windows-sys"
      ],
      "dependencies": [
        [
          "bytes",
          "1.12.1",
          "registry+https://github.com/rust-lang/crates.io-index"
        ],
        [
          "libc",
          "0.2.189",
          "registry+https://github.com/rust-lang/crates.io-index"
        ],
        [
          "mio",
          "1.2.3",
          "registry+https://github.com/rust-lang/crates.io-index"
        ],
        [
          "pin-project-lite",
          "0.2.17",
          "registry+https://github.com/rust-lang/crates.io-index"
        ],
        [
          "socket2",
          "0.6.5",
          "registry+https://github.com/rust-lang/crates.io-index"
        ],
        [
          "tokio-macros",
          "2.7.2",
          "registry+https://github.com/rust-lang/crates.io-index"
        ],
        [
          "windows-sys",
          "0.61.2",
          "registry+https://github.com/rust-lang/crates.io-index"
        ]
      ]
    },
    {
      "package": [
        "tokio-macros",
        "2.7.2",
        "registry+https://github.com/rust-lang/crates.io-index"
      ],
      "features": [],
      "dependencies": [
        [
          "proc-macro2",
          "1.0.107",
          "registry+https://github.com/rust-lang/crates.io-index"
        ],
        [
          "quote",
          "1.0.47",
          "registry+https://github.com/rust-lang/crates.io-index"
        ],
        [
          "syn",
          "3.0.6",
          "registry+https://github.com/rust-lang/crates.io-index"
        ]
      ]
    },
    {
      "package": [
        "tokio-rustls",
        "0.26.5",
        "registry+https://github.com/rust-lang/crates.io-index"
      ],
      "features": [
        "logging",
        "tls12"
      ],
      "dependencies": [
        [
          "rustls",
          "0.23.45",
          "registry+https://github.com/rust-lang/crates.io-index"
        ],
        [
          "tokio",
          "1.53.1",
          "registry+https://github.com/rust-lang/crates.io-index"
        ]
      ]
    },
    {
      "package": [
        "tokio-stream",
        "0.1.19",
        "registry+https://github.com/rust-lang/crates.io-index"
      ],
      "features": [
        "default",
        "net",
        "time"
      ],
      "dependencies": [
        [
          "futures-core",
          "0.3.34",
          "registry+https://github.com/rust-lang/crates.io-index"
        ],
        [
          "pin-project-lite",
          "0.2.17",
          "registry+https://github.com/rust-lang/crates.io-index"
        ],
        [
          "tokio",
          "1.53.1",
          "registry+https://github.com/rust-lang/crates.io-index"
        ]
      ]
    },
    {
      "package": [
        "tokio-util",
        "0.7.19",
        "registry+https://github.com/rust-lang/crates.io-index"
      ],
      "features": [
        "codec",
        "default",
        "io",
        "libc"
      ],
      "dependencies": [
        [
          "bytes",
          "1.12.1",
          "registry+https://github.com/rust-lang/crates.io-index"
        ],
        [
          "futures-core",
          "0.3.34",
          "registry+https://github.com/rust-lang/crates.io-index"
        ],
        [
          "futures-sink",
          "0.3.34",
          "registry+https://github.com/rust-lang/crates.io-index"
        ],
        [
          "libc",
          "0.2.189",
          "registry+https://github.com/rust-lang/crates.io-index"
        ],
        [
          "pin-project-lite",
          "0.2.17",
          "registry+https://github.com/rust-lang/crates.io-index"
        ],
        [
          "tokio",
          "1.53.1",
          "registry+https://github.com/rust-lang/crates.io-index"
        ]
      ]
    },
    {
      "package": [
        "tonic",
        "0.14.6",
        "registry+https://github.com/rust-lang/crates.io-index"
      ],
      "features": [
        "_tls-any",
        "channel",
        "codegen",
        "router",
        "server",
        "tls-connect-info",
        "transport"
      ],
      "dependencies": [
        [
          "async-trait",
          "0.1.92",
          "registry+https://github.com/rust-lang/crates.io-index"
        ],
        [
          "axum",
          "0.8.9",
          "registry+https://github.com/rust-lang/crates.io-index"
        ],
        [
          "base64",
          "0.22.1",
          "registry+https://github.com/rust-lang/crates.io-index"
        ],
        [
          "bytes",
          "1.12.1",
          "registry+https://github.com/rust-lang/crates.io-index"
        ],
        [
          "h2",
          "0.4.19",
          "registry+https://github.com/rust-lang/crates.io-index"
        ],
        [
          "http",
          "1.5.0",
          "registry+https://github.com/rust-lang/crates.io-index"
        ],
        [
          "http-body",
          "1.1.0",
          "registry+https://github.com/rust-lang/crates.io-index"
        ],
        [
          "http-body-util",
          "0.1.5",
          "registry+https://github.com/rust-lang/crates.io-index"
        ],
        [
          "hyper",
          "1.11.1",
          "registry+https://github.com/rust-lang/crates.io-index"
        ],
        [
          "hyper-timeout",
          "0.5.2",
          "registry+https://github.com/rust-lang/crates.io-index"
        ],
        [
          "hyper-util",
          "0.1.21",
          "registry+https://github.com/rust-lang/crates.io-index"
        ],
        [
          "percent-encoding",
          "2.3.2",
          "registry+https://github.com/rust-lang/crates.io-index"
        ],
        [
          "pin-project",
          "1.1.13",
          "registry+https://github.com/rust-lang/crates.io-index"
        ],
        [
          "socket2",
          "0.6.5",
          "registry+https://github.com/rust-lang/crates.io-index"
        ],
        [
          "sync_wrapper",
          "1.0.2",
          "registry+https://github.com/rust-lang/crates.io-index"
        ],
        [
          "tokio",
          "1.53.1",
          "registry+https://github.com/rust-lang/crates.io-index"
        ],
        [
          "tokio-rustls",
          "0.26.5",
          "registry+https://github.com/rust-lang/crates.io-index"
        ],
        [
          "tokio-stream",
          "0.1.19",
          "registry+https://github.com/rust-lang/crates.io-index"
        ],
        [
          "tower",
          "0.5.3",
          "registry+https://github.com/rust-lang/crates.io-index"
        ],
        [
          "tower-layer",
          "0.3.3",
          "registry+https://github.com/rust-lang/crates.io-index"
        ],
        [
          "tower-service",
          "0.3.3",
          "registry+https://github.com/rust-lang/crates.io-index"
        ],
        [
          "tracing",
          "0.1.44",
          "registry+https://github.com/rust-lang/crates.io-index"
        ]
      ]
    },
    {
      "package": [
        "tonic-build",
        "0.14.6",
        "registry+https://github.com/rust-lang/crates.io-index"
      ],
      "features": [
        "transport"
      ],
      "dependencies": [
        [
          "prettyplease",
          "0.2.37",
          "registry+https://github.com/rust-lang/crates.io-index"
        ],
        [
          "proc-macro2",
          "1.0.107",
          "registry+https://github.com/rust-lang/crates.io-index"
        ],
        [
          "quote",
          "1.0.47",
          "registry+https://github.com/rust-lang/crates.io-index"
        ],
        [
          "syn",
          "2.0.119",
          "registry+https://github.com/rust-lang/crates.io-index"
        ]
      ]
    },
    {
      "package": [
        "tonic-prost",
        "0.14.6",
        "registry+https://github.com/rust-lang/crates.io-index"
      ],
      "features": [],
      "dependencies": [
        [
          "bytes",
          "1.12.1",
          "registry+https://github.com/rust-lang/crates.io-index"
        ],
        [
          "prost",
          "0.14.4",
          "registry+https://github.com/rust-lang/crates.io-index"
        ],
        [
          "tonic",
          "0.14.6",
          "registry+https://github.com/rust-lang/crates.io-index"
        ]
      ]
    },
    {
      "package": [
        "tonic-prost-build",
        "0.14.6",
        "registry+https://github.com/rust-lang/crates.io-index"
      ],
      "features": [
        "cleanup-markdown",
        "default",
        "transport"
      ],
      "dependencies": [
        [
          "prettyplease",
          "0.2.37",
          "registry+https://github.com/rust-lang/crates.io-index"
        ],
        [
          "proc-macro2",
          "1.0.107",
          "registry+https://github.com/rust-lang/crates.io-index"
        ],
        [
          "prost-build",
          "0.14.4",
          "registry+https://github.com/rust-lang/crates.io-index"
        ],
        [
          "prost-types",
          "0.14.4",
          "registry+https://github.com/rust-lang/crates.io-index"
        ],
        [
          "quote",
          "1.0.47",
          "registry+https://github.com/rust-lang/crates.io-index"
        ],
        [
          "syn",
          "2.0.119",
          "registry+https://github.com/rust-lang/crates.io-index"
        ],
        [
          "tempfile",
          "3.27.0",
          "registry+https://github.com/rust-lang/crates.io-index"
        ],
        [
          "tonic-build",
          "0.14.6",
          "registry+https://github.com/rust-lang/crates.io-index"
        ]
      ]
    },
    {
      "package": [
        "tower",
        "0.5.3",
        "registry+https://github.com/rust-lang/crates.io-index"
      ],
      "features": [
        "balance",
        "buffer",
        "discover",
        "futures-core",
        "futures-util",
        "indexmap",
        "limit",
        "load",
        "load-shed",
        "make",
        "pin-project-lite",
        "ready-cache",
        "retry",
        "slab",
        "sync_wrapper",
        "timeout",
        "tokio",
        "tokio-util",
        "tracing",
        "util"
      ],
      "dependencies": [
        [
          "futures-core",
          "0.3.34",
          "registry+https://github.com/rust-lang/crates.io-index"
        ],
        [
          "futures-util",
          "0.3.34",
          "registry+https://github.com/rust-lang/crates.io-index"
        ],
        [
          "indexmap",
          "2.14.2",
          "registry+https://github.com/rust-lang/crates.io-index"
        ],
        [
          "pin-project-lite",
          "0.2.17",
          "registry+https://github.com/rust-lang/crates.io-index"
        ],
        [
          "slab",
          "0.4.12",
          "registry+https://github.com/rust-lang/crates.io-index"
        ],
        [
          "sync_wrapper",
          "1.0.2",
          "registry+https://github.com/rust-lang/crates.io-index"
        ],
        [
          "tokio",
          "1.53.1",
          "registry+https://github.com/rust-lang/crates.io-index"
        ],
        [
          "tokio-util",
          "0.7.19",
          "registry+https://github.com/rust-lang/crates.io-index"
        ],
        [
          "tower-layer",
          "0.3.3",
          "registry+https://github.com/rust-lang/crates.io-index"
        ],
        [
          "tower-service",
          "0.3.3",
          "registry+https://github.com/rust-lang/crates.io-index"
        ],
        [
          "tracing",
          "0.1.44",
          "registry+https://github.com/rust-lang/crates.io-index"
        ]
      ]
    },
    {
      "package": [
        "tower-layer",
        "0.3.3",
        "registry+https://github.com/rust-lang/crates.io-index"
      ],
      "features": [],
      "dependencies": []
    },
    {
      "package": [
        "tower-service",
        "0.3.3",
        "registry+https://github.com/rust-lang/crates.io-index"
      ],
      "features": [],
      "dependencies": []
    },
    {
      "package": [
        "tracing",
        "0.1.44",
        "registry+https://github.com/rust-lang/crates.io-index"
      ],
      "features": [
        "attributes",
        "default",
        "std",
        "tracing-attributes"
      ],
      "dependencies": [
        [
          "pin-project-lite",
          "0.2.17",
          "registry+https://github.com/rust-lang/crates.io-index"
        ],
        [
          "tracing-attributes",
          "0.1.31",
          "registry+https://github.com/rust-lang/crates.io-index"
        ],
        [
          "tracing-core",
          "0.1.36",
          "registry+https://github.com/rust-lang/crates.io-index"
        ]
      ]
    },
    {
      "package": [
        "tracing-attributes",
        "0.1.31",
        "registry+https://github.com/rust-lang/crates.io-index"
      ],
      "features": [],
      "dependencies": [
        [
          "proc-macro2",
          "1.0.107",
          "registry+https://github.com/rust-lang/crates.io-index"
        ],
        [
          "quote",
          "1.0.47",
          "registry+https://github.com/rust-lang/crates.io-index"
        ],
        [
          "syn",
          "2.0.119",
          "registry+https://github.com/rust-lang/crates.io-index"
        ]
      ]
    },
    {
      "package": [
        "tracing-core",
        "0.1.36",
        "registry+https://github.com/rust-lang/crates.io-index"
      ],
      "features": [
        "once_cell",
        "std"
      ],
      "dependencies": [
        [
          "once_cell",
          "1.21.4",
          "registry+https://github.com/rust-lang/crates.io-index"
        ]
      ]
    },
    {
      "package": [
        "try-lock",
        "0.2.5",
        "registry+https://github.com/rust-lang/crates.io-index"
      ],
      "features": [],
      "dependencies": []
    },
    {
      "package": [
        "unicase",
        "2.9.0",
        "registry+https://github.com/rust-lang/crates.io-index"
      ],
      "features": [],
      "dependencies": []
    },
    {
      "package": [
        "unicode-ident",
        "1.0.26",
        "registry+https://github.com/rust-lang/crates.io-index"
      ],
      "features": [],
      "dependencies": []
    },
    {
      "package": [
        "untrusted",
        "0.9.0",
        "registry+https://github.com/rust-lang/crates.io-index"
      ],
      "features": [],
      "dependencies": []
    },
    {
      "package": [
        "v4_tat",
        "0.0.1",
        ""
      ],
      "features": [],
      "dependencies": [
        [
          "protobuf",
          "4.35.1-release",
          "registry+https://github.com/rust-lang/crates.io-index"
        ]
      ]
    },
    {
      "package": [
        "want",
        "0.3.1",
        "registry+https://github.com/rust-lang/crates.io-index"
      ],
      "features": [],
      "dependencies": [
        [
          "try-lock",
          "0.2.5",
          "registry+https://github.com/rust-lang/crates.io-index"
        ]
      ]
    },
    {
      "package": [
        "wasi",
        "0.11.1+wasi-snapshot-preview1",
        "registry+https://github.com/rust-lang/crates.io-index"
      ],
      "features": [
        "default",
        "std"
      ],
      "dependencies": []
    },
    {
      "package": [
        "wasip2",
        "1.0.4+wasi-0.2.12",
        "registry+https://github.com/rust-lang/crates.io-index"
      ],
      "features": [],
      "dependencies": [
        [
          "wit-bindgen",
          "0.57.1",
          "registry+https://github.com/rust-lang/crates.io-index"
        ]
      ]
    },
    {
      "package": [
        "webpki-roots",
        "1.0.9",
        "registry+https://github.com/rust-lang/crates.io-index"
      ],
      "features": [],
      "dependencies": [
        [
          "rustls-pki-types",
          "1.15.1",
          "registry+https://github.com/rust-lang/crates.io-index"
        ]
      ]
    },
    {
      "package": [
        "windows-link",
        "0.2.1",
        "registry+https://github.com/rust-lang/crates.io-index"
      ],
      "features": [],
      "dependencies": []
    },
    {
      "package": [
        "windows-sys",
        "0.52.0",
        "registry+https://github.com/rust-lang/crates.io-index"
      ],
      "features": [
        "Win32",
        "Win32_Foundation",
        "Win32_System",
        "Win32_System_Threading",
        "default"
      ],
      "dependencies": [
        [
          "windows-targets",
          "0.52.6",
          "registry+https://github.com/rust-lang/crates.io-index"
        ]
      ]
    },
    {
      "package": [
        "windows-sys",
        "0.61.2",
        "registry+https://github.com/rust-lang/crates.io-index"
      ],
      "features": [
        "Wdk",
        "Wdk_Foundation",
        "Wdk_Storage",
        "Wdk_Storage_FileSystem",
        "Wdk_System",
        "Wdk_System_IO",
        "Win32",
        "Win32_Foundation",
        "Win32_Networking",
        "Win32_Networking_WinSock",
        "Win32_Security",
        "Win32_Storage",
        "Win32_Storage_FileSystem",
        "Win32_System",
        "Win32_System_Diagnostics",
        "Win32_System_Diagnostics_Debug",
        "Win32_System_IO",
        "Win32_System_Pipes",
        "Win32_System_SystemServices",
        "Win32_System_Threading",
        "Win32_System_WindowsProgramming",
        "default"
      ],
      "dependencies": [
        [
          "windows-link",
          "0.2.1",
          "registry+https://github.com/rust-lang/crates.io-index"
        ]
      ]
    },
    {
      "package": [
        "windows-targets",
        "0.52.6",
        "registry+https://github.com/rust-lang/crates.io-index"
      ],
      "features": [],
      "dependencies": [
        [
          "windows_aarch64_gnullvm",
          "0.52.6",
          "registry+https://github.com/rust-lang/crates.io-index"
        ],
        [
          "windows_aarch64_msvc",
          "0.52.6",
          "registry+https://github.com/rust-lang/crates.io-index"
        ],
        [
          "windows_i686_gnu",
          "0.52.6",
          "registry+https://github.com/rust-lang/crates.io-index"
        ],
        [
          "windows_i686_gnullvm",
          "0.52.6",
          "registry+https://github.com/rust-lang/crates.io-index"
        ],
        [
          "windows_i686_msvc",
          "0.52.6",
          "registry+https://github.com/rust-lang/crates.io-index"
        ],
        [
          "windows_x86_64_gnu",
          "0.52.6",
          "registry+https://github.com/rust-lang/crates.io-index"
        ],
        [
          "windows_x86_64_gnullvm",
          "0.52.6",
          "registry+https://github.com/rust-lang/crates.io-index"
        ],
        [
          "windows_x86_64_msvc",
          "0.52.6",
          "registry+https://github.com/rust-lang/crates.io-index"
        ]
      ]
    },
    {
      "package": [
        "windows_aarch64_gnullvm",
        "0.52.6",
        "registry+https://github.com/rust-lang/crates.io-index"
      ],
      "features": [],
      "dependencies": []
    },
    {
      "package": [
        "windows_aarch64_msvc",
        "0.52.6",
        "registry+https://github.com/rust-lang/crates.io-index"
      ],
      "features": [],
      "dependencies": []
    },
    {
      "package": [
        "windows_i686_gnu",
        "0.52.6",
        "registry+https://github.com/rust-lang/crates.io-index"
      ],
      "features": [],
      "dependencies": []
    },
    {
      "package": [
        "windows_i686_gnullvm",
        "0.52.6",
        "registry+https://github.com/rust-lang/crates.io-index"
      ],
      "features": [],
      "dependencies": []
    },
    {
      "package": [
        "windows_i686_msvc",
        "0.52.6",
        "registry+https://github.com/rust-lang/crates.io-index"
      ],
      "features": [],
      "dependencies": []
    },
    {
      "package": [
        "windows_x86_64_gnu",
        "0.52.6",
        "registry+https://github.com/rust-lang/crates.io-index"
      ],
      "features": [],
      "dependencies": []
    },
    {
      "package": [
        "windows_x86_64_gnullvm",
        "0.52.6",
        "registry+https://github.com/rust-lang/crates.io-index"
      ],
      "features": [],
      "dependencies": []
    },
    {
      "package": [
        "windows_x86_64_msvc",
        "0.52.6",
        "registry+https://github.com/rust-lang/crates.io-index"
      ],
      "features": [],
      "dependencies": []
    },
    {
      "package": [
        "wit-bindgen",
        "0.57.1",
        "registry+https://github.com/rust-lang/crates.io-index"
      ],
      "features": [],
      "dependencies": []
    },
    {
      "package": [
        "zeroize",
        "1.9.0",
        "registry+https://github.com/rust-lang/crates.io-index"
      ],
      "features": [
        "alloc",
        "default"
      ],
      "dependencies": []
    },
    {
      "package": [
        "zlib-rs",
        "0.6.8",
        "registry+https://github.com/rust-lang/crates.io-index"
      ],
      "features": [
        "rust-allocator",
        "std"
      ],
      "dependencies": []
    },
    {
      "package": [
        "zmij",
        "1.0.23",
        "registry+https://github.com/rust-lang/crates.io-index"
      ],
      "features": [],
      "dependencies": []
    }
  ],
  "default": [
    {
      "package": [
        "adler2",
        "2.0.1",
        "registry+https://github.com/rust-lang/crates.io-index"
      ],
      "features": [],
      "dependencies": []
    },
    {
      "package": [
        "aho-corasick",
        "1.1.5",
        "registry+https://github.com/rust-lang/crates.io-index"
      ],
      "features": [
        "std"
      ],
      "dependencies": [
        [
          "memchr",
          "2.8.3",
          "registry+https://github.com/rust-lang/crates.io-index"
        ]
      ]
    },
    {
      "package": [
        "anyhow",
        "1.0.104",
        "registry+https://github.com/rust-lang/crates.io-index"
      ],
      "features": [
        "default",
        "std"
      ],
      "dependencies": []
    },
    {
      "package": [
        "async-trait",
        "0.1.92",
        "registry+https://github.com/rust-lang/crates.io-index"
      ],
      "features": [],
      "dependencies": [
        [
          "proc-macro2",
          "1.0.107",
          "registry+https://github.com/rust-lang/crates.io-index"
        ],
        [
          "quote",
          "1.0.47",
          "registry+https://github.com/rust-lang/crates.io-index"
        ],
        [
          "syn",
          "3.0.6",
          "registry+https://github.com/rust-lang/crates.io-index"
        ]
      ]
    },
    {
      "package": [
        "atomic-waker",
        "1.1.2",
        "registry+https://github.com/rust-lang/crates.io-index"
      ],
      "features": [],
      "dependencies": []
    },
    {
      "package": [
        "axum",
        "0.8.9",
        "registry+https://github.com/rust-lang/crates.io-index"
      ],
      "features": [],
      "dependencies": [
        [
          "axum-core",
          "0.5.6",
          "registry+https://github.com/rust-lang/crates.io-index"
        ],
        [
          "bytes",
          "1.12.1",
          "registry+https://github.com/rust-lang/crates.io-index"
        ],
        [
          "futures-util",
          "0.3.34",
          "registry+https://github.com/rust-lang/crates.io-index"
        ],
        [
          "http",
          "1.5.0",
          "registry+https://github.com/rust-lang/crates.io-index"
        ],
        [
          "http-body",
          "1.1.0",
          "registry+https://github.com/rust-lang/crates.io-index"
        ],
        [
          "http-body-util",
          "0.1.5",
          "registry+https://github.com/rust-lang/crates.io-index"
        ],
        [
          "itoa",
          "1.0.18",
          "registry+https://github.com/rust-lang/crates.io-index"
        ],
        [
          "matchit",
          "0.8.4",
          "registry+https://github.com/rust-lang/crates.io-index"
        ],
        [
          "memchr",
          "2.8.3",
          "registry+https://github.com/rust-lang/crates.io-index"
        ],
        [
          "mime",
          "0.3.17",
          "registry+https://github.com/rust-lang/crates.io-index"
        ],
        [
          "percent-encoding",
          "2.3.2",
          "registry+https://github.com/rust-lang/crates.io-index"
        ],
        [
          "pin-project-lite",
          "0.2.17",
          "registry+https://github.com/rust-lang/crates.io-index"
        ],
        [
          "serde_core",
          "1.0.229",
          "registry+https://github.com/rust-lang/crates.io-index"
        ],
        [
          "sync_wrapper",
          "1.0.2",
          "registry+https://github.com/rust-lang/crates.io-index"
        ],
        [
          "tower",
          "0.5.3",
          "registry+https://github.com/rust-lang/crates.io-index"
        ],
        [
          "tower-layer",
          "0.3.3",
          "registry+https://github.com/rust-lang/crates.io-index"
        ],
        [
          "tower-service",
          "0.3.3",
          "registry+https://github.com/rust-lang/crates.io-index"
        ]
      ]
    },
    {
      "package": [
        "axum-core",
        "0.5.6",
        "registry+https://github.com/rust-lang/crates.io-index"
      ],
      "features": [],
      "dependencies": [
        [
          "bytes",
          "1.12.1",
          "registry+https://github.com/rust-lang/crates.io-index"
        ],
        [
          "futures-core",
          "0.3.34",
          "registry+https://github.com/rust-lang/crates.io-index"
        ],
        [
          "http",
          "1.5.0",
          "registry+https://github.com/rust-lang/crates.io-index"
        ],
        [
          "http-body",
          "1.1.0",
          "registry+https://github.com/rust-lang/crates.io-index"
        ],
        [
          "http-body-util",
          "0.1.5",
          "registry+https://github.com/rust-lang/crates.io-index"
        ],
        [
          "mime",
          "0.3.17",
          "registry+https://github.com/rust-lang/crates.io-index"
        ],
        [
          "pin-project-lite",
          "0.2.17",
          "registry+https://github.com/rust-lang/crates.io-index"
        ],
        [
          "sync_wrapper",
          "1.0.2",
          "registry+https://github.com/rust-lang/crates.io-index"
        ],
        [
          "tower-layer",
          "0.3.3",
          "registry+https://github.com/rust-lang/crates.io-index"
        ],
        [
          "tower-service",
          "0.3.3",
          "registry+https://github.com/rust-lang/crates.io-index"
        ]
      ]
    },
    {
      "package": [
        "base64",
        "0.22.1",
        "registry+https://github.com/rust-lang/crates.io-index"
      ],
      "features": [
        "alloc",
        "default",
        "std"
      ],
      "dependencies": []
    },
    {
      "package": [
        "bitflags",
        "2.13.2",
        "registry+https://github.com/rust-lang/crates.io-index"
      ],
      "features": [
        "std"
      ],
      "dependencies": []
    },
    {
      "package": [
        "bytes",
        "1.12.1",
        "registry+https://github.com/rust-lang/crates.io-index"
      ],
      "features": [
        "default",
        "std"
      ],
      "dependencies": []
    },
    {
      "package": [
        "cc",
        "1.5.1",
        "registry+https://github.com/rust-lang/crates.io-index"
      ],
      "features": [],
      "dependencies": [
        [
          "find-msvc-tools",
          "0.1.14",
          "registry+https://github.com/rust-lang/crates.io-index"
        ],
        [
          "shlex",
          "2.0.1",
          "registry+https://github.com/rust-lang/crates.io-index"
        ]
      ]
    },
    {
      "package": [
        "cfg-if",
        "1.0.5",
        "registry+https://github.com/rust-lang/crates.io-index"
      ],
      "features": [],
      "dependencies": []
    },
    {
      "package": [
        "crc32fast",
        "1.5.2",
        "registry+https://github.com/rust-lang/crates.io-index"
      ],
      "features": [
        "std"
      ],
      "dependencies": [
        [
          "cfg-if",
          "1.0.5",
          "registry+https://github.com/rust-lang/crates.io-index"
        ]
      ]
    },
    {
      "package": [
        "devloop",
        "0.1.0",
        ""
      ],
      "features": [
        "default"
      ],
      "dependencies": [
        [
          "pbrs",
          "0.2.0",
          ""
        ],
        [
          "pbrs-adoption-corpus",
          "0.0.0",
          ""
        ],
        [
          "pbrs-grpc",
          "0.1.0-alpha.2",
          ""
        ],
        [
          "prost",
          "0.13.5",
          "registry+https://github.com/rust-lang/crates.io-index"
        ],
        [
          "prost",
          "0.14.4",
          "registry+https://github.com/rust-lang/crates.io-index"
        ],
        [
          "prost_tat",
          "0.0.1",
          ""
        ],
        [
          "protobuf",
          "4.35.1-release",
          "registry+https://github.com/rust-lang/crates.io-index"
        ],
        [
          "serde",
          "1.0.229",
          "registry+https://github.com/rust-lang/crates.io-index"
        ],
        [
          "serde_json",
          "1.0.151",
          "registry+https://github.com/rust-lang/crates.io-index"
        ],
        [
          "tokio",
          "1.53.1",
          "registry+https://github.com/rust-lang/crates.io-index"
        ],
        [
          "tokio-stream",
          "0.1.19",
          "registry+https://github.com/rust-lang/crates.io-index"
        ],
        [
          "tonic",
          "0.14.6",
          "registry+https://github.com/rust-lang/crates.io-index"
        ],
        [
          "tonic-prost",
          "0.14.6",
          "registry+https://github.com/rust-lang/crates.io-index"
        ],
        [
          "tonic-prost-build",
          "0.14.6",
          "registry+https://github.com/rust-lang/crates.io-index"
        ],
        [
          "v4_tat",
          "0.0.1",
          ""
        ]
      ]
    },
    {
      "package": [
        "either",
        "1.18.0",
        "registry+https://github.com/rust-lang/crates.io-index"
      ],
      "features": [
        "std",
        "use_std"
      ],
      "dependencies": []
    },
    {
      "package": [
        "equivalent",
        "1.0.2",
        "registry+https://github.com/rust-lang/crates.io-index"
      ],
      "features": [],
      "dependencies": []
    },
    {
      "package": [
        "errno",
        "0.3.14",
        "registry+https://github.com/rust-lang/crates.io-index"
      ],
      "features": [
        "std"
      ],
      "dependencies": [
        [
          "libc",
          "0.2.189",
          "registry+https://github.com/rust-lang/crates.io-index"
        ],
        [
          "windows-sys",
          "0.61.2",
          "registry+https://github.com/rust-lang/crates.io-index"
        ]
      ]
    },
    {
      "package": [
        "fastrand",
        "2.5.0",
        "registry+https://github.com/rust-lang/crates.io-index"
      ],
      "features": [
        "alloc",
        "default",
        "std"
      ],
      "dependencies": []
    },
    {
      "package": [
        "find-msvc-tools",
        "0.1.14",
        "registry+https://github.com/rust-lang/crates.io-index"
      ],
      "features": [],
      "dependencies": []
    },
    {
      "package": [
        "fixedbitset",
        "0.5.7",
        "registry+https://github.com/rust-lang/crates.io-index"
      ],
      "features": [],
      "dependencies": []
    },
    {
      "package": [
        "flate2",
        "1.1.10",
        "registry+https://github.com/rust-lang/crates.io-index"
      ],
      "features": [
        "any_impl",
        "miniz_oxide",
        "runtime_detection",
        "rust_backend"
      ],
      "dependencies": [
        [
          "crc32fast",
          "1.5.2",
          "registry+https://github.com/rust-lang/crates.io-index"
        ],
        [
          "miniz_oxide",
          "0.9.1",
          "registry+https://github.com/rust-lang/crates.io-index"
        ],
        [
          "zlib-rs",
          "0.6.8",
          "registry+https://github.com/rust-lang/crates.io-index"
        ]
      ]
    },
    {
      "package": [
        "fnv",
        "1.0.7",
        "registry+https://github.com/rust-lang/crates.io-index"
      ],
      "features": [
        "default",
        "std"
      ],
      "dependencies": []
    },
    {
      "package": [
        "foldhash",
        "0.1.5",
        "registry+https://github.com/rust-lang/crates.io-index"
      ],
      "features": [],
      "dependencies": []
    },
    {
      "package": [
        "futures-channel",
        "0.3.34",
        "registry+https://github.com/rust-lang/crates.io-index"
      ],
      "features": [
        "alloc",
        "default",
        "std"
      ],
      "dependencies": [
        [
          "futures-core",
          "0.3.34",
          "registry+https://github.com/rust-lang/crates.io-index"
        ]
      ]
    },
    {
      "package": [
        "futures-core",
        "0.3.34",
        "registry+https://github.com/rust-lang/crates.io-index"
      ],
      "features": [
        "alloc",
        "default",
        "std"
      ],
      "dependencies": []
    },
    {
      "package": [
        "futures-sink",
        "0.3.34",
        "registry+https://github.com/rust-lang/crates.io-index"
      ],
      "features": [
        "alloc",
        "default",
        "std"
      ],
      "dependencies": []
    },
    {
      "package": [
        "futures-task",
        "0.3.34",
        "registry+https://github.com/rust-lang/crates.io-index"
      ],
      "features": [
        "alloc"
      ],
      "dependencies": []
    },
    {
      "package": [
        "futures-util",
        "0.3.34",
        "registry+https://github.com/rust-lang/crates.io-index"
      ],
      "features": [
        "alloc",
        "slab"
      ],
      "dependencies": [
        [
          "futures-core",
          "0.3.34",
          "registry+https://github.com/rust-lang/crates.io-index"
        ],
        [
          "futures-task",
          "0.3.34",
          "registry+https://github.com/rust-lang/crates.io-index"
        ],
        [
          "pin-project-lite",
          "0.2.17",
          "registry+https://github.com/rust-lang/crates.io-index"
        ],
        [
          "slab",
          "0.4.12",
          "registry+https://github.com/rust-lang/crates.io-index"
        ]
      ]
    },
    {
      "package": [
        "getrandom",
        "0.2.17",
        "registry+https://github.com/rust-lang/crates.io-index"
      ],
      "features": [],
      "dependencies": [
        [
          "cfg-if",
          "1.0.5",
          "registry+https://github.com/rust-lang/crates.io-index"
        ],
        [
          "libc",
          "0.2.189",
          "registry+https://github.com/rust-lang/crates.io-index"
        ],
        [
          "wasi",
          "0.11.1+wasi-snapshot-preview1",
          "registry+https://github.com/rust-lang/crates.io-index"
        ]
      ]
    },
    {
      "package": [
        "getrandom",
        "0.3.4",
        "registry+https://github.com/rust-lang/crates.io-index"
      ],
      "features": [],
      "dependencies": [
        [
          "cfg-if",
          "1.0.5",
          "registry+https://github.com/rust-lang/crates.io-index"
        ],
        [
          "libc",
          "0.2.189",
          "registry+https://github.com/rust-lang/crates.io-index"
        ],
        [
          "r-efi",
          "5.3.0",
          "registry+https://github.com/rust-lang/crates.io-index"
        ],
        [
          "wasip2",
          "1.0.4+wasi-0.2.12",
          "registry+https://github.com/rust-lang/crates.io-index"
        ]
      ]
    },
    {
      "package": [
        "getrandom",
        "0.4.3",
        "registry+https://github.com/rust-lang/crates.io-index"
      ],
      "features": [],
      "dependencies": [
        [
          "cfg-if",
          "1.0.5",
          "registry+https://github.com/rust-lang/crates.io-index"
        ],
        [
          "libc",
          "0.2.189",
          "registry+https://github.com/rust-lang/crates.io-index"
        ],
        [
          "r-efi",
          "6.0.0",
          "registry+https://github.com/rust-lang/crates.io-index"
        ]
      ]
    },
    {
      "package": [
        "graviola",
        "0.2.1",
        "registry+https://github.com/rust-lang/crates.io-index"
      ],
      "features": [
        "default"
      ],
      "dependencies": [
        [
          "cfg-if",
          "1.0.5",
          "registry+https://github.com/rust-lang/crates.io-index"
        ],
        [
          "getrandom",
          "0.3.4",
          "registry+https://github.com/rust-lang/crates.io-index"
        ]
      ]
    },
    {
      "package": [
        "h2",
        "0.4.19",
        "registry+https://github.com/rust-lang/crates.io-index"
      ],
      "features": [],
      "dependencies": [
        [
          "atomic-waker",
          "1.1.2",
          "registry+https://github.com/rust-lang/crates.io-index"
        ],
        [
          "bytes",
          "1.12.1",
          "registry+https://github.com/rust-lang/crates.io-index"
        ],
        [
          "fnv",
          "1.0.7",
          "registry+https://github.com/rust-lang/crates.io-index"
        ],
        [
          "futures-core",
          "0.3.34",
          "registry+https://github.com/rust-lang/crates.io-index"
        ],
        [
          "futures-sink",
          "0.3.34",
          "registry+https://github.com/rust-lang/crates.io-index"
        ],
        [
          "http",
          "1.5.0",
          "registry+https://github.com/rust-lang/crates.io-index"
        ],
        [
          "indexmap",
          "2.14.2",
          "registry+https://github.com/rust-lang/crates.io-index"
        ],
        [
          "slab",
          "0.4.12",
          "registry+https://github.com/rust-lang/crates.io-index"
        ],
        [
          "tokio",
          "1.53.1",
          "registry+https://github.com/rust-lang/crates.io-index"
        ],
        [
          "tokio-util",
          "0.7.19",
          "registry+https://github.com/rust-lang/crates.io-index"
        ],
        [
          "tracing",
          "0.1.44",
          "registry+https://github.com/rust-lang/crates.io-index"
        ]
      ]
    },
    {
      "package": [
        "hashbrown",
        "0.15.5",
        "registry+https://github.com/rust-lang/crates.io-index"
      ],
      "features": [
        "default-hasher",
        "inline-more"
      ],
      "dependencies": [
        [
          "foldhash",
          "0.1.5",
          "registry+https://github.com/rust-lang/crates.io-index"
        ]
      ]
    },
    {
      "package": [
        "hashbrown",
        "0.17.1",
        "registry+https://github.com/rust-lang/crates.io-index"
      ],
      "features": [],
      "dependencies": []
    },
    {
      "package": [
        "heck",
        "0.5.0",
        "registry+https://github.com/rust-lang/crates.io-index"
      ],
      "features": [],
      "dependencies": []
    },
    {
      "package": [
        "http",
        "1.5.0",
        "registry+https://github.com/rust-lang/crates.io-index"
      ],
      "features": [
        "default",
        "std"
      ],
      "dependencies": [
        [
          "bytes",
          "1.12.1",
          "registry+https://github.com/rust-lang/crates.io-index"
        ],
        [
          "itoa",
          "1.0.18",
          "registry+https://github.com/rust-lang/crates.io-index"
        ]
      ]
    },
    {
      "package": [
        "http-body",
        "1.1.0",
        "registry+https://github.com/rust-lang/crates.io-index"
      ],
      "features": [],
      "dependencies": [
        [
          "bytes",
          "1.12.1",
          "registry+https://github.com/rust-lang/crates.io-index"
        ],
        [
          "http",
          "1.5.0",
          "registry+https://github.com/rust-lang/crates.io-index"
        ]
      ]
    },
    {
      "package": [
        "http-body-util",
        "0.1.5",
        "registry+https://github.com/rust-lang/crates.io-index"
      ],
      "features": [
        "default"
      ],
      "dependencies": [
        [
          "bytes",
          "1.12.1",
          "registry+https://github.com/rust-lang/crates.io-index"
        ],
        [
          "futures-core",
          "0.3.34",
          "registry+https://github.com/rust-lang/crates.io-index"
        ],
        [
          "http",
          "1.5.0",
          "registry+https://github.com/rust-lang/crates.io-index"
        ],
        [
          "http-body",
          "1.1.0",
          "registry+https://github.com/rust-lang/crates.io-index"
        ],
        [
          "pin-project-lite",
          "0.2.17",
          "registry+https://github.com/rust-lang/crates.io-index"
        ]
      ]
    },
    {
      "package": [
        "httparse",
        "1.10.1",
        "registry+https://github.com/rust-lang/crates.io-index"
      ],
      "features": [
        "default",
        "std"
      ],
      "dependencies": []
    },
    {
      "package": [
        "httpdate",
        "1.0.3",
        "registry+https://github.com/rust-lang/crates.io-index"
      ],
      "features": [],
      "dependencies": []
    },
    {
      "package": [
        "hyper",
        "1.11.1",
        "registry+https://github.com/rust-lang/crates.io-index"
      ],
      "features": [
        "client",
        "default",
        "http1",
        "http2",
        "server"
      ],
      "dependencies": [
        [
          "atomic-waker",
          "1.1.2",
          "registry+https://github.com/rust-lang/crates.io-index"
        ],
        [
          "bytes",
          "1.12.1",
          "registry+https://github.com/rust-lang/crates.io-index"
        ],
        [
          "futures-channel",
          "0.3.34",
          "registry+https://github.com/rust-lang/crates.io-index"
        ],
        [
          "futures-core",
          "0.3.34",
          "registry+https://github.com/rust-lang/crates.io-index"
        ],
        [
          "h2",
          "0.4.19",
          "registry+https://github.com/rust-lang/crates.io-index"
        ],
        [
          "http",
          "1.5.0",
          "registry+https://github.com/rust-lang/crates.io-index"
        ],
        [
          "http-body",
          "1.1.0",
          "registry+https://github.com/rust-lang/crates.io-index"
        ],
        [
          "httparse",
          "1.10.1",
          "registry+https://github.com/rust-lang/crates.io-index"
        ],
        [
          "httpdate",
          "1.0.3",
          "registry+https://github.com/rust-lang/crates.io-index"
        ],
        [
          "itoa",
          "1.0.18",
          "registry+https://github.com/rust-lang/crates.io-index"
        ],
        [
          "pin-project-lite",
          "0.2.17",
          "registry+https://github.com/rust-lang/crates.io-index"
        ],
        [
          "smallvec",
          "1.16.2",
          "registry+https://github.com/rust-lang/crates.io-index"
        ],
        [
          "tokio",
          "1.53.1",
          "registry+https://github.com/rust-lang/crates.io-index"
        ],
        [
          "want",
          "0.3.1",
          "registry+https://github.com/rust-lang/crates.io-index"
        ]
      ]
    },
    {
      "package": [
        "hyper-timeout",
        "0.5.2",
        "registry+https://github.com/rust-lang/crates.io-index"
      ],
      "features": [],
      "dependencies": [
        [
          "hyper",
          "1.11.1",
          "registry+https://github.com/rust-lang/crates.io-index"
        ],
        [
          "hyper-util",
          "0.1.21",
          "registry+https://github.com/rust-lang/crates.io-index"
        ],
        [
          "pin-project-lite",
          "0.2.17",
          "registry+https://github.com/rust-lang/crates.io-index"
        ],
        [
          "tokio",
          "1.53.1",
          "registry+https://github.com/rust-lang/crates.io-index"
        ],
        [
          "tower-service",
          "0.3.3",
          "registry+https://github.com/rust-lang/crates.io-index"
        ]
      ]
    },
    {
      "package": [
        "hyper-util",
        "0.1.21",
        "registry+https://github.com/rust-lang/crates.io-index"
      ],
      "features": [
        "client",
        "client-legacy",
        "default",
        "http1",
        "http2",
        "server",
        "server-auto",
        "service",
        "tokio"
      ],
      "dependencies": [
        [
          "bytes",
          "1.12.1",
          "registry+https://github.com/rust-lang/crates.io-index"
        ],
        [
          "futures-channel",
          "0.3.34",
          "registry+https://github.com/rust-lang/crates.io-index"
        ],
        [
          "futures-util",
          "0.3.34",
          "registry+https://github.com/rust-lang/crates.io-index"
        ],
        [
          "http",
          "1.5.0",
          "registry+https://github.com/rust-lang/crates.io-index"
        ],
        [
          "http-body",
          "1.1.0",
          "registry+https://github.com/rust-lang/crates.io-index"
        ],
        [
          "httparse",
          "1.10.1",
          "registry+https://github.com/rust-lang/crates.io-index"
        ],
        [
          "hyper",
          "1.11.1",
          "registry+https://github.com/rust-lang/crates.io-index"
        ],
        [
          "libc",
          "0.2.189",
          "registry+https://github.com/rust-lang/crates.io-index"
        ],
        [
          "pin-project-lite",
          "0.2.17",
          "registry+https://github.com/rust-lang/crates.io-index"
        ],
        [
          "socket2",
          "0.6.5",
          "registry+https://github.com/rust-lang/crates.io-index"
        ],
        [
          "tokio",
          "1.53.1",
          "registry+https://github.com/rust-lang/crates.io-index"
        ],
        [
          "tower-service",
          "0.3.3",
          "registry+https://github.com/rust-lang/crates.io-index"
        ],
        [
          "tracing",
          "0.1.44",
          "registry+https://github.com/rust-lang/crates.io-index"
        ]
      ]
    },
    {
      "package": [
        "indexmap",
        "2.14.2",
        "registry+https://github.com/rust-lang/crates.io-index"
      ],
      "features": [
        "default",
        "std"
      ],
      "dependencies": [
        [
          "equivalent",
          "1.0.2",
          "registry+https://github.com/rust-lang/crates.io-index"
        ],
        [
          "hashbrown",
          "0.17.1",
          "registry+https://github.com/rust-lang/crates.io-index"
        ]
      ]
    },
    {
      "package": [
        "itertools",
        "0.14.0",
        "registry+https://github.com/rust-lang/crates.io-index"
      ],
      "features": [
        "default",
        "use_alloc",
        "use_std"
      ],
      "dependencies": [
        [
          "either",
          "1.18.0",
          "registry+https://github.com/rust-lang/crates.io-index"
        ]
      ]
    },
    {
      "package": [
        "itoa",
        "1.0.18",
        "registry+https://github.com/rust-lang/crates.io-index"
      ],
      "features": [],
      "dependencies": []
    },
    {
      "package": [
        "libc",
        "0.2.189",
        "registry+https://github.com/rust-lang/crates.io-index"
      ],
      "features": [
        "default",
        "std"
      ],
      "dependencies": []
    },
    {
      "package": [
        "linkme",
        "0.3.37",
        "registry+https://github.com/rust-lang/crates.io-index"
      ],
      "features": [],
      "dependencies": [
        [
          "linkme-impl",
          "0.3.37",
          "registry+https://github.com/rust-lang/crates.io-index"
        ]
      ]
    },
    {
      "package": [
        "linkme-impl",
        "0.3.37",
        "registry+https://github.com/rust-lang/crates.io-index"
      ],
      "features": [],
      "dependencies": [
        [
          "proc-macro2",
          "1.0.107",
          "registry+https://github.com/rust-lang/crates.io-index"
        ],
        [
          "quote",
          "1.0.47",
          "registry+https://github.com/rust-lang/crates.io-index"
        ],
        [
          "syn",
          "3.0.6",
          "registry+https://github.com/rust-lang/crates.io-index"
        ]
      ]
    },
    {
      "package": [
        "linux-raw-sys",
        "0.12.1",
        "registry+https://github.com/rust-lang/crates.io-index"
      ],
      "features": [
        "auxvec",
        "elf",
        "errno",
        "general",
        "ioctl",
        "no_std"
      ],
      "dependencies": []
    },
    {
      "package": [
        "log",
        "0.4.34",
        "registry+https://github.com/rust-lang/crates.io-index"
      ],
      "features": [],
      "dependencies": []
    },
    {
      "package": [
        "matchit",
        "0.8.4",
        "registry+https://github.com/rust-lang/crates.io-index"
      ],
      "features": [
        "default"
      ],
      "dependencies": []
    },
    {
      "package": [
        "memchr",
        "2.8.3",
        "registry+https://github.com/rust-lang/crates.io-index"
      ],
      "features": [
        "alloc",
        "default",
        "std"
      ],
      "dependencies": []
    },
    {
      "package": [
        "mime",
        "0.3.17",
        "registry+https://github.com/rust-lang/crates.io-index"
      ],
      "features": [],
      "dependencies": []
    },
    {
      "package": [
        "miniz_oxide",
        "0.9.1",
        "registry+https://github.com/rust-lang/crates.io-index"
      ],
      "features": [
        "default",
        "simd",
        "simd-adler32",
        "with-alloc"
      ],
      "dependencies": [
        [
          "adler2",
          "2.0.1",
          "registry+https://github.com/rust-lang/crates.io-index"
        ],
        [
          "simd-adler32",
          "0.3.10",
          "registry+https://github.com/rust-lang/crates.io-index"
        ]
      ]
    },
    {
      "package": [
        "mio",
        "1.2.3",
        "registry+https://github.com/rust-lang/crates.io-index"
      ],
      "features": [
        "net",
        "os-ext",
        "os-poll"
      ],
      "dependencies": [
        [
          "libc",
          "0.2.189",
          "registry+https://github.com/rust-lang/crates.io-index"
        ],
        [
          "wasi",
          "0.11.1+wasi-snapshot-preview1",
          "registry+https://github.com/rust-lang/crates.io-index"
        ],
        [
          "windows-sys",
          "0.61.2",
          "registry+https://github.com/rust-lang/crates.io-index"
        ]
      ]
    },
    {
      "package": [
        "multimap",
        "0.10.1",
        "registry+https://github.com/rust-lang/crates.io-index"
      ],
      "features": [],
      "dependencies": []
    },
    {
      "package": [
        "once_cell",
        "1.21.4",
        "registry+https://github.com/rust-lang/crates.io-index"
      ],
      "features": [
        "alloc",
        "default",
        "race",
        "std"
      ],
      "dependencies": []
    },
    {
      "package": [
        "paste",
        "1.0.15",
        "registry+https://github.com/rust-lang/crates.io-index"
      ],
      "features": [],
      "dependencies": []
    },
    {
      "package": [
        "paste-complete",
        "1.0.15",
        "registry+https://github.com/rust-lang/crates.io-index"
      ],
      "features": [],
      "dependencies": []
    },
    {
      "package": [
        "pbrs",
        "0.2.0",
        ""
      ],
      "features": [
        "codegen",
        "conformance",
        "copy-counts",
        "default",
        "json",
        "reflect",
        "text"
      ],
      "dependencies": [
        [
          "bytes",
          "1.12.1",
          "registry+https://github.com/rust-lang/crates.io-index"
        ],
        [
          "paste",
          "1.0.15",
          "registry+https://github.com/rust-lang/crates.io-index"
        ],
        [
          "serde",
          "1.0.229",
          "registry+https://github.com/rust-lang/crates.io-index"
        ],
        [
          "serde_json",
          "1.0.151",
          "registry+https://github.com/rust-lang/crates.io-index"
        ],
        [
          "simdutf8",
          "0.1.5",
          "registry+https://github.com/rust-lang/crates.io-index"
        ]
      ]
    },
    {
      "package": [
        "pbrs-adoption-corpus",
        "0.0.0",
        ""
      ],
      "features": [
        "default"
      ],
      "dependencies": [
        [
          "pbrs",
          "0.2.0",
          ""
        ],
        [
          "prost",
          "0.14.4",
          "registry+https://github.com/rust-lang/crates.io-index"
        ],
        [
          "prost-build",
          "0.14.4",
          "registry+https://github.com/rust-lang/crates.io-index"
        ],
        [
          "serde_json",
          "1.0.151",
          "registry+https://github.com/rust-lang/crates.io-index"
        ]
      ]
    },
    {
      "package": [
        "pbrs-grpc",
        "0.1.0-alpha.2",
        ""
      ],
      "features": [
        "copy-counts",
        "prost",
        "tonic",
        "tower"
      ],
      "dependencies": [
        [
          "base64",
          "0.22.1",
          "registry+https://github.com/rust-lang/crates.io-index"
        ],
        [
          "bytes",
          "1.12.1",
          "registry+https://github.com/rust-lang/crates.io-index"
        ],
        [
          "flate2",
          "1.1.10",
          "registry+https://github.com/rust-lang/crates.io-index"
        ],
        [
          "futures-core",
          "0.3.34",
          "registry+https://github.com/rust-lang/crates.io-index"
        ],
        [
          "h2",
          "0.4.19",
          "registry+https://github.com/rust-lang/crates.io-index"
        ],
        [
          "http",
          "1.5.0",
          "registry+https://github.com/rust-lang/crates.io-index"
        ],
        [
          "http-body",
          "1.1.0",
          "registry+https://github.com/rust-lang/crates.io-index"
        ],
        [
          "http-body-util",
          "0.1.5",
          "registry+https://github.com/rust-lang/crates.io-index"
        ],
        [
          "libc",
          "0.2.189",
          "registry+https://github.com/rust-lang/crates.io-index"
        ],
        [
          "pbrs",
          "0.2.0",
          ""
        ],
        [
          "prost",
          "0.14.4",
          "registry+https://github.com/rust-lang/crates.io-index"
        ],
        [
          "rustls",
          "0.23.45",
          "registry+https://github.com/rust-lang/crates.io-index"
        ],
        [
          "rustls-graviola",
          "0.2.1",
          "registry+https://github.com/rust-lang/crates.io-index"
        ],
        [
          "rustls-pemfile",
          "2.2.0",
          "registry+https://github.com/rust-lang/crates.io-index"
        ],
        [
          "serde_json",
          "1.0.151",
          "registry+https://github.com/rust-lang/crates.io-index"
        ],
        [
          "socket2",
          "0.6.5",
          "registry+https://github.com/rust-lang/crates.io-index"
        ],
        [
          "tokio",
          "1.53.1",
          "registry+https://github.com/rust-lang/crates.io-index"
        ],
        [
          "tokio-rustls",
          "0.26.5",
          "registry+https://github.com/rust-lang/crates.io-index"
        ],
        [
          "tonic",
          "0.14.6",
          "registry+https://github.com/rust-lang/crates.io-index"
        ],
        [
          "tower",
          "0.5.3",
          "registry+https://github.com/rust-lang/crates.io-index"
        ],
        [
          "webpki-roots",
          "1.0.9",
          "registry+https://github.com/rust-lang/crates.io-index"
        ]
      ]
    },
    {
      "package": [
        "percent-encoding",
        "2.3.2",
        "registry+https://github.com/rust-lang/crates.io-index"
      ],
      "features": [
        "alloc",
        "default",
        "std"
      ],
      "dependencies": []
    },
    {
      "package": [
        "petgraph",
        "0.7.1",
        "registry+https://github.com/rust-lang/crates.io-index"
      ],
      "features": [],
      "dependencies": [
        [
          "fixedbitset",
          "0.5.7",
          "registry+https://github.com/rust-lang/crates.io-index"
        ],
        [
          "indexmap",
          "2.14.2",
          "registry+https://github.com/rust-lang/crates.io-index"
        ]
      ]
    },
    {
      "package": [
        "petgraph",
        "0.8.3",
        "registry+https://github.com/rust-lang/crates.io-index"
      ],
      "features": [
        "std"
      ],
      "dependencies": [
        [
          "fixedbitset",
          "0.5.7",
          "registry+https://github.com/rust-lang/crates.io-index"
        ],
        [
          "hashbrown",
          "0.15.5",
          "registry+https://github.com/rust-lang/crates.io-index"
        ],
        [
          "indexmap",
          "2.14.2",
          "registry+https://github.com/rust-lang/crates.io-index"
        ]
      ]
    },
    {
      "package": [
        "pin-project",
        "1.1.13",
        "registry+https://github.com/rust-lang/crates.io-index"
      ],
      "features": [],
      "dependencies": [
        [
          "pin-project-internal",
          "1.1.13",
          "registry+https://github.com/rust-lang/crates.io-index"
        ]
      ]
    },
    {
      "package": [
        "pin-project-internal",
        "1.1.13",
        "registry+https://github.com/rust-lang/crates.io-index"
      ],
      "features": [],
      "dependencies": [
        [
          "proc-macro2",
          "1.0.107",
          "registry+https://github.com/rust-lang/crates.io-index"
        ],
        [
          "quote",
          "1.0.47",
          "registry+https://github.com/rust-lang/crates.io-index"
        ],
        [
          "syn",
          "2.0.119",
          "registry+https://github.com/rust-lang/crates.io-index"
        ]
      ]
    },
    {
      "package": [
        "pin-project-lite",
        "0.2.17",
        "registry+https://github.com/rust-lang/crates.io-index"
      ],
      "features": [],
      "dependencies": []
    },
    {
      "package": [
        "prettyplease",
        "0.2.37",
        "registry+https://github.com/rust-lang/crates.io-index"
      ],
      "features": [],
      "dependencies": [
        [
          "proc-macro2",
          "1.0.107",
          "registry+https://github.com/rust-lang/crates.io-index"
        ],
        [
          "syn",
          "2.0.119",
          "registry+https://github.com/rust-lang/crates.io-index"
        ]
      ]
    },
    {
      "package": [
        "proc-macro2",
        "1.0.107",
        "registry+https://github.com/rust-lang/crates.io-index"
      ],
      "features": [
        "default",
        "proc-macro"
      ],
      "dependencies": [
        [
          "unicode-ident",
          "1.0.26",
          "registry+https://github.com/rust-lang/crates.io-index"
        ]
      ]
    },
    {
      "package": [
        "prost",
        "0.13.5",
        "registry+https://github.com/rust-lang/crates.io-index"
      ],
      "features": [
        "default",
        "derive",
        "prost-derive",
        "std"
      ],
      "dependencies": [
        [
          "bytes",
          "1.12.1",
          "registry+https://github.com/rust-lang/crates.io-index"
        ],
        [
          "prost-derive",
          "0.13.5",
          "registry+https://github.com/rust-lang/crates.io-index"
        ]
      ]
    },
    {
      "package": [
        "prost",
        "0.14.4",
        "registry+https://github.com/rust-lang/crates.io-index"
      ],
      "features": [
        "default",
        "derive",
        "std"
      ],
      "dependencies": [
        [
          "bytes",
          "1.12.1",
          "registry+https://github.com/rust-lang/crates.io-index"
        ],
        [
          "prost-derive",
          "0.14.4",
          "registry+https://github.com/rust-lang/crates.io-index"
        ]
      ]
    },
    {
      "package": [
        "prost-build",
        "0.13.5",
        "registry+https://github.com/rust-lang/crates.io-index"
      ],
      "features": [
        "default",
        "format"
      ],
      "dependencies": [
        [
          "heck",
          "0.5.0",
          "registry+https://github.com/rust-lang/crates.io-index"
        ],
        [
          "itertools",
          "0.14.0",
          "registry+https://github.com/rust-lang/crates.io-index"
        ],
        [
          "log",
          "0.4.34",
          "registry+https://github.com/rust-lang/crates.io-index"
        ],
        [
          "multimap",
          "0.10.1",
          "registry+https://github.com/rust-lang/crates.io-index"
        ],
        [
          "once_cell",
          "1.21.4",
          "registry+https://github.com/rust-lang/crates.io-index"
        ],
        [
          "petgraph",
          "0.7.1",
          "registry+https://github.com/rust-lang/crates.io-index"
        ],
        [
          "prettyplease",
          "0.2.37",
          "registry+https://github.com/rust-lang/crates.io-index"
        ],
        [
          "prost",
          "0.13.5",
          "registry+https://github.com/rust-lang/crates.io-index"
        ],
        [
          "prost-types",
          "0.13.5",
          "registry+https://github.com/rust-lang/crates.io-index"
        ],
        [
          "regex",
          "1.13.1",
          "registry+https://github.com/rust-lang/crates.io-index"
        ],
        [
          "syn",
          "2.0.119",
          "registry+https://github.com/rust-lang/crates.io-index"
        ],
        [
          "tempfile",
          "3.27.0",
          "registry+https://github.com/rust-lang/crates.io-index"
        ]
      ]
    },
    {
      "package": [
        "prost-build",
        "0.14.4",
        "registry+https://github.com/rust-lang/crates.io-index"
      ],
      "features": [
        "cleanup-markdown",
        "default",
        "format"
      ],
      "dependencies": [
        [
          "heck",
          "0.5.0",
          "registry+https://github.com/rust-lang/crates.io-index"
        ],
        [
          "itertools",
          "0.14.0",
          "registry+https://github.com/rust-lang/crates.io-index"
        ],
        [
          "log",
          "0.4.34",
          "registry+https://github.com/rust-lang/crates.io-index"
        ],
        [
          "multimap",
          "0.10.1",
          "registry+https://github.com/rust-lang/crates.io-index"
        ],
        [
          "petgraph",
          "0.8.3",
          "registry+https://github.com/rust-lang/crates.io-index"
        ],
        [
          "prettyplease",
          "0.2.37",
          "registry+https://github.com/rust-lang/crates.io-index"
        ],
        [
          "prost",
          "0.14.4",
          "registry+https://github.com/rust-lang/crates.io-index"
        ],
        [
          "prost-types",
          "0.14.4",
          "registry+https://github.com/rust-lang/crates.io-index"
        ],
        [
          "pulldown-cmark",
          "0.13.4",
          "registry+https://github.com/rust-lang/crates.io-index"
        ],
        [
          "pulldown-cmark-to-cmark",
          "22.0.1",
          "registry+https://github.com/rust-lang/crates.io-index"
        ],
        [
          "regex",
          "1.13.1",
          "registry+https://github.com/rust-lang/crates.io-index"
        ],
        [
          "syn",
          "2.0.119",
          "registry+https://github.com/rust-lang/crates.io-index"
        ],
        [
          "tempfile",
          "3.27.0",
          "registry+https://github.com/rust-lang/crates.io-index"
        ]
      ]
    },
    {
      "package": [
        "prost-derive",
        "0.13.5",
        "registry+https://github.com/rust-lang/crates.io-index"
      ],
      "features": [],
      "dependencies": [
        [
          "anyhow",
          "1.0.104",
          "registry+https://github.com/rust-lang/crates.io-index"
        ],
        [
          "itertools",
          "0.14.0",
          "registry+https://github.com/rust-lang/crates.io-index"
        ],
        [
          "proc-macro2",
          "1.0.107",
          "registry+https://github.com/rust-lang/crates.io-index"
        ],
        [
          "quote",
          "1.0.47",
          "registry+https://github.com/rust-lang/crates.io-index"
        ],
        [
          "syn",
          "2.0.119",
          "registry+https://github.com/rust-lang/crates.io-index"
        ]
      ]
    },
    {
      "package": [
        "prost-derive",
        "0.14.4",
        "registry+https://github.com/rust-lang/crates.io-index"
      ],
      "features": [],
      "dependencies": [
        [
          "anyhow",
          "1.0.104",
          "registry+https://github.com/rust-lang/crates.io-index"
        ],
        [
          "itertools",
          "0.14.0",
          "registry+https://github.com/rust-lang/crates.io-index"
        ],
        [
          "proc-macro2",
          "1.0.107",
          "registry+https://github.com/rust-lang/crates.io-index"
        ],
        [
          "quote",
          "1.0.47",
          "registry+https://github.com/rust-lang/crates.io-index"
        ],
        [
          "syn",
          "2.0.119",
          "registry+https://github.com/rust-lang/crates.io-index"
        ]
      ]
    },
    {
      "package": [
        "prost-types",
        "0.13.5",
        "registry+https://github.com/rust-lang/crates.io-index"
      ],
      "features": [
        "default",
        "std"
      ],
      "dependencies": [
        [
          "prost",
          "0.13.5",
          "registry+https://github.com/rust-lang/crates.io-index"
        ]
      ]
    },
    {
      "package": [
        "prost-types",
        "0.14.4",
        "registry+https://github.com/rust-lang/crates.io-index"
      ],
      "features": [
        "default",
        "std"
      ],
      "dependencies": [
        [
          "prost",
          "0.14.4",
          "registry+https://github.com/rust-lang/crates.io-index"
        ]
      ]
    },
    {
      "package": [
        "prost_tat",
        "0.0.1",
        ""
      ],
      "features": [],
      "dependencies": [
        [
          "prost",
          "0.13.5",
          "registry+https://github.com/rust-lang/crates.io-index"
        ],
        [
          "prost-build",
          "0.13.5",
          "registry+https://github.com/rust-lang/crates.io-index"
        ],
        [
          "prost-types",
          "0.13.5",
          "registry+https://github.com/rust-lang/crates.io-index"
        ]
      ]
    },
    {
      "package": [
        "protobuf",
        "4.35.1-release",
        "registry+https://github.com/rust-lang/crates.io-index"
      ],
      "features": [],
      "dependencies": [
        [
          "cc",
          "1.5.1",
          "registry+https://github.com/rust-lang/crates.io-index"
        ],
        [
          "linkme",
          "0.3.37",
          "registry+https://github.com/rust-lang/crates.io-index"
        ],
        [
          "paste-complete",
          "1.0.15",
          "registry+https://github.com/rust-lang/crates.io-index"
        ],
        [
          "protobuf-macros",
          "4.35.1-release",
          "registry+https://github.com/rust-lang/crates.io-index"
        ]
      ]
    },
    {
      "package": [
        "protobuf-macros",
        "4.35.1-release",
        "registry+https://github.com/rust-lang/crates.io-index"
      ],
      "features": [],
      "dependencies": [
        [
          "quote",
          "1.0.47",
          "registry+https://github.com/rust-lang/crates.io-index"
        ],
        [
          "syn",
          "2.0.119",
          "registry+https://github.com/rust-lang/crates.io-index"
        ]
      ]
    },
    {
      "package": [
        "pulldown-cmark",
        "0.13.4",
        "registry+https://github.com/rust-lang/crates.io-index"
      ],
      "features": [],
      "dependencies": [
        [
          "bitflags",
          "2.13.2",
          "registry+https://github.com/rust-lang/crates.io-index"
        ],
        [
          "memchr",
          "2.8.3",
          "registry+https://github.com/rust-lang/crates.io-index"
        ],
        [
          "unicase",
          "2.9.0",
          "registry+https://github.com/rust-lang/crates.io-index"
        ]
      ]
    },
    {
      "package": [
        "pulldown-cmark-to-cmark",
        "22.0.1",
        "registry+https://github.com/rust-lang/crates.io-index"
      ],
      "features": [],
      "dependencies": [
        [
          "pulldown-cmark",
          "0.13.4",
          "registry+https://github.com/rust-lang/crates.io-index"
        ]
      ]
    },
    {
      "package": [
        "quote",
        "1.0.47",
        "registry+https://github.com/rust-lang/crates.io-index"
      ],
      "features": [
        "default",
        "proc-macro"
      ],
      "dependencies": [
        [
          "proc-macro2",
          "1.0.107",
          "registry+https://github.com/rust-lang/crates.io-index"
        ]
      ]
    },
    {
      "package": [
        "r-efi",
        "5.3.0",
        "registry+https://github.com/rust-lang/crates.io-index"
      ],
      "features": [],
      "dependencies": []
    },
    {
      "package": [
        "r-efi",
        "6.0.0",
        "registry+https://github.com/rust-lang/crates.io-index"
      ],
      "features": [],
      "dependencies": []
    },
    {
      "package": [
        "regex",
        "1.13.1",
        "registry+https://github.com/rust-lang/crates.io-index"
      ],
      "features": [
        "std",
        "unicode-bool"
      ],
      "dependencies": [
        [
          "aho-corasick",
          "1.1.5",
          "registry+https://github.com/rust-lang/crates.io-index"
        ],
        [
          "memchr",
          "2.8.3",
          "registry+https://github.com/rust-lang/crates.io-index"
        ],
        [
          "regex-automata",
          "0.4.18",
          "registry+https://github.com/rust-lang/crates.io-index"
        ],
        [
          "regex-syntax",
          "0.8.11",
          "registry+https://github.com/rust-lang/crates.io-index"
        ]
      ]
    },
    {
      "package": [
        "regex-automata",
        "0.4.18",
        "registry+https://github.com/rust-lang/crates.io-index"
      ],
      "features": [
        "alloc",
        "meta",
        "nfa-pikevm",
        "nfa-thompson",
        "std",
        "syntax",
        "unicode-bool"
      ],
      "dependencies": [
        [
          "aho-corasick",
          "1.1.5",
          "registry+https://github.com/rust-lang/crates.io-index"
        ],
        [
          "memchr",
          "2.8.3",
          "registry+https://github.com/rust-lang/crates.io-index"
        ],
        [
          "regex-syntax",
          "0.8.11",
          "registry+https://github.com/rust-lang/crates.io-index"
        ]
      ]
    },
    {
      "package": [
        "regex-syntax",
        "0.8.11",
        "registry+https://github.com/rust-lang/crates.io-index"
      ],
      "features": [
        "std",
        "unicode-bool"
      ],
      "dependencies": []
    },
    {
      "package": [
        "ring",
        "0.17.14",
        "registry+https://github.com/rust-lang/crates.io-index"
      ],
      "features": [
        "alloc"
      ],
      "dependencies": [
        [
          "cc",
          "1.5.1",
          "registry+https://github.com/rust-lang/crates.io-index"
        ],
        [
          "cfg-if",
          "1.0.5",
          "registry+https://github.com/rust-lang/crates.io-index"
        ],
        [
          "getrandom",
          "0.2.17",
          "registry+https://github.com/rust-lang/crates.io-index"
        ],
        [
          "libc",
          "0.2.189",
          "registry+https://github.com/rust-lang/crates.io-index"
        ],
        [
          "untrusted",
          "0.9.0",
          "registry+https://github.com/rust-lang/crates.io-index"
        ],
        [
          "windows-sys",
          "0.52.0",
          "registry+https://github.com/rust-lang/crates.io-index"
        ]
      ]
    },
    {
      "package": [
        "rustix",
        "1.1.5",
        "registry+https://github.com/rust-lang/crates.io-index"
      ],
      "features": [
        "alloc",
        "default",
        "fs",
        "std"
      ],
      "dependencies": [
        [
          "bitflags",
          "2.13.2",
          "registry+https://github.com/rust-lang/crates.io-index"
        ],
        [
          "errno",
          "0.3.14",
          "registry+https://github.com/rust-lang/crates.io-index"
        ],
        [
          "libc",
          "0.2.189",
          "registry+https://github.com/rust-lang/crates.io-index"
        ],
        [
          "linux-raw-sys",
          "0.12.1",
          "registry+https://github.com/rust-lang/crates.io-index"
        ],
        [
          "windows-sys",
          "0.61.2",
          "registry+https://github.com/rust-lang/crates.io-index"
        ]
      ]
    },
    {
      "package": [
        "rustls",
        "0.23.45",
        "registry+https://github.com/rust-lang/crates.io-index"
      ],
      "features": [
        "log",
        "logging",
        "std",
        "tls12"
      ],
      "dependencies": [
        [
          "log",
          "0.4.34",
          "registry+https://github.com/rust-lang/crates.io-index"
        ],
        [
          "once_cell",
          "1.21.4",
          "registry+https://github.com/rust-lang/crates.io-index"
        ],
        [
          "rustls-pki-types",
          "1.15.1",
          "registry+https://github.com/rust-lang/crates.io-index"
        ],
        [
          "rustls-webpki",
          "0.103.15",
          "registry+https://github.com/rust-lang/crates.io-index"
        ],
        [
          "subtle",
          "2.6.1",
          "registry+https://github.com/rust-lang/crates.io-index"
        ],
        [
          "zeroize",
          "1.9.0",
          "registry+https://github.com/rust-lang/crates.io-index"
        ]
      ]
    },
    {
      "package": [
        "rustls-graviola",
        "0.2.1",
        "registry+https://github.com/rust-lang/crates.io-index"
      ],
      "features": [],
      "dependencies": [
        [
          "graviola",
          "0.2.1",
          "registry+https://github.com/rust-lang/crates.io-index"
        ],
        [
          "rustls",
          "0.23.45",
          "registry+https://github.com/rust-lang/crates.io-index"
        ]
      ]
    },
    {
      "package": [
        "rustls-pemfile",
        "2.2.0",
        "registry+https://github.com/rust-lang/crates.io-index"
      ],
      "features": [
        "default",
        "std"
      ],
      "dependencies": [
        [
          "rustls-pki-types",
          "1.15.1",
          "registry+https://github.com/rust-lang/crates.io-index"
        ]
      ]
    },
    {
      "package": [
        "rustls-pki-types",
        "1.15.1",
        "registry+https://github.com/rust-lang/crates.io-index"
      ],
      "features": [
        "alloc",
        "default",
        "std"
      ],
      "dependencies": [
        [
          "zeroize",
          "1.9.0",
          "registry+https://github.com/rust-lang/crates.io-index"
        ]
      ]
    },
    {
      "package": [
        "rustls-webpki",
        "0.103.15",
        "registry+https://github.com/rust-lang/crates.io-index"
      ],
      "features": [
        "alloc",
        "std"
      ],
      "dependencies": [
        [
          "ring",
          "0.17.14",
          "registry+https://github.com/rust-lang/crates.io-index"
        ],
        [
          "rustls-pki-types",
          "1.15.1",
          "registry+https://github.com/rust-lang/crates.io-index"
        ],
        [
          "untrusted",
          "0.9.0",
          "registry+https://github.com/rust-lang/crates.io-index"
        ]
      ]
    },
    {
      "package": [
        "serde",
        "1.0.229",
        "registry+https://github.com/rust-lang/crates.io-index"
      ],
      "features": [
        "default",
        "derive",
        "serde_derive",
        "std"
      ],
      "dependencies": [
        [
          "serde_core",
          "1.0.229",
          "registry+https://github.com/rust-lang/crates.io-index"
        ],
        [
          "serde_derive",
          "1.0.229",
          "registry+https://github.com/rust-lang/crates.io-index"
        ]
      ]
    },
    {
      "package": [
        "serde_core",
        "1.0.229",
        "registry+https://github.com/rust-lang/crates.io-index"
      ],
      "features": [
        "default",
        "result",
        "std"
      ],
      "dependencies": [
        [
          "serde_derive",
          "1.0.229",
          "registry+https://github.com/rust-lang/crates.io-index"
        ]
      ]
    },
    {
      "package": [
        "serde_derive",
        "1.0.229",
        "registry+https://github.com/rust-lang/crates.io-index"
      ],
      "features": [
        "default"
      ],
      "dependencies": [
        [
          "proc-macro2",
          "1.0.107",
          "registry+https://github.com/rust-lang/crates.io-index"
        ],
        [
          "quote",
          "1.0.47",
          "registry+https://github.com/rust-lang/crates.io-index"
        ],
        [
          "syn",
          "3.0.6",
          "registry+https://github.com/rust-lang/crates.io-index"
        ]
      ]
    },
    {
      "package": [
        "serde_json",
        "1.0.151",
        "registry+https://github.com/rust-lang/crates.io-index"
      ],
      "features": [
        "arbitrary_precision",
        "default",
        "std"
      ],
      "dependencies": [
        [
          "itoa",
          "1.0.18",
          "registry+https://github.com/rust-lang/crates.io-index"
        ],
        [
          "memchr",
          "2.8.3",
          "registry+https://github.com/rust-lang/crates.io-index"
        ],
        [
          "serde",
          "1.0.229",
          "registry+https://github.com/rust-lang/crates.io-index"
        ],
        [
          "serde_core",
          "1.0.229",
          "registry+https://github.com/rust-lang/crates.io-index"
        ],
        [
          "zmij",
          "1.0.23",
          "registry+https://github.com/rust-lang/crates.io-index"
        ]
      ]
    },
    {
      "package": [
        "shlex",
        "2.0.1",
        "registry+https://github.com/rust-lang/crates.io-index"
      ],
      "features": [
        "default",
        "std"
      ],
      "dependencies": []
    },
    {
      "package": [
        "simd-adler32",
        "0.3.10",
        "registry+https://github.com/rust-lang/crates.io-index"
      ],
      "features": [],
      "dependencies": []
    },
    {
      "package": [
        "simdutf8",
        "0.1.5",
        "registry+https://github.com/rust-lang/crates.io-index"
      ],
      "features": [
        "default",
        "std"
      ],
      "dependencies": []
    },
    {
      "package": [
        "slab",
        "0.4.12",
        "registry+https://github.com/rust-lang/crates.io-index"
      ],
      "features": [
        "default",
        "std"
      ],
      "dependencies": []
    },
    {
      "package": [
        "smallvec",
        "1.16.2",
        "registry+https://github.com/rust-lang/crates.io-index"
      ],
      "features": [
        "const_generics",
        "const_new"
      ],
      "dependencies": []
    },
    {
      "package": [
        "socket2",
        "0.6.5",
        "registry+https://github.com/rust-lang/crates.io-index"
      ],
      "features": [
        "all"
      ],
      "dependencies": [
        [
          "libc",
          "0.2.189",
          "registry+https://github.com/rust-lang/crates.io-index"
        ],
        [
          "windows-sys",
          "0.61.2",
          "registry+https://github.com/rust-lang/crates.io-index"
        ]
      ]
    },
    {
      "package": [
        "subtle",
        "2.6.1",
        "registry+https://github.com/rust-lang/crates.io-index"
      ],
      "features": [],
      "dependencies": []
    },
    {
      "package": [
        "syn",
        "2.0.119",
        "registry+https://github.com/rust-lang/crates.io-index"
      ],
      "features": [
        "clone-impls",
        "default",
        "derive",
        "extra-traits",
        "full",
        "parsing",
        "printing",
        "proc-macro",
        "visit-mut"
      ],
      "dependencies": [
        [
          "proc-macro2",
          "1.0.107",
          "registry+https://github.com/rust-lang/crates.io-index"
        ],
        [
          "quote",
          "1.0.47",
          "registry+https://github.com/rust-lang/crates.io-index"
        ],
        [
          "unicode-ident",
          "1.0.26",
          "registry+https://github.com/rust-lang/crates.io-index"
        ]
      ]
    },
    {
      "package": [
        "syn",
        "3.0.6",
        "registry+https://github.com/rust-lang/crates.io-index"
      ],
      "features": [
        "clone-impls",
        "default",
        "derive",
        "full",
        "parsing",
        "printing",
        "proc-macro",
        "visit-mut"
      ],
      "dependencies": [
        [
          "proc-macro2",
          "1.0.107",
          "registry+https://github.com/rust-lang/crates.io-index"
        ],
        [
          "quote",
          "1.0.47",
          "registry+https://github.com/rust-lang/crates.io-index"
        ],
        [
          "unicode-ident",
          "1.0.26",
          "registry+https://github.com/rust-lang/crates.io-index"
        ]
      ]
    },
    {
      "package": [
        "sync_wrapper",
        "1.0.2",
        "registry+https://github.com/rust-lang/crates.io-index"
      ],
      "features": [],
      "dependencies": []
    },
    {
      "package": [
        "tempfile",
        "3.27.0",
        "registry+https://github.com/rust-lang/crates.io-index"
      ],
      "features": [
        "default",
        "getrandom"
      ],
      "dependencies": [
        [
          "fastrand",
          "2.5.0",
          "registry+https://github.com/rust-lang/crates.io-index"
        ],
        [
          "getrandom",
          "0.4.3",
          "registry+https://github.com/rust-lang/crates.io-index"
        ],
        [
          "once_cell",
          "1.21.4",
          "registry+https://github.com/rust-lang/crates.io-index"
        ],
        [
          "rustix",
          "1.1.5",
          "registry+https://github.com/rust-lang/crates.io-index"
        ],
        [
          "windows-sys",
          "0.61.2",
          "registry+https://github.com/rust-lang/crates.io-index"
        ]
      ]
    },
    {
      "package": [
        "tokio",
        "1.53.1",
        "registry+https://github.com/rust-lang/crates.io-index"
      ],
      "features": [
        "bytes",
        "default",
        "fs",
        "io-util",
        "libc",
        "macros",
        "mio",
        "net",
        "rt",
        "rt-multi-thread",
        "socket2",
        "sync",
        "time",
        "tokio-macros",
        "windows-sys"
      ],
      "dependencies": [
        [
          "bytes",
          "1.12.1",
          "registry+https://github.com/rust-lang/crates.io-index"
        ],
        [
          "libc",
          "0.2.189",
          "registry+https://github.com/rust-lang/crates.io-index"
        ],
        [
          "mio",
          "1.2.3",
          "registry+https://github.com/rust-lang/crates.io-index"
        ],
        [
          "pin-project-lite",
          "0.2.17",
          "registry+https://github.com/rust-lang/crates.io-index"
        ],
        [
          "socket2",
          "0.6.5",
          "registry+https://github.com/rust-lang/crates.io-index"
        ],
        [
          "tokio-macros",
          "2.7.2",
          "registry+https://github.com/rust-lang/crates.io-index"
        ],
        [
          "windows-sys",
          "0.61.2",
          "registry+https://github.com/rust-lang/crates.io-index"
        ]
      ]
    },
    {
      "package": [
        "tokio-macros",
        "2.7.2",
        "registry+https://github.com/rust-lang/crates.io-index"
      ],
      "features": [],
      "dependencies": [
        [
          "proc-macro2",
          "1.0.107",
          "registry+https://github.com/rust-lang/crates.io-index"
        ],
        [
          "quote",
          "1.0.47",
          "registry+https://github.com/rust-lang/crates.io-index"
        ],
        [
          "syn",
          "3.0.6",
          "registry+https://github.com/rust-lang/crates.io-index"
        ]
      ]
    },
    {
      "package": [
        "tokio-rustls",
        "0.26.5",
        "registry+https://github.com/rust-lang/crates.io-index"
      ],
      "features": [
        "logging",
        "tls12"
      ],
      "dependencies": [
        [
          "rustls",
          "0.23.45",
          "registry+https://github.com/rust-lang/crates.io-index"
        ],
        [
          "tokio",
          "1.53.1",
          "registry+https://github.com/rust-lang/crates.io-index"
        ]
      ]
    },
    {
      "package": [
        "tokio-stream",
        "0.1.19",
        "registry+https://github.com/rust-lang/crates.io-index"
      ],
      "features": [
        "default",
        "net",
        "time"
      ],
      "dependencies": [
        [
          "futures-core",
          "0.3.34",
          "registry+https://github.com/rust-lang/crates.io-index"
        ],
        [
          "pin-project-lite",
          "0.2.17",
          "registry+https://github.com/rust-lang/crates.io-index"
        ],
        [
          "tokio",
          "1.53.1",
          "registry+https://github.com/rust-lang/crates.io-index"
        ]
      ]
    },
    {
      "package": [
        "tokio-util",
        "0.7.19",
        "registry+https://github.com/rust-lang/crates.io-index"
      ],
      "features": [
        "codec",
        "default",
        "io",
        "libc"
      ],
      "dependencies": [
        [
          "bytes",
          "1.12.1",
          "registry+https://github.com/rust-lang/crates.io-index"
        ],
        [
          "futures-core",
          "0.3.34",
          "registry+https://github.com/rust-lang/crates.io-index"
        ],
        [
          "futures-sink",
          "0.3.34",
          "registry+https://github.com/rust-lang/crates.io-index"
        ],
        [
          "libc",
          "0.2.189",
          "registry+https://github.com/rust-lang/crates.io-index"
        ],
        [
          "pin-project-lite",
          "0.2.17",
          "registry+https://github.com/rust-lang/crates.io-index"
        ],
        [
          "tokio",
          "1.53.1",
          "registry+https://github.com/rust-lang/crates.io-index"
        ]
      ]
    },
    {
      "package": [
        "tonic",
        "0.14.6",
        "registry+https://github.com/rust-lang/crates.io-index"
      ],
      "features": [
        "_tls-any",
        "channel",
        "codegen",
        "router",
        "server",
        "tls-connect-info",
        "transport"
      ],
      "dependencies": [
        [
          "async-trait",
          "0.1.92",
          "registry+https://github.com/rust-lang/crates.io-index"
        ],
        [
          "axum",
          "0.8.9",
          "registry+https://github.com/rust-lang/crates.io-index"
        ],
        [
          "base64",
          "0.22.1",
          "registry+https://github.com/rust-lang/crates.io-index"
        ],
        [
          "bytes",
          "1.12.1",
          "registry+https://github.com/rust-lang/crates.io-index"
        ],
        [
          "h2",
          "0.4.19",
          "registry+https://github.com/rust-lang/crates.io-index"
        ],
        [
          "http",
          "1.5.0",
          "registry+https://github.com/rust-lang/crates.io-index"
        ],
        [
          "http-body",
          "1.1.0",
          "registry+https://github.com/rust-lang/crates.io-index"
        ],
        [
          "http-body-util",
          "0.1.5",
          "registry+https://github.com/rust-lang/crates.io-index"
        ],
        [
          "hyper",
          "1.11.1",
          "registry+https://github.com/rust-lang/crates.io-index"
        ],
        [
          "hyper-timeout",
          "0.5.2",
          "registry+https://github.com/rust-lang/crates.io-index"
        ],
        [
          "hyper-util",
          "0.1.21",
          "registry+https://github.com/rust-lang/crates.io-index"
        ],
        [
          "percent-encoding",
          "2.3.2",
          "registry+https://github.com/rust-lang/crates.io-index"
        ],
        [
          "pin-project",
          "1.1.13",
          "registry+https://github.com/rust-lang/crates.io-index"
        ],
        [
          "socket2",
          "0.6.5",
          "registry+https://github.com/rust-lang/crates.io-index"
        ],
        [
          "sync_wrapper",
          "1.0.2",
          "registry+https://github.com/rust-lang/crates.io-index"
        ],
        [
          "tokio",
          "1.53.1",
          "registry+https://github.com/rust-lang/crates.io-index"
        ],
        [
          "tokio-rustls",
          "0.26.5",
          "registry+https://github.com/rust-lang/crates.io-index"
        ],
        [
          "tokio-stream",
          "0.1.19",
          "registry+https://github.com/rust-lang/crates.io-index"
        ],
        [
          "tower",
          "0.5.3",
          "registry+https://github.com/rust-lang/crates.io-index"
        ],
        [
          "tower-layer",
          "0.3.3",
          "registry+https://github.com/rust-lang/crates.io-index"
        ],
        [
          "tower-service",
          "0.3.3",
          "registry+https://github.com/rust-lang/crates.io-index"
        ],
        [
          "tracing",
          "0.1.44",
          "registry+https://github.com/rust-lang/crates.io-index"
        ]
      ]
    },
    {
      "package": [
        "tonic-build",
        "0.14.6",
        "registry+https://github.com/rust-lang/crates.io-index"
      ],
      "features": [
        "transport"
      ],
      "dependencies": [
        [
          "prettyplease",
          "0.2.37",
          "registry+https://github.com/rust-lang/crates.io-index"
        ],
        [
          "proc-macro2",
          "1.0.107",
          "registry+https://github.com/rust-lang/crates.io-index"
        ],
        [
          "quote",
          "1.0.47",
          "registry+https://github.com/rust-lang/crates.io-index"
        ],
        [
          "syn",
          "2.0.119",
          "registry+https://github.com/rust-lang/crates.io-index"
        ]
      ]
    },
    {
      "package": [
        "tonic-prost",
        "0.14.6",
        "registry+https://github.com/rust-lang/crates.io-index"
      ],
      "features": [],
      "dependencies": [
        [
          "bytes",
          "1.12.1",
          "registry+https://github.com/rust-lang/crates.io-index"
        ],
        [
          "prost",
          "0.14.4",
          "registry+https://github.com/rust-lang/crates.io-index"
        ],
        [
          "tonic",
          "0.14.6",
          "registry+https://github.com/rust-lang/crates.io-index"
        ]
      ]
    },
    {
      "package": [
        "tonic-prost-build",
        "0.14.6",
        "registry+https://github.com/rust-lang/crates.io-index"
      ],
      "features": [
        "cleanup-markdown",
        "default",
        "transport"
      ],
      "dependencies": [
        [
          "prettyplease",
          "0.2.37",
          "registry+https://github.com/rust-lang/crates.io-index"
        ],
        [
          "proc-macro2",
          "1.0.107",
          "registry+https://github.com/rust-lang/crates.io-index"
        ],
        [
          "prost-build",
          "0.14.4",
          "registry+https://github.com/rust-lang/crates.io-index"
        ],
        [
          "prost-types",
          "0.14.4",
          "registry+https://github.com/rust-lang/crates.io-index"
        ],
        [
          "quote",
          "1.0.47",
          "registry+https://github.com/rust-lang/crates.io-index"
        ],
        [
          "syn",
          "2.0.119",
          "registry+https://github.com/rust-lang/crates.io-index"
        ],
        [
          "tempfile",
          "3.27.0",
          "registry+https://github.com/rust-lang/crates.io-index"
        ],
        [
          "tonic-build",
          "0.14.6",
          "registry+https://github.com/rust-lang/crates.io-index"
        ]
      ]
    },
    {
      "package": [
        "tower",
        "0.5.3",
        "registry+https://github.com/rust-lang/crates.io-index"
      ],
      "features": [
        "balance",
        "buffer",
        "discover",
        "futures-core",
        "futures-util",
        "indexmap",
        "limit",
        "load",
        "load-shed",
        "make",
        "pin-project-lite",
        "ready-cache",
        "retry",
        "slab",
        "sync_wrapper",
        "timeout",
        "tokio",
        "tokio-util",
        "tracing",
        "util"
      ],
      "dependencies": [
        [
          "futures-core",
          "0.3.34",
          "registry+https://github.com/rust-lang/crates.io-index"
        ],
        [
          "futures-util",
          "0.3.34",
          "registry+https://github.com/rust-lang/crates.io-index"
        ],
        [
          "indexmap",
          "2.14.2",
          "registry+https://github.com/rust-lang/crates.io-index"
        ],
        [
          "pin-project-lite",
          "0.2.17",
          "registry+https://github.com/rust-lang/crates.io-index"
        ],
        [
          "slab",
          "0.4.12",
          "registry+https://github.com/rust-lang/crates.io-index"
        ],
        [
          "sync_wrapper",
          "1.0.2",
          "registry+https://github.com/rust-lang/crates.io-index"
        ],
        [
          "tokio",
          "1.53.1",
          "registry+https://github.com/rust-lang/crates.io-index"
        ],
        [
          "tokio-util",
          "0.7.19",
          "registry+https://github.com/rust-lang/crates.io-index"
        ],
        [
          "tower-layer",
          "0.3.3",
          "registry+https://github.com/rust-lang/crates.io-index"
        ],
        [
          "tower-service",
          "0.3.3",
          "registry+https://github.com/rust-lang/crates.io-index"
        ],
        [
          "tracing",
          "0.1.44",
          "registry+https://github.com/rust-lang/crates.io-index"
        ]
      ]
    },
    {
      "package": [
        "tower-layer",
        "0.3.3",
        "registry+https://github.com/rust-lang/crates.io-index"
      ],
      "features": [],
      "dependencies": []
    },
    {
      "package": [
        "tower-service",
        "0.3.3",
        "registry+https://github.com/rust-lang/crates.io-index"
      ],
      "features": [],
      "dependencies": []
    },
    {
      "package": [
        "tracing",
        "0.1.44",
        "registry+https://github.com/rust-lang/crates.io-index"
      ],
      "features": [
        "attributes",
        "default",
        "std",
        "tracing-attributes"
      ],
      "dependencies": [
        [
          "pin-project-lite",
          "0.2.17",
          "registry+https://github.com/rust-lang/crates.io-index"
        ],
        [
          "tracing-attributes",
          "0.1.31",
          "registry+https://github.com/rust-lang/crates.io-index"
        ],
        [
          "tracing-core",
          "0.1.36",
          "registry+https://github.com/rust-lang/crates.io-index"
        ]
      ]
    },
    {
      "package": [
        "tracing-attributes",
        "0.1.31",
        "registry+https://github.com/rust-lang/crates.io-index"
      ],
      "features": [],
      "dependencies": [
        [
          "proc-macro2",
          "1.0.107",
          "registry+https://github.com/rust-lang/crates.io-index"
        ],
        [
          "quote",
          "1.0.47",
          "registry+https://github.com/rust-lang/crates.io-index"
        ],
        [
          "syn",
          "2.0.119",
          "registry+https://github.com/rust-lang/crates.io-index"
        ]
      ]
    },
    {
      "package": [
        "tracing-core",
        "0.1.36",
        "registry+https://github.com/rust-lang/crates.io-index"
      ],
      "features": [
        "once_cell",
        "std"
      ],
      "dependencies": [
        [
          "once_cell",
          "1.21.4",
          "registry+https://github.com/rust-lang/crates.io-index"
        ]
      ]
    },
    {
      "package": [
        "try-lock",
        "0.2.5",
        "registry+https://github.com/rust-lang/crates.io-index"
      ],
      "features": [],
      "dependencies": []
    },
    {
      "package": [
        "unicase",
        "2.9.0",
        "registry+https://github.com/rust-lang/crates.io-index"
      ],
      "features": [],
      "dependencies": []
    },
    {
      "package": [
        "unicode-ident",
        "1.0.26",
        "registry+https://github.com/rust-lang/crates.io-index"
      ],
      "features": [],
      "dependencies": []
    },
    {
      "package": [
        "untrusted",
        "0.9.0",
        "registry+https://github.com/rust-lang/crates.io-index"
      ],
      "features": [],
      "dependencies": []
    },
    {
      "package": [
        "v4_tat",
        "0.0.1",
        ""
      ],
      "features": [],
      "dependencies": [
        [
          "protobuf",
          "4.35.1-release",
          "registry+https://github.com/rust-lang/crates.io-index"
        ]
      ]
    },
    {
      "package": [
        "want",
        "0.3.1",
        "registry+https://github.com/rust-lang/crates.io-index"
      ],
      "features": [],
      "dependencies": [
        [
          "try-lock",
          "0.2.5",
          "registry+https://github.com/rust-lang/crates.io-index"
        ]
      ]
    },
    {
      "package": [
        "wasi",
        "0.11.1+wasi-snapshot-preview1",
        "registry+https://github.com/rust-lang/crates.io-index"
      ],
      "features": [
        "default",
        "std"
      ],
      "dependencies": []
    },
    {
      "package": [
        "wasip2",
        "1.0.4+wasi-0.2.12",
        "registry+https://github.com/rust-lang/crates.io-index"
      ],
      "features": [],
      "dependencies": [
        [
          "wit-bindgen",
          "0.57.1",
          "registry+https://github.com/rust-lang/crates.io-index"
        ]
      ]
    },
    {
      "package": [
        "webpki-roots",
        "1.0.9",
        "registry+https://github.com/rust-lang/crates.io-index"
      ],
      "features": [],
      "dependencies": [
        [
          "rustls-pki-types",
          "1.15.1",
          "registry+https://github.com/rust-lang/crates.io-index"
        ]
      ]
    },
    {
      "package": [
        "windows-link",
        "0.2.1",
        "registry+https://github.com/rust-lang/crates.io-index"
      ],
      "features": [],
      "dependencies": []
    },
    {
      "package": [
        "windows-sys",
        "0.52.0",
        "registry+https://github.com/rust-lang/crates.io-index"
      ],
      "features": [
        "Win32",
        "Win32_Foundation",
        "Win32_System",
        "Win32_System_Threading",
        "default"
      ],
      "dependencies": [
        [
          "windows-targets",
          "0.52.6",
          "registry+https://github.com/rust-lang/crates.io-index"
        ]
      ]
    },
    {
      "package": [
        "windows-sys",
        "0.61.2",
        "registry+https://github.com/rust-lang/crates.io-index"
      ],
      "features": [
        "Wdk",
        "Wdk_Foundation",
        "Wdk_Storage",
        "Wdk_Storage_FileSystem",
        "Wdk_System",
        "Wdk_System_IO",
        "Win32",
        "Win32_Foundation",
        "Win32_Networking",
        "Win32_Networking_WinSock",
        "Win32_Security",
        "Win32_Storage",
        "Win32_Storage_FileSystem",
        "Win32_System",
        "Win32_System_Diagnostics",
        "Win32_System_Diagnostics_Debug",
        "Win32_System_IO",
        "Win32_System_Pipes",
        "Win32_System_SystemServices",
        "Win32_System_Threading",
        "Win32_System_WindowsProgramming",
        "default"
      ],
      "dependencies": [
        [
          "windows-link",
          "0.2.1",
          "registry+https://github.com/rust-lang/crates.io-index"
        ]
      ]
    },
    {
      "package": [
        "windows-targets",
        "0.52.6",
        "registry+https://github.com/rust-lang/crates.io-index"
      ],
      "features": [],
      "dependencies": [
        [
          "windows_aarch64_gnullvm",
          "0.52.6",
          "registry+https://github.com/rust-lang/crates.io-index"
        ],
        [
          "windows_aarch64_msvc",
          "0.52.6",
          "registry+https://github.com/rust-lang/crates.io-index"
        ],
        [
          "windows_i686_gnu",
          "0.52.6",
          "registry+https://github.com/rust-lang/crates.io-index"
        ],
        [
          "windows_i686_gnullvm",
          "0.52.6",
          "registry+https://github.com/rust-lang/crates.io-index"
        ],
        [
          "windows_i686_msvc",
          "0.52.6",
          "registry+https://github.com/rust-lang/crates.io-index"
        ],
        [
          "windows_x86_64_gnu",
          "0.52.6",
          "registry+https://github.com/rust-lang/crates.io-index"
        ],
        [
          "windows_x86_64_gnullvm",
          "0.52.6",
          "registry+https://github.com/rust-lang/crates.io-index"
        ],
        [
          "windows_x86_64_msvc",
          "0.52.6",
          "registry+https://github.com/rust-lang/crates.io-index"
        ]
      ]
    },
    {
      "package": [
        "windows_aarch64_gnullvm",
        "0.52.6",
        "registry+https://github.com/rust-lang/crates.io-index"
      ],
      "features": [],
      "dependencies": []
    },
    {
      "package": [
        "windows_aarch64_msvc",
        "0.52.6",
        "registry+https://github.com/rust-lang/crates.io-index"
      ],
      "features": [],
      "dependencies": []
    },
    {
      "package": [
        "windows_i686_gnu",
        "0.52.6",
        "registry+https://github.com/rust-lang/crates.io-index"
      ],
      "features": [],
      "dependencies": []
    },
    {
      "package": [
        "windows_i686_gnullvm",
        "0.52.6",
        "registry+https://github.com/rust-lang/crates.io-index"
      ],
      "features": [],
      "dependencies": []
    },
    {
      "package": [
        "windows_i686_msvc",
        "0.52.6",
        "registry+https://github.com/rust-lang/crates.io-index"
      ],
      "features": [],
      "dependencies": []
    },
    {
      "package": [
        "windows_x86_64_gnu",
        "0.52.6",
        "registry+https://github.com/rust-lang/crates.io-index"
      ],
      "features": [],
      "dependencies": []
    },
    {
      "package": [
        "windows_x86_64_gnullvm",
        "0.52.6",
        "registry+https://github.com/rust-lang/crates.io-index"
      ],
      "features": [],
      "dependencies": []
    },
    {
      "package": [
        "windows_x86_64_msvc",
        "0.52.6",
        "registry+https://github.com/rust-lang/crates.io-index"
      ],
      "features": [],
      "dependencies": []
    },
    {
      "package": [
        "wit-bindgen",
        "0.57.1",
        "registry+https://github.com/rust-lang/crates.io-index"
      ],
      "features": [],
      "dependencies": []
    },
    {
      "package": [
        "zeroize",
        "1.9.0",
        "registry+https://github.com/rust-lang/crates.io-index"
      ],
      "features": [
        "alloc",
        "default"
      ],
      "dependencies": []
    },
    {
      "package": [
        "zlib-rs",
        "0.6.8",
        "registry+https://github.com/rust-lang/crates.io-index"
      ],
      "features": [
        "rust-allocator",
        "std"
      ],
      "dependencies": []
    },
    {
      "package": [
        "zmij",
        "1.0.23",
        "registry+https://github.com/rust-lang/crates.io-index"
      ],
      "features": [],
      "dependencies": []
    }
  ],
  "no_default": [
    {
      "package": [
        "adler2",
        "2.0.1",
        "registry+https://github.com/rust-lang/crates.io-index"
      ],
      "features": [],
      "dependencies": []
    },
    {
      "package": [
        "aho-corasick",
        "1.1.5",
        "registry+https://github.com/rust-lang/crates.io-index"
      ],
      "features": [
        "std"
      ],
      "dependencies": [
        [
          "memchr",
          "2.8.3",
          "registry+https://github.com/rust-lang/crates.io-index"
        ]
      ]
    },
    {
      "package": [
        "anyhow",
        "1.0.104",
        "registry+https://github.com/rust-lang/crates.io-index"
      ],
      "features": [
        "default",
        "std"
      ],
      "dependencies": []
    },
    {
      "package": [
        "async-trait",
        "0.1.92",
        "registry+https://github.com/rust-lang/crates.io-index"
      ],
      "features": [],
      "dependencies": [
        [
          "proc-macro2",
          "1.0.107",
          "registry+https://github.com/rust-lang/crates.io-index"
        ],
        [
          "quote",
          "1.0.47",
          "registry+https://github.com/rust-lang/crates.io-index"
        ],
        [
          "syn",
          "3.0.6",
          "registry+https://github.com/rust-lang/crates.io-index"
        ]
      ]
    },
    {
      "package": [
        "atomic-waker",
        "1.1.2",
        "registry+https://github.com/rust-lang/crates.io-index"
      ],
      "features": [],
      "dependencies": []
    },
    {
      "package": [
        "axum",
        "0.8.9",
        "registry+https://github.com/rust-lang/crates.io-index"
      ],
      "features": [],
      "dependencies": [
        [
          "axum-core",
          "0.5.6",
          "registry+https://github.com/rust-lang/crates.io-index"
        ],
        [
          "bytes",
          "1.12.1",
          "registry+https://github.com/rust-lang/crates.io-index"
        ],
        [
          "futures-util",
          "0.3.34",
          "registry+https://github.com/rust-lang/crates.io-index"
        ],
        [
          "http",
          "1.5.0",
          "registry+https://github.com/rust-lang/crates.io-index"
        ],
        [
          "http-body",
          "1.1.0",
          "registry+https://github.com/rust-lang/crates.io-index"
        ],
        [
          "http-body-util",
          "0.1.5",
          "registry+https://github.com/rust-lang/crates.io-index"
        ],
        [
          "itoa",
          "1.0.18",
          "registry+https://github.com/rust-lang/crates.io-index"
        ],
        [
          "matchit",
          "0.8.4",
          "registry+https://github.com/rust-lang/crates.io-index"
        ],
        [
          "memchr",
          "2.8.3",
          "registry+https://github.com/rust-lang/crates.io-index"
        ],
        [
          "mime",
          "0.3.17",
          "registry+https://github.com/rust-lang/crates.io-index"
        ],
        [
          "percent-encoding",
          "2.3.2",
          "registry+https://github.com/rust-lang/crates.io-index"
        ],
        [
          "pin-project-lite",
          "0.2.17",
          "registry+https://github.com/rust-lang/crates.io-index"
        ],
        [
          "serde_core",
          "1.0.229",
          "registry+https://github.com/rust-lang/crates.io-index"
        ],
        [
          "sync_wrapper",
          "1.0.2",
          "registry+https://github.com/rust-lang/crates.io-index"
        ],
        [
          "tower",
          "0.5.3",
          "registry+https://github.com/rust-lang/crates.io-index"
        ],
        [
          "tower-layer",
          "0.3.3",
          "registry+https://github.com/rust-lang/crates.io-index"
        ],
        [
          "tower-service",
          "0.3.3",
          "registry+https://github.com/rust-lang/crates.io-index"
        ]
      ]
    },
    {
      "package": [
        "axum-core",
        "0.5.6",
        "registry+https://github.com/rust-lang/crates.io-index"
      ],
      "features": [],
      "dependencies": [
        [
          "bytes",
          "1.12.1",
          "registry+https://github.com/rust-lang/crates.io-index"
        ],
        [
          "futures-core",
          "0.3.34",
          "registry+https://github.com/rust-lang/crates.io-index"
        ],
        [
          "http",
          "1.5.0",
          "registry+https://github.com/rust-lang/crates.io-index"
        ],
        [
          "http-body",
          "1.1.0",
          "registry+https://github.com/rust-lang/crates.io-index"
        ],
        [
          "http-body-util",
          "0.1.5",
          "registry+https://github.com/rust-lang/crates.io-index"
        ],
        [
          "mime",
          "0.3.17",
          "registry+https://github.com/rust-lang/crates.io-index"
        ],
        [
          "pin-project-lite",
          "0.2.17",
          "registry+https://github.com/rust-lang/crates.io-index"
        ],
        [
          "sync_wrapper",
          "1.0.2",
          "registry+https://github.com/rust-lang/crates.io-index"
        ],
        [
          "tower-layer",
          "0.3.3",
          "registry+https://github.com/rust-lang/crates.io-index"
        ],
        [
          "tower-service",
          "0.3.3",
          "registry+https://github.com/rust-lang/crates.io-index"
        ]
      ]
    },
    {
      "package": [
        "base64",
        "0.22.1",
        "registry+https://github.com/rust-lang/crates.io-index"
      ],
      "features": [
        "alloc",
        "default",
        "std"
      ],
      "dependencies": []
    },
    {
      "package": [
        "bitflags",
        "2.13.2",
        "registry+https://github.com/rust-lang/crates.io-index"
      ],
      "features": [
        "std"
      ],
      "dependencies": []
    },
    {
      "package": [
        "bytes",
        "1.12.1",
        "registry+https://github.com/rust-lang/crates.io-index"
      ],
      "features": [
        "default",
        "std"
      ],
      "dependencies": []
    },
    {
      "package": [
        "cc",
        "1.5.1",
        "registry+https://github.com/rust-lang/crates.io-index"
      ],
      "features": [],
      "dependencies": [
        [
          "find-msvc-tools",
          "0.1.14",
          "registry+https://github.com/rust-lang/crates.io-index"
        ],
        [
          "shlex",
          "2.0.1",
          "registry+https://github.com/rust-lang/crates.io-index"
        ]
      ]
    },
    {
      "package": [
        "cfg-if",
        "1.0.5",
        "registry+https://github.com/rust-lang/crates.io-index"
      ],
      "features": [],
      "dependencies": []
    },
    {
      "package": [
        "crc32fast",
        "1.5.2",
        "registry+https://github.com/rust-lang/crates.io-index"
      ],
      "features": [
        "std"
      ],
      "dependencies": [
        [
          "cfg-if",
          "1.0.5",
          "registry+https://github.com/rust-lang/crates.io-index"
        ]
      ]
    },
    {
      "package": [
        "devloop",
        "0.1.0",
        ""
      ],
      "features": [],
      "dependencies": [
        [
          "pbrs",
          "0.2.0",
          ""
        ],
        [
          "pbrs-adoption-corpus",
          "0.0.0",
          ""
        ],
        [
          "pbrs-grpc",
          "0.1.0-alpha.2",
          ""
        ],
        [
          "prost",
          "0.13.5",
          "registry+https://github.com/rust-lang/crates.io-index"
        ],
        [
          "prost",
          "0.14.4",
          "registry+https://github.com/rust-lang/crates.io-index"
        ],
        [
          "prost_tat",
          "0.0.1",
          ""
        ],
        [
          "protobuf",
          "4.35.1-release",
          "registry+https://github.com/rust-lang/crates.io-index"
        ],
        [
          "serde",
          "1.0.229",
          "registry+https://github.com/rust-lang/crates.io-index"
        ],
        [
          "serde_json",
          "1.0.151",
          "registry+https://github.com/rust-lang/crates.io-index"
        ],
        [
          "tokio",
          "1.53.1",
          "registry+https://github.com/rust-lang/crates.io-index"
        ],
        [
          "tokio-stream",
          "0.1.19",
          "registry+https://github.com/rust-lang/crates.io-index"
        ],
        [
          "tonic",
          "0.14.6",
          "registry+https://github.com/rust-lang/crates.io-index"
        ],
        [
          "tonic-prost",
          "0.14.6",
          "registry+https://github.com/rust-lang/crates.io-index"
        ],
        [
          "tonic-prost-build",
          "0.14.6",
          "registry+https://github.com/rust-lang/crates.io-index"
        ],
        [
          "v4_tat",
          "0.0.1",
          ""
        ]
      ]
    },
    {
      "package": [
        "either",
        "1.18.0",
        "registry+https://github.com/rust-lang/crates.io-index"
      ],
      "features": [
        "std",
        "use_std"
      ],
      "dependencies": []
    },
    {
      "package": [
        "equivalent",
        "1.0.2",
        "registry+https://github.com/rust-lang/crates.io-index"
      ],
      "features": [],
      "dependencies": []
    },
    {
      "package": [
        "errno",
        "0.3.14",
        "registry+https://github.com/rust-lang/crates.io-index"
      ],
      "features": [
        "std"
      ],
      "dependencies": [
        [
          "libc",
          "0.2.189",
          "registry+https://github.com/rust-lang/crates.io-index"
        ],
        [
          "windows-sys",
          "0.61.2",
          "registry+https://github.com/rust-lang/crates.io-index"
        ]
      ]
    },
    {
      "package": [
        "fastrand",
        "2.5.0",
        "registry+https://github.com/rust-lang/crates.io-index"
      ],
      "features": [
        "alloc",
        "default",
        "std"
      ],
      "dependencies": []
    },
    {
      "package": [
        "find-msvc-tools",
        "0.1.14",
        "registry+https://github.com/rust-lang/crates.io-index"
      ],
      "features": [],
      "dependencies": []
    },
    {
      "package": [
        "fixedbitset",
        "0.5.7",
        "registry+https://github.com/rust-lang/crates.io-index"
      ],
      "features": [],
      "dependencies": []
    },
    {
      "package": [
        "flate2",
        "1.1.10",
        "registry+https://github.com/rust-lang/crates.io-index"
      ],
      "features": [
        "any_impl",
        "miniz_oxide",
        "runtime_detection",
        "rust_backend"
      ],
      "dependencies": [
        [
          "crc32fast",
          "1.5.2",
          "registry+https://github.com/rust-lang/crates.io-index"
        ],
        [
          "miniz_oxide",
          "0.9.1",
          "registry+https://github.com/rust-lang/crates.io-index"
        ],
        [
          "zlib-rs",
          "0.6.8",
          "registry+https://github.com/rust-lang/crates.io-index"
        ]
      ]
    },
    {
      "package": [
        "fnv",
        "1.0.7",
        "registry+https://github.com/rust-lang/crates.io-index"
      ],
      "features": [
        "default",
        "std"
      ],
      "dependencies": []
    },
    {
      "package": [
        "foldhash",
        "0.1.5",
        "registry+https://github.com/rust-lang/crates.io-index"
      ],
      "features": [],
      "dependencies": []
    },
    {
      "package": [
        "futures-channel",
        "0.3.34",
        "registry+https://github.com/rust-lang/crates.io-index"
      ],
      "features": [
        "alloc",
        "default",
        "std"
      ],
      "dependencies": [
        [
          "futures-core",
          "0.3.34",
          "registry+https://github.com/rust-lang/crates.io-index"
        ]
      ]
    },
    {
      "package": [
        "futures-core",
        "0.3.34",
        "registry+https://github.com/rust-lang/crates.io-index"
      ],
      "features": [
        "alloc",
        "default",
        "std"
      ],
      "dependencies": []
    },
    {
      "package": [
        "futures-sink",
        "0.3.34",
        "registry+https://github.com/rust-lang/crates.io-index"
      ],
      "features": [
        "alloc",
        "default",
        "std"
      ],
      "dependencies": []
    },
    {
      "package": [
        "futures-task",
        "0.3.34",
        "registry+https://github.com/rust-lang/crates.io-index"
      ],
      "features": [
        "alloc"
      ],
      "dependencies": []
    },
    {
      "package": [
        "futures-util",
        "0.3.34",
        "registry+https://github.com/rust-lang/crates.io-index"
      ],
      "features": [
        "alloc",
        "slab"
      ],
      "dependencies": [
        [
          "futures-core",
          "0.3.34",
          "registry+https://github.com/rust-lang/crates.io-index"
        ],
        [
          "futures-task",
          "0.3.34",
          "registry+https://github.com/rust-lang/crates.io-index"
        ],
        [
          "pin-project-lite",
          "0.2.17",
          "registry+https://github.com/rust-lang/crates.io-index"
        ],
        [
          "slab",
          "0.4.12",
          "registry+https://github.com/rust-lang/crates.io-index"
        ]
      ]
    },
    {
      "package": [
        "getrandom",
        "0.2.17",
        "registry+https://github.com/rust-lang/crates.io-index"
      ],
      "features": [],
      "dependencies": [
        [
          "cfg-if",
          "1.0.5",
          "registry+https://github.com/rust-lang/crates.io-index"
        ],
        [
          "libc",
          "0.2.189",
          "registry+https://github.com/rust-lang/crates.io-index"
        ],
        [
          "wasi",
          "0.11.1+wasi-snapshot-preview1",
          "registry+https://github.com/rust-lang/crates.io-index"
        ]
      ]
    },
    {
      "package": [
        "getrandom",
        "0.3.4",
        "registry+https://github.com/rust-lang/crates.io-index"
      ],
      "features": [],
      "dependencies": [
        [
          "cfg-if",
          "1.0.5",
          "registry+https://github.com/rust-lang/crates.io-index"
        ],
        [
          "libc",
          "0.2.189",
          "registry+https://github.com/rust-lang/crates.io-index"
        ],
        [
          "r-efi",
          "5.3.0",
          "registry+https://github.com/rust-lang/crates.io-index"
        ],
        [
          "wasip2",
          "1.0.4+wasi-0.2.12",
          "registry+https://github.com/rust-lang/crates.io-index"
        ]
      ]
    },
    {
      "package": [
        "getrandom",
        "0.4.3",
        "registry+https://github.com/rust-lang/crates.io-index"
      ],
      "features": [],
      "dependencies": [
        [
          "cfg-if",
          "1.0.5",
          "registry+https://github.com/rust-lang/crates.io-index"
        ],
        [
          "libc",
          "0.2.189",
          "registry+https://github.com/rust-lang/crates.io-index"
        ],
        [
          "r-efi",
          "6.0.0",
          "registry+https://github.com/rust-lang/crates.io-index"
        ]
      ]
    },
    {
      "package": [
        "graviola",
        "0.2.1",
        "registry+https://github.com/rust-lang/crates.io-index"
      ],
      "features": [
        "default"
      ],
      "dependencies": [
        [
          "cfg-if",
          "1.0.5",
          "registry+https://github.com/rust-lang/crates.io-index"
        ],
        [
          "getrandom",
          "0.3.4",
          "registry+https://github.com/rust-lang/crates.io-index"
        ]
      ]
    },
    {
      "package": [
        "h2",
        "0.4.19",
        "registry+https://github.com/rust-lang/crates.io-index"
      ],
      "features": [],
      "dependencies": [
        [
          "atomic-waker",
          "1.1.2",
          "registry+https://github.com/rust-lang/crates.io-index"
        ],
        [
          "bytes",
          "1.12.1",
          "registry+https://github.com/rust-lang/crates.io-index"
        ],
        [
          "fnv",
          "1.0.7",
          "registry+https://github.com/rust-lang/crates.io-index"
        ],
        [
          "futures-core",
          "0.3.34",
          "registry+https://github.com/rust-lang/crates.io-index"
        ],
        [
          "futures-sink",
          "0.3.34",
          "registry+https://github.com/rust-lang/crates.io-index"
        ],
        [
          "http",
          "1.5.0",
          "registry+https://github.com/rust-lang/crates.io-index"
        ],
        [
          "indexmap",
          "2.14.2",
          "registry+https://github.com/rust-lang/crates.io-index"
        ],
        [
          "slab",
          "0.4.12",
          "registry+https://github.com/rust-lang/crates.io-index"
        ],
        [
          "tokio",
          "1.53.1",
          "registry+https://github.com/rust-lang/crates.io-index"
        ],
        [
          "tokio-util",
          "0.7.19",
          "registry+https://github.com/rust-lang/crates.io-index"
        ],
        [
          "tracing",
          "0.1.44",
          "registry+https://github.com/rust-lang/crates.io-index"
        ]
      ]
    },
    {
      "package": [
        "hashbrown",
        "0.15.5",
        "registry+https://github.com/rust-lang/crates.io-index"
      ],
      "features": [
        "default-hasher",
        "inline-more"
      ],
      "dependencies": [
        [
          "foldhash",
          "0.1.5",
          "registry+https://github.com/rust-lang/crates.io-index"
        ]
      ]
    },
    {
      "package": [
        "hashbrown",
        "0.17.1",
        "registry+https://github.com/rust-lang/crates.io-index"
      ],
      "features": [],
      "dependencies": []
    },
    {
      "package": [
        "heck",
        "0.5.0",
        "registry+https://github.com/rust-lang/crates.io-index"
      ],
      "features": [],
      "dependencies": []
    },
    {
      "package": [
        "http",
        "1.5.0",
        "registry+https://github.com/rust-lang/crates.io-index"
      ],
      "features": [
        "default",
        "std"
      ],
      "dependencies": [
        [
          "bytes",
          "1.12.1",
          "registry+https://github.com/rust-lang/crates.io-index"
        ],
        [
          "itoa",
          "1.0.18",
          "registry+https://github.com/rust-lang/crates.io-index"
        ]
      ]
    },
    {
      "package": [
        "http-body",
        "1.1.0",
        "registry+https://github.com/rust-lang/crates.io-index"
      ],
      "features": [],
      "dependencies": [
        [
          "bytes",
          "1.12.1",
          "registry+https://github.com/rust-lang/crates.io-index"
        ],
        [
          "http",
          "1.5.0",
          "registry+https://github.com/rust-lang/crates.io-index"
        ]
      ]
    },
    {
      "package": [
        "http-body-util",
        "0.1.5",
        "registry+https://github.com/rust-lang/crates.io-index"
      ],
      "features": [
        "default"
      ],
      "dependencies": [
        [
          "bytes",
          "1.12.1",
          "registry+https://github.com/rust-lang/crates.io-index"
        ],
        [
          "futures-core",
          "0.3.34",
          "registry+https://github.com/rust-lang/crates.io-index"
        ],
        [
          "http",
          "1.5.0",
          "registry+https://github.com/rust-lang/crates.io-index"
        ],
        [
          "http-body",
          "1.1.0",
          "registry+https://github.com/rust-lang/crates.io-index"
        ],
        [
          "pin-project-lite",
          "0.2.17",
          "registry+https://github.com/rust-lang/crates.io-index"
        ]
      ]
    },
    {
      "package": [
        "httparse",
        "1.10.1",
        "registry+https://github.com/rust-lang/crates.io-index"
      ],
      "features": [
        "default",
        "std"
      ],
      "dependencies": []
    },
    {
      "package": [
        "httpdate",
        "1.0.3",
        "registry+https://github.com/rust-lang/crates.io-index"
      ],
      "features": [],
      "dependencies": []
    },
    {
      "package": [
        "hyper",
        "1.11.1",
        "registry+https://github.com/rust-lang/crates.io-index"
      ],
      "features": [
        "client",
        "default",
        "http1",
        "http2",
        "server"
      ],
      "dependencies": [
        [
          "atomic-waker",
          "1.1.2",
          "registry+https://github.com/rust-lang/crates.io-index"
        ],
        [
          "bytes",
          "1.12.1",
          "registry+https://github.com/rust-lang/crates.io-index"
        ],
        [
          "futures-channel",
          "0.3.34",
          "registry+https://github.com/rust-lang/crates.io-index"
        ],
        [
          "futures-core",
          "0.3.34",
          "registry+https://github.com/rust-lang/crates.io-index"
        ],
        [
          "h2",
          "0.4.19",
          "registry+https://github.com/rust-lang/crates.io-index"
        ],
        [
          "http",
          "1.5.0",
          "registry+https://github.com/rust-lang/crates.io-index"
        ],
        [
          "http-body",
          "1.1.0",
          "registry+https://github.com/rust-lang/crates.io-index"
        ],
        [
          "httparse",
          "1.10.1",
          "registry+https://github.com/rust-lang/crates.io-index"
        ],
        [
          "httpdate",
          "1.0.3",
          "registry+https://github.com/rust-lang/crates.io-index"
        ],
        [
          "itoa",
          "1.0.18",
          "registry+https://github.com/rust-lang/crates.io-index"
        ],
        [
          "pin-project-lite",
          "0.2.17",
          "registry+https://github.com/rust-lang/crates.io-index"
        ],
        [
          "smallvec",
          "1.16.2",
          "registry+https://github.com/rust-lang/crates.io-index"
        ],
        [
          "tokio",
          "1.53.1",
          "registry+https://github.com/rust-lang/crates.io-index"
        ],
        [
          "want",
          "0.3.1",
          "registry+https://github.com/rust-lang/crates.io-index"
        ]
      ]
    },
    {
      "package": [
        "hyper-timeout",
        "0.5.2",
        "registry+https://github.com/rust-lang/crates.io-index"
      ],
      "features": [],
      "dependencies": [
        [
          "hyper",
          "1.11.1",
          "registry+https://github.com/rust-lang/crates.io-index"
        ],
        [
          "hyper-util",
          "0.1.21",
          "registry+https://github.com/rust-lang/crates.io-index"
        ],
        [
          "pin-project-lite",
          "0.2.17",
          "registry+https://github.com/rust-lang/crates.io-index"
        ],
        [
          "tokio",
          "1.53.1",
          "registry+https://github.com/rust-lang/crates.io-index"
        ],
        [
          "tower-service",
          "0.3.3",
          "registry+https://github.com/rust-lang/crates.io-index"
        ]
      ]
    },
    {
      "package": [
        "hyper-util",
        "0.1.21",
        "registry+https://github.com/rust-lang/crates.io-index"
      ],
      "features": [
        "client",
        "client-legacy",
        "default",
        "http1",
        "http2",
        "server",
        "server-auto",
        "service",
        "tokio"
      ],
      "dependencies": [
        [
          "bytes",
          "1.12.1",
          "registry+https://github.com/rust-lang/crates.io-index"
        ],
        [
          "futures-channel",
          "0.3.34",
          "registry+https://github.com/rust-lang/crates.io-index"
        ],
        [
          "futures-util",
          "0.3.34",
          "registry+https://github.com/rust-lang/crates.io-index"
        ],
        [
          "http",
          "1.5.0",
          "registry+https://github.com/rust-lang/crates.io-index"
        ],
        [
          "http-body",
          "1.1.0",
          "registry+https://github.com/rust-lang/crates.io-index"
        ],
        [
          "httparse",
          "1.10.1",
          "registry+https://github.com/rust-lang/crates.io-index"
        ],
        [
          "hyper",
          "1.11.1",
          "registry+https://github.com/rust-lang/crates.io-index"
        ],
        [
          "libc",
          "0.2.189",
          "registry+https://github.com/rust-lang/crates.io-index"
        ],
        [
          "pin-project-lite",
          "0.2.17",
          "registry+https://github.com/rust-lang/crates.io-index"
        ],
        [
          "socket2",
          "0.6.5",
          "registry+https://github.com/rust-lang/crates.io-index"
        ],
        [
          "tokio",
          "1.53.1",
          "registry+https://github.com/rust-lang/crates.io-index"
        ],
        [
          "tower-service",
          "0.3.3",
          "registry+https://github.com/rust-lang/crates.io-index"
        ],
        [
          "tracing",
          "0.1.44",
          "registry+https://github.com/rust-lang/crates.io-index"
        ]
      ]
    },
    {
      "package": [
        "indexmap",
        "2.14.2",
        "registry+https://github.com/rust-lang/crates.io-index"
      ],
      "features": [
        "default",
        "std"
      ],
      "dependencies": [
        [
          "equivalent",
          "1.0.2",
          "registry+https://github.com/rust-lang/crates.io-index"
        ],
        [
          "hashbrown",
          "0.17.1",
          "registry+https://github.com/rust-lang/crates.io-index"
        ]
      ]
    },
    {
      "package": [
        "itertools",
        "0.14.0",
        "registry+https://github.com/rust-lang/crates.io-index"
      ],
      "features": [
        "default",
        "use_alloc",
        "use_std"
      ],
      "dependencies": [
        [
          "either",
          "1.18.0",
          "registry+https://github.com/rust-lang/crates.io-index"
        ]
      ]
    },
    {
      "package": [
        "itoa",
        "1.0.18",
        "registry+https://github.com/rust-lang/crates.io-index"
      ],
      "features": [],
      "dependencies": []
    },
    {
      "package": [
        "libc",
        "0.2.189",
        "registry+https://github.com/rust-lang/crates.io-index"
      ],
      "features": [
        "default",
        "std"
      ],
      "dependencies": []
    },
    {
      "package": [
        "linkme",
        "0.3.37",
        "registry+https://github.com/rust-lang/crates.io-index"
      ],
      "features": [],
      "dependencies": [
        [
          "linkme-impl",
          "0.3.37",
          "registry+https://github.com/rust-lang/crates.io-index"
        ]
      ]
    },
    {
      "package": [
        "linkme-impl",
        "0.3.37",
        "registry+https://github.com/rust-lang/crates.io-index"
      ],
      "features": [],
      "dependencies": [
        [
          "proc-macro2",
          "1.0.107",
          "registry+https://github.com/rust-lang/crates.io-index"
        ],
        [
          "quote",
          "1.0.47",
          "registry+https://github.com/rust-lang/crates.io-index"
        ],
        [
          "syn",
          "3.0.6",
          "registry+https://github.com/rust-lang/crates.io-index"
        ]
      ]
    },
    {
      "package": [
        "linux-raw-sys",
        "0.12.1",
        "registry+https://github.com/rust-lang/crates.io-index"
      ],
      "features": [
        "auxvec",
        "elf",
        "errno",
        "general",
        "ioctl",
        "no_std"
      ],
      "dependencies": []
    },
    {
      "package": [
        "log",
        "0.4.34",
        "registry+https://github.com/rust-lang/crates.io-index"
      ],
      "features": [],
      "dependencies": []
    },
    {
      "package": [
        "matchit",
        "0.8.4",
        "registry+https://github.com/rust-lang/crates.io-index"
      ],
      "features": [
        "default"
      ],
      "dependencies": []
    },
    {
      "package": [
        "memchr",
        "2.8.3",
        "registry+https://github.com/rust-lang/crates.io-index"
      ],
      "features": [
        "alloc",
        "default",
        "std"
      ],
      "dependencies": []
    },
    {
      "package": [
        "mime",
        "0.3.17",
        "registry+https://github.com/rust-lang/crates.io-index"
      ],
      "features": [],
      "dependencies": []
    },
    {
      "package": [
        "miniz_oxide",
        "0.9.1",
        "registry+https://github.com/rust-lang/crates.io-index"
      ],
      "features": [
        "default",
        "simd",
        "simd-adler32",
        "with-alloc"
      ],
      "dependencies": [
        [
          "adler2",
          "2.0.1",
          "registry+https://github.com/rust-lang/crates.io-index"
        ],
        [
          "simd-adler32",
          "0.3.10",
          "registry+https://github.com/rust-lang/crates.io-index"
        ]
      ]
    },
    {
      "package": [
        "mio",
        "1.2.3",
        "registry+https://github.com/rust-lang/crates.io-index"
      ],
      "features": [
        "net",
        "os-ext",
        "os-poll"
      ],
      "dependencies": [
        [
          "libc",
          "0.2.189",
          "registry+https://github.com/rust-lang/crates.io-index"
        ],
        [
          "wasi",
          "0.11.1+wasi-snapshot-preview1",
          "registry+https://github.com/rust-lang/crates.io-index"
        ],
        [
          "windows-sys",
          "0.61.2",
          "registry+https://github.com/rust-lang/crates.io-index"
        ]
      ]
    },
    {
      "package": [
        "multimap",
        "0.10.1",
        "registry+https://github.com/rust-lang/crates.io-index"
      ],
      "features": [],
      "dependencies": []
    },
    {
      "package": [
        "once_cell",
        "1.21.4",
        "registry+https://github.com/rust-lang/crates.io-index"
      ],
      "features": [
        "alloc",
        "default",
        "race",
        "std"
      ],
      "dependencies": []
    },
    {
      "package": [
        "paste",
        "1.0.15",
        "registry+https://github.com/rust-lang/crates.io-index"
      ],
      "features": [],
      "dependencies": []
    },
    {
      "package": [
        "paste-complete",
        "1.0.15",
        "registry+https://github.com/rust-lang/crates.io-index"
      ],
      "features": [],
      "dependencies": []
    },
    {
      "package": [
        "pbrs",
        "0.2.0",
        ""
      ],
      "features": [
        "codegen",
        "conformance",
        "copy-counts",
        "default",
        "json",
        "reflect",
        "text"
      ],
      "dependencies": [
        [
          "bytes",
          "1.12.1",
          "registry+https://github.com/rust-lang/crates.io-index"
        ],
        [
          "paste",
          "1.0.15",
          "registry+https://github.com/rust-lang/crates.io-index"
        ],
        [
          "serde",
          "1.0.229",
          "registry+https://github.com/rust-lang/crates.io-index"
        ],
        [
          "serde_json",
          "1.0.151",
          "registry+https://github.com/rust-lang/crates.io-index"
        ],
        [
          "simdutf8",
          "0.1.5",
          "registry+https://github.com/rust-lang/crates.io-index"
        ]
      ]
    },
    {
      "package": [
        "pbrs-adoption-corpus",
        "0.0.0",
        ""
      ],
      "features": [
        "default"
      ],
      "dependencies": [
        [
          "pbrs",
          "0.2.0",
          ""
        ],
        [
          "prost",
          "0.14.4",
          "registry+https://github.com/rust-lang/crates.io-index"
        ],
        [
          "prost-build",
          "0.14.4",
          "registry+https://github.com/rust-lang/crates.io-index"
        ],
        [
          "serde_json",
          "1.0.151",
          "registry+https://github.com/rust-lang/crates.io-index"
        ]
      ]
    },
    {
      "package": [
        "pbrs-grpc",
        "0.1.0-alpha.2",
        ""
      ],
      "features": [
        "copy-counts",
        "prost",
        "tonic",
        "tower"
      ],
      "dependencies": [
        [
          "base64",
          "0.22.1",
          "registry+https://github.com/rust-lang/crates.io-index"
        ],
        [
          "bytes",
          "1.12.1",
          "registry+https://github.com/rust-lang/crates.io-index"
        ],
        [
          "flate2",
          "1.1.10",
          "registry+https://github.com/rust-lang/crates.io-index"
        ],
        [
          "futures-core",
          "0.3.34",
          "registry+https://github.com/rust-lang/crates.io-index"
        ],
        [
          "h2",
          "0.4.19",
          "registry+https://github.com/rust-lang/crates.io-index"
        ],
        [
          "http",
          "1.5.0",
          "registry+https://github.com/rust-lang/crates.io-index"
        ],
        [
          "http-body",
          "1.1.0",
          "registry+https://github.com/rust-lang/crates.io-index"
        ],
        [
          "http-body-util",
          "0.1.5",
          "registry+https://github.com/rust-lang/crates.io-index"
        ],
        [
          "libc",
          "0.2.189",
          "registry+https://github.com/rust-lang/crates.io-index"
        ],
        [
          "pbrs",
          "0.2.0",
          ""
        ],
        [
          "prost",
          "0.14.4",
          "registry+https://github.com/rust-lang/crates.io-index"
        ],
        [
          "rustls",
          "0.23.45",
          "registry+https://github.com/rust-lang/crates.io-index"
        ],
        [
          "rustls-graviola",
          "0.2.1",
          "registry+https://github.com/rust-lang/crates.io-index"
        ],
        [
          "rustls-pemfile",
          "2.2.0",
          "registry+https://github.com/rust-lang/crates.io-index"
        ],
        [
          "serde_json",
          "1.0.151",
          "registry+https://github.com/rust-lang/crates.io-index"
        ],
        [
          "socket2",
          "0.6.5",
          "registry+https://github.com/rust-lang/crates.io-index"
        ],
        [
          "tokio",
          "1.53.1",
          "registry+https://github.com/rust-lang/crates.io-index"
        ],
        [
          "tokio-rustls",
          "0.26.5",
          "registry+https://github.com/rust-lang/crates.io-index"
        ],
        [
          "tonic",
          "0.14.6",
          "registry+https://github.com/rust-lang/crates.io-index"
        ],
        [
          "tower",
          "0.5.3",
          "registry+https://github.com/rust-lang/crates.io-index"
        ],
        [
          "webpki-roots",
          "1.0.9",
          "registry+https://github.com/rust-lang/crates.io-index"
        ]
      ]
    },
    {
      "package": [
        "percent-encoding",
        "2.3.2",
        "registry+https://github.com/rust-lang/crates.io-index"
      ],
      "features": [
        "alloc",
        "default",
        "std"
      ],
      "dependencies": []
    },
    {
      "package": [
        "petgraph",
        "0.7.1",
        "registry+https://github.com/rust-lang/crates.io-index"
      ],
      "features": [],
      "dependencies": [
        [
          "fixedbitset",
          "0.5.7",
          "registry+https://github.com/rust-lang/crates.io-index"
        ],
        [
          "indexmap",
          "2.14.2",
          "registry+https://github.com/rust-lang/crates.io-index"
        ]
      ]
    },
    {
      "package": [
        "petgraph",
        "0.8.3",
        "registry+https://github.com/rust-lang/crates.io-index"
      ],
      "features": [
        "std"
      ],
      "dependencies": [
        [
          "fixedbitset",
          "0.5.7",
          "registry+https://github.com/rust-lang/crates.io-index"
        ],
        [
          "hashbrown",
          "0.15.5",
          "registry+https://github.com/rust-lang/crates.io-index"
        ],
        [
          "indexmap",
          "2.14.2",
          "registry+https://github.com/rust-lang/crates.io-index"
        ]
      ]
    },
    {
      "package": [
        "pin-project",
        "1.1.13",
        "registry+https://github.com/rust-lang/crates.io-index"
      ],
      "features": [],
      "dependencies": [
        [
          "pin-project-internal",
          "1.1.13",
          "registry+https://github.com/rust-lang/crates.io-index"
        ]
      ]
    },
    {
      "package": [
        "pin-project-internal",
        "1.1.13",
        "registry+https://github.com/rust-lang/crates.io-index"
      ],
      "features": [],
      "dependencies": [
        [
          "proc-macro2",
          "1.0.107",
          "registry+https://github.com/rust-lang/crates.io-index"
        ],
        [
          "quote",
          "1.0.47",
          "registry+https://github.com/rust-lang/crates.io-index"
        ],
        [
          "syn",
          "2.0.119",
          "registry+https://github.com/rust-lang/crates.io-index"
        ]
      ]
    },
    {
      "package": [
        "pin-project-lite",
        "0.2.17",
        "registry+https://github.com/rust-lang/crates.io-index"
      ],
      "features": [],
      "dependencies": []
    },
    {
      "package": [
        "prettyplease",
        "0.2.37",
        "registry+https://github.com/rust-lang/crates.io-index"
      ],
      "features": [],
      "dependencies": [
        [
          "proc-macro2",
          "1.0.107",
          "registry+https://github.com/rust-lang/crates.io-index"
        ],
        [
          "syn",
          "2.0.119",
          "registry+https://github.com/rust-lang/crates.io-index"
        ]
      ]
    },
    {
      "package": [
        "proc-macro2",
        "1.0.107",
        "registry+https://github.com/rust-lang/crates.io-index"
      ],
      "features": [
        "default",
        "proc-macro"
      ],
      "dependencies": [
        [
          "unicode-ident",
          "1.0.26",
          "registry+https://github.com/rust-lang/crates.io-index"
        ]
      ]
    },
    {
      "package": [
        "prost",
        "0.13.5",
        "registry+https://github.com/rust-lang/crates.io-index"
      ],
      "features": [
        "default",
        "derive",
        "prost-derive",
        "std"
      ],
      "dependencies": [
        [
          "bytes",
          "1.12.1",
          "registry+https://github.com/rust-lang/crates.io-index"
        ],
        [
          "prost-derive",
          "0.13.5",
          "registry+https://github.com/rust-lang/crates.io-index"
        ]
      ]
    },
    {
      "package": [
        "prost",
        "0.14.4",
        "registry+https://github.com/rust-lang/crates.io-index"
      ],
      "features": [
        "default",
        "derive",
        "std"
      ],
      "dependencies": [
        [
          "bytes",
          "1.12.1",
          "registry+https://github.com/rust-lang/crates.io-index"
        ],
        [
          "prost-derive",
          "0.14.4",
          "registry+https://github.com/rust-lang/crates.io-index"
        ]
      ]
    },
    {
      "package": [
        "prost-build",
        "0.13.5",
        "registry+https://github.com/rust-lang/crates.io-index"
      ],
      "features": [
        "default",
        "format"
      ],
      "dependencies": [
        [
          "heck",
          "0.5.0",
          "registry+https://github.com/rust-lang/crates.io-index"
        ],
        [
          "itertools",
          "0.14.0",
          "registry+https://github.com/rust-lang/crates.io-index"
        ],
        [
          "log",
          "0.4.34",
          "registry+https://github.com/rust-lang/crates.io-index"
        ],
        [
          "multimap",
          "0.10.1",
          "registry+https://github.com/rust-lang/crates.io-index"
        ],
        [
          "once_cell",
          "1.21.4",
          "registry+https://github.com/rust-lang/crates.io-index"
        ],
        [
          "petgraph",
          "0.7.1",
          "registry+https://github.com/rust-lang/crates.io-index"
        ],
        [
          "prettyplease",
          "0.2.37",
          "registry+https://github.com/rust-lang/crates.io-index"
        ],
        [
          "prost",
          "0.13.5",
          "registry+https://github.com/rust-lang/crates.io-index"
        ],
        [
          "prost-types",
          "0.13.5",
          "registry+https://github.com/rust-lang/crates.io-index"
        ],
        [
          "regex",
          "1.13.1",
          "registry+https://github.com/rust-lang/crates.io-index"
        ],
        [
          "syn",
          "2.0.119",
          "registry+https://github.com/rust-lang/crates.io-index"
        ],
        [
          "tempfile",
          "3.27.0",
          "registry+https://github.com/rust-lang/crates.io-index"
        ]
      ]
    },
    {
      "package": [
        "prost-build",
        "0.14.4",
        "registry+https://github.com/rust-lang/crates.io-index"
      ],
      "features": [
        "cleanup-markdown",
        "default",
        "format"
      ],
      "dependencies": [
        [
          "heck",
          "0.5.0",
          "registry+https://github.com/rust-lang/crates.io-index"
        ],
        [
          "itertools",
          "0.14.0",
          "registry+https://github.com/rust-lang/crates.io-index"
        ],
        [
          "log",
          "0.4.34",
          "registry+https://github.com/rust-lang/crates.io-index"
        ],
        [
          "multimap",
          "0.10.1",
          "registry+https://github.com/rust-lang/crates.io-index"
        ],
        [
          "petgraph",
          "0.8.3",
          "registry+https://github.com/rust-lang/crates.io-index"
        ],
        [
          "prettyplease",
          "0.2.37",
          "registry+https://github.com/rust-lang/crates.io-index"
        ],
        [
          "prost",
          "0.14.4",
          "registry+https://github.com/rust-lang/crates.io-index"
        ],
        [
          "prost-types",
          "0.14.4",
          "registry+https://github.com/rust-lang/crates.io-index"
        ],
        [
          "pulldown-cmark",
          "0.13.4",
          "registry+https://github.com/rust-lang/crates.io-index"
        ],
        [
          "pulldown-cmark-to-cmark",
          "22.0.1",
          "registry+https://github.com/rust-lang/crates.io-index"
        ],
        [
          "regex",
          "1.13.1",
          "registry+https://github.com/rust-lang/crates.io-index"
        ],
        [
          "syn",
          "2.0.119",
          "registry+https://github.com/rust-lang/crates.io-index"
        ],
        [
          "tempfile",
          "3.27.0",
          "registry+https://github.com/rust-lang/crates.io-index"
        ]
      ]
    },
    {
      "package": [
        "prost-derive",
        "0.13.5",
        "registry+https://github.com/rust-lang/crates.io-index"
      ],
      "features": [],
      "dependencies": [
        [
          "anyhow",
          "1.0.104",
          "registry+https://github.com/rust-lang/crates.io-index"
        ],
        [
          "itertools",
          "0.14.0",
          "registry+https://github.com/rust-lang/crates.io-index"
        ],
        [
          "proc-macro2",
          "1.0.107",
          "registry+https://github.com/rust-lang/crates.io-index"
        ],
        [
          "quote",
          "1.0.47",
          "registry+https://github.com/rust-lang/crates.io-index"
        ],
        [
          "syn",
          "2.0.119",
          "registry+https://github.com/rust-lang/crates.io-index"
        ]
      ]
    },
    {
      "package": [
        "prost-derive",
        "0.14.4",
        "registry+https://github.com/rust-lang/crates.io-index"
      ],
      "features": [],
      "dependencies": [
        [
          "anyhow",
          "1.0.104",
          "registry+https://github.com/rust-lang/crates.io-index"
        ],
        [
          "itertools",
          "0.14.0",
          "registry+https://github.com/rust-lang/crates.io-index"
        ],
        [
          "proc-macro2",
          "1.0.107",
          "registry+https://github.com/rust-lang/crates.io-index"
        ],
        [
          "quote",
          "1.0.47",
          "registry+https://github.com/rust-lang/crates.io-index"
        ],
        [
          "syn",
          "2.0.119",
          "registry+https://github.com/rust-lang/crates.io-index"
        ]
      ]
    },
    {
      "package": [
        "prost-types",
        "0.13.5",
        "registry+https://github.com/rust-lang/crates.io-index"
      ],
      "features": [
        "default",
        "std"
      ],
      "dependencies": [
        [
          "prost",
          "0.13.5",
          "registry+https://github.com/rust-lang/crates.io-index"
        ]
      ]
    },
    {
      "package": [
        "prost-types",
        "0.14.4",
        "registry+https://github.com/rust-lang/crates.io-index"
      ],
      "features": [
        "default",
        "std"
      ],
      "dependencies": [
        [
          "prost",
          "0.14.4",
          "registry+https://github.com/rust-lang/crates.io-index"
        ]
      ]
    },
    {
      "package": [
        "prost_tat",
        "0.0.1",
        ""
      ],
      "features": [],
      "dependencies": [
        [
          "prost",
          "0.13.5",
          "registry+https://github.com/rust-lang/crates.io-index"
        ],
        [
          "prost-build",
          "0.13.5",
          "registry+https://github.com/rust-lang/crates.io-index"
        ],
        [
          "prost-types",
          "0.13.5",
          "registry+https://github.com/rust-lang/crates.io-index"
        ]
      ]
    },
    {
      "package": [
        "protobuf",
        "4.35.1-release",
        "registry+https://github.com/rust-lang/crates.io-index"
      ],
      "features": [],
      "dependencies": [
        [
          "cc",
          "1.5.1",
          "registry+https://github.com/rust-lang/crates.io-index"
        ],
        [
          "linkme",
          "0.3.37",
          "registry+https://github.com/rust-lang/crates.io-index"
        ],
        [
          "paste-complete",
          "1.0.15",
          "registry+https://github.com/rust-lang/crates.io-index"
        ],
        [
          "protobuf-macros",
          "4.35.1-release",
          "registry+https://github.com/rust-lang/crates.io-index"
        ]
      ]
    },
    {
      "package": [
        "protobuf-macros",
        "4.35.1-release",
        "registry+https://github.com/rust-lang/crates.io-index"
      ],
      "features": [],
      "dependencies": [
        [
          "quote",
          "1.0.47",
          "registry+https://github.com/rust-lang/crates.io-index"
        ],
        [
          "syn",
          "2.0.119",
          "registry+https://github.com/rust-lang/crates.io-index"
        ]
      ]
    },
    {
      "package": [
        "pulldown-cmark",
        "0.13.4",
        "registry+https://github.com/rust-lang/crates.io-index"
      ],
      "features": [],
      "dependencies": [
        [
          "bitflags",
          "2.13.2",
          "registry+https://github.com/rust-lang/crates.io-index"
        ],
        [
          "memchr",
          "2.8.3",
          "registry+https://github.com/rust-lang/crates.io-index"
        ],
        [
          "unicase",
          "2.9.0",
          "registry+https://github.com/rust-lang/crates.io-index"
        ]
      ]
    },
    {
      "package": [
        "pulldown-cmark-to-cmark",
        "22.0.1",
        "registry+https://github.com/rust-lang/crates.io-index"
      ],
      "features": [],
      "dependencies": [
        [
          "pulldown-cmark",
          "0.13.4",
          "registry+https://github.com/rust-lang/crates.io-index"
        ]
      ]
    },
    {
      "package": [
        "quote",
        "1.0.47",
        "registry+https://github.com/rust-lang/crates.io-index"
      ],
      "features": [
        "default",
        "proc-macro"
      ],
      "dependencies": [
        [
          "proc-macro2",
          "1.0.107",
          "registry+https://github.com/rust-lang/crates.io-index"
        ]
      ]
    },
    {
      "package": [
        "r-efi",
        "5.3.0",
        "registry+https://github.com/rust-lang/crates.io-index"
      ],
      "features": [],
      "dependencies": []
    },
    {
      "package": [
        "r-efi",
        "6.0.0",
        "registry+https://github.com/rust-lang/crates.io-index"
      ],
      "features": [],
      "dependencies": []
    },
    {
      "package": [
        "regex",
        "1.13.1",
        "registry+https://github.com/rust-lang/crates.io-index"
      ],
      "features": [
        "std",
        "unicode-bool"
      ],
      "dependencies": [
        [
          "aho-corasick",
          "1.1.5",
          "registry+https://github.com/rust-lang/crates.io-index"
        ],
        [
          "memchr",
          "2.8.3",
          "registry+https://github.com/rust-lang/crates.io-index"
        ],
        [
          "regex-automata",
          "0.4.18",
          "registry+https://github.com/rust-lang/crates.io-index"
        ],
        [
          "regex-syntax",
          "0.8.11",
          "registry+https://github.com/rust-lang/crates.io-index"
        ]
      ]
    },
    {
      "package": [
        "regex-automata",
        "0.4.18",
        "registry+https://github.com/rust-lang/crates.io-index"
      ],
      "features": [
        "alloc",
        "meta",
        "nfa-pikevm",
        "nfa-thompson",
        "std",
        "syntax",
        "unicode-bool"
      ],
      "dependencies": [
        [
          "aho-corasick",
          "1.1.5",
          "registry+https://github.com/rust-lang/crates.io-index"
        ],
        [
          "memchr",
          "2.8.3",
          "registry+https://github.com/rust-lang/crates.io-index"
        ],
        [
          "regex-syntax",
          "0.8.11",
          "registry+https://github.com/rust-lang/crates.io-index"
        ]
      ]
    },
    {
      "package": [
        "regex-syntax",
        "0.8.11",
        "registry+https://github.com/rust-lang/crates.io-index"
      ],
      "features": [
        "std",
        "unicode-bool"
      ],
      "dependencies": []
    },
    {
      "package": [
        "ring",
        "0.17.14",
        "registry+https://github.com/rust-lang/crates.io-index"
      ],
      "features": [
        "alloc"
      ],
      "dependencies": [
        [
          "cc",
          "1.5.1",
          "registry+https://github.com/rust-lang/crates.io-index"
        ],
        [
          "cfg-if",
          "1.0.5",
          "registry+https://github.com/rust-lang/crates.io-index"
        ],
        [
          "getrandom",
          "0.2.17",
          "registry+https://github.com/rust-lang/crates.io-index"
        ],
        [
          "libc",
          "0.2.189",
          "registry+https://github.com/rust-lang/crates.io-index"
        ],
        [
          "untrusted",
          "0.9.0",
          "registry+https://github.com/rust-lang/crates.io-index"
        ],
        [
          "windows-sys",
          "0.52.0",
          "registry+https://github.com/rust-lang/crates.io-index"
        ]
      ]
    },
    {
      "package": [
        "rustix",
        "1.1.5",
        "registry+https://github.com/rust-lang/crates.io-index"
      ],
      "features": [
        "alloc",
        "default",
        "fs",
        "std"
      ],
      "dependencies": [
        [
          "bitflags",
          "2.13.2",
          "registry+https://github.com/rust-lang/crates.io-index"
        ],
        [
          "errno",
          "0.3.14",
          "registry+https://github.com/rust-lang/crates.io-index"
        ],
        [
          "libc",
          "0.2.189",
          "registry+https://github.com/rust-lang/crates.io-index"
        ],
        [
          "linux-raw-sys",
          "0.12.1",
          "registry+https://github.com/rust-lang/crates.io-index"
        ],
        [
          "windows-sys",
          "0.61.2",
          "registry+https://github.com/rust-lang/crates.io-index"
        ]
      ]
    },
    {
      "package": [
        "rustls",
        "0.23.45",
        "registry+https://github.com/rust-lang/crates.io-index"
      ],
      "features": [
        "log",
        "logging",
        "std",
        "tls12"
      ],
      "dependencies": [
        [
          "log",
          "0.4.34",
          "registry+https://github.com/rust-lang/crates.io-index"
        ],
        [
          "once_cell",
          "1.21.4",
          "registry+https://github.com/rust-lang/crates.io-index"
        ],
        [
          "rustls-pki-types",
          "1.15.1",
          "registry+https://github.com/rust-lang/crates.io-index"
        ],
        [
          "rustls-webpki",
          "0.103.15",
          "registry+https://github.com/rust-lang/crates.io-index"
        ],
        [
          "subtle",
          "2.6.1",
          "registry+https://github.com/rust-lang/crates.io-index"
        ],
        [
          "zeroize",
          "1.9.0",
          "registry+https://github.com/rust-lang/crates.io-index"
        ]
      ]
    },
    {
      "package": [
        "rustls-graviola",
        "0.2.1",
        "registry+https://github.com/rust-lang/crates.io-index"
      ],
      "features": [],
      "dependencies": [
        [
          "graviola",
          "0.2.1",
          "registry+https://github.com/rust-lang/crates.io-index"
        ],
        [
          "rustls",
          "0.23.45",
          "registry+https://github.com/rust-lang/crates.io-index"
        ]
      ]
    },
    {
      "package": [
        "rustls-pemfile",
        "2.2.0",
        "registry+https://github.com/rust-lang/crates.io-index"
      ],
      "features": [
        "default",
        "std"
      ],
      "dependencies": [
        [
          "rustls-pki-types",
          "1.15.1",
          "registry+https://github.com/rust-lang/crates.io-index"
        ]
      ]
    },
    {
      "package": [
        "rustls-pki-types",
        "1.15.1",
        "registry+https://github.com/rust-lang/crates.io-index"
      ],
      "features": [
        "alloc",
        "default",
        "std"
      ],
      "dependencies": [
        [
          "zeroize",
          "1.9.0",
          "registry+https://github.com/rust-lang/crates.io-index"
        ]
      ]
    },
    {
      "package": [
        "rustls-webpki",
        "0.103.15",
        "registry+https://github.com/rust-lang/crates.io-index"
      ],
      "features": [
        "alloc",
        "std"
      ],
      "dependencies": [
        [
          "ring",
          "0.17.14",
          "registry+https://github.com/rust-lang/crates.io-index"
        ],
        [
          "rustls-pki-types",
          "1.15.1",
          "registry+https://github.com/rust-lang/crates.io-index"
        ],
        [
          "untrusted",
          "0.9.0",
          "registry+https://github.com/rust-lang/crates.io-index"
        ]
      ]
    },
    {
      "package": [
        "serde",
        "1.0.229",
        "registry+https://github.com/rust-lang/crates.io-index"
      ],
      "features": [
        "default",
        "derive",
        "serde_derive",
        "std"
      ],
      "dependencies": [
        [
          "serde_core",
          "1.0.229",
          "registry+https://github.com/rust-lang/crates.io-index"
        ],
        [
          "serde_derive",
          "1.0.229",
          "registry+https://github.com/rust-lang/crates.io-index"
        ]
      ]
    },
    {
      "package": [
        "serde_core",
        "1.0.229",
        "registry+https://github.com/rust-lang/crates.io-index"
      ],
      "features": [
        "default",
        "result",
        "std"
      ],
      "dependencies": [
        [
          "serde_derive",
          "1.0.229",
          "registry+https://github.com/rust-lang/crates.io-index"
        ]
      ]
    },
    {
      "package": [
        "serde_derive",
        "1.0.229",
        "registry+https://github.com/rust-lang/crates.io-index"
      ],
      "features": [
        "default"
      ],
      "dependencies": [
        [
          "proc-macro2",
          "1.0.107",
          "registry+https://github.com/rust-lang/crates.io-index"
        ],
        [
          "quote",
          "1.0.47",
          "registry+https://github.com/rust-lang/crates.io-index"
        ],
        [
          "syn",
          "3.0.6",
          "registry+https://github.com/rust-lang/crates.io-index"
        ]
      ]
    },
    {
      "package": [
        "serde_json",
        "1.0.151",
        "registry+https://github.com/rust-lang/crates.io-index"
      ],
      "features": [
        "arbitrary_precision",
        "default",
        "std"
      ],
      "dependencies": [
        [
          "itoa",
          "1.0.18",
          "registry+https://github.com/rust-lang/crates.io-index"
        ],
        [
          "memchr",
          "2.8.3",
          "registry+https://github.com/rust-lang/crates.io-index"
        ],
        [
          "serde",
          "1.0.229",
          "registry+https://github.com/rust-lang/crates.io-index"
        ],
        [
          "serde_core",
          "1.0.229",
          "registry+https://github.com/rust-lang/crates.io-index"
        ],
        [
          "zmij",
          "1.0.23",
          "registry+https://github.com/rust-lang/crates.io-index"
        ]
      ]
    },
    {
      "package": [
        "shlex",
        "2.0.1",
        "registry+https://github.com/rust-lang/crates.io-index"
      ],
      "features": [
        "default",
        "std"
      ],
      "dependencies": []
    },
    {
      "package": [
        "simd-adler32",
        "0.3.10",
        "registry+https://github.com/rust-lang/crates.io-index"
      ],
      "features": [],
      "dependencies": []
    },
    {
      "package": [
        "simdutf8",
        "0.1.5",
        "registry+https://github.com/rust-lang/crates.io-index"
      ],
      "features": [
        "default",
        "std"
      ],
      "dependencies": []
    },
    {
      "package": [
        "slab",
        "0.4.12",
        "registry+https://github.com/rust-lang/crates.io-index"
      ],
      "features": [
        "default",
        "std"
      ],
      "dependencies": []
    },
    {
      "package": [
        "smallvec",
        "1.16.2",
        "registry+https://github.com/rust-lang/crates.io-index"
      ],
      "features": [
        "const_generics",
        "const_new"
      ],
      "dependencies": []
    },
    {
      "package": [
        "socket2",
        "0.6.5",
        "registry+https://github.com/rust-lang/crates.io-index"
      ],
      "features": [
        "all"
      ],
      "dependencies": [
        [
          "libc",
          "0.2.189",
          "registry+https://github.com/rust-lang/crates.io-index"
        ],
        [
          "windows-sys",
          "0.61.2",
          "registry+https://github.com/rust-lang/crates.io-index"
        ]
      ]
    },
    {
      "package": [
        "subtle",
        "2.6.1",
        "registry+https://github.com/rust-lang/crates.io-index"
      ],
      "features": [],
      "dependencies": []
    },
    {
      "package": [
        "syn",
        "2.0.119",
        "registry+https://github.com/rust-lang/crates.io-index"
      ],
      "features": [
        "clone-impls",
        "default",
        "derive",
        "extra-traits",
        "full",
        "parsing",
        "printing",
        "proc-macro",
        "visit-mut"
      ],
      "dependencies": [
        [
          "proc-macro2",
          "1.0.107",
          "registry+https://github.com/rust-lang/crates.io-index"
        ],
        [
          "quote",
          "1.0.47",
          "registry+https://github.com/rust-lang/crates.io-index"
        ],
        [
          "unicode-ident",
          "1.0.26",
          "registry+https://github.com/rust-lang/crates.io-index"
        ]
      ]
    },
    {
      "package": [
        "syn",
        "3.0.6",
        "registry+https://github.com/rust-lang/crates.io-index"
      ],
      "features": [
        "clone-impls",
        "default",
        "derive",
        "full",
        "parsing",
        "printing",
        "proc-macro",
        "visit-mut"
      ],
      "dependencies": [
        [
          "proc-macro2",
          "1.0.107",
          "registry+https://github.com/rust-lang/crates.io-index"
        ],
        [
          "quote",
          "1.0.47",
          "registry+https://github.com/rust-lang/crates.io-index"
        ],
        [
          "unicode-ident",
          "1.0.26",
          "registry+https://github.com/rust-lang/crates.io-index"
        ]
      ]
    },
    {
      "package": [
        "sync_wrapper",
        "1.0.2",
        "registry+https://github.com/rust-lang/crates.io-index"
      ],
      "features": [],
      "dependencies": []
    },
    {
      "package": [
        "tempfile",
        "3.27.0",
        "registry+https://github.com/rust-lang/crates.io-index"
      ],
      "features": [
        "default",
        "getrandom"
      ],
      "dependencies": [
        [
          "fastrand",
          "2.5.0",
          "registry+https://github.com/rust-lang/crates.io-index"
        ],
        [
          "getrandom",
          "0.4.3",
          "registry+https://github.com/rust-lang/crates.io-index"
        ],
        [
          "once_cell",
          "1.21.4",
          "registry+https://github.com/rust-lang/crates.io-index"
        ],
        [
          "rustix",
          "1.1.5",
          "registry+https://github.com/rust-lang/crates.io-index"
        ],
        [
          "windows-sys",
          "0.61.2",
          "registry+https://github.com/rust-lang/crates.io-index"
        ]
      ]
    },
    {
      "package": [
        "tokio",
        "1.53.1",
        "registry+https://github.com/rust-lang/crates.io-index"
      ],
      "features": [
        "bytes",
        "default",
        "fs",
        "io-util",
        "libc",
        "macros",
        "mio",
        "net",
        "rt",
        "rt-multi-thread",
        "socket2",
        "sync",
        "time",
        "tokio-macros",
        "windows-sys"
      ],
      "dependencies": [
        [
          "bytes",
          "1.12.1",
          "registry+https://github.com/rust-lang/crates.io-index"
        ],
        [
          "libc",
          "0.2.189",
          "registry+https://github.com/rust-lang/crates.io-index"
        ],
        [
          "mio",
          "1.2.3",
          "registry+https://github.com/rust-lang/crates.io-index"
        ],
        [
          "pin-project-lite",
          "0.2.17",
          "registry+https://github.com/rust-lang/crates.io-index"
        ],
        [
          "socket2",
          "0.6.5",
          "registry+https://github.com/rust-lang/crates.io-index"
        ],
        [
          "tokio-macros",
          "2.7.2",
          "registry+https://github.com/rust-lang/crates.io-index"
        ],
        [
          "windows-sys",
          "0.61.2",
          "registry+https://github.com/rust-lang/crates.io-index"
        ]
      ]
    },
    {
      "package": [
        "tokio-macros",
        "2.7.2",
        "registry+https://github.com/rust-lang/crates.io-index"
      ],
      "features": [],
      "dependencies": [
        [
          "proc-macro2",
          "1.0.107",
          "registry+https://github.com/rust-lang/crates.io-index"
        ],
        [
          "quote",
          "1.0.47",
          "registry+https://github.com/rust-lang/crates.io-index"
        ],
        [
          "syn",
          "3.0.6",
          "registry+https://github.com/rust-lang/crates.io-index"
        ]
      ]
    },
    {
      "package": [
        "tokio-rustls",
        "0.26.5",
        "registry+https://github.com/rust-lang/crates.io-index"
      ],
      "features": [
        "logging",
        "tls12"
      ],
      "dependencies": [
        [
          "rustls",
          "0.23.45",
          "registry+https://github.com/rust-lang/crates.io-index"
        ],
        [
          "tokio",
          "1.53.1",
          "registry+https://github.com/rust-lang/crates.io-index"
        ]
      ]
    },
    {
      "package": [
        "tokio-stream",
        "0.1.19",
        "registry+https://github.com/rust-lang/crates.io-index"
      ],
      "features": [
        "default",
        "net",
        "time"
      ],
      "dependencies": [
        [
          "futures-core",
          "0.3.34",
          "registry+https://github.com/rust-lang/crates.io-index"
        ],
        [
          "pin-project-lite",
          "0.2.17",
          "registry+https://github.com/rust-lang/crates.io-index"
        ],
        [
          "tokio",
          "1.53.1",
          "registry+https://github.com/rust-lang/crates.io-index"
        ]
      ]
    },
    {
      "package": [
        "tokio-util",
        "0.7.19",
        "registry+https://github.com/rust-lang/crates.io-index"
      ],
      "features": [
        "codec",
        "default",
        "io",
        "libc"
      ],
      "dependencies": [
        [
          "bytes",
          "1.12.1",
          "registry+https://github.com/rust-lang/crates.io-index"
        ],
        [
          "futures-core",
          "0.3.34",
          "registry+https://github.com/rust-lang/crates.io-index"
        ],
        [
          "futures-sink",
          "0.3.34",
          "registry+https://github.com/rust-lang/crates.io-index"
        ],
        [
          "libc",
          "0.2.189",
          "registry+https://github.com/rust-lang/crates.io-index"
        ],
        [
          "pin-project-lite",
          "0.2.17",
          "registry+https://github.com/rust-lang/crates.io-index"
        ],
        [
          "tokio",
          "1.53.1",
          "registry+https://github.com/rust-lang/crates.io-index"
        ]
      ]
    },
    {
      "package": [
        "tonic",
        "0.14.6",
        "registry+https://github.com/rust-lang/crates.io-index"
      ],
      "features": [
        "_tls-any",
        "channel",
        "codegen",
        "router",
        "server",
        "tls-connect-info",
        "transport"
      ],
      "dependencies": [
        [
          "async-trait",
          "0.1.92",
          "registry+https://github.com/rust-lang/crates.io-index"
        ],
        [
          "axum",
          "0.8.9",
          "registry+https://github.com/rust-lang/crates.io-index"
        ],
        [
          "base64",
          "0.22.1",
          "registry+https://github.com/rust-lang/crates.io-index"
        ],
        [
          "bytes",
          "1.12.1",
          "registry+https://github.com/rust-lang/crates.io-index"
        ],
        [
          "h2",
          "0.4.19",
          "registry+https://github.com/rust-lang/crates.io-index"
        ],
        [
          "http",
          "1.5.0",
          "registry+https://github.com/rust-lang/crates.io-index"
        ],
        [
          "http-body",
          "1.1.0",
          "registry+https://github.com/rust-lang/crates.io-index"
        ],
        [
          "http-body-util",
          "0.1.5",
          "registry+https://github.com/rust-lang/crates.io-index"
        ],
        [
          "hyper",
          "1.11.1",
          "registry+https://github.com/rust-lang/crates.io-index"
        ],
        [
          "hyper-timeout",
          "0.5.2",
          "registry+https://github.com/rust-lang/crates.io-index"
        ],
        [
          "hyper-util",
          "0.1.21",
          "registry+https://github.com/rust-lang/crates.io-index"
        ],
        [
          "percent-encoding",
          "2.3.2",
          "registry+https://github.com/rust-lang/crates.io-index"
        ],
        [
          "pin-project",
          "1.1.13",
          "registry+https://github.com/rust-lang/crates.io-index"
        ],
        [
          "socket2",
          "0.6.5",
          "registry+https://github.com/rust-lang/crates.io-index"
        ],
        [
          "sync_wrapper",
          "1.0.2",
          "registry+https://github.com/rust-lang/crates.io-index"
        ],
        [
          "tokio",
          "1.53.1",
          "registry+https://github.com/rust-lang/crates.io-index"
        ],
        [
          "tokio-rustls",
          "0.26.5",
          "registry+https://github.com/rust-lang/crates.io-index"
        ],
        [
          "tokio-stream",
          "0.1.19",
          "registry+https://github.com/rust-lang/crates.io-index"
        ],
        [
          "tower",
          "0.5.3",
          "registry+https://github.com/rust-lang/crates.io-index"
        ],
        [
          "tower-layer",
          "0.3.3",
          "registry+https://github.com/rust-lang/crates.io-index"
        ],
        [
          "tower-service",
          "0.3.3",
          "registry+https://github.com/rust-lang/crates.io-index"
        ],
        [
          "tracing",
          "0.1.44",
          "registry+https://github.com/rust-lang/crates.io-index"
        ]
      ]
    },
    {
      "package": [
        "tonic-build",
        "0.14.6",
        "registry+https://github.com/rust-lang/crates.io-index"
      ],
      "features": [
        "transport"
      ],
      "dependencies": [
        [
          "prettyplease",
          "0.2.37",
          "registry+https://github.com/rust-lang/crates.io-index"
        ],
        [
          "proc-macro2",
          "1.0.107",
          "registry+https://github.com/rust-lang/crates.io-index"
        ],
        [
          "quote",
          "1.0.47",
          "registry+https://github.com/rust-lang/crates.io-index"
        ],
        [
          "syn",
          "2.0.119",
          "registry+https://github.com/rust-lang/crates.io-index"
        ]
      ]
    },
    {
      "package": [
        "tonic-prost",
        "0.14.6",
        "registry+https://github.com/rust-lang/crates.io-index"
      ],
      "features": [],
      "dependencies": [
        [
          "bytes",
          "1.12.1",
          "registry+https://github.com/rust-lang/crates.io-index"
        ],
        [
          "prost",
          "0.14.4",
          "registry+https://github.com/rust-lang/crates.io-index"
        ],
        [
          "tonic",
          "0.14.6",
          "registry+https://github.com/rust-lang/crates.io-index"
        ]
      ]
    },
    {
      "package": [
        "tonic-prost-build",
        "0.14.6",
        "registry+https://github.com/rust-lang/crates.io-index"
      ],
      "features": [
        "cleanup-markdown",
        "default",
        "transport"
      ],
      "dependencies": [
        [
          "prettyplease",
          "0.2.37",
          "registry+https://github.com/rust-lang/crates.io-index"
        ],
        [
          "proc-macro2",
          "1.0.107",
          "registry+https://github.com/rust-lang/crates.io-index"
        ],
        [
          "prost-build",
          "0.14.4",
          "registry+https://github.com/rust-lang/crates.io-index"
        ],
        [
          "prost-types",
          "0.14.4",
          "registry+https://github.com/rust-lang/crates.io-index"
        ],
        [
          "quote",
          "1.0.47",
          "registry+https://github.com/rust-lang/crates.io-index"
        ],
        [
          "syn",
          "2.0.119",
          "registry+https://github.com/rust-lang/crates.io-index"
        ],
        [
          "tempfile",
          "3.27.0",
          "registry+https://github.com/rust-lang/crates.io-index"
        ],
        [
          "tonic-build",
          "0.14.6",
          "registry+https://github.com/rust-lang/crates.io-index"
        ]
      ]
    },
    {
      "package": [
        "tower",
        "0.5.3",
        "registry+https://github.com/rust-lang/crates.io-index"
      ],
      "features": [
        "balance",
        "buffer",
        "discover",
        "futures-core",
        "futures-util",
        "indexmap",
        "limit",
        "load",
        "load-shed",
        "make",
        "pin-project-lite",
        "ready-cache",
        "retry",
        "slab",
        "sync_wrapper",
        "timeout",
        "tokio",
        "tokio-util",
        "tracing",
        "util"
      ],
      "dependencies": [
        [
          "futures-core",
          "0.3.34",
          "registry+https://github.com/rust-lang/crates.io-index"
        ],
        [
          "futures-util",
          "0.3.34",
          "registry+https://github.com/rust-lang/crates.io-index"
        ],
        [
          "indexmap",
          "2.14.2",
          "registry+https://github.com/rust-lang/crates.io-index"
        ],
        [
          "pin-project-lite",
          "0.2.17",
          "registry+https://github.com/rust-lang/crates.io-index"
        ],
        [
          "slab",
          "0.4.12",
          "registry+https://github.com/rust-lang/crates.io-index"
        ],
        [
          "sync_wrapper",
          "1.0.2",
          "registry+https://github.com/rust-lang/crates.io-index"
        ],
        [
          "tokio",
          "1.53.1",
          "registry+https://github.com/rust-lang/crates.io-index"
        ],
        [
          "tokio-util",
          "0.7.19",
          "registry+https://github.com/rust-lang/crates.io-index"
        ],
        [
          "tower-layer",
          "0.3.3",
          "registry+https://github.com/rust-lang/crates.io-index"
        ],
        [
          "tower-service",
          "0.3.3",
          "registry+https://github.com/rust-lang/crates.io-index"
        ],
        [
          "tracing",
          "0.1.44",
          "registry+https://github.com/rust-lang/crates.io-index"
        ]
      ]
    },
    {
      "package": [
        "tower-layer",
        "0.3.3",
        "registry+https://github.com/rust-lang/crates.io-index"
      ],
      "features": [],
      "dependencies": []
    },
    {
      "package": [
        "tower-service",
        "0.3.3",
        "registry+https://github.com/rust-lang/crates.io-index"
      ],
      "features": [],
      "dependencies": []
    },
    {
      "package": [
        "tracing",
        "0.1.44",
        "registry+https://github.com/rust-lang/crates.io-index"
      ],
      "features": [
        "attributes",
        "default",
        "std",
        "tracing-attributes"
      ],
      "dependencies": [
        [
          "pin-project-lite",
          "0.2.17",
          "registry+https://github.com/rust-lang/crates.io-index"
        ],
        [
          "tracing-attributes",
          "0.1.31",
          "registry+https://github.com/rust-lang/crates.io-index"
        ],
        [
          "tracing-core",
          "0.1.36",
          "registry+https://github.com/rust-lang/crates.io-index"
        ]
      ]
    },
    {
      "package": [
        "tracing-attributes",
        "0.1.31",
        "registry+https://github.com/rust-lang/crates.io-index"
      ],
      "features": [],
      "dependencies": [
        [
          "proc-macro2",
          "1.0.107",
          "registry+https://github.com/rust-lang/crates.io-index"
        ],
        [
          "quote",
          "1.0.47",
          "registry+https://github.com/rust-lang/crates.io-index"
        ],
        [
          "syn",
          "2.0.119",
          "registry+https://github.com/rust-lang/crates.io-index"
        ]
      ]
    },
    {
      "package": [
        "tracing-core",
        "0.1.36",
        "registry+https://github.com/rust-lang/crates.io-index"
      ],
      "features": [
        "once_cell",
        "std"
      ],
      "dependencies": [
        [
          "once_cell",
          "1.21.4",
          "registry+https://github.com/rust-lang/crates.io-index"
        ]
      ]
    },
    {
      "package": [
        "try-lock",
        "0.2.5",
        "registry+https://github.com/rust-lang/crates.io-index"
      ],
      "features": [],
      "dependencies": []
    },
    {
      "package": [
        "unicase",
        "2.9.0",
        "registry+https://github.com/rust-lang/crates.io-index"
      ],
      "features": [],
      "dependencies": []
    },
    {
      "package": [
        "unicode-ident",
        "1.0.26",
        "registry+https://github.com/rust-lang/crates.io-index"
      ],
      "features": [],
      "dependencies": []
    },
    {
      "package": [
        "untrusted",
        "0.9.0",
        "registry+https://github.com/rust-lang/crates.io-index"
      ],
      "features": [],
      "dependencies": []
    },
    {
      "package": [
        "v4_tat",
        "0.0.1",
        ""
      ],
      "features": [],
      "dependencies": [
        [
          "protobuf",
          "4.35.1-release",
          "registry+https://github.com/rust-lang/crates.io-index"
        ]
      ]
    },
    {
      "package": [
        "want",
        "0.3.1",
        "registry+https://github.com/rust-lang/crates.io-index"
      ],
      "features": [],
      "dependencies": [
        [
          "try-lock",
          "0.2.5",
          "registry+https://github.com/rust-lang/crates.io-index"
        ]
      ]
    },
    {
      "package": [
        "wasi",
        "0.11.1+wasi-snapshot-preview1",
        "registry+https://github.com/rust-lang/crates.io-index"
      ],
      "features": [
        "default",
        "std"
      ],
      "dependencies": []
    },
    {
      "package": [
        "wasip2",
        "1.0.4+wasi-0.2.12",
        "registry+https://github.com/rust-lang/crates.io-index"
      ],
      "features": [],
      "dependencies": [
        [
          "wit-bindgen",
          "0.57.1",
          "registry+https://github.com/rust-lang/crates.io-index"
        ]
      ]
    },
    {
      "package": [
        "webpki-roots",
        "1.0.9",
        "registry+https://github.com/rust-lang/crates.io-index"
      ],
      "features": [],
      "dependencies": [
        [
          "rustls-pki-types",
          "1.15.1",
          "registry+https://github.com/rust-lang/crates.io-index"
        ]
      ]
    },
    {
      "package": [
        "windows-link",
        "0.2.1",
        "registry+https://github.com/rust-lang/crates.io-index"
      ],
      "features": [],
      "dependencies": []
    },
    {
      "package": [
        "windows-sys",
        "0.52.0",
        "registry+https://github.com/rust-lang/crates.io-index"
      ],
      "features": [
        "Win32",
        "Win32_Foundation",
        "Win32_System",
        "Win32_System_Threading",
        "default"
      ],
      "dependencies": [
        [
          "windows-targets",
          "0.52.6",
          "registry+https://github.com/rust-lang/crates.io-index"
        ]
      ]
    },
    {
      "package": [
        "windows-sys",
        "0.61.2",
        "registry+https://github.com/rust-lang/crates.io-index"
      ],
      "features": [
        "Wdk",
        "Wdk_Foundation",
        "Wdk_Storage",
        "Wdk_Storage_FileSystem",
        "Wdk_System",
        "Wdk_System_IO",
        "Win32",
        "Win32_Foundation",
        "Win32_Networking",
        "Win32_Networking_WinSock",
        "Win32_Security",
        "Win32_Storage",
        "Win32_Storage_FileSystem",
        "Win32_System",
        "Win32_System_Diagnostics",
        "Win32_System_Diagnostics_Debug",
        "Win32_System_IO",
        "Win32_System_Pipes",
        "Win32_System_SystemServices",
        "Win32_System_Threading",
        "Win32_System_WindowsProgramming",
        "default"
      ],
      "dependencies": [
        [
          "windows-link",
          "0.2.1",
          "registry+https://github.com/rust-lang/crates.io-index"
        ]
      ]
    },
    {
      "package": [
        "windows-targets",
        "0.52.6",
        "registry+https://github.com/rust-lang/crates.io-index"
      ],
      "features": [],
      "dependencies": [
        [
          "windows_aarch64_gnullvm",
          "0.52.6",
          "registry+https://github.com/rust-lang/crates.io-index"
        ],
        [
          "windows_aarch64_msvc",
          "0.52.6",
          "registry+https://github.com/rust-lang/crates.io-index"
        ],
        [
          "windows_i686_gnu",
          "0.52.6",
          "registry+https://github.com/rust-lang/crates.io-index"
        ],
        [
          "windows_i686_gnullvm",
          "0.52.6",
          "registry+https://github.com/rust-lang/crates.io-index"
        ],
        [
          "windows_i686_msvc",
          "0.52.6",
          "registry+https://github.com/rust-lang/crates.io-index"
        ],
        [
          "windows_x86_64_gnu",
          "0.52.6",
          "registry+https://github.com/rust-lang/crates.io-index"
        ],
        [
          "windows_x86_64_gnullvm",
          "0.52.6",
          "registry+https://github.com/rust-lang/crates.io-index"
        ],
        [
          "windows_x86_64_msvc",
          "0.52.6",
          "registry+https://github.com/rust-lang/crates.io-index"
        ]
      ]
    },
    {
      "package": [
        "windows_aarch64_gnullvm",
        "0.52.6",
        "registry+https://github.com/rust-lang/crates.io-index"
      ],
      "features": [],
      "dependencies": []
    },
    {
      "package": [
        "windows_aarch64_msvc",
        "0.52.6",
        "registry+https://github.com/rust-lang/crates.io-index"
      ],
      "features": [],
      "dependencies": []
    },
    {
      "package": [
        "windows_i686_gnu",
        "0.52.6",
        "registry+https://github.com/rust-lang/crates.io-index"
      ],
      "features": [],
      "dependencies": []
    },
    {
      "package": [
        "windows_i686_gnullvm",
        "0.52.6",
        "registry+https://github.com/rust-lang/crates.io-index"
      ],
      "features": [],
      "dependencies": []
    },
    {
      "package": [
        "windows_i686_msvc",
        "0.52.6",
        "registry+https://github.com/rust-lang/crates.io-index"
      ],
      "features": [],
      "dependencies": []
    },
    {
      "package": [
        "windows_x86_64_gnu",
        "0.52.6",
        "registry+https://github.com/rust-lang/crates.io-index"
      ],
      "features": [],
      "dependencies": []
    },
    {
      "package": [
        "windows_x86_64_gnullvm",
        "0.52.6",
        "registry+https://github.com/rust-lang/crates.io-index"
      ],
      "features": [],
      "dependencies": []
    },
    {
      "package": [
        "windows_x86_64_msvc",
        "0.52.6",
        "registry+https://github.com/rust-lang/crates.io-index"
      ],
      "features": [],
      "dependencies": []
    },
    {
      "package": [
        "wit-bindgen",
        "0.57.1",
        "registry+https://github.com/rust-lang/crates.io-index"
      ],
      "features": [],
      "dependencies": []
    },
    {
      "package": [
        "zeroize",
        "1.9.0",
        "registry+https://github.com/rust-lang/crates.io-index"
      ],
      "features": [
        "alloc",
        "default"
      ],
      "dependencies": []
    },
    {
      "package": [
        "zlib-rs",
        "0.6.8",
        "registry+https://github.com/rust-lang/crates.io-index"
      ],
      "features": [
        "rust-allocator",
        "std"
      ],
      "dependencies": []
    },
    {
      "package": [
        "zmij",
        "1.0.23",
        "registry+https://github.com/rust-lang/crates.io-index"
      ],
      "features": [],
      "dependencies": []
    }
  ],
  "bridge": [
    {
      "package": [
        "adler2",
        "2.0.1",
        "registry+https://github.com/rust-lang/crates.io-index"
      ],
      "features": [],
      "dependencies": []
    },
    {
      "package": [
        "aho-corasick",
        "1.1.5",
        "registry+https://github.com/rust-lang/crates.io-index"
      ],
      "features": [
        "std"
      ],
      "dependencies": [
        [
          "memchr",
          "2.8.3",
          "registry+https://github.com/rust-lang/crates.io-index"
        ]
      ]
    },
    {
      "package": [
        "anyhow",
        "1.0.104",
        "registry+https://github.com/rust-lang/crates.io-index"
      ],
      "features": [
        "default",
        "std"
      ],
      "dependencies": []
    },
    {
      "package": [
        "async-trait",
        "0.1.92",
        "registry+https://github.com/rust-lang/crates.io-index"
      ],
      "features": [],
      "dependencies": [
        [
          "proc-macro2",
          "1.0.107",
          "registry+https://github.com/rust-lang/crates.io-index"
        ],
        [
          "quote",
          "1.0.47",
          "registry+https://github.com/rust-lang/crates.io-index"
        ],
        [
          "syn",
          "3.0.6",
          "registry+https://github.com/rust-lang/crates.io-index"
        ]
      ]
    },
    {
      "package": [
        "atomic-waker",
        "1.1.2",
        "registry+https://github.com/rust-lang/crates.io-index"
      ],
      "features": [],
      "dependencies": []
    },
    {
      "package": [
        "axum",
        "0.8.9",
        "registry+https://github.com/rust-lang/crates.io-index"
      ],
      "features": [],
      "dependencies": [
        [
          "axum-core",
          "0.5.6",
          "registry+https://github.com/rust-lang/crates.io-index"
        ],
        [
          "bytes",
          "1.12.1",
          "registry+https://github.com/rust-lang/crates.io-index"
        ],
        [
          "futures-util",
          "0.3.34",
          "registry+https://github.com/rust-lang/crates.io-index"
        ],
        [
          "http",
          "1.5.0",
          "registry+https://github.com/rust-lang/crates.io-index"
        ],
        [
          "http-body",
          "1.1.0",
          "registry+https://github.com/rust-lang/crates.io-index"
        ],
        [
          "http-body-util",
          "0.1.5",
          "registry+https://github.com/rust-lang/crates.io-index"
        ],
        [
          "itoa",
          "1.0.18",
          "registry+https://github.com/rust-lang/crates.io-index"
        ],
        [
          "matchit",
          "0.8.4",
          "registry+https://github.com/rust-lang/crates.io-index"
        ],
        [
          "memchr",
          "2.8.3",
          "registry+https://github.com/rust-lang/crates.io-index"
        ],
        [
          "mime",
          "0.3.17",
          "registry+https://github.com/rust-lang/crates.io-index"
        ],
        [
          "percent-encoding",
          "2.3.2",
          "registry+https://github.com/rust-lang/crates.io-index"
        ],
        [
          "pin-project-lite",
          "0.2.17",
          "registry+https://github.com/rust-lang/crates.io-index"
        ],
        [
          "serde_core",
          "1.0.229",
          "registry+https://github.com/rust-lang/crates.io-index"
        ],
        [
          "sync_wrapper",
          "1.0.2",
          "registry+https://github.com/rust-lang/crates.io-index"
        ],
        [
          "tower",
          "0.5.3",
          "registry+https://github.com/rust-lang/crates.io-index"
        ],
        [
          "tower-layer",
          "0.3.3",
          "registry+https://github.com/rust-lang/crates.io-index"
        ],
        [
          "tower-service",
          "0.3.3",
          "registry+https://github.com/rust-lang/crates.io-index"
        ]
      ]
    },
    {
      "package": [
        "axum-core",
        "0.5.6",
        "registry+https://github.com/rust-lang/crates.io-index"
      ],
      "features": [],
      "dependencies": [
        [
          "bytes",
          "1.12.1",
          "registry+https://github.com/rust-lang/crates.io-index"
        ],
        [
          "futures-core",
          "0.3.34",
          "registry+https://github.com/rust-lang/crates.io-index"
        ],
        [
          "http",
          "1.5.0",
          "registry+https://github.com/rust-lang/crates.io-index"
        ],
        [
          "http-body",
          "1.1.0",
          "registry+https://github.com/rust-lang/crates.io-index"
        ],
        [
          "http-body-util",
          "0.1.5",
          "registry+https://github.com/rust-lang/crates.io-index"
        ],
        [
          "mime",
          "0.3.17",
          "registry+https://github.com/rust-lang/crates.io-index"
        ],
        [
          "pin-project-lite",
          "0.2.17",
          "registry+https://github.com/rust-lang/crates.io-index"
        ],
        [
          "sync_wrapper",
          "1.0.2",
          "registry+https://github.com/rust-lang/crates.io-index"
        ],
        [
          "tower-layer",
          "0.3.3",
          "registry+https://github.com/rust-lang/crates.io-index"
        ],
        [
          "tower-service",
          "0.3.3",
          "registry+https://github.com/rust-lang/crates.io-index"
        ]
      ]
    },
    {
      "package": [
        "base64",
        "0.22.1",
        "registry+https://github.com/rust-lang/crates.io-index"
      ],
      "features": [
        "alloc",
        "default",
        "std"
      ],
      "dependencies": []
    },
    {
      "package": [
        "bitflags",
        "2.13.2",
        "registry+https://github.com/rust-lang/crates.io-index"
      ],
      "features": [
        "std"
      ],
      "dependencies": []
    },
    {
      "package": [
        "bytes",
        "1.12.1",
        "registry+https://github.com/rust-lang/crates.io-index"
      ],
      "features": [
        "default",
        "std"
      ],
      "dependencies": []
    },
    {
      "package": [
        "cc",
        "1.5.1",
        "registry+https://github.com/rust-lang/crates.io-index"
      ],
      "features": [],
      "dependencies": [
        [
          "find-msvc-tools",
          "0.1.14",
          "registry+https://github.com/rust-lang/crates.io-index"
        ],
        [
          "shlex",
          "2.0.1",
          "registry+https://github.com/rust-lang/crates.io-index"
        ]
      ]
    },
    {
      "package": [
        "cfg-if",
        "1.0.5",
        "registry+https://github.com/rust-lang/crates.io-index"
      ],
      "features": [],
      "dependencies": []
    },
    {
      "package": [
        "crc32fast",
        "1.5.2",
        "registry+https://github.com/rust-lang/crates.io-index"
      ],
      "features": [
        "std"
      ],
      "dependencies": [
        [
          "cfg-if",
          "1.0.5",
          "registry+https://github.com/rust-lang/crates.io-index"
        ]
      ]
    },
    {
      "package": [
        "devloop",
        "0.1.0",
        ""
      ],
      "features": [
        "bridge",
        "default"
      ],
      "dependencies": [
        [
          "pbrs",
          "0.2.0",
          ""
        ],
        [
          "pbrs-adoption-corpus",
          "0.0.0",
          ""
        ],
        [
          "pbrs-grpc",
          "0.1.0-alpha.2",
          ""
        ],
        [
          "prost",
          "0.13.5",
          "registry+https://github.com/rust-lang/crates.io-index"
        ],
        [
          "prost",
          "0.14.4",
          "registry+https://github.com/rust-lang/crates.io-index"
        ],
        [
          "prost_tat",
          "0.0.1",
          ""
        ],
        [
          "protobuf",
          "4.35.1-release",
          "registry+https://github.com/rust-lang/crates.io-index"
        ],
        [
          "serde",
          "1.0.229",
          "registry+https://github.com/rust-lang/crates.io-index"
        ],
        [
          "serde_json",
          "1.0.151",
          "registry+https://github.com/rust-lang/crates.io-index"
        ],
        [
          "tokio",
          "1.53.1",
          "registry+https://github.com/rust-lang/crates.io-index"
        ],
        [
          "tokio-stream",
          "0.1.19",
          "registry+https://github.com/rust-lang/crates.io-index"
        ],
        [
          "tonic",
          "0.14.6",
          "registry+https://github.com/rust-lang/crates.io-index"
        ],
        [
          "tonic-prost",
          "0.14.6",
          "registry+https://github.com/rust-lang/crates.io-index"
        ],
        [
          "tonic-prost-build",
          "0.14.6",
          "registry+https://github.com/rust-lang/crates.io-index"
        ],
        [
          "v4_tat",
          "0.0.1",
          ""
        ]
      ]
    },
    {
      "package": [
        "either",
        "1.18.0",
        "registry+https://github.com/rust-lang/crates.io-index"
      ],
      "features": [
        "std",
        "use_std"
      ],
      "dependencies": []
    },
    {
      "package": [
        "equivalent",
        "1.0.2",
        "registry+https://github.com/rust-lang/crates.io-index"
      ],
      "features": [],
      "dependencies": []
    },
    {
      "package": [
        "errno",
        "0.3.14",
        "registry+https://github.com/rust-lang/crates.io-index"
      ],
      "features": [
        "std"
      ],
      "dependencies": [
        [
          "libc",
          "0.2.189",
          "registry+https://github.com/rust-lang/crates.io-index"
        ],
        [
          "windows-sys",
          "0.61.2",
          "registry+https://github.com/rust-lang/crates.io-index"
        ]
      ]
    },
    {
      "package": [
        "fastrand",
        "2.5.0",
        "registry+https://github.com/rust-lang/crates.io-index"
      ],
      "features": [
        "alloc",
        "default",
        "std"
      ],
      "dependencies": []
    },
    {
      "package": [
        "find-msvc-tools",
        "0.1.14",
        "registry+https://github.com/rust-lang/crates.io-index"
      ],
      "features": [],
      "dependencies": []
    },
    {
      "package": [
        "fixedbitset",
        "0.5.7",
        "registry+https://github.com/rust-lang/crates.io-index"
      ],
      "features": [],
      "dependencies": []
    },
    {
      "package": [
        "flate2",
        "1.1.10",
        "registry+https://github.com/rust-lang/crates.io-index"
      ],
      "features": [
        "any_impl",
        "default",
        "miniz_oxide",
        "runtime_detection",
        "rust_backend"
      ],
      "dependencies": [
        [
          "crc32fast",
          "1.5.2",
          "registry+https://github.com/rust-lang/crates.io-index"
        ],
        [
          "miniz_oxide",
          "0.9.1",
          "registry+https://github.com/rust-lang/crates.io-index"
        ],
        [
          "zlib-rs",
          "0.6.8",
          "registry+https://github.com/rust-lang/crates.io-index"
        ]
      ]
    },
    {
      "package": [
        "fnv",
        "1.0.7",
        "registry+https://github.com/rust-lang/crates.io-index"
      ],
      "features": [
        "default",
        "std"
      ],
      "dependencies": []
    },
    {
      "package": [
        "foldhash",
        "0.1.5",
        "registry+https://github.com/rust-lang/crates.io-index"
      ],
      "features": [],
      "dependencies": []
    },
    {
      "package": [
        "futures-channel",
        "0.3.34",
        "registry+https://github.com/rust-lang/crates.io-index"
      ],
      "features": [
        "alloc",
        "default",
        "std"
      ],
      "dependencies": [
        [
          "futures-core",
          "0.3.34",
          "registry+https://github.com/rust-lang/crates.io-index"
        ]
      ]
    },
    {
      "package": [
        "futures-core",
        "0.3.34",
        "registry+https://github.com/rust-lang/crates.io-index"
      ],
      "features": [
        "alloc",
        "default",
        "std"
      ],
      "dependencies": []
    },
    {
      "package": [
        "futures-sink",
        "0.3.34",
        "registry+https://github.com/rust-lang/crates.io-index"
      ],
      "features": [
        "alloc",
        "default",
        "std"
      ],
      "dependencies": []
    },
    {
      "package": [
        "futures-task",
        "0.3.34",
        "registry+https://github.com/rust-lang/crates.io-index"
      ],
      "features": [
        "alloc"
      ],
      "dependencies": []
    },
    {
      "package": [
        "futures-util",
        "0.3.34",
        "registry+https://github.com/rust-lang/crates.io-index"
      ],
      "features": [
        "alloc",
        "slab"
      ],
      "dependencies": [
        [
          "futures-core",
          "0.3.34",
          "registry+https://github.com/rust-lang/crates.io-index"
        ],
        [
          "futures-task",
          "0.3.34",
          "registry+https://github.com/rust-lang/crates.io-index"
        ],
        [
          "pin-project-lite",
          "0.2.17",
          "registry+https://github.com/rust-lang/crates.io-index"
        ],
        [
          "slab",
          "0.4.12",
          "registry+https://github.com/rust-lang/crates.io-index"
        ]
      ]
    },
    {
      "package": [
        "getrandom",
        "0.2.17",
        "registry+https://github.com/rust-lang/crates.io-index"
      ],
      "features": [],
      "dependencies": [
        [
          "cfg-if",
          "1.0.5",
          "registry+https://github.com/rust-lang/crates.io-index"
        ],
        [
          "libc",
          "0.2.189",
          "registry+https://github.com/rust-lang/crates.io-index"
        ],
        [
          "wasi",
          "0.11.1+wasi-snapshot-preview1",
          "registry+https://github.com/rust-lang/crates.io-index"
        ]
      ]
    },
    {
      "package": [
        "getrandom",
        "0.3.4",
        "registry+https://github.com/rust-lang/crates.io-index"
      ],
      "features": [],
      "dependencies": [
        [
          "cfg-if",
          "1.0.5",
          "registry+https://github.com/rust-lang/crates.io-index"
        ],
        [
          "libc",
          "0.2.189",
          "registry+https://github.com/rust-lang/crates.io-index"
        ],
        [
          "r-efi",
          "5.3.0",
          "registry+https://github.com/rust-lang/crates.io-index"
        ],
        [
          "wasip2",
          "1.0.4+wasi-0.2.12",
          "registry+https://github.com/rust-lang/crates.io-index"
        ]
      ]
    },
    {
      "package": [
        "getrandom",
        "0.4.3",
        "registry+https://github.com/rust-lang/crates.io-index"
      ],
      "features": [],
      "dependencies": [
        [
          "cfg-if",
          "1.0.5",
          "registry+https://github.com/rust-lang/crates.io-index"
        ],
        [
          "libc",
          "0.2.189",
          "registry+https://github.com/rust-lang/crates.io-index"
        ],
        [
          "r-efi",
          "6.0.0",
          "registry+https://github.com/rust-lang/crates.io-index"
        ]
      ]
    },
    {
      "package": [
        "graviola",
        "0.2.1",
        "registry+https://github.com/rust-lang/crates.io-index"
      ],
      "features": [
        "default"
      ],
      "dependencies": [
        [
          "cfg-if",
          "1.0.5",
          "registry+https://github.com/rust-lang/crates.io-index"
        ],
        [
          "getrandom",
          "0.3.4",
          "registry+https://github.com/rust-lang/crates.io-index"
        ]
      ]
    },
    {
      "package": [
        "h2",
        "0.4.19",
        "registry+https://github.com/rust-lang/crates.io-index"
      ],
      "features": [],
      "dependencies": [
        [
          "atomic-waker",
          "1.1.2",
          "registry+https://github.com/rust-lang/crates.io-index"
        ],
        [
          "bytes",
          "1.12.1",
          "registry+https://github.com/rust-lang/crates.io-index"
        ],
        [
          "fnv",
          "1.0.7",
          "registry+https://github.com/rust-lang/crates.io-index"
        ],
        [
          "futures-core",
          "0.3.34",
          "registry+https://github.com/rust-lang/crates.io-index"
        ],
        [
          "futures-sink",
          "0.3.34",
          "registry+https://github.com/rust-lang/crates.io-index"
        ],
        [
          "http",
          "1.5.0",
          "registry+https://github.com/rust-lang/crates.io-index"
        ],
        [
          "indexmap",
          "2.14.2",
          "registry+https://github.com/rust-lang/crates.io-index"
        ],
        [
          "slab",
          "0.4.12",
          "registry+https://github.com/rust-lang/crates.io-index"
        ],
        [
          "tokio",
          "1.53.1",
          "registry+https://github.com/rust-lang/crates.io-index"
        ],
        [
          "tokio-util",
          "0.7.19",
          "registry+https://github.com/rust-lang/crates.io-index"
        ],
        [
          "tracing",
          "0.1.44",
          "registry+https://github.com/rust-lang/crates.io-index"
        ]
      ]
    },
    {
      "package": [
        "hashbrown",
        "0.15.5",
        "registry+https://github.com/rust-lang/crates.io-index"
      ],
      "features": [
        "default-hasher",
        "inline-more"
      ],
      "dependencies": [
        [
          "foldhash",
          "0.1.5",
          "registry+https://github.com/rust-lang/crates.io-index"
        ]
      ]
    },
    {
      "package": [
        "hashbrown",
        "0.17.1",
        "registry+https://github.com/rust-lang/crates.io-index"
      ],
      "features": [],
      "dependencies": []
    },
    {
      "package": [
        "heck",
        "0.5.0",
        "registry+https://github.com/rust-lang/crates.io-index"
      ],
      "features": [],
      "dependencies": []
    },
    {
      "package": [
        "http",
        "1.5.0",
        "registry+https://github.com/rust-lang/crates.io-index"
      ],
      "features": [
        "default",
        "std"
      ],
      "dependencies": [
        [
          "bytes",
          "1.12.1",
          "registry+https://github.com/rust-lang/crates.io-index"
        ],
        [
          "itoa",
          "1.0.18",
          "registry+https://github.com/rust-lang/crates.io-index"
        ]
      ]
    },
    {
      "package": [
        "http-body",
        "1.1.0",
        "registry+https://github.com/rust-lang/crates.io-index"
      ],
      "features": [],
      "dependencies": [
        [
          "bytes",
          "1.12.1",
          "registry+https://github.com/rust-lang/crates.io-index"
        ],
        [
          "http",
          "1.5.0",
          "registry+https://github.com/rust-lang/crates.io-index"
        ]
      ]
    },
    {
      "package": [
        "http-body-util",
        "0.1.5",
        "registry+https://github.com/rust-lang/crates.io-index"
      ],
      "features": [
        "default"
      ],
      "dependencies": [
        [
          "bytes",
          "1.12.1",
          "registry+https://github.com/rust-lang/crates.io-index"
        ],
        [
          "futures-core",
          "0.3.34",
          "registry+https://github.com/rust-lang/crates.io-index"
        ],
        [
          "http",
          "1.5.0",
          "registry+https://github.com/rust-lang/crates.io-index"
        ],
        [
          "http-body",
          "1.1.0",
          "registry+https://github.com/rust-lang/crates.io-index"
        ],
        [
          "pin-project-lite",
          "0.2.17",
          "registry+https://github.com/rust-lang/crates.io-index"
        ]
      ]
    },
    {
      "package": [
        "httparse",
        "1.10.1",
        "registry+https://github.com/rust-lang/crates.io-index"
      ],
      "features": [
        "default",
        "std"
      ],
      "dependencies": []
    },
    {
      "package": [
        "httpdate",
        "1.0.3",
        "registry+https://github.com/rust-lang/crates.io-index"
      ],
      "features": [],
      "dependencies": []
    },
    {
      "package": [
        "hyper",
        "1.11.1",
        "registry+https://github.com/rust-lang/crates.io-index"
      ],
      "features": [
        "client",
        "default",
        "http1",
        "http2",
        "server"
      ],
      "dependencies": [
        [
          "atomic-waker",
          "1.1.2",
          "registry+https://github.com/rust-lang/crates.io-index"
        ],
        [
          "bytes",
          "1.12.1",
          "registry+https://github.com/rust-lang/crates.io-index"
        ],
        [
          "futures-channel",
          "0.3.34",
          "registry+https://github.com/rust-lang/crates.io-index"
        ],
        [
          "futures-core",
          "0.3.34",
          "registry+https://github.com/rust-lang/crates.io-index"
        ],
        [
          "h2",
          "0.4.19",
          "registry+https://github.com/rust-lang/crates.io-index"
        ],
        [
          "http",
          "1.5.0",
          "registry+https://github.com/rust-lang/crates.io-index"
        ],
        [
          "http-body",
          "1.1.0",
          "registry+https://github.com/rust-lang/crates.io-index"
        ],
        [
          "httparse",
          "1.10.1",
          "registry+https://github.com/rust-lang/crates.io-index"
        ],
        [
          "httpdate",
          "1.0.3",
          "registry+https://github.com/rust-lang/crates.io-index"
        ],
        [
          "itoa",
          "1.0.18",
          "registry+https://github.com/rust-lang/crates.io-index"
        ],
        [
          "pin-project-lite",
          "0.2.17",
          "registry+https://github.com/rust-lang/crates.io-index"
        ],
        [
          "smallvec",
          "1.16.2",
          "registry+https://github.com/rust-lang/crates.io-index"
        ],
        [
          "tokio",
          "1.53.1",
          "registry+https://github.com/rust-lang/crates.io-index"
        ],
        [
          "want",
          "0.3.1",
          "registry+https://github.com/rust-lang/crates.io-index"
        ]
      ]
    },
    {
      "package": [
        "hyper-timeout",
        "0.5.2",
        "registry+https://github.com/rust-lang/crates.io-index"
      ],
      "features": [],
      "dependencies": [
        [
          "hyper",
          "1.11.1",
          "registry+https://github.com/rust-lang/crates.io-index"
        ],
        [
          "hyper-util",
          "0.1.21",
          "registry+https://github.com/rust-lang/crates.io-index"
        ],
        [
          "pin-project-lite",
          "0.2.17",
          "registry+https://github.com/rust-lang/crates.io-index"
        ],
        [
          "tokio",
          "1.53.1",
          "registry+https://github.com/rust-lang/crates.io-index"
        ],
        [
          "tower-service",
          "0.3.3",
          "registry+https://github.com/rust-lang/crates.io-index"
        ]
      ]
    },
    {
      "package": [
        "hyper-util",
        "0.1.21",
        "registry+https://github.com/rust-lang/crates.io-index"
      ],
      "features": [
        "client",
        "client-legacy",
        "default",
        "http1",
        "http2",
        "server",
        "server-auto",
        "service",
        "tokio"
      ],
      "dependencies": [
        [
          "bytes",
          "1.12.1",
          "registry+https://github.com/rust-lang/crates.io-index"
        ],
        [
          "futures-channel",
          "0.3.34",
          "registry+https://github.com/rust-lang/crates.io-index"
        ],
        [
          "futures-util",
          "0.3.34",
          "registry+https://github.com/rust-lang/crates.io-index"
        ],
        [
          "http",
          "1.5.0",
          "registry+https://github.com/rust-lang/crates.io-index"
        ],
        [
          "http-body",
          "1.1.0",
          "registry+https://github.com/rust-lang/crates.io-index"
        ],
        [
          "httparse",
          "1.10.1",
          "registry+https://github.com/rust-lang/crates.io-index"
        ],
        [
          "hyper",
          "1.11.1",
          "registry+https://github.com/rust-lang/crates.io-index"
        ],
        [
          "libc",
          "0.2.189",
          "registry+https://github.com/rust-lang/crates.io-index"
        ],
        [
          "pin-project-lite",
          "0.2.17",
          "registry+https://github.com/rust-lang/crates.io-index"
        ],
        [
          "socket2",
          "0.6.5",
          "registry+https://github.com/rust-lang/crates.io-index"
        ],
        [
          "tokio",
          "1.53.1",
          "registry+https://github.com/rust-lang/crates.io-index"
        ],
        [
          "tower-service",
          "0.3.3",
          "registry+https://github.com/rust-lang/crates.io-index"
        ],
        [
          "tracing",
          "0.1.44",
          "registry+https://github.com/rust-lang/crates.io-index"
        ]
      ]
    },
    {
      "package": [
        "indexmap",
        "2.14.2",
        "registry+https://github.com/rust-lang/crates.io-index"
      ],
      "features": [
        "default",
        "std"
      ],
      "dependencies": [
        [
          "equivalent",
          "1.0.2",
          "registry+https://github.com/rust-lang/crates.io-index"
        ],
        [
          "hashbrown",
          "0.17.1",
          "registry+https://github.com/rust-lang/crates.io-index"
        ]
      ]
    },
    {
      "package": [
        "itertools",
        "0.14.0",
        "registry+https://github.com/rust-lang/crates.io-index"
      ],
      "features": [
        "default",
        "use_alloc",
        "use_std"
      ],
      "dependencies": [
        [
          "either",
          "1.18.0",
          "registry+https://github.com/rust-lang/crates.io-index"
        ]
      ]
    },
    {
      "package": [
        "itoa",
        "1.0.18",
        "registry+https://github.com/rust-lang/crates.io-index"
      ],
      "features": [],
      "dependencies": []
    },
    {
      "package": [
        "libc",
        "0.2.189",
        "registry+https://github.com/rust-lang/crates.io-index"
      ],
      "features": [
        "default",
        "std"
      ],
      "dependencies": []
    },
    {
      "package": [
        "linkme",
        "0.3.37",
        "registry+https://github.com/rust-lang/crates.io-index"
      ],
      "features": [],
      "dependencies": [
        [
          "linkme-impl",
          "0.3.37",
          "registry+https://github.com/rust-lang/crates.io-index"
        ]
      ]
    },
    {
      "package": [
        "linkme-impl",
        "0.3.37",
        "registry+https://github.com/rust-lang/crates.io-index"
      ],
      "features": [],
      "dependencies": [
        [
          "proc-macro2",
          "1.0.107",
          "registry+https://github.com/rust-lang/crates.io-index"
        ],
        [
          "quote",
          "1.0.47",
          "registry+https://github.com/rust-lang/crates.io-index"
        ],
        [
          "syn",
          "3.0.6",
          "registry+https://github.com/rust-lang/crates.io-index"
        ]
      ]
    },
    {
      "package": [
        "linux-raw-sys",
        "0.12.1",
        "registry+https://github.com/rust-lang/crates.io-index"
      ],
      "features": [
        "auxvec",
        "elf",
        "errno",
        "general",
        "ioctl",
        "no_std"
      ],
      "dependencies": []
    },
    {
      "package": [
        "log",
        "0.4.34",
        "registry+https://github.com/rust-lang/crates.io-index"
      ],
      "features": [],
      "dependencies": []
    },
    {
      "package": [
        "matchit",
        "0.8.4",
        "registry+https://github.com/rust-lang/crates.io-index"
      ],
      "features": [
        "default"
      ],
      "dependencies": []
    },
    {
      "package": [
        "memchr",
        "2.8.3",
        "registry+https://github.com/rust-lang/crates.io-index"
      ],
      "features": [
        "alloc",
        "default",
        "std"
      ],
      "dependencies": []
    },
    {
      "package": [
        "mime",
        "0.3.17",
        "registry+https://github.com/rust-lang/crates.io-index"
      ],
      "features": [],
      "dependencies": []
    },
    {
      "package": [
        "miniz_oxide",
        "0.9.1",
        "registry+https://github.com/rust-lang/crates.io-index"
      ],
      "features": [
        "default",
        "simd",
        "simd-adler32",
        "with-alloc"
      ],
      "dependencies": [
        [
          "adler2",
          "2.0.1",
          "registry+https://github.com/rust-lang/crates.io-index"
        ],
        [
          "simd-adler32",
          "0.3.10",
          "registry+https://github.com/rust-lang/crates.io-index"
        ]
      ]
    },
    {
      "package": [
        "mio",
        "1.2.3",
        "registry+https://github.com/rust-lang/crates.io-index"
      ],
      "features": [
        "net",
        "os-ext",
        "os-poll"
      ],
      "dependencies": [
        [
          "libc",
          "0.2.189",
          "registry+https://github.com/rust-lang/crates.io-index"
        ],
        [
          "wasi",
          "0.11.1+wasi-snapshot-preview1",
          "registry+https://github.com/rust-lang/crates.io-index"
        ],
        [
          "windows-sys",
          "0.61.2",
          "registry+https://github.com/rust-lang/crates.io-index"
        ]
      ]
    },
    {
      "package": [
        "multimap",
        "0.10.1",
        "registry+https://github.com/rust-lang/crates.io-index"
      ],
      "features": [],
      "dependencies": []
    },
    {
      "package": [
        "once_cell",
        "1.21.4",
        "registry+https://github.com/rust-lang/crates.io-index"
      ],
      "features": [
        "alloc",
        "default",
        "race",
        "std"
      ],
      "dependencies": []
    },
    {
      "package": [
        "paste",
        "1.0.15",
        "registry+https://github.com/rust-lang/crates.io-index"
      ],
      "features": [],
      "dependencies": []
    },
    {
      "package": [
        "paste-complete",
        "1.0.15",
        "registry+https://github.com/rust-lang/crates.io-index"
      ],
      "features": [],
      "dependencies": []
    },
    {
      "package": [
        "pbrs",
        "0.2.0",
        ""
      ],
      "features": [
        "codegen",
        "conformance",
        "copy-counts",
        "default",
        "json",
        "reflect",
        "text"
      ],
      "dependencies": [
        [
          "bytes",
          "1.12.1",
          "registry+https://github.com/rust-lang/crates.io-index"
        ],
        [
          "paste",
          "1.0.15",
          "registry+https://github.com/rust-lang/crates.io-index"
        ],
        [
          "serde",
          "1.0.229",
          "registry+https://github.com/rust-lang/crates.io-index"
        ],
        [
          "serde_json",
          "1.0.151",
          "registry+https://github.com/rust-lang/crates.io-index"
        ],
        [
          "simdutf8",
          "0.1.5",
          "registry+https://github.com/rust-lang/crates.io-index"
        ]
      ]
    },
    {
      "package": [
        "pbrs-adoption-corpus",
        "0.0.0",
        ""
      ],
      "features": [
        "bridge",
        "default"
      ],
      "dependencies": [
        [
          "pbrs",
          "0.2.0",
          ""
        ],
        [
          "prost",
          "0.14.4",
          "registry+https://github.com/rust-lang/crates.io-index"
        ],
        [
          "prost-build",
          "0.14.4",
          "registry+https://github.com/rust-lang/crates.io-index"
        ],
        [
          "protobuf-tonic",
          "0.1.0-alpha.2",
          ""
        ],
        [
          "serde_json",
          "1.0.151",
          "registry+https://github.com/rust-lang/crates.io-index"
        ]
      ]
    },
    {
      "package": [
        "pbrs-grpc",
        "0.1.0-alpha.2",
        ""
      ],
      "features": [
        "copy-counts",
        "prost",
        "tonic",
        "tower"
      ],
      "dependencies": [
        [
          "base64",
          "0.22.1",
          "registry+https://github.com/rust-lang/crates.io-index"
        ],
        [
          "bytes",
          "1.12.1",
          "registry+https://github.com/rust-lang/crates.io-index"
        ],
        [
          "flate2",
          "1.1.10",
          "registry+https://github.com/rust-lang/crates.io-index"
        ],
        [
          "futures-core",
          "0.3.34",
          "registry+https://github.com/rust-lang/crates.io-index"
        ],
        [
          "h2",
          "0.4.19",
          "registry+https://github.com/rust-lang/crates.io-index"
        ],
        [
          "http",
          "1.5.0",
          "registry+https://github.com/rust-lang/crates.io-index"
        ],
        [
          "http-body",
          "1.1.0",
          "registry+https://github.com/rust-lang/crates.io-index"
        ],
        [
          "http-body-util",
          "0.1.5",
          "registry+https://github.com/rust-lang/crates.io-index"
        ],
        [
          "libc",
          "0.2.189",
          "registry+https://github.com/rust-lang/crates.io-index"
        ],
        [
          "pbrs",
          "0.2.0",
          ""
        ],
        [
          "prost",
          "0.14.4",
          "registry+https://github.com/rust-lang/crates.io-index"
        ],
        [
          "rustls",
          "0.23.45",
          "registry+https://github.com/rust-lang/crates.io-index"
        ],
        [
          "rustls-graviola",
          "0.2.1",
          "registry+https://github.com/rust-lang/crates.io-index"
        ],
        [
          "rustls-pemfile",
          "2.2.0",
          "registry+https://github.com/rust-lang/crates.io-index"
        ],
        [
          "serde_json",
          "1.0.151",
          "registry+https://github.com/rust-lang/crates.io-index"
        ],
        [
          "socket2",
          "0.6.5",
          "registry+https://github.com/rust-lang/crates.io-index"
        ],
        [
          "tokio",
          "1.53.1",
          "registry+https://github.com/rust-lang/crates.io-index"
        ],
        [
          "tokio-rustls",
          "0.26.5",
          "registry+https://github.com/rust-lang/crates.io-index"
        ],
        [
          "tonic",
          "0.14.6",
          "registry+https://github.com/rust-lang/crates.io-index"
        ],
        [
          "tower",
          "0.5.3",
          "registry+https://github.com/rust-lang/crates.io-index"
        ],
        [
          "webpki-roots",
          "1.0.9",
          "registry+https://github.com/rust-lang/crates.io-index"
        ]
      ]
    },
    {
      "package": [
        "percent-encoding",
        "2.3.2",
        "registry+https://github.com/rust-lang/crates.io-index"
      ],
      "features": [
        "alloc",
        "default",
        "std"
      ],
      "dependencies": []
    },
    {
      "package": [
        "petgraph",
        "0.7.1",
        "registry+https://github.com/rust-lang/crates.io-index"
      ],
      "features": [],
      "dependencies": [
        [
          "fixedbitset",
          "0.5.7",
          "registry+https://github.com/rust-lang/crates.io-index"
        ],
        [
          "indexmap",
          "2.14.2",
          "registry+https://github.com/rust-lang/crates.io-index"
        ]
      ]
    },
    {
      "package": [
        "petgraph",
        "0.8.3",
        "registry+https://github.com/rust-lang/crates.io-index"
      ],
      "features": [
        "std"
      ],
      "dependencies": [
        [
          "fixedbitset",
          "0.5.7",
          "registry+https://github.com/rust-lang/crates.io-index"
        ],
        [
          "hashbrown",
          "0.15.5",
          "registry+https://github.com/rust-lang/crates.io-index"
        ],
        [
          "indexmap",
          "2.14.2",
          "registry+https://github.com/rust-lang/crates.io-index"
        ]
      ]
    },
    {
      "package": [
        "pin-project",
        "1.1.13",
        "registry+https://github.com/rust-lang/crates.io-index"
      ],
      "features": [],
      "dependencies": [
        [
          "pin-project-internal",
          "1.1.13",
          "registry+https://github.com/rust-lang/crates.io-index"
        ]
      ]
    },
    {
      "package": [
        "pin-project-internal",
        "1.1.13",
        "registry+https://github.com/rust-lang/crates.io-index"
      ],
      "features": [],
      "dependencies": [
        [
          "proc-macro2",
          "1.0.107",
          "registry+https://github.com/rust-lang/crates.io-index"
        ],
        [
          "quote",
          "1.0.47",
          "registry+https://github.com/rust-lang/crates.io-index"
        ],
        [
          "syn",
          "2.0.119",
          "registry+https://github.com/rust-lang/crates.io-index"
        ]
      ]
    },
    {
      "package": [
        "pin-project-lite",
        "0.2.17",
        "registry+https://github.com/rust-lang/crates.io-index"
      ],
      "features": [],
      "dependencies": []
    },
    {
      "package": [
        "prettyplease",
        "0.2.37",
        "registry+https://github.com/rust-lang/crates.io-index"
      ],
      "features": [],
      "dependencies": [
        [
          "proc-macro2",
          "1.0.107",
          "registry+https://github.com/rust-lang/crates.io-index"
        ],
        [
          "syn",
          "2.0.119",
          "registry+https://github.com/rust-lang/crates.io-index"
        ]
      ]
    },
    {
      "package": [
        "proc-macro2",
        "1.0.107",
        "registry+https://github.com/rust-lang/crates.io-index"
      ],
      "features": [
        "default",
        "proc-macro"
      ],
      "dependencies": [
        [
          "unicode-ident",
          "1.0.26",
          "registry+https://github.com/rust-lang/crates.io-index"
        ]
      ]
    },
    {
      "package": [
        "prost",
        "0.13.5",
        "registry+https://github.com/rust-lang/crates.io-index"
      ],
      "features": [
        "default",
        "derive",
        "prost-derive",
        "std"
      ],
      "dependencies": [
        [
          "bytes",
          "1.12.1",
          "registry+https://github.com/rust-lang/crates.io-index"
        ],
        [
          "prost-derive",
          "0.13.5",
          "registry+https://github.com/rust-lang/crates.io-index"
        ]
      ]
    },
    {
      "package": [
        "prost",
        "0.14.4",
        "registry+https://github.com/rust-lang/crates.io-index"
      ],
      "features": [
        "default",
        "derive",
        "std"
      ],
      "dependencies": [
        [
          "bytes",
          "1.12.1",
          "registry+https://github.com/rust-lang/crates.io-index"
        ],
        [
          "prost-derive",
          "0.14.4",
          "registry+https://github.com/rust-lang/crates.io-index"
        ]
      ]
    },
    {
      "package": [
        "prost-build",
        "0.13.5",
        "registry+https://github.com/rust-lang/crates.io-index"
      ],
      "features": [
        "default",
        "format"
      ],
      "dependencies": [
        [
          "heck",
          "0.5.0",
          "registry+https://github.com/rust-lang/crates.io-index"
        ],
        [
          "itertools",
          "0.14.0",
          "registry+https://github.com/rust-lang/crates.io-index"
        ],
        [
          "log",
          "0.4.34",
          "registry+https://github.com/rust-lang/crates.io-index"
        ],
        [
          "multimap",
          "0.10.1",
          "registry+https://github.com/rust-lang/crates.io-index"
        ],
        [
          "once_cell",
          "1.21.4",
          "registry+https://github.com/rust-lang/crates.io-index"
        ],
        [
          "petgraph",
          "0.7.1",
          "registry+https://github.com/rust-lang/crates.io-index"
        ],
        [
          "prettyplease",
          "0.2.37",
          "registry+https://github.com/rust-lang/crates.io-index"
        ],
        [
          "prost",
          "0.13.5",
          "registry+https://github.com/rust-lang/crates.io-index"
        ],
        [
          "prost-types",
          "0.13.5",
          "registry+https://github.com/rust-lang/crates.io-index"
        ],
        [
          "regex",
          "1.13.1",
          "registry+https://github.com/rust-lang/crates.io-index"
        ],
        [
          "syn",
          "2.0.119",
          "registry+https://github.com/rust-lang/crates.io-index"
        ],
        [
          "tempfile",
          "3.27.0",
          "registry+https://github.com/rust-lang/crates.io-index"
        ]
      ]
    },
    {
      "package": [
        "prost-build",
        "0.14.4",
        "registry+https://github.com/rust-lang/crates.io-index"
      ],
      "features": [
        "cleanup-markdown",
        "default",
        "format"
      ],
      "dependencies": [
        [
          "heck",
          "0.5.0",
          "registry+https://github.com/rust-lang/crates.io-index"
        ],
        [
          "itertools",
          "0.14.0",
          "registry+https://github.com/rust-lang/crates.io-index"
        ],
        [
          "log",
          "0.4.34",
          "registry+https://github.com/rust-lang/crates.io-index"
        ],
        [
          "multimap",
          "0.10.1",
          "registry+https://github.com/rust-lang/crates.io-index"
        ],
        [
          "petgraph",
          "0.8.3",
          "registry+https://github.com/rust-lang/crates.io-index"
        ],
        [
          "prettyplease",
          "0.2.37",
          "registry+https://github.com/rust-lang/crates.io-index"
        ],
        [
          "prost",
          "0.14.4",
          "registry+https://github.com/rust-lang/crates.io-index"
        ],
        [
          "prost-types",
          "0.14.4",
          "registry+https://github.com/rust-lang/crates.io-index"
        ],
        [
          "pulldown-cmark",
          "0.13.4",
          "registry+https://github.com/rust-lang/crates.io-index"
        ],
        [
          "pulldown-cmark-to-cmark",
          "22.0.1",
          "registry+https://github.com/rust-lang/crates.io-index"
        ],
        [
          "regex",
          "1.13.1",
          "registry+https://github.com/rust-lang/crates.io-index"
        ],
        [
          "syn",
          "2.0.119",
          "registry+https://github.com/rust-lang/crates.io-index"
        ],
        [
          "tempfile",
          "3.27.0",
          "registry+https://github.com/rust-lang/crates.io-index"
        ]
      ]
    },
    {
      "package": [
        "prost-derive",
        "0.13.5",
        "registry+https://github.com/rust-lang/crates.io-index"
      ],
      "features": [],
      "dependencies": [
        [
          "anyhow",
          "1.0.104",
          "registry+https://github.com/rust-lang/crates.io-index"
        ],
        [
          "itertools",
          "0.14.0",
          "registry+https://github.com/rust-lang/crates.io-index"
        ],
        [
          "proc-macro2",
          "1.0.107",
          "registry+https://github.com/rust-lang/crates.io-index"
        ],
        [
          "quote",
          "1.0.47",
          "registry+https://github.com/rust-lang/crates.io-index"
        ],
        [
          "syn",
          "2.0.119",
          "registry+https://github.com/rust-lang/crates.io-index"
        ]
      ]
    },
    {
      "package": [
        "prost-derive",
        "0.14.4",
        "registry+https://github.com/rust-lang/crates.io-index"
      ],
      "features": [],
      "dependencies": [
        [
          "anyhow",
          "1.0.104",
          "registry+https://github.com/rust-lang/crates.io-index"
        ],
        [
          "itertools",
          "0.14.0",
          "registry+https://github.com/rust-lang/crates.io-index"
        ],
        [
          "proc-macro2",
          "1.0.107",
          "registry+https://github.com/rust-lang/crates.io-index"
        ],
        [
          "quote",
          "1.0.47",
          "registry+https://github.com/rust-lang/crates.io-index"
        ],
        [
          "syn",
          "2.0.119",
          "registry+https://github.com/rust-lang/crates.io-index"
        ]
      ]
    },
    {
      "package": [
        "prost-types",
        "0.13.5",
        "registry+https://github.com/rust-lang/crates.io-index"
      ],
      "features": [
        "default",
        "std"
      ],
      "dependencies": [
        [
          "prost",
          "0.13.5",
          "registry+https://github.com/rust-lang/crates.io-index"
        ]
      ]
    },
    {
      "package": [
        "prost-types",
        "0.14.4",
        "registry+https://github.com/rust-lang/crates.io-index"
      ],
      "features": [
        "default",
        "std"
      ],
      "dependencies": [
        [
          "prost",
          "0.14.4",
          "registry+https://github.com/rust-lang/crates.io-index"
        ]
      ]
    },
    {
      "package": [
        "prost_tat",
        "0.0.1",
        ""
      ],
      "features": [],
      "dependencies": [
        [
          "prost",
          "0.13.5",
          "registry+https://github.com/rust-lang/crates.io-index"
        ],
        [
          "prost-build",
          "0.13.5",
          "registry+https://github.com/rust-lang/crates.io-index"
        ],
        [
          "prost-types",
          "0.13.5",
          "registry+https://github.com/rust-lang/crates.io-index"
        ]
      ]
    },
    {
      "package": [
        "protobuf",
        "4.35.1-release",
        "registry+https://github.com/rust-lang/crates.io-index"
      ],
      "features": [],
      "dependencies": [
        [
          "cc",
          "1.5.1",
          "registry+https://github.com/rust-lang/crates.io-index"
        ],
        [
          "linkme",
          "0.3.37",
          "registry+https://github.com/rust-lang/crates.io-index"
        ],
        [
          "paste-complete",
          "1.0.15",
          "registry+https://github.com/rust-lang/crates.io-index"
        ],
        [
          "protobuf-macros",
          "4.35.1-release",
          "registry+https://github.com/rust-lang/crates.io-index"
        ]
      ]
    },
    {
      "package": [
        "protobuf-macros",
        "4.35.1-release",
        "registry+https://github.com/rust-lang/crates.io-index"
      ],
      "features": [],
      "dependencies": [
        [
          "quote",
          "1.0.47",
          "registry+https://github.com/rust-lang/crates.io-index"
        ],
        [
          "syn",
          "2.0.119",
          "registry+https://github.com/rust-lang/crates.io-index"
        ]
      ]
    },
    {
      "package": [
        "protobuf-tonic",
        "0.1.0-alpha.2",
        ""
      ],
      "features": [],
      "dependencies": [
        [
          "bytes",
          "1.12.1",
          "registry+https://github.com/rust-lang/crates.io-index"
        ],
        [
          "http",
          "1.5.0",
          "registry+https://github.com/rust-lang/crates.io-index"
        ],
        [
          "pbrs",
          "0.2.0",
          ""
        ],
        [
          "prost",
          "0.14.4",
          "registry+https://github.com/rust-lang/crates.io-index"
        ],
        [
          "tokio",
          "1.53.1",
          "registry+https://github.com/rust-lang/crates.io-index"
        ],
        [
          "tokio-stream",
          "0.1.19",
          "registry+https://github.com/rust-lang/crates.io-index"
        ],
        [
          "tonic",
          "0.14.6",
          "registry+https://github.com/rust-lang/crates.io-index"
        ],
        [
          "tonic-prost-build",
          "0.14.6",
          "registry+https://github.com/rust-lang/crates.io-index"
        ]
      ]
    },
    {
      "package": [
        "pulldown-cmark",
        "0.13.4",
        "registry+https://github.com/rust-lang/crates.io-index"
      ],
      "features": [],
      "dependencies": [
        [
          "bitflags",
          "2.13.2",
          "registry+https://github.com/rust-lang/crates.io-index"
        ],
        [
          "memchr",
          "2.8.3",
          "registry+https://github.com/rust-lang/crates.io-index"
        ],
        [
          "unicase",
          "2.9.0",
          "registry+https://github.com/rust-lang/crates.io-index"
        ]
      ]
    },
    {
      "package": [
        "pulldown-cmark-to-cmark",
        "22.0.1",
        "registry+https://github.com/rust-lang/crates.io-index"
      ],
      "features": [],
      "dependencies": [
        [
          "pulldown-cmark",
          "0.13.4",
          "registry+https://github.com/rust-lang/crates.io-index"
        ]
      ]
    },
    {
      "package": [
        "quote",
        "1.0.47",
        "registry+https://github.com/rust-lang/crates.io-index"
      ],
      "features": [
        "default",
        "proc-macro"
      ],
      "dependencies": [
        [
          "proc-macro2",
          "1.0.107",
          "registry+https://github.com/rust-lang/crates.io-index"
        ]
      ]
    },
    {
      "package": [
        "r-efi",
        "5.3.0",
        "registry+https://github.com/rust-lang/crates.io-index"
      ],
      "features": [],
      "dependencies": []
    },
    {
      "package": [
        "r-efi",
        "6.0.0",
        "registry+https://github.com/rust-lang/crates.io-index"
      ],
      "features": [],
      "dependencies": []
    },
    {
      "package": [
        "regex",
        "1.13.1",
        "registry+https://github.com/rust-lang/crates.io-index"
      ],
      "features": [
        "std",
        "unicode-bool"
      ],
      "dependencies": [
        [
          "aho-corasick",
          "1.1.5",
          "registry+https://github.com/rust-lang/crates.io-index"
        ],
        [
          "memchr",
          "2.8.3",
          "registry+https://github.com/rust-lang/crates.io-index"
        ],
        [
          "regex-automata",
          "0.4.18",
          "registry+https://github.com/rust-lang/crates.io-index"
        ],
        [
          "regex-syntax",
          "0.8.11",
          "registry+https://github.com/rust-lang/crates.io-index"
        ]
      ]
    },
    {
      "package": [
        "regex-automata",
        "0.4.18",
        "registry+https://github.com/rust-lang/crates.io-index"
      ],
      "features": [
        "alloc",
        "meta",
        "nfa-pikevm",
        "nfa-thompson",
        "std",
        "syntax",
        "unicode-bool"
      ],
      "dependencies": [
        [
          "aho-corasick",
          "1.1.5",
          "registry+https://github.com/rust-lang/crates.io-index"
        ],
        [
          "memchr",
          "2.8.3",
          "registry+https://github.com/rust-lang/crates.io-index"
        ],
        [
          "regex-syntax",
          "0.8.11",
          "registry+https://github.com/rust-lang/crates.io-index"
        ]
      ]
    },
    {
      "package": [
        "regex-syntax",
        "0.8.11",
        "registry+https://github.com/rust-lang/crates.io-index"
      ],
      "features": [
        "std",
        "unicode-bool"
      ],
      "dependencies": []
    },
    {
      "package": [
        "ring",
        "0.17.14",
        "registry+https://github.com/rust-lang/crates.io-index"
      ],
      "features": [
        "alloc"
      ],
      "dependencies": [
        [
          "cc",
          "1.5.1",
          "registry+https://github.com/rust-lang/crates.io-index"
        ],
        [
          "cfg-if",
          "1.0.5",
          "registry+https://github.com/rust-lang/crates.io-index"
        ],
        [
          "getrandom",
          "0.2.17",
          "registry+https://github.com/rust-lang/crates.io-index"
        ],
        [
          "libc",
          "0.2.189",
          "registry+https://github.com/rust-lang/crates.io-index"
        ],
        [
          "untrusted",
          "0.9.0",
          "registry+https://github.com/rust-lang/crates.io-index"
        ],
        [
          "windows-sys",
          "0.52.0",
          "registry+https://github.com/rust-lang/crates.io-index"
        ]
      ]
    },
    {
      "package": [
        "rustix",
        "1.1.5",
        "registry+https://github.com/rust-lang/crates.io-index"
      ],
      "features": [
        "alloc",
        "default",
        "fs",
        "std"
      ],
      "dependencies": [
        [
          "bitflags",
          "2.13.2",
          "registry+https://github.com/rust-lang/crates.io-index"
        ],
        [
          "errno",
          "0.3.14",
          "registry+https://github.com/rust-lang/crates.io-index"
        ],
        [
          "libc",
          "0.2.189",
          "registry+https://github.com/rust-lang/crates.io-index"
        ],
        [
          "linux-raw-sys",
          "0.12.1",
          "registry+https://github.com/rust-lang/crates.io-index"
        ],
        [
          "windows-sys",
          "0.61.2",
          "registry+https://github.com/rust-lang/crates.io-index"
        ]
      ]
    },
    {
      "package": [
        "rustls",
        "0.23.45",
        "registry+https://github.com/rust-lang/crates.io-index"
      ],
      "features": [
        "log",
        "logging",
        "std",
        "tls12"
      ],
      "dependencies": [
        [
          "log",
          "0.4.34",
          "registry+https://github.com/rust-lang/crates.io-index"
        ],
        [
          "once_cell",
          "1.21.4",
          "registry+https://github.com/rust-lang/crates.io-index"
        ],
        [
          "rustls-pki-types",
          "1.15.1",
          "registry+https://github.com/rust-lang/crates.io-index"
        ],
        [
          "rustls-webpki",
          "0.103.15",
          "registry+https://github.com/rust-lang/crates.io-index"
        ],
        [
          "subtle",
          "2.6.1",
          "registry+https://github.com/rust-lang/crates.io-index"
        ],
        [
          "zeroize",
          "1.9.0",
          "registry+https://github.com/rust-lang/crates.io-index"
        ]
      ]
    },
    {
      "package": [
        "rustls-graviola",
        "0.2.1",
        "registry+https://github.com/rust-lang/crates.io-index"
      ],
      "features": [],
      "dependencies": [
        [
          "graviola",
          "0.2.1",
          "registry+https://github.com/rust-lang/crates.io-index"
        ],
        [
          "rustls",
          "0.23.45",
          "registry+https://github.com/rust-lang/crates.io-index"
        ]
      ]
    },
    {
      "package": [
        "rustls-pemfile",
        "2.2.0",
        "registry+https://github.com/rust-lang/crates.io-index"
      ],
      "features": [
        "default",
        "std"
      ],
      "dependencies": [
        [
          "rustls-pki-types",
          "1.15.1",
          "registry+https://github.com/rust-lang/crates.io-index"
        ]
      ]
    },
    {
      "package": [
        "rustls-pki-types",
        "1.15.1",
        "registry+https://github.com/rust-lang/crates.io-index"
      ],
      "features": [
        "alloc",
        "default",
        "std"
      ],
      "dependencies": [
        [
          "zeroize",
          "1.9.0",
          "registry+https://github.com/rust-lang/crates.io-index"
        ]
      ]
    },
    {
      "package": [
        "rustls-webpki",
        "0.103.15",
        "registry+https://github.com/rust-lang/crates.io-index"
      ],
      "features": [
        "alloc",
        "std"
      ],
      "dependencies": [
        [
          "ring",
          "0.17.14",
          "registry+https://github.com/rust-lang/crates.io-index"
        ],
        [
          "rustls-pki-types",
          "1.15.1",
          "registry+https://github.com/rust-lang/crates.io-index"
        ],
        [
          "untrusted",
          "0.9.0",
          "registry+https://github.com/rust-lang/crates.io-index"
        ]
      ]
    },
    {
      "package": [
        "serde",
        "1.0.229",
        "registry+https://github.com/rust-lang/crates.io-index"
      ],
      "features": [
        "default",
        "derive",
        "serde_derive",
        "std"
      ],
      "dependencies": [
        [
          "serde_core",
          "1.0.229",
          "registry+https://github.com/rust-lang/crates.io-index"
        ],
        [
          "serde_derive",
          "1.0.229",
          "registry+https://github.com/rust-lang/crates.io-index"
        ]
      ]
    },
    {
      "package": [
        "serde_core",
        "1.0.229",
        "registry+https://github.com/rust-lang/crates.io-index"
      ],
      "features": [
        "default",
        "result",
        "std"
      ],
      "dependencies": [
        [
          "serde_derive",
          "1.0.229",
          "registry+https://github.com/rust-lang/crates.io-index"
        ]
      ]
    },
    {
      "package": [
        "serde_derive",
        "1.0.229",
        "registry+https://github.com/rust-lang/crates.io-index"
      ],
      "features": [
        "default"
      ],
      "dependencies": [
        [
          "proc-macro2",
          "1.0.107",
          "registry+https://github.com/rust-lang/crates.io-index"
        ],
        [
          "quote",
          "1.0.47",
          "registry+https://github.com/rust-lang/crates.io-index"
        ],
        [
          "syn",
          "3.0.6",
          "registry+https://github.com/rust-lang/crates.io-index"
        ]
      ]
    },
    {
      "package": [
        "serde_json",
        "1.0.151",
        "registry+https://github.com/rust-lang/crates.io-index"
      ],
      "features": [
        "arbitrary_precision",
        "default",
        "std"
      ],
      "dependencies": [
        [
          "itoa",
          "1.0.18",
          "registry+https://github.com/rust-lang/crates.io-index"
        ],
        [
          "memchr",
          "2.8.3",
          "registry+https://github.com/rust-lang/crates.io-index"
        ],
        [
          "serde",
          "1.0.229",
          "registry+https://github.com/rust-lang/crates.io-index"
        ],
        [
          "serde_core",
          "1.0.229",
          "registry+https://github.com/rust-lang/crates.io-index"
        ],
        [
          "zmij",
          "1.0.23",
          "registry+https://github.com/rust-lang/crates.io-index"
        ]
      ]
    },
    {
      "package": [
        "shlex",
        "2.0.1",
        "registry+https://github.com/rust-lang/crates.io-index"
      ],
      "features": [
        "default",
        "std"
      ],
      "dependencies": []
    },
    {
      "package": [
        "simd-adler32",
        "0.3.10",
        "registry+https://github.com/rust-lang/crates.io-index"
      ],
      "features": [],
      "dependencies": []
    },
    {
      "package": [
        "simdutf8",
        "0.1.5",
        "registry+https://github.com/rust-lang/crates.io-index"
      ],
      "features": [
        "default",
        "std"
      ],
      "dependencies": []
    },
    {
      "package": [
        "slab",
        "0.4.12",
        "registry+https://github.com/rust-lang/crates.io-index"
      ],
      "features": [
        "default",
        "std"
      ],
      "dependencies": []
    },
    {
      "package": [
        "smallvec",
        "1.16.2",
        "registry+https://github.com/rust-lang/crates.io-index"
      ],
      "features": [
        "const_generics",
        "const_new"
      ],
      "dependencies": []
    },
    {
      "package": [
        "socket2",
        "0.6.5",
        "registry+https://github.com/rust-lang/crates.io-index"
      ],
      "features": [
        "all"
      ],
      "dependencies": [
        [
          "libc",
          "0.2.189",
          "registry+https://github.com/rust-lang/crates.io-index"
        ],
        [
          "windows-sys",
          "0.61.2",
          "registry+https://github.com/rust-lang/crates.io-index"
        ]
      ]
    },
    {
      "package": [
        "subtle",
        "2.6.1",
        "registry+https://github.com/rust-lang/crates.io-index"
      ],
      "features": [],
      "dependencies": []
    },
    {
      "package": [
        "syn",
        "2.0.119",
        "registry+https://github.com/rust-lang/crates.io-index"
      ],
      "features": [
        "clone-impls",
        "default",
        "derive",
        "extra-traits",
        "full",
        "parsing",
        "printing",
        "proc-macro",
        "visit-mut"
      ],
      "dependencies": [
        [
          "proc-macro2",
          "1.0.107",
          "registry+https://github.com/rust-lang/crates.io-index"
        ],
        [
          "quote",
          "1.0.47",
          "registry+https://github.com/rust-lang/crates.io-index"
        ],
        [
          "unicode-ident",
          "1.0.26",
          "registry+https://github.com/rust-lang/crates.io-index"
        ]
      ]
    },
    {
      "package": [
        "syn",
        "3.0.6",
        "registry+https://github.com/rust-lang/crates.io-index"
      ],
      "features": [
        "clone-impls",
        "default",
        "derive",
        "full",
        "parsing",
        "printing",
        "proc-macro",
        "visit-mut"
      ],
      "dependencies": [
        [
          "proc-macro2",
          "1.0.107",
          "registry+https://github.com/rust-lang/crates.io-index"
        ],
        [
          "quote",
          "1.0.47",
          "registry+https://github.com/rust-lang/crates.io-index"
        ],
        [
          "unicode-ident",
          "1.0.26",
          "registry+https://github.com/rust-lang/crates.io-index"
        ]
      ]
    },
    {
      "package": [
        "sync_wrapper",
        "1.0.2",
        "registry+https://github.com/rust-lang/crates.io-index"
      ],
      "features": [],
      "dependencies": []
    },
    {
      "package": [
        "tempfile",
        "3.27.0",
        "registry+https://github.com/rust-lang/crates.io-index"
      ],
      "features": [
        "default",
        "getrandom"
      ],
      "dependencies": [
        [
          "fastrand",
          "2.5.0",
          "registry+https://github.com/rust-lang/crates.io-index"
        ],
        [
          "getrandom",
          "0.4.3",
          "registry+https://github.com/rust-lang/crates.io-index"
        ],
        [
          "once_cell",
          "1.21.4",
          "registry+https://github.com/rust-lang/crates.io-index"
        ],
        [
          "rustix",
          "1.1.5",
          "registry+https://github.com/rust-lang/crates.io-index"
        ],
        [
          "windows-sys",
          "0.61.2",
          "registry+https://github.com/rust-lang/crates.io-index"
        ]
      ]
    },
    {
      "package": [
        "tokio",
        "1.53.1",
        "registry+https://github.com/rust-lang/crates.io-index"
      ],
      "features": [
        "bytes",
        "default",
        "fs",
        "io-util",
        "libc",
        "macros",
        "mio",
        "net",
        "rt",
        "rt-multi-thread",
        "socket2",
        "sync",
        "time",
        "tokio-macros",
        "windows-sys"
      ],
      "dependencies": [
        [
          "bytes",
          "1.12.1",
          "registry+https://github.com/rust-lang/crates.io-index"
        ],
        [
          "libc",
          "0.2.189",
          "registry+https://github.com/rust-lang/crates.io-index"
        ],
        [
          "mio",
          "1.2.3",
          "registry+https://github.com/rust-lang/crates.io-index"
        ],
        [
          "pin-project-lite",
          "0.2.17",
          "registry+https://github.com/rust-lang/crates.io-index"
        ],
        [
          "socket2",
          "0.6.5",
          "registry+https://github.com/rust-lang/crates.io-index"
        ],
        [
          "tokio-macros",
          "2.7.2",
          "registry+https://github.com/rust-lang/crates.io-index"
        ],
        [
          "windows-sys",
          "0.61.2",
          "registry+https://github.com/rust-lang/crates.io-index"
        ]
      ]
    },
    {
      "package": [
        "tokio-macros",
        "2.7.2",
        "registry+https://github.com/rust-lang/crates.io-index"
      ],
      "features": [],
      "dependencies": [
        [
          "proc-macro2",
          "1.0.107",
          "registry+https://github.com/rust-lang/crates.io-index"
        ],
        [
          "quote",
          "1.0.47",
          "registry+https://github.com/rust-lang/crates.io-index"
        ],
        [
          "syn",
          "3.0.6",
          "registry+https://github.com/rust-lang/crates.io-index"
        ]
      ]
    },
    {
      "package": [
        "tokio-rustls",
        "0.26.5",
        "registry+https://github.com/rust-lang/crates.io-index"
      ],
      "features": [
        "logging",
        "tls12"
      ],
      "dependencies": [
        [
          "rustls",
          "0.23.45",
          "registry+https://github.com/rust-lang/crates.io-index"
        ],
        [
          "tokio",
          "1.53.1",
          "registry+https://github.com/rust-lang/crates.io-index"
        ]
      ]
    },
    {
      "package": [
        "tokio-stream",
        "0.1.19",
        "registry+https://github.com/rust-lang/crates.io-index"
      ],
      "features": [
        "default",
        "net",
        "time"
      ],
      "dependencies": [
        [
          "futures-core",
          "0.3.34",
          "registry+https://github.com/rust-lang/crates.io-index"
        ],
        [
          "pin-project-lite",
          "0.2.17",
          "registry+https://github.com/rust-lang/crates.io-index"
        ],
        [
          "tokio",
          "1.53.1",
          "registry+https://github.com/rust-lang/crates.io-index"
        ]
      ]
    },
    {
      "package": [
        "tokio-util",
        "0.7.19",
        "registry+https://github.com/rust-lang/crates.io-index"
      ],
      "features": [
        "codec",
        "default",
        "io",
        "libc"
      ],
      "dependencies": [
        [
          "bytes",
          "1.12.1",
          "registry+https://github.com/rust-lang/crates.io-index"
        ],
        [
          "futures-core",
          "0.3.34",
          "registry+https://github.com/rust-lang/crates.io-index"
        ],
        [
          "futures-sink",
          "0.3.34",
          "registry+https://github.com/rust-lang/crates.io-index"
        ],
        [
          "libc",
          "0.2.189",
          "registry+https://github.com/rust-lang/crates.io-index"
        ],
        [
          "pin-project-lite",
          "0.2.17",
          "registry+https://github.com/rust-lang/crates.io-index"
        ],
        [
          "tokio",
          "1.53.1",
          "registry+https://github.com/rust-lang/crates.io-index"
        ]
      ]
    },
    {
      "package": [
        "tonic",
        "0.14.6",
        "registry+https://github.com/rust-lang/crates.io-index"
      ],
      "features": [
        "_tls-any",
        "channel",
        "codegen",
        "gzip",
        "router",
        "server",
        "tls-connect-info",
        "transport"
      ],
      "dependencies": [
        [
          "async-trait",
          "0.1.92",
          "registry+https://github.com/rust-lang/crates.io-index"
        ],
        [
          "axum",
          "0.8.9",
          "registry+https://github.com/rust-lang/crates.io-index"
        ],
        [
          "base64",
          "0.22.1",
          "registry+https://github.com/rust-lang/crates.io-index"
        ],
        [
          "bytes",
          "1.12.1",
          "registry+https://github.com/rust-lang/crates.io-index"
        ],
        [
          "flate2",
          "1.1.10",
          "registry+https://github.com/rust-lang/crates.io-index"
        ],
        [
          "h2",
          "0.4.19",
          "registry+https://github.com/rust-lang/crates.io-index"
        ],
        [
          "http",
          "1.5.0",
          "registry+https://github.com/rust-lang/crates.io-index"
        ],
        [
          "http-body",
          "1.1.0",
          "registry+https://github.com/rust-lang/crates.io-index"
        ],
        [
          "http-body-util",
          "0.1.5",
          "registry+https://github.com/rust-lang/crates.io-index"
        ],
        [
          "hyper",
          "1.11.1",
          "registry+https://github.com/rust-lang/crates.io-index"
        ],
        [
          "hyper-timeout",
          "0.5.2",
          "registry+https://github.com/rust-lang/crates.io-index"
        ],
        [
          "hyper-util",
          "0.1.21",
          "registry+https://github.com/rust-lang/crates.io-index"
        ],
        [
          "percent-encoding",
          "2.3.2",
          "registry+https://github.com/rust-lang/crates.io-index"
        ],
        [
          "pin-project",
          "1.1.13",
          "registry+https://github.com/rust-lang/crates.io-index"
        ],
        [
          "socket2",
          "0.6.5",
          "registry+https://github.com/rust-lang/crates.io-index"
        ],
        [
          "sync_wrapper",
          "1.0.2",
          "registry+https://github.com/rust-lang/crates.io-index"
        ],
        [
          "tokio",
          "1.53.1",
          "registry+https://github.com/rust-lang/crates.io-index"
        ],
        [
          "tokio-rustls",
          "0.26.5",
          "registry+https://github.com/rust-lang/crates.io-index"
        ],
        [
          "tokio-stream",
          "0.1.19",
          "registry+https://github.com/rust-lang/crates.io-index"
        ],
        [
          "tower",
          "0.5.3",
          "registry+https://github.com/rust-lang/crates.io-index"
        ],
        [
          "tower-layer",
          "0.3.3",
          "registry+https://github.com/rust-lang/crates.io-index"
        ],
        [
          "tower-service",
          "0.3.3",
          "registry+https://github.com/rust-lang/crates.io-index"
        ],
        [
          "tracing",
          "0.1.44",
          "registry+https://github.com/rust-lang/crates.io-index"
        ]
      ]
    },
    {
      "package": [
        "tonic-build",
        "0.14.6",
        "registry+https://github.com/rust-lang/crates.io-index"
      ],
      "features": [
        "transport"
      ],
      "dependencies": [
        [
          "prettyplease",
          "0.2.37",
          "registry+https://github.com/rust-lang/crates.io-index"
        ],
        [
          "proc-macro2",
          "1.0.107",
          "registry+https://github.com/rust-lang/crates.io-index"
        ],
        [
          "quote",
          "1.0.47",
          "registry+https://github.com/rust-lang/crates.io-index"
        ],
        [
          "syn",
          "2.0.119",
          "registry+https://github.com/rust-lang/crates.io-index"
        ]
      ]
    },
    {
      "package": [
        "tonic-prost",
        "0.14.6",
        "registry+https://github.com/rust-lang/crates.io-index"
      ],
      "features": [],
      "dependencies": [
        [
          "bytes",
          "1.12.1",
          "registry+https://github.com/rust-lang/crates.io-index"
        ],
        [
          "prost",
          "0.14.4",
          "registry+https://github.com/rust-lang/crates.io-index"
        ],
        [
          "tonic",
          "0.14.6",
          "registry+https://github.com/rust-lang/crates.io-index"
        ]
      ]
    },
    {
      "package": [
        "tonic-prost-build",
        "0.14.6",
        "registry+https://github.com/rust-lang/crates.io-index"
      ],
      "features": [
        "cleanup-markdown",
        "default",
        "transport"
      ],
      "dependencies": [
        [
          "prettyplease",
          "0.2.37",
          "registry+https://github.com/rust-lang/crates.io-index"
        ],
        [
          "proc-macro2",
          "1.0.107",
          "registry+https://github.com/rust-lang/crates.io-index"
        ],
        [
          "prost-build",
          "0.14.4",
          "registry+https://github.com/rust-lang/crates.io-index"
        ],
        [
          "prost-types",
          "0.14.4",
          "registry+https://github.com/rust-lang/crates.io-index"
        ],
        [
          "quote",
          "1.0.47",
          "registry+https://github.com/rust-lang/crates.io-index"
        ],
        [
          "syn",
          "2.0.119",
          "registry+https://github.com/rust-lang/crates.io-index"
        ],
        [
          "tempfile",
          "3.27.0",
          "registry+https://github.com/rust-lang/crates.io-index"
        ],
        [
          "tonic-build",
          "0.14.6",
          "registry+https://github.com/rust-lang/crates.io-index"
        ]
      ]
    },
    {
      "package": [
        "tower",
        "0.5.3",
        "registry+https://github.com/rust-lang/crates.io-index"
      ],
      "features": [
        "balance",
        "buffer",
        "discover",
        "futures-core",
        "futures-util",
        "indexmap",
        "limit",
        "load",
        "load-shed",
        "make",
        "pin-project-lite",
        "ready-cache",
        "retry",
        "slab",
        "sync_wrapper",
        "timeout",
        "tokio",
        "tokio-util",
        "tracing",
        "util"
      ],
      "dependencies": [
        [
          "futures-core",
          "0.3.34",
          "registry+https://github.com/rust-lang/crates.io-index"
        ],
        [
          "futures-util",
          "0.3.34",
          "registry+https://github.com/rust-lang/crates.io-index"
        ],
        [
          "indexmap",
          "2.14.2",
          "registry+https://github.com/rust-lang/crates.io-index"
        ],
        [
          "pin-project-lite",
          "0.2.17",
          "registry+https://github.com/rust-lang/crates.io-index"
        ],
        [
          "slab",
          "0.4.12",
          "registry+https://github.com/rust-lang/crates.io-index"
        ],
        [
          "sync_wrapper",
          "1.0.2",
          "registry+https://github.com/rust-lang/crates.io-index"
        ],
        [
          "tokio",
          "1.53.1",
          "registry+https://github.com/rust-lang/crates.io-index"
        ],
        [
          "tokio-util",
          "0.7.19",
          "registry+https://github.com/rust-lang/crates.io-index"
        ],
        [
          "tower-layer",
          "0.3.3",
          "registry+https://github.com/rust-lang/crates.io-index"
        ],
        [
          "tower-service",
          "0.3.3",
          "registry+https://github.com/rust-lang/crates.io-index"
        ],
        [
          "tracing",
          "0.1.44",
          "registry+https://github.com/rust-lang/crates.io-index"
        ]
      ]
    },
    {
      "package": [
        "tower-layer",
        "0.3.3",
        "registry+https://github.com/rust-lang/crates.io-index"
      ],
      "features": [],
      "dependencies": []
    },
    {
      "package": [
        "tower-service",
        "0.3.3",
        "registry+https://github.com/rust-lang/crates.io-index"
      ],
      "features": [],
      "dependencies": []
    },
    {
      "package": [
        "tracing",
        "0.1.44",
        "registry+https://github.com/rust-lang/crates.io-index"
      ],
      "features": [
        "attributes",
        "default",
        "std",
        "tracing-attributes"
      ],
      "dependencies": [
        [
          "pin-project-lite",
          "0.2.17",
          "registry+https://github.com/rust-lang/crates.io-index"
        ],
        [
          "tracing-attributes",
          "0.1.31",
          "registry+https://github.com/rust-lang/crates.io-index"
        ],
        [
          "tracing-core",
          "0.1.36",
          "registry+https://github.com/rust-lang/crates.io-index"
        ]
      ]
    },
    {
      "package": [
        "tracing-attributes",
        "0.1.31",
        "registry+https://github.com/rust-lang/crates.io-index"
      ],
      "features": [],
      "dependencies": [
        [
          "proc-macro2",
          "1.0.107",
          "registry+https://github.com/rust-lang/crates.io-index"
        ],
        [
          "quote",
          "1.0.47",
          "registry+https://github.com/rust-lang/crates.io-index"
        ],
        [
          "syn",
          "2.0.119",
          "registry+https://github.com/rust-lang/crates.io-index"
        ]
      ]
    },
    {
      "package": [
        "tracing-core",
        "0.1.36",
        "registry+https://github.com/rust-lang/crates.io-index"
      ],
      "features": [
        "once_cell",
        "std"
      ],
      "dependencies": [
        [
          "once_cell",
          "1.21.4",
          "registry+https://github.com/rust-lang/crates.io-index"
        ]
      ]
    },
    {
      "package": [
        "try-lock",
        "0.2.5",
        "registry+https://github.com/rust-lang/crates.io-index"
      ],
      "features": [],
      "dependencies": []
    },
    {
      "package": [
        "unicase",
        "2.9.0",
        "registry+https://github.com/rust-lang/crates.io-index"
      ],
      "features": [],
      "dependencies": []
    },
    {
      "package": [
        "unicode-ident",
        "1.0.26",
        "registry+https://github.com/rust-lang/crates.io-index"
      ],
      "features": [],
      "dependencies": []
    },
    {
      "package": [
        "untrusted",
        "0.9.0",
        "registry+https://github.com/rust-lang/crates.io-index"
      ],
      "features": [],
      "dependencies": []
    },
    {
      "package": [
        "v4_tat",
        "0.0.1",
        ""
      ],
      "features": [],
      "dependencies": [
        [
          "protobuf",
          "4.35.1-release",
          "registry+https://github.com/rust-lang/crates.io-index"
        ]
      ]
    },
    {
      "package": [
        "want",
        "0.3.1",
        "registry+https://github.com/rust-lang/crates.io-index"
      ],
      "features": [],
      "dependencies": [
        [
          "try-lock",
          "0.2.5",
          "registry+https://github.com/rust-lang/crates.io-index"
        ]
      ]
    },
    {
      "package": [
        "wasi",
        "0.11.1+wasi-snapshot-preview1",
        "registry+https://github.com/rust-lang/crates.io-index"
      ],
      "features": [
        "default",
        "std"
      ],
      "dependencies": []
    },
    {
      "package": [
        "wasip2",
        "1.0.4+wasi-0.2.12",
        "registry+https://github.com/rust-lang/crates.io-index"
      ],
      "features": [],
      "dependencies": [
        [
          "wit-bindgen",
          "0.57.1",
          "registry+https://github.com/rust-lang/crates.io-index"
        ]
      ]
    },
    {
      "package": [
        "webpki-roots",
        "1.0.9",
        "registry+https://github.com/rust-lang/crates.io-index"
      ],
      "features": [],
      "dependencies": [
        [
          "rustls-pki-types",
          "1.15.1",
          "registry+https://github.com/rust-lang/crates.io-index"
        ]
      ]
    },
    {
      "package": [
        "windows-link",
        "0.2.1",
        "registry+https://github.com/rust-lang/crates.io-index"
      ],
      "features": [],
      "dependencies": []
    },
    {
      "package": [
        "windows-sys",
        "0.52.0",
        "registry+https://github.com/rust-lang/crates.io-index"
      ],
      "features": [
        "Win32",
        "Win32_Foundation",
        "Win32_System",
        "Win32_System_Threading",
        "default"
      ],
      "dependencies": [
        [
          "windows-targets",
          "0.52.6",
          "registry+https://github.com/rust-lang/crates.io-index"
        ]
      ]
    },
    {
      "package": [
        "windows-sys",
        "0.61.2",
        "registry+https://github.com/rust-lang/crates.io-index"
      ],
      "features": [
        "Wdk",
        "Wdk_Foundation",
        "Wdk_Storage",
        "Wdk_Storage_FileSystem",
        "Wdk_System",
        "Wdk_System_IO",
        "Win32",
        "Win32_Foundation",
        "Win32_Networking",
        "Win32_Networking_WinSock",
        "Win32_Security",
        "Win32_Storage",
        "Win32_Storage_FileSystem",
        "Win32_System",
        "Win32_System_Diagnostics",
        "Win32_System_Diagnostics_Debug",
        "Win32_System_IO",
        "Win32_System_Pipes",
        "Win32_System_SystemServices",
        "Win32_System_Threading",
        "Win32_System_WindowsProgramming",
        "default"
      ],
      "dependencies": [
        [
          "windows-link",
          "0.2.1",
          "registry+https://github.com/rust-lang/crates.io-index"
        ]
      ]
    },
    {
      "package": [
        "windows-targets",
        "0.52.6",
        "registry+https://github.com/rust-lang/crates.io-index"
      ],
      "features": [],
      "dependencies": [
        [
          "windows_aarch64_gnullvm",
          "0.52.6",
          "registry+https://github.com/rust-lang/crates.io-index"
        ],
        [
          "windows_aarch64_msvc",
          "0.52.6",
          "registry+https://github.com/rust-lang/crates.io-index"
        ],
        [
          "windows_i686_gnu",
          "0.52.6",
          "registry+https://github.com/rust-lang/crates.io-index"
        ],
        [
          "windows_i686_gnullvm",
          "0.52.6",
          "registry+https://github.com/rust-lang/crates.io-index"
        ],
        [
          "windows_i686_msvc",
          "0.52.6",
          "registry+https://github.com/rust-lang/crates.io-index"
        ],
        [
          "windows_x86_64_gnu",
          "0.52.6",
          "registry+https://github.com/rust-lang/crates.io-index"
        ],
        [
          "windows_x86_64_gnullvm",
          "0.52.6",
          "registry+https://github.com/rust-lang/crates.io-index"
        ],
        [
          "windows_x86_64_msvc",
          "0.52.6",
          "registry+https://github.com/rust-lang/crates.io-index"
        ]
      ]
    },
    {
      "package": [
        "windows_aarch64_gnullvm",
        "0.52.6",
        "registry+https://github.com/rust-lang/crates.io-index"
      ],
      "features": [],
      "dependencies": []
    },
    {
      "package": [
        "windows_aarch64_msvc",
        "0.52.6",
        "registry+https://github.com/rust-lang/crates.io-index"
      ],
      "features": [],
      "dependencies": []
    },
    {
      "package": [
        "windows_i686_gnu",
        "0.52.6",
        "registry+https://github.com/rust-lang/crates.io-index"
      ],
      "features": [],
      "dependencies": []
    },
    {
      "package": [
        "windows_i686_gnullvm",
        "0.52.6",
        "registry+https://github.com/rust-lang/crates.io-index"
      ],
      "features": [],
      "dependencies": []
    },
    {
      "package": [
        "windows_i686_msvc",
        "0.52.6",
        "registry+https://github.com/rust-lang/crates.io-index"
      ],
      "features": [],
      "dependencies": []
    },
    {
      "package": [
        "windows_x86_64_gnu",
        "0.52.6",
        "registry+https://github.com/rust-lang/crates.io-index"
      ],
      "features": [],
      "dependencies": []
    },
    {
      "package": [
        "windows_x86_64_gnullvm",
        "0.52.6",
        "registry+https://github.com/rust-lang/crates.io-index"
      ],
      "features": [],
      "dependencies": []
    },
    {
      "package": [
        "windows_x86_64_msvc",
        "0.52.6",
        "registry+https://github.com/rust-lang/crates.io-index"
      ],
      "features": [],
      "dependencies": []
    },
    {
      "package": [
        "wit-bindgen",
        "0.57.1",
        "registry+https://github.com/rust-lang/crates.io-index"
      ],
      "features": [],
      "dependencies": []
    },
    {
      "package": [
        "zeroize",
        "1.9.0",
        "registry+https://github.com/rust-lang/crates.io-index"
      ],
      "features": [
        "alloc",
        "default"
      ],
      "dependencies": []
    },
    {
      "package": [
        "zlib-rs",
        "0.6.8",
        "registry+https://github.com/rust-lang/crates.io-index"
      ],
      "features": [
        "rust-allocator",
        "std"
      ],
      "dependencies": []
    },
    {
      "package": [
        "zmij",
        "1.0.23",
        "registry+https://github.com/rust-lang/crates.io-index"
      ],
      "features": [],
      "dependencies": []
    }
  ]
}
