D  .github/pull_request_template.md
D  .github/workflows/ci.yml
D  .github/workflows/compatibility.yml
D  .github/workflows/first-publish.yml
D  .github/workflows/miri-kernels.yml
D  .github/workflows/perf.yml
D  .github/workflows/release-plz.yml
D  .github/workflows/release.yml
D  .gitignore
D  Cargo.lock
D  Cargo.toml
D  LICENSE-APACHE
D  LICENSE-MIT
D  README.md
D  SECURITY.md
D  TODO.md
D  bench/Cargo.lock
D  bench/Cargo.toml
D  bench/codegen/README.md
D  bench/codegen/buffa_driver.rs
D  bench/codegen/generator.rs
D  bench/codegen/prost_driver.rs
D  bench/codegen/run.py
D  bench/codegen/test_run.py
D  bench/codegen/tonic-build_driver.rs
D  bench/corpora/README.md
D  bench/corpora/fetch.py
D  bench/corpora/generate.py
D  bench/corpora/google-messages/protos/benchmarks/message1_proto2.proto
D  bench/corpora/google-messages/protos/benchmarks/message1_proto3.proto
D  bench/corpora/google-messages/protos/benchmarks/message2.proto
D  bench/corpora/googleapis/protos/google/api/annotations.proto
D  bench/corpora/googleapis/protos/google/api/http.proto
D  bench/corpora/googleapis/protos/google/protobuf/any.proto
D  bench/corpora/googleapis/protos/google/protobuf/descriptor.proto
D  bench/corpora/googleapis/protos/google/protobuf/duration.proto
D  bench/corpora/googleapis/protos/google/rpc/error_details.proto
D  bench/corpora/googleapis/protos/google/rpc/status.proto
D  bench/corpora/grpc-testing/protos/src/proto/grpc/testing/empty.proto
D  bench/corpora/grpc-testing/protos/src/proto/grpc/testing/messages.proto
D  bench/corpora/grpc-testing/protos/src/proto/grpc/testing/test.proto
D  bench/corpora/manifest.json
D  bench/corpora/otlp/protos/opentelemetry/proto/common/v1/common.proto
D  bench/corpora/otlp/protos/opentelemetry/proto/logs/v1/logs.proto
D  bench/corpora/otlp/protos/opentelemetry/proto/metrics/v1/metrics.proto
D  bench/corpora/otlp/protos/opentelemetry/proto/resource/v1/resource.proto
D  bench/corpora/otlp/protos/opentelemetry/proto/trace/v1/trace.proto
D  bench/corpora/payloads/google-messages/gm1_proto2/tiny.bin
D  bench/corpora/payloads/google-messages/gm1_proto2/typical.bin
D  bench/corpora/payloads/google-messages/gm1_proto3/tiny.bin
D  bench/corpora/payloads/google-messages/gm1_proto3/typical.bin
D  bench/corpora/payloads/google-messages/gm2/tiny.bin
D  bench/corpora/payloads/google-messages/gm2/typical.bin
D  bench/corpora/payloads/googleapis/status/tiny.bin
D  bench/corpora/payloads/googleapis/status/typical.bin
D  bench/corpora/payloads/grpc-testing/request/tiny.bin
D  bench/corpora/payloads/grpc-testing/request/typical.bin
D  bench/corpora/payloads/grpc-testing/response/tiny.bin
D  bench/corpora/payloads/grpc-testing/response/typical.bin
D  bench/corpora/payloads/otlp/logs/tiny.bin
D  bench/corpora/payloads/otlp/logs/typical.bin
D  bench/corpora/payloads/otlp/metrics/tiny.bin
D  bench/corpora/payloads/otlp/metrics/typical.bin
D  bench/corpora/payloads/otlp/spans/tiny.bin
D  bench/corpora/payloads/otlp/spans/typical.bin
D  bench/corpora/payloads/xds/cla/tiny.bin
D  bench/corpora/payloads/xds/cla/typical.bin
D  bench/corpora/payloads/xds/cluster/tiny.bin
D  bench/corpora/payloads/xds/cluster/typical.bin
D  bench/corpora/payloads/xds/route/tiny.bin
D  bench/corpora/payloads/xds/route/typical.bin
D  bench/corpora/reconstruct_go.py
D  bench/corpora/xds/protos/envoy/annotations/deprecation.proto
D  bench/corpora/xds/protos/envoy/config/cluster/v3/circuit_breaker.proto
D  bench/corpora/xds/protos/envoy/config/cluster/v3/cluster.proto
D  bench/corpora/xds/protos/envoy/config/cluster/v3/filter.proto
D  bench/corpora/xds/protos/envoy/config/cluster/v3/outlier_detection.proto
D  bench/corpora/xds/protos/envoy/config/common/mutation_rules/v3/mutation_rules.proto
D  bench/corpora/xds/protos/envoy/config/core/v3/address.proto
D  bench/corpora/xds/protos/envoy/config/core/v3/backoff.proto
D  bench/corpora/xds/protos/envoy/config/core/v3/base.proto
D  bench/corpora/xds/protos/envoy/config/core/v3/config_source.proto
D  bench/corpora/xds/protos/envoy/config/core/v3/event_service_config.proto
D  bench/corpora/xds/protos/envoy/config/core/v3/extension.proto
D  bench/corpora/xds/protos/envoy/config/core/v3/grpc_service.proto
D  bench/corpora/xds/protos/envoy/config/core/v3/health_check.proto
D  bench/corpora/xds/protos/envoy/config/core/v3/http_uri.proto
D  bench/corpora/xds/protos/envoy/config/core/v3/protocol.proto
D  bench/corpora/xds/protos/envoy/config/core/v3/proxy_protocol.proto
D  bench/corpora/xds/protos/envoy/config/core/v3/resolver.proto
D  bench/corpora/xds/protos/envoy/config/core/v3/socket_option.proto
D  bench/corpora/xds/protos/envoy/config/core/v3/substitution_format_string.proto
D  bench/corpora/xds/protos/envoy/config/endpoint/v3/endpoint.proto
D  bench/corpora/xds/protos/envoy/config/endpoint/v3/endpoint_components.proto
D  bench/corpora/xds/protos/envoy/config/route/v3/route.proto
D  bench/corpora/xds/protos/envoy/config/route/v3/route_components.proto
D  bench/corpora/xds/protos/envoy/type/matcher/v3/address.proto
D  bench/corpora/xds/protos/envoy/type/matcher/v3/filter_state.proto
D  bench/corpora/xds/protos/envoy/type/matcher/v3/metadata.proto
D  bench/corpora/xds/protos/envoy/type/matcher/v3/number.proto
D  bench/corpora/xds/protos/envoy/type/matcher/v3/regex.proto
D  bench/corpora/xds/protos/envoy/type/matcher/v3/string.proto
D  bench/corpora/xds/protos/envoy/type/matcher/v3/value.proto
D  bench/corpora/xds/protos/envoy/type/metadata/v3/metadata.proto
D  bench/corpora/xds/protos/envoy/type/tracing/v3/custom_tag.proto
D  bench/corpora/xds/protos/envoy/type/v3/http.proto
D  bench/corpora/xds/protos/envoy/type/v3/percent.proto
D  bench/corpora/xds/protos/envoy/type/v3/range.proto
D  bench/corpora/xds/protos/envoy/type/v3/ratelimit_unit.proto
D  bench/corpora/xds/protos/envoy/type/v3/semantic_version.proto
D  bench/corpora/xds/protos/google/protobuf/any.proto
D  bench/corpora/xds/protos/google/protobuf/descriptor.proto
D  bench/corpora/xds/protos/google/protobuf/duration.proto
D  bench/corpora/xds/protos/google/protobuf/empty.proto
D  bench/corpora/xds/protos/google/protobuf/struct.proto
D  bench/corpora/xds/protos/google/protobuf/timestamp.proto
D  bench/corpora/xds/protos/google/protobuf/wrappers.proto
D  bench/corpora/xds/protos/udpa/annotations/migrate.proto
D  bench/corpora/xds/protos/udpa/annotations/security.proto
D  bench/corpora/xds/protos/udpa/annotations/sensitive.proto
D  bench/corpora/xds/protos/udpa/annotations/status.proto
D  bench/corpora/xds/protos/udpa/annotations/versioning.proto
D  bench/corpora/xds/protos/validate/validate.proto
D  bench/corpora/xds/protos/xds/annotations/v3/status.proto
D  bench/corpora/xds/protos/xds/core/v3/authority.proto
D  bench/corpora/xds/protos/xds/core/v3/cidr.proto
D  bench/corpora/xds/protos/xds/core/v3/collection_entry.proto
D  bench/corpora/xds/protos/xds/core/v3/context_params.proto
D  bench/corpora/xds/protos/xds/core/v3/extension.proto
D  bench/corpora/xds/protos/xds/core/v3/resource_locator.proto
D  bench/corpora/xds/protos/xds/type/matcher/v3/matcher.proto
D  bench/corpora/xds/protos/xds/type/matcher/v3/regex.proto
D  bench/corpora/xds/protos/xds/type/matcher/v3/string.proto
D  bench/devloop/ADOPTION.md
D  bench/devloop/Cargo.lock
D  bench/devloop/Cargo.toml
D  bench/devloop/README.md
D  bench/devloop/adoption/Cargo.lock
D  bench/devloop/adoption/Cargo.toml
D  bench/devloop/adoption/README.md
D  bench/devloop/adoption/build.rs
D  bench/devloop/adoption/capture-callgrind.py
D  bench/devloop/adoption/check-evidence.py
D  bench/devloop/adoption/check-rpc-evidence.py
D  bench/devloop/adoption/evidence/codec-baseline.json
D  bench/devloop/adoption/evidence/codec-baseline/pbrs-fresh_encode.json
D  bench/devloop/adoption/evidence/codec-baseline/pbrs-fully_read_clone.json
D  bench/devloop/adoption/evidence/codec-baseline/pbrs-owned_decode.json
D  bench/devloop/adoption/evidence/codec-baseline/pbrs-read_all.json
D  bench/devloop/adoption/evidence/codec-baseline/prost-fresh_encode.json
D  bench/devloop/adoption/evidence/codec-baseline/prost-fully_read_clone.json
D  bench/devloop/adoption/evidence/codec-baseline/prost-owned_decode.json
D  bench/devloop/adoption/evidence/codec-baseline/prost-read_all.json
D  bench/devloop/adoption/evidence/codec-inventory.json
D  bench/devloop/adoption/evidence/codec-measurement.json
D  bench/devloop/adoption/evidence/codec-qualification.json
D  bench/devloop/adoption/evidence/inventory.json
D  bench/devloop/adoption/evidence/qualification.json
D  bench/devloop/adoption/evidence/rpc-baseline.json
D  bench/devloop/adoption/evidence/rpc-checkpoints/pre-tonic-encoder-alignment/native_pbrs-server_stream.json
D  bench/devloop/adoption/evidence/rpc-checkpoints/pre-tonic-encoder-alignment/native_pbrs-unary.json
D  bench/devloop/adoption/evidence/rpc-checkpoints/pre-tonic-encoder-alignment/native_prost-unary.json
D  bench/devloop/adoption/evidence/rpc-checkpoints/pre-tonic-socket-alignment/README.md
D  bench/devloop/adoption/evidence/rpc-checkpoints/pre-tonic-socket-alignment/native_pbrs-server_stream.json
D  bench/devloop/adoption/evidence/rpc-checkpoints/pre-tonic-socket-alignment/native_pbrs-unary.json
D  bench/devloop/adoption/evidence/rpc-checkpoints/pre-tonic-socket-alignment/native_prost-unary.json
D  bench/devloop/adoption/evidence/rpc-checkpoints/pre-tonic-socket-alignment/rpc-measurement.json
D  bench/devloop/adoption/evidence/rpc-inventory.json
D  bench/devloop/adoption/evidence/rpc-measurement.json
D  bench/devloop/adoption/evidence/rpc-raw/native_pbrs-server_stream.json
D  bench/devloop/adoption/evidence/rpc-raw/native_pbrs-unary.json
D  bench/devloop/adoption/evidence/rpc-raw/native_prost-server_stream.json
D  bench/devloop/adoption/evidence/rpc-raw/native_prost-unary.json
D  bench/devloop/adoption/evidence/rpc-raw/tonic_pbrs-server_stream.json
D  bench/devloop/adoption/evidence/rpc-raw/tonic_pbrs-unary.json
D  bench/devloop/adoption/evidence/rpc-raw/tonic_prost-server_stream.json
D  bench/devloop/adoption/evidence/rpc-raw/tonic_prost-unary.json
D  bench/devloop/adoption/generate.py
D  bench/devloop/adoption/measure-rpc.py
D  bench/devloop/adoption/measure.sh
D  bench/devloop/adoption/proto/adoption.proto
D  bench/devloop/adoption/proto/options/definitions.proto
D  bench/devloop/adoption/proto/options/part_00.proto
D  bench/devloop/adoption/proto/options/part_01.proto
D  bench/devloop/adoption/proto/options/part_02.proto
D  bench/devloop/adoption/proto/options/part_03.proto
D  bench/devloop/adoption/proto/options/part_04.proto
D  bench/devloop/adoption/proto/options/part_05.proto
D  bench/devloop/adoption/proto/options/part_06.proto
D  bench/devloop/adoption/proto/options/part_07.proto
D  bench/devloop/adoption/proto/options/part_08.proto
D  bench/devloop/adoption/proto/options/part_09.proto
D  bench/devloop/adoption/proto/options/part_10.proto
D  bench/devloop/adoption/proto/options/part_11.proto
D  bench/devloop/adoption/proto/options/part_12.proto
D  bench/devloop/adoption/proto/options/part_13.proto
D  bench/devloop/adoption/proto/options/part_14.proto
D  bench/devloop/adoption/proto/options/part_15.proto
D  bench/devloop/adoption/proto/options/part_16.proto
D  bench/devloop/adoption/proto/options/part_17.proto
D  bench/devloop/adoption/proto/options/part_18.proto
D  bench/devloop/adoption/proto/options/part_19.proto
D  bench/devloop/adoption/proto/sparse.proto
D  bench/devloop/adoption/src/bin/bridge-inventory.rs
D  bench/devloop/adoption/src/bin/codec-inventory.rs
D  bench/devloop/adoption/src/bin/inventory.rs
D  bench/devloop/adoption/src/bin/rpc-inventory.rs
D  bench/devloop/adoption/src/bridge.rs
D  bench/devloop/adoption/src/bridge_cells.rs
D  bench/devloop/adoption/src/bridge_options.rs
D  bench/devloop/adoption/src/cells.rs
D  bench/devloop/adoption/src/corpus.rs
D  bench/devloop/adoption/src/fresh.rs
D  bench/devloop/adoption/src/lib.rs
D  bench/devloop/adoption/src/option_tests.rs
D  bench/devloop/adoption/src/rpc.rs
D  bench/devloop/adoption/src/sparse_walks.rs
D  bench/devloop/adoption/src/workloads.rs
D  bench/devloop/baselines/README.md
D  bench/devloop/baselines/picker.json
D  bench/devloop/build.rs
D  bench/devloop/cells/arena.rs
D  bench/devloop/cells/codec_peers.rs
D  bench/devloop/cells/map.rs
D  bench/devloop/cells/text.rs
D  bench/devloop/check-tonic-transport-evidence.py
D  bench/devloop/measure-tonic-transport.py
D  bench/devloop/proto/blob.proto
D  bench/devloop/proto/echo.proto
D  bench/devloop/proto/tonic_transport.proto
D  bench/devloop/src/adoption_rpc.rs
D  bench/devloop/src/blob.rs
D  bench/devloop/src/counters.rs
D  bench/devloop/src/main.rs
D  bench/devloop/src/tonic_transport_rpc.rs
D  bench/devloop/test_tonic_transport_collectors.py
D  bench/grpc-bench-entry/README.md
D  bench/grpc-bench-entry/run.sh
D  bench/grpc-bench-entry/rust_pbrs_mt_bench/Cargo.lock
D  bench/grpc-bench-entry/rust_pbrs_mt_bench/Cargo.toml
D  bench/grpc-bench-entry/rust_pbrs_mt_bench/Dockerfile
D  bench/grpc-bench-entry/rust_pbrs_mt_bench/build.rs
D  bench/grpc-bench-entry/rust_pbrs_mt_bench/src/main.rs
D  bench/grpc-bench-entry/rust_pbrs_st_bench/Cargo.lock
D  bench/grpc-bench-entry/rust_pbrs_st_bench/Cargo.toml
D  bench/grpc-bench-entry/rust_pbrs_st_bench/Dockerfile
D  bench/grpc-bench-entry/rust_pbrs_st_bench/build.rs
D  bench/grpc-bench-entry/rust_pbrs_st_bench/src/main.rs
D  bench/grpc-bench-entry/sync.sh
D  bench/scoreboard/categories.json
D  bench/src/main.rs
D  bench/src/peer_gen/SB08_PROVENANCE.md
D  bench/src/peer_gen/buffa092_person/example.mod.rs
D  bench/src/peer_gen/buffa092_person/person.__lazy_view.rs
D  bench/src/peer_gen/buffa092_person/person.__view.rs
D  bench/src/peer_gen/buffa092_person/person.rs
D  bench/src/peer_gen/buffa092_tat/google.protobuf.test_messages_proto3.__lazy_view.rs
D  bench/src/peer_gen/buffa092_tat/google.protobuf.test_messages_proto3.__oneof.rs
D  bench/src/peer_gen/buffa092_tat/google.protobuf.test_messages_proto3.__view.rs
D  bench/src/peer_gen/buffa092_tat/google.protobuf.test_messages_proto3.__view_oneof.rs
D  bench/src/peer_gen/buffa092_tat/google.protobuf.test_messages_proto3.rs
D  bench/src/peer_gen/buffa092_tat/protobuf_test_messages.proto3.mod.rs
D  bench/src/peer_gen/gpb36_person/generated.rs
D  bench/src/peer_gen/gpb36_person/person.u.pb.rs
D  bench/src/peer_gen/gpb36_tat/any.u.pb.rs
D  bench/src/peer_gen/gpb36_tat/duration.u.pb.rs
D  bench/src/peer_gen/gpb36_tat/empty.u.pb.rs
D  bench/src/peer_gen/gpb36_tat/field_mask.u.pb.rs
D  bench/src/peer_gen/gpb36_tat/generated.rs
D  bench/src/peer_gen/gpb36_tat/struct.u.pb.rs
D  bench/src/peer_gen/gpb36_tat/test_messages_proto3.u.pb.rs
D  bench/src/peer_gen/gpb36_tat/timestamp.u.pb.rs
D  bench/src/peer_gen/gpb36_tat/wrappers.u.pb.rs
D  bench/src/peer_gen/mod.rs
D  bench/src/peer_gen/prost13_person.rs
D  bench/src/peer_gen/prost14_person.rs
D  bench/src/peer_gen/prost14_tat.rs
D  bench/src/peer_gen/qp_person.rs
D  bench/src/peer_gen/regen/.gitignore
D  bench/src/peer_gen/regen/Cargo.lock
D  bench/src/peer_gen/regen/Cargo.toml
D  bench/src/peer_gen/regen/src/main.rs
D  bench/src/peer_gen/regen/stage.py
D  bench/src/peers.rs
D  bench/stack-matrix/cells.py
D  bench/stack-matrix/frozen.py
D  bench/stack-matrix/peers/__init__.py
D  bench/stack-matrix/peers/fairness.py
D  bench/stack-matrix/peertls.py
D  bench/stack-matrix/pin.py
D  bench/stack-matrix/run.py
D  bench/stack-matrix/scenarios/README.md
D  bench/stack-matrix/scenarios/conn-scale-active-streams.json
D  bench/stack-matrix/scenarios/conn-scale-idle.json
D  bench/stack-matrix/scenarios/conn-scale-storm.json
D  bench/stack-matrix/scenarios/conn-scale-tls-handshake.json
D  bench/stack-matrix/scenarios/conn_scale.py
D  bench/stack-matrix/scenarios/extended-gzip.json
D  bench/stack-matrix/scenarios/extended-overload.json
D  bench/stack-matrix/scenarios/extended-rtt.json
D  bench/stack-matrix/scenarios/extended-shapes.json
D  bench/stack-matrix/scenarios/extended_cells.py
D  bench/stack-matrix/scenarios/grpc-bench-echo.json
D  bench/stack-matrix/slo.py
D  bench/stack-matrix/transport_smoke.py
D  bench/xlang/cpp/Makefile
D  bench/xlang/cpp/README.md
D  bench/xlang/cpp/harness.cc
D  bench/xlang/go/.gitignore
D  bench/xlang/go/Makefile
D  bench/xlang/go/README.md
D  bench/xlang/go/cmd/go-google-messages/main.go
D  bench/xlang/go/cmd/go-googleapis/main.go
D  bench/xlang/go/cmd/go-grpc-testing/main.go
D  bench/xlang/go/cmd/go-otlp/main.go
D  bench/xlang/go/cmd/go-xds/main.go
D  bench/xlang/go/cmd/govt-google-messages/main.go
D  bench/xlang/go/cmd/govt-googleapis/main.go
D  bench/xlang/go/cmd/govt-grpc-testing/main.go
D  bench/xlang/go/cmd/govt-otlp/main.go
D  bench/xlang/go/cmd/govt-xds/main.go
D  bench/xlang/go/cmd/hyperpb/main.go
D  bench/xlang/go/codegen.sh
D  bench/xlang/go/go.mod
D  bench/xlang/go/go.sum
D  bench/xlang/go/xlang/std.go
D  bench/xlang/go/xlang/vt.go
D  bench/xlang/go/xlang/xlang.go
D  bench/xlang/upb/Makefile
D  bench/xlang/upb/README.md
D  bench/xlang/upb/harness.c
D  buffa_person/Cargo.toml
D  buffa_person/build.rs
D  buffa_person/src/lib.rs
D  buffa_tat/Cargo.lock
D  buffa_tat/Cargo.toml
D  buffa_tat/build.rs
D  buffa_tat/src/lib.rs
D  build.rs
D  clippy.toml
D  deny.toml
D  docs/RELEASE.md
D  docs/ROADMAP.md
D  docs/alts-contract.md
D  docs/architecture.md
D  docs/audit-2026-09-29.md
D  docs/benchmark-contract.md
D  docs/benchmarks.md
D  docs/cacheable-rpc.md
D  docs/codegen-compatibility.md
D  docs/codegen-layout.md
D  docs/credentials-contract.md
D  docs/decisions/README.md
D  docs/decisions/better-tonic.md
D  docs/decisions/borrowed-views.md
D  docs/decisions/caller-rustls-config.md
D  docs/decisions/channel-architecture.md
D  docs/decisions/compression.md
D  docs/decisions/grpc-web-connect.md
D  docs/decisions/h2-engine.md
D  docs/decisions/http1-grpc-web.md
D  docs/decisions/map-entry-wire-parity.md
D  docs/decisions/owned-arena.md
D  docs/decisions/pbrs-h2.md
D  docs/decisions/runtime-build-split.md
D  docs/decisions/rust-frontend-route.md
D  docs/decisions/server-dispatch.md
D  docs/decisions/table-driven-parse.md
D  docs/decisions/upb-kernel.md
D  docs/decisions/xds-build-vs-reuse.md
D  docs/design.md
D  docs/documentation-map.md
D  docs/edition-2024.md
D  docs/evidence/README.md
D  docs/evidence/alpha-api-compatibility.json
D  docs/evidence/alts-record-review.md
D  docs/evidence/caller-rustls-config.json
D  docs/evidence/caller-rustls-doc-caveats.json
D  docs/evidence/cl-02.md
D  docs/evidence/cl-03.md
D  docs/evidence/cl-04.md
D  docs/evidence/cl-05.md
D  docs/evidence/cl-06.md
D  docs/evidence/cl-07.md
D  docs/evidence/cl-07/baseline.log
D  docs/evidence/cl-07/clippy.log
D  docs/evidence/cl-07/format.log
D  docs/evidence/cl-07/pins.json
D  docs/evidence/cl-07/rejected-diagnostic.log
D  docs/evidence/cl-07/rejected-diagnostic.patch
D  docs/evidence/cl-07/restored-gates.log
D  docs/evidence/cl-08-cold-stage-1.md
D  docs/evidence/cl-08-cold-stage-1/after-size.log
D  docs/evidence/cl-08-cold-stage-1/artifacts.json
D  docs/evidence/cl-08-cold-stage-1/before-size.log
D  docs/evidence/cl-08-cold-stage-1/capture-primary.py
D  docs/evidence/cl-08-cold-stage-1/capture-self-controls.py
D  docs/evidence/cl-08-cold-stage-1/cl08-cold-clippy-first-os28.log
D  docs/evidence/cl-08-cold-stage-1/cl08-cold-clippy.log
D  docs/evidence/cl-08-cold-stage-1/cl08-cold-controls-summary.json
D  docs/evidence/cl-08-cold-stage-1/cl08-cold-explicit-target-clean.json
D  docs/evidence/cl-08-cold-stage-1/cl08-cold-explicit-target-clean.log
D  docs/evidence/cl-08-cold-stage-1/cl08-cold-format.log
D  docs/evidence/cl-08-cold-stage-1/cl08-cold-primary-capture.log
D  docs/evidence/cl-08-cold-stage-1/cl08-cold-pruned-completed-debug-cache.json
D  docs/evidence/cl-08-cold-stage-1/cl08-cold-pruned-completed-debug.json
D  docs/evidence/cl-08-cold-stage-1/cl08-cold-release-build-first-missing-protobuf.log
D  docs/evidence/cl-08-cold-stage-1/cl08-cold-release-build.json
D  docs/evidence/cl-08-cold-stage-1/cl08-cold-release-build.log
D  docs/evidence/cl-08-cold-stage-1/cl08-cold-self-controls.log
D  docs/evidence/cl-08-cold-stage-1/cl08-cold-semantic-gates.log
D  docs/evidence/cl-08-cold-stage-1/cold-box.patch
D  docs/evidence/cl-08-cold-stage-1/cold-primary/after.json
D  docs/evidence/cl-08-cold-stage-1/cold-primary/after.raw.jsonl
D  docs/evidence/cl-08-cold-stage-1/cold-primary/before.json
D  docs/evidence/cl-08-cold-stage-1/cold-primary/before.raw.jsonl
D  docs/evidence/cl-08-cold-stage-1/cold-primary/compare.log
D  docs/evidence/cl-08-cold-stage-1/cold-primary/metadata.json
D  docs/evidence/cl-08-cold-stage-1/cold-primary/validation.json
D  docs/evidence/cl-08-cold-stage-1/cold-self-controls/after-1.json
D  docs/evidence/cl-08-cold-stage-1/cold-self-controls/after-1.raw.jsonl
D  docs/evidence/cl-08-cold-stage-1/cold-self-controls/after-2.json
D  docs/evidence/cl-08-cold-stage-1/cold-self-controls/after-2.raw.jsonl
D  docs/evidence/cl-08-cold-stage-1/cold-self-controls/after-compare.log
D  docs/evidence/cl-08-cold-stage-1/cold-self-controls/before-1.json
D  docs/evidence/cl-08-cold-stage-1/cold-self-controls/before-1.raw.jsonl
D  docs/evidence/cl-08-cold-stage-1/cold-self-controls/before-2.json
D  docs/evidence/cl-08-cold-stage-1/cold-self-controls/before-2.raw.jsonl
D  docs/evidence/cl-08-cold-stage-1/cold-self-controls/before-compare.log
D  docs/evidence/cl-08-cold-stage-1/cold-self-controls/metadata.json
D  docs/evidence/cl-08-cold-stage-1/collector-scope-audit.md
D  docs/evidence/cl-08-cold-stage-1/collector-source-pins.json
D  docs/evidence/cl-08-cold-stage-1/full-graphs.tar.gz
D  docs/evidence/cl-08-cold-stage-1/probe.patch
D  docs/evidence/cl-08-cold-stage-1/qualification.json
D  docs/evidence/cl-08-cold-stage-1/size-report.json
D  docs/evidence/cl-08-cold-stage-1/validate-controls.py
D  docs/evidence/cl-08.md
D  docs/evidence/cl-08/allocator-ledger/metadata.json
D  docs/evidence/cl-08/allocator-ledger/raw.jsonl
D  docs/evidence/cl-08/allocator-ledger/report.json
D  docs/evidence/cl-08/allocator-pilot/metadata.json
D  docs/evidence/cl-08/allocator-pilot/raw.jsonl
D  docs/evidence/cl-08/allocator-pilot/report.json
D  docs/evidence/cl-08/artifacts.json
D  docs/evidence/cl-08/before-attribution/before-matched.json
D  docs/evidence/cl-08/before-attribution/before-matched.raw.jsonl
D  docs/evidence/cl-08/before-attribution/before.prost.copy-tree.txt
D  docs/evidence/cl-08/before-attribution/before.prost.dyn-dispatch.asm.txt
D  docs/evidence/cl-08/before-attribution/before.prost.inclusive.txt
D  docs/evidence/cl-08/before-attribution/before.prost.self.txt
D  docs/evidence/cl-08/before-attribution/before.rpc.prost.server_stream.200.callgrind.out
D  docs/evidence/cl-08/before-attribution/before.rpc.prost.server_stream.400.callgrind.out
D  docs/evidence/cl-08/before-attribution/before.rpc.prost.unary.200.callgrind.out
D  docs/evidence/cl-08/before-attribution/before.rpc.prost.unary.400.callgrind.out
D  docs/evidence/cl-08/before-attribution/before.rpc.tonic_prost.server_stream.200.callgrind.out
D  docs/evidence/cl-08/before-attribution/before.rpc.tonic_prost.server_stream.400.callgrind.out
D  docs/evidence/cl-08/before-attribution/before.rpc.tonic_prost.unary.200.callgrind.out
D  docs/evidence/cl-08/before-attribution/before.rpc.tonic_prost.unary.400.callgrind.out
D  docs/evidence/cl-08/before-attribution/measurement-meta.json
D  docs/evidence/cl-08/before-attribution/prost-xtree.stderr.log
D  docs/evidence/cl-08/before-attribution/tonic-xtree.stderr.log
D  docs/evidence/cl-08/callgrind-after.json
D  docs/evidence/cl-08/callgrind-after.raw.jsonl
D  docs/evidence/cl-08/callgrind-before.json
D  docs/evidence/cl-08/callgrind-before.raw.jsonl
D  docs/evidence/cl-08/callgrind-smoke-cells.json
D  docs/evidence/cl-08/candidate.patch
D  docs/evidence/cl-08/capture-ledger.py
D  docs/evidence/cl-08/cl08-after-prost-inclusive.txt
D  docs/evidence/cl-08/cl08-after-prost-self.txt
D  docs/evidence/cl-08/cl08-allocator-summary.json
D  docs/evidence/cl-08/cl08-callgrind-summary.json
D  docs/evidence/cl-08/cl08-inputs.rs
D  docs/evidence/cl-08/cl08-ledger-rows.json
D  docs/evidence/cl-08/cl08-pins.json
D  docs/evidence/cl-08/cl08-sparse-dispatch.txt
D  docs/evidence/cl-08/cl08-unchanged-input-pins.json
D  docs/evidence/cl-08/control-graphs.tar.gz
D  docs/evidence/cl-08/inputs-first.json
D  docs/evidence/cl-08/inputs-second.json
D  docs/evidence/cl-08/logs/cl08-allocator-ledger.log
D  docs/evidence/cl-08/logs/cl08-allocator-pilot.log
D  docs/evidence/cl-08/logs/cl08-callgrind-after.log
D  docs/evidence/cl-08/logs/cl08-callgrind-before.log
D  docs/evidence/cl-08/logs/cl08-callgrind-compare.log
D  docs/evidence/cl-08/logs/cl08-candidate-build.log
D  docs/evidence/cl-08/logs/cl08-clippy.log
D  docs/evidence/cl-08/logs/cl08-format.log
D  docs/evidence/cl-08/logs/cl08-input-oracle-build.log
D  docs/evidence/cl-08/logs/cl08-rpc-bench-gates.log
D  docs/evidence/cl-08/logs/cl08-semantic-gates.log
D  docs/evidence/cl-08/logs/cl08-target-budget.json
D  docs/evidence/cl-08/qualification.json
D  docs/evidence/cl-08/run-callgrind.sh
D  docs/evidence/cl-08/validate-callgrind.py
D  docs/evidence/cl-08/validate-ledger.py
D  docs/evidence/client-profiles.md
D  docs/evidence/closed-enum-recovery.md
D  docs/evidence/closed-enum-recovery/.gitattributes
D  docs/evidence/closed-enum-recovery/clippy-3a7aa128.txt
D  docs/evidence/closed-enum-recovery/core-3a7aa128.txt
D  docs/evidence/closed-enum-recovery/miri-core-3a7aa128.txt
D  docs/evidence/closed-enum-recovery/miri-shared-3a7aa128.txt
D  docs/evidence/closed-enum-recovery/repro-pre-fix.txt
D  docs/evidence/closed-enum-recovery/rustdoc-3a7aa128.txt
D  docs/evidence/closed-enum-recovery/shared-3a7aa128.txt
D  docs/evidence/closed-enum-recovery/summary-3a7aa128.json
D  docs/evidence/codec-profiles.md
D  docs/evidence/codegen-refresh/README.md
D  docs/evidence/codegen-refresh/codecbench.txt
D  docs/evidence/codegen-refresh/conformance-summary.json
D  docs/evidence/codegen-refresh/final-adapter-descriptors.txt
D  docs/evidence/codegen-refresh/final-clippy.txt
D  docs/evidence/codegen-refresh/final-closure-documentation.txt
D  docs/evidence/codegen-refresh/final-closure-plan-tests.txt
D  docs/evidence/codegen-refresh/final-codecbench-build.txt
D  docs/evidence/codegen-refresh/final-codecbench.txt
D  docs/evidence/codegen-refresh/final-conformance.txt
D  docs/evidence/codegen-refresh/final-format.txt
D  docs/evidence/codegen-refresh/final-main-regen-check.txt
D  docs/evidence/codegen-refresh/final-plan-lint.txt
D  docs/evidence/codegen-refresh/final-plan-regeneration-tests.txt
D  docs/evidence/codegen-refresh/final-rustdoc.txt
D  docs/evidence/codegen-refresh/final-semver-grpc.txt
D  docs/evidence/codegen-refresh/final-semver-pbrs.txt
D  docs/evidence/codegen-refresh/final-semver-tonic.txt
D  docs/evidence/codegen-refresh/final-upstream-shared.txt
D  docs/evidence/codegen-refresh/final-workspace.txt
D  docs/evidence/codegen-refresh/qualification.json
D  docs/evidence/codegen-refresh/quiet-codecbench.txt
D  docs/evidence/codegen-refresh/rpcbench-tests.txt
D  docs/evidence/compile-cost.md
D  docs/evidence/current-h2-characterization-final.log
D  docs/evidence/current-h2-clippy-final.log
D  docs/evidence/current-h2-clippy-initial-failure.log
D  docs/evidence/current-h2-intended-invariants.log
D  docs/evidence/current-h2-intended-invariants.rs.txt
D  docs/evidence/current-h2-native-gates.log
D  docs/evidence/current-h2-python-guards.log
D  docs/evidence/current-h2-smoke-v1/build.stderr.log
D  docs/evidence/current-h2-smoke-v1/build.stdout.jsonl
D  docs/evidence/current-h2-smoke-v1/events.jsonl
D  docs/evidence/current-h2-smoke-v1/report.json
D  docs/evidence/current-h2-smoke-v1/test.stderr.log
D  docs/evidence/current-h2-smoke-v1/test.stdout.log
D  docs/evidence/current-h2-smoke-v2/build.stderr.log
D  docs/evidence/current-h2-smoke-v2/build.stdout.jsonl
D  docs/evidence/current-h2-smoke-v2/events.jsonl
D  docs/evidence/current-h2-smoke-v2/report.json
D  docs/evidence/current-h2-smoke-v2/test.stderr.log
D  docs/evidence/current-h2-smoke-v2/test.stdout.log
D  docs/evidence/current-h2-smoke-v3/build.stderr.log
D  docs/evidence/current-h2-smoke-v3/build.stdout.jsonl
D  docs/evidence/current-h2-smoke-v3/events.jsonl
D  docs/evidence/current-h2-smoke-v3/report.json
D  docs/evidence/current-h2-smoke-v3/test.stderr.log
D  docs/evidence/current-h2-smoke-v3/test.stdout.log
D  docs/evidence/current-h2-soak.md
D  docs/evidence/current-improvements/integration.json
D  docs/evidence/current-improvements/tonic-stream-integration.log
D  docs/evidence/current-integration-20261002/integrated-msrv-validation.json
D  docs/evidence/current-integration-20261002/main-gn11-all-features.log
D  docs/evidence/current-integration-20261002/main-gn11-remaining.log
D  docs/evidence/current-integration-20261002/main-tc30a-all-features.log
D  docs/evidence/current-integration-20261002/main-tc30a-remaining.log
D  docs/evidence/current-integration-20261002/msrv-adapter-1.88-integrated.log
D  docs/evidence/current-integration-20261002/msrv-grpc-1.85-integrated.log
D  docs/evidence/current-integration-20261002/msrv-grpc-tonic-1.88-final.log
D  docs/evidence/current-integration-20261002/msrv-grpc-tonic-1.88-integrated.log
D  docs/evidence/current-integration-20261002/msrv-grpc-tonic-1.88.log
D  docs/evidence/current-integration-20261002/msrv-pbrs-1.85-integrated.log
D  docs/evidence/current-integration-20261002/msrv-pbrs-doc-1.85-integrated.log
D  docs/evidence/current-integration-20261002/validation.json
D  docs/evidence/deadline-admission.md
D  docs/evidence/deadline-admission/components/README.md
D  docs/evidence/deadline-admission/components/additive-only-eighteen/admission_additional_tests.rs
D  docs/evidence/deadline-admission/components/additive-only-eighteen/admission_tests.rs
D  docs/evidence/deadline-admission/components/additive-only-eighteen/build.stderr
D  docs/evidence/deadline-admission/components/additive-only-eighteen/build.stdout
D  docs/evidence/deadline-admission/components/additive-only-eighteen/pins.json
D  docs/evidence/deadline-admission/components/additive-only-eighteen/source.tar.gz
D  docs/evidence/deadline-admission/components/additive-only-eighteen/test-build.stderr
D  docs/evidence/deadline-admission/components/additive-only-eighteen/test-build.stdout
D  docs/evidence/deadline-admission/components/additive-only-eighteen/test.stderr
D  docs/evidence/deadline-admission/components/additive-only-eighteen/test.stdout
D  docs/evidence/deadline-admission/components/additive-only-readiness.patch
D  docs/evidence/deadline-admission/components/backend.patch
D  docs/evidence/deadline-admission/components/check-only-rejected/admission_tests.rs
D  docs/evidence/deadline-admission/components/check-only-rejected/backend.patch
D  docs/evidence/deadline-admission/components/check-only-rejected/build-h2-pins.json
D  docs/evidence/deadline-admission/components/check-only-rejected/build-h2.log
D  docs/evidence/deadline-admission/components/check-only-rejected/build-tests.log
D  docs/evidence/deadline-admission/components/check-only-rejected/first-tests.log
D  docs/evidence/deadline-admission/components/check-only-rejected/reconstruction.stderr
D  docs/evidence/deadline-admission/components/check-only-rejected/reconstruction.stdout
D  docs/evidence/deadline-admission/components/check-only-rejected/source-pins.json
D  docs/evidence/deadline-admission/components/check-only-rejected/source.tar.gz
D  docs/evidence/deadline-admission/components/inventory.json
D  docs/evidence/deadline-admission/components/mixed-waker-red/capture.py
D  docs/evidence/deadline-admission/components/mixed-waker-red/pins.json
D  docs/evidence/deadline-admission/components/mixed-waker-red/source.tar.gz
D  docs/evidence/deadline-admission/components/mixed-waker-red/test-build.stderr
D  docs/evidence/deadline-admission/components/mixed-waker-red/test-build.stdout
D  docs/evidence/deadline-admission/components/mixed-waker-red/test.stderr
D  docs/evidence/deadline-admission/components/mixed-waker-red/test.stdout
D  docs/evidence/deadline-admission/components/packaging-audit.json
D  docs/evidence/deadline-admission/components/queue-reserved-corrected-seven/build.stderr
D  docs/evidence/deadline-admission/components/queue-reserved-corrected-seven/build.stdout
D  docs/evidence/deadline-admission/components/queue-reserved-corrected-seven/pins.json
D  docs/evidence/deadline-admission/components/queue-reserved-corrected-seven/source.tar.gz
D  docs/evidence/deadline-admission/components/queue-reserved-corrected-seven/test-build.stderr
D  docs/evidence/deadline-admission/components/queue-reserved-corrected-seven/test-build.stdout
D  docs/evidence/deadline-admission/components/queue-reserved-corrected-seven/test.stderr
D  docs/evidence/deadline-admission/components/queue-reserved-corrected-seven/test.stdout
D  docs/evidence/deadline-admission/components/queue-reserved-untested/build.stderr
D  docs/evidence/deadline-admission/components/queue-reserved-untested/original-five-file-source.tar.gz
D  docs/evidence/deadline-admission/components/queue-reserved-untested/source-pins.json
D  docs/evidence/deadline-admission/components/queue-reserved-untested/source.tar.gz
D  docs/evidence/deadline-admission/components/upstream-provenance.json
D  docs/evidence/deadline-admission/components/upstream-source.tar.gz
D  docs/evidence/deadline-admission/components/upstream-vcs.json
D  docs/evidence/deadline-admission/components/upstream.LICENSE
D  docs/evidence/deadline-admission/components/verification.json
D  docs/evidence/deadline-admission/components/workspace-binaries.json
D  docs/evidence/deadline-admission/deadline_admission.rs
D  docs/evidence/deadline-admission/embedded-cache-cleanup/README.md
D  docs/evidence/deadline-admission/embedded-cache-cleanup/archive-audit.log
D  docs/evidence/deadline-admission/embedded-cache-cleanup/artifact-sha256.json
D  docs/evidence/deadline-admission/embedded-cache-cleanup/check-artifacts.py
D  docs/evidence/deadline-admission/embedded-cache-cleanup/members-sha256.json
D  docs/evidence/deadline-admission/embedded-cache-cleanup/proof.json
D  docs/evidence/deadline-admission/embedded-cache-cleanup/raw.tar.gz
D  docs/evidence/deadline-admission/embedded-topology/README.md
D  docs/evidence/deadline-admission/embedded-topology/archive-audit.log
D  docs/evidence/deadline-admission/embedded-topology/artifact-sha256.json
D  docs/evidence/deadline-admission/embedded-topology/check-artifacts.py
D  docs/evidence/deadline-admission/embedded-topology/clippy-1.88-overlay.md
D  docs/evidence/deadline-admission/embedded-topology/indexmap-compatibility/after-Cargo.toml
D  docs/evidence/deadline-admission/embedded-topology/indexmap-compatibility/audit.json
D  docs/evidence/deadline-admission/embedded-topology/indexmap-compatibility/before-Cargo.toml
D  docs/evidence/deadline-admission/embedded-topology/indexmap-compatibility/manifest.patch
D  docs/evidence/deadline-admission/embedded-topology/indexmap-compatibility/root-metadata.json
D  docs/evidence/deadline-admission/embedded-topology/indexmap-compatibility/root-metadata.stderr
D  docs/evidence/deadline-admission/embedded-topology/members-sha256.json
D  docs/evidence/deadline-admission/embedded-topology/proof.json
D  docs/evidence/deadline-admission/embedded-topology/raw.tar.gz
D  docs/evidence/deadline-admission/embedded-topology/wake-guard-1.88/029-final-clippy188.stderr.log
D  docs/evidence/deadline-admission/embedded-topology/wake-guard-1.88/README.md
D  docs/evidence/deadline-admission/embedded-topology/wake-guard-1.88/admission_additional_tests.rs.after
D  docs/evidence/deadline-admission/embedded-topology/wake-guard-1.88/admission_additional_tests.rs.before
D  docs/evidence/deadline-admission/embedded-topology/wake-guard-1.88/admission_tests.rs.after
D  docs/evidence/deadline-admission/embedded-topology/wake-guard-1.88/admission_tests.rs.before
D  docs/evidence/deadline-admission/embedded-topology/wake-guard-1.88/replay.log
D  docs/evidence/deadline-admission/embedded-topology/wake-replay-package-path/README.md
D  docs/evidence/deadline-admission/embedded-topology/wake-replay-package-path/artifact-sha256.json
D  docs/evidence/deadline-admission/embedded-topology/wake-replay-package-path/audit.log
D  docs/evidence/deadline-admission/embedded-topology/wake-replay-package-path/capture.py
D  docs/evidence/deadline-admission/embedded-topology/wake-replay-package-path/check-artifacts.py
D  docs/evidence/deadline-admission/embedded-topology/wake-replay-package-path/inputs/backend/admission_additional_tests.rs
D  docs/evidence/deadline-admission/embedded-topology/wake-replay-package-path/inputs/backend/admission_tests.rs
D  docs/evidence/deadline-admission/embedded-topology/wake-replay-package-path/inputs/backend/provenance.json
D  docs/evidence/deadline-admission/embedded-topology/wake-replay-package-path/inputs/backend/replay-wake-guard-1.88-overlay.py
D  docs/evidence/deadline-admission/embedded-topology/wake-replay-package-path/inputs/backend/wake-guard-1.88-overlay.json
D  docs/evidence/deadline-admission/embedded-topology/wake-replay-package-path/inputs/backend/wake-guard-1.88-overlay.patch
D  docs/evidence/deadline-admission/embedded-topology/wake-replay-package-path/inputs/before/admission_additional_tests.rs.before
D  docs/evidence/deadline-admission/embedded-topology/wake-replay-package-path/inputs/before/admission_tests.rs.before
D  docs/evidence/deadline-admission/embedded-topology/wake-replay-package-path/normalized-layout-after.json
D  docs/evidence/deadline-admission/embedded-topology/wake-replay-package-path/normalized-layout-after.stderr
D  docs/evidence/deadline-admission/embedded-topology/wake-replay-package-path/normalized-layout-after.stdout
D  docs/evidence/deadline-admission/embedded-topology/wake-replay-package-path/normalized-layout-before.json
D  docs/evidence/deadline-admission/embedded-topology/wake-replay-package-path/normalized-layout-before.stderr
D  docs/evidence/deadline-admission/embedded-topology/wake-replay-package-path/normalized-layout-before.stdout
D  docs/evidence/deadline-admission/embedded-topology/wake-replay-package-path/overlay.json
D  docs/evidence/deadline-admission/embedded-topology/wake-replay-package-path/overlay.patch
D  docs/evidence/deadline-admission/embedded-topology/wake-replay-package-path/replay-helper.after.py
D  docs/evidence/deadline-admission/embedded-topology/wake-replay-package-path/replay-helper.before.py
D  docs/evidence/deadline-admission/embedded-topology/wake-replay-package-path/root-after.json
D  docs/evidence/deadline-admission/embedded-topology/wake-replay-package-path/root-after.stderr
D  docs/evidence/deadline-admission/embedded-topology/wake-replay-package-path/root-after.stdout
D  docs/evidence/deadline-admission/embedded-topology/wake-replay-package-path/root-before.json
D  docs/evidence/deadline-admission/embedded-topology/wake-replay-package-path/root-before.stderr
D  docs/evidence/deadline-admission/embedded-topology/wake-replay-package-path/root-before.stdout
D  docs/evidence/deadline-admission/embedded-topology/wake-replay-package-path/root-explicit-after.json
D  docs/evidence/deadline-admission/embedded-topology/wake-replay-package-path/root-explicit-after.stderr
D  docs/evidence/deadline-admission/embedded-topology/wake-replay-package-path/root-explicit-after.stdout
D  docs/evidence/deadline-admission/final-native-go/README.md
D  docs/evidence/deadline-admission/final-native-go/SHA256SUMS
D  docs/evidence/deadline-admission/final-native-go/archive.json
D  docs/evidence/deadline-admission/final-native-go/audit-first.exit
D  docs/evidence/deadline-admission/final-native-go/audit-first.log
D  docs/evidence/deadline-admission/final-native-go/audit-first.stderr
D  docs/evidence/deadline-admission/final-native-go/audit.exit
D  docs/evidence/deadline-admission/final-native-go/audit.log
D  docs/evidence/deadline-admission/final-native-go/audit.py
D  docs/evidence/deadline-admission/final-native-go/audit.stderr
D  docs/evidence/deadline-admission/final-native-go/evidence.tar.gz.part001
D  docs/evidence/deadline-admission/final-native-go/evidence.tar.gz.part002
D  docs/evidence/deadline-admission/h2-api-excerpts.txt
D  docs/evidence/deadline-admission/h2-source-pins.json
D  docs/evidence/deadline-admission/lib-pbrs_grpc
D  docs/evidence/deadline-admission/lib-pbrs_grpc.json
D  docs/evidence/deadline-admission/native-caller-lock/audit.json
D  docs/evidence/deadline-admission/native-caller-lock/lock.patch
D  docs/evidence/deadline-admission/native-caller-lock/normalize-tonic-lock.py
D  docs/evidence/deadline-admission/native-caller-lock/tonic-Cargo.lock.after
D  docs/evidence/deadline-admission/native-caller-lock/tonic-Cargo.lock.before
D  docs/evidence/deadline-admission/native-caller/README.md
D  docs/evidence/deadline-admission/native-caller/artifact-sha256.json
D  docs/evidence/deadline-admission/native-caller/audit.log
D  docs/evidence/deadline-admission/native-caller/check-artifacts.py
D  docs/evidence/deadline-admission/native-caller/members-sha256.json
D  docs/evidence/deadline-admission/native-caller/proof.json
D  docs/evidence/deadline-admission/native-caller/raw.tar.gz
D  docs/evidence/deadline-admission/native-caller/source-2826b84b3680.tar.gz
D  docs/evidence/deadline-admission/native-caller/source-3777e130ead9.tar.gz
D  docs/evidence/deadline-admission/native-caller/source-52b9a92152e4.tar.gz
D  docs/evidence/deadline-admission/native-caller/source-5f4381599e6d.tar.gz
D  docs/evidence/deadline-admission/native-caller/source-98a43c552f53.tar.gz
D  docs/evidence/deadline-admission/native-caller/source-cc4db0538377.tar.gz
D  docs/evidence/deadline-admission/native-caller/source-d6c4ddde5b30.tar.gz
D  docs/evidence/deadline-admission/original-all-features.log
D  docs/evidence/deadline-admission/original-elf-single.log
D  docs/evidence/deadline-admission/raw-peer-build-final.log
D  docs/evidence/deadline-admission/raw-peer-build-two.log
D  docs/evidence/deadline-admission/raw-peer-pins-pre-format.json
D  docs/evidence/deadline-admission/raw-peer-pins.json
D  docs/evidence/deadline-admission/raw-peer-red-guarded-pre-format.log
D  docs/evidence/deadline-admission/raw-peer-red-guarded.log
D  docs/evidence/deadline-admission/raw-peer-red.log
D  docs/evidence/deadline-admission/raw-peer-two-pins.json
D  docs/evidence/deadline-admission/raw-peer-two-red.log
D  docs/evidence/deadline-admission/test-integration-test-retry_safety.json
D  docs/evidence/deprecated-enum-impl-lints.md
D  docs/evidence/encoded-request-replay.json
D  docs/evidence/enum-options-deprecation.md
D  docs/evidence/final-go-cache-reclamation-20261003/README.md
D  docs/evidence/final-go-cache-reclamation-20261003/archive-members.json
D  docs/evidence/final-go-cache-reclamation-20261003/archive-parts.json
D  docs/evidence/final-go-cache-reclamation-20261003/archive.json
D  docs/evidence/final-go-cache-reclamation-20261003/archive/selected-payloads.tar.gz.part-000
D  docs/evidence/final-go-cache-reclamation-20261003/archive/selected-payloads.tar.gz.part-001
D  docs/evidence/final-go-cache-reclamation-20261003/archive/selected-payloads.tar.gz.part-002
D  docs/evidence/final-go-cache-reclamation-20261003/archive/selected-payloads.tar.gz.part-003
D  docs/evidence/final-go-cache-reclamation-20261003/artifact-manifest-before-independent-check.json
D  docs/evidence/final-go-cache-reclamation-20261003/artifact-manifest.json
D  docs/evidence/final-go-cache-reclamation-20261003/completed.json
D  docs/evidence/final-go-cache-reclamation-20261003/global-after.json
D  docs/evidence/final-go-cache-reclamation-20261003/global-before.json
D  docs/evidence/final-go-cache-reclamation-20261003/global-pre-delete.json
D  docs/evidence/final-go-cache-reclamation-20261003/independent-check.json
D  docs/evidence/final-go-cache-reclamation-20261003/independent-check.stderr
D  docs/evidence/final-go-cache-reclamation-20261003/independent-check.stdout
D  docs/evidence/final-go-cache-reclamation-20261003/inventory-before-cache.json
D  docs/evidence/final-go-cache-reclamation-20261003/inventory-before-modcache.json
D  docs/evidence/final-go-cache-reclamation-20261003/inventory-pre-delete-cache.json
D  docs/evidence/final-go-cache-reclamation-20261003/inventory-pre-delete-modcache.json
D  docs/evidence/final-go-cache-reclamation-20261003/inventory-quarantine-cache.json
D  docs/evidence/final-go-cache-reclamation-20261003/inventory-quarantine-modcache.json
D  docs/evidence/final-go-cache-reclamation-20261003/main-observation.json
D  docs/evidence/final-go-cache-reclamation-20261003/owner-clearance.json
D  docs/evidence/final-go-cache-reclamation-20261003/preserve.stderr.log
D  docs/evidence/final-go-cache-reclamation-20261003/preserve.stdout.log
D  docs/evidence/final-go-cache-reclamation-20261003/preserved.json
D  docs/evidence/final-go-cache-reclamation-20261003/proc/after-exact-node-rename.json
D  docs/evidence/final-go-cache-reclamation-20261003/proc/after-preservation.json
D  docs/evidence/final-go-cache-reclamation-20261003/proc/before-exact-node-rename.json
D  docs/evidence/final-go-cache-reclamation-20261003/proc/before-preservation.json
D  docs/evidence/final-go-cache-reclamation-20261003/proc/immediately-before-rename.json
D  docs/evidence/final-go-cache-reclamation-20261003/protected-inputs.json
D  docs/evidence/final-go-cache-reclamation-20261003/quarantine-directory-permission-changes.json
D  docs/evidence/final-go-cache-reclamation-20261003/reclaim.py
D  docs/evidence/final-go-cache-reclamation-20261003/reclaim.stderr.log
D  docs/evidence/final-go-cache-reclamation-20261003/reclaim.stdout.log
D  docs/evidence/final-go-cache-reclamation-20261003/rename.json
D  docs/evidence/final-go-cache-reclamation-20261003/runtime-module-zip-proof.json
D  docs/evidence/final-go-cache-reclamation-20261003/seal_commit.py
D  docs/evidence/final-go-cache-reclamation-20261003/selected-payloads.json
D  docs/evidence/final-go-cache-reclamation-20261003/verify.py
D  docs/evidence/fuzz-2026-09-28.md
D  docs/evidence/gn-02-generated-shrink.md
D  docs/evidence/gn-03-bootstrap-reclaim-artifacts/artifact-sha256.json
D  docs/evidence/gn-03-bootstrap-reclaim-artifacts/cache-file-sha256.json
D  docs/evidence/gn-03-bootstrap-reclaim-artifacts/check-reclamation.py
D  docs/evidence/gn-03-bootstrap-reclaim-artifacts/fingerprint-and-dependency-contents.tar.gz
D  docs/evidence/gn-03-bootstrap-reclaim-artifacts/gn03-bootstrap-reclaim.log
D  docs/evidence/gn-03-bootstrap-reclaim-artifacts/gn03-bootstrap-reclamation-audit.log
D  docs/evidence/gn-03-bootstrap-reclaim-artifacts/process-guard-before.json
D  docs/evidence/gn-03-bootstrap-reclaim-artifacts/process-guard-immediately-before.json
D  docs/evidence/gn-03-bootstrap-reclaim-artifacts/reclaim-gn03-bootstrap.py
D  docs/evidence/gn-03-bootstrap-reclaim-artifacts/reclamation.json
D  docs/evidence/gn-03-bootstrap-reclaim-artifacts/retained-content-sha256.json
D  docs/evidence/gn-03-bootstrap-reclaim-artifacts/unchanged-controls-before.json
D  docs/evidence/gn-03-descriptor-sharing.md
D  docs/evidence/gn-03-reflection-options.md
D  docs/evidence/gn-03-sb09-100-artifacts/archive-audit.exit
D  docs/evidence/gn-03-sb09-100-artifacts/archive-audit.log
D  docs/evidence/gn-03-sb09-100-artifacts/artifact-sha256.json
D  docs/evidence/gn-03-sb09-100-artifacts/check-pair.py
D  docs/evidence/gn-03-sb09-100-artifacts/members-sha256.json
D  docs/evidence/gn-03-sb09-100-artifacts/provenance.json
D  docs/evidence/gn-03-sb09-100-artifacts/raw.tar.gz
D  docs/evidence/gn-03-sb09-1000-failed-artifacts/archive-audit.exit
D  docs/evidence/gn-03-sb09-1000-failed-artifacts/archive-audit.log
D  docs/evidence/gn-03-sb09-1000-failed-artifacts/artifact-sha256.json
D  docs/evidence/gn-03-sb09-1000-failed-artifacts/check-failed-attempt.py
D  docs/evidence/gn-03-sb09-1000-failed-artifacts/members-sha256.json
D  docs/evidence/gn-03-sb09-1000-failed-artifacts/provenance.json
D  docs/evidence/gn-03-sb09-1000-failed-artifacts/raw.tar.gz
D  docs/evidence/gn-03-sb09-profile-artifacts/artifact-sha256.json
D  docs/evidence/gn-03-sb09-profile-artifacts/coordinator-v2/artifact-sha256.json
D  docs/evidence/gn-03-sb09-profile-artifacts/coordinator-v2/gates.json
D  docs/evidence/gn-03-sb09-profile-artifacts/coordinator-v2/sb09-coordinator-final.exit
D  docs/evidence/gn-03-sb09-profile-artifacts/coordinator-v2/sb09-coordinator-final.log
D  docs/evidence/gn-03-sb09-profile-artifacts/coordinator-v2/sb09-coordinator-plan-100.json
D  docs/evidence/gn-03-sb09-profile-artifacts/coordinator-v2/sb09-coordinator-plan-1000.json
D  docs/evidence/gn-03-sb09-profile-artifacts/coordinator-v2/sb09-coordinator-plan-small.json
D  docs/evidence/gn-03-sb09-profile-artifacts/coordinator-v2/sb09-coordinator-red.exit
D  docs/evidence/gn-03-sb09-profile-artifacts/coordinator-v2/sb09-coordinator-red.log
D  docs/evidence/gn-03-sb09-profile-artifacts/coordinator-v2/sb09-paired-screen-red-shim.py
D  docs/evidence/gn-03-sb09-profile-artifacts/coordinator-v2/sb09-paired-screen.py
D  docs/evidence/gn-03-sb09-profile-artifacts/coordinator-v2/test_sb09_paired_screen.py
D  docs/evidence/gn-03-sb09-profile-artifacts/gates.json
D  docs/evidence/gn-03-sb09-profile-artifacts/sb09-paired-screen.py
D  docs/evidence/gn-03-sb09-profile-artifacts/sb09-profile-baseline-tests.log
D  docs/evidence/gn-03-sb09-profile-artifacts/sb09-profile-red.exit
D  docs/evidence/gn-03-sb09-profile-artifacts/sb09-profile-red.log
D  docs/evidence/gn-03-sb09-profile-artifacts/sb09-profile-tests-final.exit
D  docs/evidence/gn-03-sb09-profile-artifacts/sb09-profile-tests-final.log
D  docs/evidence/gn-03-sb09-profile-artifacts/sb09-profile-tests-first.exit
D  docs/evidence/gn-03-sb09-profile-artifacts/sb09-profile-tests-first.log
D  docs/evidence/gn-03-sb09-sharing.md
D  docs/evidence/gn-03-sb09-small-artifacts/archive-audit.exit
D  docs/evidence/gn-03-sb09-small-artifacts/archive-audit.log
D  docs/evidence/gn-03-sb09-small-artifacts/artifact-sha256.json
D  docs/evidence/gn-03-sb09-small-artifacts/check-pair.py
D  docs/evidence/gn-03-sb09-small-artifacts/members-sha256.json
D  docs/evidence/gn-03-sb09-small-artifacts/provenance.json
D  docs/evidence/gn-03-sb09-small-artifacts/raw.tar.gz
D  docs/evidence/gn-03-source-artifacts/artifact-sha256.json
D  docs/evidence/gn-03-source-artifacts/check-source-volume.py
D  docs/evidence/gn-03-source-artifacts/commands.json
D  docs/evidence/gn-03-source-artifacts/provenance.json
D  docs/evidence/gn-03-source-artifacts/raw-artifacts.tar.gz
D  docs/evidence/gn-03-source-artifacts/raw-member-sha256.json
D  docs/evidence/gn-03-source-artifacts/record-source-volume.py
D  docs/evidence/gn-03-source-artifacts/volume-before.json
D  docs/evidence/gn-03-source-artifacts/volume-default-final.json
D  docs/evidence/gn-03-source-artifacts/volume-shared-final.json
D  docs/evidence/gn-03-source-artifacts/volume-shared-repeat.json
D  docs/evidence/gn-03-source-sharing.md
D  docs/evidence/gn-11-adoption-artifacts/artifact-sha256.json
D  docs/evidence/gn-11-adoption-artifacts/check-inventories.py
D  docs/evidence/gn-11-adoption-artifacts/commands.json
D  docs/evidence/gn-11-adoption-artifacts/generated-ownership.json
D  docs/evidence/gn-11-adoption-artifacts/inventory-comparison.json
D  docs/evidence/gn-11-adoption-artifacts/provenance.json
D  docs/evidence/gn-11-adoption-artifacts/raw-artifacts.tar.gz
D  docs/evidence/gn-11-adoption-artifacts/raw-member-sha256.json
D  docs/evidence/gn-11-adoption-consumer.md
D  docs/evidence/gn-11-artifacts/b3-after.json
D  docs/evidence/gn-11-artifacts/b3-before.json
D  docs/evidence/gn-11-artifacts/clippy-corrected.log
D  docs/evidence/gn-11-artifacts/clippy-first-unused-result.log
D  docs/evidence/gn-11-artifacts/cost-corrected.json
D  docs/evidence/gn-11-artifacts/cost-first-invalid.json
D  docs/evidence/gn-11-artifacts/final-plugin-build.log
D  docs/evidence/gn-11-artifacts/focused-gates.log
D  docs/evidence/gn-11-artifacts/format-final.log
D  docs/evidence/gn-11-artifacts/format-post-review.log
D  docs/evidence/gn-11-artifacts/generated-output.tar.gz
D  docs/evidence/gn-11-artifacts/gnu-time-provenance.json
D  docs/evidence/gn-11-artifacts/harness-corrected.log
D  docs/evidence/gn-11-artifacts/harness-first-missing-time.log
D  docs/evidence/gn-11-artifacts/measurement-driver.py
D  docs/evidence/gn-11-artifacts/minimal-library.log
D  docs/evidence/gn-11-artifacts/optional-minimal-docs-failure.log
D  docs/evidence/gn-11-artifacts/pinned-onboarding.log
D  docs/evidence/gn-11-artifacts/post-review-b3-equality.log
D  docs/evidence/gn-11-artifacts/post-review-contracts.log
D  docs/evidence/gn-11-artifacts/post-review-generated-output.tar.gz
D  docs/evidence/gn-11-artifacts/prototype-corrected-after.log
D  docs/evidence/gn-11-artifacts/prototype-first-after.log
D  docs/evidence/gn-11-artifacts/provenance.json
D  docs/evidence/gn-11-artifacts/raw-measurements.tar.gz
D  docs/evidence/gn-11-artifacts/raw-validation-logs.tar.gz
D  docs/evidence/gn-11-artifacts/regen-safety.log
D  docs/evidence/gn-11-artifacts/regeneration-check.log
D  docs/evidence/gn-11-artifacts/regeneration-snapshot.json
D  docs/evidence/gn-11-artifacts/regression-before.log
D  docs/evidence/gn-11-artifacts/rustdoc-final.log
D  docs/evidence/gn-11-artifacts/shipping-contracts.log
D  docs/evidence/gn-11-wkt-sharing.md
D  docs/evidence/gn-12-regeneration-proof.json
D  docs/evidence/gn-12-safe-regeneration.md
D  docs/evidence/gn04-codegen-speed.md
D  docs/evidence/grpc-bench.md
D  docs/evidence/h2-costs.md
D  docs/evidence/h202-transport.md
D  docs/evidence/headroom-acceptance-audit-20261002.md
D  docs/evidence/io09-upstream-triage.md
D  docs/evidence/large-payload-baseline.md
D  docs/evidence/large-payload-baseline/codec.jsonl
D  docs/evidence/large-payload-baseline/prof-pbrs-encode-8mib/cell.json
D  docs/evidence/large-payload-baseline/prof-pbrs-encode-8mib/folded.txt
D  docs/evidence/large-payload-baseline/prof-pbrs-encode-8mib/meta.json
D  docs/evidence/large-payload-baseline/prof-pbrs-encode-8mib/top.txt
D  docs/evidence/large-payload-baseline/prof-pbrs-parse-8mib/cell.json
D  docs/evidence/large-payload-baseline/prof-pbrs-parse-8mib/folded.txt
D  docs/evidence/large-payload-baseline/prof-pbrs-parse-8mib/meta.json
D  docs/evidence/large-payload-baseline/prof-pbrs-parse-8mib/top.txt
D  docs/evidence/large-payload-baseline/prof-pbrs-touch-8mib/cell.json
D  docs/evidence/large-payload-baseline/prof-pbrs-touch-8mib/folded.txt
D  docs/evidence/large-payload-baseline/prof-pbrs-touch-8mib/meta.json
D  docs/evidence/large-payload-baseline/prof-pbrs-touch-8mib/top.txt
D  docs/evidence/large-payload-baseline/prof-prost-encode-8mib/cell.json
D  docs/evidence/large-payload-baseline/prof-prost-encode-8mib/folded.txt
D  docs/evidence/large-payload-baseline/prof-prost-encode-8mib/meta.json
D  docs/evidence/large-payload-baseline/prof-prost-encode-8mib/top.txt
D  docs/evidence/large-payload-baseline/rpc-go.json
D  docs/evidence/large-payload-baseline/rpc.json
D  docs/evidence/minimal-binary-profiles.md
D  docs/evidence/minimal-binary-profiles/before-codegen-disabled.log
D  docs/evidence/minimal-binary-profiles/cli-output-equality.log
D  docs/evidence/minimal-binary-profiles/codegen-only-cli-build.log
D  docs/evidence/minimal-binary-profiles/codegen-only-cli-run.log
D  docs/evidence/minimal-binary-profiles/conformance-enabled-build.log
D  docs/evidence/minimal-binary-profiles/conformance-eof-smoke.json
D  docs/evidence/minimal-binary-profiles/default-cli-build.log
D  docs/evidence/minimal-binary-profiles/default-cli-run.log
D  docs/evidence/minimal-binary-profiles/final-doc-links.log
D  docs/evidence/minimal-binary-profiles/intermediate-conformance-disabled-check.log
D  docs/evidence/minimal-binary-profiles/intermediate-conformance-disabled-docs.log
D  docs/evidence/minimal-binary-profiles/minimal-check.log
D  docs/evidence/minimal-binary-profiles/minimal-docs.log
D  docs/evidence/minimal-binary-profiles/provenance.json
D  docs/evidence/minimal-binary-profiles/raw-logs.tar.gz
D  docs/evidence/mx01-split.md
D  docs/evidence/mx04-split.md
D  docs/evidence/perf-ci/.gitattributes
D  docs/evidence/perf-ci/36614240614/base.json
D  docs/evidence/perf-ci/36614240614/base.log
D  docs/evidence/perf-ci/36614240614/head.json
D  docs/evidence/perf-ci/36614240614/head.log
D  docs/evidence/perf-ci/36614240614/summary.md
D  docs/evidence/perf-ci/36614240614/validation.json
D  docs/evidence/perf-ci/36615248270/base.json
D  docs/evidence/perf-ci/36615248270/base.log
D  docs/evidence/perf-ci/36615248270/compare.txt
D  docs/evidence/perf-ci/36615248270/head.json
D  docs/evidence/perf-ci/36615248270/head.log
D  docs/evidence/perf-ci/36615248270/summary.md
D  docs/evidence/perf-ci/36615248270/validation.json
D  docs/evidence/perf-ci/36617638958/base.json
D  docs/evidence/perf-ci/36617638958/base.log
D  docs/evidence/perf-ci/36617638958/compare.txt
D  docs/evidence/perf-ci/36617638958/head.json
D  docs/evidence/perf-ci/36617638958/head.log
D  docs/evidence/perf-ci/36617638958/summary.md
D  docs/evidence/perf-ci/36617638958/validation.json
D  docs/evidence/perf-ci/36622048330/base.json
D  docs/evidence/perf-ci/36622048330/base.log
D  docs/evidence/perf-ci/36622048330/compare.txt
D  docs/evidence/perf-ci/36622048330/head.json
D  docs/evidence/perf-ci/36622048330/head.log
D  docs/evidence/perf-ci/36622048330/summary.md
D  docs/evidence/perf-ci/36622048330/validation.json
D  docs/evidence/perf-ci/36744553856/base.json
D  docs/evidence/perf-ci/36744553856/base.log
D  docs/evidence/perf-ci/36744553856/head.json
D  docs/evidence/perf-ci/36744553856/head.log
D  docs/evidence/perf-ci/36744553856/summary.md
D  docs/evidence/perf-ci/36744553856/validation.json
D  docs/evidence/perf-ci/36746154592/base.json
D  docs/evidence/perf-ci/36746154592/base.log
D  docs/evidence/perf-ci/36746154592/compare.txt
D  docs/evidence/perf-ci/36746154592/head.json
D  docs/evidence/perf-ci/36746154592/head.log
D  docs/evidence/perf-ci/36746154592/summary.md
D  docs/evidence/perf-ci/36746154592/validation.json
D  docs/evidence/picker-cost.md
D  docs/evidence/pk09-zero-copy.md
D  docs/evidence/pk09-zero-copy/compare.txt
D  docs/evidence/pk09-zero-copy/devloop-base.json
D  docs/evidence/pk09-zero-copy/devloop-head.json
D  docs/evidence/pk09-zero-copy/rpc-sweep.json
D  docs/evidence/pk10-gate.md
D  docs/evidence/pk10-gate/load-unary-8m-3alt.json
D  docs/evidence/pk10-gate/load-unary-8m-base.json
D  docs/evidence/pk10-gate/load-upload-16k.json
D  docs/evidence/pk10-gate/server-unary-8m-3alt.log
D  docs/evidence/pk10-gate/server-unary-8m-base.log
D  docs/evidence/pk10-gate/server-unary-8m.leaf.txt
D  docs/evidence/pk10-gate/server-unary-8m.sample.txt
D  docs/evidence/pk10-gate/server-upload-16k.leaf.txt
D  docs/evidence/pk10-gate/server-upload-16k.log
D  docs/evidence/pk10-gate/server-upload-16k.memmove.txt
D  docs/evidence/pk10-gate/server-upload-16k.sample.txt
D  docs/evidence/pk11-send.md
D  docs/evidence/pk11-send/pk11-devloop-after.json
D  docs/evidence/pk11-send/pk11-devloop-base.json
D  docs/evidence/pk11-send/pk11ab-base-unary8m-r.json
D  docs/evidence/pk11-send/pk11ab-base-unary8m.json
D  docs/evidence/pk11-send/pk11ab-base-upload.json
D  docs/evidence/pk11-send/pk11ab-pk11-unary8m-r.json
D  docs/evidence/pk11-send/pk11ab-pk11-unary8m.json
D  docs/evidence/pk11-send/pk11ab-pk11-upload.json
D  docs/evidence/pk11-send/pk11ab3-base-download.json
D  docs/evidence/pk11-send/pk11ab3-base-tls-up.json
D  docs/evidence/pk11-send/pk11ab3-base-upload2.json
D  docs/evidence/pk11-send/pk11ab3-pk11-download.json
D  docs/evidence/pk11-send/pk11ab3-pk11-tls-up.json
D  docs/evidence/pk11-send/pk11ab3-pk11-upload2.json
D  docs/evidence/pk15-thresholds.md
D  docs/evidence/pk22-string-encode.md
D  docs/evidence/pk23-map-cells.md
D  docs/evidence/pk24-text-cells.md
D  docs/evidence/policy-replay-byte-budget.json
D  docs/evidence/policy-retry-dispatch-counts.json
D  docs/evidence/qps-sb10.md
D  docs/evidence/qps-sb10/run1-harness.log
D  docs/evidence/qps-sb10/run1-native-pair/cpp_protobuf_async_streaming_ping_pong_insecure-native_pair-driver-metrics.json
D  docs/evidence/qps-sb10/run1-native-pair/cpp_protobuf_async_streaming_ping_pong_insecure.scenario.json
D  docs/evidence/qps-sb10/run1-native-pair/cpp_protobuf_async_unary_ping_pong_insecure-native_pair-driver-metrics.json
D  docs/evidence/qps-sb10/run1-native-pair/cpp_protobuf_async_unary_ping_pong_insecure.scenario.json
D  docs/evidence/qps-sb10/run1-native-pair/go_protobuf_sync_streaming_ping_pong_insecure.scenario.json
D  docs/evidence/qps-sb10/run1-native-pair/go_protobuf_sync_unary_ping_pong_insecure.scenario.json
D  docs/evidence/qps-sb10/run1-native-pair/protobuf_streaming_ping_pong_1kb-native_pair-driver-metrics.json
D  docs/evidence/qps-sb10/run1-native-pair/protobuf_streaming_ping_pong_1kb.scenario.json
D  docs/evidence/qps-sb10/run1-native-pair/protobuf_streaming_ping_pong_empty-native_pair-driver-metrics.json
D  docs/evidence/qps-sb10/run1-native-pair/protobuf_streaming_ping_pong_empty.scenario.json
D  docs/evidence/qps-sb10/run1-native-pair/protobuf_unary_ping_pong_1kb-native_pair-driver-metrics.json
D  docs/evidence/qps-sb10/run1-native-pair/protobuf_unary_ping_pong_1kb.scenario.json
D  docs/evidence/qps-sb10/run1-native-pair/protobuf_unary_ping_pong_64kb-native_pair-driver-metrics.json
D  docs/evidence/qps-sb10/run1-native-pair/protobuf_unary_ping_pong_64kb.scenario.json
D  docs/evidence/qps-sb10/run1-native-pair/protobuf_unary_ping_pong_empty-native_pair-driver-metrics.json
D  docs/evidence/qps-sb10/run1-native-pair/protobuf_unary_ping_pong_empty.scenario.json
D  docs/evidence/qps-sb10/run1-native-pair/protobuf_unary_poisson_5000qps-native_pair-driver-metrics.json
D  docs/evidence/qps-sb10/run1-native-pair/protobuf_unary_poisson_5000qps.scenario.json
D  docs/evidence/qps-sb10/run1-native-pair/protobuf_unary_qps_unconstrained_100rpcs-native_pair-driver-metrics.json
D  docs/evidence/qps-sb10/run1-native-pair/protobuf_unary_qps_unconstrained_100rpcs.scenario.json
D  docs/evidence/qps-sb10/run1-native-pair/summary.json
D  docs/evidence/qps-sb10/run2-cpp-n2c/cpp_protobuf_async_streaming_ping_pong_insecure-native_client_to_ref_server-driver-metrics.json
D  docs/evidence/qps-sb10/run2-cpp-n2c/cpp_protobuf_async_streaming_ping_pong_insecure.scenario.json
D  docs/evidence/qps-sb10/run2-cpp-n2c/cpp_protobuf_async_unary_ping_pong_insecure-native_client_to_ref_server-driver-metrics.json
D  docs/evidence/qps-sb10/run2-cpp-n2c/cpp_protobuf_async_unary_ping_pong_insecure.scenario.json
D  docs/evidence/qps-sb10/run2-cpp-n2c/go_protobuf_sync_streaming_ping_pong_insecure.scenario.json
D  docs/evidence/qps-sb10/run2-cpp-n2c/go_protobuf_sync_unary_ping_pong_insecure.scenario.json
D  docs/evidence/qps-sb10/run2-cpp-n2c/protobuf_streaming_ping_pong_1kb-native_client_to_ref_server-driver-metrics.json
D  docs/evidence/qps-sb10/run2-cpp-n2c/protobuf_streaming_ping_pong_1kb.scenario.json
D  docs/evidence/qps-sb10/run2-cpp-n2c/protobuf_streaming_ping_pong_empty-native_client_to_ref_server-driver-metrics.json
D  docs/evidence/qps-sb10/run2-cpp-n2c/protobuf_streaming_ping_pong_empty.scenario.json
D  docs/evidence/qps-sb10/run2-cpp-n2c/protobuf_unary_ping_pong_1kb-native_client_to_ref_server-driver-metrics.json
D  docs/evidence/qps-sb10/run2-cpp-n2c/protobuf_unary_ping_pong_1kb.scenario.json
D  docs/evidence/qps-sb10/run2-cpp-n2c/protobuf_unary_ping_pong_64kb-native_client_to_ref_server-driver-metrics.json
D  docs/evidence/qps-sb10/run2-cpp-n2c/protobuf_unary_ping_pong_64kb.scenario.json
D  docs/evidence/qps-sb10/run2-cpp-n2c/protobuf_unary_ping_pong_empty-native_client_to_ref_server-driver-metrics.json
D  docs/evidence/qps-sb10/run2-cpp-n2c/protobuf_unary_ping_pong_empty.scenario.json
D  docs/evidence/qps-sb10/run2-cpp-n2c/protobuf_unary_poisson_5000qps-native_client_to_ref_server-driver-metrics.json
D  docs/evidence/qps-sb10/run2-cpp-n2c/protobuf_unary_poisson_5000qps.scenario.json
D  docs/evidence/qps-sb10/run2-cpp-n2c/protobuf_unary_qps_unconstrained_100rpcs-native_client_to_ref_server-driver-metrics.json
D  docs/evidence/qps-sb10/run2-cpp-n2c/protobuf_unary_qps_unconstrained_100rpcs.scenario.json
D  docs/evidence/qps-sb10/run2-cpp-n2c/summary.json
D  docs/evidence/qps-sb10/run2-harness.log
D  docs/evidence/qps-sb10/run3-cpp-c2n/cpp_protobuf_async_streaming_ping_pong_insecure-ref_client_to_native_server-driver-metrics.json
D  docs/evidence/qps-sb10/run3-cpp-c2n/cpp_protobuf_async_streaming_ping_pong_insecure.scenario.json
D  docs/evidence/qps-sb10/run3-cpp-c2n/cpp_protobuf_async_unary_ping_pong_insecure-ref_client_to_native_server-driver-metrics.json
D  docs/evidence/qps-sb10/run3-cpp-c2n/cpp_protobuf_async_unary_ping_pong_insecure.scenario.json
D  docs/evidence/qps-sb10/run3-cpp-c2n/go_protobuf_sync_streaming_ping_pong_insecure.scenario.json
D  docs/evidence/qps-sb10/run3-cpp-c2n/go_protobuf_sync_unary_ping_pong_insecure.scenario.json
D  docs/evidence/qps-sb10/run3-cpp-c2n/protobuf_streaming_ping_pong_1kb-ref_client_to_native_server-driver-metrics.json
D  docs/evidence/qps-sb10/run3-cpp-c2n/protobuf_streaming_ping_pong_1kb.scenario.json
D  docs/evidence/qps-sb10/run3-cpp-c2n/protobuf_streaming_ping_pong_empty-ref_client_to_native_server-driver-metrics.json
D  docs/evidence/qps-sb10/run3-cpp-c2n/protobuf_streaming_ping_pong_empty.scenario.json
D  docs/evidence/qps-sb10/run3-cpp-c2n/protobuf_unary_ping_pong_1kb-ref_client_to_native_server-driver-metrics.json
D  docs/evidence/qps-sb10/run3-cpp-c2n/protobuf_unary_ping_pong_1kb.scenario.json
D  docs/evidence/qps-sb10/run3-cpp-c2n/protobuf_unary_ping_pong_64kb-ref_client_to_native_server-driver-metrics.json
D  docs/evidence/qps-sb10/run3-cpp-c2n/protobuf_unary_ping_pong_64kb.scenario.json
D  docs/evidence/qps-sb10/run3-cpp-c2n/protobuf_unary_ping_pong_empty-ref_client_to_native_server-driver-metrics.json
D  docs/evidence/qps-sb10/run3-cpp-c2n/protobuf_unary_ping_pong_empty.scenario.json
D  docs/evidence/qps-sb10/run3-cpp-c2n/protobuf_unary_poisson_5000qps-ref_client_to_native_server-driver-metrics.json
D  docs/evidence/qps-sb10/run3-cpp-c2n/protobuf_unary_poisson_5000qps.scenario.json
D  docs/evidence/qps-sb10/run3-cpp-c2n/protobuf_unary_qps_unconstrained_100rpcs-ref_client_to_native_server-driver-metrics.json
D  docs/evidence/qps-sb10/run3-cpp-c2n/protobuf_unary_qps_unconstrained_100rpcs.scenario.json
D  docs/evidence/qps-sb10/run3-cpp-c2n/summary.json
D  docs/evidence/qps-sb10/run3-harness.log
D  docs/evidence/qps-sb10/run4-go-n2c/cpp_protobuf_async_streaming_ping_pong_insecure-native_client_to_ref_server-driver-metrics.json
D  docs/evidence/qps-sb10/run4-go-n2c/cpp_protobuf_async_streaming_ping_pong_insecure.scenario.json
D  docs/evidence/qps-sb10/run4-go-n2c/cpp_protobuf_async_unary_ping_pong_insecure-native_client_to_ref_server-driver-metrics.json
D  docs/evidence/qps-sb10/run4-go-n2c/cpp_protobuf_async_unary_ping_pong_insecure.scenario.json
D  docs/evidence/qps-sb10/run4-go-n2c/go_protobuf_sync_streaming_ping_pong_insecure.scenario.json
D  docs/evidence/qps-sb10/run4-go-n2c/go_protobuf_sync_unary_ping_pong_insecure.scenario.json
D  docs/evidence/qps-sb10/run4-go-n2c/protobuf_streaming_ping_pong_1kb-native_client_to_ref_server-driver-metrics.json
D  docs/evidence/qps-sb10/run4-go-n2c/protobuf_streaming_ping_pong_1kb.scenario.json
D  docs/evidence/qps-sb10/run4-go-n2c/protobuf_streaming_ping_pong_empty-native_client_to_ref_server-driver-metrics.json
D  docs/evidence/qps-sb10/run4-go-n2c/protobuf_streaming_ping_pong_empty.scenario.json
D  docs/evidence/qps-sb10/run4-go-n2c/protobuf_unary_ping_pong_1kb-native_client_to_ref_server-driver-metrics.json
D  docs/evidence/qps-sb10/run4-go-n2c/protobuf_unary_ping_pong_1kb.scenario.json
D  docs/evidence/qps-sb10/run4-go-n2c/protobuf_unary_ping_pong_64kb-native_client_to_ref_server-driver-metrics.json
D  docs/evidence/qps-sb10/run4-go-n2c/protobuf_unary_ping_pong_64kb.scenario.json
D  docs/evidence/qps-sb10/run4-go-n2c/protobuf_unary_ping_pong_empty-native_client_to_ref_server-driver-metrics.json
D  docs/evidence/qps-sb10/run4-go-n2c/protobuf_unary_ping_pong_empty.scenario.json
D  docs/evidence/qps-sb10/run4-go-n2c/protobuf_unary_poisson_5000qps-native_client_to_ref_server-driver-metrics.json
D  docs/evidence/qps-sb10/run4-go-n2c/protobuf_unary_poisson_5000qps.scenario.json
D  docs/evidence/qps-sb10/run4-go-n2c/protobuf_unary_qps_unconstrained_100rpcs-native_client_to_ref_server-driver-metrics.json
D  docs/evidence/qps-sb10/run4-go-n2c/protobuf_unary_qps_unconstrained_100rpcs.scenario.json
D  docs/evidence/qps-sb10/run4-go-n2c/summary.json
D  docs/evidence/qps-sb10/run4-harness.log
D  docs/evidence/qps-sb10/run5-go-c2n/cpp_protobuf_async_streaming_ping_pong_insecure-ref_client_to_native_server-driver-metrics.json
D  docs/evidence/qps-sb10/run5-go-c2n/cpp_protobuf_async_streaming_ping_pong_insecure.scenario.json
D  docs/evidence/qps-sb10/run5-go-c2n/cpp_protobuf_async_unary_ping_pong_insecure-ref_client_to_native_server-driver-metrics.json
D  docs/evidence/qps-sb10/run5-go-c2n/cpp_protobuf_async_unary_ping_pong_insecure.scenario.json
D  docs/evidence/qps-sb10/run5-go-c2n/go_protobuf_sync_streaming_ping_pong_insecure.scenario.json
D  docs/evidence/qps-sb10/run5-go-c2n/go_protobuf_sync_unary_ping_pong_insecure.scenario.json
D  docs/evidence/qps-sb10/run5-go-c2n/protobuf_streaming_ping_pong_1kb-ref_client_to_native_server-driver-metrics.json
D  docs/evidence/qps-sb10/run5-go-c2n/protobuf_streaming_ping_pong_1kb.scenario.json
D  docs/evidence/qps-sb10/run5-go-c2n/protobuf_streaming_ping_pong_empty-ref_client_to_native_server-driver-metrics.json
D  docs/evidence/qps-sb10/run5-go-c2n/protobuf_streaming_ping_pong_empty.scenario.json
D  docs/evidence/qps-sb10/run5-go-c2n/protobuf_unary_ping_pong_1kb-ref_client_to_native_server-driver-metrics.json
D  docs/evidence/qps-sb10/run5-go-c2n/protobuf_unary_ping_pong_1kb.scenario.json
D  docs/evidence/qps-sb10/run5-go-c2n/protobuf_unary_ping_pong_64kb-ref_client_to_native_server-driver-metrics.json
D  docs/evidence/qps-sb10/run5-go-c2n/protobuf_unary_ping_pong_64kb.scenario.json
D  docs/evidence/qps-sb10/run5-go-c2n/protobuf_unary_ping_pong_empty-ref_client_to_native_server-driver-metrics.json
D  docs/evidence/qps-sb10/run5-go-c2n/protobuf_unary_ping_pong_empty.scenario.json
D  docs/evidence/qps-sb10/run5-go-c2n/protobuf_unary_poisson_5000qps-ref_client_to_native_server-driver-metrics.json
D  docs/evidence/qps-sb10/run5-go-c2n/protobuf_unary_poisson_5000qps.scenario.json
D  docs/evidence/qps-sb10/run5-go-c2n/protobuf_unary_qps_unconstrained_100rpcs-ref_client_to_native_server-driver-metrics.json
D  docs/evidence/qps-sb10/run5-go-c2n/protobuf_unary_qps_unconstrained_100rpcs.scenario.json
D  docs/evidence/qps-sb10/run5-go-c2n/summary.json
D  docs/evidence/qps-sb10/run5-harness.log
D  docs/evidence/retry-backoff-routing-load.json
D  docs/evidence/retry-side-effect-histories.json
D  docs/evidence/rt-07.md
D  docs/evidence/rust-out-abi.json
D  docs/evidence/rust-out-abi.md
D  docs/evidence/rx-08.md
D  docs/evidence/rx-09.md
D  docs/evidence/rx-09/baseline-6cbf19e9.tar.gz
D  docs/evidence/rx-09/capture.sh
D  docs/evidence/rx-09/current-9a04f82b.tar.gz
D  docs/evidence/rx-09/provenance.json
D  docs/evidence/rx-09/results.json
D  docs/evidence/rx-09/summarize.py
D  docs/evidence/rx01-runtime.md
D  docs/evidence/rx02-per-core.md
D  docs/evidence/sb-12.md
D  docs/evidence/sb-26.md
D  docs/evidence/sb-31-adoption-clippy.txt
D  docs/evidence/sb-31-adoption-tests.txt
D  docs/evidence/sb-31-collector-clippy.txt
D  docs/evidence/sb-31-collector-release-build.txt
D  docs/evidence/sb-31-collector-tests.txt
D  docs/evidence/sb-31-compare-1-to-2.txt
D  docs/evidence/sb-31-compare-2-to-1.txt
D  docs/evidence/sb-31-fixture-check.txt
D  docs/evidence/sb-31-libc-copy-attribution.json
D  docs/evidence/sb-31-libc-copy-disassembly.txt
D  docs/evidence/sb-31-pilot-raw.jsonl
D  docs/evidence/sb-31-pilot.json
D  docs/evidence/sb-31-read-all-profile-1.callgrind
D  docs/evidence/sb-31-read-all-profile-1.txt
D  docs/evidence/sb-31-read-all-profile-2.callgrind
D  docs/evidence/sb-31-read-all-profile-2.txt
D  docs/evidence/sb-31-replay-1-raw.jsonl
D  docs/evidence/sb-31-replay-1.json
D  docs/evidence/sb-31-replay-2-raw.jsonl
D  docs/evidence/sb-31-replay-2.json
D  docs/evidence/sb-31-replay-summary.json
D  docs/evidence/sb-31-rpc-preflight.json
D  docs/evidence/sb-31-target-pilot-raw.jsonl
D  docs/evidence/sb-31-target-pilot.json
D  docs/evidence/sb-31.md
D  docs/evidence/sb-32-driver.md
D  docs/evidence/sb-32-driver/collector-tests.log
D  docs/evidence/sb-32-driver/collector-tests.record.json
D  docs/evidence/sb-32-driver/validation.json
D  docs/evidence/sb-32-provenance-guard.md
D  docs/evidence/sb-32-provenance-guard/artifact-sha256.json
D  docs/evidence/sb-32-provenance-guard/collector-tests.record.json
D  docs/evidence/sb-32-provenance-guard/collector-tests.stderr
D  docs/evidence/sb-32-provenance-guard/collector-tests.stdout
D  docs/evidence/sb-32-provenance-guard/python-compile.record.json
D  docs/evidence/sb-32-provenance-guard/python-compile.stderr
D  docs/evidence/sb-32-provenance-guard/python-compile.stdout
D  docs/evidence/sb-32-provenance-guard/required-build-inputs.json
D  docs/evidence/sb-32-provenance-guard/source-whitespace.record.json
D  docs/evidence/sb-32-provenance-guard/source-whitespace.stderr
D  docs/evidence/sb-32-provenance-guard/source-whitespace.stdout
D  docs/evidence/sb-32-provenance-guard/validation.json
D  docs/evidence/sb-32.md
D  docs/evidence/sb-32/check-after-extern-fix.log
D  docs/evidence/sb-32/clippy-final.log
D  docs/evidence/sb-32/clippy.log
D  docs/evidence/sb-32/final-network-and-regression-tests.log
D  docs/evidence/sb-32/final-network-and-regression-tests.record.json
D  docs/evidence/sb-32/graph-audit.json
D  docs/evidence/sb-32/initial-check.log
D  docs/evidence/sb-32/network-and-regression-tests.log
D  docs/evidence/sb-32/preflight-inventory.json
D  docs/evidence/sb-32/validation.json
D  docs/evidence/sb09-codegen-matrix.md
D  docs/evidence/sb21-accounting-smoke.json
D  docs/evidence/sb21-arrival-accounting-20261002.md
D  docs/evidence/sb21-arrival-accounting-20261002/artifact-sha256.json
D  docs/evidence/sb21-arrival-accounting-20261002/binary-sha256.txt
D  docs/evidence/sb21-arrival-accounting-20261002/diagnostic-summary.json
D  docs/evidence/sb21-arrival-accounting-20261002/go-driver-buildinfo.txt
D  docs/evidence/sb21-arrival-accounting-20261002/go-gates-proxy-retry.log
D  docs/evidence/sb21-arrival-accounting-20261002/go-gates.log
D  docs/evidence/sb21-arrival-accounting-20261002/go-overlay-buildinfo.txt
D  docs/evidence/sb21-arrival-accounting-20261002/go-overlay-manifest.json
D  docs/evidence/sb21-arrival-accounting-20261002/go-sdk-provenance.json
D  docs/evidence/sb21-arrival-accounting-20261002/go-upstream-buildinfo.txt
D  docs/evidence/sb21-arrival-accounting-20261002/lease-end.json
D  docs/evidence/sb21-arrival-accounting-20261002/lease-start.json
D  docs/evidence/sb21-arrival-accounting-20261002/native-bin-clippy.log
D  docs/evidence/sb21-arrival-accounting-20261002/native-gates.log
D  docs/evidence/sb21-arrival-accounting-20261002/native-owned-clippy.log
D  docs/evidence/sb21-arrival-accounting-20261002/native-release-build.log
D  docs/evidence/sb21-arrival-accounting-20261002/python-qps-gates.log
D  docs/evidence/sb21-arrival-accounting-20261002/python-stack-gates.log
D  docs/evidence/sb21-arrival-accounting-20261002/qps-exit-status.json
D  docs/evidence/sb21-arrival-accounting-20261002/qps-reference-pair.log
D  docs/evidence/sb21-arrival-accounting-20261002/qps-reference-pair/claims_unary_poisson_5000qps-ref_pair-accounting.json
D  docs/evidence/sb21-arrival-accounting-20261002/qps-reference-pair/claims_unary_poisson_5000qps-ref_pair-client.log
D  docs/evidence/sb21-arrival-accounting-20261002/qps-reference-pair/claims_unary_poisson_5000qps-ref_pair-driver.log
D  docs/evidence/sb21-arrival-accounting-20261002/qps-reference-pair/claims_unary_poisson_5000qps-ref_pair-result.json
D  docs/evidence/sb21-arrival-accounting-20261002/qps-reference-pair/claims_unary_poisson_5000qps-ref_pair-server.log
D  docs/evidence/sb21-arrival-accounting-20261002/qps-reference-pair/claims_unary_poisson_5000qps.scenario.json
D  docs/evidence/sb21-arrival-accounting-20261002/qps-reference-pair/execution-plan.json
D  docs/evidence/sb21-arrival-accounting-20261002/qps-reference-pair/go-accounting-overlay-manifest.json
D  docs/evidence/sb21-arrival-accounting-20261002/qps-reference-pair/summary.json
D  docs/evidence/sb21-arrival-accounting-20261002/qps-smoke.log
D  docs/evidence/sb21-arrival-accounting-20261002/qps-smoke/claims_unary_poisson_5000qps.scenario.json
D  docs/evidence/sb21-arrival-accounting-20261002/qps-smoke/execution-plan.json
D  docs/evidence/sb21-arrival-accounting-20261002/qps-smoke/go-accounting-overlay-manifest.json
D  docs/evidence/sb21-arrival-accounting-20261002/qps-smoke/repeat-1/claims_unary_poisson_5000qps-native_client_to_ref_server-accounting.json
D  docs/evidence/sb21-arrival-accounting-20261002/qps-smoke/repeat-1/claims_unary_poisson_5000qps-native_client_to_ref_server-client.log
D  docs/evidence/sb21-arrival-accounting-20261002/qps-smoke/repeat-1/claims_unary_poisson_5000qps-native_client_to_ref_server-driver.log
D  docs/evidence/sb21-arrival-accounting-20261002/qps-smoke/repeat-1/claims_unary_poisson_5000qps-native_client_to_ref_server-result.json
D  docs/evidence/sb21-arrival-accounting-20261002/qps-smoke/repeat-1/claims_unary_poisson_5000qps-native_client_to_ref_server-server.log
D  docs/evidence/sb21-arrival-accounting-20261002/qps-smoke/repeat-1/claims_unary_poisson_5000qps-native_pair-accounting.json
D  docs/evidence/sb21-arrival-accounting-20261002/qps-smoke/repeat-1/claims_unary_poisson_5000qps-native_pair-client.log
D  docs/evidence/sb21-arrival-accounting-20261002/qps-smoke/repeat-1/claims_unary_poisson_5000qps-native_pair-driver.log
D  docs/evidence/sb21-arrival-accounting-20261002/qps-smoke/repeat-1/claims_unary_poisson_5000qps-native_pair-result.json
D  docs/evidence/sb21-arrival-accounting-20261002/qps-smoke/repeat-1/claims_unary_poisson_5000qps-native_pair-server.log
D  docs/evidence/sb21-arrival-accounting-20261002/qps-smoke/repeat-1/claims_unary_poisson_5000qps-ref_client_to_native_server-accounting.json
D  docs/evidence/sb21-arrival-accounting-20261002/qps-smoke/repeat-1/claims_unary_poisson_5000qps-ref_client_to_native_server-client.log
D  docs/evidence/sb21-arrival-accounting-20261002/qps-smoke/repeat-1/claims_unary_poisson_5000qps-ref_client_to_native_server-driver.log
D  docs/evidence/sb21-arrival-accounting-20261002/qps-smoke/repeat-1/claims_unary_poisson_5000qps-ref_client_to_native_server-result.json
D  docs/evidence/sb21-arrival-accounting-20261002/qps-smoke/repeat-1/claims_unary_poisson_5000qps-ref_client_to_native_server-server.log
D  docs/evidence/sb21-arrival-accounting-20261002/qps-smoke/repeat-2/claims_unary_poisson_5000qps-native_client_to_ref_server-accounting.json
D  docs/evidence/sb21-arrival-accounting-20261002/qps-smoke/repeat-2/claims_unary_poisson_5000qps-native_client_to_ref_server-client.log
D  docs/evidence/sb21-arrival-accounting-20261002/qps-smoke/repeat-2/claims_unary_poisson_5000qps-native_client_to_ref_server-driver.log
D  docs/evidence/sb21-arrival-accounting-20261002/qps-smoke/repeat-2/claims_unary_poisson_5000qps-native_client_to_ref_server-result.json
D  docs/evidence/sb21-arrival-accounting-20261002/qps-smoke/repeat-2/claims_unary_poisson_5000qps-native_client_to_ref_server-server.log
D  docs/evidence/sb21-arrival-accounting-20261002/qps-smoke/repeat-2/claims_unary_poisson_5000qps-native_pair-accounting.json
D  docs/evidence/sb21-arrival-accounting-20261002/qps-smoke/repeat-2/claims_unary_poisson_5000qps-native_pair-client.log
D  docs/evidence/sb21-arrival-accounting-20261002/qps-smoke/repeat-2/claims_unary_poisson_5000qps-native_pair-driver.log
D  docs/evidence/sb21-arrival-accounting-20261002/qps-smoke/repeat-2/claims_unary_poisson_5000qps-native_pair-result.json
D  docs/evidence/sb21-arrival-accounting-20261002/qps-smoke/repeat-2/claims_unary_poisson_5000qps-native_pair-server.log
D  docs/evidence/sb21-arrival-accounting-20261002/qps-smoke/repeat-2/claims_unary_poisson_5000qps-ref_client_to_native_server-accounting.json
D  docs/evidence/sb21-arrival-accounting-20261002/qps-smoke/repeat-2/claims_unary_poisson_5000qps-ref_client_to_native_server-client.log
D  docs/evidence/sb21-arrival-accounting-20261002/qps-smoke/repeat-2/claims_unary_poisson_5000qps-ref_client_to_native_server-driver.log
D  docs/evidence/sb21-arrival-accounting-20261002/qps-smoke/repeat-2/claims_unary_poisson_5000qps-ref_client_to_native_server-result.json
D  docs/evidence/sb21-arrival-accounting-20261002/qps-smoke/repeat-2/claims_unary_poisson_5000qps-ref_client_to_native_server-server.log
D  docs/evidence/sb21-arrival-accounting-20261002/qps-smoke/summary.json
D  docs/evidence/sb21-arrival-accounting-20261002/qps-streaming.log
D  docs/evidence/sb21-arrival-accounting-20261002/qps-streaming/claims_streaming_ping_pong_1kb-ref_client_to_native_server-accounting.json
D  docs/evidence/sb21-arrival-accounting-20261002/qps-streaming/claims_streaming_ping_pong_1kb-ref_client_to_native_server-client.log
D  docs/evidence/sb21-arrival-accounting-20261002/qps-streaming/claims_streaming_ping_pong_1kb-ref_client_to_native_server-driver.log
D  docs/evidence/sb21-arrival-accounting-20261002/qps-streaming/claims_streaming_ping_pong_1kb-ref_client_to_native_server-result.json
D  docs/evidence/sb21-arrival-accounting-20261002/qps-streaming/claims_streaming_ping_pong_1kb-ref_client_to_native_server-server.log
D  docs/evidence/sb21-arrival-accounting-20261002/qps-streaming/claims_streaming_ping_pong_1kb.scenario.json
D  docs/evidence/sb21-arrival-accounting-20261002/qps-streaming/execution-plan.json
D  docs/evidence/sb21-arrival-accounting-20261002/qps-streaming/go-accounting-overlay-manifest.json
D  docs/evidence/sb21-arrival-accounting-20261002/qps-streaming/summary.json
D  docs/evidence/sb21-arrival-accounting-20261002/qps-upstream-reproduction/claim-proof.log
D  docs/evidence/sb21-arrival-accounting-20261002/qps-upstream-reproduction/client.log
D  docs/evidence/sb21-arrival-accounting-20261002/qps-upstream-reproduction/diagnostic-proof.json
D  docs/evidence/sb21-arrival-accounting-20261002/qps-upstream-reproduction/diagnostic-proof.log
D  docs/evidence/sb21-arrival-accounting-20261002/qps-upstream-reproduction/driver.log
D  docs/evidence/sb21-arrival-accounting-20261002/qps-upstream-reproduction/exit-status.json
D  docs/evidence/sb21-arrival-accounting-20261002/qps-upstream-reproduction/proof.log
D  docs/evidence/sb21-arrival-accounting-20261002/qps-upstream-reproduction/result.json
D  docs/evidence/sb21-arrival-accounting-20261002/qps-upstream-reproduction/server.log
D  docs/evidence/sb21-arrival-accounting-20261002/stack-smoke.log
D  docs/evidence/sb21-arrival-accounting-20261002/stack-smoke/logs/rep1/client-native-unary-1kib-plain-1cpu-load-matched.stderr
D  docs/evidence/sb21-arrival-accounting-20261002/stack-smoke/logs/rep1/client-native-unary-1kib-plain-1cpu-load-matched.stdout
D  docs/evidence/sb21-arrival-accounting-20261002/stack-smoke/logs/rep1/client-native-unary-1kib-plain-1cpu-matched.json
D  docs/evidence/sb21-arrival-accounting-20261002/stack-smoke/logs/rep1/client-native-unary-1kib-plain-1cpu-server.stderr
D  docs/evidence/sb21-arrival-accounting-20261002/stack-smoke/logs/rep1/client-native-unary-1kib-plain-1cpu-server.stdout
D  docs/evidence/sb21-arrival-accounting-20261002/stack-smoke/logs/rep1/client-native-unary-1kib-plain-1cpu-warmup.json
D  docs/evidence/sb21-arrival-accounting-20261002/stack-smoke/logs/rep1/client-native-unary-1kib-plain-1cpu-warmup.stderr
D  docs/evidence/sb21-arrival-accounting-20261002/stack-smoke/logs/rep1/client-native-unary-1kib-plain-1cpu-warmup.stdout
D  docs/evidence/sb21-arrival-accounting-20261002/stack-smoke/logs/rep1/server-native-unary-1kib-plain-1cpu-load-step0-500qps.stderr
D  docs/evidence/sb21-arrival-accounting-20261002/stack-smoke/logs/rep1/server-native-unary-1kib-plain-1cpu-load-step0-500qps.stdout
D  docs/evidence/sb21-arrival-accounting-20261002/stack-smoke/logs/rep1/server-native-unary-1kib-plain-1cpu-server.stderr
D  docs/evidence/sb21-arrival-accounting-20261002/stack-smoke/logs/rep1/server-native-unary-1kib-plain-1cpu-server.stdout
D  docs/evidence/sb21-arrival-accounting-20261002/stack-smoke/logs/rep1/server-native-unary-1kib-plain-1cpu-step0-500qps.json
D  docs/evidence/sb21-arrival-accounting-20261002/stack-smoke/logs/rep1/server-native-unary-1kib-plain-1cpu-warmup.json
D  docs/evidence/sb21-arrival-accounting-20261002/stack-smoke/logs/rep1/server-native-unary-1kib-plain-1cpu-warmup.stderr
D  docs/evidence/sb21-arrival-accounting-20261002/stack-smoke/logs/rep1/server-native-unary-1kib-plain-1cpu-warmup.stdout
D  docs/evidence/sb21-arrival-accounting-20261002/stack-smoke/logs/rep2/client-native-unary-1kib-plain-1cpu-load-matched.stderr
D  docs/evidence/sb21-arrival-accounting-20261002/stack-smoke/logs/rep2/client-native-unary-1kib-plain-1cpu-load-matched.stdout
D  docs/evidence/sb21-arrival-accounting-20261002/stack-smoke/logs/rep2/client-native-unary-1kib-plain-1cpu-matched.json
D  docs/evidence/sb21-arrival-accounting-20261002/stack-smoke/logs/rep2/client-native-unary-1kib-plain-1cpu-server.stderr
D  docs/evidence/sb21-arrival-accounting-20261002/stack-smoke/logs/rep2/client-native-unary-1kib-plain-1cpu-server.stdout
D  docs/evidence/sb21-arrival-accounting-20261002/stack-smoke/logs/rep2/client-native-unary-1kib-plain-1cpu-warmup.json
D  docs/evidence/sb21-arrival-accounting-20261002/stack-smoke/logs/rep2/client-native-unary-1kib-plain-1cpu-warmup.stderr
D  docs/evidence/sb21-arrival-accounting-20261002/stack-smoke/logs/rep2/client-native-unary-1kib-plain-1cpu-warmup.stdout
D  docs/evidence/sb21-arrival-accounting-20261002/stack-smoke/logs/rep2/server-native-unary-1kib-plain-1cpu-load-step0-500qps.stderr
D  docs/evidence/sb21-arrival-accounting-20261002/stack-smoke/logs/rep2/server-native-unary-1kib-plain-1cpu-load-step0-500qps.stdout
D  docs/evidence/sb21-arrival-accounting-20261002/stack-smoke/logs/rep2/server-native-unary-1kib-plain-1cpu-server.stderr
D  docs/evidence/sb21-arrival-accounting-20261002/stack-smoke/logs/rep2/server-native-unary-1kib-plain-1cpu-server.stdout
D  docs/evidence/sb21-arrival-accounting-20261002/stack-smoke/logs/rep2/server-native-unary-1kib-plain-1cpu-step0-500qps.json
D  docs/evidence/sb21-arrival-accounting-20261002/stack-smoke/logs/rep2/server-native-unary-1kib-plain-1cpu-warmup.json
D  docs/evidence/sb21-arrival-accounting-20261002/stack-smoke/logs/rep2/server-native-unary-1kib-plain-1cpu-warmup.stderr
D  docs/evidence/sb21-arrival-accounting-20261002/stack-smoke/logs/rep2/server-native-unary-1kib-plain-1cpu-warmup.stdout
D  docs/evidence/sb21-arrival-accounting-20261002/stack-smoke/logs/rep3/client-native-unary-1kib-plain-1cpu-load-matched.stderr
D  docs/evidence/sb21-arrival-accounting-20261002/stack-smoke/logs/rep3/client-native-unary-1kib-plain-1cpu-load-matched.stdout
D  docs/evidence/sb21-arrival-accounting-20261002/stack-smoke/logs/rep3/client-native-unary-1kib-plain-1cpu-matched.json
D  docs/evidence/sb21-arrival-accounting-20261002/stack-smoke/logs/rep3/client-native-unary-1kib-plain-1cpu-server.stderr
D  docs/evidence/sb21-arrival-accounting-20261002/stack-smoke/logs/rep3/client-native-unary-1kib-plain-1cpu-server.stdout
D  docs/evidence/sb21-arrival-accounting-20261002/stack-smoke/logs/rep3/client-native-unary-1kib-plain-1cpu-warmup.json
D  docs/evidence/sb21-arrival-accounting-20261002/stack-smoke/logs/rep3/client-native-unary-1kib-plain-1cpu-warmup.stderr
D  docs/evidence/sb21-arrival-accounting-20261002/stack-smoke/logs/rep3/client-native-unary-1kib-plain-1cpu-warmup.stdout
D  docs/evidence/sb21-arrival-accounting-20261002/stack-smoke/logs/rep3/server-native-unary-1kib-plain-1cpu-load-step0-500qps.stderr
D  docs/evidence/sb21-arrival-accounting-20261002/stack-smoke/logs/rep3/server-native-unary-1kib-plain-1cpu-load-step0-500qps.stdout
D  docs/evidence/sb21-arrival-accounting-20261002/stack-smoke/logs/rep3/server-native-unary-1kib-plain-1cpu-server.stderr
D  docs/evidence/sb21-arrival-accounting-20261002/stack-smoke/logs/rep3/server-native-unary-1kib-plain-1cpu-server.stdout
D  docs/evidence/sb21-arrival-accounting-20261002/stack-smoke/logs/rep3/server-native-unary-1kib-plain-1cpu-step0-500qps.json
D  docs/evidence/sb21-arrival-accounting-20261002/stack-smoke/logs/rep3/server-native-unary-1kib-plain-1cpu-warmup.json
D  docs/evidence/sb21-arrival-accounting-20261002/stack-smoke/logs/rep3/server-native-unary-1kib-plain-1cpu-warmup.stderr
D  docs/evidence/sb21-arrival-accounting-20261002/stack-smoke/logs/rep3/server-native-unary-1kib-plain-1cpu-warmup.stdout
D  docs/evidence/sb21-arrival-accounting-20261002/stack-smoke/logs/rep4/client-native-unary-1kib-plain-1cpu-load-matched.stderr
D  docs/evidence/sb21-arrival-accounting-20261002/stack-smoke/logs/rep4/client-native-unary-1kib-plain-1cpu-load-matched.stdout
D  docs/evidence/sb21-arrival-accounting-20261002/stack-smoke/logs/rep4/client-native-unary-1kib-plain-1cpu-matched.json
D  docs/evidence/sb21-arrival-accounting-20261002/stack-smoke/logs/rep4/client-native-unary-1kib-plain-1cpu-server.stderr
D  docs/evidence/sb21-arrival-accounting-20261002/stack-smoke/logs/rep4/client-native-unary-1kib-plain-1cpu-server.stdout
D  docs/evidence/sb21-arrival-accounting-20261002/stack-smoke/logs/rep4/client-native-unary-1kib-plain-1cpu-warmup.json
D  docs/evidence/sb21-arrival-accounting-20261002/stack-smoke/logs/rep4/client-native-unary-1kib-plain-1cpu-warmup.stderr
D  docs/evidence/sb21-arrival-accounting-20261002/stack-smoke/logs/rep4/client-native-unary-1kib-plain-1cpu-warmup.stdout
D  docs/evidence/sb21-arrival-accounting-20261002/stack-smoke/logs/rep4/server-native-unary-1kib-plain-1cpu-load-step0-500qps.stderr
D  docs/evidence/sb21-arrival-accounting-20261002/stack-smoke/logs/rep4/server-native-unary-1kib-plain-1cpu-load-step0-500qps.stdout
D  docs/evidence/sb21-arrival-accounting-20261002/stack-smoke/logs/rep4/server-native-unary-1kib-plain-1cpu-server.stderr
D  docs/evidence/sb21-arrival-accounting-20261002/stack-smoke/logs/rep4/server-native-unary-1kib-plain-1cpu-server.stdout
D  docs/evidence/sb21-arrival-accounting-20261002/stack-smoke/logs/rep4/server-native-unary-1kib-plain-1cpu-step0-500qps.json
D  docs/evidence/sb21-arrival-accounting-20261002/stack-smoke/logs/rep4/server-native-unary-1kib-plain-1cpu-warmup.json
D  docs/evidence/sb21-arrival-accounting-20261002/stack-smoke/logs/rep4/server-native-unary-1kib-plain-1cpu-warmup.stderr
D  docs/evidence/sb21-arrival-accounting-20261002/stack-smoke/logs/rep4/server-native-unary-1kib-plain-1cpu-warmup.stdout
D  docs/evidence/sb21-arrival-accounting-20261002/stack-smoke/logs/rep5/client-native-unary-1kib-plain-1cpu-load-matched.stderr
D  docs/evidence/sb21-arrival-accounting-20261002/stack-smoke/logs/rep5/client-native-unary-1kib-plain-1cpu-load-matched.stdout
D  docs/evidence/sb21-arrival-accounting-20261002/stack-smoke/logs/rep5/client-native-unary-1kib-plain-1cpu-matched.json
D  docs/evidence/sb21-arrival-accounting-20261002/stack-smoke/logs/rep5/client-native-unary-1kib-plain-1cpu-server.stderr
D  docs/evidence/sb21-arrival-accounting-20261002/stack-smoke/logs/rep5/client-native-unary-1kib-plain-1cpu-server.stdout
D  docs/evidence/sb21-arrival-accounting-20261002/stack-smoke/logs/rep5/client-native-unary-1kib-plain-1cpu-warmup.json
D  docs/evidence/sb21-arrival-accounting-20261002/stack-smoke/logs/rep5/client-native-unary-1kib-plain-1cpu-warmup.stderr
D  docs/evidence/sb21-arrival-accounting-20261002/stack-smoke/logs/rep5/client-native-unary-1kib-plain-1cpu-warmup.stdout
D  docs/evidence/sb21-arrival-accounting-20261002/stack-smoke/logs/rep5/server-native-unary-1kib-plain-1cpu-load-step0-500qps.stderr
D  docs/evidence/sb21-arrival-accounting-20261002/stack-smoke/logs/rep5/server-native-unary-1kib-plain-1cpu-load-step0-500qps.stdout
D  docs/evidence/sb21-arrival-accounting-20261002/stack-smoke/logs/rep5/server-native-unary-1kib-plain-1cpu-server.stderr
D  docs/evidence/sb21-arrival-accounting-20261002/stack-smoke/logs/rep5/server-native-unary-1kib-plain-1cpu-server.stdout
D  docs/evidence/sb21-arrival-accounting-20261002/stack-smoke/logs/rep5/server-native-unary-1kib-plain-1cpu-step0-500qps.json
D  docs/evidence/sb21-arrival-accounting-20261002/stack-smoke/logs/rep5/server-native-unary-1kib-plain-1cpu-warmup.json
D  docs/evidence/sb21-arrival-accounting-20261002/stack-smoke/logs/rep5/server-native-unary-1kib-plain-1cpu-warmup.stderr
D  docs/evidence/sb21-arrival-accounting-20261002/stack-smoke/logs/rep5/server-native-unary-1kib-plain-1cpu-warmup.stdout
D  docs/evidence/sb21-arrival-accounting-20261002/stack-smoke/report.json
D  docs/evidence/sb21-claims-scenarios.md
D  docs/evidence/sb21-optimized-accounting-20261002.md
D  docs/evidence/sb21-optimized-accounting-20261002/artifact-sha256.json
D  docs/evidence/sb21-optimized-accounting-20261002/diagnostic-summary.json
D  docs/evidence/sb21-optimized-accounting-20261002/lease.json
D  docs/evidence/sb21-optimized-accounting-20261002/optimized-diagnostic.sh
D  docs/evidence/sb21-optimized-accounting-20261002/pins.json
D  docs/evidence/sb21-optimized-accounting-20261002/post-run-cpu-observations.json
D  docs/evidence/sb21-optimized-accounting-20261002/qps-all.log
D  docs/evidence/sb21-optimized-accounting-20261002/qps-all/claims_unary_poisson_5000qps.scenario.json
D  docs/evidence/sb21-optimized-accounting-20261002/qps-all/execution-plan.json
D  docs/evidence/sb21-optimized-accounting-20261002/qps-all/go-accounting-overlay-manifest.json
D  docs/evidence/sb21-optimized-accounting-20261002/qps-all/repeat-1/claims_unary_poisson_5000qps-native_client_to_ref_server-accounting.json
D  docs/evidence/sb21-optimized-accounting-20261002/qps-all/repeat-1/claims_unary_poisson_5000qps-native_client_to_ref_server-client.log
D  docs/evidence/sb21-optimized-accounting-20261002/qps-all/repeat-1/claims_unary_poisson_5000qps-native_client_to_ref_server-driver.log
D  docs/evidence/sb21-optimized-accounting-20261002/qps-all/repeat-1/claims_unary_poisson_5000qps-native_client_to_ref_server-result.json
D  docs/evidence/sb21-optimized-accounting-20261002/qps-all/repeat-1/claims_unary_poisson_5000qps-native_client_to_ref_server-server.log
D  docs/evidence/sb21-optimized-accounting-20261002/qps-all/repeat-1/claims_unary_poisson_5000qps-native_pair-accounting.json
D  docs/evidence/sb21-optimized-accounting-20261002/qps-all/repeat-1/claims_unary_poisson_5000qps-native_pair-client.log
D  docs/evidence/sb21-optimized-accounting-20261002/qps-all/repeat-1/claims_unary_poisson_5000qps-native_pair-driver.log
D  docs/evidence/sb21-optimized-accounting-20261002/qps-all/repeat-1/claims_unary_poisson_5000qps-native_pair-result.json
D  docs/evidence/sb21-optimized-accounting-20261002/qps-all/repeat-1/claims_unary_poisson_5000qps-native_pair-server.log
D  docs/evidence/sb21-optimized-accounting-20261002/qps-all/repeat-1/claims_unary_poisson_5000qps-ref_client_to_native_server-accounting.json
D  docs/evidence/sb21-optimized-accounting-20261002/qps-all/repeat-1/claims_unary_poisson_5000qps-ref_client_to_native_server-client.log
D  docs/evidence/sb21-optimized-accounting-20261002/qps-all/repeat-1/claims_unary_poisson_5000qps-ref_client_to_native_server-driver.log
D  docs/evidence/sb21-optimized-accounting-20261002/qps-all/repeat-1/claims_unary_poisson_5000qps-ref_client_to_native_server-result.json
D  docs/evidence/sb21-optimized-accounting-20261002/qps-all/repeat-1/claims_unary_poisson_5000qps-ref_client_to_native_server-server.log
D  docs/evidence/sb21-optimized-accounting-20261002/qps-all/repeat-2/claims_unary_poisson_5000qps-native_client_to_ref_server-accounting.json
D  docs/evidence/sb21-optimized-accounting-20261002/qps-all/repeat-2/claims_unary_poisson_5000qps-native_client_to_ref_server-client.log
D  docs/evidence/sb21-optimized-accounting-20261002/qps-all/repeat-2/claims_unary_poisson_5000qps-native_client_to_ref_server-driver.log
D  docs/evidence/sb21-optimized-accounting-20261002/qps-all/repeat-2/claims_unary_poisson_5000qps-native_client_to_ref_server-result.json
D  docs/evidence/sb21-optimized-accounting-20261002/qps-all/repeat-2/claims_unary_poisson_5000qps-native_client_to_ref_server-server.log
D  docs/evidence/sb21-optimized-accounting-20261002/qps-all/repeat-2/claims_unary_poisson_5000qps-native_pair-accounting.json
D  docs/evidence/sb21-optimized-accounting-20261002/qps-all/repeat-2/claims_unary_poisson_5000qps-native_pair-client.log
D  docs/evidence/sb21-optimized-accounting-20261002/qps-all/repeat-2/claims_unary_poisson_5000qps-native_pair-driver.log
D  docs/evidence/sb21-optimized-accounting-20261002/qps-all/repeat-2/claims_unary_poisson_5000qps-native_pair-result.json
D  docs/evidence/sb21-optimized-accounting-20261002/qps-all/repeat-2/claims_unary_poisson_5000qps-native_pair-server.log
D  docs/evidence/sb21-optimized-accounting-20261002/qps-all/repeat-2/claims_unary_poisson_5000qps-ref_client_to_native_server-accounting.json
D  docs/evidence/sb21-optimized-accounting-20261002/qps-all/repeat-2/claims_unary_poisson_5000qps-ref_client_to_native_server-client.log
D  docs/evidence/sb21-optimized-accounting-20261002/qps-all/repeat-2/claims_unary_poisson_5000qps-ref_client_to_native_server-driver.log
D  docs/evidence/sb21-optimized-accounting-20261002/qps-all/repeat-2/claims_unary_poisson_5000qps-ref_client_to_native_server-result.json
D  docs/evidence/sb21-optimized-accounting-20261002/qps-all/repeat-2/claims_unary_poisson_5000qps-ref_client_to_native_server-server.log
D  docs/evidence/sb21-optimized-accounting-20261002/qps-all/summary.json
D  docs/evidence/sb21-optimized-accounting-20261002/qps-ref.log
D  docs/evidence/sb21-optimized-accounting-20261002/qps-ref/claims_unary_poisson_5000qps-ref_pair-accounting.json
D  docs/evidence/sb21-optimized-accounting-20261002/qps-ref/claims_unary_poisson_5000qps-ref_pair-client.log
D  docs/evidence/sb21-optimized-accounting-20261002/qps-ref/claims_unary_poisson_5000qps-ref_pair-driver.log
D  docs/evidence/sb21-optimized-accounting-20261002/qps-ref/claims_unary_poisson_5000qps-ref_pair-result.json
D  docs/evidence/sb21-optimized-accounting-20261002/qps-ref/claims_unary_poisson_5000qps-ref_pair-server.log
D  docs/evidence/sb21-optimized-accounting-20261002/qps-ref/claims_unary_poisson_5000qps.scenario.json
D  docs/evidence/sb21-optimized-accounting-20261002/qps-ref/execution-plan.json
D  docs/evidence/sb21-optimized-accounting-20261002/qps-ref/go-accounting-overlay-manifest.json
D  docs/evidence/sb21-optimized-accounting-20261002/qps-ref/summary.json
D  docs/evidence/sb21-optimized-accounting-20261002/summarize-optimized.py
D  docs/evidence/sb21-rust-correctness-20261002.md
D  docs/evidence/sb21-rust-correctness-20261002/archive-manifest.json
D  docs/evidence/sb21-rust-correctness-20261002/handoff.json
D  docs/evidence/sb21-rust-correctness-20261002/member-sha256.txt
D  docs/evidence/sb21-rust-correctness-20261002/raw-artifacts.tar.gz
D  docs/evidence/sb23-perf-ci.md
D  docs/evidence/sb24-counter-window-20261002.md
D  docs/evidence/sb24-counter-window-20261002/artifact-sha256.json
D  docs/evidence/sb24-counter-window-20261002/conn-scale-after.log
D  docs/evidence/sb24-counter-window-20261002/conn-scale-invocation-error.log
D  docs/evidence/sb24-counter-window-20261002/extended-after.log
D  docs/evidence/sb24-counter-window-20261002/extended-invocation-error.log
D  docs/evidence/sb24-counter-window-20261002/host-capacity-fixture.py
D  docs/evidence/sb24-counter-window-20261002/matrix-after.log
D  docs/evidence/sb24-counter-window-20261002/matrix-before.log
D  docs/evidence/sb24-counter-window-20261002/real-host-failclosed.json
D  docs/evidence/sb24-counter-window-20261002/source-pins-and-commands.json
D  docs/evidence/sb24-counter-window-20261002/stack-after.log
D  docs/evidence/sb24-counter-window-20261002/stack-before.log
D  docs/evidence/sb24-cpu-capacity-20261002.md
D  docs/evidence/sb24-cpu-capacity-20261002/artifact-sha256.json
D  docs/evidence/sb24-cpu-capacity-20261002/capacity-after.log
D  docs/evidence/sb24-cpu-capacity-20261002/capacity-before.log
D  docs/evidence/sb24-cpu-capacity-20261002/conn-self-test.log
D  docs/evidence/sb24-cpu-capacity-20261002/extended-self-test.log
D  docs/evidence/sb24-cpu-capacity-20261002/headroom-after.log
D  docs/evidence/sb24-cpu-capacity-20261002/headroom-before.log
D  docs/evidence/sb24-cpu-capacity-20261002/host-capacity-fixture.py
D  docs/evidence/sb24-cpu-capacity-20261002/linux-source-pins.json
D  docs/evidence/sb24-cpu-capacity-20261002/linux-v6.12-cgroup-v1.c.excerpts.txt
D  docs/evidence/sb24-cpu-capacity-20261002/linux-v6.12-cgroup-v2.rst.excerpts.txt
D  docs/evidence/sb24-cpu-capacity-20261002/linux-v6.12-cgroup.c.excerpts.txt
D  docs/evidence/sb24-cpu-capacity-20261002/linux-v6.12-ref.txt
D  docs/evidence/sb24-cpu-capacity-20261002/linux-v6.12-sched-core.c.excerpts.txt
D  docs/evidence/sb24-cpu-capacity-20261002/real-host-failclosed.json
D  docs/evidence/sb24-matrix.md
D  docs/evidence/sb24-tls-smoke.json
D  docs/evidence/sb24-wire-smoke.json
D  docs/evidence/server-profiles.md
D  docs/evidence/shared-map-recovery.md
D  docs/evidence/shared-map-recovery/ci-shared-c89608bd.txt
D  docs/evidence/shared-map-recovery/clippy-c89608bd.txt
D  docs/evidence/shared-map-recovery/core-c89608bd.txt
D  docs/evidence/shared-map-recovery/miri-core-c89608bd.txt
D  docs/evidence/shared-map-recovery/miri-shared-c89608bd.txt
D  docs/evidence/shared-map-recovery/rustdoc-c89608bd.txt
D  docs/evidence/shared-map-recovery/shared-c89608bd.txt
D  docs/evidence/shared-map-recovery/summary-c89608bd.json
D  docs/evidence/shared-parent-cache-reclamation-20261003/README-original-0c62.md
D  docs/evidence/shared-parent-cache-reclamation-20261003/README.md
D  docs/evidence/shared-parent-cache-reclamation-20261003/allocation-scope.json
D  docs/evidence/shared-parent-cache-reclamation-20261003/archive-members-verified.json
D  docs/evidence/shared-parent-cache-reclamation-20261003/archive-parts.json
D  docs/evidence/shared-parent-cache-reclamation-20261003/archive-payloads.json
D  docs/evidence/shared-parent-cache-reclamation-20261003/archive.json
D  docs/evidence/shared-parent-cache-reclamation-20261003/archive/retained-cache.tar.gz.part-000
D  docs/evidence/shared-parent-cache-reclamation-20261003/archive/retained-cache.tar.gz.part-001
D  docs/evidence/shared-parent-cache-reclamation-20261003/archive/retained-cache.tar.gz.part-002
D  docs/evidence/shared-parent-cache-reclamation-20261003/archive/retained-cache.tar.gz.part-003
D  docs/evidence/shared-parent-cache-reclamation-20261003/artifact-manifest-original-0c62.json
D  docs/evidence/shared-parent-cache-reclamation-20261003/artifact-manifest.json
D  docs/evidence/shared-parent-cache-reclamation-20261003/attempt-1-head-advance/commands.json
D  docs/evidence/shared-parent-cache-reclamation-20261003/attempt-1-head-advance/disposition.txt
D  docs/evidence/shared-parent-cache-reclamation-20261003/attempt-1-head-advance/failure.json
D  docs/evidence/shared-parent-cache-reclamation-20261003/attempt-1-head-advance/raw/command-0.stderr
D  docs/evidence/shared-parent-cache-reclamation-20261003/attempt-1-head-advance/raw/command-0.stdout
D  docs/evidence/shared-parent-cache-reclamation-20261003/attempt-1-head-advance/reclaim.py
D  docs/evidence/shared-parent-cache-reclamation-20261003/cache-before.json
D  docs/evidence/shared-parent-cache-reclamation-20261003/cache-pre-delete.json
D  docs/evidence/shared-parent-cache-reclamation-20261003/commands.json
D  docs/evidence/shared-parent-cache-reclamation-20261003/global-space-after.json
D  docs/evidence/shared-parent-cache-reclamation-20261003/global-space-before.json
D  docs/evidence/shared-parent-cache-reclamation-20261003/global-space-pre-delete.json
D  docs/evidence/shared-parent-cache-reclamation-20261003/guard.json
D  docs/evidence/shared-parent-cache-reclamation-20261003/independent-check.json
D  docs/evidence/shared-parent-cache-reclamation-20261003/independent-check.stderr
D  docs/evidence/shared-parent-cache-reclamation-20261003/independent-check.stdout
D  docs/evidence/shared-parent-cache-reclamation-20261003/observed-main.json
D  docs/evidence/shared-parent-cache-reclamation-20261003/preliminary-observation.txt
D  docs/evidence/shared-parent-cache-reclamation-20261003/preserved-external-inputs.json
D  docs/evidence/shared-parent-cache-reclamation-20261003/proc/after-preservation.json
D  docs/evidence/shared-parent-cache-reclamation-20261003/proc/after-rename.json
D  docs/evidence/shared-parent-cache-reclamation-20261003/proc/before-preservation.json
D  docs/evidence/shared-parent-cache-reclamation-20261003/proc/immediately-before-rename.json
D  docs/evidence/shared-parent-cache-reclamation-20261003/quarantine-pre-delete.json
D  docs/evidence/shared-parent-cache-reclamation-20261003/raw-payload-aliases.json
D  docs/evidence/shared-parent-cache-reclamation-20261003/raw/command-0.stderr
D  docs/evidence/shared-parent-cache-reclamation-20261003/raw/command-0.stdout
D  docs/evidence/shared-parent-cache-reclamation-20261003/raw/command-1.stderr
D  docs/evidence/shared-parent-cache-reclamation-20261003/raw/command-1.stdout
D  docs/evidence/shared-parent-cache-reclamation-20261003/raw/command-10.stderr
D  docs/evidence/shared-parent-cache-reclamation-20261003/raw/command-10.stdout
D  docs/evidence/shared-parent-cache-reclamation-20261003/raw/command-11.stderr
D  docs/evidence/shared-parent-cache-reclamation-20261003/raw/command-11.stdout
D  docs/evidence/shared-parent-cache-reclamation-20261003/raw/command-12.stderr
D  docs/evidence/shared-parent-cache-reclamation-20261003/raw/command-12.stdout
D  docs/evidence/shared-parent-cache-reclamation-20261003/raw/command-13.stderr
D  docs/evidence/shared-parent-cache-reclamation-20261003/raw/command-13.stdout
D  docs/evidence/shared-parent-cache-reclamation-20261003/raw/command-14.stderr
D  docs/evidence/shared-parent-cache-reclamation-20261003/raw/command-14.stdout
D  docs/evidence/shared-parent-cache-reclamation-20261003/raw/command-15.stderr
D  docs/evidence/shared-parent-cache-reclamation-20261003/raw/command-15.stdout
D  docs/evidence/shared-parent-cache-reclamation-20261003/raw/command-16.stderr
D  docs/evidence/shared-parent-cache-reclamation-20261003/raw/command-16.stdout
D  docs/evidence/shared-parent-cache-reclamation-20261003/raw/command-17.stderr
D  docs/evidence/shared-parent-cache-reclamation-20261003/raw/command-17.stdout
D  docs/evidence/shared-parent-cache-reclamation-20261003/raw/command-18.stderr
D  docs/evidence/shared-parent-cache-reclamation-20261003/raw/command-18.stdout
D  docs/evidence/shared-parent-cache-reclamation-20261003/raw/command-19.stderr
D  docs/evidence/shared-parent-cache-reclamation-20261003/raw/command-19.stdout
D  docs/evidence/shared-parent-cache-reclamation-20261003/raw/command-2.stderr
D  docs/evidence/shared-parent-cache-reclamation-20261003/raw/command-2.stdout
D  docs/evidence/shared-parent-cache-reclamation-20261003/raw/command-20.stderr
D  docs/evidence/shared-parent-cache-reclamation-20261003/raw/command-20.stdout
D  docs/evidence/shared-parent-cache-reclamation-20261003/raw/command-21.stderr
D  docs/evidence/shared-parent-cache-reclamation-20261003/raw/command-21.stdout
D  docs/evidence/shared-parent-cache-reclamation-20261003/raw/command-22.stderr
D  docs/evidence/shared-parent-cache-reclamation-20261003/raw/command-22.stdout
D  docs/evidence/shared-parent-cache-reclamation-20261003/raw/command-23.stderr
D  docs/evidence/shared-parent-cache-reclamation-20261003/raw/command-23.stdout
D  docs/evidence/shared-parent-cache-reclamation-20261003/raw/command-24.stderr
D  docs/evidence/shared-parent-cache-reclamation-20261003/raw/command-24.stdout
D  docs/evidence/shared-parent-cache-reclamation-20261003/raw/command-25.stderr
D  docs/evidence/shared-parent-cache-reclamation-20261003/raw/command-25.stdout
D  docs/evidence/shared-parent-cache-reclamation-20261003/raw/command-26.stderr
D  docs/evidence/shared-parent-cache-reclamation-20261003/raw/command-26.stdout
D  docs/evidence/shared-parent-cache-reclamation-20261003/raw/command-27.stderr
D  docs/evidence/shared-parent-cache-reclamation-20261003/raw/command-27.stdout
D  docs/evidence/shared-parent-cache-reclamation-20261003/raw/command-28.stderr
D  docs/evidence/shared-parent-cache-reclamation-20261003/raw/command-28.stdout
D  docs/evidence/shared-parent-cache-reclamation-20261003/raw/command-29.stderr
D  docs/evidence/shared-parent-cache-reclamation-20261003/raw/command-29.stdout
D  docs/evidence/shared-parent-cache-reclamation-20261003/raw/command-3.stderr
D  docs/evidence/shared-parent-cache-reclamation-20261003/raw/command-3.stdout
D  docs/evidence/shared-parent-cache-reclamation-20261003/raw/command-30.stderr
D  docs/evidence/shared-parent-cache-reclamation-20261003/raw/command-30.stdout
D  docs/evidence/shared-parent-cache-reclamation-20261003/raw/command-31.stderr
D  docs/evidence/shared-parent-cache-reclamation-20261003/raw/command-31.stdout
D  docs/evidence/shared-parent-cache-reclamation-20261003/raw/command-32.stderr
D  docs/evidence/shared-parent-cache-reclamation-20261003/raw/command-32.stdout
D  docs/evidence/shared-parent-cache-reclamation-20261003/raw/command-33.stderr
D  docs/evidence/shared-parent-cache-reclamation-20261003/raw/command-33.stdout
D  docs/evidence/shared-parent-cache-reclamation-20261003/raw/command-34.stderr
D  docs/evidence/shared-parent-cache-reclamation-20261003/raw/command-34.stdout
D  docs/evidence/shared-parent-cache-reclamation-20261003/raw/command-35.stderr
D  docs/evidence/shared-parent-cache-reclamation-20261003/raw/command-35.stdout
D  docs/evidence/shared-parent-cache-reclamation-20261003/raw/command-36.stderr
D  docs/evidence/shared-parent-cache-reclamation-20261003/raw/command-36.stdout
D  docs/evidence/shared-parent-cache-reclamation-20261003/raw/command-37.stderr
D  docs/evidence/shared-parent-cache-reclamation-20261003/raw/command-37.stdout
D  docs/evidence/shared-parent-cache-reclamation-20261003/raw/command-38.stderr
D  docs/evidence/shared-parent-cache-reclamation-20261003/raw/command-38.stdout
D  docs/evidence/shared-parent-cache-reclamation-20261003/raw/command-39.stderr
D  docs/evidence/shared-parent-cache-reclamation-20261003/raw/command-39.stdout
D  docs/evidence/shared-parent-cache-reclamation-20261003/raw/command-4.stderr
D  docs/evidence/shared-parent-cache-reclamation-20261003/raw/command-4.stdout
D  docs/evidence/shared-parent-cache-reclamation-20261003/raw/command-40.stderr
D  docs/evidence/shared-parent-cache-reclamation-20261003/raw/command-40.stdout
D  docs/evidence/shared-parent-cache-reclamation-20261003/raw/command-41.stderr
D  docs/evidence/shared-parent-cache-reclamation-20261003/raw/command-41.stdout
D  docs/evidence/shared-parent-cache-reclamation-20261003/raw/command-42.stderr
D  docs/evidence/shared-parent-cache-reclamation-20261003/raw/command-42.stdout
D  docs/evidence/shared-parent-cache-reclamation-20261003/raw/command-43.stderr
D  docs/evidence/shared-parent-cache-reclamation-20261003/raw/command-43.stdout
D  docs/evidence/shared-parent-cache-reclamation-20261003/raw/command-44.stderr
D  docs/evidence/shared-parent-cache-reclamation-20261003/raw/command-44.stdout
D  docs/evidence/shared-parent-cache-reclamation-20261003/raw/command-45.stderr
D  docs/evidence/shared-parent-cache-reclamation-20261003/raw/command-45.stdout
D  docs/evidence/shared-parent-cache-reclamation-20261003/raw/command-46.stderr
D  docs/evidence/shared-parent-cache-reclamation-20261003/raw/command-46.stdout
D  docs/evidence/shared-parent-cache-reclamation-20261003/raw/command-47.stderr
D  docs/evidence/shared-parent-cache-reclamation-20261003/raw/command-47.stdout
D  docs/evidence/shared-parent-cache-reclamation-20261003/raw/command-48.stderr
D  docs/evidence/shared-parent-cache-reclamation-20261003/raw/command-48.stdout
D  docs/evidence/shared-parent-cache-reclamation-20261003/raw/command-49.stderr
D  docs/evidence/shared-parent-cache-reclamation-20261003/raw/command-49.stdout
D  docs/evidence/shared-parent-cache-reclamation-20261003/raw/command-5.stderr
D  docs/evidence/shared-parent-cache-reclamation-20261003/raw/command-5.stdout
D  docs/evidence/shared-parent-cache-reclamation-20261003/raw/command-50.stderr
D  docs/evidence/shared-parent-cache-reclamation-20261003/raw/command-50.stdout
D  docs/evidence/shared-parent-cache-reclamation-20261003/raw/command-51.stderr
D  docs/evidence/shared-parent-cache-reclamation-20261003/raw/command-51.stdout
D  docs/evidence/shared-parent-cache-reclamation-20261003/raw/command-52.stderr
D  docs/evidence/shared-parent-cache-reclamation-20261003/raw/command-52.stdout
D  docs/evidence/shared-parent-cache-reclamation-20261003/raw/command-53.stderr
D  docs/evidence/shared-parent-cache-reclamation-20261003/raw/command-53.stdout
D  docs/evidence/shared-parent-cache-reclamation-20261003/raw/command-54.stderr
D  docs/evidence/shared-parent-cache-reclamation-20261003/raw/command-54.stdout
D  docs/evidence/shared-parent-cache-reclamation-20261003/raw/command-55.stderr
D  docs/evidence/shared-parent-cache-reclamation-20261003/raw/command-55.stdout
D  docs/evidence/shared-parent-cache-reclamation-20261003/raw/command-56.stderr
D  docs/evidence/shared-parent-cache-reclamation-20261003/raw/command-56.stdout
D  docs/evidence/shared-parent-cache-reclamation-20261003/raw/command-57.stderr
D  docs/evidence/shared-parent-cache-reclamation-20261003/raw/command-58.stderr
D  docs/evidence/shared-parent-cache-reclamation-20261003/raw/command-58.stdout
D  docs/evidence/shared-parent-cache-reclamation-20261003/raw/command-59.stderr
D  docs/evidence/shared-parent-cache-reclamation-20261003/raw/command-6.stderr
D  docs/evidence/shared-parent-cache-reclamation-20261003/raw/command-6.stdout
D  docs/evidence/shared-parent-cache-reclamation-20261003/raw/command-60.stderr
D  docs/evidence/shared-parent-cache-reclamation-20261003/raw/command-60.stdout
D  docs/evidence/shared-parent-cache-reclamation-20261003/raw/command-61.stderr
D  docs/evidence/shared-parent-cache-reclamation-20261003/raw/command-61.stdout
D  docs/evidence/shared-parent-cache-reclamation-20261003/raw/command-7.stderr
D  docs/evidence/shared-parent-cache-reclamation-20261003/raw/command-7.stdout
D  docs/evidence/shared-parent-cache-reclamation-20261003/raw/command-8.stderr
D  docs/evidence/shared-parent-cache-reclamation-20261003/raw/command-8.stdout
D  docs/evidence/shared-parent-cache-reclamation-20261003/raw/command-9.stderr
D  docs/evidence/shared-parent-cache-reclamation-20261003/raw/command-9.stdout
D  docs/evidence/shared-parent-cache-reclamation-20261003/reclaim.py
D  docs/evidence/shared-parent-cache-reclamation-20261003/rename.json
D  docs/evidence/shared-parent-cache-reclamation-20261003/retained-inputs.json
D  docs/evidence/shared-parent-cache-reclamation-20261003/self-cgroup.txt
D  docs/evidence/shared-parent-cache-reclamation-20261003/self-mountinfo.txt
D  docs/evidence/shared-parent-cache-reclamation-20261003/self-status.txt
D  docs/evidence/shared-parent-cache-reclamation-20261003/summary.json
D  docs/evidence/shared-parent-cache-reclamation-20261003/verify.py
D  docs/evidence/stack-matrix-sb11.md
D  docs/evidence/stack-matrix-smoke-report.json
D  docs/evidence/stack-matrix-smoke.log
D  docs/evidence/supported-188-common-lints.md
D  docs/evidence/supported-188-common-lints/archive-audit.exit
D  docs/evidence/supported-188-common-lints/archive-audit.log
D  docs/evidence/supported-188-common-lints/artifact-sha256.json
D  docs/evidence/supported-188-common-lints/artifacts.tar.gz
D  docs/evidence/sv-02.md
D  docs/evidence/sv-04-static-routing.md
D  docs/evidence/sv-05.md
D  docs/evidence/sv-06.md
D  docs/evidence/sv-07.md
D  docs/evidence/sv-09-borrowed-timeout.md
D  docs/evidence/sv-09-dispatch-slot.md
D  docs/evidence/sv-09-inline-writer.md
D  docs/evidence/sv-09.md
D  docs/evidence/sv-09/borrowed-timeout-evidence.tar.gz
D  docs/evidence/sv-09/borrowed-timeout-manifest.json
D  docs/evidence/sv-09/closed-yield-evidence.tar.gz
D  docs/evidence/sv-09/dispatch-slot-evidence.tar.gz
D  docs/evidence/sv-09/dispatch-slot-manifest.json
D  docs/evidence/sv-09/inline-writer-evidence.tar.gz
D  docs/evidence/sv-09/inline-writer-manifest.json
D  docs/evidence/sv-09/manifest.json
D  docs/evidence/sv-09/rejected-closed-channel-yield.patch
D  docs/evidence/sv-09/rejected-inline-writer.patch
D  docs/evidence/sv-09/restored-fixture-lint-manifest.json
D  docs/evidence/sv-09/restored-fixture-lint-proof.tar.gz
D  docs/evidence/sv-09/superseded-unmeasured-wire-false.patch
D  docs/evidence/tc-03-prost.md
D  docs/evidence/tc-15-adaptive-window.md
D  docs/evidence/tc-29.md
D  docs/evidence/tc-29/clippy-interop.log
D  docs/evidence/tc-29/clippy-native.log
D  docs/evidence/tc-29/feature-off-tree.log
D  docs/evidence/tc-29/feature-off.log
D  docs/evidence/tc-29/format.log
D  docs/evidence/tc-29/interop.log
D  docs/evidence/tc-29/native-gates.log
D  docs/evidence/tc-29/rustdoc.log
D  docs/evidence/tc-29/transport-tests.log
D  docs/evidence/tc-29/validation.json
D  docs/evidence/tc-30a.md
D  docs/evidence/tc-30a/clippy-interop-initial.log
D  docs/evidence/tc-30a/clippy-interop-initial.record.json
D  docs/evidence/tc-30a/clippy-interop.log
D  docs/evidence/tc-30a/clippy-interop.record.json
D  docs/evidence/tc-30a/clippy-native.log
D  docs/evidence/tc-30a/clippy-native.record.json
D  docs/evidence/tc-30a/diff-check.log
D  docs/evidence/tc-30a/diff-check.record.json
D  docs/evidence/tc-30a/feature-off-graph.log
D  docs/evidence/tc-30a/feature-off-graph.record.json
D  docs/evidence/tc-30a/feature-off.log
D  docs/evidence/tc-30a/feature-off.record.json
D  docs/evidence/tc-30a/format.log
D  docs/evidence/tc-30a/format.record.json
D  docs/evidence/tc-30a/generated-interop-before-style-fix.log
D  docs/evidence/tc-30a/generated-interop-before-style-fix.record.json
D  docs/evidence/tc-30a/generated-interop.log
D  docs/evidence/tc-30a/generated-interop.record.json
D  docs/evidence/tc-30a/native-regressions-enospc.log
D  docs/evidence/tc-30a/native-regressions-enospc.record.json
D  docs/evidence/tc-30a/native-regressions.log
D  docs/evidence/tc-30a/native-regressions.record.json
D  docs/evidence/tc-30a/native-transport.log
D  docs/evidence/tc-30a/native-transport.record.json
D  docs/evidence/tc-30a/rustdoc.log
D  docs/evidence/tc-30a/rustdoc.record.json
D  docs/evidence/tc-30a/validation.json
D  docs/evidence/tc10-adapter.md
D  docs/evidence/tc30b1-identity-caps-20261002.md
D  docs/evidence/tc30b1-identity-caps-20261002/archive-manifest.json
D  docs/evidence/tc30b1-identity-caps-20261002/handoff.json
D  docs/evidence/tc30b1-identity-caps-20261002/member-sha256.txt
D  docs/evidence/tc30b1-identity-caps-20261002/raw-artifacts.tar.gz
D  docs/evidence/tc30b2a-inbound-gzip-20261003.md
D  docs/evidence/tc30b2a-inbound-gzip-20261003/archive-manifest.json
D  docs/evidence/tc30b2a-inbound-gzip-20261003/handoff.json
D  docs/evidence/tc30b2a-inbound-gzip-20261003/member-sha256.txt
D  docs/evidence/tc30b2a-inbound-gzip-20261003/raw-artifacts.tar.gz
D  docs/evidence/tc30b2a-inbound-gzip-20261003/verify.log
D  docs/evidence/tc30b2a-inbound-gzip-20261003/verify.py
D  docs/evidence/tc32-bridge-cost.md
D  docs/evidence/tc32-coexistence.md
D  docs/evidence/tc32a-bridge-qualification-20261002.md
D  docs/evidence/tc32a-bridge-qualification-20261002/adoption-lock-before.toml
D  docs/evidence/tc32a-bridge-qualification-20261002/adoption-lock-first-rejected.toml
D  docs/evidence/tc32a-bridge-qualification-20261002/artifact-sha256.json
D  docs/evidence/tc32a-bridge-qualification-20261002/audit-inventory.py
D  docs/evidence/tc32a-bridge-qualification-20261002/bridge-clippy-first-failed.log
D  docs/evidence/tc32a-bridge-qualification-20261002/bridge-clippy.log
D  docs/evidence/tc32a-bridge-qualification-20261002/bridge-inventory.json
D  docs/evidence/tc32a-bridge-qualification-20261002/bridge-inventory.log
D  docs/evidence/tc32a-bridge-qualification-20261002/bridge-tests-final.log
D  docs/evidence/tc32a-bridge-qualification-20261002/bridge-tests-first.log
D  docs/evidence/tc32a-bridge-qualification-20261002/build-resume-identity.json
D  docs/evidence/tc32a-bridge-qualification-20261002/cargo-version.txt
D  docs/evidence/tc32a-bridge-qualification-20261002/commands-and-limits.json
D  docs/evidence/tc32a-bridge-qualification-20261002/default-enabled-graph-proof.json
D  docs/evidence/tc32a-bridge-qualification-20261002/default-graph-proof.json
D  docs/evidence/tc32a-bridge-qualification-20261002/default-tests.log
D  docs/evidence/tc32a-bridge-qualification-20261002/generate-check.log
D  docs/evidence/tc32a-bridge-qualification-20261002/inventory-audit.json
D  docs/evidence/tc32a-bridge-qualification-20261002/inventory-independent-audit.log
D  docs/evidence/tc32a-bridge-qualification-20261002/lock-audit-final.json
D  docs/evidence/tc32a-bridge-qualification-20261002/lock-audit-first-failed.json
D  docs/evidence/tc32a-bridge-qualification-20261002/lock-pin-update.log
D  docs/evidence/tc32a-bridge-qualification-20261002/old-generated-comparison.json
D  docs/evidence/tc32a-bridge-qualification-20261002/protoc-version.txt
D  docs/evidence/tc32a-bridge-qualification-20261002/rustc-version.txt
D  docs/evidence/tc32a-bridge-qualification-20261002/rustfmt-version.txt
D  docs/evidence/tc32a-bridge-qualification-20261002/source-pins.json
D  docs/evidence/tc32a-bridge-qualification-20261002/tool-pins.json
D  docs/evidence/tc32b-collector-20261002/artifact-sha256.json
D  docs/evidence/tc32b-collector-20261002/audit-proof.py
D  docs/evidence/tc32b-collector-20261002/bridge-cli-build.log
D  docs/evidence/tc32b-collector-20261002/bridge-clippy.log
D  docs/evidence/tc32b-collector-20261002/bridge-graph.log
D  docs/evidence/tc32b-collector-20261002/bridge-registry.txt
D  docs/evidence/tc32b-collector-20261002/bridge-tests.log
D  docs/evidence/tc32b-collector-20261002/cargo-version.txt
D  docs/evidence/tc32b-collector-20261002/collector-tests-final.log
D  docs/evidence/tc32b-collector-20261002/collector-tests-first.log
D  docs/evidence/tc32b-collector-20261002/collector-tests-oracle.log
D  docs/evidence/tc32b-collector-20261002/commands-and-limits.json
D  docs/evidence/tc32b-collector-20261002/default-bridge-command-disabled.log
D  docs/evidence/tc32b-collector-20261002/default-cli-build.log
D  docs/evidence/tc32b-collector-20261002/default-cli-proof.json
D  docs/evidence/tc32b-collector-20261002/default-graph-after.log
D  docs/evidence/tc32b-collector-20261002/default-graph-before.log
D  docs/evidence/tc32b-collector-20261002/default-registry.txt
D  docs/evidence/tc32b-collector-20261002/default-tests.log
D  docs/evidence/tc32b-collector-20261002/enabled-cli-proof.json
D  docs/evidence/tc32b-collector-20261002/feature-graphs.json
D  docs/evidence/tc32b-collector-20261002/fmt-check.log
D  docs/evidence/tc32b-collector-20261002/generate-check.log
D  docs/evidence/tc32b-collector-20261002/graph-audit.json
D  docs/evidence/tc32b-collector-20261002/no-default-graph-after.log
D  docs/evidence/tc32b-collector-20261002/parent-bridge-inventory.json
D  docs/evidence/tc32b-collector-20261002/parent-bridge-inventory.log
D  docs/evidence/tc32b-collector-20261002/parent-lock-before.toml
D  docs/evidence/tc32b-collector-20261002/preserved-sb32-debug-provenance.json
D  docs/evidence/tc32b-collector-20261002/protoc-version.txt
D  docs/evidence/tc32b-collector-20261002/python-version.txt
D  docs/evidence/tc32b-collector-20261002/rustc-version.txt
D  docs/evidence/tc32b-collector-20261002/source-and-limits.json
D  docs/evidence/tc32b-collector-20261002/tool-pins.json
D  docs/evidence/tls-providers.md
D  docs/evidence/tonic-prost-arm.md
D  docs/evidence/unary-policy-commitment.json
D  docs/evidence/unary-upload-commitment.json
D  docs/grfc.md
D  docs/grpc.md
D  docs/guides/codegen.md
D  docs/guides/comparison.md
D  docs/guides/interceptors.md
D  docs/guides/migration.md
D  docs/guides/operations.md
D  docs/guides/production-service.md
D  docs/guides/rpc-shapes.md
D  docs/inventory/README.md
D  docs/inventory/flatten-merge-inner.md
D  docs/inventory/name80-heap-copy.md
D  docs/inventory/parse-4kib-delta.md
D  docs/inventory/parse-hello-delta.md
D  docs/inventory/parse-hello-gap.md
D  docs/inventory/rust-out-link.md
D  docs/plan/README.md
D  docs/plan/adoption/README.md
D  docs/plan/dominance/README.md
D  docs/plan/pbrs-zero-copy-large-payloads-plan.md
D  docs/plan/tasks.json
D  docs/plan/world-class/README.md
D  docs/plan/world-class/tasks.json
D  docs/profiling.md
D  docs/resolver-contract.md
D  docs/resource-budgets.md
D  docs/retry-contract.md
D  docs/rust-frontend.md
D  docs/scoreboard.md
D  docs/security.md
D  docs/service-config.md
D  docs/status.md
D  docs/support-policy.md
D  docs/unsafe-invariants.md
D  docs/upb.md
D  docs/upstream/oss-fuzz.md
D  docs/xds-contract.md
D  docs/zero-copy.md
D  examples/axum-cohost/Cargo.toml
D  examples/axum-cohost/README.md
D  examples/axum-cohost/src/main.rs
D  examples/axum-cohost/tests/grpc_web_http1.rs
D  examples/greeter/Cargo.toml
D  examples/greeter/README.md
D  examples/greeter/build.rs
D  examples/greeter/proto/hello.proto
D  examples/greeter/src/lib.rs
D  examples/greeter/src/main.rs
D  examples/greeter/src/production.rs
D  examples/greeter/src/telemetry.rs
D  examples/tonic-ports/Cargo.toml
D  examples/tonic-ports/README.md
D  examples/tonic-ports/build.rs
D  examples/tonic-ports/proto/echo.proto
D  examples/tonic-ports/proto/helloworld.proto
D  examples/tonic-ports/proto/route_guide.proto
D  examples/tonic-ports/proto/unary_echo.proto
D  examples/tonic-ports/src/bin/authentication.rs
D  examples/tonic-ports/src/bin/cancellation.rs
D  examples/tonic-ports/src/bin/compression.rs
D  examples/tonic-ports/src/bin/dynamic_load_balance.rs
D  examples/tonic-ports/src/bin/error_details.rs
D  examples/tonic-ports/src/bin/h2c.rs
D  examples/tonic-ports/src/bin/health.rs
D  examples/tonic-ports/src/bin/helloworld.rs
D  examples/tonic-ports/src/bin/interceptor.rs
D  examples/tonic-ports/src/bin/json_codec.rs
D  examples/tonic-ports/src/bin/load_balance.rs
D  examples/tonic-ports/src/bin/reflection.rs
D  examples/tonic-ports/src/bin/routeguide.rs
D  examples/tonic-ports/src/bin/streaming.rs
D  examples/tonic-ports/src/bin/tls.rs
D  examples/tonic-ports/src/bin/tower.rs
D  examples/tonic-ports/src/bin/tracing.rs
D  examples/tonic-ports/src/bin/uds.rs
D  examples/tonic-ports/src/lib.rs
D  examples/tonic-ports/tests/ports.rs
D  fuzz/Cargo.lock
D  fuzz/Cargo.toml
D  fuzz/corpus/descriptors/differential.fds
D  fuzz/corpus/descriptors/empty
D  fuzz/corpus/descriptors/enum_prefix_nonchar_boundary.bin
D  fuzz/corpus/descriptors/len_overflow_min.bin
D  fuzz/corpus/descriptors/valid_cg_request.bin
D  fuzz/corpus/formats/casing_camel.json
D  fuzz/corpus/formats/casing_duplicate.json
D  fuzz/corpus/formats/casing_snake.json
D  fuzz/corpus/formats/duration_multibyte_fraction.bin
D  fuzz/corpus/formats/empty
D  fuzz/corpus/formats/enum_integer_number.json
D  fuzz/corpus/formats/enum_integer_number.textproto
D  fuzz/corpus/formats/enum_open_unknown.json
D  fuzz/corpus/formats/enum_open_unknown.textproto
D  fuzz/corpus/formats/enum_string_name.json
D  fuzz/corpus/formats/enum_string_name.textproto
D  fuzz/corpus/formats/enum_unknown_string.json
D  fuzz/corpus/formats/format_roundtrip.json
D  fuzz/corpus/formats/format_roundtrip.textproto
D  fuzz/corpus/formats/map_bool_key.json
D  fuzz/corpus/formats/map_cases.textproto
D  fuzz/corpus/formats/map_duplicate_keys.json
D  fuzz/corpus/formats/map_duplicate_keys.textproto
D  fuzz/corpus/formats/map_integer_key.json
D  fuzz/corpus/formats/map_string_key.json
D  fuzz/corpus/formats/numeric_float32_max.json
D  fuzz/corpus/formats/numeric_float32_overflow.json
D  fuzz/corpus/formats/numeric_float64_overflow.json
D  fuzz/corpus/formats/numeric_large_exponents.json
D  fuzz/corpus/formats/numeric_neg_inf.textproto
D  fuzz/corpus/formats/numeric_neg_infinity.json
D  fuzz/corpus/formats/numeric_signed_zero.json
D  fuzz/corpus/formats/numeric_signed_zero.textproto
D  fuzz/corpus/formats/numeric_signed_zero_str.json
D  fuzz/corpus/formats/numeric_special_strings.json
D  fuzz/corpus/formats/numeric_specials.textproto
D  fuzz/corpus/formats/numeric_subnormals.json
D  fuzz/corpus/formats/numeric_subnormals.textproto
D  fuzz/corpus/formats/numeric_subnormals_neg.json
D  fuzz/corpus/formats/text_map_roundtrip_ascii.bin
D  fuzz/corpus/formats/text_map_roundtrip_mixed.bin
D  fuzz/corpus/formats/wkt_bool_wrapper.json
D  fuzz/corpus/formats/wkt_bool_wrapper.textproto
D  fuzz/corpus/formats/wkt_bytes_wrapper.json
D  fuzz/corpus/formats/wkt_bytes_wrapper.textproto
D  fuzz/corpus/formats/wkt_double_wrapper.json
D  fuzz/corpus/formats/wkt_double_wrapper.textproto
D  fuzz/corpus/formats/wkt_duration.json
D  fuzz/corpus/formats/wkt_duration.textproto
D  fuzz/corpus/formats/wkt_duration_neg.json
D  fuzz/corpus/formats/wkt_duration_zero.json
D  fuzz/corpus/formats/wkt_empty.json
D  fuzz/corpus/formats/wkt_empty.textproto
D  fuzz/corpus/formats/wkt_fieldmask.json
D  fuzz/corpus/formats/wkt_fieldmask.textproto
D  fuzz/corpus/formats/wkt_float_wrapper.json
D  fuzz/corpus/formats/wkt_float_wrapper.textproto
D  fuzz/corpus/formats/wkt_int32_wrapper.json
D  fuzz/corpus/formats/wkt_int32_wrapper.textproto
D  fuzz/corpus/formats/wkt_int64_wrapper.json
D  fuzz/corpus/formats/wkt_int64_wrapper.textproto
D  fuzz/corpus/formats/wkt_listvalue.json
D  fuzz/corpus/formats/wkt_string_wrapper.json
D  fuzz/corpus/formats/wkt_string_wrapper.textproto
D  fuzz/corpus/formats/wkt_struct.json
D  fuzz/corpus/formats/wkt_timestamp.json
D  fuzz/corpus/formats/wkt_timestamp.textproto
D  fuzz/corpus/formats/wkt_timestamp_epoch.json
D  fuzz/corpus/formats/wkt_timestamp_offset.json
D  fuzz/corpus/formats/wkt_uint32_wrapper.json
D  fuzz/corpus/formats/wkt_uint32_wrapper.textproto
D  fuzz/corpus/formats/wkt_uint64_wrapper.json
D  fuzz/corpus/formats/wkt_uint64_wrapper.textproto
D  fuzz/corpus/formats/wkt_value_bool.json
D  fuzz/corpus/formats/wkt_value_null.json
D  fuzz/corpus/formats/wkt_value_num.json
D  fuzz/corpus/formats/wkt_value_str.json
D  fuzz/corpus/wire/empty
D  fuzz/corpus/wire/enum_open_known.bin
D  fuzz/corpus/wire/enum_open_unknown.bin
D  fuzz/corpus/wire/len_overflow_min.bin
D  fuzz/corpus/wire/map_duplicate_keys.bin
D  fuzz/corpus/wire/map_single_entry.bin
D  fuzz/corpus/wire/merge_concatenated.bin
D  fuzz/corpus/wire/oneof_first.bin
D  fuzz/corpus/wire/oneof_second.bin
D  fuzz/corpus/wire/packed_repeated.bin
D  fuzz/corpus/wire/presence_proto3_default.bin
D  fuzz/corpus/wire/presence_proto3_set.bin
D  fuzz/corpus/wire/recursion_depth_100.bin
D  fuzz/corpus/wire/recursion_depth_101.bin
D  fuzz/corpus/wire/truncated_length_delimited.bin
D  fuzz/corpus/wire/truncated_varint.bin
D  fuzz/corpus/wire/truncated_varint_short.bin
D  fuzz/corpus/wire/unknown_fields_all_types.bin
D  fuzz/corpus/wire/unpacked_repeated.bin
D  fuzz/corpus/wire/valid_person.bin
D  fuzz/corpus/wire/valid_tat.bin
D  fuzz/fuzz_targets/descriptors.rs
D  fuzz/fuzz_targets/formats.rs
D  fuzz/fuzz_targets/grpc_wire.rs
D  fuzz/fuzz_targets/varint_diff.rs
D  fuzz/fuzz_targets/wire.rs
D  grpc_remap/Cargo.lock
D  grpc_remap/Cargo.toml
D  grpc_remap/build.rs
D  grpc_remap/generated/helloworld.rs
D  grpc_remap/generated/helloworld.u.pb.rs
D  grpc_remap/protobuf-shim/Cargo.toml
D  grpc_remap/protobuf-shim/src/lib.rs
D  grpc_remap/src/grpc_unary.rs
D  grpc_remap/src/lib.rs
D  grpc_remap/src/person_roundtrip.rs
D  parse-leftover/parse-4kib-delta/Cargo.lock
D  parse-leftover/parse-4kib-delta/Cargo.toml
D  parse-leftover/parse-4kib-delta/build.rs
D  parse-leftover/parse-4kib-delta/src/main.rs
D  parse-leftover/parse-hello-delta/Cargo.lock
D  parse-leftover/parse-hello-delta/Cargo.toml
D  parse-leftover/parse-hello-delta/build.rs
D  parse-leftover/parse-hello-delta/src/main.rs
D  parse-leftover/parse-hello-gap/Cargo.lock
D  parse-leftover/parse-hello-gap/Cargo.toml
D  parse-leftover/parse-hello-gap/build.rs
D  parse-leftover/parse-hello-gap/src/main.rs
D  pbrs-grpc/Cargo.toml
D  pbrs-grpc/LICENSE-APACHE
D  pbrs-grpc/LICENSE-MIT
D  pbrs-grpc/README.md
D  pbrs-grpc/build.rs
D  pbrs-grpc/proto/channelz.fds
D  pbrs-grpc/proto/codec_cases.proto
D  pbrs-grpc/proto/error_details.fds
D  pbrs-grpc/proto/google/protobuf/any.proto
D  pbrs-grpc/proto/google/protobuf/duration.proto
D  pbrs-grpc/proto/google/protobuf/empty.proto
D  pbrs-grpc/proto/google/protobuf/timestamp.proto
D  pbrs-grpc/proto/google/protobuf/wrappers.proto
D  pbrs-grpc/proto/google/rpc/error_details.proto
D  pbrs-grpc/proto/google/rpc/status.proto
D  pbrs-grpc/proto/grpc/channelz/v1/channelz.proto
D  pbrs-grpc/proto/grpc/health/v1/health.proto
D  pbrs-grpc/proto/grpc/reflection/v1/reflection.proto
D  pbrs-grpc/proto/grpc/testing/empty.proto
D  pbrs-grpc/proto/grpc/testing/messages.proto
D  pbrs-grpc/proto/grpc/testing/test.proto
D  pbrs-grpc/proto/grpc_testing_test.fds
D  pbrs-grpc/proto/health.fds
D  pbrs-grpc/proto/hello.fds
D  pbrs-grpc/proto/hello.proto
D  pbrs-grpc/proto/orca.fds
D  pbrs-grpc/proto/orca_report.fds
D  pbrs-grpc/proto/person.proto
D  pbrs-grpc/proto/reflection.fds
D  pbrs-grpc/proto/scalars.proto
D  pbrs-grpc/proto/status.fds
D  pbrs-grpc/proto/wkt.proto
D  pbrs-grpc/proto/xds/PIN
D  pbrs-grpc/proto/xds/data/orca/v3/orca_load_report.proto
D  pbrs-grpc/proto/xds/service/orca/v3/orca.proto
D  pbrs-grpc/src/authz.rs
D  pbrs-grpc/src/authz/audit.rs
D  pbrs-grpc/src/authz/interceptor.rs
D  pbrs-grpc/src/authz/matcher.rs
D  pbrs-grpc/src/authz/policy.rs
D  pbrs-grpc/src/authz/principal.rs
D  pbrs-grpc/src/authz/provider.rs
D  pbrs-grpc/src/bdp.rs
D  pbrs-grpc/src/bin/pbrs-grpc-hello.rs
D  pbrs-grpc/src/bin/pbrs-grpc-http2-client.rs
D  pbrs-grpc/src/bin/pbrs-grpc-interop-client.rs
D  pbrs-grpc/src/bin/pbrs-grpc-interop-server.rs
D  pbrs-grpc/src/binlog.rs
D  pbrs-grpc/src/binlog/entry.rs
D  pbrs-grpc/src/binlog/filter.rs
D  pbrs-grpc/src/binlog/logger.rs
D  pbrs-grpc/src/binlog/sink.rs
D  pbrs-grpc/src/channelz/mod.rs
D  pbrs-grpc/src/channelz/model.rs
D  pbrs-grpc/src/channelz/service.rs
D  pbrs-grpc/src/channelz/trace.rs
D  pbrs-grpc/src/client.rs
D  pbrs-grpc/src/client/call.rs
D  pbrs-grpc/src/client/channel.rs
D  pbrs-grpc/src/client/cl08_future_sizes.rs
D  pbrs-grpc/src/client/config_glue.rs
D  pbrs-grpc/src/client/pool.rs
D  pbrs-grpc/src/client/retry.rs
D  pbrs-grpc/src/client/streaming.rs
D  pbrs-grpc/src/client/unary.rs
D  pbrs-grpc/src/codec.rs
D  pbrs-grpc/src/codec/prost.rs
D  pbrs-grpc/src/compat/mod.rs
D  pbrs-grpc/src/compression/deflate.rs
D  pbrs-grpc/src/compression/gzip.rs
D  pbrs-grpc/src/compression/mod.rs
D  pbrs-grpc/src/compression/zstd.rs
D  pbrs-grpc/src/config.rs
D  pbrs-grpc/src/copy_counts.rs
D  pbrs-grpc/src/gzip.rs
D  pbrs-grpc/src/h2_backend/LICENSE-MIT
D  pbrs-grpc/src/h2_backend/admission_additional_tests.rs
D  pbrs-grpc/src/h2_backend/admission_tests.rs
D  pbrs-grpc/src/h2_backend/caller-overlay.json
D  pbrs-grpc/src/h2_backend/caller-overlay.patch
D  pbrs-grpc/src/h2_backend/client.rs
D  pbrs-grpc/src/h2_backend/clippy-1.88-overlay.json
D  pbrs-grpc/src/h2_backend/clippy-1.88-overlay.patch
D  pbrs-grpc/src/h2_backend/codec/error.rs
D  pbrs-grpc/src/h2_backend/codec/framed_read.rs
D  pbrs-grpc/src/h2_backend/codec/framed_write.rs
D  pbrs-grpc/src/h2_backend/codec/mod.rs
D  pbrs-grpc/src/h2_backend/error.rs
D  pbrs-grpc/src/h2_backend/ext.rs
D  pbrs-grpc/src/h2_backend/frame/data.rs
D  pbrs-grpc/src/h2_backend/frame/go_away.rs
D  pbrs-grpc/src/h2_backend/frame/head.rs
D  pbrs-grpc/src/h2_backend/frame/headers.rs
D  pbrs-grpc/src/h2_backend/frame/mod.rs
D  pbrs-grpc/src/h2_backend/frame/ping.rs
D  pbrs-grpc/src/h2_backend/frame/priority.rs
D  pbrs-grpc/src/h2_backend/frame/reason.rs
D  pbrs-grpc/src/h2_backend/frame/reset.rs
D  pbrs-grpc/src/h2_backend/frame/settings.rs
D  pbrs-grpc/src/h2_backend/frame/stream_id.rs
D  pbrs-grpc/src/h2_backend/frame/util.rs
D  pbrs-grpc/src/h2_backend/frame/window_update.rs
D  pbrs-grpc/src/h2_backend/fuzz_bridge.rs
D  pbrs-grpc/src/h2_backend/hpack/decoder.rs
D  pbrs-grpc/src/h2_backend/hpack/encoder.rs
D  pbrs-grpc/src/h2_backend/hpack/header.rs
D  pbrs-grpc/src/h2_backend/hpack/huffman/mod.rs
D  pbrs-grpc/src/h2_backend/hpack/huffman/table.rs
D  pbrs-grpc/src/h2_backend/hpack/mod.rs
D  pbrs-grpc/src/h2_backend/hpack/table.rs
D  pbrs-grpc/src/h2_backend/hpack/test/fixture.rs
D  pbrs-grpc/src/h2_backend/hpack/test/fuzz.rs
D  pbrs-grpc/src/h2_backend/hpack/test/mod.rs
D  pbrs-grpc/src/h2_backend/mod.rs
D  pbrs-grpc/src/h2_backend/proto/connection.rs
D  pbrs-grpc/src/h2_backend/proto/error.rs
D  pbrs-grpc/src/h2_backend/proto/go_away.rs
D  pbrs-grpc/src/h2_backend/proto/mod.rs
D  pbrs-grpc/src/h2_backend/proto/peer.rs
D  pbrs-grpc/src/h2_backend/proto/ping_pong.rs
D  pbrs-grpc/src/h2_backend/proto/settings.rs
D  pbrs-grpc/src/h2_backend/proto/streams/buffer.rs
D  pbrs-grpc/src/h2_backend/proto/streams/counts.rs
D  pbrs-grpc/src/h2_backend/proto/streams/flow_control.rs
D  pbrs-grpc/src/h2_backend/proto/streams/mod.rs
D  pbrs-grpc/src/h2_backend/proto/streams/prioritize.rs
D  pbrs-grpc/src/h2_backend/proto/streams/recv.rs
D  pbrs-grpc/src/h2_backend/proto/streams/send.rs
D  pbrs-grpc/src/h2_backend/proto/streams/state.rs
D  pbrs-grpc/src/h2_backend/proto/streams/store.rs
D  pbrs-grpc/src/h2_backend/proto/streams/stream.rs
D  pbrs-grpc/src/h2_backend/proto/streams/streams.rs
D  pbrs-grpc/src/h2_backend/provenance.json
D  pbrs-grpc/src/h2_backend/replay-clippy-1.88-overlay.py
D  pbrs-grpc/src/h2_backend/replay-wake-guard-1.88-overlay.py
D  pbrs-grpc/src/h2_backend/server.rs
D  pbrs-grpc/src/h2_backend/share.rs
D  pbrs-grpc/src/h2_backend/wake-guard-1.88-overlay.json
D  pbrs-grpc/src/h2_backend/wake-guard-1.88-overlay.patch
D  pbrs-grpc/src/h2_backend/wake-replay-package-path-overlay.json
D  pbrs-grpc/src/h2_backend/wake-replay-package-path-overlay.patch
D  pbrs-grpc/src/health.rs
D  pbrs-grpc/src/hello.rs
D  pbrs-grpc/src/interceptor.rs
D  pbrs-grpc/src/interop_cases.rs
D  pbrs-grpc/src/keepalive.rs
D  pbrs-grpc/src/lb/health.rs
D  pbrs-grpc/src/lb/least_request.rs
D  pbrs-grpc/src/lb/mod.rs
D  pbrs-grpc/src/lb/outlier.rs
D  pbrs-grpc/src/lb/pick_first.rs
D  pbrs-grpc/src/lb/priority.rs
D  pbrs-grpc/src/lb/ring_hash.rs
D  pbrs-grpc/src/lb/round_robin.rs
D  pbrs-grpc/src/lb/subset.rs
D  pbrs-grpc/src/lb/wrr.rs
D  pbrs-grpc/src/lib.rs
D  pbrs-grpc/src/limits.rs
D  pbrs-grpc/src/metadata.rs
D  pbrs-grpc/src/orca.rs
D  pbrs-grpc/src/orca/recorder.rs
D  pbrs-grpc/src/orca/report.rs
D  pbrs-grpc/src/orca/service.rs
D  pbrs-grpc/src/otel/mod.rs
D  pbrs-grpc/src/otel/trace.rs
D  pbrs-grpc/src/pb.rs
D  pbrs-grpc/src/proxy.rs
D  pbrs-grpc/src/reflection.rs
D  pbrs-grpc/src/request.rs
D  pbrs-grpc/src/resolver.rs
D  pbrs-grpc/src/resolver/dns.rs
D  pbrs-grpc/src/resolver/fixed.rs
D  pbrs-grpc/src/resolver/registry.rs
D  pbrs-grpc/src/resolver/snapshot.rs
D  pbrs-grpc/src/resolver/target.rs
D  pbrs-grpc/src/resolver/txt.rs
D  pbrs-grpc/src/rt/manual.rs
D  pbrs-grpc/src/rt/mod.rs
D  pbrs-grpc/src/rt/per_core.rs
D  pbrs-grpc/src/server.rs
D  pbrs-grpc/src/server/accept.rs
D  pbrs-grpc/src/server/connection.rs
D  pbrs-grpc/src/server/dispatch.rs
D  pbrs-grpc/src/server/drain.rs
D  pbrs-grpc/src/server/router.rs
D  pbrs-grpc/src/server/rpc.rs
D  pbrs-grpc/src/server/sv09_cancel_tests.rs
D  pbrs-grpc/src/server/sv09_timeout_tests.rs
D  pbrs-grpc/src/service_config.rs
D  pbrs-grpc/src/status.rs
D  pbrs-grpc/src/stream.rs
D  pbrs-grpc/src/tcp.rs
D  pbrs-grpc/src/telemetry.rs
D  pbrs-grpc/src/testing.rs
D  pbrs-grpc/src/timeout.rs
D  pbrs-grpc/src/tls.rs
D  pbrs-grpc/src/tonic_server.rs
D  pbrs-grpc/src/tonic_server/gzip.rs
D  pbrs-grpc/src/tonic_server/opaque.rs
D  pbrs-grpc/src/tower_client.rs
D  pbrs-grpc/src/tower_server.rs
D  pbrs-grpc/src/transport/h2.rs
D  pbrs-grpc/src/transport/mod.rs
D  pbrs-grpc/src/web/frame.rs
D  pbrs-grpc/src/web/mod.rs
D  pbrs-grpc/src/wire.rs
D  pbrs-grpc/src/wire/encode.rs
D  pbrs-grpc/src/wire/frame_reader.rs
D  pbrs-grpc/src/wire/headers.rs
D  pbrs-grpc/src/wire/out_batch.rs
D  pbrs-grpc/src/wire/send.rs
D  pbrs-grpc/tests/adaptive_window.rs
D  pbrs-grpc/tests/authz.rs
D  pbrs-grpc/tests/bidi_completion.rs
D  pbrs-grpc/tests/binlog.rs
D  pbrs-grpc/tests/byte_budget_public.rs
D  pbrs-grpc/tests/caller-rustls/Cargo.lock
D  pbrs-grpc/tests/caller-rustls/Cargo.toml
D  pbrs-grpc/tests/caller-rustls/README.md
D  pbrs-grpc/tests/caller-rustls/data/ca.pem
D  pbrs-grpc/tests/caller-rustls/data/first.crt
D  pbrs-grpc/tests/caller-rustls/data/first.key
D  pbrs-grpc/tests/caller-rustls/data/second.crt
D  pbrs-grpc/tests/caller-rustls/data/second.key
D  pbrs-grpc/tests/caller-rustls/tests/matrix.rs
D  pbrs-grpc/tests/caller_rustls.rs
D  pbrs-grpc/tests/channelz.rs
D  pbrs-grpc/tests/cl07_preface.rs
D  pbrs-grpc/tests/codec_generic.rs
D  pbrs-grpc/tests/codegen.rs
D  pbrs-grpc/tests/common/mod.rs
D  pbrs-grpc/tests/compat_fixtures.rs
D  pbrs-grpc/tests/compression.rs
D  pbrs-grpc/tests/connect_info.rs
D  pbrs-grpc/tests/deadline_admission.rs
D  pbrs-grpc/tests/fixtures/compat/helloworld/helloworld.proto
D  pbrs-grpc/tests/fixtures/compat/helloworld_compat.rs
D  pbrs-grpc/tests/fixtures/compat/routeguide/route_guide.proto
D  pbrs-grpc/tests/fixtures/compat/routeguide_compat.rs
D  pbrs-grpc/tests/fixtures/prost/helloworld_native.rs
D  pbrs-grpc/tests/fixtures/prost/routeguide_native.rs
D  pbrs-grpc/tests/fixtures/prost/tonic_client_native.rs
D  pbrs-grpc/tests/gaps.rs
D  pbrs-grpc/tests/grpc_web.rs
D  pbrs-grpc/tests/health.rs
D  pbrs-grpc/tests/hostile.rs
D  pbrs-grpc/tests/interop_assertions.rs
D  pbrs-grpc/tests/interop_cli.rs
D  pbrs-grpc/tests/lb_health.rs
D  pbrs-grpc/tests/lb_priority.rs
D  pbrs-grpc/tests/lb_ring_hash.rs
D  pbrs-grpc/tests/lifecycle.rs
D  pbrs-grpc/tests/message_size.rs
D  pbrs-grpc/tests/orca.rs
D  pbrs-grpc/tests/otel.rs
D  pbrs-grpc/tests/otel_trace.rs
D  pbrs-grpc/tests/per_core.rs
D  pbrs-grpc/tests/policy_retry.rs
D  pbrs-grpc/tests/prost_codec.rs
D  pbrs-grpc/tests/prost_fixtures.rs
D  pbrs-grpc/tests/proto/extend.fds
D  pbrs-grpc/tests/proto/extend.proto
D  pbrs-grpc/tests/proto/kv.fds
D  pbrs-grpc/tests/proto/kv.proto
D  pbrs-grpc/tests/proxy.rs
D  pbrs-grpc/tests/reflection.rs
D  pbrs-grpc/tests/regress_metadata.rs
D  pbrs-grpc/tests/regress_timeout.rs
D  pbrs-grpc/tests/resolver.rs
D  pbrs-grpc/tests/resource_bounds.rs
D  pbrs-grpc/tests/resource_qualification.rs
D  pbrs-grpc/tests/retry_safety.rs
D  pbrs-grpc/tests/rpc.rs
D  pbrs-grpc/tests/service_config.rs
D  pbrs-grpc/tests/serving.rs
D  pbrs-grpc/tests/static_routing.rs
D  pbrs-grpc/tests/sv09_streaming.rs
D  pbrs-grpc/tests/telemetry.rs
D  pbrs-grpc/tests/tls.rs
D  pbrs-grpc/tests/tls_data/README.md
D  pbrs-grpc/tests/tls_data/ca.crt
D  pbrs-grpc/tests/tls_data/client.crt
D  pbrs-grpc/tests/tls_data/client.key
D  pbrs-grpc/tests/tls_data/other.crt
D  pbrs-grpc/tests/tls_data/server.crt
D  pbrs-grpc/tests/tls_data/server.key
D  pbrs-grpc/tests/tonic_behavior.rs
D  pbrs-grpc/tests/tonic_opaque_transport.rs
D  pbrs-grpc/tests/tonic_server.rs
D  pbrs-grpc/tests/tonic_service_transport.rs
D  pbrs-grpc/tests/tonic_transport.rs
D  pbrs-grpc/tests/tower_client.rs
D  pbrs-grpc/tests/tower_server.rs
D  prost_tat/Cargo.lock
D  prost_tat/Cargo.toml
D  prost_tat/build.rs
D  prost_tat/src/lib.rs
D  proto/codec_cases.proto
D  proto/google/protobuf/any.proto
D  proto/google/protobuf/duration.proto
D  proto/google/protobuf/empty.proto
D  proto/google/protobuf/field_mask.proto
D  proto/google/protobuf/timestamp.proto
D  proto/google/protobuf/wrappers.proto
D  proto/google/rpc/error_details.proto
D  proto/google/rpc/status.proto
D  proto/grpc/health/v1/health.proto
D  proto/grpc/reflection/v1/reflection.proto
D  proto/grpc/testing/empty.proto
D  proto/grpc/testing/messages.proto
D  proto/grpc/testing/test.proto
D  proto/hello.proto
D  proto/person.proto
D  proto/scalars.proto
D  proto/wkt.proto
D  protobuf-tonic/Cargo.toml
D  protobuf-tonic/LICENSE-APACHE
D  protobuf-tonic/LICENSE-MIT
D  protobuf-tonic/README.md
D  protobuf-tonic/build.rs
D  protobuf-tonic/proto/hello.fds
D  protobuf-tonic/proto/hello.proto
D  protobuf-tonic/src/hello.rs
D  protobuf-tonic/src/lib.rs
D  protobuf-tonic/tests/codec_path.rs
D  protobuf-tonic/tests/coexist.rs
D  protobuf-tonic/tests/gzip.rs
D  protobuf-tonic/tests/health_reflection.rs
D  protobuf-tonic/tests/interceptor_size.rs
D  protobuf-tonic/tests/interop.rs
D  protobuf-tonic/tests/parse_string.rs
D  protobuf-tonic/tests/status.rs
D  protobuf-tonic/tests/streaming.rs
D  protobuf-tonic/tests/trailers.rs
D  protobuf-tonic/tests/unary.rs
D  release-plz.toml
D  rpc-bench/Cargo.lock
D  rpc-bench/Cargo.toml
D  rpc-bench/README.md
D  rpc-bench/build.rs
D  rpc-bench/peers/README.md
D  rpc-bench/peers/connect-rust.json
D  rpc-bench/peers/cpp.json
D  rpc-bench/peers/go.json
D  rpc-bench/peers/google-grpc.json
D  rpc-bench/peers/grpc-dotnet.json
D  rpc-bench/peers/grpc-java.json
D  rpc-bench/peers/native.json
D  rpc-bench/peers/quarkus.json
D  rpc-bench/peers/tonic-pbrs.json
D  rpc-bench/peers/tonic-prost.json
D  rpc-bench/peers/tonic.json
D  rpc-bench/peers/vertx.json
D  rpc-bench/peers/volo-grpc.json
D  rpc-bench/proto/benchmark_service.proto
D  rpc-bench/proto/control.proto
D  rpc-bench/proto/grpc/testing/benchmark_service.proto
D  rpc-bench/proto/grpc/testing/control.proto
D  rpc-bench/proto/grpc/testing/payloads.proto
D  rpc-bench/proto/grpc/testing/services.proto
D  rpc-bench/proto/grpc/testing/stats.proto
D  rpc-bench/proto/grpc/testing/worker_service.proto
D  rpc-bench/proto/payloads.proto
D  rpc-bench/proto/services.proto
D  rpc-bench/proto/stats.proto
D  rpc-bench/proto/worker_service.proto
D  rpc-bench/scenarios/claims.json
D  rpc-bench/scenarios/fairness.json
D  rpc-bench/scenarios/leadership.json
D  rpc-bench/scenarios/official.json
D  rpc-bench/src/benchmark_service.rs
D  rpc-bench/src/fairness.rs
D  rpc-bench/src/load.rs
D  rpc-bench/src/main.rs
D  rpc-bench/src/process.rs
D  rpc-bench/src/report.rs
D  rpc-bench/src/resources.rs
D  rpc-bench/src/worker_client.rs
D  rpc-bench/src/worker_server.rs
D  rpc-bench/tests/fairness.rs
D  rpc-bench/tests/load_shapes.rs
D  rpc-bench/tests/tonic_fairness.rs
D  rpc-bench/tests/worker.rs
D  rust_out_person/Cargo.lock
D  rust_out_person/Cargo.toml
D  rust_out_person/src/generated.rs
D  rust_out_person/src/lib.rs
D  rust_out_person/src/person.u.pb.rs
D  rust_out_person/tests/roundtrip.rs
D  rust_out_shared/Cargo.lock
D  rust_out_shared/Cargo.toml
D  rust_out_shared/build.rs
D  rust_out_shared/src/enum_map_regression.rs
D  rust_out_shared/src/lib.rs
D  rust_out_shared/tests/accessors_map_test.rs
D  rust_out_shared/tests/accessors_proto3_test.rs
D  rust_out_shared/tests/accessors_repeated_test.rs
D  rust_out_shared/tests/accessors_test.rs
D  rust_out_shared/tests/bad_names_test.rs
D  rust_out_shared/tests/child_parent_test.rs
D  rust_out_shared/tests/edition2023_test.rs
D  rust_out_shared/tests/enum_test.rs
D  rust_out_shared/tests/fields_with_imported_types_test.rs
D  rust_out_shared/tests/import_public_test.rs
D  rust_out_shared/tests/message_copy_merge_test.rs
D  rust_out_shared/tests/message_generics_test.rs
D  rust_out_shared/tests/nested_types_test.rs
D  rust_out_shared/tests/package_test.rs
D  rust_out_shared/tests/proto_macro_test.rs
D  rust_out_shared/tests/serialization_test.rs
D  rust_out_shared/tests/simple_nested_test.rs
D  rust_out_shared/tests/threading_test.rs
D  rust_out_shared/tests/utf8_test.rs
D  rustfmt.toml
D  scripts/audit-tc32-bridges.py
D  scripts/build-pinned-protoc.sh
D  scripts/check-upstream-cases.py
D  scripts/codegen-bench.sh
D  scripts/conformance-report.py
D  scripts/conformance.sh
D  scripts/current-h2-soak.py
D  scripts/devloop-linux.sh
D  scripts/devloop.sh
D  scripts/fetch-protobuf.sh
D  scripts/fleet-gate.sh
D  scripts/frontend-diff.sh
D  scripts/fuzz-campaign.sh
D  scripts/gen-rust-out-shared.sh
D  scripts/gen.sh
D  scripts/generate-differential-fixtures.sh
D  scripts/grfc-drift.py
D  scripts/grpc-http2-interop.sh
D  scripts/grpc-http2-server-interop.sh
D  scripts/grpc-http2-upstream-server-interop.py
D  scripts/grpc-interop-cpp.sh
D  scripts/grpc-interop-tonic.sh
D  scripts/grpc-interop.sh
D  scripts/grpc-qps-interop.sh
D  scripts/grpc-server-bench.sh
D  scripts/http2_probe_status.py
D  scripts/interop-report.py
D  scripts/measure-tc32-bridges.py
D  scripts/perf-report.py
D  scripts/plan-lint.py
D  scripts/plan-status.py
D  scripts/profile.sh
D  scripts/publish-crates.sh
D  scripts/pure-rust-audit.sh
D  scripts/qps-go-accounting.go
D  scripts/qps-go-overlay.py
D  scripts/qps-proof.py
D  scripts/regen-generated.sh
D  scripts/regen-google-unittest.sh
D  scripts/rpc-bench-matrix.py
D  scripts/rust-out-abi.py
D  scripts/shared_consumer_report.py
D  scripts/stack-matrix.sh
D  scripts/test-rust-out-shared.sh
D  scripts/upstream_http2_probe_report.py
D  scripts/xlang-codec.sh
D  src/bin/conformance.rs
D  src/bin/protoc-gen-pbrs.rs
D  src/codegen.rs
D  src/codegen/compat_stubs.rs
D  src/codegen/config.rs
D  src/codegen/descriptors.rs
D  src/codegen/encode.rs
D  src/codegen/json.rs
D  src/codegen/messages.rs
D  src/codegen/naming.rs
D  src/codegen/native_stubs.rs
D  src/codegen/parse.rs
D  src/codegen/prost_stubs.rs
D  src/codegen/reflection.rs
D  src/codegen/text.rs
D  src/codegen/tonic_stubs.rs
D  src/copy_counts.rs
D  src/dynamic.rs
D  src/error.rs
D  src/gen_support.rs
D  src/gencode.rs
D  src/generated/any.rs
D  src/generated/duration.rs
D  src/generated/empty.rs
D  src/generated/field_mask.rs
D  src/generated/mod.rs
D  src/generated/struct.rs
D  src/generated/test_messages_edition2023.rs
D  src/generated/test_messages_edition_unstable.rs
D  src/generated/test_messages_proto2.rs
D  src/generated/test_messages_proto2_editions.rs
D  src/generated/test_messages_proto3.rs
D  src/generated/test_messages_proto3_editions.rs
D  src/generated/timestamp.rs
D  src/generated/wrappers.rs
D  src/internal.rs
D  src/json.rs
D  src/lazy.rs
D  src/lib.rs
D  src/map.rs
D  src/message.rs
D  src/packed.rs
D  src/prelude.rs
D  src/proxied.rs
D  src/repeated.rs
D  src/rt.rs
D  src/runtime.rs
D  src/runtime/arena.rs
D  src/runtime/array.rs
D  src/runtime/decode.rs
D  src/runtime/encode.rs
D  src/runtime/extension.rs
D  src/runtime/layout.rs
D  src/runtime/map.rs
D  src/runtime/mini_table.rs
D  src/runtime/reflect.rs
D  src/string.rs
D  src/table.rs
D  src/testdata.rs
D  src/text.rs
D  src/wire.rs
D  tests/bench/test_tc32_bridge_collectors.py
D  tests/codegen_compat.rs
D  tests/codegen_shared_descriptors.rs
D  tests/codegen_wkt_sharing.rs
D  tests/conformance_json_output.rs
D  tests/depth.rs
D  tests/differential_binary.rs
D  tests/differential_formats.rs
D  tests/documentation.rs
D  tests/dynamic.rs
D  tests/fixtures/codegen-compat/README.md
D  tests/fixtures/codegen-compat/v1/compat.proto
D  tests/fixtures/codegen-compat/v1_generated.rs
D  tests/fixtures/codegen-compat/v1_with_stubs.rs
D  tests/fixtures/codegen-compat/v2/compat.proto
D  tests/fixtures/codegen-compat/v2_generated.rs
D  tests/fixtures/codegen-compat/v2_with_stubs.rs
D  tests/fixtures/codegen-docs/hostile_docs.proto
D  tests/fixtures/codegen-layout/README.md
D  tests/fixtures/codegen-layout/expected.json
D  tests/fixtures/codegen-layout/proto/external/client.proto
D  tests/fixtures/codegen-layout/proto/external/service.proto
D  tests/fixtures/codegen-layout/proto/pkg_a/common.proto
D  tests/fixtures/codegen-layout/proto/pkg_b/common.proto
D  tests/fixtures/codegen-layout/proto/pkg_b/service.proto
D  tests/fixtures/codegen-layout/proto/reexport/child.proto
D  tests/fixtures/codegen-layout/proto/reexport/grandparent.proto
D  tests/fixtures/codegen-layout/proto/reexport/parent.proto
D  tests/fixtures/codegen-lints/deprecated_closed_enum.proto
D  tests/fixtures/codegen-lints/deprecated_open_enum.proto
D  tests/fixtures/codegen-lints/enum_option_cases.proto
D  tests/fixtures/codegen-lints/lint_cases.proto
D  tests/fixtures/codegen-wkt-sharing/README.md
D  tests/fixtures/codegen-wkt-sharing/alias.fds
D  tests/fixtures/codegen-wkt-sharing/aliases.fds
D  tests/fixtures/codegen-wkt-sharing/aliases.proto
D  tests/fixtures/codegen-wkt-sharing/local/descriptor.proto
D  tests/fixtures/codegen-wkt-sharing/opt_a.proto
D  tests/fixtures/codegen-wkt-sharing/opt_b.proto
D  tests/fixtures/codegen-wkt-sharing/opt_c.proto
D  tests/fixtures/codegen-wkt-sharing/options.fds
D  tests/fixtures/codegen-wkt-sharing/timestamp.fds
D  tests/fixtures/codegen-wkt-sharing/wkt_a.proto
D  tests/fixtures/codegen-wkt-sharing/wkt_b.proto
D  tests/fixtures/codegen-wkt-sharing/wkts.fds
D  tests/fixtures/differential/README.md
D  tests/fixtures/differential/casing_camel.json
D  tests/fixtures/differential/casing_duplicate.json
D  tests/fixtures/differential/casing_snake.json
D  tests/fixtures/differential/differential.fds
D  tests/fixtures/differential/differential_proto2.proto
D  tests/fixtures/differential/differential_proto3.proto
D  tests/fixtures/differential/enum_closed_known.bin
D  tests/fixtures/differential/enum_closed_unknown.bin
D  tests/fixtures/differential/enum_integer_number.json
D  tests/fixtures/differential/enum_integer_number.textproto
D  tests/fixtures/differential/enum_open_known.bin
D  tests/fixtures/differential/enum_open_unknown.bin
D  tests/fixtures/differential/enum_open_unknown.json
D  tests/fixtures/differential/enum_open_unknown.textproto
D  tests/fixtures/differential/enum_string_name.json
D  tests/fixtures/differential/enum_string_name.textproto
D  tests/fixtures/differential/enum_unknown_string.json
D  tests/fixtures/differential/extension_empty.bin
D  tests/fixtures/differential/extension_set.bin
D  tests/fixtures/differential/format_roundtrip.json
D  tests/fixtures/differential/format_roundtrip.textproto
D  tests/fixtures/differential/map_bool_key.json
D  tests/fixtures/differential/map_cases.textproto
D  tests/fixtures/differential/map_duplicate_keys.bin
D  tests/fixtures/differential/map_duplicate_keys.json
D  tests/fixtures/differential/map_duplicate_keys.textproto
D  tests/fixtures/differential/map_integer_key.json
D  tests/fixtures/differential/map_single_entry.bin
D  tests/fixtures/differential/map_string_key.json
D  tests/fixtures/differential/merge_concatenated.bin
D  tests/fixtures/differential/merge_part1.bin
D  tests/fixtures/differential/merge_part2.bin
D  tests/fixtures/differential/numeric_float32_max.json
D  tests/fixtures/differential/numeric_float32_overflow.json
D  tests/fixtures/differential/numeric_float64_overflow.json
D  tests/fixtures/differential/numeric_large_exponents.json
D  tests/fixtures/differential/numeric_neg_inf.textproto
D  tests/fixtures/differential/numeric_neg_infinity.json
D  tests/fixtures/differential/numeric_signed_zero.json
D  tests/fixtures/differential/numeric_signed_zero.textproto
D  tests/fixtures/differential/numeric_signed_zero_str.json
D  tests/fixtures/differential/numeric_special_strings.json
D  tests/fixtures/differential/numeric_specials.textproto
D  tests/fixtures/differential/numeric_subnormals.json
D  tests/fixtures/differential/numeric_subnormals.textproto
D  tests/fixtures/differential/numeric_subnormals_neg.json
D  tests/fixtures/differential/oneof_first.bin
D  tests/fixtures/differential/oneof_overwritten.bin
D  tests/fixtures/differential/oneof_second.bin
D  tests/fixtures/differential/packed_repeated.bin
D  tests/fixtures/differential/presence_proto2_absent.bin
D  tests/fixtures/differential/presence_proto2_default_set.bin
D  tests/fixtures/differential/presence_proto2_set.bin
D  tests/fixtures/differential/presence_proto3_absent.bin
D  tests/fixtures/differential/presence_proto3_default.bin
D  tests/fixtures/differential/presence_proto3_set.bin
D  tests/fixtures/differential/recursion_depth_100.bin
D  tests/fixtures/differential/recursion_depth_101.bin
D  tests/fixtures/differential/truncated_length_delimited.bin
D  tests/fixtures/differential/truncated_varint.bin
D  tests/fixtures/differential/unknown_fields_all_types.bin
D  tests/fixtures/differential/unpacked_repeated.bin
D  tests/fixtures/differential/wkt_bool_wrapper.json
D  tests/fixtures/differential/wkt_bool_wrapper.textproto
D  tests/fixtures/differential/wkt_bytes_wrapper.json
D  tests/fixtures/differential/wkt_bytes_wrapper.textproto
D  tests/fixtures/differential/wkt_double_wrapper.json
D  tests/fixtures/differential/wkt_double_wrapper.textproto
D  tests/fixtures/differential/wkt_duration.json
D  tests/fixtures/differential/wkt_duration.textproto
D  tests/fixtures/differential/wkt_duration_neg.json
D  tests/fixtures/differential/wkt_duration_zero.json
D  tests/fixtures/differential/wkt_empty.json
D  tests/fixtures/differential/wkt_empty.textproto
D  tests/fixtures/differential/wkt_fieldmask.json
D  tests/fixtures/differential/wkt_fieldmask.textproto
D  tests/fixtures/differential/wkt_float_wrapper.json
D  tests/fixtures/differential/wkt_float_wrapper.textproto
D  tests/fixtures/differential/wkt_int32_wrapper.json
D  tests/fixtures/differential/wkt_int32_wrapper.textproto
D  tests/fixtures/differential/wkt_int64_wrapper.json
D  tests/fixtures/differential/wkt_int64_wrapper.textproto
D  tests/fixtures/differential/wkt_listvalue.json
D  tests/fixtures/differential/wkt_string_wrapper.json
D  tests/fixtures/differential/wkt_string_wrapper.textproto
D  tests/fixtures/differential/wkt_struct.json
D  tests/fixtures/differential/wkt_timestamp.json
D  tests/fixtures/differential/wkt_timestamp.textproto
D  tests/fixtures/differential/wkt_timestamp_epoch.json
D  tests/fixtures/differential/wkt_timestamp_offset.json
D  tests/fixtures/differential/wkt_uint32_wrapper.json
D  tests/fixtures/differential/wkt_uint32_wrapper.textproto
D  tests/fixtures/differential/wkt_uint64_wrapper.json
D  tests/fixtures/differential/wkt_uint64_wrapper.textproto
D  tests/fixtures/differential/wkt_value_bool.json
D  tests/fixtures/differential/wkt_value_null.json
D  tests/fixtures/differential/wkt_value_num.json
D  tests/fixtures/differential/wkt_value_str.json
D  tests/fixtures/edition2024/README.md
D  tests/fixtures/edition2024/bin/defaults_empty.bin
D  tests/fixtures/edition2024/bin/defaults_populated.bin
D  tests/fixtures/edition2024/bin/defaults_zero_set.bin
D  tests/fixtures/edition2024/bin/extensions_populated.bin
D  tests/fixtures/edition2024/bin/overrides_delimited_message.bin
D  tests/fixtures/edition2024/bin/overrides_expanded_repeated.bin
D  tests/fixtures/edition2024/bin/overrides_implicit_set.bin
D  tests/fixtures/edition2024/bin/overrides_implicit_zero.bin
D  tests/fixtures/edition2024/expectations.json
D  tests/fixtures/edition2024/expectations/defaults.json
D  tests/fixtures/edition2024/expectations/extensions.json
D  tests/fixtures/edition2024/expectations/inheritance.json
D  tests/fixtures/edition2024/expectations/overrides.json
D  tests/fixtures/edition2024/expectations/visibility.json
D  tests/fixtures/edition2024/fds/cg14_preview.fds
D  tests/fixtures/edition2024/fds/closed_enum.fds
D  tests/fixtures/edition2024/fds/defaults.fds
D  tests/fixtures/edition2024/fds/extensions.fds
D  tests/fixtures/edition2024/fds/inheritance.fds
D  tests/fixtures/edition2024/fds/overrides.fds
D  tests/fixtures/edition2024/fds/visibility.fds
D  tests/fixtures/edition2024/proto/closed_enum.proto
D  tests/fixtures/edition2024/proto/defaults.proto
D  tests/fixtures/edition2024/proto/extensions.proto
D  tests/fixtures/edition2024/proto/inheritance.proto
D  tests/fixtures/edition2024/proto/legacy_style.proto
D  tests/fixtures/edition2024/proto/maps.proto
D  tests/fixtures/edition2024/proto/maps_none.proto
D  tests/fixtures/edition2024/proto/overrides.proto
D  tests/fixtures/edition2024/proto/visibility.proto
D  tests/fixtures/edition2024/reference/observed.txt
D  tests/fixtures/edition2024/reference/roundtrip.cc
D  tests/fixtures/edition2024/rejected/README.md
D  tests/fixtures/edition2024/rejected/ctype_option.proto
D  tests/fixtures/edition2024/rejected/group_syntax.proto
D  tests/fixtures/edition2024/rejected/import_weak.proto
D  tests/fixtures/edition2024/rejected/java_multiple_files.proto
D  tests/fixtures/edition2024/rejected/naming_style.proto
D  tests/fixtures/edition2024/rejected/optional_keyword.proto
D  tests/fixtures/edition2024/rejected/required_keyword.proto
D  tests/fixtures/edition2024/rejected/visibility_defs.proto
D  tests/fixtures/edition2024/rejected/visibility_import_local.proto
D  tests/fixtures/edition2024/test_reference.py
D  tests/frontend_corpus/EVIDENCE.md
D  tests/frontend_corpus/README.md
D  tests/frontend_corpus/corpus.json
D  tests/frontend_corpus/diff.py
D  tests/frontend_corpus/fetch-corpus.sh
D  tests/frontend_corpus/proto/envoy/envoy/annotations/deprecation.proto
D  tests/frontend_corpus/proto/envoy/envoy/annotations/resource.proto
D  tests/frontend_corpus/proto/envoy/envoy/config/core/v3/address.proto
D  tests/frontend_corpus/proto/envoy/envoy/config/core/v3/backoff.proto
D  tests/frontend_corpus/proto/envoy/envoy/config/core/v3/base.proto
D  tests/frontend_corpus/proto/envoy/envoy/config/core/v3/extension.proto
D  tests/frontend_corpus/proto/envoy/envoy/config/core/v3/grpc_service.proto
D  tests/frontend_corpus/proto/envoy/envoy/config/core/v3/http_service.proto
D  tests/frontend_corpus/proto/envoy/envoy/config/core/v3/http_uri.proto
D  tests/frontend_corpus/proto/envoy/envoy/config/core/v3/socket_option.proto
D  tests/frontend_corpus/proto/envoy/envoy/config/trace/v3/datadog.proto
D  tests/frontend_corpus/proto/envoy/envoy/config/trace/v3/dynamic_ot.proto
D  tests/frontend_corpus/proto/envoy/envoy/config/trace/v3/http_tracer.proto
D  tests/frontend_corpus/proto/envoy/envoy/config/trace/v3/lightstep.proto
D  tests/frontend_corpus/proto/envoy/envoy/config/trace/v3/opentelemetry.proto
D  tests/frontend_corpus/proto/envoy/envoy/config/trace/v3/service.proto
D  tests/frontend_corpus/proto/envoy/envoy/config/trace/v3/trace.proto
D  tests/frontend_corpus/proto/envoy/envoy/config/trace/v3/zipkin.proto
D  tests/frontend_corpus/proto/envoy/envoy/type/v3/http_status.proto
D  tests/frontend_corpus/proto/envoy/envoy/type/v3/percent.proto
D  tests/frontend_corpus/proto/envoy/envoy/type/v3/range.proto
D  tests/frontend_corpus/proto/envoy/envoy/type/v3/semantic_version.proto
D  tests/frontend_corpus/proto/googleapis/google/api/annotations.proto
D  tests/frontend_corpus/proto/googleapis/google/api/auth.proto
D  tests/frontend_corpus/proto/googleapis/google/api/backend.proto
D  tests/frontend_corpus/proto/googleapis/google/api/billing.proto
D  tests/frontend_corpus/proto/googleapis/google/api/client.proto
D  tests/frontend_corpus/proto/googleapis/google/api/config_change.proto
D  tests/frontend_corpus/proto/googleapis/google/api/consumer.proto
D  tests/frontend_corpus/proto/googleapis/google/api/context.proto
D  tests/frontend_corpus/proto/googleapis/google/api/control.proto
D  tests/frontend_corpus/proto/googleapis/google/api/distribution.proto
D  tests/frontend_corpus/proto/googleapis/google/api/documentation.proto
D  tests/frontend_corpus/proto/googleapis/google/api/endpoint.proto
D  tests/frontend_corpus/proto/googleapis/google/api/error_reason.proto
D  tests/frontend_corpus/proto/googleapis/google/api/field_behavior.proto
D  tests/frontend_corpus/proto/googleapis/google/api/field_info.proto
D  tests/frontend_corpus/proto/googleapis/google/api/http.proto
D  tests/frontend_corpus/proto/googleapis/google/api/httpbody.proto
D  tests/frontend_corpus/proto/googleapis/google/api/label.proto
D  tests/frontend_corpus/proto/googleapis/google/api/launch_stage.proto
D  tests/frontend_corpus/proto/googleapis/google/api/log.proto
D  tests/frontend_corpus/proto/googleapis/google/api/logging.proto
D  tests/frontend_corpus/proto/googleapis/google/api/metric.proto
D  tests/frontend_corpus/proto/googleapis/google/api/monitored_resource.proto
D  tests/frontend_corpus/proto/googleapis/google/api/monitoring.proto
D  tests/frontend_corpus/proto/googleapis/google/api/policy.proto
D  tests/frontend_corpus/proto/googleapis/google/api/quota.proto
D  tests/frontend_corpus/proto/googleapis/google/api/resource.proto
D  tests/frontend_corpus/proto/googleapis/google/api/routing.proto
D  tests/frontend_corpus/proto/googleapis/google/api/service.proto
D  tests/frontend_corpus/proto/googleapis/google/api/source_info.proto
D  tests/frontend_corpus/proto/googleapis/google/api/system_parameter.proto
D  tests/frontend_corpus/proto/googleapis/google/api/usage.proto
D  tests/frontend_corpus/proto/googleapis/google/api/visibility.proto
D  tests/frontend_corpus/proto/googleapis/google/rpc/code.proto
D  tests/frontend_corpus/proto/googleapis/google/rpc/context/attribute_context.proto
D  tests/frontend_corpus/proto/googleapis/google/rpc/context/audit_context.proto
D  tests/frontend_corpus/proto/googleapis/google/rpc/error_details.proto
D  tests/frontend_corpus/proto/googleapis/google/rpc/http.proto
D  tests/frontend_corpus/proto/googleapis/google/rpc/status.proto
D  tests/frontend_corpus/proto/grpc/grpc/binlog/v1/binarylog.proto
D  tests/frontend_corpus/proto/grpc/grpc/binlog/v1alpha/binarylog.proto
D  tests/frontend_corpus/proto/grpc/grpc/channelz/v1/channelz.proto
D  tests/frontend_corpus/proto/grpc/grpc/core/stats.proto
D  tests/frontend_corpus/proto/grpc/grpc/examples/helloworld.proto
D  tests/frontend_corpus/proto/grpc/grpc/gcp/altscontext.proto
D  tests/frontend_corpus/proto/grpc/grpc/gcp/handshaker.proto
D  tests/frontend_corpus/proto/grpc/grpc/gcp/transport_security_common.proto
D  tests/frontend_corpus/proto/grpc/grpc/health/v1/health.proto
D  tests/frontend_corpus/proto/grpc/grpc/lb/v1/load_balancer.proto
D  tests/frontend_corpus/proto/grpc/grpc/lb/v1/load_reporter.proto
D  tests/frontend_corpus/proto/grpc/grpc/lookup/v1/rls.proto
D  tests/frontend_corpus/proto/grpc/grpc/lookup/v1/rls_config.proto
D  tests/frontend_corpus/proto/grpc/grpc/reflection/v1/reflection.proto
D  tests/frontend_corpus/proto/grpc/grpc/reflection/v1alpha/reflection.proto
D  tests/frontend_corpus/proto/grpc/grpc/service_config/service_config.proto
D  tests/frontend_corpus/proto/grpc/grpc/testing/benchmark_service.proto
D  tests/frontend_corpus/proto/grpc/grpc/testing/control.proto
D  tests/frontend_corpus/proto/grpc/grpc/testing/empty.proto
D  tests/frontend_corpus/proto/grpc/grpc/testing/messages.proto
D  tests/frontend_corpus/proto/grpc/grpc/testing/payloads.proto
D  tests/frontend_corpus/proto/grpc/grpc/testing/report_qps_scenario_service.proto
D  tests/frontend_corpus/proto/grpc/grpc/testing/stats.proto
D  tests/frontend_corpus/proto/grpc/grpc/testing/test.proto
D  tests/frontend_corpus/proto/grpc/grpc/testing/worker_service.proto
D  tests/frontend_corpus/proto/grpc/grpc/testing/xdsconfig/xdsconfig.proto
D  tests/frontend_corpus/proto/otel/opentelemetry/proto/collector/logs/v1/logs_service.proto
D  tests/frontend_corpus/proto/otel/opentelemetry/proto/collector/metrics/v1/metrics_service.proto
D  tests/frontend_corpus/proto/otel/opentelemetry/proto/collector/profiles/v1development/profiles_service.proto
D  tests/frontend_corpus/proto/otel/opentelemetry/proto/collector/trace/v1/trace_service.proto
D  tests/frontend_corpus/proto/otel/opentelemetry/proto/common/v1/common.proto
D  tests/frontend_corpus/proto/otel/opentelemetry/proto/logs/v1/logs.proto
D  tests/frontend_corpus/proto/otel/opentelemetry/proto/metrics/v1/metrics.proto
D  tests/frontend_corpus/proto/otel/opentelemetry/proto/profiles/v1development/profiles.proto
D  tests/frontend_corpus/proto/otel/opentelemetry/proto/resource/v1/resource.proto
D  tests/frontend_corpus/proto/otel/opentelemetry/proto/trace/v1/trace.proto
D  tests/frontend_corpus/proto/pgv/validate/validate.proto
D  tests/frontend_corpus/proto/protobuf/google/protobuf/any.proto
D  tests/frontend_corpus/proto/protobuf/google/protobuf/any_test.proto
D  tests/frontend_corpus/proto/protobuf/google/protobuf/api.proto
D  tests/frontend_corpus/proto/protobuf/google/protobuf/compiler/plugin.proto
D  tests/frontend_corpus/proto/protobuf/google/protobuf/cpp_features.proto
D  tests/frontend_corpus/proto/protobuf/google/protobuf/cpp_file_options.proto
D  tests/frontend_corpus/proto/protobuf/google/protobuf/cpp_options.proto
D  tests/frontend_corpus/proto/protobuf/google/protobuf/descriptor.proto
D  tests/frontend_corpus/proto/protobuf/google/protobuf/duration.proto
D  tests/frontend_corpus/proto/protobuf/google/protobuf/edition_unittest.proto
D  tests/frontend_corpus/proto/protobuf/google/protobuf/empty.proto
D  tests/frontend_corpus/proto/protobuf/google/protobuf/field_mask.proto
D  tests/frontend_corpus/proto/protobuf/google/protobuf/internal_metadata_locator_test.proto
D  tests/frontend_corpus/proto/protobuf/google/protobuf/internal_options.proto
D  tests/frontend_corpus/proto/protobuf/google/protobuf/java_features.proto
D  tests/frontend_corpus/proto/protobuf/google/protobuf/java_mutable_features.proto
D  tests/frontend_corpus/proto/protobuf/google/protobuf/json_enumvalue_options.proto
D  tests/frontend_corpus/proto/protobuf/google/protobuf/json_options.proto
D  tests/frontend_corpus/proto/protobuf/google/protobuf/late_loaded_option.proto
D  tests/frontend_corpus/proto/protobuf/google/protobuf/late_loaded_option_user.proto
D  tests/frontend_corpus/proto/protobuf/google/protobuf/map_lite_unittest.proto
D  tests/frontend_corpus/proto/protobuf/google/protobuf/map_proto2_unittest.proto
D  tests/frontend_corpus/proto/protobuf/google/protobuf/map_proto3_unittest.proto
D  tests/frontend_corpus/proto/protobuf/google/protobuf/map_unittest.proto
D  tests/frontend_corpus/proto/protobuf/google/protobuf/only_one_enum_test.proto
D  tests/frontend_corpus/proto/protobuf/google/protobuf/sample_messages_edition.proto
D  tests/frontend_corpus/proto/protobuf/google/protobuf/source_context.proto
D  tests/frontend_corpus/proto/protobuf/google/protobuf/struct.proto
D  tests/frontend_corpus/proto/protobuf/google/protobuf/test_messages_proto2.proto
D  tests/frontend_corpus/proto/protobuf/google/protobuf/test_messages_proto3.proto
D  tests/frontend_corpus/proto/protobuf/google/protobuf/timestamp.proto
D  tests/frontend_corpus/proto/protobuf/google/protobuf/type.proto
D  tests/frontend_corpus/proto/protobuf/google/protobuf/unittest.proto
D  tests/frontend_corpus/proto/protobuf/google/protobuf/unittest_arena.proto
D  tests/frontend_corpus/proto/protobuf/google/protobuf/unittest_custom_features.proto
D  tests/frontend_corpus/proto/protobuf/google/protobuf/unittest_custom_options.proto
D  tests/frontend_corpus/proto/protobuf/google/protobuf/unittest_custom_options_unlinked.proto
D  tests/frontend_corpus/proto/protobuf/google/protobuf/unittest_delimited.proto
D  tests/frontend_corpus/proto/protobuf/google/protobuf/unittest_delimited_import.proto
D  tests/frontend_corpus/proto/protobuf/google/protobuf/unittest_drop_unknown_fields.proto
D  tests/frontend_corpus/proto/protobuf/google/protobuf/unittest_embed_optimize_for.proto
D  tests/frontend_corpus/proto/protobuf/google/protobuf/unittest_empty.proto
D  tests/frontend_corpus/proto/protobuf/google/protobuf/unittest_enormous_descriptor.proto
D  tests/frontend_corpus/proto/protobuf/google/protobuf/unittest_extension_set.proto
D  tests/frontend_corpus/proto/protobuf/google/protobuf/unittest_features.proto
D  tests/frontend_corpus/proto/protobuf/google/protobuf/unittest_fuzz_extensions.proto
D  tests/frontend_corpus/proto/protobuf/google/protobuf/unittest_import.proto
D  tests/frontend_corpus/proto/protobuf/google/protobuf/unittest_import_lite.proto
D  tests/frontend_corpus/proto/protobuf/google/protobuf/unittest_import_option.proto
D  tests/frontend_corpus/proto/protobuf/google/protobuf/unittest_import_public.proto
D  tests/frontend_corpus/proto/protobuf/google/protobuf/unittest_import_public_lite.proto
D  tests/frontend_corpus/proto/protobuf/google/protobuf/unittest_invalid_features.proto
D  tests/frontend_corpus/proto/protobuf/google/protobuf/unittest_lazy_dependencies.proto
D  tests/frontend_corpus/proto/protobuf/google/protobuf/unittest_lazy_dependencies_custom_option.proto
D  tests/frontend_corpus/proto/protobuf/google/protobuf/unittest_lazy_dependencies_enum.proto
D  tests/frontend_corpus/proto/protobuf/google/protobuf/unittest_legacy_features.proto
D  tests/frontend_corpus/proto/protobuf/google/protobuf/unittest_lite.proto
D  tests/frontend_corpus/proto/protobuf/google/protobuf/unittest_lite_edition_2024.proto
D  tests/frontend_corpus/proto/protobuf/google/protobuf/unittest_lite_imports_nonlite.proto
D  tests/frontend_corpus/proto/protobuf/google/protobuf/unittest_mset.proto
D  tests/frontend_corpus/proto/protobuf/google/protobuf/unittest_mset_wire_format.proto
D  tests/frontend_corpus/proto/protobuf/google/protobuf/unittest_no_field_presence.proto
D  tests/frontend_corpus/proto/protobuf/google/protobuf/unittest_no_generic_services.proto
D  tests/frontend_corpus/proto/protobuf/google/protobuf/unittest_optimize_for.proto
D  tests/frontend_corpus/proto/protobuf/google/protobuf/unittest_preserve_unknown_enum.proto
D  tests/frontend_corpus/proto/protobuf/google/protobuf/unittest_preserve_unknown_enum2.proto
D  tests/frontend_corpus/proto/protobuf/google/protobuf/unittest_proto3.proto
D  tests/frontend_corpus/proto/protobuf/google/protobuf/unittest_proto3_arena.proto
D  tests/frontend_corpus/proto/protobuf/google/protobuf/unittest_proto3_arena_lite.proto
D  tests/frontend_corpus/proto/protobuf/google/protobuf/unittest_proto3_bad_macros.proto
D  tests/frontend_corpus/proto/protobuf/google/protobuf/unittest_proto3_extensions.proto
D  tests/frontend_corpus/proto/protobuf/google/protobuf/unittest_proto3_lite.proto
D  tests/frontend_corpus/proto/protobuf/google/protobuf/unittest_proto3_optional.proto
D  tests/frontend_corpus/proto/protobuf/google/protobuf/unittest_redaction.proto
D  tests/frontend_corpus/proto/protobuf/google/protobuf/unittest_retention.proto
D  tests/frontend_corpus/proto/protobuf/google/protobuf/unittest_string_type.proto
D  tests/frontend_corpus/proto/protobuf/google/protobuf/unittest_string_view.proto
D  tests/frontend_corpus/proto/protobuf/google/protobuf/unittest_utf8_string_extensions.proto
D  tests/frontend_corpus/proto/protobuf/google/protobuf/unittest_well_known_types.proto
D  tests/frontend_corpus/proto/protobuf/google/protobuf/wrappers.proto
D  tests/frontend_corpus/proto/xds/udpa/annotations/migrate.proto
D  tests/frontend_corpus/proto/xds/udpa/annotations/sensitive.proto
D  tests/frontend_corpus/proto/xds/udpa/annotations/status.proto
D  tests/frontend_corpus/proto/xds/udpa/annotations/versioning.proto
D  tests/frontend_corpus/proto/xds/xds/annotations/v3/status.proto
D  tests/frontend_corpus/proto/xds/xds/core/v3/context_params.proto
D  tests/fuzz_parse.rs
D  tests/generated_json.rs
D  tests/generated_oneof.rs
D  tests/generated_scalars.rs
D  tests/generated_text.rs
D  tests/generated_wkt.rs
D  tests/google_gen/bad_names.rs
D  tests/google_gen/child.rs
D  tests/google_gen/edition2023.rs
D  tests/google_gen/enums.rs
D  tests/google_gen/feature_verify.rs
D  tests/google_gen/fields_with_imported_types.rs
D  tests/google_gen/import_public.rs
D  tests/google_gen/import_public2.rs
D  tests/google_gen/import_public_grandparent.rs
D  tests/google_gen/import_public_non_primary_src1.rs
D  tests/google_gen/import_public_non_primary_src2.rs
D  tests/google_gen/import_public_primary_src.rs
D  tests/google_gen/imported_types.rs
D  tests/google_gen/map_unittest.rs
D  tests/google_gen/nested.rs
D  tests/google_gen/no_features_proto2.rs
D  tests/google_gen/no_features_proto3.rs
D  tests/google_gen/no_package.rs
D  tests/google_gen/no_package_import.rs
D  tests/google_gen/package.rs
D  tests/google_gen/package_import.rs
D  tests/google_gen/parent.rs
D  tests/google_gen/unittest.rs
D  tests/google_gen/unittest_import.rs
D  tests/google_gen/unittest_proto3.rs
D  tests/google_gen/unittest_proto3_optional.rs
D  tests/google_shared.rs
D  tests/interop/README.md
D  tests/interop/__pycache__/test_report.cpython-314.pyc
D  tests/interop/__pycache__/test_runner.cpython-314.pyc
D  tests/interop/__pycache__/test_soak.cpython-314.pyc
D  tests/interop/__pycache__/test_upstream_cases.cpython-314.pyc
D  tests/interop/cases.json
D  tests/interop/cases.schema.json
D  tests/interop/cpp/README.md
D  tests/interop/go/go.mod
D  tests/interop/go/go.sum
D  tests/interop/go/orcagolden/main.go
D  tests/interop/go/xxhcheck/main.go
D  tests/interop/qps_go_accounting_test.go
D  tests/interop/test_bench_matrix.py
D  tests/interop/test_conformance_summary.py
D  tests/interop/test_cpp_runner.py
D  tests/interop/test_http2_peer_proof.py
D  tests/interop/test_http2_probe_status.py
D  tests/interop/test_qps_go_overlay.py
D  tests/interop/test_qps_proof.py
D  tests/interop/test_report.py
D  tests/interop/test_runner.py
D  tests/interop/test_soak.py
D  tests/interop/test_stack_matrix.py
D  tests/interop/test_upstream_cases.py
D  tests/interop/test_upstream_http2_probe_report.py
D  tests/interop/tonic/Cargo.lock
D  tests/interop/tonic/Cargo.toml
D  tests/interop/tonic/build.rs
D  tests/interop/tonic/src/main.rs
D  tests/interop/tonic/tests/example_ports.rs
D  tests/interop/tonic/tests/transport_clients.rs
D  tests/interop/tonic/tests/transport_services.rs
D  tests/json_text_ext.rs
D  tests/onboarding.rs
D  tests/package_consumer.rs
D  tests/pbrs_build.rs
D  tests/plugin.rs
D  tests/runtime.rs
D  tests/string_arm.rs
D  tests/support/generated_consumer.rs
D  tests/support/wkt_consumer.rs
D  tests/table_parse.rs
D  tests/test_current_h2_soak.py
D  tests/test_devloop_wrapper.py
D  tests/test_perf_report.py
D  tests/test_plan_lint.py
D  tests/test_plan_status.py
D  tests/test_publish_script.py
D  tests/test_regen_generated.py
D  tests/test_shared_consumer_report.py
D  tests/typed.rs
D  tests/upb_kernel.rs
D  tests/upb_kernel/arena.rs
D  tests/upb_kernel/array.rs
D  tests/upb_kernel/decode.rs
D  tests/upb_kernel/encode.rs
D  tests/upb_kernel/extension.rs
D  tests/upb_kernel/layout.rs
D  tests/upb_kernel/map.rs
D  tests/upb_kernel/mini_table.rs
D  tests/upb_kernel/reflect.rs
D  tonic-bench/Cargo.lock
D  tonic-bench/Cargo.toml
D  tonic-bench/build.rs
D  tonic-bench/checked_v4/README.md
D  tonic-bench/checked_v4/codec_cases.proto
D  tonic-bench/checked_v4/codec_cases.u.pb.rs
D  tonic-bench/checked_v4/generated.rs
D  tonic-bench/checked_v4/manifest.json
D  tonic-bench/src/main.rs
D  tonic-bench/test_checked_v4.py
D  v4_person/Cargo.lock
D  v4_person/Cargo.toml
D  v4_person/build.rs
D  v4_person/src/lib.rs
D  v4_tat/Cargo.lock
D  v4_tat/Cargo.toml
D  v4_tat/build.rs
D  v4_tat/src/lib.rs
D  vendor/google/LICENSE
D  vendor/google/PIN
D  vendor/google/README.md
D  vendor/google/SHA
D  vendor/google/conformance/failure_list_rust_upb.txt
D  vendor/google/conformance/text_format_failure_list_rust_upb.txt
D  vendor/google/conformance_fds.bin
D  vendor/google/rust-tests/shared/accessors_map_test.rs
D  vendor/google/rust-tests/shared/accessors_proto3_test.rs
D  vendor/google/rust-tests/shared/accessors_repeated_test.rs
D  vendor/google/rust-tests/shared/accessors_test.rs
D  vendor/google/rust-tests/shared/bad_names_test.rs
D  vendor/google/rust-tests/shared/child_parent_test.rs
D  vendor/google/rust-tests/shared/ctype_cord_test.rs
D  vendor/google/rust-tests/shared/edition2023_test.rs
D  vendor/google/rust-tests/shared/enum_test.rs
D  vendor/google/rust-tests/shared/extensions_test.rs
D  vendor/google/rust-tests/shared/fields_with_imported_types_test.rs
D  vendor/google/rust-tests/shared/gtest_matchers_test.rs
D  vendor/google/rust-tests/shared/import_public_test.rs
D  vendor/google/rust-tests/shared/message_copy_merge_test.rs
D  vendor/google/rust-tests/shared/message_generics_test.rs
D  vendor/google/rust-tests/shared/nested_types_test.rs
D  vendor/google/rust-tests/shared/no_internal_access_test.rs
D  vendor/google/rust-tests/shared/package_disambiguation_test.rs
D  vendor/google/rust-tests/shared/package_test.rs
D  vendor/google/rust-tests/shared/proto_macro_test.rs
D  vendor/google/rust-tests/shared/serialization_test.rs
D  vendor/google/rust-tests/shared/simple_nested_test.rs
D  vendor/google/rust-tests/shared/threading_test.rs
D  vendor/google/rust-tests/shared/utf8/feature_verify.proto
D  vendor/google/rust-tests/shared/utf8/no_features_proto2.proto
D  vendor/google/rust-tests/shared/utf8/no_features_proto3.proto
D  vendor/google/rust-tests/shared/utf8/utf8_test.rs
D  vendor/google/rust/test/bad_names.proto
D  vendor/google/rust/test/child.proto
D  vendor/google/rust/test/dots_in_package.proto
D  vendor/google/rust/test/edition2023.proto
D  vendor/google/rust/test/enums.proto
D  vendor/google/rust/test/extensions.proto
D  vendor/google/rust/test/extensions_separate_file.proto
D  vendor/google/rust/test/fields_with_imported_types.proto
D  vendor/google/rust/test/import_public.proto
D  vendor/google/rust/test/import_public2.proto
D  vendor/google/rust/test/import_public_grandparent.proto
D  vendor/google/rust/test/import_public_non_primary_src1.proto
D  vendor/google/rust/test/import_public_non_primary_src2.proto
D  vendor/google/rust/test/import_public_primary_src.proto
D  vendor/google/rust/test/imported_types.proto
D  vendor/google/rust/test/map_unittest.proto
D  vendor/google/rust/test/nested.proto
D  vendor/google/rust/test/no_package.proto
D  vendor/google/rust/test/no_package_import.proto
D  vendor/google/rust/test/no_package_other.proto
D  vendor/google/rust/test/package.proto
D  vendor/google/rust/test/package_import.proto
D  vendor/google/rust/test/package_other.proto
D  vendor/google/rust/test/package_other_different.proto
D  vendor/google/rust/test/parent.proto
D  vendor/google/rust/test/unittest.proto
D  vendor/google/rust/test/unittest_import.proto
D  vendor/google/rust/test/unittest_proto3.proto
D  vendor/google/rust/test/unittest_proto3_optional.proto
