# callgrind format
version: 1
creator: callgrind-3.24.0
pid: 148399
cmd:  /workspace/scratch/work/sv09/work/bin/devloop-before run-cell rpc.prost.unary --iters 400 --prepare-iters 400
part: 1


desc: I1 cache: 
desc: D1 cache: 
desc: LL cache: 

desc: Timerange: Basic block 0 - 16683492
desc: Trigger: Program termination

positions: line
events: Ir
summary: 52209839


ob=(5) /workspace/pure-protobuf/work/toolchain/deb/usr/libexec/valgrind/vgpreload_core-amd64-linux.so
fl=(5) ???
fn=(7978) 0x0000000000001050
0 5

fn=(7968) 0x00000000000010c0
0 9
cob=(4) ???
cfi=(4) ???
cfn=(7974) 0x000000000483b030
calls=1 0 
0 72
0 1
cfn=(7978)
calls=1 0 
0 5
0 3

fn=(4010) 0x0000000000001100
0 12

ob=(7) /workspace/scratch/work/sv09/work/bin/devloop-before
fl=(7) ???
fn=(4168) std::rt::lang_start_internal
0 37
cob=(2) /usr/lib/x86_64-linux-gnu/libc.so.6
cfi=(2) ???
cfn=(4170) poll
calls=1 0 
0 28
0 37
cob=(2)
cfi=(2)
cfn=(4184) signal
calls=1 0 
0 124
0 4
cob=(2)
cfi=(2)
cfn=(4190) sysconf
calls=1 0 
0 52
0 8
cob=(2)
cfi=(2)
cfn=(4194) pthread_self
calls=1 0 
0 2
0 3
cob=(2)
cfi=(2)
cfn=(4196) pthread_getattr_np
calls=1 0 
0 98306
0 11
cob=(2)
cfi=(2)
cfn=(5006) pthread_attr_getstack
calls=1 0 
0 8
0 6
cob=(2)
cfi=(2)
cfn=(5008) pthread_attr_destroy
calls=1 0 
0 144
0 35
cob=(2)
cfi=(2)
cfn=(4186) sigaction
calls=1 0 
0 68
0 8
cfn=(5010) std::sys::pal::unix::stack_overflow::imp::make_handler
calls=1 0 
0 240
0 5
cfn=(5020) std::sys::pal::unix::stack_overflow::thread_info::set_current_info
calls=1 0 
0 482
0 8
cob=(2)
cfi=(2)
cfn=(4186)
calls=1 0 
0 68
0 4
cob=(2)
cfi=(2)
cfn=(4186)
calls=1 0 
0 68
0 12
cob=(2)
cfi=(2)
cfn=(4186)
calls=1 0 
0 68
0 7
cfn=(5032) std::rt::lang_start::<()>::{closure#0}
calls=1 0 
0 14535301
0 5
cob=(2)
cfi=(2)
cfn=(5030) __errno_location
calls=1 0 
0 3
0 22
cfn=(6196) <std::sys::sync::once::futex::Once>::call
calls=1 0 
0 155
0 1

fn=(5120) std::thread::functions::available_parallelism
0 10
cob=(2)
cfi=(2)
cfn=(4206) malloc
calls=1 0 
0 187
0 51
cfn=(5122) <std::sys::fs::unix::File>::open_c
calls=1 0 
0 109
0 6
cfn=(5126) std::fs::buffer_capacity_required
calls=1 0 
0 166
0 11
cfn=(5134) alloc::io::read::default_read_to_end::<&std::fs::File>
calls=1 0 
0 221
0 4
cob=(2)
cfi=(2)
cfn=(5138) close
calls=1 0 
0 30
0 117
cob=(2)
cfi=(2)
cfn=(4916) free
calls=1 0 
0 65
0 15
cob=(2)
cfi=(2)
cfn=(5164) sched_getaffinity
calls=1 0 
0 40
0 158
cob=(2)
cfi=(2)
cfn=(4206)
calls=1 0 
0 187
0 10
cob=(2)
cfi=(2)
cfn=(4206)
calls=1 0 
0 190
0 37
cfn=(5140) std::sys::fs::metadata
calls=1 0 
0 252
0 4
cfn=(5142) <std::path::PathBuf>::pop
calls=1 0 
0 425
0 13
cfn=(5150) <std::path::Path>::_starts_with
calls=1 0 
0 1143
0 7
cfn=(5150)
calls=1 0 
0 901
0 33
cob=(2)
cfi=(2)
cfn=(4532) 0x0000000000162b40
calls=1 0 
0 10
0 66
cfn=(5122)
calls=1 0 
0 109
0 10
cfn=(5160) <&std::fs::File as alloc::io::read::Read>::read_to_string
calls=1 0 
0 574
0 4
cob=(2)
cfi=(2)
cfn=(5138)
calls=1 0 
0 30
0 4
cfn=(5142)
calls=1 0 
0 359
0 2
cfn=(5142)
calls=1 0 
0 331
0 395
cob=(2)
cfi=(2)
cfn=(4916)
calls=1 0 
0 65
0 4
cob=(2)
cfi=(2)
cfn=(4916)
calls=1 0 
0 65
0 2

fn=(5192) <std::sys::pal::unix::time::Timespec>::now
0 71580
cob=(2)
cfi=(2)
cfn=(5194) clock_gettime
calls=11930 0 
0 119300
0 119300

fn=(5496) <std::sys::thread::unix::Thread>::new
0 44
cob=(2)
cfi=(2)
cfn=(4198) pthread_attr_init
calls=4 0 
0 72
0 44
cob=(2)
cfi=(2)
cfn=(5558) __pthread_get_minstack
calls=4 0 
0 48
0 24
cob=(2)
cfi=(2)
cfn=(5560) pthread_attr_setstacksize
calls=4 0 
0 24
0 32
cob=(2)
cfi=(2)
cfn=(5562) pthread_create
calls=4 0 
0 4945
0 24
cob=(2)
cfi=(2)
cfn=(5008)
calls=4 0 
0 20
0 51
cob=(2)
cfi=(2)
cfn=(5498) dlsym
calls=1 0 
0 1069
0 4

fn=(5972) <tokio::runtime::context::current::SetCurrentGuard as core::ops::drop::Drop>::drop
0 495

fn=(5978) <tokio::runtime::park::CachedParkThread>::waker
0 17
cfn=(5980) <std::sys::thread_local::native::lazy::Storage<tokio::runtime::park::ParkThread, ()>>::get_or_init_slow::<tokio::runtime::park::CURRENT_PARKER::__rust_std_internal_init_fn>
calls=1 0 
0 518
0 2

fn=(5992) <tokio::net::addr::sealed::MaybeReady as core::future::future::Future>::poll
0 50

fn=(6018) <tokio::runtime::scheduler::multi_thread::handle::Handle>::push_remote_task
0 18179

fn=(6026) <core::net::socket_addr::SocketAddrV4 as core::fmt::Display>::fmt
0 138
cfn=(6028) core::fmt::write
calls=6 0 
0 9661
0 24

fn=(6030) <&core::net::ip_addr::Ipv4Addr as core::fmt::Display>::fmt
0 12
cfn=(6032) <core::net::ip_addr::Ipv4Addr as core::fmt::Display>::fmt
calls=6 0 
0 7789

fn=(6038) <core::fmt::Formatter>::pad_integral::write_prefix
0 630

fn=(6060) <core::str::pattern::StrSearcher>::new
0 440
cob=(2)
cfi=(2)
cfn=(5054) 0x00000000001623e0
calls=4 0 
0 36
0 244

fn=(6082) <hashbrown::raw::RawTable<(alloc::string::String, alloc::string::String)>>::reserve_rehash::<hashbrown::map::make_hasher<alloc::string::String, alloc::string::String, std::hash::random::RandomState>::{closure#0}>
0 68
cfn=(6084) <hashbrown::raw::RawTableInner>::fallible_with_capacity::<alloc::alloc::Global>
calls=2 0 
0 570
0 76
cfn=(6078) <std::hash::random::RandomState as core::hash::BuildHasher>::hash_one::<&alloc::string::String>
calls=3 0 
0 583
0 142
cob=(2)
cfi=(2)
cfn=(4916)
calls=1 0 
0 65
0 20

fn=(6092) __rustc::__rust_alloc
0 22
cob=(2)
cfi=(2)
cfn=(4206)
calls=2 0 
0 402
0 16

fn=(6186) <hashbrown::raw::RawTableInner>::new_uninitialized::<alloc::alloc::Global>
0 29
cob=(2)
cfi=(2)
cfn=(4206)
calls=1 0 
0 41
0 27

fn=(6194) <std::sync::once_lock::OnceLock<alloc::sync::Arc<pbrs_grpc::channelz::model::Registry>>>::initialize::<<std::sync::once_lock::OnceLock<alloc::sync::Arc<pbrs_grpc::channelz::model::Registry>>>::get_or_init<<pbrs_grpc::channelz::model::Registry>::global_shared::{closure#0}>::{closure#0}, !>
0 17
cfn=(6196)
calls=1 0 
0 330
0 2

fn=(6282) <tokio::runtime::io::scheduled_io::ScheduledIo>::wake
0 72362
cfn=(6366) tokio::runtime::park::wake
calls=1 0 
0 63
cfn=(6284) tokio::runtime::task::waker::wake_by_val
calls=884 0 
0 75971
0 16228

fn=(6354) <tokio::runtime::time::handle::Handle>::reregister
0 165
cfn=(6356) <mio::sys::unix::waker::Waker>::wake
calls=1 0 
0 85
0 38

fn=(6362) <tokio::runtime::park::Inner>::park
0 35795
cob=(2)
cfi=(2)
cfn=(5956) syscall
calls=639 0 
0 7029
0 21734

fn=(6400) pbrs_grpc::server::accept::accept_loop_with_slots::<pbrs_grpc::server::router::Router, core::future::pending::Pending<()>>::{closure#0}::{closure#2}
0 25000
cfn=(6402) pbrs_grpc::tcp::tune
calls=1 0 
0 1019
0 9
cfn=(6010) <std::sys::net::connection::socket::TcpStream>::socket_addr
calls=1 0 
0 45
0 6467
cob=(2)
cfi=(2)
cfn=(4532)
calls=1 0 
0 64
0 16
cob=(2)
cfi=(2)
cfn=(4532)
calls=1 0 
0 64
0 5
cob=(2)
cfi=(2)
cfn=(4532)
calls=1 0 
0 64
0 57
cob=(2)
cfi=(2)
cfn=(4532)
calls=1 0 
0 64
0 13
cob=(2)
cfi=(2)
cfn=(4532)
calls=1 0 
0 64
0 3
cfn=(6406) <pbrs_grpc::config::ServerConfig>::h2_builder
calls=1 0 
0 63
0 7
cob=(2)
cfi=(2)
cfn=(4206)
calls=1 0 
0 223
0 15
cob=(2)
cfi=(2)
cfn=(4532)
calls=1 0 
0 29
0 13
cob=(2)
cfi=(2)
cfn=(4532)
calls=1 0 
0 29
0 17
cob=(2)
cfi=(2)
cfn=(4532)
calls=1 0 
0 304
0 5759
cfn=(6408) pbrs_grpc::server::connection::wait_for_drain::{closure#0}
calls=3 0 
0 786
0 27
cfn=(6414) <pbrs_grpc::rt::TokioRuntime as pbrs_grpc::rt::Runtime>::timeout::<<pbrs_grpc::transport::h2::ServerBuilder as pbrs_grpc::transport::ServerBuilder>::handshake<tokio::net::tcp::stream::TcpStream>::{closure#0}>::{closure#0}
calls=3 0 
0 9161
0 14
cob=(2)
cfi=(2)
cfn=(4532)
calls=1 0 
0 160
0 6
cob=(2)
cfi=(2)
cfn=(4532)
calls=1 0 
0 160
0 3
cfn=(6482) core::ptr::drop_glue::<(<pbrs_grpc::rt::TokioRuntime as pbrs_grpc::rt::Runtime>::timeout<<pbrs_grpc::transport::h2::ServerBuilder as pbrs_grpc::transport::ServerBuilder>::handshake<tokio::net::tcp::stream::TcpStream>::{closure#0}>::{closure#0}, pbrs_grpc::server::connection::wait_for_drain::{closure#0})>
calls=1 0 
0 154
0 15
cob=(2)
cfi=(2)
cfn=(4532)
calls=1 0 
0 160
0 41
cfn=(6488) <pbrs_grpc::channelz::model::Registry>::global_shared
calls=1 0 
0 10
0 27
cfn=(6210) <pbrs_grpc::channelz::model::Registry>::register_socket
calls=1 0 
0 7463
0 42
cfn=(6490) <h2::proto::ping_pong::PingPong>::take_user_pings
calls=1 0 
0 75
0 6
cfn=(6492) pbrs_grpc::keepalive::spawn_in::<pbrs_grpc::rt::TokioRuntime>
calls=1 0 
0 28
0 5
cfn=(5192)
calls=1 0 
0 26
0 3
cfn=(6494) <pbrs_grpc::keepalive::Busy>::new
calls=1 0 
0 57
0 67157
cfn=(6496) <pbrs_grpc::transport::h2::ServerConnection<tokio::net::tcp::stream::TcpStream> as pbrs_grpc::transport::ServerConnection>::poll_accept
calls=1205 0 
0 9267949
0 12856
cob=(2)
cfi=(2)
cfn=(4532)
calls=401 0 
0 20852
0 8038
cfn=(6408)
calls=804 0 
0 170598
0 37788
cfn=(6560) <core::pin::Pin<&mut pbrs_grpc::keepalive::wait_opt::{closure#0}> as core::future::future::Future>::poll
calls=804 0 
0 16888
0 5622
cob=(2)
cfi=(2)
cfn=(4532)
calls=401 0 
0 20852
0 1203
cfn=(6938) core::ptr::drop_glue::<(core::future::poll_fn::PollFn<<pbrs_grpc::transport::h2::ServerConnection<tokio_rustls::server::TlsStream<tokio::net::tcp::stream::TcpStream>> as pbrs_grpc::transport::ServerConnection>::accept::{closure#0}>, <pbrs_grpc::keepalive::Busy>::notified::{closure#0}, &mut core::pin::Pin<&mut pbrs_grpc::server::connection::wait_for_drain::{closure#0}>, pbrs_grpc::server::connection::sleep_until_opt<pbrs_grpc::rt::TokioRuntime>::{closure#0}, pbrs_grpc::server::connection::sleep_until_opt<pbrs_grpc::rt::TokioRuntime>::{closure#0}, pbrs_grpc::server::connection::sleep_until_opt<pbrs_grpc::rt::TokioRuntime>::{closure#0}, &mut core::pin::Pin<&mut pbrs_grpc::keepalive::wait_opt::{closure#0}>)>
calls=401 0 
0 6416
0 5213
cob=(2)
cfi=(2)
cfn=(4532)
calls=401 0 
0 20852
0 2406
cob=(2)
cfi=(2)
cfn=(4532)
calls=401 0 
0 11629
0 4411
cfn=(6940) pbrs_grpc::wire::headers::check_request
calls=401 0 
0 154385
0 3208
cfn=(6742) <http::header::map::HeaderMap>::get::<http::header::name::HeaderName>
calls=401 0 
0 59749
0 35288
cob=(2)
cfi=(2)
cfn=(4532)
calls=401 0 
0 24862
0 3208
cob=(2)
cfi=(2)
cfn=(4532)
calls=401 0 
0 11629
0 20050
cob=(2)
cfi=(2)
cfn=(4532)
calls=401 0 
0 117092
0 4411
cob=(2)
cfi=(2)
cfn=(4532)
calls=401 0 
0 117092
0 8020
cob=(2)
cfi=(2)
cfn=(4532)
calls=401 0 
0 116290
0 5213
cob=(2)
cfi=(2)
cfn=(4532)
calls=401 0 
0 117092
0 4010
cob=(2)
cfi=(2)
cfn=(5224) posix_memalign
calls=401 0 
0 267151
0 5608
cob=(2)
cfi=(2)
cfn=(4532)
calls=400 0 
0 121600
0 4
cob=(2)
cfi=(2)
cfn=(4532)
calls=1 0 
0 304
0 1604
cfn=(6014) <tokio::runtime::task::list::OwnedTasks<alloc::sync::Arc<tokio::runtime::scheduler::current_thread::Handle>>>::bind_inner
calls=401 0 
0 33032
0 4812
cfn=(6016) <tokio::runtime::scheduler::multi_thread::handle::Handle>::schedule_task
calls=401 0 
0 20852
0 6416

fn=(6408)
0 38031
cfn=(6410) tokio::sync::watch::changed_impl::<bool>::{closure#0}
calls=2 0 
0 474
0 3220
cfn=(6410)
calls=805 0 
0 107870
0 21789

fn=(6424) <h2::codec::framed_write::FramedWrite<tokio::net::tcp::stream::TcpStream, h2::proto::streams::prioritize::Prioritized<bytes::bytes::Bytes>>>::flush
0 80325
cfn=(6448) <h2::codec::framed_write::Encoder<h2::proto::streams::prioritize::Prioritized<bytes::bytes::Bytes>>>::unset_frame
calls=2890 0 
0 83478
0 104306
cfn=(6426) <tokio::net::tcp::stream::TcpStream>::poll_write_vectored_priv
calls=406 0 
0 70635
0 177697
cfn=(6426)
calls=802 0 
0 139548
0 78984

fn=(6454) tokio::runtime::task::waker::drop_waker
0 10328

fn=(6460) <h2::proto::streams::streams::Inner>::new
0 48
cfn=(6462) <h2::proto::streams::flow_control::FlowControl>::inc_window
calls=2 0 
0 38
0 82
cfn=(6462)
calls=2 0 
0 38
0 30
cob=(2)
cfi=(2)
cfn=(4532)
calls=2 0 
0 58
0 74
cob=(2)
cfi=(2)
cfn=(4532)
calls=2 0 
0 128
0 68
cob=(2)
cfi=(2)
cfn=(4206)
calls=2 0 
0 395
0 20
cob=(2)
cfi=(2)
cfn=(4532)
calls=2 0 
0 176
0 18

fn=(6528) <pbrs_grpc::transport::h2::SendRequest as pbrs_grpc::transport::SendRequest>::current_max_send_streams
0 14105

fn=(6534) <tokio_util::codec::length_delimited::LengthDelimitedCodec as tokio_util::codec::decoder::Decoder>::decode
0 43983
cfn=(6536) <bytes::bytes_mut::BytesMut>::split_to
calls=2011 0 
0 89014
0 176015
cob=(2)
cfi=(2)
cfn=(4532)
calls=2011 0 
0 34187
0 81912
cfn=(6618) <bytes::bytes_mut::BytesMut>::reserve_inner
calls=114 0 
0 17292
0 36592

fn=(6562) <tokio::runtime::scheduler::multi_thread::park::Unparker>::unpark
0 22948
cob=(2)
cfi=(2)
cfn=(5956)
calls=395 0 
0 4345
0 2315
cfn=(6356)
calls=463 0 
0 39355
0 3246

fn=(6564) core::ptr::drop_glue::<pbrs_grpc::client::pool::finish_h2<tokio::net::tcp::stream::TcpStream>::{closure#0}>
0 21

fn=(6572) tokio::runtime::park::drop_waker
0 2849

fn=(6574) pbrs_grpc::client::pool::register_channel_for
0 10
cfn=(6576) <pbrs_grpc::client::pool::Endpoint>::describe
calls=1 0 
0 95
0 16
cob=(2)
cfi=(2)
cfn=(4206)
calls=1 0 
0 41
0 10
cob=(2)
cfi=(2)
cfn=(4532)
calls=1 0 
0 12
0 13
cob=(2)
cfi=(2)
cfn=(4206)
calls=1 0 
0 41
0 10
cob=(2)
cfi=(2)
cfn=(4532)
calls=1 0 
0 12
0 2
cfn=(5192)
calls=1 0 
0 26
0 36
cob=(2)
cfi=(2)
cfn=(4206)
calls=1 0 
0 41
0 10
cob=(2)
cfi=(2)
cfn=(4532)
calls=1 0 
0 29
0 9
cfn=(6134) alloc::fmt::format::format_inner
calls=1 0 
0 492
0 7
cfn=(6202) <pbrs_grpc::channelz::trace::Trace>::log::<alloc::string::String>
calls=1 0 
0 512
0 23
cob=(2)
cfi=(2)
cfn=(4206)
calls=1 0 
0 201
0 31
cob=(2)
cfi=(2)
cfn=(4916)
calls=1 0 
0 65
0 12

fn=(6586) pbrs_grpc::client::pool::finish_channel
0 29
cob=(2)
cfi=(2)
cfn=(4206)
calls=1 0 
0 38
0 21
cob=(2)
cfi=(2)
cfn=(4206)
calls=1 0 
0 204
0 18
cfn=(6588) bytes::bytes::promotable_even_clone
calls=1 0 
0 97
0 44
cob=(2)
cfi=(2)
cfn=(4532)
calls=1 0 
0 64
0 7
cob=(2)
cfi=(2)
cfn=(4532)
calls=1 0 
0 88
0 8
cob=(2)
cfi=(2)
cfn=(4206)
calls=1 0 
0 193
0 10
cob=(2)
cfi=(2)
cfn=(4532)
calls=1 0 
0 88
0 13
cfn=(6592) pbrs_grpc::client::pool::spawn_idle_watch
calls=1 0 
0 23
0 5
cfn=(6594) pbrs_grpc::client::pool::spawn_age_watch
calls=1 0 
0 23
0 11
cob=(2)
cfi=(2)
cfn=(4206)
calls=1 0 
0 41
0 14
cob=(2)
cfi=(2)
cfn=(4206)
calls=1 0 
0 41
0 17
cob=(2)
cfi=(2)
cfn=(4206)
calls=1 0 
0 41
0 31
cob=(2)
cfi=(2)
cfn=(4206)
calls=1 0 
0 204
0 20
cob=(2)
cfi=(2)
cfn=(4532)
calls=1 0 
0 64
0 38

fn=(6596) core::ptr::drop_glue::<pbrs_grpc::client::pool::connect_inner::{closure#0}>
0 17

fn=(6608) <pbrs_grpc::request::Request<pbrs_grpc::codec::prost::Message<devloop::echo::EchoRequest>>>::into_parts
0 22456
cfn=(6610) core::ptr::drop_glue::<http::extensions::Extensions>
calls=401 0 
0 6817
0 3609

fn=(6626) core::ptr::drop_glue::<alloc::vec::Vec<bytes::bytes::Bytes>>
0 21654

fn=(6630) <core::option::Option<pbrs_grpc::service_config::MethodConfig>>::map::<(core::option::Option<pbrs_grpc::service_config::RetryPolicy>, core::option::Option<pbrs_grpc::service_config::HedgingPolicy>), <pbrs_grpc::client::channel::Channel>::unary<pbrs_grpc::codec::prost::Message<pbrs_adoption_corpus::prost_types::EntityList>, pbrs_grpc::codec::prost::Message<pbrs_adoption_corpus::prost_types::EntityList>>::{closure#0}::{closure#4}>
0 8020

fn=(6646) <tokio::sync::batch_semaphore::Semaphore>::add_permits_locked
0 26065

fn=(6754) <h2::proto::streams::prioritize::Prioritize>::schedule_send
0 49323
cfn=(6814) <h2::proto::streams::store::Queue<h2::proto::streams::stream::NextSend>>::push
calls=1203 0 
0 52531
0 6416
cfn=(6284)
calls=401 0 
0 36491
0 12832

fn=(6764) core::ptr::drop_glue::<h2::client::SendRequest<bytes::bytes::Bytes>>
0 2005
cfn=(6766) core::ptr::drop_glue::<h2::proto::streams::streams::Streams<bytes::bytes::Bytes, h2::client::Peer>>
calls=401 0 
0 20852
0 2411
cfn=(6766)
calls=1 0 
0 56
0 6

fn=(6796) <pbrs_grpc::transport::h2::ResponseFuture as core::future::future::Future>::poll
0 10439
cfn=(6798) <h2::client::ResponseFuture as core::future::future::Future>::poll
calls=803 0 
0 294569
0 22871

fn=(6798)
0 40953
cfn=(6800) <h2::proto::streams::buffer::Deque>::pop_front::<h2::proto::streams::recv::Event>
calls=803 0 
0 52009
0 8839
cfn=(6802) <h2::proto::streams::state::State>::ensure_recv_open
calls=402 0 
0 5628
0 12842
cfn=(6344) tokio::runtime::park::clone
calls=402 0 
0 2010
0 6434
cfn=(6572)
calls=1 0 
0 7
0 22629
cfn=(6762) <h2::proto::streams::streams::OpaqueStreamRef as core::clone::Clone>::clone
calls=401 0 
0 26065
0 10926
cfn=(5954) <std::sys::sync::mutex::futex::Mutex>::lock_contended
calls=125 0 
0 96125
0 1125
cob=(2)
cfi=(2)
cfn=(5956)
calls=125 0 
0 1375
0 7602

fn=(6822) <h2::frame::headers::Iter as core::iter::traits::iterator::Iterator>::next
0 270274
cfn=(6840) core::ptr::drop_glue::<h2::frame::headers::Pseudo>
calls=1203 0 
0 27669
0 1203

fn=(6846) <h2::frame::head::Head>::encode::<bytes::buf::limit::Limit<&mut bytes::bytes_mut::BytesMut>>
0 42105
cob=(2)
cfi=(2)
cfn=(4532)
calls=1203 0 
0 20451
0 44511
cob=(2)
cfi=(2)
cfn=(4532)
calls=1203 0 
0 18045
0 43308
cob=(2)
cfi=(2)
cfn=(4532)
calls=1203 0 
0 18045
0 43308
cob=(2)
cfi=(2)
cfn=(4532)
calls=1203 0 
0 16842
0 25263

fn=(6902) <http::uri::authority::Authority>::from_shared
0 89423

fn=(6908) <http::uri::path::PathAndQuery>::from_shared
0 107468

fn=(6918) <h2::proto::streams::streams::Actions>::reset_on_recv_stream_err::<bytes::bytes::Bytes>
0 48120

fn=(6926) <h2::proto::streams::store::Ptr as core::ops::deref::DerefMut>::deref_mut
0 61353

fn=(6930) core::ptr::drop_glue::<core::option::Option<h2::proto::error::Error>>
0 1604

fn=(6936) <h2::proto::streams::recv::Recv>::take_request
0 9223
cfn=(6800)
calls=401 0 
0 44511
0 3609
cob=(2)
cfi=(2)
cfn=(4532)
calls=401 0 
0 11629
0 2005

fn=(6952) <hashbrown::raw::RawTable<(core::any::TypeId, alloc::boxed::Box<dyn http::extensions::AnyClone + core::marker::Send + core::marker::Sync>)>>::reserve_rehash::<hashbrown::map::make_hasher<core::any::TypeId, alloc::boxed::Box<dyn http::extensions::AnyClone + core::marker::Send + core::marker::Sync>, core::hash::BuildHasherDefault<http::extensions::IdHasher>>::{closure#0}>
0 21253
cob=(2)
cfi=(2)
cfn=(4206)
calls=401 0 
0 16441
0 8806
cob=(2)
cfi=(2)
cfn=(4968) 0x0000000000163540
calls=400 0 
0 4000
0 14
cob=(2)
cfi=(2)
cfn=(4968)
calls=1 0 
0 10
0 8822

fn=(6960) <devloop::ProstNativeEchod as pbrs_grpc::server::dispatch::Service>::call::{closure#0}
0 6817
cob=(2)
cfi=(2)
cfn=(4532)
calls=401 0 
0 49724
0 802
cfn=(6962) <pbrs_grpc::server::rpc::Rpc>::method
calls=401 0 
0 51594
0 5213
cob=(2)
cfi=(2)
cfn=(4532)
calls=401 0 
0 49724
0 2005
cfn=(6964) <pbrs_grpc::server::rpc::Rpc>::unary::<pbrs_grpc::codec::prost::Message<devloop::echo::EchoRequest>, pbrs_grpc::codec::prost::Message<devloop::echo::EchoReply>, <devloop::ProstNativeEchod as pbrs_grpc::server::dispatch::Service>::call::{closure#0}::{closure#0}, <devloop::ProstNativeEchod as pbrs_grpc::server::dispatch::Service>::call::{closure#0}::{closure#0}::{closure#0}>::{closure#0}
calls=401 0 
0 7873998
0 1604
cfn=(7084) core::ptr::drop_glue::<<pbrs_grpc::server::rpc::Rpc>::unary<pbrs_grpc::codec::prost::Message<devloop::echo::EchoRequest>, pbrs_grpc::codec::prost::Message<devloop::echo::EchoReply>, <devloop::ProstNativeEchod as pbrs_grpc::server::dispatch::Service>::call::{closure#0}::{closure#0}, <devloop::ProstNativeEchod as pbrs_grpc::server::dispatch::Service>::call::{closure#0}::{closure#0}::{closure#0}>::{closure#0}>
calls=401 0 
0 6015
0 3609

fn=(6982) <pbrs_grpc::transport::h2::RecvStream as pbrs_grpc::transport::RecvStream>::poll_data
0 20240
cfn=(6984) <h2::share::RecvStream>::poll_data
calls=1840 0 
0 388552
0 37932

fn=(7012) <pbrs_grpc::channelz::model::Registry>::note_messages
0 11228
cfn=(6660) <pbrs_grpc::channelz::model::Registry>::socket
calls=1604 0 
0 96240
0 12030
cfn=(5192)
calls=802 0 
0 20852
0 6416
cfn=(6248) <std::sys::pal::unix::time::Timespec>::sub_timespec
calls=802 0 
0 28872
0 4010
cfn=(5192)
calls=802 0 
0 20852
0 6416
cfn=(6248)
calls=802 0 
0 28872
0 36090

fn=(7022) core::ptr::drop_glue::<h2::share::RecvStream>
0 4010
cfn=(7024) <h2::share::RecvStream as core::ops::drop::Drop>::drop
calls=802 0 
0 87418
0 1604
cfn=(6996) <h2::proto::streams::streams::OpaqueStreamRef as core::ops::drop::Drop>::drop
calls=802 0 
0 202104
0 5614

fn=(7034) <pbrs_grpc::codec::prost::Message<devloop::echo::EchoReply> as pbrs_grpc::codec::CodecMessage>::encode_to_vec
0 8822
cob=(2)
cfi=(2)
cfn=(4206)
calls=401 0 
0 16909
0 5606
cfn=(6622) prost::encoding::varint::encode_varint::<alloc::vec::Vec<u8>>
calls=400 0 
0 13600
0 6
cfn=(6622)
calls=1 0 
0 34
0 4411
cob=(2)
cfi=(2)
cfn=(4532)
calls=401 0 
0 49724
0 6015

fn=(7040) <h2::server::Peer>::convert_send_message
0 5614
cfn=(6610)
calls=401 0 
0 6817
0 10025
cfn=(6716) <http::header::name::StandardHeader>::as_str
calls=401 0 
0 2807
0 24862
cob=(2)
cfi=(2)
cfn=(4532)
calls=401 0 
0 11629
0 3208
cob=(2)
cfi=(2)
cfn=(4532)
calls=401 0 
0 11629
0 5614

fn=(7044) <std::sync::once_lock::OnceLock<pbrs_grpc::metadata::Metadata>>::initialize::<<std::sync::once_lock::OnceLock<pbrs_grpc::metadata::Metadata>>::get_or_init<<pbrs_grpc::metadata::Metadata>::new>::{closure#0}, !>
0 17
cfn=(6196)
calls=1 0 
0 66
0 2

fn=(7050) h2::frame::headers::calculate_headermap_size
0 21654

fn=(7066) core::ptr::drop_glue::<<pbrs_grpc::server::rpc::Rpc>::unary<pbrs_grpc::codec::prost::Message<devloop::echo::EchoRequest>, pbrs_grpc::codec::prost::Message<devloop::echo::EchoReply>, <devloop::ProstNativeEchod as pbrs_grpc::server::dispatch::Service>::call::{closure#0}::{closure#0}, <devloop::ProstNativeEchod as pbrs_grpc::server::dispatch::Service>::call::{closure#0}::{closure#0}::{closure#0}>::{closure#0}::{closure#0}>
0 5213

fn=(7176) <pbrs_grpc::wire::frame_reader::FrameReader>::finish
0 2406

fn=(7178) pbrs_grpc::wire::frame_reader::read_trailers::{closure#0}
0 13233
cfn=(7180) <h2::share::RecvStream>::poll_trailers
calls=401 0 
0 86616
0 24461

fn=(7186) <pbrs_grpc::status::Status>::new::<alloc::string::String>
0 7218

fn=(7188) core::ptr::drop_glue::<pbrs_grpc::wire::frame_reader::finish_unary<pbrs_grpc::codec::prost::Message<devloop::echo::EchoReply>>::{closure#0}>
0 6015

fn=(7190) core::ptr::drop_glue::<(<tokio::sync::watch::Receiver<bool>>::wait_for<pbrs_grpc::client::call::first_of_in<pbrs_grpc::rt::TokioRuntime, pbrs_grpc::request::Response<pbrs_grpc::codec::prost::Message<devloop::echo::EchoReply>>, pbrs_grpc::client::unary::run_unary_inner<pbrs_grpc::codec::prost::Message<devloop::echo::EchoReply>>::{closure#0}::{closure#3}>::{closure#0}::{closure#2}>::{closure#0}, pbrs_grpc::client::unary::run_unary_inner<pbrs_grpc::codec::prost::Message<devloop::echo::EchoReply>>::{closure#0}::{closure#3})>
0 8020
cfn=(6486) <tokio::sync::notify::NotifiedProject>::drop_notified
calls=401 0 
0 34085
0 2005
cfn=(6572)
calls=401 0 
0 2807
0 4812

fn=(7350) <serde_json::ser::Compound<&mut alloc::vec::Vec<u8>, serde_json::ser::CompactFormatter> as serde_core::ser::SerializeStruct>::end
0 16

fn=(7364) core::ptr::drop_glue::<pbrs_grpc::client::pool::ConnSlot>
0 10
cfn=(6764)
calls=1 0 
0 67
0 12
cfn=(7062) <tokio::sync::watch::big_notify::BigNotify>::notify_waiters
calls=1 0 
0 549
0 15
cfn=(7368) <pbrs_grpc::channelz::model::Registry>::unregister_socket
calls=1 0 
0 1455
0 11

fn=(7370) <alloc::collections::btree::node::Handle<alloc::collections::btree::node::NodeRef<alloc::collections::btree::node::marker::Mut, u64, alloc::sync::Arc<pbrs_grpc::channelz::model::SocketEntry>, alloc::collections::btree::node::marker::Leaf>, alloc::collections::btree::node::marker::KV>>::remove_leaf_kv::<<alloc::collections::btree::map::entry::OccupiedEntry<u64, alloc::sync::Arc<pbrs_grpc::channelz::model::SocketEntry>>>::remove_kv::{closure#0}, alloc::alloc::Global>
0 75
cob=(2)
cfi=(2)
cfn=(4532)
calls=3 0 
0 36
0 30
cob=(2)
cfi=(2)
cfn=(4532)
calls=3 0 
0 36
0 129

fn=(7380) <alloc::sync::Arc<pbrs_grpc::channelz::model::SocketEntry>>::drop_slow
0 12
cfn=(7382) core::ptr::drop_glue::<pbrs_grpc::channelz::model::SocketEntry>
calls=3 0 
0 405
0 21
cob=(2)
cfi=(2)
cfn=(4916)
calls=3 0 
0 211

fn=(7408) core::ptr::drop_glue::<tokio::runtime::runtime::Runtime>
0 5
cfn=(7410) <tokio::runtime::runtime::Runtime as core::ops::drop::Drop>::drop
calls=1 0 
0 321
0 12
cfn=(7544) <tokio::runtime::blocking::pool::BlockingPool>::shutdown
calls=1 0 
0 2796
0 5
cfn=(7828) <alloc::sync::Arc<tokio::runtime::blocking::pool::Inner>>::drop_slow
calls=1 0 
0 363
0 6
cfn=(7838) core::ptr::drop_glue::<tokio::runtime::blocking::shutdown::Receiver>
calls=1 0 
0 10

fn=(7430) <tokio::sync::mpsc::list::Rx<()>>::pop
0 84

fn=(7450) core::ptr::drop_glue::<pbrs_grpc::server::connection::serve_io_in<pbrs_grpc::rt::TokioRuntime, pbrs_grpc::server::router::Router, tokio::net::tcp::stream::TcpStream>::{closure#0}>
0 16
cfn=(6938)
calls=1 0 
0 16
0 2
cfn=(7452) core::ptr::drop_glue::<pbrs_grpc::keepalive::wait_opt::{closure#0}>
calls=1 0 
0 16
0 2
cfn=(6484) core::ptr::drop_glue::<pbrs_grpc::keepalive::wait::{closure#0}>
calls=1 0 
0 113
0 5
cfn=(7064) <alloc::sync::Arc<pbrs_grpc::keepalive::Busy>>::drop_slow
calls=1 0 
0 79
0 10
cfn=(7368)
calls=1 0 
0 2052
0 5
cfn=(7454) core::ptr::drop_glue::<pbrs_grpc::transport::h2::ServerConnection<tokio::net::tcp::stream::TcpStream>>
calls=1 0 
0 5409
0 29
cfn=(7016) <tokio::sync::notify::NotifyGuard>::notify_waiters
calls=1 0 
0 33
0 4
cfn=(7064)
calls=1 0 
0 79
0 18
cfn=(7502) <alloc::sync::Arc<pbrs_grpc::server::router::Router>>::drop_slow
calls=1 0 
0 1685

fn=(7506) <alloc::sync::Arc<dyn pbrs_grpc::binlog::sink::Sink>>::drop_slow
0 27
cob=(2)
cfi=(2)
cfn=(4916)
calls=1 0 
0 125

fn=(7524) core::ptr::drop_glue::<pbrs_grpc::client::pool::finish_h2<tokio::net::tcp::stream::TcpStream>::{closure#0}::{closure#2}>
0 14
cfn=(7526) core::ptr::drop_glue::<pbrs_grpc::transport::h2::ClientConnection<tokio::net::tcp::stream::TcpStream>>
calls=1 0 
0 5446
0 2
cfn=(7452)
calls=1 0 
0 16
0 9
cfn=(6484)
calls=1 0 
0 240

fn=(7532) <alloc::sync::Arc<tokio::runtime::scheduler::multi_thread::worker::Worker>>::drop_slow
0 80
cob=(2)
cfi=(2)
cfn=(4916)
calls=4 0 
0 260

fn=(6514) <h2::proto::streams::prioritize::Prioritize>::reclaim_frame::<tokio::net::tcp::stream::TcpStream, bytes::bytes::Bytes>
0 189526
cfn=(7154) <h2::proto::streams::prioritize::Prioritize>::reclaim_frame_inner::<bytes::bytes::Bytes>
calls=802 0 
0 99637
0 59056

fn=(5036) devloop::main
0 9
cfn=(5038) std::env::args_os
calls=1 0 
0 1988
0 15
cfn=(5048) core::str::converts::from_utf8
calls=1 0 
0 80
0 21
cob=(2)
cfi=(2)
cfn=(4206)
calls=1 0 
0 187
0 174
cfn=(5048)
calls=6 0 
0 489
0 40
cob=(2)
cfi=(2)
cfn=(4916)
calls=1 0 
0 65
0 24
cfn=(5050) devloop::cmd_run_cell
calls=1 0 
0 14531242
0 54
cob=(2)
cfi=(2)
cfn=(4916)
calls=7 0 
0 819
0 11
cob=(2)
cfi=(2)
cfn=(4916)
calls=1 0 
0 65
0 8

fn=(5050)
0 127
cob=(2)
cfi=(2)
cfn=(4206)
calls=1 0 
0 190
0 11
cob=(2)
cfi=(2)
cfn=(4532)
calls=1 0 
0 12
0 164
cfn=(5052) <&str as core::str::pattern::Pattern>::is_contained_in
calls=1 0 
0 438
0 7
cfn=(5052)
calls=1 0 
0 448
0 10
cob=(2)
cfi=(2)
cfn=(4916)
calls=1 0 
0 117
0 39
cfn=(5070) <tokio::runtime::builder::Builder>::new
calls=1 0 
0 510
0 4
cfn=(5094) <tokio::runtime::builder::Builder>::build
calls=1 0 
0 37393
0 14
cfn=(5974) core::ptr::drop_glue::<tokio::runtime::builder::Builder>
calls=1 0 
0 31
0 2
cob=(2)
cfi=(2)
cfn=(4206)
calls=1 0 
0 41
0 11
cob=(2)
cfi=(2)
cfn=(4968)
calls=1 0 
0 70
0 11
cfn=(5976) <tokio::runtime::runtime::Runtime>::enter
calls=1 0 
0 63
0 22
cfn=(5222) <tokio::util::rand::rt::RngSeedGenerator>::next_seed
calls=1 0 
0 63
0 5
cfn=(5072) <tokio::util::rand::RngSeed>::new
calls=1 0 
0 141
0 9
cfn=(5952) <tokio::runtime::context::Context>::set_current
calls=1 0 
0 33
0 28
cfn=(5978)
calls=1 0 
0 537
0 7055
cfn=(5982) devloop::cmd_run_cell::{closure#1}
calls=640 0 
0 14404574
0 10234
cfn=(6362)
calls=639 0 
0 64457
0 641
cfn=(7404) core::ptr::drop_glue::<devloop::cmd_run_cell::{closure#1}>
calls=1 0 
0 5
0 3
cfn=(6572)
calls=1 0 
0 7
0 2
cfn=(7406) core::ptr::drop_glue::<tokio::runtime::context::runtime::EnterRuntimeGuard>
calls=1 0 
0 72
0 3
cfn=(5972)
calls=1 0 
0 45
0 7
cob=(2)
cfi=(2)
cfn=(4916)
calls=1 0 
0 65
0 2
cfn=(7408)
calls=1 0 
0 3518
0 1

fn=(5074) std::sys::random::linux::hashmap_random_keys
0 45
cfn=(5076) std::sys::random::linux::getrandom
calls=5 0 
0 689
0 25

fn=(5482) <std::thread::thread::thread_name_string::ThreadNameString as core::convert::From<alloc::string::String>>::from
0 376
cfn=(5484) <alloc::ffi::c_str::CString>::_from_vec_unchecked
calls=4 0 
0 610
0 16

fn=(5484)
0 92
cfn=(5424) <alloc::raw_vec::RawVecInner>::finish_grow
calls=4 0 
0 494
0 24

fn=(5952)
0 198

fn=(5986) <str as tokio::net::addr::sealed::ToSocketAddrsPriv>::to_socket_addrs
0 28
cfn=(5988) <core::net::socket_addr::SocketAddr>::parse_ascii
calls=2 0 
0 497
0 32

fn=(6042) <alloc::raw_vec::RawVecInner<_>>::reserve::do_reserve_and_handle::<alloc::alloc::Global>
0 420
cfn=(5424)
calls=21 0 
0 5391
0 14808
cfn=(5424)
calls=811 0 
0 58728
0 25791
cfn=(5424)
calls=804 0 
0 75242
0 7276
cfn=(5424)
calls=2 0 
0 170
0 294
cfn=(5424)
calls=12 0 
0 1669
0 108

fn=(6086) <std::hash::random::RandomState as core::hash::BuildHasher>::hash_one::<&str>
0 9624
cfn=(6080) <core::hash::sip::Hasher<core::hash::sip::Sip13Rounds> as core::hash::Hasher>::write
calls=401 0 
0 22456
0 2005
cfn=(6080)
calls=401 0 
0 13634
0 27717
cfn=(6080)
calls=2 0 
0 122
0 10
cfn=(6080)
calls=2 0 
0 66
0 138

fn=(6094) <str>::to_lowercase
0 64
cob=(2)
cfi=(2)
cfn=(4206)
calls=4 0 
0 324
0 534

fn=(6136) <&alloc::string::String as core::fmt::Display>::fmt
0 6
cfn=(6138) <core::fmt::Formatter>::pad
calls=1 0 
0 197

fn=(6164) <tokio::runtime::metrics::worker::WorkerMetrics>::set_thread_id
0 132

fn=(6184) <hashbrown::raw::RawTable<(&str, alloc::sync::Arc<dyn pbrs_grpc::server::dispatch::DynService>)>>::reserve_rehash::<hashbrown::map::make_hasher<&str, alloc::sync::Arc<dyn pbrs_grpc::server::dispatch::DynService>, std::hash::random::RandomState>::{closure#0}>
0 42
cfn=(6186)
calls=1 0 
0 97
0 11
cob=(2)
cfi=(2)
cfn=(4968)
calls=1 0 
0 10
0 24

fn=(6244) <tokio::runtime::io::scheduled_io::Readiness as core::future::future::Future>::poll
0 259
cfn=(6246) tokio::runtime::task::waker::clone_waker
calls=2 0 
0 14
0 184

fn=(6284)
0 36898
cfn=(6286) tokio::runtime::task::raw::schedule::<alloc::sync::Arc<tokio::runtime::scheduler::multi_thread::handle::Handle>>
calls=1624 0 
0 163680
0 16370

fn=(6288) <tokio::runtime::time::handle::Handle>::process_at_time
0 57128
cfn=(6276) <tokio::runtime::time::wheel::Wheel>::next_expiration
calls=1544 0 
0 43324
0 24322
cfn=(6276)
calls=1544 0 
0 43324
0 47864

fn=(6350) core::ptr::drop_glue::<core::option::Option<tokio::runtime::Timer>>
0 14
cfn=(6478) <tokio::runtime::time::entry::TimerEntry as core::ops::drop::Drop>::drop
calls=2 0 
0 256
0 44

fn=(6356)
0 6032
cob=(2)
cfi=(2)
cfn=(6358) write
calls=464 0 
0 27376
0 6032

fn=(6360) <tokio::sync::task::atomic_waker::AtomicWaker>::register_by_ref
0 54
cfn=(6246)
calls=2 0 
0 14
cfn=(6344)
calls=1 0 
0 5
0 32
cfn=(6454)
calls=1 0 
0 8
0 25

fn=(6412) <tokio::sync::notify::NotifiedProject>::poll_notified
0 69589
cfn=(6344)
calls=401 0 
0 2005
cfn=(6246)
calls=3 0 
0 21
0 198162

fn=(6434) pbrs_grpc::client::pool::finish_tcp::{closure#0}
0 79
cob=(2)
cfi=(2)
cfn=(4532)
calls=1 0 
0 64
0 10
cfn=(6402)
calls=1 0 
0 1010
0 9
cfn=(6010)
calls=1 0 
0 45
0 18
cfn=(6436) <std::sys::net::connection::socket::TcpStream>::peer_addr
calls=1 0 
0 45
0 9
cob=(2)
cfi=(2)
cfn=(4532)
calls=1 0 
0 64
0 12
cob=(2)
cfi=(2)
cfn=(4532)
calls=1 0 
0 100
0 5
cob=(2)
cfi=(2)
cfn=(4532)
calls=1 0 
0 100
0 9
cob=(2)
cfi=(2)
cfn=(4532)
calls=1 0 
0 64
0 10
cob=(2)
cfi=(2)
cfn=(4532)
calls=1 0 
0 64
0 3
cfn=(6440) <pbrs_grpc::config::ChannelConfig>::h2_builder
calls=1 0 
0 65
0 7
cob=(2)
cfi=(2)
cfn=(4206)
calls=1 0 
0 382
0 16
cob=(2)
cfi=(2)
cfn=(4532)
calls=1 0 
0 29
0 11
cob=(2)
cfi=(2)
cfn=(4532)
calls=1 0 
0 29
0 7
cob=(2)
cfi=(2)
cfn=(4532)
calls=1 0 
0 29
0 14
cob=(2)
cfi=(2)
cfn=(4532)
calls=1 0 
0 29
0 5
cob=(2)
cfi=(2)
cfn=(4532)
calls=1 0 
0 76
0 5
cob=(2)
cfi=(2)
cfn=(4532)
calls=1 0 
0 76
0 15
cob=(2)
cfi=(2)
cfn=(4532)
calls=1 0 
0 29
0 24
cfn=(6444) <tokio::net::tcp::stream::TcpStream>::poll_write_priv
calls=1 0 
0 174
0 16
cob=(2)
cfi=(2)
cfn=(4916)
calls=1 0 
0 65
0 8
cob=(2)
cfi=(2)
cfn=(4532)
calls=1 0 
0 160
0 15
cob=(2)
cfi=(2)
cfn=(4532)
calls=1 0 
0 160
0 16
cfn=(6416) <h2::codec::Codec<tokio::net::tcp::stream::TcpStream, h2::proto::streams::prioritize::Prioritized<bytes::bytes::Bytes>>>::with_max_recv_frame_size
calls=1 0 
0 833
0 35
cob=(2)
cfi=(2)
cfn=(4532)
calls=1 0 
0 160
0 14
cob=(2)
cfi=(2)
cfn=(4532)
calls=1 0 
0 160
0 14
cfn=(6490)
calls=1 0 
0 295
0 7
cfn=(6526) pbrs_grpc::keepalive::spawn
calls=1 0 
0 29
0 9
cfn=(6528)
calls=1 0 
0 35
0 4
cob=(2)
cfi=(2)
cfn=(4206)
calls=1 0 
0 201
0 16
cob=(2)
cfi=(2)
cfn=(4968)
calls=1 0 
0 35
0 36
cob=(2)
cfi=(2)
cfn=(4532)
calls=1 0 
0 160
0 17
cob=(2)
cfi=(2)
cfn=(4532)
calls=1 0 
0 340
0 11
cob=(2)
cfi=(2)
cfn=(4532)
calls=1 0 
0 340
0 21
cob=(2)
cfi=(2)
cfn=(4532)
calls=1 0 
0 340
0 12
cob=(2)
cfi=(2)
cfn=(4532)
calls=1 0 
0 340
0 10
cob=(2)
cfi=(2)
cfn=(5224)
calls=1 0 
0 434
0 13
cob=(2)
cfi=(2)
cfn=(4532)
calls=1 0 
0 352
0 4
cfn=(6014)
calls=1 0 
0 82
0 12
cfn=(6016)
calls=1 0 
0 206
0 5
cfn=(6530) <pbrs_grpc::transport::h2::ClientConnection<tokio::net::tcp::stream::TcpStream> as core::future::future::Future>::poll
calls=1 0 
0 5121
0 5
cfn=(6528)
calls=1 0 
0 35
0 70
cfn=(6418) <h2::codec::framed_write::Encoder<h2::proto::streams::prioritize::Prioritized<bytes::bytes::Bytes>>>::buffer
calls=1 0 
0 431
0 7
cob=(2)
cfi=(2)
cfn=(4532)
calls=1 0 
0 124
0 51
cfn=(6522) <h2::proto::streams::streams::Streams<bytes::bytes::Bytes, h2::client::Peer>>::new
calls=1 0 
0 865
0 11
cfn=(6464) <tracing::span::Span>::current
calls=1 0 
0 37
0 3
cfn=(6468) <tracing::span::Span>::follows_from::<tracing::span::Span>
calls=1 0 
0 22
0 4
cob=(2)
cfi=(2)
cfn=(4532)
calls=1 0 
0 124
0 38
cfn=(6524) <h2::proto::streams::streams::Streams<bytes::bytes::Bytes, h2::client::Peer> as core::clone::Clone>::clone
calls=1 0 
0 42
0 7
cob=(2)
cfi=(2)
cfn=(4532)
calls=1 0 
0 148
0 8
cfn=(6470) <h2::proto::streams::streams::Streams<bytes::bytes::Bytes, h2::client::Peer>>::set_target_connection_window_size
calls=1 0 
0 82
0 23
cob=(2)
cfi=(2)
cfn=(4532)
calls=1 0 
0 148
0 13
cob=(2)
cfi=(2)
cfn=(4532)
calls=1 0 
0 148
0 36
cob=(2)
cfi=(2)
cfn=(4532)
calls=1 0 
0 160
0 5
cfn=(6564)
calls=1 0 
0 21
0 75

fn=(6436)
0 20
cob=(2)
cfi=(2)
cfn=(6438) getpeername
calls=1 0 
0 5
0 20

fn=(6458) <h2::proto::streams::streams::Streams<bytes::bytes::Bytes, h2::server::Peer>>::new
0 6
cfn=(6460)
calls=1 0 
0 591
0 13
cob=(2)
cfi=(2)
cfn=(4206)
calls=1 0 
0 213
0 19

fn=(6474) core::ptr::drop_glue::<h2::server::Handshake<tokio::net::tcp::stream::TcpStream>>
0 6
cfn=(6450) core::ptr::drop_glue::<h2::server::Handshaking<tokio::net::tcp::stream::TcpStream, bytes::bytes::Bytes>>
calls=1 0 
0 17
0 7

fn=(6504) <h2::proto::ping_pong::PingPong>::send_pending_pong::<tokio::net::tcp::stream::TcpStream, h2::proto::streams::prioritize::Prioritized<bytes::bytes::Bytes>>
0 69666

fn=(6568) core::ptr::drop_glue::<tokio::time::timeout::Timeout<pbrs_grpc::client::pool::handshake_io::{closure#0}>>
0 6
cfn=(6570) core::ptr::drop_glue::<pbrs_grpc::client::pool::handshake_io::{closure#0}>
calls=1 0 
0 11
0 12
cfn=(6350)
calls=1 0 
0 152

fn=(6588)
0 14626
cfn=(6590) bytes::bytes::shallow_clone_vec
calls=813 0 
0 71440
0 2439

fn=(6594)
0 23

fn=(6598) <pbrs_grpc::client::channel::Channel>::unary::<pbrs_grpc::codec::prost::Message<devloop::echo::EchoRequest>, pbrs_grpc::codec::prost::Message<devloop::echo::EchoReply>>
0 8421
cob=(2)
cfi=(2)
cfn=(4532)
calls=401 0 
0 35288
0 2005
cfn=(6600) <pbrs_grpc::client::channel::Channel>::prepare_outbound::<pbrs_grpc::codec::prost::Message<devloop::echo::EchoRequest>>
calls=401 0 
0 37293
0 1604
cob=(2)
cfi=(2)
cfn=(4206)
calls=401 0 
0 16601
0 8008
cob=(2)
cfi=(2)
cfn=(4968)
calls=400 0 
0 14000
0 10
cob=(2)
cfi=(2)
cfn=(4968)
calls=1 0 
0 35
0 4812
cfn=(6604) <pbrs_grpc::client::channel::Channel as core::clone::Clone>::clone
calls=401 0 
0 112280
0 8020
cfn=(6602) <pbrs_grpc::client::channel::Channel>::method_config_for
calls=401 0 
0 17243
0 7619
cob=(2)
cfi=(2)
cfn=(4532)
calls=401 0 
0 35288
0 1203
cfn=(6608)
calls=401 0 
0 32882
0 14837
cob=(2)
cfi=(2)
cfn=(4532)
calls=401 0 
0 30476
0 12832
cob=(2)
cfi=(2)
cfn=(4206)
calls=401 0 
0 130223
0 5207
cob=(2)
cfi=(2)
cfn=(4532)
calls=400 0 
0 4694000
0 4
cob=(2)
cfi=(2)
cfn=(4532)
calls=1 0 
0 11735
0 5213

fn=(6604)
0 6817
cob=(2)
cfi=(2)
cfn=(4532)
calls=401 0 
0 24862
0 13233
cfn=(6606) bytes::bytes::static_clone
calls=401 0 
0 2807
0 6416
cfn=(6588)
calls=401 0 
0 6416
0 11228
cob=(2)
cfi=(2)
cfn=(4532)
calls=401 0 
0 25664
0 14837

fn=(6632) <core::option::Option<(core::option::Option<pbrs_grpc::service_config::RetryPolicy>, core::option::Option<pbrs_grpc::service_config::HedgingPolicy>)>>::unwrap_or
0 4812
cob=(2)
cfi=(2)
cfn=(4532)
calls=401 0 
0 11629

fn=(6648) <pbrs_grpc::transport::h2::ReadySendRequest as core::future::future::Future>::poll
0 27268
cfn=(6650) <h2::proto::streams::streams::Actions>::ensure_no_conn_error
calls=802 0 
0 16842
0 44912

fn=(6656) <pbrs_grpc::limits::ByteBudgetTracker>::try_acquire
0 34514

fn=(6674) bytes::bytes::shared_clone
0 68020

fn=(6676) <http::uri::Uri>::from_parts
0 44912

fn=(6684) core::ptr::drop_glue::<[http::header::map::Bucket<http::header::value::HeaderValue>]>
0 48922
cfn=(6714) bytes::bytes::shared_drop
calls=1601 0 
0 14409
cfn=(6842) bytes::bytes::promotable_even_drop
calls=3 0 
0 36
0 22055
cfn=(6714)
calls=4404 0 
0 39636
cfn=(6842)
calls=7 0 
0 84
0 86616

fn=(6690) <http::header::map::HeaderMap>::try_reserve_one
0 75789

fn=(6700) <h2::client::Peer>::convert_send_message
0 11228
cfn=(6610)
calls=401 0 
0 6817
0 25664
cob=(2)
cfi=(2)
cfn=(4206)
calls=401 0 
0 78310
0 4806
cob=(2)
cfi=(2)
cfn=(4532)
calls=400 0 
0 4000
0 4
cob=(2)
cfi=(2)
cfn=(4532)
calls=1 0 
0 10
0 2005
cfn=(6702) bytes::bytes::static_drop
calls=401 0 
0 401
0 22456
cfn=(6704) <h2::frame::headers::Pseudo>::set_scheme
calls=401 0 
0 15639
0 2406
cob=(2)
cfi=(2)
cfn=(4206)
calls=401 0 
0 81759
0 4807
cob=(2)
cfi=(2)
cfn=(4532)
calls=400 0 
0 4800
0 3
cob=(2)
cfi=(2)
cfn=(4532)
calls=1 0 
0 12
0 7218
cfn=(6714)
calls=401 0 
0 3609
0 1604
cob=(2)
cfi=(2)
cfn=(4532)
calls=401 0 
0 11629
0 37293
cfn=(6716)
calls=1203 0 
0 8421
0 14436
cob=(2)
cfi=(2)
cfn=(4532)
calls=401 0 
0 11629
0 2807
cob=(2)
cfi=(2)
cfn=(4532)
calls=401 0 
0 11629
0 6015

fn=(6744) core::ptr::drop_glue::<h2::proto::streams::state::Inner>
0 19248

fn=(6768) core::ptr::drop_glue::<pbrs_grpc::client::call::open_in<pbrs_grpc::rt::TokioRuntime>::{closure#0}::{closure#1}>
0 4812

fn=(6790) core::ptr::drop_glue::<pbrs_grpc::client::call::send_request_frame_in<pbrs_grpc::rt::TokioRuntime>::{closure#0}>
0 6817

fn=(6794) pbrs_grpc::client::unary::run_unary_inner::<pbrs_grpc::codec::prost::Message<devloop::echo::EchoReply>>::{closure#0}::{closure#3}
0 20634
cfn=(6796)
calls=401 0 
0 76190
0 2010
cfn=(6796)
calls=402 0 
0 251689
0 14160
cfn=(7166) core::ptr::drop_glue::<pbrs_grpc::transport::h2::ResponseFuture>
calls=401 0 
0 107173
0 10827
cfn=(7168) pbrs_grpc::client::call::response_commits
calls=401 0 
0 31865
0 4010
cob=(2)
cfi=(2)
cfn=(4532)
calls=401 0 
0 11629
0 5614
cob=(2)
cfi=(2)
cfn=(4532)
calls=401 0 
0 11629
0 2005
cob=(2)
cfi=(2)
cfn=(4532)
calls=401 0 
0 11629
0 5213
cob=(2)
cfi=(2)
cfn=(4532)
calls=401 0 
0 11629
0 12030
cfn=(7170) <h2::share::RecvStream>::is_end_stream
calls=401 0 
0 25048
0 6748
cfn=(6972) pbrs_grpc::wire::headers::grpc_encoding
calls=401 0 
0 70576
0 20121
cob=(2)
cfi=(2)
cfn=(4532)
calls=401 0 
0 11629
0 4010
cfn=(7188)
calls=401 0 
0 6015
0 2807
cob=(2)
cfi=(2)
cfn=(4532)
calls=401 0 
0 11629
0 6416
cob=(2)
cfi=(2)
cfn=(4532)
calls=401 0 
0 11629
0 21924
cfn=(6982)
calls=1038 0 
0 277502
0 9931
cfn=(6986) <pbrs_grpc::wire::frame_reader::FrameReader>::push
calls=401 0 
0 13634
0 1203
cfn=(6988) pbrs_grpc::wire::frame_reader::release
calls=401 0 
0 213192
0 8421
cfn=(7000) <pbrs_grpc::wire::frame_reader::FrameReader>::next_frame
calls=401 0 
0 9624
0 1203
cfn=(7000)
calls=401 0 
0 39298
0 23258
cfn=(7172) pbrs_grpc::wire::frame_reader::decode_frame::<pbrs_grpc::codec::prost::Message<devloop::echo::EchoReply>>
calls=401 0 
0 201987
0 16583
cfn=(7176)
calls=401 0 
0 2406
0 10167
cfn=(7010) core::ptr::drop_glue::<pbrs_grpc::wire::frame_reader::FrameReader>
calls=401 0 
0 8421
0 13139
cfn=(7178)
calls=401 0 
0 124310
0 16253
cfn=(7182) pbrs_grpc::wire::frame_reader::status_from
calls=401 0 
0 109874
0 36491
cfn=(7022)
calls=401 0 
0 159999
0 2005
cfn=(6610)
calls=401 0 
0 6817
0 1604

fn=(6850) <h2::proto::streams::flow_control::FlowControl>::send_data
0 89824

fn=(6858) h2::hpack::decoder::take
0 67368
cfn=(6536)
calls=4812 0 
0 211728
0 168420

fn=(6864) core::ptr::drop_glue::<core::option::Option<http::method::Method>>
0 1604

fn=(6898) <h2::proto::streams::recv::Recv>::recv_headers
0 50125
cfn=(6744)
calls=401 0 
0 1604
0 1203
cfn=(6744)
calls=401 0 
0 1604
0 39699
cfn=(6742)
calls=802 0 
0 65764
0 8822
cob=(2)
cfi=(2)
cfn=(4532)
calls=802 0 
0 23258
0 12832
cob=(2)
cfi=(2)
cfn=(4532)
calls=401 0 
0 11629
0 2005
cfn=(6900) <h2::server::Peer as h2::proto::peer::Peer>::convert_poll_message
calls=401 0 
0 488017
0 26065
cfn=(6682) core::ptr::drop_glue::<http::header::map::HeaderMap>
calls=401 0 
0 19649
0 12030
cfn=(6840)
calls=401 0 
0 9223
0 44912
cob=(2)
cfi=(2)
cfn=(4532)
calls=802 0 
0 23258
0 6416
cfn=(6912) <slab::Slab<h2::proto::streams::buffer::Slot<h2::proto::streams::recv::Event>>>::insert_at
calls=802 0 
0 42232
0 18847
cfn=(6366)
calls=401 0 
0 25263
0 3208
cfn=(6916) <h2::proto::streams::store::Queue<h2::proto::streams::stream::NextAccept>>::push
calls=401 0 
0 19649
0 4812

fn=(6924) <h2::proto::streams::recv::Recv>::consume_connection_window
0 14436
cfn=(6850)
calls=802 0 
0 22456
0 8822

fn=(6938)
0 6432

fn=(6950) <hashbrown::map::HashMap<core::any::TypeId, alloc::boxed::Box<dyn http::extensions::AnyClone + core::marker::Send + core::marker::Sync>, core::hash::BuildHasherDefault<http::extensions::IdHasher>>>::insert
0 34486
cfn=(6952)
calls=401 0 
0 59346
0 401

fn=(6958) <devloop::ProstNativeEchod as pbrs_grpc::server::dispatch::DynService>::dispatch
0 4010
cob=(2)
cfi=(2)
cfn=(4532)
calls=401 0 
0 49724
0 1203
cob=(2)
cfi=(2)
cfn=(4206)
calls=401 0 
0 110186
0 4805
cob=(2)
cfi=(2)
cfn=(4532)
calls=400 0 
0 4610352
0 5
cob=(2)
cfi=(2)
cfn=(4532)
calls=1 0 
0 11567
0 2005

fn=(7028) pbrs_grpc::interceptor::intercept_response::<pbrs_grpc::codec::prost::Message<devloop::echo::EchoReply>>
0 6416
cob=(2)
cfi=(2)
cfn=(4532)
calls=401 0 
0 30476

fn=(7036) pbrs_grpc::wire::send::send_ok_headers
0 10827
cfn=(6678) <pbrs_grpc::metadata::Metadata>::len
calls=401 0 
0 13634
0 3208
cfn=(6680) <http::header::map::HeaderMap>::try_with_capacity
calls=401 0 
0 68673
0 6416
cfn=(6682)
calls=401 0 
0 19649
0 6817
cfn=(6688) <http::header::map::HeaderMap>::try_insert2::<http::header::name::HeaderName>
calls=401 0 
0 66967
0 8020
cfn=(6688)
calls=401 0 
0 102656
0 4010
cfn=(6694) <pbrs_grpc::metadata::Metadata>::write_to
calls=401 0 
0 8020
0 7619
cfn=(7038) <pbrs_grpc::transport::h2::SendResponse as pbrs_grpc::transport::SendResponse>::send_response
calls=401 0 
0 867627
0 6416

fn=(7048) <pbrs_grpc::transport::h2::SendStream as pbrs_grpc::transport::SendStream>::send_trailers
0 34085
cfn=(7050)
calls=401 0 
0 21654
0 10025
cfn=(6732) <h2::proto::streams::send::Send>::check_headers
calls=401 0 
0 443506
0 3609
cfn=(6784) <h2::proto::streams::counts::Counts>::transition_after
calls=401 0 
0 21253
0 18045
cfn=(6780) <h2::proto::streams::state::State>::send_close
calls=401 0 
0 10827
0 3609
cob=(2)
cfi=(2)
cfn=(4532)
calls=401 0 
0 25664
0 3208
cfn=(6748) <h2::proto::streams::prioritize::Prioritize>::queue_frame::<bytes::bytes::Bytes>
calls=401 0 
0 124711
0 2807
cfn=(6782) <h2::proto::streams::prioritize::Prioritize>::reserve_capacity
calls=401 0 
0 21654
0 4812

fn=(7086) core::ptr::drop_glue::<<devloop::ProstNativeEchod as pbrs_grpc::server::dispatch::Service>::call::{closure#0}>
0 4411

fn=(7090) core::ptr::drop_glue::<pbrs_grpc::server::connection::serve_io_in<pbrs_grpc::rt::TokioRuntime, pbrs_grpc::server::router::Router, tokio_rustls::server::TlsStream<tokio::net::tcp::stream::TcpStream>>::{closure#0}::{closure#10}>
0 7619

fn=(7094) <alloc::sync::Arc<tokio::runtime::scheduler::multi_thread::handle::Handle> as tokio::runtime::task::Schedule>::release
0 27912

fn=(7096) core::ptr::drop_glue::<tokio::runtime::task::core::Cell<pbrs_grpc::server::connection::serve_io_in<pbrs_grpc::rt::TokioRuntime, pbrs_grpc::server::router::Router, tokio_rustls::server::TlsStream<tokio::net::tcp::stream::TcpStream>>::{closure#0}::{closure#10}, alloc::sync::Arc<tokio::runtime::scheduler::multi_thread::handle::Handle>>>
0 10426

fn=(7162) core::ptr::drop_glue::<h2::proto::streams::stream::Stream>
0 4812
cfn=(6744)
calls=802 0 
0 6416
0 10426

fn=(7168)
0 3609
cfn=(7170)
calls=401 0 
0 25048
0 3208

fn=(7196) core::ptr::drop_glue::<pbrs_grpc::client::call::race_in<pbrs_grpc::rt::TokioRuntime, pbrs_grpc::request::Response<pbrs_grpc::codec::prost::Message<devloop::echo::EchoReply>>, pbrs_grpc::client::unary::run_unary_inner<pbrs_grpc::codec::prost::Message<devloop::echo::EchoReply>>::{closure#0}::{closure#3}>::{closure#0}>
0 6817

fn=(7342) devloop::child_json_with_input
0 19
cob=(2)
cfi=(2)
cfn=(4206)
calls=1 0 
0 41
0 10
cob=(2)
cfi=(2)
cfn=(4532)
calls=1 0 
0 12
0 83
cob=(2)
cfi=(2)
cfn=(4206)
calls=1 0 
0 41
0 17
cfn=(7344) <&mut serde_json::ser::Serializer<&mut alloc::vec::Vec<u8>> as serde_core::ser::Serializer>::serialize_str
calls=1 0 
0 96
0 13
cfn=(7344)
calls=1 0 
0 171
0 5
cfn=(7346) <serde_json::ser::Compound<&mut alloc::vec::Vec<u8>, serde_json::ser::CompactFormatter> as serde_core::ser::SerializeStruct>::serialize_field::<u64>
calls=1 0 
0 207
0 8
cfn=(7346)
calls=1 0 
0 221
0 8
cfn=(7346)
calls=1 0 
0 271
0 8
cfn=(7346)
calls=1 0 
0 250
0 23
cfn=(7344)
calls=1 0 
0 143
0 23
cfn=(7346)
calls=1 0 
0 219
0 8
cfn=(7346)
calls=1 0 
0 902
0 8
cfn=(7346)
calls=1 0 
0 227
0 8
cfn=(7346)
calls=1 0 
0 227
0 8
cfn=(7346)
calls=1 0 
0 234
0 8
cfn=(7346)
calls=1 0 
0 234
0 8
cfn=(7346)
calls=1 0 
0 254
0 8
cfn=(7346)
calls=1 0 
0 298
0 8
cfn=(7346)
calls=1 0 
0 663
0 8
cfn=(7346)
calls=1 0 
0 265
0 8
cfn=(7346)
calls=1 0 
0 262
0 8
cfn=(7346)
calls=1 0 
0 262
0 8
cfn=(7346)
calls=1 0 
0 262
0 8
cfn=(7346)
calls=1 0 
0 241
0 5
cfn=(7350)
calls=1 0 
0 16
0 21
cob=(2)
cfi=(2)
cfn=(4916)
calls=1 0 
0 65
0 10

fn=(7352) std::io::stdio::_eprint
0 11
cfn=(7354) std::io::stdio::print_to_buffer_if_capture_used
calls=1 0 
0 20
0 10
cfn=(7356) <&std::io::stdio::Stderr as core::io::write::Write>::write_fmt
calls=1 0 
0 501
0 7

fn=(7382)
0 18
cob=(2)
cfi=(2)
cfn=(4916)
calls=3 0 
0 313
0 74

fn=(7384) core::ptr::drop_glue::<pbrs_grpc::client::pool::Endpoint>
0 24
cob=(2)
cfi=(2)
cfn=(4916)
calls=1 0 
0 65

fn=(7390) <alloc::collections::btree::node::Handle<alloc::collections::btree::node::NodeRef<alloc::collections::btree::node::marker::Mut, u64, alloc::sync::Arc<pbrs_grpc::channelz::model::ChannelEntry>, alloc::collections::btree::node::marker::Leaf>, alloc::collections::btree::node::marker::KV>>::remove_leaf_kv::<<alloc::collections::btree::map::entry::OccupiedEntry<u64, alloc::sync::Arc<pbrs_grpc::channelz::model::ChannelEntry>>>::remove_kv::{closure#0}, alloc::alloc::Global>
0 25
cob=(2)
cfi=(2)
cfn=(4532)
calls=1 0 
0 12
0 10
cob=(2)
cfi=(2)
cfn=(4532)
calls=1 0 
0 12
0 43

fn=(7398) <alloc::sync::Arc<[alloc::sync::Arc<dyn pbrs_grpc::interceptor::ClientInterceptor>]>>::drop_slow
0 48
cob=(2)
cfi=(2)
cfn=(4916)
calls=2 0 
0 130

fn=(7414) tokio::runtime::task::raw::shutdown::<devloop::rpc_prost_unary::{closure#0}::{closure#0}, alloc::sync::Arc<tokio::runtime::scheduler::multi_thread::handle::Handle>>
0 19
cfn=(7416) tokio::runtime::task::harness::cancel_task::<devloop::rpc_prost_unary::{closure#0}::{closure#0}, alloc::sync::Arc<tokio::runtime::scheduler::current_thread::Handle>>
calls=1 0 
0 4118
0 5
cfn=(7440) <tokio::runtime::task::harness::Harness<devloop::rpc_prost_unary::{closure#0}::{closure#0}, alloc::sync::Arc<tokio::runtime::scheduler::multi_thread::handle::Handle>>>::complete
calls=1 0 
0 610

fn=(7446) <tokio::runtime::task::core::Core<pbrs_grpc::server::accept::accept_loop_with_slots<pbrs_grpc::server::router::Router, core::future::pending::Pending<()>>::{closure#0}::{closure#2}, alloc::sync::Arc<tokio::runtime::scheduler::current_thread::Handle>>>::set_stage
0 76
cfn=(7448) core::ptr::drop_glue::<pbrs_grpc::server::accept::accept_loop_with_slots<pbrs_grpc::server::router::Router, core::future::pending::Pending<()>>::{closure#0}::{closure#2}>
calls=1 0 
0 9912
0 19
cob=(2)
cfi=(2)
cfn=(4532)
calls=3 0 
0 35965
0 36

fn=(7458) <core::io::error::Error>::new::<&str>
0 26
cob=(2)
cfi=(2)
cfn=(4206)
calls=2 0 
0 82
0 20
cob=(2)
cfi=(2)
cfn=(4532)
calls=2 0 
0 22
0 4
cob=(2)
cfi=(2)
cfn=(4206)
calls=2 0 
0 82
0 22
cob=(2)
cfi=(2)
cfn=(4206)
calls=2 0 
0 82
0 40

fn=(7474) core::ptr::drop_glue::<h2::codec::framed_read::FramedRead<h2::codec::framed_write::FramedWrite<tokio::net::tcp::stream::TcpStream, h2::proto::streams::prioritize::Prioritized<bytes::bytes::Bytes>>>>
0 10
cfn=(7434) core::ptr::drop_glue::<tokio::net::tcp::stream::TcpStream>
calls=2 0 
0 448
0 4
cfn=(7476) core::ptr::drop_glue::<h2::codec::framed_write::Encoder<h2::proto::streams::prioritize::Prioritized<bytes::bytes::Bytes>>>
calls=2 0 
0 1363
0 24
cob=(2)
cfi=(2)
cfn=(4916)
calls=2 0 
0 407
0 4
cob=(2)
cfi=(2)
cfn=(4916)
calls=2 0 
0 190
0 4
cfn=(7480) core::ptr::drop_glue::<h2::hpack::decoder::Decoder>
calls=2 0 
0 4052
0 12
cfn=(7482) core::ptr::drop_glue::<core::option::Option<h2::codec::framed_read::Partial>>
calls=2 0 
0 20

fn=(7480)
0 67
cfn=(6824) core::ptr::drop_glue::<h2::hpack::header::Header>
calls=2 0 
0 856
0 4
cfn=(6824)
calls=2 0 
0 852
0 22
cfn=(6824)
calls=1 0 
0 566
0 6
cfn=(6824)
calls=3 0 
0 902
0 24
cob=(2)
cfi=(2)
cfn=(4916)
calls=2 0 
0 146
0 24
cob=(2)
cfi=(2)
cfn=(4916)
calls=2 0 
0 375
0 18
cob=(2)
cfi=(2)
cfn=(4916)
calls=2 0 
0 190

fn=(7486) <alloc::sync::Arc<h2::proto::ping_pong::UserPingsInner>>::drop_slow
0 18
cfn=(6454)
calls=2 0 
0 16
0 24
cob=(2)
cfi=(2)
cfn=(4916)
calls=2 0 
0 138

fn=(7500) core::ptr::drop_glue::<h2::proto::streams::streams::SendBuffer<bytes::bytes::Bytes>>
0 91
cob=(2)
cfi=(2)
cfn=(4916)
calls=2 0 
0 343

fn=(7544)
0 42
cob=(2)
cfi=(2)
cfn=(5956)
calls=1 0 
0 11
0 79
cfn=(7546) <&mut tokio::sync::oneshot::Receiver<()> as core::future::future::Future>::poll
calls=2 0 
0 122
0 26
cfn=(6362)
calls=1 0 
0 101
0 134
cfn=(7720) <std::thread::lifecycle::JoinInner<()>>::join
calls=4 0 
0 2189
0 19
cob=(2)
cfi=(2)
cfn=(4916)
calls=1 0 
0 65
0 8

fn=(7550) <alloc::collections::btree::node::Handle<alloc::collections::btree::node::NodeRef<alloc::collections::btree::node::marker::Mut, usize, std::sys::pal::unix::stack_overflow::thread_info::ThreadInfo, alloc::collections::btree::node::marker::Leaf>, alloc::collections::btree::node::marker::KV>>::remove_leaf_kv::<<alloc::collections::btree::map::entry::OccupiedEntry<usize, std::sys::pal::unix::stack_overflow::thread_info::ThreadInfo>>::remove_kv::{closure#0}, alloc::alloc::Global>
0 100
cob=(2)
cfi=(2)
cfn=(4532)
calls=4 0 
0 46
0 64
cob=(2)
cfi=(2)
cfn=(4532)
calls=4 0 
0 56
0 180

fn=(7704) <alloc::sync::Arc<tokio::runtime::io::scheduled_io::ScheduledIo>>::drop_slow
0 21
cfn=(6282)
calls=3 0 
0 201
0 45
cob=(2)
cfi=(2)
cfn=(4916)
calls=3 0 
0 203

fn=(7712) tokio::runtime::task::raw::dealloc::<pbrs_grpc::client::pool::finish_h2<tokio::net::tcp::stream::TcpStream>::{closure#0}::{closure#2}, alloc::sync::Arc<tokio::runtime::scheduler::multi_thread::handle::Handle>>
0 5
cfn=(7714) core::ptr::drop_glue::<tokio::runtime::task::core::Cell<pbrs_grpc::client::pool::finish_h2<tokio::net::tcp::stream::TcpStream>::{closure#0}::{closure#2}, alloc::sync::Arc<tokio::runtime::scheduler::multi_thread::handle::Handle>>>
calls=1 0 
0 26
0 5
cob=(2)
cfi=(2)
cfn=(4916)
calls=1 0 
0 170

fn=(7778) <alloc::sync::Arc<std::thread::thread::Inner, std::alloc::System>>::drop_slow
0 48
cob=(2)
cfi=(2)
cfn=(4916)
calls=4 0 
0 468
0 36
cob=(2)
cfi=(2)
cfn=(4916)
calls=4 0 
0 312

fn=(7798) <alloc::sync::Arc<tokio::runtime::scheduler::multi_thread::handle::Handle>>::drop_slow
0 6
cfn=(7800) core::ptr::drop_glue::<tokio::runtime::scheduler::multi_thread::handle::Handle>
calls=1 0 
0 2624
0 9
cob=(2)
cfi=(2)
cfn=(4916)
calls=1 0 
0 65

fn=(7844) <std::sync::once::Once>::call_once_force::<<std::sync::once_lock::OnceLock<std::sync::reentrant_lock::ReentrantLock<core::cell::RefCell<alloc::io::buffered::linewriter::LineWriter<std::io::stdio::StdoutRaw>>>>>::initialize<<std::sync::once_lock::OnceLock<std::sync::reentrant_lock::ReentrantLock<core::cell::RefCell<alloc::io::buffered::linewriter::LineWriter<std::io::stdio::StdoutRaw>>>>>::get_or_init<std::io::stdio::cleanup::{closure#0}>::{closure#0}, !>::{closure#0}>::{closure#0}
0 14

fn=(6512) <h2::frame::window_update::WindowUpdate>::encode::<bytes::bytes_mut::BytesMut>
0 114

fn=(5052)
0 76
cob=(2)
cfi=(2)
cfn=(5054)
calls=2 0 
0 56
0 90
cob=(2)
cfi=(2)
cfn=(5054)
calls=18 0 
0 504
0 160

fn=(5094)
0 19
cfn=(5096) std::env::var::inner
calls=1 0 
0 763
0 5
cfn=(5120)
calls=1 0 
0 6422
0 15
cfn=(5168) <tokio::runtime::driver::Driver>::new
calls=1 0 
0 3027
0 10
cob=(2)
cfi=(2)
cfn=(4532)
calls=1 0 
0 29
0 8
cob=(2)
cfi=(2)
cfn=(4532)
calls=1 0 
0 29
0 6
cfn=(5210) tokio::runtime::blocking::create_blocking_pool
calls=1 0 
0 607
0 9
cfn=(5222)
calls=1 0 
0 63
0 4
cfn=(5222)
calls=1 0 
0 63
0 6
cob=(2)
cfi=(2)
cfn=(4532)
calls=1 0 
0 29
0 57
cob=(2)
cfi=(2)
cfn=(4206)
calls=1 0 
0 190
0 22
cob=(2)
cfi=(2)
cfn=(4206)
calls=1 0 
0 190
0 42
cob=(2)
cfi=(2)
cfn=(4206)
calls=1 0 
0 41
0 25
cob=(2)
cfi=(2)
cfn=(4206)
calls=1 0 
0 190
0 31
cob=(2)
cfi=(2)
cfn=(5224)
calls=1 0 
0 470
0 97
cob=(2)
cfi=(2)
cfn=(4206)
calls=4 0 
0 750
0 32
cob=(2)
cfi=(2)
cfn=(4206)
calls=4 0 
0 540
0 116
cob=(2)
cfi=(2)
cfn=(4206)
calls=4 0 
0 801
0 72
cfn=(5192)
calls=4 0 
0 104
0 16
cfn=(5192)
calls=4 0 
0 104
0 44
cfn=(5222)
calls=4 0 
0 252
0 136
cob=(2)
cfi=(2)
cfn=(4206)
calls=4 0 
0 611
0 186
cob=(2)
cfi=(2)
cfn=(4206)
calls=1 0 
0 190
0 48
cob=(2)
cfi=(2)
cfn=(4206)
calls=1 0 
0 187
0 18
cob=(2)
cfi=(2)
cfn=(4968)
calls=1 0 
0 35
0 92
cob=(2)
cfi=(2)
cfn=(4532)
calls=1 0 
0 29
0 4
cob=(2)
cfi=(2)
cfn=(4206)
calls=1 0 
0 179
0 10
cob=(2)
cfi=(2)
cfn=(4532)
calls=1 0 
0 88
0 122
cob=(2)
cfi=(2)
cfn=(4206)
calls=4 0 
0 760
0 62
cfn=(5422) <alloc::raw_vec::RawVec<usize>>::grow_one
calls=1 0 
0 261
0 7
cfn=(5426) core::ptr::drop_glue::<alloc::vec::drain::Drain<alloc::boxed::Box<tokio::runtime::scheduler::multi_thread::worker::Core>>>
calls=1 0 
0 25
0 7
cfn=(5428) core::ptr::drop_glue::<alloc::vec::Vec<alloc::boxed::Box<tokio::runtime::scheduler::multi_thread::worker::Core>>>
calls=1 0 
0 89
0 5
cfn=(5430) <alloc::sync::Arc<tokio::runtime::scheduler::multi_thread::park::Inner>>::drop_slow
calls=1 0 
0 77
0 73
cfn=(5468) <tokio::runtime::scheduler::Handle>::current
calls=4 0 
0 116
0 156
cob=(2)
cfi=(2)
cfn=(5224)
calls=4 0 
0 1822
0 48
cob=(2)
cfi=(2)
cfn=(4532)
calls=4 0 
0 116
0 20
cfn=(5470) <tokio::runtime::blocking::pool::Spawner>::spawn_task
calls=4 0 
0 16031
0 65
cfn=(5968) core::ptr::drop_glue::<alloc::vec::drain::Drain<alloc::sync::Arc<tokio::runtime::scheduler::multi_thread::worker::Worker>>>
calls=1 0 
0 26
0 2
cfn=(5970) core::ptr::drop_glue::<tokio::runtime::scheduler::multi_thread::worker::Launch>
calls=1 0 
0 88
0 8
cfn=(5972)
calls=1 0 
0 45
0 9
cfn=(5432) std::sys::thread_local::destructors::linux_like::register
calls=1 0 
0 237
0 3

fn=(5126)
0 22
cfn=(5128) std::sys::fs::unix::try_statx
calls=2 0 
0 247
0 20
cob=(2)
cfi=(2)
cfn=(5132) lseek
calls=2 0 
0 10
0 32

fn=(5148) <std::path::Components>::as_path
0 144
cfn=(5146) <std::path::Components>::parse_next_component_back
calls=3 0 
0 233
0 36

fn=(5162) alloc::io::read::default_read_to_end::small_probe_read::<&std::fs::File>
0 42
cob=(2)
cfi=(2)
cfn=(5136) read
calls=2 0 
0 56
0 31
cob=(2)
cfi=(2)
cfn=(4532)
calls=1 0 
0 12
0 26

fn=(5424)
0 420
cfn=(5486) __rustc::__rust_realloc
calls=19 0 
0 4514
0 62
cob=(2)
cfi=(2)
cfn=(4206)
calls=6 0 
0 584
0 8450
cfn=(5486)
calls=7 0 
0 1658
0 1622
cob=(2)
cfi=(2)
cfn=(4206)
calls=804 0 
0 33573
0 35440
cob=(2)
cfi=(2)
cfn=(4502) realloc
calls=2 0 
0 902
0 9636
cob=(2)
cfi=(2)
cfn=(4206)
calls=802 0 
0 33350
0 9938
cfn=(5486)
calls=2 0 
0 872
0 88
cob=(2)
cfi=(2)
cfn=(4206)
calls=12 0 
0 2091
0 677
cfn=(5486)
calls=7 0 
0 844
0 105
cob=(2)
cfi=(2)
cfn=(4206)
calls=13 0 
0 1908
0 429
cob=(2)
cfi=(2)
cfn=(4206)
calls=4 0 
0 997
0 64

fn=(5428)
0 48
cob=(2)
cfi=(2)
cfn=(4916)
calls=2 0 
0 190

fn=(5944) <std::thread::lifecycle::spawn_unchecked<<tokio::runtime::blocking::pool::Spawner>::spawn_thread::{closure#0}, ()>::{closure#1} as core::ops::function::FnOnce<()>>::call_once::{shim:vtable#0}
0 84
cfn=(5946) std::sys::backtrace::__rust_begin_short_backtrace::<std::thread::lifecycle::spawn_unchecked<<tokio::runtime::blocking::pool::Spawner>::spawn_thread::{closure#0}, ()>::{closure#1}::{closure#0}::{closure#0}, ()>
calls=4 0 
0 1292
0 8
cfn=(5950) std::sys::backtrace::__rust_begin_short_backtrace::<<tokio::runtime::blocking::pool::Spawner>::spawn_thread::{closure#0}, ()>
calls=4 0 
0 37037583
0 72

fn=(5950)
0 72
cfn=(5952)
calls=4 0 
0 132
0 203
cfn=(7542) <std::sys::sync::condvar::futex::Condvar>::wait_optional_timeout
calls=1 0 
0 109
0 129
cfn=(6160) tokio::runtime::task::raw::poll::<tokio::runtime::blocking::task::BlockingTask<<tokio::runtime::scheduler::multi_thread::worker::Launch>::launch::{closure#0}>, tokio::runtime::blocking::schedule::BlockingSchedule>
calls=4 0 
0 37031254
0 32
cfn=(7538) tokio::runtime::task::raw::dealloc::<tokio::runtime::blocking::task::BlockingTask<<tokio::runtime::scheduler::multi_thread::worker::Launch>::launch::{closure#0}>, tokio::runtime::blocking::schedule::BlockingSchedule>
calls=4 0 
0 404
0 54
cob=(2)
cfi=(2)
cfn=(5956)
calls=1 0 
0 11
0 166
cfn=(7716) <alloc::sync::Arc<tokio::sync::oneshot::Sender<()>>>::drop_slow
calls=1 0 
0 250
0 8
cfn=(5972)
calls=4 0 
0 180
0 19
cob=(2)
cfi=(2)
cfn=(5956)
calls=1 0 
0 11
0 32
cfn=(7798)
calls=1 0 
0 2704
0 35
cfn=(5954)
calls=1 0 
0 769
0 33
cfn=(5432)
calls=4 0 
0 960
0 16

fn=(5954)
0 101655
cob=(2)
cfi=(2)
cfn=(5956)
calls=135 0 
0 1485
0 675

fn=(5990) <core::net::parser::Parser>::read_ipv4_addr
0 712

fn=(6024) <pbrs_grpc::client::channel::Channel>::connect_with::<core::net::socket_addr::SocketAddr>::{closure#0}
0 38
cob=(2)
cfi=(2)
cfn=(4532)
calls=1 0 
0 64
0 22
cfn=(6026)
calls=1 0 
0 1735
0 12
cob=(2)
cfi=(2)
cfn=(4532)
calls=1 0 
0 64
0 5
cob=(2)
cfi=(2)
cfn=(4532)
calls=1 0 
0 64
0 5
cob=(2)
cfi=(2)
cfn=(4532)
calls=1 0 
0 62
0 15
cob=(2)
cfi=(2)
cfn=(4532)
calls=1 0 
0 64
0 15
cob=(2)
cfi=(2)
cfn=(4206)
calls=1 0 
0 187
0 10
cob=(2)
cfi=(2)
cfn=(4532)
calls=1 0 
0 12
0 9
cfn=(6058) <pbrs_grpc::client::channel::Target>::parse
calls=1 0 
0 1705
0 26
cob=(2)
cfi=(2)
cfn=(4206)
calls=1 0 
0 186
0 32
cob=(2)
cfi=(2)
cfn=(4532)
calls=1 0 
0 64
0 7
cfn=(6070) pbrs_grpc::client::pool::handshake::{closure#0}
calls=1 0 
0 17913
0 4
cfn=(6070)
calls=1 0 
0 16364
0 81
cfn=(6574)
calls=1 0 
0 1756
0 23
cob=(2)
cfi=(2)
cfn=(4532)
calls=1 0 
0 64
0 19
cfn=(6578) pbrs_grpc::client::pool::live_slots
calls=1 0 
0 8153
0 3
cob=(2)
cfi=(2)
cfn=(4206)
calls=1 0 
0 204
0 23
cfn=(6586)
calls=1 0 
0 1495
0 8
cob=(2)
cfi=(2)
cfn=(4532)
calls=1 0 
0 76
0 8
cob=(2)
cfi=(2)
cfn=(4916)
calls=1 0 
0 65
0 7
cob=(2)
cfi=(2)
cfn=(4532)
calls=1 0 
0 76
0 6
cfn=(6596)
calls=1 0 
0 17
0 22

fn=(6032)
0 162
cfn=(6029) core::fmt::write'2
calls=6 0 
0 7603
0 24

fn=(6034) <u8 as core::fmt::Display>::fmt
0 720
cfn=(6036) <core::fmt::Formatter>::pad_integral
calls=24 0 
0 4897
0 72

fn=(6072) pbrs_grpc::tcp::dial_via_proxy::{closure#0}
0 25
cfn=(6074) <pbrs_grpc::proxy::ProxyConfig>::from_env
calls=1 0 
0 11485
0 21
cfn=(6130) <pbrs_grpc::proxy::ProxyConfig>::bypasses
calls=1 0 
0 1239
0 6
cfn=(6140) core::ptr::drop_glue::<pbrs_grpc::proxy::ProxyConfig>
calls=1 0 
0 349
0 14

fn=(6074)
0 86
cfn=(5096)
calls=4 0 
0 2740
0 52
cob=(2)
cfi=(2)
cfn=(4206)
calls=4 0 
0 804
0 40
cob=(2)
cfi=(2)
cfn=(4532)
calls=4 0 
0 48
0 32
cfn=(6078)
calls=4 0 
0 768
0 266
cfn=(6082)
calls=2 0 
0 1524
0 15
cfn=(6086)
calls=1 0 
0 199
0 42
cfn=(6088) <str>::trim_matches::<<char>::is_whitespace>
calls=1 0 
0 51
0 8
cfn=(6088)
calls=1 0 
0 51
0 63
cfn=(6090) core::slice::memchr::memrchr_aligned
calls=1 0 
0 117
0 15
cfn=(6090)
calls=1 0 
0 65
0 43
cfn=(6092)
calls=1 0 
0 217
0 7
cob=(2)
cfi=(2)
cfn=(4532)
calls=1 0 
0 14
0 73
cfn=(6086)
calls=1 0 
0 185
0 268
cfn=(6088)
calls=1 0 
0 51
0 6
cfn=(6088)
calls=2 0 
0 102
0 114
cfn=(6094)
calls=3 0 
0 712
0 189
cfn=(6096) pbrs_grpc::proxy::strip_port
calls=3 0 
0 364
0 21
cfn=(5990)
calls=3 0 
0 198
0 18
cfn=(6098) <core::net::parser::Parser>::read_ipv6_addr
calls=2 0 
0 399
0 13
cfn=(6092)
calls=1 0 
0 223
0 7
cob=(2)
cfi=(2)
cfn=(4532)
calls=1 0 
0 12
0 6
cfn=(6102) <alloc::raw_vec::RawVec<pbrs_grpc::proxy::NoProxyRule>>::grow_one
calls=1 0 
0 109
0 84
cob=(2)
cfi=(2)
cfn=(4916)
calls=3 0 
0 195
0 42
cfn=(6104) core::ptr::drop_glue::<std::collections::hash::map::HashMap<alloc::string::String, alloc::string::String>>
calls=1 0 
0 813
0 14

fn=(6078)
0 24
cfn=(6080)
calls=1 0 
0 56
0 5
cfn=(6080)
calls=1 0 
0 34
0 237
cfn=(6080)
calls=7 0 
0 433
0 35
cfn=(6080)
calls=7 0 
0 232
0 483

fn=(6100) <core::net::parser::Parser>::read_ipv6_addr::read_groups
0 63
cfn=(5990)
calls=3 0 
0 82
0 128

fn=(6162) tokio::runtime::scheduler::multi_thread::worker::run
0 132
cfn=(6164)
calls=4 0 
0 132
0 92
cfn=(5222)
calls=4 0 
0 252
0 24
cfn=(5072)
calls=4 0 
0 1204
0 204
cfn=(5192)
calls=4 0 
0 104
0 16
cfn=(5192)
calls=4 0 
0 104
0 157
cfn=(7520) tokio::runtime::task::raw::shutdown::<pbrs_grpc::client::pool::finish_h2<tokio::net::tcp::stream::TcpStream>::{closure#0}::{closure#2}, alloc::sync::Arc<tokio::runtime::scheduler::multi_thread::handle::Handle>>
calls=1 0 
0 7016
cfn=(7444) tokio::runtime::task::raw::shutdown::<pbrs_grpc::server::accept::accept_loop_with_slots<pbrs_grpc::server::router::Router, core::future::pending::Pending<()>>::{closure#0}::{closure#2}, alloc::sync::Arc<tokio::runtime::scheduler::multi_thread::handle::Handle>>
calls=1 0 
0 46417
cfn=(7414)
calls=1 0 
0 4752
0 2309
cfn=(5422)
calls=1 0 
0 112
0 149
cfn=(7702) <tokio::runtime::driver::Driver>::shutdown
calls=4 0 
0 1856
0 36
cob=(2)
cfi=(2)
cfn=(5956)
calls=4 0 
0 44
0 16
cfn=(7708) core::ptr::drop_glue::<tokio::runtime::scheduler::multi_thread::worker::Core>
calls=4 0 
0 156
0 8
cob=(2)
cfi=(2)
cfn=(4916)
calls=4 0 
0 260
0 16
cfn=(5426)
calls=1 0 
0 25
0 6
cfn=(7712)
calls=1 0 
0 206
0 4
cfn=(6268) <tokio::runtime::scheduler::multi_thread::handle::Handle>::next_remote_task
calls=2 0 
0 55
0 50337
cfn=(5192)
calls=47 0 
0 1222
0 376
cfn=(6248)
calls=47 0 
0 1692
0 839
cfn=(5192)
calls=20 0 
0 520
0 200
cfn=(6248)
calls=20 0 
0 720
0 140
cfn=(6250) __floattidf
calls=20 0 
0 900
0 280
cob=(3) /usr/lib/x86_64-linux-gnu/libm.so.6
cfi=(3) ???
cfn=(6252) pow
calls=20 0 
0 2500
0 280
cfn=(6270) <tokio::runtime::scheduler::multi_thread::worker::Context>::park_internal
calls=20 0 
0 7138
0 81
cfn=(6270)
calls=27 0 
0 14525
0 235
cfn=(6290) <tokio::runtime::scheduler::multi_thread::worker::Core>::maintenance
calls=47 0 
0 2444
0 94
cfn=(5192)
calls=47 0 
0 1222
0 188
cfn=(5192)
calls=47 0 
0 1222
0 73879
cfn=(6268)
calls=3 0 
0 60
0 2766
cfn=(6268)
calls=1383 0 
0 14520
0 33430
cfn=(6172) <tokio::runtime::scheduler::multi_thread::worker::Context>::run_task
calls=232 0 
0 2323920
0 4220
cfn=(6172)
calls=1055 0 
0 32001088
0 19370
cfn=(5192)
calls=1664 0 
0 43264
0 13312
cfn=(6248)
calls=1664 0 
0 59904
0 30660
cfn=(5192)
calls=1186 0 
0 30836
0 13046
cfn=(6248)
calls=1186 0 
0 42696
0 8302
cfn=(6250)
calls=1186 0 
0 53370
0 16604
cob=(3)
cfi=(3)
cfn=(6252)
calls=1186 0 
0 148250
0 276765
cfn=(6268)
calls=1664 0 
0 8320
0 38272
cfn=(5192)
calls=1664 0 
0 43264
0 8320
cfn=(5192)
calls=1664 0 
0 43264
0 216488
cfn=(6270)
calls=1905 0 
0 1078775
0 13335
cfn=(6290)
calls=1905 0 
0 99060
0 117143
cfn=(7530) core::ptr::drop_glue::<tokio::runtime::scheduler::Context>
calls=4 0 
0 452
0 8
cfn=(7406)
calls=4 0 
0 288
0 44

fn=(6182) <hashbrown::map::HashMap<&str, alloc::sync::Arc<dyn pbrs_grpc::server::dispatch::DynService>, std::hash::random::RandomState>>::insert
0 19
cfn=(6078)
calls=1 0 
0 188
0 72
cfn=(6184)
calls=1 0 
0 184
0 1

fn=(6200) <alloc::string::String as core::fmt::Display>::fmt
0 5
cfn=(6138)
calls=1 0 
0 131
0 70
cfn=(6138)
calls=14 0 
0 4832

fn=(6204) pbrs_grpc::channelz::trace::truncate
0 189

fn=(6210)
0 66
cfn=(6212) pbrs_grpc::channelz::model::addr_text
calls=3 0 
0 4942
0 25
cfn=(6212)
calls=2 0 
0 3351
0 12
cob=(2)
cfi=(2)
cfn=(4206)
calls=1 0 
0 207
0 21
cfn=(6134)
calls=1 0 
0 954
0 24
cfn=(6134)
calls=2 0 
0 2438
0 12
cob=(2)
cfi=(2)
cfn=(4916)
calls=3 0 
0 211
0 12
cob=(2)
cfi=(2)
cfn=(4916)
calls=3 0 
0 211
0 36
cob=(2)
cfi=(2)
cfn=(4206)
calls=3 0 
0 286
0 30
cob=(2)
cfi=(2)
cfn=(4532)
calls=3 0 
0 32
0 126
cob=(2)
cfi=(2)
cfn=(4206)
calls=3 0 
0 621
0 30
cob=(2)
cfi=(2)
cfn=(4532)
calls=3 0 
0 180
0 130
cob=(2)
cfi=(2)
cfn=(4206)
calls=1 0 
0 210
0 121
cfn=(6134)
calls=3 0 
0 3422
0 30
cfn=(6582) <pbrs_grpc::channelz::model::Registry>::channel
calls=1 0 
0 48
0 31
cfn=(6220) <pbrs_grpc::channelz::model::Registry>::server
calls=2 0 
0 96
0 109
cob=(2)
cfi=(2)
cfn=(4206)
calls=1 0 
0 41
0 10
cob=(2)
cfi=(2)
cfn=(4532)
calls=1 0 
0 11
0 10
cfn=(6202)
calls=1 0 
0 148
0 8
cob=(2)
cfi=(2)
cfn=(4206)
calls=2 0 
0 426
0 20
cob=(2)
cfi=(2)
cfn=(4532)
calls=2 0 
0 22
0 20
cfn=(6202)
calls=2 0 
0 296
0 16
cob=(2)
cfi=(2)
cfn=(4916)
calls=3 0 
0 211
0 33
cob=(2)
cfi=(2)
cfn=(4916)
calls=3 0 
0 211
0 33
cob=(2)
cfi=(2)
cfn=(4206)
calls=1 0 
0 204
0 10
cob=(2)
cfi=(2)
cfn=(4532)
calls=1 0 
0 11
0 5
cfn=(6102)
calls=1 0 
0 109
0 24
cob=(2)
cfi=(2)
cfn=(4206)
calls=2 0 
0 254
0 20
cob=(2)
cfi=(2)
cfn=(4532)
calls=2 0 
0 21
0 10
cfn=(6222) <alloc::raw_vec::RawVec<pbrs_grpc::lb::pick_first::WeightedAddress>>::grow_one
calls=1 0 
0 278
0 36

fn=(6276)
0 129944

fn=(6352) <tokio::runtime::Timer>::init
0 46
cfn=(6248)
calls=2 0 
0 72
0 64
cfn=(6354)
calls=2 0 
0 288

fn=(6414)
0 72
cob=(2)
cfi=(2)
cfn=(4532)
calls=1 0 
0 160
0 2
cfn=(5192)
calls=1 0 
0 26
0 13
cfn=(5468)
calls=1 0 
0 29
0 18
cob=(2)
cfi=(2)
cfn=(4532)
calls=1 0 
0 160
0 19
cob=(2)
cfi=(2)
cfn=(4532)
calls=1 0 
0 172
0 5
cob=(2)
cfi=(2)
cfn=(4532)
calls=1 0 
0 172
0 68
cfn=(6416)
calls=1 0 
0 926
0 57
cfn=(6418)
calls=1 0 
0 388
0 6
cob=(2)
cfi=(2)
cfn=(4532)
calls=1 0 
0 124
0 11
cob=(2)
cfi=(2)
cfn=(4532)
calls=1 0 
0 124
0 10
cob=(2)
cfi=(2)
cfn=(4532)
calls=1 0 
0 124
0 10
cob=(2)
cfi=(2)
cfn=(4532)
calls=1 0 
0 124
0 11
cob=(2)
cfi=(2)
cfn=(4532)
calls=1 0 
0 29
0 5
cob=(2)
cfi=(2)
cfn=(4532)
calls=1 0 
0 136
0 4
cob=(2)
cfi=(2)
cfn=(4532)
calls=1 0 
0 148
0 131
cfn=(6424)
calls=2 0 
0 871
0 24
cob=(2)
cfi=(2)
cfn=(4532)
calls=1 0 
0 112
0 22
cob=(2)
cfi=(2)
cfn=(4532)
calls=1 0 
0 124
0 12
cob=(2)
cfi=(2)
cfn=(4532)
calls=1 0 
0 124
0 10
cob=(2)
cfi=(2)
cfn=(4532)
calls=1 0 
0 124
0 3
cfn=(6450)
calls=1 0 
0 25
0 4
cob=(2)
cfi=(2)
cfn=(4532)
calls=1 0 
0 124
0 25
cob=(2)
cfi=(2)
cfn=(4532)
calls=1 0 
0 112
0 53
cob=(2)
cfi=(2)
cfn=(4532)
calls=1 0 
0 112
0 45
cfn=(6452) <tokio::net::tcp::stream::TcpStream>::poll_read_priv
calls=2 0 
0 350
0 25
cob=(2)
cfi=(2)
cfn=(5054)
calls=1 0 
0 18
0 46
cob=(2)
cfi=(2)
cfn=(4532)
calls=1 0 
0 112
0 16
cfn=(6450)
calls=1 0 
0 26
0 6
cob=(2)
cfi=(2)
cfn=(4532)
calls=1 0 
0 124
0 49
cfn=(6458)
calls=1 0 
0 842
0 12
cfn=(6464)
calls=1 0 
0 37
0 4
cfn=(6468)
calls=1 0 
0 22
0 4
cob=(2)
cfi=(2)
cfn=(4532)
calls=1 0 
0 124
0 38
cob=(2)
cfi=(2)
cfn=(4532)
calls=1 0 
0 148
0 9
cfn=(6470)
calls=1 0 
0 82
0 17
cob=(2)
cfi=(2)
cfn=(4532)
calls=1 0 
0 148
0 15
cob=(2)
cfi=(2)
cfn=(4532)
calls=1 0 
0 148
0 2
cfn=(6474)
calls=1 0 
0 30
0 14
cfn=(6346) tokio::time::timeout::poll_delay
calls=2 0 
0 509
0 9
cob=(2)
cfi=(2)
cfn=(4532)
calls=1 0 
0 148
0 25
cob=(2)
cfi=(2)
cfn=(4532)
calls=1 0 
0 160
0 3
cob=(2)
cfi=(2)
cfn=(4916)
calls=1 0 
0 73
0 13
cfn=(6476) core::ptr::drop_glue::<tokio::time::timeout::Timeout<<pbrs_grpc::transport::h2::ServerBuilder as pbrs_grpc::transport::ServerBuilder>::handshake<tokio::net::tcp::stream::TcpStream>::{closure#0}>>
calls=1 0 
0 165
0 8
cob=(2)
cfi=(2)
cfn=(4532)
calls=1 0 
0 160
0 19
cob=(2)
cfi=(2)
cfn=(4532)
calls=1 0 
0 160
0 31

fn=(6464)
0 40
cfn=(6466) <tracing_core::subscriber::NoSubscriber as tracing_core::subscriber::Subscriber>::current_span
calls=2 0 
0 6
0 28

fn=(6480) <tokio::runtime::time::wheel::Wheel>::remove
0 103

fn=(6496)
0 87965
cfn=(6498) <h2::proto::streams::streams::Streams<bytes::bytes::Bytes, h2::client::Peer>>::clear_expired_reset_streams
calls=1205 0 
0 68685
0 12861
cfn=(6502) <h2::proto::go_away::GoAway>::send_pending_go_away::<tokio::net::tcp::stream::TcpStream, h2::proto::streams::prioritize::Prioritized<bytes::bytes::Bytes>>
calls=2010 0 
0 68340
0 32160
cfn=(6504)
calls=2010 0 
0 34170
0 34170
cfn=(6508) <h2::codec::Codec<tokio::net::tcp::stream::TcpStream, h2::proto::streams::prioritize::Prioritized<bytes::bytes::Bytes>> as futures_core::stream::Stream>::poll_next
calls=2010 0 
0 2804275
0 24935
cob=(2)
cfi=(2)
cfn=(4532)
calls=805 0 
0 23345
0 9660
cob=(2)
cfi=(2)
cfn=(4532)
calls=805 0 
0 23345
0 4025
cfn=(6540) <h2::proto::connection::DynConnection>::recv_frame
calls=805 0 
0 1467911
0 27392
cfn=(6506) <h2::proto::ping_pong::PingPong>::send_pending_ping::<tokio::net::tcp::stream::TcpStream, h2::proto::streams::prioritize::Prioritized<bytes::bytes::Bytes>>
calls=2010 0 
0 98501
0 20156
cfn=(6804) <h2::proto::streams::streams::Streams<bytes::bytes::Bytes, h2::client::Peer>>::apply_local_settings
calls=1 0 
0 91
0 41
cfn=(6418)
calls=1 0 
0 172
0 14
cfn=(6542) <h2::proto::streams::streams::Streams<bytes::bytes::Bytes, h2::client::Peer>>::apply_remote_settings
calls=1 0 
0 130
0 82417
cfn=(6546) <h2::hpack::encoder::Encoder>::update_max_size
calls=1 0 
0 11
0 21292
cfn=(6424)
calls=401 0 
0 212129
0 36932
cfn=(6510) <h2::proto::streams::streams::Inner>::buffer_pending::<tokio::net::tcp::stream::TcpStream, bytes::bytes::Bytes>
calls=1606 0 
0 3257721
0 14857
cfn=(6246)
calls=1205 0 
0 8435
0 8836
cfn=(6454)
calls=803 0 
0 6424
0 30919
cfn=(6424)
calls=1205 0 
0 245945
0 28920
cfn=(6554) <h2::proto::streams::streams::Inner>::reclaim_written_frame::<tokio::net::tcp::stream::TcpStream, bytes::bytes::Bytes>
calls=1205 0 
0 92785
0 47392
cob=(2)
cfi=(2)
cfn=(4532)
calls=401 0 
0 11629
0 9231
cfn=(6556) <h2::proto::streams::streams::Streams<bytes::bytes::Bytes, h2::server::Peer>>::next_incoming
calls=1205 0 
0 113607
0 6821
cfn=(6934) <h2::proto::streams::streams::StreamRef<bytes::bytes::Bytes>>::take_request
calls=401 0 
0 89824
0 1604
cob=(2)
cfi=(2)
cfn=(4532)
calls=401 0 
0 11629
0 1203
cfn=(6762)
calls=401 0 
0 26065
0 6817
cob=(2)
cfi=(2)
cfn=(4532)
calls=401 0 
0 11629
0 11228
cob=(2)
cfi=(2)
cfn=(4532)
calls=401 0 
0 11629
0 17674

fn=(6502)
0 139332

fn=(6550) <h2::proto::streams::store::Queue<h2::proto::streams::stream::NextSendCapacity>>::pop::<h2::proto::streams::store::Store>
0 24

fn=(6622)
0 27268

fn=(6642) <tokio::sync::batch_semaphore::Acquire as core::future::future::Future>::poll
0 30075

fn=(6662) <pbrs_grpc::wire::encode::SegFrame as core::clone::Clone>::clone
0 6015
cfn=(6588)
calls=401 0 
0 39697
0 11629

fn=(6664) pbrs_grpc::client::unary::run_unary_frame::<pbrs_grpc::codec::prost::Message<devloop::echo::EchoReply>>::{closure#0}
0 45186
cfn=(6666) pbrs_grpc::client::unary::run_unary_inner::<pbrs_grpc::codec::prost::Message<devloop::echo::EchoReply>>::{closure#0}
calls=401 0 
0 3140229
0 2552
cfn=(6666)
calls=638 0 
0 2965306
0 3682
cob=(2)
cfi=(2)
cfn=(4532)
calls=401 0 
0 30476
0 802
cfn=(7198) core::ptr::drop_glue::<pbrs_grpc::client::unary::run_unary_inner<pbrs_grpc::codec::prost::Message<devloop::echo::EchoReply>>::{closure#0}>
calls=401 0 
0 8421
0 2807
cob=(2)
cfi=(2)
cfn=(4532)
calls=401 0 
0 30476
0 10390

fn=(6686) core::ptr::drop_glue::<alloc::vec::Vec<http::header::map::ExtraValue<http::header::value::HeaderValue>>>
0 101052

fn=(6696) <pbrs_grpc::transport::h2::SendRequest as pbrs_grpc::transport::SendRequest>::send_request
0 22055
cfn=(6650)
calls=401 0 
0 8421
0 9223
cfn=(6698) <h2::proto::streams::stream::Stream>::new
calls=401 0 
0 38897
0 7218
cfn=(6700)
calls=401 0 
0 381417
0 13233
cob=(2)
cfi=(2)
cfn=(4532)
calls=401 0 
0 11629
0 12832
cob=(2)
cfi=(2)
cfn=(4532)
calls=401 0 
0 25664
0 2005
cfn=(6718) <h2::proto::streams::store::Store>::insert
calls=401 0 
0 130622
0 3609
cob=(2)
cfi=(2)
cfn=(4532)
calls=401 0 
0 20852
0 2807
cfn=(6730) <h2::proto::streams::send::Send>::send_headers::<bytes::bytes::Bytes>
calls=401 0 
0 605636
0 22456
cfn=(6762)
calls=401 0 
0 26065
0 16040
cfn=(6756) <h2::proto::streams::streams::OpaqueStreamRef>::new
calls=401 0 
0 12832
0 5614
cfn=(6758) core::ptr::drop_glue::<std::sync::poison::mutex::MutexGuard<tokio::util::idle_notified_set::ListsInner<tokio::runtime::task::join::JoinHandle<core::result::Result<(pbrs_grpc::resolver::snapshot::ResolvedAddress, pbrs_grpc::client::pool::Dialed), pbrs_grpc::status::Status>>>>>
calls=401 0 
0 5614
0 2807
cfn=(6760) core::ptr::drop_glue::<std::sync::poison::mutex::MutexGuard<h2::proto::streams::streams::Inner>>
calls=401 0 
0 5614
0 3208

fn=(6702)
0 13639

fn=(6722) <alloc::raw_vec::RawVec<slab::Entry<h2::proto::streams::stream::Stream>>>::grow_one
0 30
cfn=(5424)
calls=2 0 
0 467
0 18

fn=(6742)
0 30075
cfn=(6692) http::header::map::hash_elem_using::<http::header::name::HeaderName>
calls=2005 0 
0 48120
0 180851
cfn=(6692)
calls=4010 0 
0 351276
0 179247
cob=(2)
cfi=(2)
cfn=(5054)
calls=802 0 
0 14436
0 41303
cfn=(6702)
calls=3609 0 
0 3609
0 36090

fn=(6750) <slab::Slab<h2::proto::streams::buffer::Slot<h2::frame::Frame>>>::insert_at
0 18059
cfn=(6752) <alloc::raw_vec::RawVec<slab::Entry<h2::proto::streams::buffer::Slot<h2::frame::Frame>>>>::grow_one
calls=2 0 
0 515
0 25
cob=(2)
cfi=(2)
cfn=(4532)
calls=5 0 
0 320
0 28035
cob=(2)
cfi=(2)
cfn=(4532)
calls=2000 0 
0 128000

fn=(6762)
0 156390

fn=(6860) bytes::bytes_mut::shared_v_drop
0 24103
cob=(2)
cfi=(2)
cfn=(4916)
calls=1 0 
0 205
0 3
cob=(2)
cfi=(2)
cfn=(4916)
calls=1 0 
0 73
0 16062

fn=(6934)
0 11629
cfn=(6936)
calls=401 0 
0 70977
0 7218

fn=(6944) pbrs_grpc::server::connection::serve_io_in::<pbrs_grpc::rt::TokioRuntime, pbrs_grpc::server::router::Router, tokio_rustls::server::TlsStream<tokio::net::tcp::stream::TcpStream>>::{closure#0}::{closure#10}
0 11228
cob=(2)
cfi=(2)
cfn=(4532)
calls=401 0 
0 11629
0 3609
cob=(2)
cfi=(2)
cfn=(4532)
calls=401 0 
0 25544
0 11228
cfn=(6946) pbrs_grpc::server::connection::incoming_rpc
calls=401 0 
0 436395
0 2406
cob=(2)
cfi=(2)
cfn=(4532)
calls=401 0 
0 49724
0 1604
cob=(2)
cfi=(2)
cfn=(4532)
calls=401 0 
0 49506
0 2406
cfn=(6954) <pbrs_grpc::server::router::Router as pbrs_grpc::server::dispatch::Dispatch>::dispatch::{closure#0}
calls=401 0 
0 13223050
0 11629

fn=(6948) <http::header::map::HeaderMap as core::clone::Clone>::clone
0 6817
cob=(2)
cfi=(2)
cfn=(4206)
calls=401 0 
0 22063
0 4805
cob=(2)
cfi=(2)
cfn=(4532)
calls=400 0 
0 4400
0 5
cob=(2)
cfi=(2)
cfn=(4532)
calls=1 0 
0 11
0 4812
cob=(2)
cfi=(2)
cfn=(4206)
calls=401 0 
0 17098
0 69771
cfn=(6674)
calls=400 0 
0 4000
cfn=(6588)
calls=1 0 
0 16
0 19649
cfn=(6674)
calls=1200 0 
0 12000
cfn=(6588)
calls=3 0 
0 48
0 3208
cfn=(6674)
calls=400 0 
0 4000
cfn=(6588)
calls=1 0 
0 16
0 22857

fn=(6962)
0 12832
cfn=(6090)
calls=401 0 
0 31544
0 7218

fn=(6966) <pbrs_grpc::server::rpc::Rpc>::effective_timeout
0 3609
cfn=(6742)
calls=401 0 
0 59749
0 5614

fn=(6992) <h2::proto::streams::recv::Recv>::release_capacity
0 29674
cfn=(6994) <h2::proto::streams::recv::Recv>::release_connection_capacity
calls=802 0 
0 24862
0 45714

fn=(7006) prost::encoding::varint::decode_varint_slice
0 18446

fn=(7008) <alloc::vec::Vec<u8> as prost::encoding::sealed::BytesAdapter>::replace_with::<bytes::bytes::Bytes>
0 22456
cob=(2)
cfi=(2)
cfn=(4532)
calls=802 0 
0 99254
0 12030
cfn=(6860)
calls=802 0 
0 4010
0 4812
cfn=(6042)
calls=802 0 
0 99910
0 3208

fn=(7018) core::ptr::drop_glue::<pbrs_grpc::server::drain::run_handler<pbrs_grpc::request::Response<pbrs_grpc::stream::Streaming<pbrs_grpc::codec::prost::Message<devloop::echo::EchoReply>>>, <devloop::ProstNativeEchod as pbrs_grpc::server::dispatch::Service>::call::{closure#0}::{closure#1}::{closure#0}>::{closure#0}>
0 6015

fn=(7020) core::ptr::drop_glue::<<pbrs_grpc::server::rpc::Rpc>::run_unary_request<pbrs_grpc::codec::prost::Message<devloop::echo::EchoRequest>, pbrs_grpc::request::Response<pbrs_grpc::codec::prost::Message<devloop::echo::EchoReply>>, <devloop::ProstNativeEchod as pbrs_grpc::server::dispatch::Service>::call::{closure#0}::{closure#0}, <devloop::ProstNativeEchod as pbrs_grpc::server::dispatch::Service>::call::{closure#0}::{closure#0}::{closure#0}>::{closure#0}::{closure#2}>
0 8421

fn=(7026) core::ptr::drop_glue::<<pbrs_grpc::server::rpc::Rpc>::run_unary_request<pbrs_grpc::codec::prost::Message<devloop::echo::EchoRequest>, pbrs_grpc::request::Response<pbrs_grpc::codec::prost::Message<devloop::echo::EchoReply>>, <devloop::ProstNativeEchod as pbrs_grpc::server::dispatch::Service>::call::{closure#0}::{closure#0}, <devloop::ProstNativeEchod as pbrs_grpc::server::dispatch::Service>::call::{closure#0}::{closure#0}::{closure#0}>::{closure#0}>
0 5213

fn=(7046) <std::sync::once::Once>::call_once_force::<<std::sync::once_lock::OnceLock<pbrs_grpc::metadata::Metadata>>::initialize<<std::sync::once_lock::OnceLock<pbrs_grpc::metadata::Metadata>>::get_or_init<<pbrs_grpc::metadata::Metadata>::new>::{closure#0}, !>::{closure#0}>::{closure#0}
0 17

fn=(7062)
0 21708
cfn=(7016)
calls=804 0 
0 26532
0 14472
cfn=(7016)
calls=804 0 
0 26532
0 14472
cfn=(7016)
calls=804 0 
0 26532
0 14472
cfn=(7016)
calls=804 0 
0 26532
0 14472
cfn=(7016)
calls=804 0 
0 26532
0 14472
cfn=(7016)
calls=804 0 
0 26657
0 14472
cfn=(7016)
calls=804 0 
0 26532
0 14472
cfn=(7016)
calls=804 0 
0 26790
0 5628

fn=(7164) <h2::proto::streams::recv::Recv>::recv_trailers
0 11629
cfn=(6928) <h2::proto::streams::state::State>::recv_close
calls=401 0 
0 12832
0 6416
cfn=(6840)
calls=401 0 
0 9223
0 12431
cfn=(6912)
calls=401 0 
0 20852
0 11069
cfn=(6366)
calls=168 0 
0 10584
0 4010

fn=(7200) core::ptr::drop_glue::<pbrs_grpc::client::unary::run_unary_frame<pbrs_grpc::codec::prost::Message<devloop::echo::EchoReply>>::{closure#0}>
0 7619

fn=(7210) <pbrs_grpc::telemetry::CallGuard>::finish
0 7619
cfn=(6582)
calls=401 0 
0 19248
0 7619

fn=(7212) core::ptr::drop_glue::<pbrs_grpc::telemetry::CallGuard>
0 2005
cfn=(7214) <pbrs_grpc::telemetry::CallGuard as core::ops::drop::Drop>::drop
calls=401 0 
0 3609
0 4010

fn=(7356)
0 33
cfn=(6028)
calls=1 0 
0 447
0 21

fn=(7404)
0 5

fn=(7416)
0 23
cfn=(7418) core::ptr::drop_glue::<tokio::runtime::task::core::Stage<devloop::rpc_prost_unary::{closure#0}::{closure#0}>>
calls=1 0 
0 3509
0 4
cob=(2)
cfi=(2)
cfn=(4532)
calls=1 0 
0 268
0 19
cfn=(7418)
calls=1 0 
0 12
0 4
cob=(2)
cfi=(2)
cfn=(4532)
calls=1 0 
0 268
0 11

fn=(7428) <tokio::sync::batch_semaphore::Semaphore>::close
0 35

fn=(7442) core::ptr::drop_glue::<tokio::runtime::task::core::Cell<devloop::rpc_prost_unary::{closure#0}::{closure#0}, alloc::sync::Arc<tokio::runtime::scheduler::multi_thread::handle::Handle>>>
0 9
cfn=(7418)
calls=1 0 
0 12
0 10

fn=(7460) <h2::proto::error::Error as core::convert::From<core::io::error::Error>>::from
0 56
cfn=(7462) <<alloc::boxed::Box<dyn core::error::Error + core::marker::Send + core::marker::Sync> as core::convert::From<alloc::string::String>>::from::StringError as core::fmt::Display>::fmt
calls=2 0 
0 370
0 22
cfn=(7464) alloc::io::error::custom_owner_from_box::drop_box_raw::<core::io::error::Custom>
calls=2 0 
0 500
0 14

fn=(7490) core::ptr::drop_glue::<std::sync::poison::mutex::Mutex<h2::proto::streams::streams::Inner>>
0 22
cfn=(7492) core::ptr::drop_glue::<h2::proto::streams::streams::Actions>
calls=2 0 
0 437
0 4
cfn=(7496) core::ptr::drop_glue::<slab::Slab<h2::proto::streams::stream::Stream>>
calls=2 0 
0 413
0 16
cob=(2)
cfi=(2)
cfn=(4916)
calls=2 0 
0 188
0 14
cob=(2)
cfi=(2)
cfn=(4916)
calls=2 0 
0 190

fn=(7496)
0 70
cob=(2)
cfi=(2)
cfn=(4916)
calls=2 0 
0 343

fn=(7498) <alloc::sync::Arc<h2::proto::streams::streams::SendBuffer<bytes::bytes::Bytes>>>::drop_slow
0 12
cfn=(7500)
calls=2 0 
0 434
0 18
cob=(2)
cfi=(2)
cfn=(4916)
calls=2 0 
0 188

fn=(7512) <alloc::sync::Arc<pbrs_grpc::channelz::model::ServerEntry>>::drop_slow
0 10
cob=(2)
cfi=(2)
cfn=(4916)
calls=1 0 
0 125
0 2
cfn=(7396) core::ptr::drop_glue::<pbrs_grpc::channelz::trace::Trace>
calls=1 0 
0 637
0 8
cob=(2)
cfi=(2)
cfn=(4916)
calls=1 0 
0 73
0 11
cob=(2)
cfi=(2)
cfn=(4916)
calls=1 0 
0 73

fn=(7520)
0 23
cfn=(7522) <tokio::runtime::task::core::Core<pbrs_grpc::client::pool::finish_h2<tokio::net::tcp::stream::TcpStream>::{closure#0}::{closure#2}, alloc::sync::Arc<tokio::runtime::scheduler::current_thread::Handle>>>::set_stage
calls=1 0 
0 6112
0 9
cfn=(7522)
calls=1 0 
0 381
0 2
cfn=(7528) <tokio::runtime::task::harness::Harness<pbrs_grpc::client::pool::finish_h2<tokio::net::tcp::stream::TcpStream>::{closure#0}::{closure#2}, alloc::sync::Arc<tokio::runtime::scheduler::multi_thread::handle::Handle>>>::complete
calls=1 0 
0 485
0 4

fn=(7522)
0 76
cfn=(7524)
calls=1 0 
0 5727
0 19
cob=(2)
cfi=(2)
cfn=(4532)
calls=3 0 
0 1020
0 36

fn=(7528)
0 22
cfn=(7522)
calls=1 0 
0 385
0 5
cfn=(7094)
calls=1 0 
0 56
0 17

fn=(7542)
0 22
cfn=(5192)
calls=1 0 
0 26
0 34
cob=(2)
cfi=(2)
cfn=(5956)
calls=1 0 
0 11
0 16

fn=(7708)
0 36
cfn=(7710) core::ptr::drop_glue::<tokio::runtime::scheduler::multi_thread::queue::Local<alloc::sync::Arc<tokio::runtime::scheduler::multi_thread::handle::Handle>>>
calls=4 0 
0 92
0 28

fn=(7720)
0 36
cob=(2)
cfi=(2)
cfn=(7722) pthread_join
calls=4 0 
0 625
0 84
cfn=(7778)
calls=4 0 
0 864
0 20
cfn=(7780) <alloc::sync::Arc<std::thread::lifecycle::Packet<()>>>::drop_slow
calls=4 0 
0 528
0 32

fn=(7804) <alloc::sync::Arc<tokio::runtime::scheduler::multi_thread::park::Shared>>::drop_slow
0 4
cfn=(7806) core::ptr::drop_glue::<tokio::runtime::driver::Driver>
calls=1 0 
0 248
0 7
cob=(2)
cfi=(2)
cfn=(4916)
calls=1 0 
0 65

fn=(7812) core::ptr::drop_glue::<alloc::vec::Vec<alloc::sync::Arc<tokio::runtime::io::scheduled_io::ScheduledIo>>>
0 23
cob=(2)
cfi=(2)
cfn=(4916)
calls=1 0 
0 65

fn=(7836) <alloc::sync::Arc<dyn core::ops::function::Fn<(), Output = ()> + core::marker::Send + core::marker::Sync>>::drop_slow
0 27
cob=(2)
cfi=(2)
cfn=(4916)
calls=1 0 
0 117

fn=(7858) std::sys::thread_local::native::lazy::destroy::<tokio::runtime::park::ParkThread>
0 8
cfn=(7860) <alloc::sync::Arc<tokio::runtime::park::Inner>>::drop_slow
calls=1 0 
0 123

fn=(7924) 0x00000000002591e0
0 9
cob=(2)
cfi=(2)
cfn=(7932) __cxa_finalize
calls=1 0 
0 71
0 1
0 1
cfn=(7944) 0x0000000000259170
calls=1 0 
0 5
0 3

fn=(7944)
0 5

fn=(6518) <h2::proto::streams::prioritize::Prioritize>::pop_frame::<bytes::bytes::Bytes>
0 171864
cfn=(6520) <h2::proto::streams::store::Queue<h2::proto::streams::stream::NextSend>>::pop::<h2::proto::streams::store::Store>
calls=4092 0 
0 84702
0 102419
cfn=(6816) <h2::proto::streams::buffer::Deque>::pop_front::<h2::frame::Frame>
calls=2005 0 
0 360499
0 86862
cob=(2)
cfi=(2)
cfn=(4532)
calls=1203 0 
0 76992
0 12030
cob=(2)
cfi=(2)
cfn=(4532)
calls=1203 0 
0 72180
0 28872
cfn=(6848) <h2::proto::streams::stream::Stream>::send_data
calls=802 0 
0 58546
0 15238
cfn=(6850)
calls=802 0 
0 22456
0 67769
cfn=(6814)
calls=1203 0 
0 58947
0 8020
cfn=(6784)
calls=2005 0 
0 222154
0 8020
cob=(2)
cfi=(2)
cfn=(4532)
calls=2005 0 
0 128320
0 51027

fn=(4166) main
0 9
cfn=(4168)
calls=1 0 
0 14635330
0 2

fn=(5034) std::sys::backtrace::__rust_begin_short_backtrace::<fn(), ()>
0 2
cfn=(5036)
calls=1 0 
0 14535291
0 2

fn=(5160)
0 12
cfn=(5126)
calls=1 0 
0 165
0 15
cfn=(5134)
calls=1 0 
0 250
0 9
cfn=(5048)
calls=1 0 
0 109
0 14

fn=(5426)
0 50

fn=(5628) <std::hash::random::RandomState as core::hash::BuildHasher>::hash_one::<&usize>
0 161
cfn=(5092) <std::hash::random::DefaultHasher as core::hash::Hasher>::write
calls=7 0 
0 385
0 476

fn=(5982)
0 23053
cfn=(5984) <tokio::net::tcp::listener::TcpListener>::bind::<&str>::{closure#0}
calls=1 0 
0 1120
0 24
cfn=(6010)
calls=1 0 
0 45
0 29
cob=(2)
cfi=(2)
cfn=(4532)
calls=1 0 
0 268
0 11
cob=(2)
cfi=(2)
cfn=(4532)
calls=1 0 
0 268
0 11
cob=(2)
cfi=(2)
cfn=(4532)
calls=1 0 
0 268
0 19
cob=(2)
cfi=(2)
cfn=(4532)
calls=1 0 
0 268
0 12
cob=(2)
cfi=(2)
cfn=(4532)
calls=1 0 
0 268
0 10
cob=(2)
cfi=(2)
cfn=(5224)
calls=1 0 
0 472
0 14
cob=(2)
cfi=(2)
cfn=(4532)
calls=1 0 
0 280
0 4
cfn=(6014)
calls=1 0 
0 82
0 13
cfn=(6016)
calls=1 0 
0 103
0 27
cfn=(6022) <pbrs_grpc::client::channel::Channel>::connect::<core::net::socket_addr::SocketAddr>::{closure#0}
calls=1 0 
0 22368
0 5
cfn=(6022)
calls=1 0 
0 28506
0 12
cob=(2)
cfi=(2)
cfn=(4532)
calls=1 0 
0 74
0 15
cob=(2)
cfi=(2)
cfn=(4532)
calls=1 0 
0 76
0 6
cob=(2)
cfi=(2)
cfn=(4206)
calls=1 0 
0 188
0 11
cob=(2)
cfi=(2)
cfn=(4532)
calls=1 0 
0 124
0 47
cfn=(6598)
calls=1 0 
0 13103
0 13
cfn=(6612) <pbrs_grpc::client::channel::Channel>::unary::<pbrs_grpc::codec::prost::Message<devloop::echo::EchoRequest>, pbrs_grpc::codec::prost::Message<devloop::echo::EchoReply>>::{closure#0}
calls=1 0 
0 12378
0 12
cfn=(6612)
calls=2 0 
0 9650
0 17
cob=(2)
cfi=(2)
cfn=(4532)
calls=1 0 
0 76
0 2
cfn=(7218) core::ptr::drop_glue::<pbrs_grpc::request::Call<pbrs_grpc::request::Response<pbrs_grpc::stream::Streaming<pbrs_grpc::codec::prost::Message<pbrs_adoption_corpus::prost_types::EntityList>>>>>
calls=1 0 
0 722
0 9
cob=(2)
cfi=(2)
cfn=(4532)
calls=1 0 
0 76
0 2
cfn=(7222) core::ptr::drop_glue::<pbrs_grpc::request::Response<pbrs_grpc::codec::prost::Message<devloop::echo::EchoReply>>>
calls=1 0 
0 620
0 27
cfn=(5192)
calls=1 0 
0 26
0 6244
cfn=(6612)
calls=1036 0 
0 8251363
0 6308
cob=(2)
cfi=(2)
cfn=(4532)
calls=400 0 
0 30400
0 800
cfn=(7218)
calls=400 0 
0 288800
0 4000
cob=(2)
cfi=(2)
cfn=(4532)
calls=400 0 
0 30400
0 4000
cfn=(6682)
calls=400 0 
0 104000
0 2000
cfn=(6682)
calls=400 0 
0 167441
0 3600
cfn=(6610)
calls=400 0 
0 6800
0 3600
cob=(2)
cfi=(2)
cfn=(4916)
calls=400 0 
0 26000
0 5602
cob=(2)
cfi=(2)
cfn=(4206)
calls=400 0 
0 16400
0 4800
cob=(2)
cfi=(2)
cfn=(4532)
calls=400 0 
0 49600
0 17200
cfn=(6598)
calls=400 0 
0 5234036
0 3202
cfn=(5192)
calls=1 0 
0 26
0 11
cfn=(6248)
calls=1 0 
0 36
0 20
cfn=(7342)
calls=1 0 
0 6441
0 7
cfn=(7352)
calls=1 0 
0 549
0 4
cob=(2)
cfi=(2)
cfn=(4916)
calls=1 0 
0 65
0 7
cfn=(7216) core::ptr::drop_glue::<pbrs_grpc::client::channel::Channel>
calls=1 0 
0 4453
0 6
cfn=(7402) core::ptr::drop_glue::<devloop::rpc_prost_unary::{closure#0}>
calls=1 0 
0 11
0 11508

fn=(6096)
0 72
cfn=(6090)
calls=4 0 
0 336
0 116

fn=(6104)
0 87
cob=(2)
cfi=(2)
cfn=(4916)
calls=4 0 
0 310
0 16
cob=(2)
cfi=(2)
cfn=(4916)
calls=4 0 
0 312
0 23
cob=(2)
cfi=(2)
cfn=(4916)
calls=1 0 
0 65

fn=(6140)
0 10
cob=(2)
cfi=(2)
cfn=(4916)
calls=1 0 
0 117
0 30
cob=(2)
cfi=(2)
cfn=(4916)
calls=1 0 
0 117
0 10
cob=(2)
cfi=(2)
cfn=(4916)
calls=1 0 
0 65

fn=(6190) <pbrs_grpc::server::router::Router>::with_channelz
0 44
cob=(2)
cfi=(2)
cfn=(4206)
calls=1 0 
0 213
0 26
cfn=(6192) alloc::str::join_generic_copy::<str, u8, &str>
calls=1 0 
0 295
0 25
cob=(2)
cfi=(2)
cfn=(4206)
calls=1 0 
0 213
0 10
cob=(2)
cfi=(2)
cfn=(4532)
calls=1 0 
0 12
0 2
cfn=(5192)
calls=1 0 
0 26
0 24
cob=(2)
cfi=(2)
cfn=(4206)
calls=1 0 
0 210
0 12
cob=(2)
cfi=(2)
cfn=(4532)
calls=1 0 
0 29
0 9
cfn=(6134)
calls=1 0 
0 491
0 7
cfn=(6202)
calls=1 0 
0 446
0 17
cfn=(6194)
calls=1 0 
0 349
0 11
cob=(2)
cfi=(2)
cfn=(4206)
calls=1 0 
0 210
0 35
cob=(2)
cfi=(2)
cfn=(4916)
calls=1 0 
0 73
0 12
cob=(2)
cfi=(2)
cfn=(4532)
calls=1 0 
0 76
0 4
cob=(2)
cfi=(2)
cfn=(4916)
calls=1 0 
0 73
0 9

fn=(6208) <alloc::raw_vec::RawVec<pbrs_grpc::channelz::trace::TraceEvent>>::grow_one
0 45
cfn=(5424)
calls=3 0 
0 1051
0 27

fn=(6218) <&str as core::fmt::Display>::fmt
0 15
cfn=(6138)
calls=3 0 
0 514

fn=(6242) <tokio::runtime::io::registration::Registration>::readiness::{closure#0}
0 126
cfn=(6244)
calls=3 0 
0 372
0 4
cfn=(6244)
calls=1 0 
0 85
0 24
cfn=(6292) <tokio::runtime::io::scheduled_io::Readiness as core::ops::drop::Drop>::drop
calls=2 0 
0 80
0 86

fn=(6250)
0 54270

fn=(6274) <tokio::runtime::time::Driver>::park_internal
0 46290
cfn=(6276)
calls=1543 0 
0 43296
0 33962
cfn=(5192)
calls=4 0 
0 104
0 32
cfn=(6248)
calls=4 0 
0 144
0 15603
cfn=(6278) <tokio::runtime::io::driver::Driver>::turn
calls=1506 0 
0 358668
0 37
cfn=(6278)
calls=37 0 
0 8479
0 6172
cfn=(5192)
calls=1543 0 
0 40118
0 12344
cfn=(6248)
calls=1543 0 
0 55548
0 38575
cfn=(6288)
calls=1543 0 
0 215821

fn=(6406)
0 63

fn=(6410)
0 67670
cfn=(6412)
calls=404 0 
0 53738
0 27876
cfn=(6412)
calls=2323 0 
0 216039
0 40905

fn=(6418)
0 72380
cfn=(6512)
calls=2 0 
0 114
0 70
cfn=(6420) <h2::frame::settings::Settings>::encode
calls=4 0 
0 895
0 6027
cob=(2)
cfi=(2)
cfn=(4532)
calls=1203 0 
0 67368
0 18045
cfn=(6818) <h2::frame::headers::Headers>::encode
calls=1203 0 
0 3237666
0 44128
cfn=(6852) <bytes::bytes_mut::BytesMut as bytes::buf::buf_mut::BufMut>::put::<bytes::buf::take::Take<&mut h2::proto::streams::prioritize::Prioritized<bytes::bytes::Bytes>>>
calls=802 0 
0 85012
0 51418

fn=(6492)
0 28

fn=(6494)
0 3
cob=(2)
cfi=(2)
cfn=(4206)
calls=1 0 
0 41
0 13

fn=(6498)
0 50088
cfn=(6500) <h2::proto::streams::recv::Recv>::clear_expired_reset_streams
calls=2087 0 
0 35479
0 33392

fn=(6570)
0 11

fn=(6580) <pbrs_grpc::channelz::model::Registry>::set_channel_state
0 8
cfn=(6582)
calls=1 0 
0 48
0 31
cfn=(6134)
calls=1 0 
0 467
0 7
cfn=(6202)
calls=1 0 
0 148
0 18

fn=(6582)
0 38640

fn=(6590)
0 12195
cob=(2)
cfi=(2)
cfn=(4206)
calls=813 0 
0 34881
0 24364

fn=(6612)
0 25592
cfn=(5192)
calls=401 0 
0 10426
0 10827
cfn=(6614) <pbrs_grpc::channelz::model::Registry>::note_call_started
calls=401 0 
0 60150
0 17644
cfn=(6616) pbrs_grpc::wire::encode::encode_msg::<pbrs_grpc::codec::prost::Message<devloop::echo::EchoRequest>>
calls=401 0 
0 336328
0 6416
cob=(2)
cfi=(2)
cfn=(4916)
calls=401 0 
0 26065
0 5213
cfn=(6606)
calls=401 0 
0 2807
0 2807
cfn=(6628) <pbrs_grpc::client::channel::Channel>::take_rpc_slot
calls=401 0 
0 2807
0 8020
cfn=(6602)
calls=401 0 
0 17243
0 1604
cfn=(6630)
calls=401 0 
0 8020
0 2406
cfn=(6632)
calls=401 0 
0 16441
0 23258
cfn=(7212)
calls=401 0 
0 9624
0 3609
cfn=(7216)
calls=401 0 
0 22055
0 5213
cfn=(6682)
calls=401 0 
0 19649
0 11629
cfn=(7016)
calls=401 0 
0 13233
0 5213
cob=(2)
cfi=(2)
cfn=(4532)
calls=401 0 
0 30476
0 13999
cfn=(6702)
calls=401 0 
0 401
0 15639
cfn=(6634) <pbrs_grpc::client::channel::Channel>::grab_in::<pbrs_grpc::rt::TokioRuntime>::{closure#0}
calls=401 0 
0 373331
0 8421
cfn=(6654) core::ptr::drop_glue::<<pbrs_grpc::client::channel::Channel>::grab_in<pbrs_grpc::rt::TokioRuntime>::{closure#0}>
calls=401 0 
0 6817
0 28070
cfn=(6656)
calls=401 0 
0 17257
0 9624
cfn=(6658) <pbrs_grpc::channelz::model::Registry>::note_stream_started
calls=401 0 
0 71378
0 8020
cfn=(6662)
calls=401 0 
0 57341
0 8020
cfn=(6606)
calls=401 0 
0 2807
0 44912
cfn=(6664)
calls=401 0 
0 3181933
0 3190
cfn=(6664)
calls=638 0 
0 3058394
0 4484
cob=(2)
cfi=(2)
cfn=(4532)
calls=401 0 
0 30476
0 802
cfn=(7200)
calls=401 0 
0 7619
0 18847
cob=(2)
cfi=(2)
cfn=(4532)
calls=401 0 
0 30476
0 6015
cob=(2)
cfi=(2)
cfn=(4532)
calls=401 0 
0 30476
0 6015
cfn=(7056) <pbrs_grpc::channelz::model::Registry>::note_stream_end
calls=401 0 
0 35689
0 2807
cfn=(7012)
calls=401 0 
0 69774
0 2005
cfn=(7012)
calls=401 0 
0 69373
0 7218
cfn=(7202) pbrs_grpc::client::pool::ingest_orca_report::{closure#0}
calls=401 0 
0 10426
0 12978
cob=(2)
cfi=(2)
cfn=(4532)
calls=401 0 
0 20852
0 3208
cob=(2)
cfi=(2)
cfn=(4532)
calls=401 0 
0 11629
0 7218
cob=(2)
cfi=(2)
cfn=(4532)
calls=401 0 
0 20852
0 3208
cob=(2)
cfi=(2)
cfn=(4532)
calls=401 0 
0 11629
0 6015
cob=(2)
cfi=(2)
cfn=(4532)
calls=401 0 
0 20852
0 2807
cob=(2)
cfi=(2)
cfn=(4532)
calls=401 0 
0 11629
0 3208
cfn=(7204) <pbrs_grpc::client::channel::Channel>::note_call_outcome::{closure#0}
calls=401 0 
0 20451
0 1604
cfn=(7206) core::ptr::drop_glue::<<pbrs_grpc::client::channel::Channel>::note_call_outcome::{closure#0}>
calls=401 0 
0 5213
0 2005
cfn=(7208) pbrs_grpc::client::call::finish_attempt
calls=401 0 
0 1604
0 2005
cfn=(7210)
calls=401 0 
0 34486
0 6015
cob=(2)
cfi=(2)
cfn=(4532)
calls=401 0 
0 30476
0 18446
cfn=(6842)
calls=401 0 
0 59749
0 802
cfn=(6626)
calls=401 0 
0 7218
0 401

fn=(6624) <pbrs_grpc::wire::encode::SegSink>::finish
0 39298
cfn=(6626)
calls=802 0 
0 14436
0 7218

fn=(6658)
0 6416
cfn=(6660)
calls=802 0 
0 48120
0 6416
cfn=(5192)
calls=401 0 
0 10426
0 3208
cfn=(6248)
calls=401 0 
0 14436
0 1604
cfn=(5192)
calls=401 0 
0 10426
0 3208
cfn=(6248)
calls=401 0 
0 14436
0 20451

fn=(6660)
0 192480

fn=(6670) pbrs_grpc::client::call::open_in::<pbrs_grpc::rt::TokioRuntime>::{closure#0}::{closure#1}
0 13233
cfn=(6648)
calls=401 0 
0 44511
0 13634

fn=(6678)
0 27268

fn=(6682)
0 20050
cob=(2)
cfi=(2)
cfn=(4916)
calls=1604 0 
0 137194
0 11228
cfn=(6684)
calls=2807 0 
0 159628
0 8822
cob=(2)
cfi=(2)
cfn=(4916)
calls=1604 0 
0 168823
0 16842
cfn=(6686)
calls=2807 0 
0 50526
0 8020
cfn=(6684)
calls=802 0 
0 10426
0 6416
cfn=(6686)
calls=802 0 
0 14436
0 8020
cfn=(6684)
calls=802 0 
0 10426
0 6416
cfn=(6686)
calls=802 0 
0 14436

fn=(6692)
0 808416

fn=(6714)
0 42982
cob=(2)
cfi=(2)
cfn=(4916)
calls=411 0 
0 30511
0 2466
cob=(2)
cfi=(2)
cfn=(4916)
calls=411 0 
0 28707
0 30440

fn=(6720) <slab::Slab<h2::proto::streams::stream::Stream>>::insert_at
0 7226
cfn=(6722)
calls=2 0 
0 515
0 10
cob=(2)
cfi=(2)
cfn=(4532)
calls=2 0 
0 128
0 11214
cob=(2)
cfi=(2)
cfn=(4532)
calls=800 0 
0 51200

fn=(6724) <std::hash::random::RandomState as core::hash::BuildHasher>::hash_one::<&h2::frame::stream_id::StreamId>
0 38496
cfn=(5092)
calls=1604 0 
0 43308
0 109072

fn=(6736) <http::header::map::HeaderMap>::contains_key::<&str>
0 28872
cfn=(6738) http::header::name::parse_hdr
calls=2406 0 
0 368118
0 337642

fn=(6760)
0 5614

fn=(6782)
0 43308

fn=(6792) <tokio::task::coop::RestoreOnPending as core::ops::drop::Drop>::drop
0 16624

fn=(6818)
0 22857
cfn=(6820) <h2::frame::headers::HeaderBlock>::into_encoding
calls=1203 0 
0 2804584
0 7218
cfn=(6846)
calls=1203 0 
0 271878
0 38496
cob=(2)
cfi=(2)
cfn=(4532)
calls=1203 0 
0 16844
0 75789

fn=(6824)
0 242
cfn=(6842)
calls=1 0 
0 132
cfn=(6860)
calls=1 0 
0 291
0 80
cfn=(6714)
calls=3 0 
0 802
cfn=(6702)
calls=3 0 
0 3
0 112
cfn=(6714)
calls=7 0 
0 1866
cfn=(6702)
calls=7 0 
0 7
0 85758
cfn=(6842)
calls=801 0 
0 104418
cfn=(6702)
calls=803 0 
0 803
0 16012
cfn=(6702)
calls=1200 0 
0 1200
0 22424
cfn=(6702)
calls=2800 0 
0 2800
cfn=(6702)
calls=3 0 
0 3
0 4010

fn=(6840)
0 46115

fn=(6848)
0 17644
cfn=(6850)
calls=802 0 
0 22456
0 18446

fn=(6868) <h2::hpack::decoder::Decoder>::try_decode_string
0 24783
cfn=(6618)
calls=1 0 
0 530
0 256841
cfn=(6880) <bytes::bytes_mut::BytesMut as bytes::buf::buf_mut::BufMut>::put_slice
calls=403 0 
0 16523
0 2861
cfn=(6536)
calls=413 0 
0 18529
0 13629

fn=(6888) <bytes::bytes_mut::BytesMut as core::ops::drop::Drop>::drop
0 10827

fn=(6890) <h2::proto::streams::recv::Recv>::open
0 12832

fn=(6900)
0 33283
cfn=(6874) bytes::bytes_mut::shared_v_clone
calls=401 0 
0 4010
0 4411
cfn=(6902)
calls=401 0 
0 89423
0 8020
cfn=(6860)
calls=401 0 
0 2005
0 8020
cfn=(6904) <http::uri::scheme::Scheme as core::str::traits::FromStr>::from_str
calls=401 0 
0 12431
0 16441
cfn=(6702)
calls=401 0 
0 401
0 6416
cfn=(6874)
calls=401 0 
0 4010
0 1604
cfn=(6906) <http::uri::path::PathAndQuery>::from_maybe_shared::<bytes::bytes::Bytes>
calls=401 0 
0 112681
0 10426
cfn=(6860)
calls=401 0 
0 2005
0 5213
cob=(2)
cfi=(2)
cfn=(4532)
calls=401 0 
0 11629
0 1604
cob=(2)
cfi=(2)
cfn=(4532)
calls=401 0 
0 11629
0 12431
cfn=(6676)
calls=401 0 
0 22456
0 8020
cfn=(6910) core::ptr::drop_glue::<http::uri::Uri>
calls=401 0 
0 8421
0 8421
cob=(2)
cfi=(2)
cfn=(4532)
calls=401 0 
0 11629
0 2005
cob=(2)
cfi=(2)
cfn=(4532)
calls=401 0 
0 11629
0 1604
cob=(2)
cfi=(2)
cfn=(4532)
calls=401 0 
0 11629
0 2406
cfn=(6682)
calls=401 0 
0 19649
0 8020
cob=(2)
cfi=(2)
cfn=(4532)
calls=401 0 
0 11629
0 2406

fn=(6942) tokio::runtime::task::raw::poll::<pbrs_grpc::server::connection::serve_io_in<pbrs_grpc::rt::TokioRuntime, pbrs_grpc::server::router::Router, tokio_rustls::server::TlsStream<tokio::net::tcp::stream::TcpStream>>::{closure#0}::{closure#10}, alloc::sync::Arc<tokio::runtime::scheduler::multi_thread::handle::Handle>>
0 20852
cfn=(6944)
calls=401 0 
0 13839958
0 4010
cfn=(7088) <tokio::runtime::task::core::Core<pbrs_grpc::server::connection::serve_io_in<pbrs_grpc::rt::TokioRuntime, pbrs_grpc::server::router::Router, tokio_rustls::server::TlsStream<tokio::net::tcp::stream::TcpStream>>::{closure#0}::{closure#10}, alloc::sync::Arc<tokio::runtime::scheduler::current_thread::Handle>>>::set_stage
calls=401 0 
0 142754
0 3609
cfn=(7088)
calls=401 0 
0 133533
0 802
cfn=(7092) <tokio::runtime::task::harness::Harness<pbrs_grpc::server::connection::serve_io_in<pbrs_grpc::rt::TokioRuntime, pbrs_grpc::server::router::Router, tokio_rustls::server::TlsStream<tokio::net::tcp::stream::TcpStream>>::{closure#0}::{closure#10}, alloc::sync::Arc<tokio::runtime::scheduler::multi_thread::handle::Handle>>>::complete
calls=401 0 
0 275820
0 3208

fn=(6980) pbrs_grpc::wire::frame_reader::read_one_message::<pbrs_grpc::codec::prost::Message<devloop::echo::EchoRequest>>::{closure#0}
0 19248
cfn=(6982)
calls=802 0 
0 169222
0 8421
cfn=(6986)
calls=401 0 
0 13634
0 1203
cfn=(6988)
calls=401 0 
0 202104
0 8822
cfn=(7000)
calls=401 0 
0 9624
0 1203
cfn=(7000)
calls=401 0 
0 39298
0 15238
cfn=(7002) <pbrs_grpc::codec::prost::Message<devloop::echo::EchoRequest> as pbrs_grpc::codec::CodecMessage>::decode_payload
calls=401 0 
0 188855
0 33684
cfn=(7010)
calls=401 0 
0 8421
0 1604

fn=(7014) <pbrs_grpc::request::Request<pbrs_grpc::codec::prost::Message<devloop::echo::EchoRequest>>>::into_inner
0 5213
cfn=(6682)
calls=401 0 
0 121102
0 4010
cob=(2)
cfi=(2)
cfn=(4916)
calls=401 0 
0 27441
0 1604
cob=(2)
cfi=(2)
cfn=(4916)
calls=401 0 
0 27457
0 1604
cob=(2)
cfi=(2)
cfn=(4916)
calls=401 0 
0 27457
0 11228
cfn=(7016)
calls=401 0 
0 13233
0 1604
cfn=(6610)
calls=401 0 
0 114285
0 4411

fn=(7156) pbrs_grpc::keepalive::wait::{closure#0}
0 41458
cfn=(6410)
calls=1 0 
0 237
0 3520
cfn=(6410)
calls=880 0 
0 117920
0 23787

fn=(7184) pbrs_grpc::wire::frame_reader::status_from::{closure#0}
0 75789

fn=(7206)
0 5213

fn=(7308) <tokio::runtime::driver::Driver>::park_timeout
0 297
cfn=(6274)
calls=33 0 
0 17843

fn=(7360) <alloc::sync::Arc<pbrs_grpc::client::pool::ChannelInner>>::drop_slow
0 6
cfn=(7362) core::ptr::drop_glue::<pbrs_grpc::client::pool::ChannelInner>
calls=1 0 
0 3609
0 9
cob=(2)
cfi=(2)
cfn=(4916)
calls=1 0 
0 65

fn=(7400) <alloc::sync::Arc<pbrs_grpc::service_config::SharedCell>>::drop_slow
0 16
cob=(2)
cfi=(2)
cfn=(4916)
calls=1 0 
0 117

fn=(7406)
0 20
cfn=(5972)
calls=1 0 
0 45
0 87
cfn=(5972)
calls=4 0 
0 180
0 28

fn=(7410)
0 18
cfn=(7412) <tokio::runtime::scheduler::multi_thread::handle::Handle>::shutdown
calls=1 0 
0 303

fn=(7424) core::ptr::drop_glue::<pbrs_grpc::server::accept::accept_loop_with_slots<pbrs_grpc::server::router::Router, core::future::pending::Pending<()>>::{closure#0}>
0 22
cfn=(6292)
calls=1 0 
0 52
0 5
cfn=(6454)
calls=1 0 
0 8
0 17
cfn=(7062)
calls=1 0 
0 682
0 6
cfn=(7426) core::ptr::drop_glue::<tokio::sync::mpsc::bounded::Receiver<()>>
calls=1 0 
0 203
0 4
cfn=(7432) core::ptr::drop_glue::<tokio::sync::mpsc::bounded::Sender<()>>
calls=1 0 
0 20
0 8
cfn=(7368)
calls=1 0 
0 2192
0 14
cfn=(7434)
calls=1 0 
0 215
0 10

fn=(7432)
0 58
cfn=(7514) <alloc::sync::Arc<tokio::sync::mpsc::chan::Chan<(), tokio::sync::mpsc::bounded::Semaphore>>>::drop_slow
calls=1 0 
0 258
0 8

fn=(7452)
0 32

fn=(7462)
0 10
cfn=(6138)
calls=2 0 
0 360

fn=(7478) core::ptr::drop_glue::<h2::hpack::encoder::Encoder>
0 24
cob=(2)
cfi=(2)
cfn=(4916)
calls=2 0 
0 146
0 53
cfn=(6824)
calls=2 0 
0 59
0 4
cfn=(6824)
calls=2 0 
0 59
0 22
cfn=(6824)
calls=1 0 
0 32
0 6
cfn=(6824)
calls=3 0 
0 209
0 24
cob=(2)
cfi=(2)
cfn=(4916)
calls=2 0 
0 146
0 38
cob=(2)
cfi=(2)
cfn=(4916)
calls=2 0 
0 146

fn=(7516) <tokio::runtime::task::harness::Harness<pbrs_grpc::server::accept::accept_loop_with_slots<pbrs_grpc::server::router::Router, core::future::pending::Pending<()>>::{closure#0}::{closure#2}, alloc::sync::Arc<tokio::runtime::scheduler::multi_thread::handle::Handle>>>::complete
0 26
cfn=(7446)
calls=1 0 
0 12044
0 5
cfn=(7094)
calls=1 0 
0 56
0 13
cfn=(7518) core::ptr::drop_glue::<tokio::runtime::task::core::Cell<pbrs_grpc::server::accept::accept_loop_with_slots<pbrs_grpc::server::router::Router, core::future::pending::Pending<()>>::{closure#0}::{closure#2}, alloc::sync::Arc<tokio::runtime::scheduler::multi_thread::handle::Handle>>>
calls=1 0 
0 26
0 2
cob=(2)
cfi=(2)
cfn=(4916)
calls=1 0 
0 229
0 6

fn=(7540) core::ptr::drop_glue::<tokio::runtime::task::core::Cell<tokio::runtime::blocking::task::BlockingTask<<tokio::runtime::scheduler::multi_thread::worker::Launch>::launch::{closure#0}>, tokio::runtime::blocking::schedule::BlockingSchedule>>
0 104

fn=(7548) <std::sys::pal::unix::stack_overflow::Handler as core::ops::drop::Drop>::drop
0 52
cob=(2)
cfi=(2)
cfn=(5014) getauxval
calls=4 0 
0 580
0 40
cob=(2)
cfi=(2)
cfn=(5012) sigaltstack
calls=4 0 
0 20
0 20
cob=(2)
cfi=(2)
cfn=(5890) munmap
calls=4 0 
0 20
0 4
cob=(2)
cfi=(2)
cfn=(5030)
calls=4 0 
0 12
0 272
cfn=(7550)
calls=4 0 
0 446
0 44
cob=(2)
cfi=(2)
cfn=(4916)
calls=4 0 
0 416
0 80

fn=(7716)
0 25
cfn=(7718) tokio::runtime::park::wake_by_ref
calls=1 0 
0 52
0 4
cfn=(7796) <alloc::sync::Arc<tokio::sync::oneshot::Inner<()>>>::drop_slow
calls=1 0 
0 93
0 11
cob=(2)
cfi=(2)
cfn=(4916)
calls=1 0 
0 65

fn=(7718)
0 1
cfn=(6368) <tokio::runtime::park::Inner>::unpark
calls=1 0 
0 51

fn=(7796)
0 10
cfn=(6572)
calls=1 0 
0 7
0 11
cob=(2)
cfi=(2)
cfn=(4916)
calls=1 0 
0 65

fn=(7808) core::ptr::drop_glue::<tokio::runtime::config::Config>
0 20

fn=(7842) <std::sync::once_lock::OnceLock<std::sync::reentrant_lock::ReentrantLock<core::cell::RefCell<alloc::io::buffered::linewriter::LineWriter<std::io::stdio::StdoutRaw>>>>>::initialize::<<std::sync::once_lock::OnceLock<std::sync::reentrant_lock::ReentrantLock<core::cell::RefCell<alloc::io::buffered::linewriter::LineWriter<std::io::stdio::StdoutRaw>>>>>::get_or_init<std::io::stdio::cleanup::{closure#0}>::{closure#0}, !>
0 20
cfn=(6197) <std::sys::sync::once::futex::Once>::call'2
calls=1 0 
0 63
0 3

fn=(6802)
0 13744

fn=(6812) <h2::proto::streams::store::Queue<h2::proto::streams::stream::NextSend>>::push_front
0 19649

fn=(5032)
0 3
cfn=(5034)
calls=1 0 
0 14535295
0 3

fn=(5048)
0 48523

fn=(5076)
0 170
cob=(2)
cfi=(2)
cfn=(5078) getrandom
calls=5 0 
0 434
0 85

fn=(5154) <std::path::Component as core::cmp::PartialEq>::eq
0 170
cob=(2)
cfi=(2)
cfn=(5054)
calls=5 0 
0 90
0 38

fn=(5210)
0 11
cob=(2)
cfi=(2)
cfn=(4206)
calls=1 0 
0 190
0 18
cob=(2)
cfi=(2)
cfn=(4206)
calls=1 0 
0 41
0 88
cob=(2)
cfi=(2)
cfn=(4206)
calls=1 0 
0 187
0 10
cob=(2)
cfi=(2)
cfn=(4532)
calls=1 0 
0 52
0 10

fn=(5432)
0 231
cob=(2)
cfi=(2)
cfn=(5434) __cxa_thread_atexit_impl
calls=11 0 
0 2773

fn=(5468)
0 261

fn=(5474) <alloc::raw_vec::RawVec<tokio::runtime::blocking::pool::Task>>::grow_one
0 15
cfn=(5424)
calls=1 0 
0 237
0 9

fn=(5970)
0 23
cob=(2)
cfi=(2)
cfn=(4916)
calls=1 0 
0 65

fn=(5974)
0 31

fn=(5984)
0 19
cfn=(5986)
calls=1 0 
0 241
0 10
cfn=(5992)
calls=1 0 
0 25
0 28
cfn=(5994) <mio::net::tcp::listener::TcpListener>::bind
calls=1 0 
0 76
0 20
cfn=(6004) <tokio::io::poll_evented::PollEvented<mio::net::tcp::stream::TcpStream>>::new_with_interest
calls=1 0 
0 694
0 7

fn=(6058)
0 20
cfn=(6060)
calls=1 0 
0 180
0 3
cfn=(6066) <core::str::pattern::StrSearcher as core::str::pattern::Searcher>::next_match
calls=1 0 
0 97
0 9
cfn=(6060)
calls=1 0 
0 180
0 3
cfn=(6066)
calls=1 0 
0 97
0 10
cfn=(6060)
calls=1 0 
0 180
0 3
cfn=(6066)
calls=1 0 
0 97
0 10
cfn=(6060)
calls=1 0 
0 180
0 3
cfn=(6066)
calls=1 0 
0 97
0 6
cfn=(6068) <http::uri::authority::Authority as core::str::traits::FromStr>::from_str
calls=1 0 
0 514
0 16

fn=(6084)
0 84
cob=(2)
cfi=(2)
cfn=(4206)
calls=2 0 
0 402
0 40
cob=(2)
cfi=(2)
cfn=(4968)
calls=2 0 
0 20
0 24

fn=(6196)
0 89
cfn=(7046)
calls=1 0 
0 17
cfn=(6198) <std::sync::once::Once>::call_once_force::<<std::sync::once_lock::OnceLock<alloc::sync::Arc<pbrs_grpc::channelz::model::Registry>>>::initialize<<std::sync::once_lock::OnceLock<alloc::sync::Arc<pbrs_grpc::channelz::model::Registry>>>::get_or_init<<pbrs_grpc::channelz::model::Registry>::global::{closure#0}>::{closure#0}, !>::{closure#0}>::{closure#0}
calls=1 0 
0 281
0 6
cfn=(7840) <std::sync::once::Once>::call_once::<std::rt::cleanup::{closure#0}>::{closure#0}
calls=1 0 
0 108
0 50

fn=(6197)
0 37
cfn=(7844)
calls=1 0 
0 14
0 12

fn=(6198)
0 27
cob=(2)
cfi=(2)
cfn=(4206)
calls=1 0 
0 210
0 10
cob=(2)
cfi=(2)
cfn=(4532)
calls=1 0 
0 29
0 5

fn=(6286)
0 11368
cfn=(6016)
calls=1624 0 
0 152312

fn=(6346)
0 78
cfn=(6348) <tokio::time::sleep::Sleep as core::future::future::Future>::poll
calls=3 0 
0 883

fn=(6348)
0 123
cfn=(6350)
calls=2 0 
0 18
0 26
cfn=(6352)
calls=2 0 
0 470
0 42
cfn=(6360)
calls=3 0 
0 138
0 66

fn=(6366)
0 3834
cfn=(6368)
calls=639 0 
0 32549
0 3834

fn=(6368)
0 25571
cob=(2)
cfi=(2)
cfn=(5956)
calls=639 0 
0 7029

fn=(6398) tokio::runtime::task::raw::poll::<pbrs_grpc::server::accept::accept_loop_with_slots<pbrs_grpc::server::router::Router, core::future::pending::Pending<()>>::{closure#0}::{closure#2}, alloc::sync::Arc<tokio::runtime::scheduler::multi_thread::handle::Handle>>
0 48360
cfn=(6400)
calls=806 0 
0 11001554
0 37076

fn=(6402)
0 44
cob=(2)
cfi=(2)
cfn=(5998) setsockopt
calls=2 0 
0 12
0 12
cfn=(5096)
calls=2 0 
0 1929
0 32

fn=(6420)
0 406
cfn=(6422) <h2::frame::settings::Settings>::encode::{closure#0}
calls=2 0 
0 78
0 8
cfn=(6422)
calls=1 0 
0 39
0 10
cfn=(6422)
calls=2 0 
0 78
0 12
cfn=(6422)
calls=2 0 
0 78
0 12
cfn=(6422)
calls=2 0 
0 78
0 12
cfn=(6422)
calls=2 0 
0 78
0 6

fn=(6432) core::ptr::drop_glue::<<tokio::net::tcp::stream::TcpStream>::connect<&str>::{closure#0}>
0 13

fn=(6452)
0 54604
cfn=(6342) <tokio::runtime::io::registration::Registration>::poll_ready
calls=3212 0 
0 324183
0 21702
cfn=(6342)
calls=26 0 
0 3354
0 18478
cob=(2)
cfi=(2)
cfn=(6456) recv
calls=1150 0 
0 67954
0 2326
cob=(2)
cfi=(2)
cfn=(5030)
calls=26 0 
0 78
0 208
cfn=(6396) std::sys::io::error::unix::decode_error_kind
calls=26 0 
0 208
0 67603

fn=(6468)
0 44

fn=(6478)
0 64
cfn=(6480)
calls=2 0 
0 103
0 42
cfn=(6572)
calls=1 0 
0 7
cfn=(6454)
calls=1 0 
0 8
0 32

fn=(6482)
0 15
cfn=(6484)
calls=1 0 
0 139

fn=(6488)
0 10

fn=(6490)
0 26
cob=(2)
cfi=(2)
cfn=(4206)
calls=2 0 
0 302
0 42

fn=(6500)
0 35479

fn=(6508)
0 143202
cfn=(6534)
calls=2011 0 
0 257763
0 62341
cfn=(6538) h2::codec::framed_read::decode_frame
calls=2011 0 
0 3521108
0 74490
cfn=(6452)
calls=3210 0 
0 560348
0 40110
cfn=(6534)
calls=1123 0 
0 221232
0 46291
cob=(2)
cfi=(2)
cfn=(4532)
calls=2011 0 
0 58319
0 48872
cob=(2)
cfi=(2)
cfn=(4532)
calls=2011 0 
0 128704
0 8044

fn=(6530)
0 13230
cfn=(6532) <h2::proto::streams::streams::Streams<hyper::proto::h2::SendBuf<bytes::bytes::Bytes>, h2::client::Peer>>::has_streams_or_other_references
calls=882 0 
0 42270
0 3528
cfn=(6532)
calls=882 0 
0 35124
0 48510
cfn=(6498)
calls=882 0 
0 50274
0 13730
cfn=(6502)
calls=2088 0 
0 70992
0 33408
cfn=(6504)
calls=2088 0 
0 35496
0 35496
cfn=(6508)
calls=2088 0 
0 2366549
0 29970
cob=(2)
cfi=(2)
cfn=(4532)
calls=1206 0 
0 34974
0 14472
cob=(2)
cfi=(2)
cfn=(4532)
calls=1206 0 
0 34974
0 6030
cfn=(6540)
calls=1206 0 
0 1273923
0 37328
cfn=(6506)
calls=2088 0 
0 102343
0 20936
cfn=(6804)
calls=1 0 
0 163
0 85649
cfn=(6418)
calls=1 0 
0 172
0 14
cfn=(6542)
calls=1 0 
0 127
0 7
cfn=(6546)
calls=1 0 
0 11
0 15242
cfn=(6424)
calls=401 0 
0 212129
0 30472
cfn=(6510)
calls=1283 0 
0 3224147
0 12910
cfn=(6246)
calls=881 0 
0 6167
cfn=(6344)
calls=1 0 
0 5
0 6250
cfn=(6454)
calls=479 0 
0 3832
0 22853
cfn=(6424)
calls=882 0 
0 63899
0 21168
cfn=(6554)
calls=882 0 
0 67914
0 38808
cfn=(6532)
calls=882 0 
0 35124
0 10584

fn=(6554)
0 54262
cfn=(6514)
calls=2087 0 
0 70958
0 35479

fn=(6600)
0 6416
cfn=(6602)
calls=401 0 
0 17243
0 13634

fn=(6606)
0 11228

fn=(6614)
0 1604
cfn=(6582)
calls=401 0 
0 19248
0 2807
cfn=(5192)
calls=401 0 
0 10426
0 3208
cfn=(6248)
calls=401 0 
0 14436
0 8421

fn=(6652) core::ptr::drop_glue::<<pbrs_grpc::client::pool::ChannelInner>::acquire::{closure#0}>
0 8421

fn=(6654)
0 6817

fn=(6666)
0 60169
cfn=(6668) pbrs_grpc::client::call::open_in::<pbrs_grpc::rt::TokioRuntime>::{closure#0}
calls=401 0 
0 2247603
0 6015
cfn=(6770) core::ptr::drop_glue::<pbrs_grpc::client::call::open_in<pbrs_grpc::rt::TokioRuntime>::{closure#0}>
calls=401 0 
0 6817
0 39153
cfn=(6772) pbrs_grpc::client::call::send_request_frame_in::<pbrs_grpc::rt::TokioRuntime>::{closure#0}
calls=401 0 
0 350875
0 2807
cfn=(6790)
calls=401 0 
0 6817
0 37293
cob=(2)
cfi=(2)
cfn=(4532)
calls=401 0 
0 49724
0 3609
cob=(2)
cfi=(2)
cfn=(4532)
calls=401 0 
0 48922
0 6015
cob=(2)
cfi=(2)
cfn=(4532)
calls=401 0 
0 49724
0 56288
cob=(2)
cfi=(2)
cfn=(4532)
calls=401 0 
0 30476
0 14965
cob=(2)
cfi=(2)
cfn=(4532)
calls=401 0 
0 30476
0 3208
cob=(2)
cfi=(2)
cfn=(4532)
calls=401 0 
0 30476
0 802
cfn=(7192) core::ptr::drop_glue::<pbrs_grpc::client::call::first_of_in<pbrs_grpc::rt::TokioRuntime, pbrs_grpc::request::Response<pbrs_grpc::codec::prost::Message<devloop::echo::EchoReply>>, pbrs_grpc::client::unary::run_unary_inner<pbrs_grpc::codec::prost::Message<devloop::echo::EchoReply>>::{closure#0}::{closure#3}>::{closure#0}>
calls=401 0 
0 8421
0 4812
cob=(2)
cfi=(2)
cfn=(4532)
calls=401 0 
0 30476
0 2005
cfn=(7194) pbrs_grpc::client::call::prefer_deadline_in::<pbrs_grpc::rt::TokioRuntime, pbrs_grpc::request::Response<pbrs_grpc::codec::prost::Message<devloop::echo::EchoReply>>>
calls=401 0 
0 37694
0 5614
cob=(2)
cfi=(2)
cfn=(4532)
calls=401 0 
0 30476
0 4812
cob=(2)
cfi=(2)
cfn=(4532)
calls=401 0 
0 30476
0 802
cfn=(7196)
calls=401 0 
0 6817
0 4010
cob=(2)
cfi=(2)
cfn=(4532)
calls=401 0 
0 30476
0 1604
cfn=(7052) core::ptr::drop_glue::<h2::proto::streams::streams::StreamRef<bytes::bytes::Bytes>>
calls=401 0 
0 325983
0 2807
cfn=(6702)
calls=401 0 
0 401
0 9114
cfn=(6794)
calls=1039 0 
0 2095810
0 6726
cob=(2)
cfi=(2)
cfn=(4532)
calls=401 0 
0 30476
0 19248
cfn=(6410)
calls=401 0 
0 94235
0 2552
cfn=(6410)
calls=638 0 
0 85492
0 9351
cfn=(6792)
calls=1039 0 
0 16624
0 4484
cob=(2)
cfi=(2)
cfn=(4532)
calls=401 0 
0 30476
0 2406
cfn=(7190)
calls=401 0 
0 51729
0 4812
cob=(2)
cfi=(2)
cfn=(4532)
calls=401 0 
0 30476
0 1604

fn=(6730)
0 15238
cfn=(6732)
calls=802 0 
0 854130
0 42105
cfn=(6744)
calls=401 0 
0 1604
0 802
cfn=(6744)
calls=401 0 
0 1604
0 17243
cob=(2)
cfi=(2)
cfn=(4532)
calls=401 0 
0 25664
0 2807
cfn=(6748)
calls=401 0 
0 161466
0 2406
cfn=(6746) <h2::proto::streams::prioritize::Prioritize>::queue_open
calls=401 0 
0 19649
0 2406
cob=(2)
cfi=(2)
cfn=(4532)
calls=401 0 
0 25664
0 2807
cfn=(6748)
calls=401 0 
0 99302
0 2408
cfn=(6284)
calls=1 0 
0 245
cfn=(6366)
calls=1 0 
0 23
0 2

fn=(6756)
0 25664

fn=(6774) pbrs_grpc::wire::send::send_frame::{closure#0}
0 114686
cfn=(6588)
calls=401 0 
0 39697
cfn=(6674)
calls=401 0 
0 4010
0 4010
cfn=(6776) <pbrs_grpc::transport::h2::SendStream as pbrs_grpc::transport::SendStream>::send_data
calls=802 0 
0 540548
0 8020
cfn=(6786) core::ptr::drop_glue::<core::option::Option<alloc::vec::into_iter::IntoIter<bytes::bytes::Bytes>>>
calls=802 0 
0 16842
0 5614
cfn=(6842)
calls=401 0 
0 4812
cfn=(6714)
calls=401 0 
0 3609
0 16842

fn=(6776)
0 105062
cfn=(6778) <h2::proto::streams::prioritize::Prioritize>::try_assign_capacity
calls=802 0 
0 111077
0 8822
cfn=(6780)
calls=401 0 
0 11228
0 2005
cfn=(6782)
calls=401 0 
0 21654
0 24060
cfn=(6748)
calls=401 0 
0 124711
0 7619
cfn=(6784)
calls=802 0 
0 42506
0 29674
cfn=(6750)
calls=401 0 
0 34887
0 17243

fn=(6780)
0 11228
cfn=(6744)
calls=401 0 
0 1604
0 5213
cfn=(6744)
calls=401 0 
0 1604
0 2406

fn=(6826) <h2::hpack::table::Table>::index_vacant
0 144
cfn=(6828) <h2::hpack::header::Header>::len
calls=8 0 
0 184
0 32
cfn=(6830) <h2::hpack::table::Table>::converge
calls=8 0 
0 208
0 185
cfn=(6832) <alloc::collections::vec_deque::VecDeque<h2::hpack::table::Slot>>::grow
calls=3 0 
0 1090
0 422

fn=(6836) h2::hpack::encoder::encode_str
0 6205
cfn=(6618)
calls=2 0 
0 813
0 193944
cfn=(6618)
calls=5 0 
0 1629
0 9236

fn=(6854) <h2::frame::headers::HeaderBlock>::load
0 220031
cfn=(6856) <h2::hpack::decoder::Table>::get
calls=4403 0 
0 308875
0 105672
cfn=(6858)
calls=4403 0 
0 409479
0 22015
cfn=(6860)
calls=4403 0 
0 22015
0 13209
cfn=(6862) <h2::frame::headers::HeaderBlock>::load::{closure#0}
calls=4403 0 
0 1201795
0 4467
cfn=(6866) <h2::hpack::decoder::Decoder>::decode_literal
calls=8 0 
0 13148
0 184
cfn=(6872) <h2::hpack::header::Header as core::clone::Clone>::clone
calls=8 0 
0 2971
0 3300
cfn=(6866)
calls=401 0 
0 451469
0 9624
cfn=(6858)
calls=401 0 
0 37293
0 2005
cfn=(6860)
calls=401 0 
0 2005
0 1203
cfn=(6862)
calls=401 0 
0 24060
0 412
cfn=(6716)
calls=4 0 
0 28
0 130
cfn=(6876) <alloc::collections::vec_deque::VecDeque<h2::hpack::header::Header>>::grow
calls=3 0 
0 1105
0 75
cfn=(6858)
calls=3 0 
0 279
0 115
cfn=(6858)
calls=5 0 
0 465
0 40
cfn=(6860)
calls=8 0 
0 40
0 104
cfn=(6862)
calls=8 0 
0 3316
0 62556

fn=(6856)
0 73685
cfn=(6872)
calls=3200 0 
0 221200
0 24121

fn=(6872)
0 72982
cfn=(6674)
calls=1200 0 
0 12000
cfn=(6588)
calls=3 0 
0 807
0 19649
cfn=(6874)
calls=401 0 
0 4010
0 20050
cfn=(6674)
calls=1600 0 
0 16000
cfn=(6588)
calls=4 0 
0 904
0 10827
cfn=(6674)
calls=1200 0 
0 12000
cfn=(6588)
calls=3 0 
0 807
0 54135

fn=(6894) <hashbrown::raw::RawTableInner>::find_insert_index
0 11

fn=(6910)
0 4411
cfn=(6860)
calls=401 0 
0 2005
0 3208
cfn=(6860)
calls=401 0 
0 2005
0 4411
cfn=(6702)
calls=401 0 
0 401
0 3208
cfn=(6702)
calls=401 0 
0 401

fn=(6914) <alloc::raw_vec::RawVec<slab::Entry<h2::proto::streams::buffer::Slot<h2::proto::streams::recv::Event>>>>::grow_one
0 30
cfn=(5424)
calls=2 0 
0 476
0 18

fn=(6916)
0 19649

fn=(6970) pbrs_grpc::wire::headers::accepts_codec
0 8020
cfn=(6742)
calls=802 0 
0 188470
0 18446

fn=(6988)
0 8020
cfn=(6762)
calls=802 0 
0 52130
0 3208
cfn=(6990) <h2::share::FlowControl>::release_capacity
calls=802 0 
0 145964
0 4812
cfn=(6996)
calls=802 0 
0 193944
0 7218

fn=(7024)
0 51328
cfn=(6800)
calls=802 0 
0 15238
0 20852

fn=(7054) core::ptr::drop_glue::<pbrs_grpc::server::drain::send_unary_response<pbrs_grpc::codec::prost::Message<devloop::echo::EchoReply>>::{closure#0}>
0 6817

fn=(7060) <tokio::sync::watch::Sender<bool>>::send
0 4411

fn=(7064)
0 4854
cob=(2)
cfi=(2)
cfn=(4916)
calls=809 0 
0 55869

fn=(7154)
0 24060
cfn=(6714)
calls=802 0 
0 67557
0 8020

fn=(7174) <pbrs_grpc::codec::prost::Message<devloop::echo::EchoReply> as pbrs_grpc::codec::CodecMessage>::decode_payload
0 9624
cfn=(7004) prost::encoding::varint::decode_varint::<&mut bytes::bytes::Bytes>
calls=401 0 
0 6817
0 7218
cfn=(7004)
calls=401 0 
0 21253
0 8421
cfn=(7008)
calls=401 0 
0 122589
0 2406
cfn=(6702)
calls=401 0 
0 401
0 7619

fn=(7192)
0 8421

fn=(7198)
0 8421

fn=(7202)
0 10426

fn=(7348) <u64 as itoa::Unsigned>::fmt
0 441

fn=(7362)
0 16
cfn=(7364)
calls=1 0 
0 2119
0 8
cob=(2)
cfi=(2)
cfn=(4916)
calls=1 0 
0 65
0 15
cfn=(7064)
calls=1 0 
0 123
0 5
cob=(2)
cfi=(2)
cfn=(4916)
calls=1 0 
0 65
0 5
cfn=(6714)
calls=1 0 
0 9
0 2
cfn=(7384)
calls=1 0 
0 89
0 2
cfn=(7386) core::ptr::drop_glue::<core::option::Option<pbrs_grpc::resolver::registry::ResolverHandle>>
calls=1 0 
0 13
0 8
cfn=(7388) <pbrs_grpc::channelz::model::ChannelHandle as core::ops::drop::Drop>::drop
calls=1 0 
0 1056
0 9

fn=(7402)
0 11

fn=(7412)
0 40
cfn=(6562)
calls=1 0 
0 55
0 9
cfn=(6562)
calls=3 0 
0 181
0 18

fn=(7440)
0 33
cfn=(7418)
calls=1 0 
0 17
0 4
cob=(2)
cfi=(2)
cfn=(4532)
calls=1 0 
0 268
0 9
cfn=(7094)
calls=1 0 
0 56
0 13
cfn=(7442)
calls=1 0 
0 31
0 2
cob=(2)
cfi=(2)
cfn=(4916)
calls=1 0 
0 170
0 7

fn=(7464)
0 16
cfn=(7466) alloc::io::error::custom_owner_from_box::drop_box_raw::<dyn core::error::Error + core::marker::Send + core::marker::Sync>
calls=2 0 
0 328
0 10
cob=(2)
cfi=(2)
cfn=(4916)
calls=2 0 
0 146

fn=(7482)
0 20

fn=(7502)
0 6
cfn=(7504) core::ptr::drop_glue::<pbrs_grpc::server::router::Router>
calls=1 0 
0 1597
0 9
cob=(2)
cfi=(2)
cfn=(4916)
calls=1 0 
0 73

fn=(7504)
0 36
cfn=(7506)
calls=1 0 
0 152
0 10
cob=(2)
cfi=(2)
cfn=(4916)
calls=1 0 
0 73
0 14
cfn=(7064)
calls=1 0 
0 79
0 8
cfn=(7508) <pbrs_grpc::channelz::model::ServerHandle as core::ops::drop::Drop>::drop
calls=1 0 
0 1214
0 11

fn=(7514)
0 10
cfn=(7430)
calls=1 0 
0 28
0 7
cob=(2)
cfi=(2)
cfn=(4916)
calls=1 0 
0 125
0 15
cob=(2)
cfi=(2)
cfn=(4916)
calls=1 0 
0 73

fn=(7558) std::sys::thread_local::native::eager::destroy::<tokio::runtime::context::Context>
0 35

fn=(7582) std::sys::thread_local::guard::key::enable::run
0 116

fn=(7706) core::ptr::drop_glue::<alloc::vec::into_iter::IntoIter<alloc::sync::Arc<tokio::runtime::io::scheduled_io::ScheduledIo>>>
0 19
cob=(2)
cfi=(2)
cfn=(4916)
calls=1 0 
0 73

fn=(7710)
0 92

fn=(7832) core::ptr::drop_glue::<alloc::collections::vec_deque::VecDeque<tokio::runtime::blocking::pool::Task>>
0 16
cfn=(7834) core::ptr::drop_glue::<alloc::collections::vec_deque::Dropper<tokio::runtime::blocking::pool::Task>>
calls=1 0 
0 9
0 11
cob=(2)
cfi=(2)
cfn=(4916)
calls=1 0 
0 65

fn=(6524)
0 16884

fn=(6804)
0 50
cfn=(6806) <h2::proto::streams::recv::Recv>::apply_local_settings
calls=2 0 
0 168
0 36

fn=(6810) pbrs_grpc::client::pool::finish_h2::<tokio::net::tcp::stream::TcpStream>::{closure#0}::{closure#2}
0 12345
cob=(2)
cfi=(2)
cfn=(4532)
calls=1 0 
0 160
0 40509
cfn=(7156)
calls=307 0 
0 65084
0 2661
cfn=(6530)
calls=290 0 
0 2735416
0 14391
cfn=(6530)
calls=307 0 
0 2831582
0 3853
cfn=(7156)
calls=284 0 
0 60208
0 15017
cfn=(6530)
calls=284 0 
0 2589085
0 2302
cfn=(7156)
calls=290 0 
0 61630
0 8509

fn=(4104) (below main)
0 11
cob=(2)
cfi=(2)
cfn=(4106) (below main)
calls=1 0 
0 14638073

fn=(4140) std::sys::args::unix::imp::ARGV_INIT_ARRAY::init_wrapper
0 4

fn=(5140)
0 14
cob=(2)
cfi=(2)
cfn=(4532)
calls=1 0 
0 11
0 61
cfn=(5128)
calls=1 0 
0 123
0 6
cob=(2)
cfi=(2)
cfn=(4532)
calls=1 0 
0 29
0 8

fn=(5142)
0 75
cfn=(5144) <std::path::Components as core::iter::traits::double_ended::DoubleEndedIterator>::next_back
calls=3 0 
0 546
0 18
cfn=(5148)
calls=3 0 
0 413
0 63

fn=(5486)
0 595
cob=(2)
cfi=(2)
cfn=(4502)
calls=35 0 
0 6908
0 385

fn=(5492) std::thread::spawnhook::run_spawn_hooks
0 96
cfn=(5494) <std::thread::spawnhook::SpawnHooks as core::ops::drop::Drop>::drop
calls=4 0 
0 76
0 102
cfn=(5432)
calls=1 0 
0 406
0 2

fn=(5494)
0 247

fn=(5838) <std::sys::thread_local::key::racy::LazyKey>::lazy_init
0 8
cob=(2)
cfi=(2)
cfn=(5840) pthread_key_create
calls=1 0 
0 17
0 9
cob=(2)
cfi=(2)
cfn=(5840)
calls=1 0 
0 26
0 5
cob=(2)
cfi=(2)
cfn=(5842) pthread_key_delete
calls=1 0 
0 15
0 13

fn=(5968)
0 26

fn=(6004)
0 36
cfn=(5468)
calls=3 0 
0 87
0 75
cfn=(6006) <tokio::runtime::io::registration_set::RegistrationSet>::allocate
calls=3 0 
0 2091
0 75
cob=(2)
cfi=(2)
cfn=(5174) epoll_ctl
calls=3 0 
0 18
0 45

fn=(6014)
0 33278

fn=(6036)
0 1050
cfn=(6038)
calls=30 0 
0 630
0 480
cfn=(6040) <alloc::string::String as core::fmt::Write>::write_str
calls=30 0 
0 3415

fn=(6088)
0 255

fn=(6142) core::ptr::drop_glue::<pbrs_grpc::tcp::dial_via_proxy::{closure#0}>
0 15

fn=(6160)
0 196
cfn=(6162)
calls=4 0 
0 37030314
0 32
cfn=(7534) <tokio::runtime::task::core::Core<tokio::runtime::blocking::task::BlockingTask<<tokio::runtime::scheduler::multi_thread::worker::Launch>::launch::{closure#0}>, tokio::runtime::blocking::schedule::BlockingSchedule>>::set_stage
calls=4 0 
0 172
0 36
cfn=(7534)
calls=4 0 
0 160
0 40
cfn=(7536) <tokio::runtime::task::harness::Harness<tokio::runtime::blocking::task::BlockingTask<<tokio::runtime::scheduler::multi_thread::worker::Launch>::launch::{closure#0}>, tokio::runtime::blocking::schedule::BlockingSchedule>>::complete
calls=4 0 
0 304

fn=(6176) devloop::rpc_prost_unary::{closure#0}::{closure#0}
0 28
cfn=(6178) <pbrs_grpc::server::router::Router>::new
calls=1 0 
0 291
0 3
cfn=(6180) <pbrs_grpc::server::router::Router>::add_service::<devloop::ProstNativeEchod>
calls=1 0 
0 861
0 11
cob=(2)
cfi=(2)
cfn=(4532)
calls=1 0 
0 76
0 4
cob=(2)
cfi=(2)
cfn=(4532)
calls=1 0 
0 268
0 5
cfn=(6188) <pbrs_grpc::server::router::Router>::serve_listener::{closure#0}
calls=1 0 
0 11817
0 3
cfn=(6188)
calls=1 0 
0 62948
0 28

fn=(6188)
0 169
cob=(2)
cfi=(2)
cfn=(4532)
calls=1 0 
0 76
0 9
cob=(2)
cfi=(2)
cfn=(4532)
calls=1 0 
0 220
0 5
cob=(2)
cfi=(2)
cfn=(4532)
calls=1 0 
0 218
0 14
cob=(2)
cfi=(2)
cfn=(4532)
calls=1 0 
0 76
0 10
cob=(2)
cfi=(2)
cfn=(4532)
calls=1 0 
0 64
0 4
cfn=(6190)
calls=1 0 
0 2963
0 7
cob=(2)
cfi=(2)
cfn=(4532)
calls=1 0 
0 76
0 2
cob=(2)
cfi=(2)
cfn=(4206)
calls=1 0 
0 210
0 10
cob=(2)
cfi=(2)
cfn=(4532)
calls=1 0 
0 76
0 11
cob=(2)
cfi=(2)
cfn=(4532)
calls=1 0 
0 64
0 5
cob=(2)
cfi=(2)
cfn=(4532)
calls=1 0 
0 64
0 6
cob=(2)
cfi=(2)
cfn=(4532)
calls=1 0 
0 64
0 73
cob=(2)
cfi=(2)
cfn=(4532)
calls=1 0 
0 29
0 30
cob=(2)
cfi=(2)
cfn=(4532)
calls=1 0 
0 64
0 19
cfn=(6010)
calls=1 0 
0 45
0 50
cfn=(6210)
calls=1 0 
0 5900
0 10
cfn=(6224) tokio::sync::mpsc::bounded::channel::<()>
calls=1 0 
0 682
0 5
cob=(2)
cfi=(2)
cfn=(4206)
calls=1 0 
0 210
0 16
cob=(2)
cfi=(2)
cfn=(4968)
calls=1 0 
0 35
0 52
cfn=(6240) <tokio::net::tcp::listener::TcpListener>::accept::{closure#0}
calls=2 0 
0 908
0 3
cfn=(6240)
calls=1 0 
0 1127
0 67
cob=(2)
cfi=(2)
cfn=(4532)
calls=1 0 
0 64
0 32
cob=(2)
cfi=(2)
cfn=(4532)
calls=1 0 
0 11975
0 11
cob=(2)
cfi=(2)
cfn=(4532)
calls=1 0 
0 11991
0 21
cob=(2)
cfi=(2)
cfn=(4532)
calls=1 0 
0 11995
0 12
cob=(2)
cfi=(2)
cfn=(4532)
calls=1 0 
0 11999
0 10
cob=(2)
cfi=(2)
cfn=(5224)
calls=1 0 
0 495
0 13
cob=(2)
cfi=(2)
cfn=(4532)
calls=1 0 
0 12191
0 4
cfn=(6014)
calls=1 0 
0 82
0 13
cfn=(6016)
calls=1 0 
0 52
0 57

fn=(6192)
0 31
cob=(2)
cfi=(2)
cfn=(4206)
calls=1 0 
0 213
0 20
cob=(2)
cfi=(2)
cfn=(4532)
calls=1 0 
0 12
0 19

fn=(6212)
0 140
cfn=(6026)
calls=5 0 
0 8088
0 65

fn=(6222)
0 15
cfn=(5424)
calls=1 0 
0 254
0 9

fn=(6246)
0 20860

fn=(6270)
0 55037
cfn=(7308)
calls=33 0 
0 18140
0 33242
cfn=(6272) <tokio::runtime::driver::Driver>::park
calls=1510 0 
0 870940
0 26440
cob=(2)
cfi=(2)
cfn=(5956)
calls=395 0 
0 4345
0 92294

fn=(6272)
0 13590
cfn=(6274)
calls=1510 0 
0 857350

fn=(6294) <mio::net::tcp::listener::TcpListener>::accept
0 18
cob=(2)
cfi=(2)
cfn=(6296) accept4
calls=2 0 
0 122
0 15
cob=(2)
cfi=(2)
cfn=(5030)
calls=1 0 
0 3
0 36

fn=(6300) <tokio::net::tcp::stream::TcpStream>::connect_mio::{closure#0}
0 29
cfn=(6004)
calls=1 0 
0 1018
0 18
cfn=(6342)
calls=1 0 
0 127
0 3
cfn=(6342)
calls=1 0 
0 60
0 21
cob=(2)
cfi=(2)
cfn=(6430) getsockopt
calls=1 0 
0 6
0 29

fn=(6342)
0 251907
cfn=(6246)
calls=1 0 
0 7
0 4
cfn=(6572)
calls=1 0 
0 7
0 1773
cfn=(6246)
calls=884 0 
0 6188
cfn=(6344)
calls=2 0 
0 10
0 140437

fn=(6396)
0 216

fn=(6416)
0 54
cob=(2)
cfi=(2)
cfn=(4206)
calls=2 0 
0 449
0 22
cob=(2)
cfi=(2)
cfn=(4532)
calls=2 0 
0 58
0 16
cob=(2)
cfi=(2)
cfn=(4532)
calls=2 0 
0 58
0 26
cob=(2)
cfi=(2)
cfn=(4206)
calls=2 0 
0 373
0 20
cob=(2)
cfi=(2)
cfn=(4532)
calls=2 0 
0 58
0 66
cob=(2)
cfi=(2)
cfn=(4206)
calls=2 0 
0 373
0 32
cob=(2)
cfi=(2)
cfn=(4532)
calls=2 0 
0 58
0 96

fn=(6444)
0 18
cfn=(6342)
calls=1 0 
0 60
0 17
cob=(2)
cfi=(2)
cfn=(6446) send
calls=1 0 
0 59
0 20

fn=(6462)
0 30647

fn=(6510)
0 150218
cfn=(6418)
calls=2 0 
0 236
0 10
cfn=(6462)
calls=2 0 
0 38
0 20227
cfn=(6514)
calls=2889 0 
0 209091
0 144040
cfn=(6516) <h2::proto::streams::prioritize::Prioritize>::pop_pending_open
calls=4092 0 
0 183955
0 10189
cfn=(6812)
calls=401 0 
0 19649
0 1203
cfn=(6778)
calls=401 0 
0 97042
0 28644
cfn=(6518)
calls=4092 0 
0 1636917
0 16204
cob=(2)
cfi=(2)
cfn=(4532)
calls=2005 0 
0 128320
0 17644
cob=(2)
cfi=(2)
cfn=(4532)
calls=802 0 
0 51328
0 4812
cob=(2)
cfi=(2)
cfn=(4532)
calls=1203 0 
0 76992
0 6015
cfn=(6418)
calls=2005 0 
0 3581724
0 14035
cfn=(6514)
calls=2005 0 
0 68170
0 15165

fn=(6538)
0 227037
cfn=(6854)
calls=1203 0 
0 2923485
0 65012
cob=(2)
cfi=(2)
cfn=(4532)
calls=1203 0 
0 34887
0 16842
cfn=(6888)
calls=1203 0 
0 10827
0 41704
cob=(2)
cfi=(2)
cfn=(4532)
calls=802 0 
0 23258
0 9672
cob=(2)
cfi=(2)
cfn=(4532)
calls=1209 0 
0 35061
0 133323

fn=(6542)
0 106
cfn=(6544) <h2::proto::streams::send::Send>::apply_remote_settings::<bytes::bytes::Bytes>
calls=2 0 
0 97
0 54

fn=(6546)
0 22

fn=(6556)
0 38560
cfn=(6558) <h2::proto::streams::store::Queue<h2::proto::streams::stream::NextAccept>>::pop::<h2::proto::streams::store::Store>
calls=1205 0 
0 19260
0 14440
cfn=(6756)
calls=401 0 
0 12832
0 28515

fn=(6566) core::ptr::drop_glue::<pbrs_grpc::client::pool::finish_tcp::{closure#0}>
0 15

fn=(6578)
0 23
cob=(2)
cfi=(2)
cfn=(4206)
calls=1 0 
0 41
0 85
cfn=(6580)
calls=1 0 
0 727
0 29
cfn=(6210)
calls=1 0 
0 7159
0 11
cob=(2)
cfi=(2)
cfn=(4916)
calls=1 0 
0 65
0 13

fn=(6602)
0 51729

fn=(6616)
0 18847
cfn=(6618)
calls=401 0 
0 62300
0 8421
cfn=(6620) <pbrs_grpc::codec::prost::Message<devloop::echo::EchoRequest> as pbrs_grpc::codec::CodecMessage>::encode_to_vec
calls=401 0 
0 118440
0 6015
cob=(2)
cfi=(2)
cfn=(4532)
calls=401 0 
0 49724
0 3609
cob=(2)
cfi=(2)
cfn=(4916)
calls=401 0 
0 26065
0 6015
cfn=(6624)
calls=401 0 
0 30476
0 6416

fn=(6634)
0 24060
cfn=(6636) <pbrs_grpc::client::channel::Channel>::health_directive
calls=401 0 
0 16040
0 15639
cfn=(6638) <pbrs_grpc::client::pool::ChannelInner>::acquire::{closure#0}
calls=401 0 
0 265061
0 37293
cfn=(6652)
calls=401 0 
0 8421
0 6817

fn=(6638)
0 27669
cfn=(6640) <tokio::sync::mutex::Mutex<std::collections::hash::map::HashMap<pbrs_grpc::resolver::snapshot::ResolvedAddress, alloc::sync::Arc<tokio::sync::mutex::Mutex<pbrs_grpc::client::pool::ConnSlot>>>>>::lock::{closure#0}
calls=401 0 
0 57744
0 6416
cfn=(6524)
calls=401 0 
0 16842
0 12832
cfn=(6646)
calls=401 0 
0 26065
0 18446
cfn=(6648)
calls=401 0 
0 44511
0 8020
cfn=(6528)
calls=401 0 
0 14035
0 32481

fn=(6650)
0 25263

fn=(6668)
0 34486
cfn=(6670)
calls=401 0 
0 71378
0 27669
cfn=(6672) pbrs_grpc::wire::headers::grpc_request
calls=401 0 
0 656748
0 4010
cob=(2)
cfi=(2)
cfn=(4532)
calls=401 0 
0 11629
0 3208
cfn=(6696)
calls=401 0 
0 1396370
0 6015
cfn=(6764)
calls=401 0 
0 25263
0 2005
cfn=(6768)
calls=401 0 
0 4812
0 4010

fn=(6698)
0 11228
cfn=(6462)
calls=802 0 
0 15238
0 6416
cfn=(6462)
calls=802 0 
0 15238
0 29674

fn=(6718)
0 6015
cfn=(6720)
calls=401 0 
0 35142
0 2005
cfn=(6724)
calls=401 0 
0 47719
0 24060
cfn=(6728) <indexmap::inner::Core<h2::frame::stream_id::StreamId, h2::proto::streams::store::SlabIndex>>::push_entry
calls=401 0 
0 10707
0 4818
cfn=(6726) <hashbrown::raw::RawTable<usize>>::reserve_rehash::<indexmap::inner::get_hash<h2::frame::stream_id::StreamId, h2::proto::streams::store::SlabIndex>::{closure#0}>
calls=1 0 
0 155
0 1

fn=(6732)
0 6015
cfn=(6734) <http::header::map::HeaderMap>::contains_key::<http::header::name::HeaderName>
calls=1203 0 
0 123909
0 6015
cfn=(6734)
calls=1203 0 
0 132731
0 6015
cfn=(6734)
calls=1203 0 
0 123909
0 7218
cfn=(6736)
calls=1203 0 
0 356890
0 7218
cfn=(6736)
calls=1203 0 
0 377742
0 9624
cfn=(6742)
calls=1203 0 
0 133132
0 7218

fn=(6738)
0 192480
cfn=(6740) <http::header::name::StandardHeader>::from_bytes
calls=2406 0 
0 38496
0 137142

fn=(6748)
0 57744
cob=(2)
cfi=(2)
cfn=(4532)
calls=1604 0 
0 102656
0 11228
cfn=(6750)
calls=1604 0 
0 140067
0 18446
cfn=(6754)
calls=802 0 
0 87819
0 4812
cfn=(6754)
calls=802 0 
0 69774
0 17644

fn=(6752)
0 30
cfn=(5424)
calls=2 0 
0 467
0 18

fn=(6758)
0 5614

fn=(6830)
0 208

fn=(6832)
0 18
cfn=(6834) <alloc::raw_vec::RawVec<h2::hpack::table::Slot>>::grow_one
calls=3 0 
0 1042
0 30

fn=(6844) core::ptr::drop_glue::<http::header::map::IntoIter<http::header::value::HeaderValue>>
0 38496
cfn=(6684)
calls=1203 0 
0 15639
0 4812
cob=(2)
cfi=(2)
cfn=(4916)
calls=1203 0 
0 87811
0 12030
cfn=(6686)
calls=1203 0 
0 21654

fn=(6852)
0 32882
cob=(2)
cfi=(2)
cfn=(4532)
calls=802 0 
0 23258
0 28872

fn=(6866)
0 13477
cfn=(6856)
calls=405 0 
0 10131
0 8910
cfn=(6868)
calls=405 0 
0 329057
0 826
cfn=(6868)
calls=4 0 
0 2338
0 2033
cfn=(6870) <h2::hpack::decoder::StringMarker>::consume
calls=405 0 
0 17820
0 9404
cfn=(6868)
calls=4 0 
0 2301
0 96
cfn=(6870)
calls=4 0 
0 176
0 52
cfn=(6870)
calls=4 0 
0 176
0 48
cfn=(6886) <http::header::name::HeaderName>::from_lowercase
calls=4 0 
0 1140
0 1612
cfn=(5048)
calls=401 0 
0 47467
0 806
cfn=(5048)
calls=1 0 
0 114
0 3487
cfn=(6882) <bytes::bytes::Bytes>::copy_from_slice
calls=3 0 
0 614
0 54
cfn=(6860)
calls=3 0 
0 15
0 810
cfn=(6824)
calls=405 0 
0 9729
0 621
cfn=(6882)
calls=4 0 
0 1043
0 200
cfn=(6860)
calls=4 0 
0 20
0 16
cfn=(6860)
calls=4 0 
0 20
0 4

fn=(6876)
0 18
cfn=(6878) <alloc::raw_vec::RawVec<h2::hpack::header::Header>>::grow_one
calls=3 0 
0 1057
0 30

fn=(6904)
0 12431

fn=(6954)
0 8020
cob=(2)
cfi=(2)
cfn=(4532)
calls=401 0 
0 49724
0 2005
cfn=(6960)
calls=401 0 
0 8051105
0 3609
cfn=(7086)
calls=401 0 
0 4411
0 1604
cob=(2)
cfi=(2)
cfn=(4916)
calls=401 0 
0 83701
0 10025
cfn=(6956) <pbrs_grpc::server::rpc::Rpc>::service
calls=401 0 
0 47584
0 3609
cfn=(6086)
calls=401 0 
0 75388
0 15639
cob=(2)
cfi=(2)
cfn=(5054)
calls=401 0 
0 7406
0 12431
cob=(2)
cfi=(2)
cfn=(4532)
calls=401 0 
0 49724
0 1203
cfn=(6958)
calls=401 0 
0 4793857
0 2005

fn=(6956)
0 11629
cfn=(6090)
calls=401 0 
0 31544
0 4411

fn=(6972)
0 10827
cfn=(6742)
calls=1203 0 
0 204109
0 14436

fn=(6984)
0 80960
cfn=(6800)
calls=1840 0 
0 143692
0 9507
cfn=(6802)
calls=637 0 
0 8116
0 12974
cob=(2)
cfi=(2)
cfn=(4532)
calls=401 0 
0 11629
0 2406
cfn=(6912)
calls=401 0 
0 20852
0 5992
cfn=(6344)
calls=236 0 
0 1180
0 91244

fn=(6994)
0 24862

fn=(7002)
0 9624
cfn=(7004)
calls=401 0 
0 6817
0 8020
cfn=(7004)
calls=401 0 
0 21253
0 8421
cfn=(7008)
calls=401 0 
0 123091
0 4010
cfn=(6702)
calls=401 0 
0 401
0 7218

fn=(7058) core::ptr::drop_glue::<pbrs_grpc::server::drain::CancelOnDrop>
0 2005
cfn=(7060)
calls=401 0 
0 4411
0 2406
cfn=(7062)
calls=401 0 
0 170024
0 3208
cfn=(7064)
calls=401 0 
0 31679

fn=(7158) <h2::proto::streams::store::Ptr>::unlink
0 75227

fn=(7166)
0 2807
cfn=(6996)
calls=401 0 
0 100356
0 4010

fn=(7194)
0 7218
cob=(2)
cfi=(2)
cfn=(4532)
calls=401 0 
0 30476

fn=(7218)
0 6015
cfn=(7220) core::ptr::drop_glue::<<pbrs_grpc::client::channel::Channel>::unary<pbrs_grpc::codec::prost::Message<devloop::echo::EchoRequest>, pbrs_grpc::codec::prost::Message<devloop::echo::EchoReply>>::{closure#0}>
calls=401 0 
0 8421
0 1604
cob=(2)
cfi=(2)
cfn=(4916)
calls=401 0 
0 68170
0 2807
cfn=(7062)
calls=401 0 
0 170024
0 4010
cfn=(7064)
calls=401 0 
0 28471

fn=(7358) <core::io::write::default_write_fmt::Adapter<std::io::stdio::StderrLock> as core::fmt::Write>::write_str
0 84
cob=(2)
cfi=(2)
cfn=(6358)
calls=3 0 
0 177
0 66

fn=(7368)
0 223
cfn=(7370)
calls=3 0 
0 306
0 102
cfn=(6134)
calls=3 0 
0 2728
0 27
cfn=(6582)
calls=1 0 
0 48
0 29
cfn=(6202)
calls=1 0 
0 148
0 6
cfn=(6220)
calls=2 0 
0 96
0 58
cfn=(6202)
calls=2 0 
0 817
0 16
cfn=(7380)
calls=3 0 
0 649
0 121
cob=(2)
cfi=(2)
cfn=(4916)
calls=1 0 
0 65
0 20
cob=(2)
cfi=(2)
cfn=(4916)
calls=2 0 
0 196
0 44

fn=(7394) core::ptr::drop_glue::<pbrs_grpc::channelz::model::ChannelEntry>
0 10
cob=(2)
cfi=(2)
cfn=(4916)
calls=1 0 
0 65
0 4
cob=(2)
cfi=(2)
cfn=(4916)
calls=1 0 
0 65
0 2
cfn=(7396)
calls=1 0 
0 475
0 19
cob=(2)
cfi=(2)
cfn=(4916)
calls=1 0 
0 65

fn=(7418)
0 55
cfn=(7420) core::ptr::drop_glue::<<pbrs_grpc::server::router::Router>::serve_listener::{closure#0}>
calls=1 0 
0 3495

fn=(7420)
0 14
cfn=(7422) core::ptr::drop_glue::<pbrs_grpc::server::accept::accept_loop<pbrs_grpc::server::router::Router, core::future::pending::Pending<()>>::{closure#0}>
calls=1 0 
0 3476
0 5

fn=(7426)
0 14
cfn=(7428)
calls=1 0 
0 35
0 20
cfn=(7016)
calls=1 0 
0 33
0 26
cfn=(7430)
calls=1 0 
0 28
0 7
cfn=(7430)
calls=1 0 
0 28
0 12

fn=(7434)
0 81
cob=(2)
cfi=(2)
cfn=(5174)
calls=3 0 
0 18
0 150
cob=(2)
cfi=(2)
cfn=(5138)
calls=3 0 
0 183
0 27
cfn=(7436) core::ptr::drop_glue::<tokio::runtime::io::registration::Registration>
calls=3 0 
0 204

fn=(7468) core::ptr::drop_glue::<<alloc::boxed::Box<dyn core::error::Error + core::marker::Send + core::marker::Sync> as core::convert::From<alloc::string::String>>::from::StringError>
0 8
cob=(2)
cfi=(2)
cfn=(4916)
calls=2 0 
0 146

fn=(7526)
0 10
cfn=(7456) <h2::proto::streams::streams::DynStreams<bytes::bytes::Bytes>>::recv_eof
calls=1 0 
0 888
0 2
cfn=(7474)
calls=1 0 
0 3241
0 2
cfn=(7484) core::ptr::drop_glue::<h2::proto::connection::ConnectionInner<h2::client::Peer>>
calls=1 0 
0 1297
0 6

fn=(7530)
0 52
cfn=(7532)
calls=4 0 
0 340
0 60

fn=(7560) std::sys::thread_local::native::eager::destroy::<core::cell::Cell<std::thread::spawnhook::SpawnHooks>>
0 35
cfn=(5494)
calls=5 0 
0 95
0 35

fn=(7802) <alloc::sync::Arc<tokio::runtime::scheduler::multi_thread::queue::Inner<alloc::sync::Arc<tokio::runtime::scheduler::multi_thread::handle::Handle>>>>::drop_slow
0 16
cob=(2)
cfi=(2)
cfn=(4916)
calls=4 0 
0 712
0 28
cob=(2)
cfi=(2)
cfn=(4916)
calls=4 0 
0 260

fn=(6516)
0 77745
cfn=(6552) <h2::proto::streams::store::Queue<h2::proto::streams::stream::NextOpen>>::pop::<h2::proto::streams::store::Store>
calls=4091 0 
0 36576
0 69634

fn=(5010)
0 79
cob=(2)
cfi=(2)
cfn=(4194)
calls=4 0 
0 8
0 12
cob=(2)
cfi=(2)
cfn=(4196)
calls=4 0 
0 4156
0 24
cob=(2)
cfi=(2)
cfn=(5942) pthread_attr_getguardsize
calls=4 0 
0 16
0 44
cob=(2)
cfi=(2)
cfn=(5006)
calls=4 0 
0 32
0 28
cob=(2)
cfi=(2)
cfn=(5008)
calls=4 0 
0 640
0 28
cfn=(5020)
calls=4 0 
0 909
0 35
cob=(2)
cfi=(2)
cfn=(5012)
calls=5 0 
0 25
0 20
cob=(2)
cfi=(2)
cfn=(5014)
calls=5 0 
0 725
0 55
cob=(2)
cfi=(2)
cfn=(5016) mmap
calls=5 0 
0 110
0 35
cob=(2)
cfi=(2)
cfn=(5018) mprotect
calls=5 0 
0 25
0 45
cob=(2)
cfi=(2)
cfn=(5012)
calls=5 0 
0 25
0 45

fn=(5070)
0 9
cob=(2)
cfi=(2)
cfn=(4206)
calls=1 0 
0 190
0 12
cfn=(5072)
calls=1 0 
0 270
0 29

fn=(5072)
0 59
cfn=(5092)
calls=1 0 
0 27
0 135
cfn=(5092)
calls=5 0 
0 135
0 485
cfn=(5074)
calls=5 0 
0 759
0 15

fn=(5098) std::sys::env::unix::getenv
0 112
cob=(2)
cfi=(2)
cfn=(4532)
calls=8 0 
0 90
0 542
cfn=(5100) std::sys::env::unix::getenv::{closure#0}
calls=8 0 
0 4918
0 120

fn=(5100)
0 136
cob=(2)
cfi=(2)
cfn=(5102) getenv
calls=8 0 
0 3582
0 28
cob=(2)
cfi=(2)
cfn=(4578) 0x0000000000165880
calls=4 0 
0 52
0 20
cob=(2)
cfi=(2)
cfn=(4206)
calls=4 0 
0 884
0 40
cob=(2)
cfi=(2)
cfn=(4532)
calls=4 0 
0 40
0 136

fn=(5122)
0 78
cob=(2)
cfi=(2)
cfn=(5124) open
calls=2 0 
0 92
0 48

fn=(5150)
0 197
cfn=(5152) <std::path::Components as core::iter::traits::iterator::Iterator>::next
calls=9 0 
0 556
0 27
cfn=(5152)
calls=9 0 
0 611
0 206
cfn=(5154)
calls=7 0 
0 298
0 149

fn=(5168)
0 14
cob=(2)
cfi=(2)
cfn=(5170) epoll_create1
calls=1 0 
0 5
0 6
cob=(2)
cfi=(2)
cfn=(5172) eventfd
calls=1 0 
0 5
0 10
cob=(2)
cfi=(2)
cfn=(5174)
calls=1 0 
0 6
0 7
cob=(2)
cfi=(2)
cfn=(5176) fcntl
calls=1 0 
0 35
0 32
cfn=(5192)
calls=1 0 
0 26
0 4
cob=(2)
cfi=(2)
cfn=(4206)
calls=1 0 
0 168
0 12
cob=(2)
cfi=(2)
cfn=(4968)
calls=1 0 
0 2082
0 5
cob=(2)
cfi=(2)
cfn=(4968)
calls=1 0 
0 77
0 5
cob=(2)
cfi=(2)
cfn=(4968)
calls=1 0 
0 77
0 5
cob=(2)
cfi=(2)
cfn=(4968)
calls=1 0 
0 77
0 6
cob=(2)
cfi=(2)
cfn=(4968)
calls=1 0 
0 77
0 44
cob=(2)
cfi=(2)
cfn=(4206)
calls=1 0 
0 173
0 13
cob=(2)
cfi=(2)
cfn=(4206)
calls=1 0 
0 41
0 15

fn=(5422)
0 45
cfn=(5424)
calls=3 0 
0 948
0 27

fn=(5430)
0 27
cfn=(7804)
calls=1 0 
0 324
0 35
cob=(2)
cfi=(2)
cfn=(4916)
calls=5 0 
0 325

fn=(5470)
0 158
cfn=(5472) <alloc::collections::vec_deque::VecDeque<tokio::runtime::blocking::pool::Task>>::grow
calls=1 0 
0 277
0 154
cfn=(5476) <tokio::runtime::builder::Builder>::new::{closure#0}
calls=4 0 
0 799
0 151
cfn=(5098)
calls=1 0 
0 818
0 55
cfn=(5482)
calls=4 0 
0 1002
0 16
cob=(2)
cfi=(2)
cfn=(4206)
calls=4 0 
0 728
0 52
cfn=(5492)
calls=4 0 
0 682
0 24
cob=(2)
cfi=(2)
cfn=(4206)
calls=4 0 
0 802
0 164
cob=(2)
cfi=(2)
cfn=(4206)
calls=4 0 
0 802
0 92
cob=(2)
cfi=(2)
cfn=(4206)
calls=4 0 
0 747
0 48
cfn=(5496)
calls=4 0 
0 6401
0 48
cfn=(5628)
calls=4 0 
0 584
0 286
cob=(2)
cfi=(2)
cfn=(5956)
calls=1 0 
0 11
0 12
cfn=(5630) <hashbrown::raw::RawTable<(usize, std::thread::join_handle::JoinHandle<()>)>>::reserve_rehash::<hashbrown::map::make_hasher<usize, std::thread::join_handle::JoinHandle<()>, std::hash::random::RandomState>::{closure#0}>
calls=2 0 
0 1116
0 2

fn=(5836) <std::sys::thread::unix::Thread>::new::thread_start
0 86
cob=(2)
cfi=(2)
cfn=(5844) pthread_setspecific
calls=3 0 
0 99
0 67
cfn=(5838)
calls=1 0 
0 93
0 3
cob=(2)
cfi=(2)
cfn=(5844)
calls=1 0 
0 33
0 22
cob=(2)
cfi=(2)
cfn=(4532)
calls=4 0 
0 48
0 12
cob=(2)
cfi=(2)
cfn=(4194)
calls=4 0 
0 8
0 12
cob=(2)
cfi=(2)
cfn=(5846) pthread_setname_np
calls=4 0 
0 212
0 24
cob=(2)
cfi=(2)
cfn=(4916)
calls=4 0 
0 5265
0 8
cfn=(5010)
calls=4 0 
0 6881
0 12
cfn=(5944)
calls=4 0 
0 37039039
0 16
cob=(2)
cfi=(2)
cfn=(4916)
calls=4 0 
0 312
0 8
cfn=(7548)
calls=4 0 
0 2006
0 32

fn=(6010)
0 80
cob=(2)
cfi=(2)
cfn=(6012) getsockname
calls=4 0 
0 20
0 80

fn=(6016)
0 51575
cfn=(6018)
calls=1 0 
0 44
0 4
cfn=(6020) <tokio::runtime::scheduler::multi_thread::idle::Idle>::worker_to_notify
calls=1 0 
0 17
0 1615
cfn=(6018)
calls=403 0 
0 18135
0 1612
cfn=(6020)
calls=403 0 
0 23336
0 5229
cfn=(6562)
calls=402 0 
0 28158
0 44904
cfn=(6020)
calls=64 0 
0 3712
0 704
cfn=(6562)
calls=64 0 
0 6922
0 3376

fn=(6028)
0 968
cfn=(7358)
calls=2 0 
0 218
cfn=(6040)
calls=13 0 
0 2251
cfn=(6040)
calls=6 0 
0 252
0 564
cfn=(6200)
calls=1 0 
0 136
cfn=(6584) <pbrs_grpc::channelz::model::Connectivity as core::fmt::Debug>::fmt
calls=1 0 
0 52
cfn=(6218)
calls=3 0 
0 529
cfn=(6200)
calls=14 0 
0 4902
cfn=(6136)
calls=1 0 
0 203
cfn=(6046) <u16 as core::fmt::Display>::fmt
calls=6 0 
0 978
cfn=(6030)
calls=6 0 
0 7801
0 360

fn=(6029)
0 546
cfn=(6040)
calls=18 0 
0 756
0 432
cfn=(6034)
calls=24 0 
0 5689
0 180

fn=(6080)
0 37033

fn=(6130)
0 11
cfn=(6096)
calls=1 0 
0 160
0 3
cfn=(6094)
calls=1 0 
0 210
0 7
cfn=(5990)
calls=1 0 
0 142
0 42
cob=(2)
cfi=(2)
cfn=(5054)
calls=1 0 
0 21
0 10
cfn=(6134)
calls=1 0 
0 457
0 9
cob=(2)
cfi=(2)
cfn=(4916)
calls=1 0 
0 65
0 28
cob=(2)
cfi=(2)
cfn=(4916)
calls=1 0 
0 65
0 9

fn=(6134)
0 1071
cob=(2)
cfi=(2)
cfn=(4206)
calls=7 0 
0 939
0 95
cfn=(6028)
calls=6 0 
0 6082
0 56
cfn=(6028)
calls=7 0 
0 3024
0 182

fn=(6138)
0 462
cfn=(6040)
calls=2 0 
0 316
cfn=(7358)
calls=1 0 
0 109
cfn=(6040)
calls=18 0 
0 5147

fn=(6146) <mio::net::tcp::stream::TcpStream>::connect
0 12
cob=(2)
cfi=(2)
cfn=(5996) socket
calls=1 0 
0 5
0 18
cob=(2)
cfi=(2)
cfn=(6148) connect
calls=1 0 
0 64
0 3
cob=(2)
cfi=(2)
cfn=(5030)
calls=1 0 
0 3
0 18

fn=(6174) tokio::runtime::task::raw::poll::<devloop::rpc_prost_unary::{closure#0}::{closure#0}, alloc::sync::Arc<tokio::runtime::scheduler::multi_thread::handle::Handle>>
0 102
cfn=(6176)
calls=2 0 
0 76343
0 92

fn=(6202)
0 153
cfn=(6204)
calls=9 0 
0 189
0 18
cfn=(5192)
calls=9 0 
0 234
0 348
cfn=(6206) <alloc::collections::vec_deque::VecDeque<pbrs_grpc::channelz::trace::TraceEvent>>::grow
calls=3 0 
0 1171
0 402

fn=(6206)
0 18
cfn=(6208)
calls=3 0 
0 1123
0 30

fn=(6240)
0 134
cfn=(6294)
calls=2 0 
0 194
0 21
cfn=(6396)
calls=1 0 
0 8
0 39
cfn=(6242)
calls=1 0 
0 208
0 16
cfn=(6242)
calls=2 0 
0 380
0 5
cfn=(6242)
calls=1 0 
0 189
0 65
cfn=(6004)
calls=1 0 
0 715
0 61

fn=(6248)
0 276300

fn=(6292)
0 132

fn=(6344)
0 5225

fn=(6426)
0 21744
cfn=(6342)
calls=1208 0 
0 72549
0 25354
cob=(2)
cfi=(2)
cfn=(6428) writev
calls=1207 0 
0 72420
0 18116

fn=(6440)
0 65

fn=(6448)
0 83478

fn=(6484)
0 81
cfn=(6486)
calls=3 0 
0 223
0 11
cfn=(6454)
calls=1 0 
0 8
0 39
cfn=(7016)
calls=1 0 
0 33
0 14
cfn=(7064)
calls=1 0 
0 71
0 12

fn=(6526)
0 29

fn=(6548) <h2::proto::streams::send::Send>::recv_connection_window_update
0 28
cfn=(6462)
calls=2 0 
0 38
0 54
cfn=(6550)
calls=2 0 
0 12
0 30

fn=(6552)
0 36588

fn=(6592)
0 23

fn=(6618)
0 14779
cob=(2)
cfi=(2)
cfn=(4532)
calls=114 0 
0 11364
0 23067
cob=(2)
cfi=(2)
cfn=(4206)
calls=1 0 
0 460
0 12757
cfn=(6042)
calls=811 0 
0 80625
0 2433

fn=(6620)
0 11629
cob=(2)
cfi=(2)
cfn=(4206)
calls=401 0 
0 16588
0 14835
cfn=(6622)
calls=401 0 
0 13634
0 4010
cob=(2)
cfi=(2)
cfn=(4532)
calls=401 0 
0 49724
0 8020

fn=(6636)
0 16040

fn=(6640)
0 14837
cfn=(6642)
calls=401 0 
0 30075
0 2005
cfn=(6644) <tokio::sync::batch_semaphore::Acquire as core::ops::drop::Drop>::drop
calls=401 0 
0 3609
0 7218

fn=(6644)
0 3609

fn=(6672)
0 10827
cfn=(6674)
calls=401 0 
0 4010
0 101453
cfn=(6676)
calls=401 0 
0 22456
0 20451
cfn=(6678)
calls=401 0 
0 13634
0 5614
cfn=(6680)
calls=401 0 
0 79308
0 6416
cfn=(6682)
calls=401 0 
0 19649
0 6817
cfn=(6688)
calls=401 0 
0 66967
0 4411
cfn=(6688)
calls=401 0 
0 66967
0 7619
cfn=(6688)
calls=401 0 
0 102656
0 4812
cfn=(6694)
calls=401 0 
0 8020
0 2807
cfn=(6606)
calls=401 0 
0 2807
0 4411
cfn=(6688)
calls=401 0 
0 75789
0 3609
cob=(2)
cfi=(2)
cfn=(4532)
calls=401 0 
0 11629
0 3609

fn=(6688)
0 36491
cfn=(6690)
calls=2807 0 
0 75789
0 19649
cfn=(6692)
calls=2807 0 
0 161202
0 278294

fn=(6694)
0 16040

fn=(6704)
0 15639

fn=(6734)
0 54135
cfn=(6692)
calls=3609 0 
0 86616
0 239798

fn=(6746)
0 19649

fn=(6778)
0 163207
cfn=(6814)
calls=802 0 
0 32882
0 12030

fn=(6788) core::ptr::drop_glue::<pbrs_grpc::wire::send::send_frame::{closure#0}>
0 10426

fn=(6816)
0 56140
cob=(2)
cfi=(2)
cfn=(4532)
calls=2005 0 
0 127518
0 30075
cob=(2)
cfi=(2)
cfn=(4532)
calls=1203 0 
0 76992
0 2406
cob=(2)
cfi=(2)
cfn=(4532)
calls=802 0 
0 51328
0 16040

fn=(6870)
0 18172

fn=(6882)
0 84
cob=(2)
cfi=(2)
cfn=(4206)
calls=7 0 
0 1307
0 70
cob=(2)
cfi=(2)
cfn=(4532)
calls=7 0 
0 77
0 119

fn=(6892) <h2::proto::streams::store::VacantEntry>::insert
0 6015
cfn=(6720)
calls=401 0 
0 35151
0 16443
cfn=(6728)
calls=401 0 
0 10716
0 5220
cfn=(6726)
calls=1 0 
0 327
0 6
cfn=(6894)
calls=1 0 
0 11
0 5

fn=(6906)
0 4411
cfn=(6908)
calls=401 0 
0 107468
0 802

fn=(6912)
0 21668
cfn=(6914)
calls=2 0 
0 524
0 25
cob=(2)
cfi=(2)
cfn=(4532)
calls=5 0 
0 145
0 33649
cob=(2)
cfi=(2)
cfn=(4532)
calls=2401 0 
0 69629

fn=(6920) <h2::proto::streams::store::Store>::find_mut
0 24060

fn=(6922) <h2::proto::streams::recv::Recv>::recv_data
0 42105
cfn=(6924)
calls=802 0 
0 45714
0 31278
cfn=(6896) <h2::proto::streams::store::Ptr as core::ops::deref::Deref>::deref
calls=401 0 
0 6817
0 1604
cfn=(6926)
calls=401 0 
0 6817
0 1604
cfn=(6928)
calls=401 0 
0 13233
0 1604
cfn=(6930)
calls=401 0 
0 1604
0 11228
cfn=(6926)
calls=802 0 
0 13634
0 3208
cfn=(6850)
calls=802 0 
0 22456
0 3208
cfn=(6926)
calls=802 0 
0 13634
0 21654
cfn=(6926)
calls=802 0 
0 13634
0 4010
cfn=(6932) <h2::proto::streams::buffer::Deque>::push_back::<h2::proto::streams::recv::Event>
calls=802 0 
0 93204
0 1604
cfn=(6926)
calls=802 0 
0 13634
0 4078
cfn=(6366)
calls=68 0 
0 4284
0 2406

fn=(6964)
0 10025
cob=(2)
cfi=(2)
cfn=(4532)
calls=401 0 
0 49724
0 5213
cob=(2)
cfi=(2)
cfn=(4532)
calls=401 0 
0 49724
0 5213
cob=(2)
cfi=(2)
cfn=(4532)
calls=401 0 
0 49724
0 1203
cfn=(6966)
calls=401 0 
0 68972
0 4812
cob=(2)
cfi=(2)
cfn=(4206)
calls=401 0 
0 16903
0 4806
cob=(2)
cfi=(2)
cfn=(4532)
calls=400 0 
0 4800
0 4
cob=(2)
cfi=(2)
cfn=(4532)
calls=1 0 
0 12
0 5213
cob=(2)
cfi=(2)
cfn=(4206)
calls=401 0 
0 15745
0 5206
cob=(2)
cfi=(2)
cfn=(4532)
calls=400 0 
0 5600
0 4
cob=(2)
cfi=(2)
cfn=(4532)
calls=1 0 
0 14
0 7218
cob=(2)
cfi=(2)
cfn=(4206)
calls=401 0 
0 16957
0 4806
cob=(2)
cfi=(2)
cfn=(4532)
calls=400 0 
0 4000
0 4
cob=(2)
cfi=(2)
cfn=(4532)
calls=1 0 
0 10
0 2807
cfn=(6742)
calls=401 0 
0 59749
0 5614
cfn=(6970)
calls=401 0 
0 107468
0 2005
cfn=(6970)
calls=401 0 
0 107468
0 1203
cfn=(6972)
calls=401 0 
0 79398
0 2807
cfn=(6972)
calls=401 0 
0 79398
0 7218
cfn=(5192)
calls=401 0 
0 10426
0 8421
cfn=(6974) <pbrs_grpc::channelz::model::Registry>::note_server_call_started
calls=401 0 
0 60150
0 2406
cfn=(6658)
calls=401 0 
0 67769
0 2005
cob=(2)
cfi=(2)
cfn=(4532)
calls=401 0 
0 11629
0 3609
cob=(2)
cfi=(2)
cfn=(4532)
calls=401 0 
0 25664
0 23659
cob=(2)
cfi=(2)
cfn=(4532)
calls=401 0 
0 11629
0 2406
cfn=(6976) core::ptr::drop_glue::<http::request::Parts>
calls=401 0 
0 145578
0 802
cob=(2)
cfi=(2)
cfn=(4206)
calls=401 0 
0 16948
0 7607
cob=(2)
cfi=(2)
cfn=(4968)
calls=400 0 
0 14000
0 10
cob=(2)
cfi=(2)
cfn=(4968)
calls=1 0 
0 35
0 31679
cob=(2)
cfi=(2)
cfn=(4532)
calls=401 0 
0 11629
0 3208
cob=(2)
cfi=(2)
cfn=(4532)
calls=401 0 
0 11629
0 28070
cob=(2)
cfi=(2)
cfn=(4532)
calls=401 0 
0 102198
0 2406
cob=(2)
cfi=(2)
cfn=(4532)
calls=401 0 
0 100604
0 2005
cfn=(6978) <pbrs_grpc::server::rpc::Rpc>::run_unary_request::<pbrs_grpc::codec::prost::Message<devloop::echo::EchoRequest>, pbrs_grpc::request::Response<pbrs_grpc::codec::prost::Message<devloop::echo::EchoReply>>, <devloop::ProstNativeEchod as pbrs_grpc::server::dispatch::Service>::call::{closure#0}::{closure#0}, <devloop::ProstNativeEchod as pbrs_grpc::server::dispatch::Service>::call::{closure#0}::{closure#0}::{closure#0}>::{closure#0}::{closure#2}
calls=401 0 
0 1497982
0 3609
cob=(2)
cfi=(2)
cfn=(4532)
calls=401 0 
0 30476
0 802
cfn=(7020)
calls=401 0 
0 8421
0 2807
cob=(2)
cfi=(2)
cfn=(4532)
calls=401 0 
0 30476
0 2005
cob=(2)
cfi=(2)
cfn=(4532)
calls=401 0 
0 30476
0 11629
cob=(2)
cfi=(2)
cfn=(4532)
calls=401 0 
0 29674
0 23258
cfn=(7022)
calls=401 0 
0 140751
0 10827
cob=(2)
cfi=(2)
cfn=(4532)
calls=401 0 
0 30476
0 6015
cob=(2)
cfi=(2)
cfn=(4532)
calls=401 0 
0 30476
0 2406
cfn=(7026)
calls=401 0 
0 5213
0 6817
cob=(2)
cfi=(2)
cfn=(4532)
calls=401 0 
0 30476
0 9223
cob=(2)
cfi=(2)
cfn=(4532)
calls=401 0 
0 30476
0 20852
cob=(2)
cfi=(2)
cfn=(4206)
calls=401 0 
0 106855
0 4806
cob=(2)
cfi=(2)
cfn=(4532)
calls=400 0 
0 97486
0 4
cob=(2)
cfi=(2)
cfn=(4532)
calls=1 0 
0 244
0 11228
cfn=(6090)
calls=401 0 
0 14436
0 10025
cob=(2)
cfi=(2)
cfn=(4532)
calls=401 0 
0 25656
0 3208
cob=(2)
cfi=(2)
cfn=(4532)
calls=401 0 
0 11629
0 7218
cob=(2)
cfi=(2)
cfn=(4532)
calls=401 0 
0 25664
0 3208
cob=(2)
cfi=(2)
cfn=(4532)
calls=401 0 
0 11629
0 15238
cfn=(7028)
calls=401 0 
0 36892
0 10426
cob=(2)
cfi=(2)
cfn=(4532)
calls=401 0 
0 30476
0 4010
cob=(2)
cfi=(2)
cfn=(4532)
calls=401 0 
0 30476
0 2005
cob=(2)
cfi=(2)
cfn=(4532)
calls=401 0 
0 30378
0 68972
cob=(2)
cfi=(2)
cfn=(4916)
calls=401 0 
0 26129
0 802
cfn=(6610)
calls=401 0 
0 6817
0 37293
cfn=(6618)
calls=401 0 
0 62621
0 1203
cfn=(7030) <pbrs_grpc::wire::encode::SegSink as pbrs::wire::WireOut>::put_u8
calls=401 0 
0 7218
0 2807
cfn=(7032) <pbrs_grpc::wire::encode::SegSink as pbrs::wire::WireOut>::put_slice
calls=401 0 
0 17644
0 1604
cfn=(7034)
calls=401 0 
0 105127
0 3208
cfn=(7032)
calls=401 0 
0 61754
0 1604
cob=(2)
cfi=(2)
cfn=(4916)
calls=401 0 
0 29273
0 5213
cfn=(6624)
calls=401 0 
0 30476
0 12030
cfn=(6656)
calls=401 0 
0 17257
0 4812
cfn=(7036)
calls=401 0 
0 1200559
0 9624
cfn=(7012)
calls=401 0 
0 66566
0 7218
cfn=(6774)
calls=401 0 
0 458341
0 2406
cfn=(6788)
calls=401 0 
0 5213
0 16842
cfn=(7042) pbrs_grpc::wire::send::grpc_trailers
calls=401 0 
0 156587
0 7218
cfn=(7048)
calls=401 0 
0 749469
0 2807
cfn=(7052)
calls=401 0 
0 95839
0 2005
cfn=(6682)
calls=401 0 
0 19649
0 2406
cfn=(6682)
calls=401 0 
0 19649
0 2807
cob=(2)
cfi=(2)
cfn=(4916)
calls=401 0 
0 29273
0 802
cfn=(7052)
calls=401 0 
0 136741
0 2005
cfn=(7054)
calls=401 0 
0 6817
0 6817
cfn=(6220)
calls=401 0 
0 19248
0 4812
cfn=(7056)
calls=401 0 
0 32481
0 9624
cfn=(7058)
calls=401 0 
0 213733
0 2807
cfn=(7066)
calls=401 0 
0 5213
0 802
cob=(2)
cfi=(2)
cfn=(4916)
calls=401 0 
0 78889
0 6817

fn=(6974)
0 1604
cfn=(6220)
calls=401 0 
0 19248
0 2807
cfn=(5192)
calls=401 0 
0 10426
0 3208
cfn=(6248)
calls=401 0 
0 14436
0 8421

fn=(6976)
0 3208
cfn=(6910)
calls=401 0 
0 11629
0 802
cfn=(6682)
calls=401 0 
0 121117
0 2005
cfn=(6610)
calls=401 0 
0 6817

fn=(6978)
0 17644
cfn=(6980)
calls=401 0 
0 720581
0 14436
cfn=(7012)
calls=401 0 
0 66165
0 44912
cob=(2)
cfi=(2)
cfn=(4206)
calls=401 0 
0 16957
0 4806
cob=(2)
cfi=(2)
cfn=(4532)
calls=400 0 
0 4000
0 4
cob=(2)
cfi=(2)
cfn=(4532)
calls=1 0 
0 10
0 9223
cob=(2)
cfi=(2)
cfn=(4532)
calls=401 0 
0 35288
0 31679
cob=(2)
cfi=(2)
cfn=(4532)
calls=401 0 
0 35288
0 6416
cob=(2)
cfi=(2)
cfn=(4532)
calls=401 0 
0 35288
0 12832
cob=(2)
cfi=(2)
cfn=(4532)
calls=401 0 
0 35288
0 1203
cfn=(7014)
calls=401 0 
0 360649
0 18045
cfn=(7018)
calls=401 0 
0 6015
0 21253

fn=(6990)
0 28070
cfn=(6992)
calls=802 0 
0 100250
0 17644

fn=(7010)
0 7218
cfn=(6702)
calls=802 0 
0 802
0 8822

fn=(7030)
0 7218

fn=(7032)
0 14436
cob=(2)
cfi=(2)
cfn=(4532)
calls=802 0 
0 55338
0 9624

fn=(7052)
0 6015
cfn=(6996)
calls=1203 0 
0 540518
0 12030

fn=(7088)
0 30476
cfn=(7090)
calls=401 0 
0 7619
0 6015
cob=(2)
cfi=(2)
cfn=(4532)
calls=1203 0 
0 351274
0 14436

fn=(7170)
0 50096

fn=(7220)
0 8421

fn=(7222)
0 9
cob=(2)
cfi=(2)
cfn=(4916)
calls=1 0 
0 65
0 2
cfn=(6682)
calls=1 0 
0 261
0 5
cfn=(6682)
calls=1 0 
0 245
0 9
cfn=(6610)
calls=1 0 
0 17
0 7

fn=(7344)
0 2394
cob=(2)
cfi=(2)
cfn=(4532)
calls=21 0 
0 258
0 371
cfn=(6042)
calls=2 0 
0 1060
0 10

fn=(7346)
0 439
cfn=(7344)
calls=17 0 
0 3547
0 3
cfn=(7344)
calls=1 0 
0 136
0 216
cfn=(7348)
calls=18 0 
0 441
0 252
cob=(2)
cfi=(2)
cfn=(4532)
calls=18 0 
0 267
0 198

fn=(7396)
0 94
cob=(2)
cfi=(2)
cfn=(4916)
calls=2 0 
0 138
0 77
cob=(2)
cfi=(2)
cfn=(4916)
calls=9 0 
0 785
0 18

fn=(7454)
0 10
cfn=(7456)
calls=1 0 
0 888
0 2
cfn=(7474)
calls=1 0 
0 3297
0 2
cfn=(7484)
calls=1 0 
0 1201
0 9

fn=(7472) <h2::proto::streams::store::Queue<h2::proto::streams::stream::NextResetExpire>>::pop::<h2::proto::streams::store::Store>
0 12

fn=(7488) <alloc::sync::Arc<std::sync::poison::mutex::Mutex<h2::proto::streams::streams::Inner>>>::drop_slow
0 12
cfn=(7490)
calls=2 0 
0 1284
0 18
cob=(2)
cfi=(2)
cfn=(4916)
calls=2 0 
0 138

fn=(7508)
0 68
cfn=(7510) <alloc::collections::btree::node::Handle<alloc::collections::btree::node::NodeRef<alloc::collections::btree::node::marker::Mut, u64, alloc::sync::Arc<pbrs_grpc::channelz::model::ServerEntry>, alloc::collections::btree::node::marker::Leaf>, alloc::collections::btree::node::marker::KV>>::remove_leaf_kv::<<alloc::collections::btree::map::entry::OccupiedEntry<u64, alloc::sync::Arc<pbrs_grpc::channelz::model::ServerEntry>>>::remove_kv::{closure#0}, alloc::alloc::Global>
calls=1 0 
0 102
0 89
cfn=(7512)
calls=1 0 
0 939
0 16

fn=(7534)
0 492

fn=(7538)
0 20
cfn=(7540)
calls=4 0 
0 104
0 20
cob=(2)
cfi=(2)
cfn=(4916)
calls=4 0 
0 260

fn=(7546)
0 71
cfn=(6344)
calls=1 0 
0 5
0 46

fn=(7782) core::ptr::drop_glue::<std::thread::lifecycle::Packet<()>>
0 104

fn=(7800)
0 50
cfn=(7802)
calls=4 0 
0 1016
0 20
cfn=(5430)
calls=4 0 
0 634
0 6
cob=(2)
cfi=(2)
cfn=(4916)
calls=1 0 
0 65
0 4
cob=(2)
cfi=(2)
cfn=(4916)
calls=1 0 
0 65
0 4
cob=(2)
cfi=(2)
cfn=(4916)
calls=1 0 
0 65
0 3
cfn=(5428)
calls=1 0 
0 149
0 2
cfn=(7808)
calls=1 0 
0 20
0 4
cob=(2)
cfi=(2)
cfn=(4916)
calls=1 0 
0 65
0 2
cfn=(7810) core::ptr::drop_glue::<tokio::runtime::driver::Handle>
calls=1 0 
0 433
0 17

fn=(7834)
0 9

fn=(6522)
0 6
cfn=(6460)
calls=1 0 
0 582
0 13
cob=(2)
cfi=(2)
cfn=(4206)
calls=1 0 
0 245
0 19

fn=(6806)
0 106
cfn=(6462)
calls=1 0 
0 19
0 43

fn=(4142) 0x0000000000259220
0 12

fn=(5038)
0 39
cob=(2)
cfi=(2)
cfn=(4206)
calls=1 0 
0 187
0 131
cob=(2)
cfi=(2)
cfn=(4578)
calls=7 0 
0 99
0 35
cob=(2)
cfi=(2)
cfn=(4206)
calls=7 0 
0 1306
0 70
cob=(2)
cfi=(2)
cfn=(4532)
calls=7 0 
0 95
0 26

fn=(5092)
0 43855

fn=(5128)
0 111
cob=(2)
cfi=(2)
cfn=(5130) statx
calls=3 0 
0 30
0 229

fn=(5134)
0 83
cfn=(5162)
calls=1 0 
0 92
0 41
cfn=(5162)
calls=1 0 
0 75
0 60
cob=(2)
cfi=(2)
cfn=(5136)
calls=2 0 
0 56
0 64

fn=(5146)
0 566

fn=(5152)
0 1167

fn=(5472)
0 6
cfn=(5474)
calls=1 0 
0 261
0 10

fn=(5476)
0 16
cob=(2)
cfi=(2)
cfn=(4206)
calls=4 0 
0 723
0 60

fn=(5630)
0 108
cob=(2)
cfi=(2)
cfn=(4206)
calls=2 0 
0 242
0 40
cob=(2)
cfi=(2)
cfn=(4968)
calls=2 0 
0 20
0 53
cfn=(5628)
calls=3 0 
0 438
0 149
cob=(2)
cfi=(2)
cfn=(4916)
calls=1 0 
0 65
0 1

fn=(5946)
0 28
cfn=(5948) <std::thread::spawnhook::ChildSpawnHooks>::inherit_and_run
calls=4 0 
0 1256
0 8

fn=(5948)
0 84
cfn=(5494)
calls=4 0 
0 76
0 128
cfn=(5432)
calls=4 0 
0 960
0 8

fn=(5994)
0 12
cob=(2)
cfi=(2)
cfn=(5996)
calls=1 0 
0 5
0 10
cob=(2)
cfi=(2)
cfn=(5998)
calls=1 0 
0 6
0 17
cob=(2)
cfi=(2)
cfn=(6000) bind
calls=1 0 
0 5
0 5
cob=(2)
cfi=(2)
cfn=(6002) listen
calls=1 0 
0 5
0 11

fn=(6006)
0 66
cob=(2)
cfi=(2)
cfn=(5224)
calls=3 0 
0 1833
0 36
cob=(2)
cfi=(2)
cfn=(4532)
calls=3 0 
0 87
0 69

fn=(6020)
0 49627

fn=(6046)
0 282
cfn=(6036)
calls=6 0 
0 678
0 18

fn=(6172)
0 19334
cfn=(6020)
calls=389 0 
0 22562
0 4279
cfn=(6562)
calls=389 0 
0 36893
0 32175
cfn=(6808) tokio::runtime::task::raw::poll::<pbrs_grpc::client::pool::finish_h2<tokio::net::tcp::stream::TcpStream>::{closure#0}::{closure#2}, alloc::sync::Arc<tokio::runtime::scheduler::multi_thread::handle::Handle>>
calls=881 0 
0 8545484
cfn=(6398)
calls=404 0 
0 7063287
cfn=(6174)
calls=2 0 
0 76537
0 42911
cfn=(6942)
calls=401 0 
0 14424546
cfn=(6398)
calls=402 0 
0 4023703
0 33297

fn=(6180)
0 6
cob=(2)
cfi=(2)
cfn=(4532)
calls=1 0 
0 76
0 2
cob=(2)
cfi=(2)
cfn=(4206)
calls=1 0 
0 213
0 13
cfn=(6182)
calls=1 0 
0 464
0 8
cob=(2)
cfi=(2)
cfn=(4532)
calls=1 0 
0 76
0 3

fn=(6220)
0 38688

fn=(6268)
0 22955

fn=(6278)
0 31230
cob=(2)
cfi=(2)
cfn=(6280) epoll_wait
calls=1506 0 
0 90360
0 148
cob=(2)
cfi=(2)
cfn=(6280)
calls=37 0 
0 2220
0 61291
cfn=(6282)
calls=1067 0 
0 164222
0 17676

fn=(6290)
0 101504

fn=(6450)
0 68

fn=(6470)
0 46
cfn=(6472) <h2::proto::streams::recv::Recv>::set_target_connection_window
calls=2 0 
0 86
0 32

fn=(6476)
0 21
cfn=(6350)
calls=1 0 
0 144

fn=(6536)
0 166408
cob=(2)
cfi=(2)
cfn=(4206)
calls=5 0 
0 785
0 152078

fn=(6560)
0 16888

fn=(6610)
0 35689
cob=(2)
cfi=(2)
cfn=(4916)
calls=401 0 
0 29273
0 5213
cob=(2)
cfi=(2)
cfn=(4916)
calls=401 0 
0 29273
0 3609
cob=(2)
cfi=(2)
cfn=(4916)
calls=401 0 
0 29273
0 29674

fn=(6680)
0 25664
cob=(2)
cfi=(2)
cfn=(4206)
calls=802 0 
0 31842
0 36888
cob=(2)
cfi=(2)
cfn=(4206)
calls=802 0 
0 33541
0 20046

fn=(6716)
0 67431

fn=(6726)
0 108
cob=(2)
cfi=(2)
cfn=(4206)
calls=2 0 
0 254
0 40
cob=(2)
cfi=(2)
cfn=(4968)
calls=2 0 
0 20
0 60

fn=(6740)
0 38542

fn=(6766)
0 16527
cfn=(7488)
calls=2 0 
0 1452
0 1229
cfn=(7498)
calls=2 0 
0 652
0 3264

fn=(6770)
0 6817

fn=(6786)
0 16842

fn=(6814)
0 144360

fn=(6834)
0 45
cfn=(5424)
calls=3 0 
0 970
0 27

fn=(6838) h2::hpack::encoder::encode_not_indexed
0 13634
cfn=(6836)
calls=401 0 
0 205024

fn=(6842)
0 13326
cob=(2)
cfi=(2)
cfn=(4916)
calls=402 0 
0 26182
0 9630
cob=(2)
cfi=(2)
cfn=(4916)
calls=1204 0 
0 118702
0 1644

fn=(6878)
0 45
cfn=(5424)
calls=3 0 
0 985
0 27

fn=(6880)
0 6448
cob=(2)
cfi=(2)
cfn=(4532)
calls=403 0 
0 6045
0 4030

fn=(6928)
0 12832
cfn=(6744)
calls=401 0 
0 1604
0 4411
cfn=(6744)
calls=401 0 
0 1604
0 5614

fn=(6932)
0 8822
cob=(2)
cfi=(2)
cfn=(4532)
calls=802 0 
0 23258
0 4812
cfn=(6912)
calls=802 0 
0 41704
0 14608

fn=(6946)
0 6416
cfn=(6948)
calls=401 0 
0 195576
0 10025
cob=(2)
cfi=(2)
cfn=(4206)
calls=401 0 
0 28565
0 6006
cob=(2)
cfi=(2)
cfn=(4206)
calls=400 0 
0 16760
0 7
cob=(2)
cfi=(2)
cfn=(4206)
calls=1 0 
0 213
0 8005
cfn=(6950)
calls=400 0 
0 94000
0 13
cfn=(6950)
calls=1 0 
0 233
0 5614
cob=(2)
cfi=(2)
cfn=(4532)
calls=401 0 
0 11629
0 14035
cob=(2)
cfi=(2)
cfn=(4532)
calls=401 0 
0 25664
0 13634

fn=(6986)
0 16040
cfn=(6702)
calls=802 0 
0 802
0 10426

fn=(6996)
0 330424
cfn=(6998) h2::proto::streams::streams::maybe_cancel
calls=3208 0 
0 82606
0 81002
cfn=(6800)
calls=802 0 
0 15238
0 8020
cfn=(6284)
calls=401 0 
0 104068
0 28471
cfn=(6558)
calls=802 0 
0 4812
0 8822
cfn=(6784)
calls=802 0 
0 123107
0 14436
cfn=(6784)
calls=2406 0 
0 174802
0 61006
cob=(2)
cfi=(2)
cfn=(5956)
calls=9 0 
0 99
0 9

fn=(7000)
0 61754
cfn=(6874)
calls=802 0 
0 8020
0 7218
cfn=(6860)
calls=802 0 
0 4010
0 16842

fn=(7038)
0 37293
cfn=(7040)
calls=401 0 
0 82205
0 3208
cfn=(6730)
calls=401 0 
0 671939
0 3609
cfn=(6784)
calls=401 0 
0 21253
0 12030
cfn=(6762)
calls=401 0 
0 26065
0 10025

fn=(7042)
0 9221
cfn=(7044)
calls=1 0 
0 85
0 1607
cob=(2)
cfi=(2)
cfn=(4206)
calls=401 0 
0 15238
0 4406
cob=(2)
cfi=(2)
cfn=(4206)
calls=400 0 
0 16744
0 3
cob=(2)
cfi=(2)
cfn=(4206)
calls=1 0 
0 213
0 9206
cfn=(6688)
calls=400 0 
0 89200
0 15
cfn=(6688)
calls=1 0 
0 223
0 10426

fn=(7056)
0 6416
cfn=(6660)
calls=802 0 
0 48120
0 13634

fn=(7084)
0 6015

fn=(7160) <h2::proto::streams::store::Ptr>::remove
0 18446
cob=(2)
cfi=(2)
cfn=(4532)
calls=802 0 
0 51328
0 8020
cfn=(7162)
calls=802 0 
0 21654
0 7218

fn=(7180)
0 18446
cfn=(6800)
calls=401 0 
0 43709
0 24461

fn=(7208)
0 1604

fn=(7214)
0 3609

fn=(7216)
0 2816
cfn=(7360)
calls=1 0 
0 3689
0 1208
cfn=(7398)
calls=1 0 
0 89
0 1208
cfn=(7398)
calls=1 0 
0 89
0 2414
cfn=(7064)
calls=1 0 
0 71
0 2010
cfn=(6702)
calls=402 0 
0 402
0 2010
cfn=(6842)
calls=1 0 
0 253
cfn=(6714)
calls=401 0 
0 3609
0 2414
cfn=(7400)
calls=1 0 
0 133
0 1208
cfn=(7064)
calls=1 0 
0 71
0 2814

fn=(7354)
0 20

fn=(7392) <alloc::sync::Arc<pbrs_grpc::channelz::model::ChannelEntry>>::drop_slow
0 4
cfn=(7394)
calls=1 0 
0 705
0 7
cob=(2)
cfi=(2)
cfn=(4916)
calls=1 0 
0 65

fn=(7444)
0 31
cfn=(7446)
calls=1 0 
0 21948
0 9
cfn=(7446)
calls=1 0 
0 12016
0 2
cfn=(7516)
calls=1 0 
0 12407
0 4

fn=(7448)
0 16
cfn=(7450)
calls=1 0 
0 9573
0 19
cfn=(7432)
calls=1 0 
0 304

fn=(7470) <h2::proto::streams::streams::Actions>::clear_queues
0 42
cfn=(7472)
calls=2 0 
0 12
0 20
cfn=(6558)
calls=2 0 
0 12
0 46
cfn=(6550)
calls=2 0 
0 12
0 34
cfn=(6552)
calls=2 0 
0 12
0 22

fn=(7484)
0 68
cfn=(7486)
calls=2 0 
0 196
0 4
cfn=(6766)
calls=2 0 
0 2216
0 14

fn=(7492)
0 10
cfn=(7494) core::ptr::drop_glue::<h2::proto::streams::recv::Recv>
calls=2 0 
0 237
0 8
cfn=(6454)
calls=1 0 
0 8
0 28
cob=(2)
cfi=(2)
cfn=(4916)
calls=2 0 
0 146

fn=(7494)
0 91
cob=(2)
cfi=(2)
cfn=(4916)
calls=2 0 
0 146

fn=(7518)
0 26

fn=(7702)
0 89
cfn=(6288)
calls=1 0 
0 141
0 101
cfn=(5422)
calls=1 0 
0 647
0 64
cfn=(6282)
calls=3 0 
0 201
0 12
cfn=(7704)
calls=3 0 
0 470
0 7
cfn=(7706)
calls=1 0 
0 92
0 32

fn=(7714)
0 26

fn=(7806)
0 13
cob=(2)
cfi=(2)
cfn=(4916)
calls=1 0 
0 170
0 4
cob=(2)
cfi=(2)
cfn=(5138)
calls=1 0 
0 61

fn=(7828)
0 6
cfn=(7830) core::ptr::drop_glue::<tokio::runtime::blocking::pool::Inner>
calls=1 0 
0 283
0 9
cob=(2)
cfi=(2)
cfn=(4916)
calls=1 0 
0 65

fn=(7838)
0 10

fn=(7840)
0 19
cfn=(7842)
calls=1 0 
0 86
0 3

fn=(6520)
0 84702

fn=(6800)
0 91155
cob=(2)
cfi=(2)
cfn=(4532)
calls=2406 0 
0 69774
0 38973
cob=(2)
cfi=(2)
cfn=(4532)
calls=963 0 
0 27927
0 4329
cob=(2)
cfi=(2)
cfn=(4532)
calls=1443 0 
0 41847
0 40392

fn=(6808)
0 45812
cfn=(6810)
calls=881 0 
0 8442752
0 33606
cfn=(6016)
calls=64 0 
0 15818
0 7496

fn=(5020)
0 65
cob=(2)
cfi=(2)
cfn=(5022) gettid
calls=5 0 
0 15
0 69
cob=(2)
cfi=(2)
cfn=(4206)
calls=1 0 
0 184
0 16
cob=(2)
cfi=(2)
cfn=(4206)
calls=4 0 
0 164
0 40
cob=(2)
cfi=(2)
cfn=(4532)
calls=4 0 
0 48
0 9
cob=(2)
cfi=(2)
cfn=(5030)
calls=5 0 
0 15
0 283
cob=(2)
cfi=(2)
cfn=(4206)
calls=1 0 
0 179
0 168
cob=(2)
cfi=(2)
cfn=(4532)
calls=2 0 
0 22
0 16
cob=(2)
cfi=(2)
cfn=(4532)
calls=2 0 
0 32
0 66

fn=(5096)
0 70
cfn=(5098)
calls=7 0 
0 4964
0 45
cfn=(5048)
calls=4 0 
0 264
0 89

fn=(5144)
0 138
cfn=(5146)
calls=3 0 
0 333
0 75

fn=(5222)
0 693

fn=(5976)
0 17
cfn=(5952)
calls=1 0 
0 33
0 13

fn=(5980)
0 10
cob=(2)
cfi=(2)
cfn=(4206)
calls=1 0 
0 41
0 22
cfn=(5432)
calls=1 0 
0 441
0 4

fn=(5988)
0 28
cfn=(5990)
calls=2 0 
0 290
0 179

fn=(6022)
0 63
cfn=(6024)
calls=1 0 
0 22307
0 3
cfn=(6024)
calls=1 0 
0 28483
0 18

fn=(6040)
0 566
cob=(2)
cfi=(2)
cfn=(4532)
calls=32 0 
0 397
0 393
cfn=(6042)
calls=21 0 
0 6021
0 95
cob=(2)
cfi=(2)
cfn=(4532)
calls=2 0 
0 22
0 28
cfn=(6042)
calls=2 0 
0 228
0 954
cob=(2)
cfi=(2)
cfn=(4532)
calls=54 0 
0 816
0 570
cfn=(6042)
calls=12 0 
0 2053
0 36

fn=(6066)
0 388

fn=(6068)
0 211
cob=(2)
cfi=(2)
cfn=(4206)
calls=1 0 
0 261
0 10
cob=(2)
cfi=(2)
cfn=(4532)
calls=1 0 
0 12
0 20

fn=(6070)
0 72
cob=(2)
cfi=(2)
cfn=(4532)
calls=1 0 
0 29
0 11
cfn=(5192)
calls=1 0 
0 26
0 13
cfn=(5468)
calls=1 0 
0 29
0 18
cob=(2)
cfi=(2)
cfn=(4532)
calls=1 0 
0 712
0 19
cob=(2)
cfi=(2)
cfn=(4532)
calls=1 0 
0 724
0 4
cob=(2)
cfi=(2)
cfn=(4532)
calls=1 0 
0 724
0 39
cob=(2)
cfi=(2)
cfn=(4532)
calls=1 0 
0 64
0 62
cfn=(6072)
calls=1 0 
0 13139
0 12
cfn=(6142)
calls=1 0 
0 15
0 16
cfn=(5986)
calls=1 0 
0 316
0 10
cfn=(5992)
calls=1 0 
0 25
0 77
cfn=(6144) <tokio::net::tcp::stream::TcpStream>::connect_addr::{closure#0}
calls=1 0 
0 1359
0 5
cfn=(6144)
calls=1 0 
0 161
0 35
cfn=(6432)
calls=1 0 
0 13
0 32
cob=(2)
cfi=(2)
cfn=(4532)
calls=1 0 
0 64
0 5
cob=(2)
cfi=(2)
cfn=(4532)
calls=1 0 
0 64
0 8
cfn=(6434)
calls=1 0 
0 15628
0 8
cfn=(6346)
calls=1 0 
0 452
0 7
cfn=(6568)
calls=1 0 
0 181
0 82
cfn=(6566)
calls=1 0 
0 15
0 2

fn=(6090)
0 78042

fn=(6098)
0 34
cfn=(6100)
calls=2 0 
0 168
0 46
cfn=(6100)
calls=1 0 
0 105
0 11
cob=(2)
cfi=(2)
cfn=(4532)
calls=1 0 
0 17
0 18

fn=(6102)
0 30
cfn=(5424)
calls=2 0 
0 170
0 18

fn=(6144)
0 34
cfn=(6146)
calls=1 0 
0 123
0 10
cfn=(6300)
calls=1 0 
0 1191
0 4
cfn=(6300)
calls=1 0 
0 120
0 38

fn=(6178)
0 19
cob=(2)
cfi=(2)
cfn=(4206)
calls=1 0 
0 213
0 59

fn=(6224)
0 7
cob=(2)
cfi=(2)
cfn=(4206)
calls=1 0 
0 41
0 33
cob=(2)
cfi=(2)
cfn=(5224)
calls=1 0 
0 505
0 12
cob=(2)
cfi=(2)
cfn=(4532)
calls=1 0 
0 76
0 8

fn=(6422)
0 429

fn=(6466)
0 6

fn=(6472)
0 86

fn=(6486)
0 34308

fn=(6506)
0 159814
cfn=(6344)
calls=1 0 
0 5
cfn=(6246)
calls=1 0 
0 7
0 1
cfn=(6246)
calls=1 0 
0 7
0 17
cfn=(6572)
calls=1 0 
0 7
0 40986

fn=(6532)
0 105399
cfn=(5954)
calls=9 0 
0 6921
0 81
cob=(2)
cfi=(2)
cfn=(5956)
calls=9 0 
0 99
0 18

fn=(6540)
0 67464
cfn=(6920)
calls=802 0 
0 24060
0 47318
cfn=(6922)
calls=802 0 
0 378256
0 13010
cob=(2)
cfi=(2)
cfn=(4532)
calls=1203 0 
0 67368
0 9624
cob=(2)
cfi=(2)
cfn=(4532)
calls=1203 0 
0 67368
0 33684
cfn=(6724)
calls=1203 0 
0 143157
0 38905
cfn=(6548)
calls=2 0 
0 162
0 34897
cfn=(6896)
calls=1203 0 
0 20451
0 14035
cfn=(6918)
calls=401 0 
0 9624
0 3208
cfn=(6918)
calls=401 0 
0 9624
0 6416
cfn=(6784)
calls=802 0 
0 45714
0 17644
cfn=(6890)
calls=401 0 
0 12832
0 4010
cfn=(6698)
calls=401 0 
0 38897
0 1203
cfn=(6892)
calls=401 0 
0 73894
0 26466
cob=(2)
cfi=(2)
cfn=(4532)
calls=1203 0 
0 67368
0 6015
cfn=(6896)
calls=1203 0 
0 20451
0 9624
cfn=(6896)
calls=1203 0 
0 20451
0 17291
cob=(2)
cfi=(2)
cfn=(4532)
calls=401 0 
0 25664
0 2005
cfn=(7164)
calls=401 0 
0 99046
0 4411
cob=(2)
cfi=(2)
cfn=(4532)
calls=802 0 
0 46516
0 4812
cfn=(6898)
calls=802 0 
0 962126
0 8822
cfn=(6918)
calls=802 0 
0 19248
0 2807
cfn=(6918)
calls=401 0 
0 9624
0 36642
cfn=(6784)
calls=1203 0 
0 121904
0 23732
cob=(2)
cfi=(2)
cfn=(5956)
calls=125 0 
0 1375
0 22609

fn=(6544)
0 97

fn=(6558)
0 24084

fn=(6576)
0 21
cob=(2)
cfi=(2)
cfn=(4206)
calls=1 0 
0 41
0 10
cob=(2)
cfi=(2)
cfn=(4532)
calls=1 0 
0 12
0 11

fn=(6584)
0 10
cfn=(6040)
calls=1 0 
0 42

fn=(6628)
0 2807

fn=(6728)
0 20896
cfn=(5424)
calls=2 0 
0 505
0 22

fn=(6772)
0 30877
cfn=(6774)
calls=401 0 
0 300349
0 2406
cfn=(6788)
calls=401 0 
0 5213
0 12030

fn=(6784)
0 310919
cfn=(7158)
calls=2021 0 
0 75227
0 209305
cfn=(7160)
calls=802 0 
0 106666
0 70576

fn=(6820)
0 37293
cob=(2)
cfi=(2)
cfn=(4916)
calls=1203 0 
0 82851
0 4812
cob=(2)
cfi=(2)
cfn=(4532)
calls=1203 0 
0 34887
0 37293
cob=(2)
cfi=(2)
cfn=(4532)
calls=1203 0 
0 34887
0 13228
cfn=(6824)
calls=3604 0 
0 191299
0 91428
cfn=(6822)
calls=4812 0 
0 231377
0 3609
cfn=(6822)
calls=1203 0 
0 67769
0 447917
cfn=(6716)
calls=1203 0 
0 8421
0 401
cfn=(6716)
calls=401 0 
0 2807
0 95037
cfn=(6716)
calls=1604 0 
0 11228
0 221358
cob=(2)
cfi=(2)
cfn=(4206)
calls=2 0 
0 794
0 246718
cob=(2)
cfi=(2)
cfn=(5054)
calls=1200 0 
0 21600
0 164864
cfn=(6826)
calls=8 0 
0 2265
0 27268
cfn=(6618)
calls=2 0 
0 300
0 48023
cob=(2)
cfi=(2)
cfn=(5054)
calls=400 0 
0 7536
0 2800
cob=(2)
cfi=(2)
cfn=(5054)
calls=2800 0 
0 46800
0 90418
cfn=(6838)
calls=401 0 
0 218658
0 700
cfn=(6716)
calls=1 0 
0 7
0 4
cfn=(6836)
calls=1 0 
0 103
0 6
cfn=(6836)
calls=3 0 
0 2190
0 42
cfn=(6836)
calls=1 0 
0 603
0 28
cfn=(6836)
calls=7 0 
0 3907
0 50537
cfn=(6844)
calls=1203 0 
0 180442
0 14421
cfn=(6824)
calls=1200 0 
0 36400
0 19248

fn=(6828)
0 132
cfn=(6716)
calls=4 0 
0 28
0 24

fn=(6862)
0 173232
cfn=(6716)
calls=1604 0 
0 11228
0 28471
cfn=(6716)
calls=1604 0 
0 11228
0 57744
cfn=(6716)
calls=401 0 
0 2807
0 2406
cfn=(6716)
calls=1203 0 
0 8421
0 64561
cfn=(6884) <http::header::map::HeaderMap>::try_append2::<http::header::name::HeaderName>
calls=2807 0 
0 807319
0 56942
cfn=(6864)
calls=401 0 
0 1604
0 3208

fn=(6874)
0 20050

fn=(6884)
0 70175
cob=(2)
cfi=(2)
cfn=(4206)
calls=1203 0 
0 72021
0 21648
cob=(2)
cfi=(2)
cfn=(4206)
calls=1203 0 
0 159474
0 14418
cfn=(6684)
calls=1200 0 
0 15600
0 12
cfn=(6684)
calls=3 0 
0 39
0 12030
cfn=(6692)
calls=1203 0 
0 51328
0 8020
cfn=(6692)
calls=1604 0 
0 109874
0 272680

fn=(6886)
0 329
cfn=(6740)
calls=4 0 
0 46
0 173
cob=(2)
cfi=(2)
cfn=(4206)
calls=3 0 
0 467
0 30
cob=(2)
cfi=(2)
cfn=(4532)
calls=3 0 
0 32
0 63

fn=(6896)
0 68170

fn=(6940)
0 6015
cfn=(6742)
calls=401 0 
0 43308
0 32882
cfn=(6742)
calls=401 0 
0 70977
0 1203

fn=(6998)
0 82606

fn=(7004)
0 25664
cfn=(7006)
calls=802 0 
0 18446
0 12030

fn=(7016)
0 181081
cfn=(6284)
calls=2 0 
0 173
0 22
cfn=(7366) <tokio::sync::notify::NotifyWaitersList as core::ops::drop::Drop>::drop
calls=2 0 
0 26
0 57902

fn=(7092)
0 8822
cfn=(7088)
calls=401 0 
0 133533
0 2005
cfn=(7094)
calls=401 0 
0 27744
0 5213
cfn=(7096)
calls=401 0 
0 10426
0 802
cob=(2)
cfi=(2)
cfn=(4916)
calls=401 0 
0 84869
0 2406

fn=(7172)
0 7218
cfn=(7174)
calls=401 0 
0 186348
0 8421

fn=(7182)
0 5213
cfn=(7184)
calls=401 0 
0 75789
0 13233
cfn=(7186)
calls=401 0 
0 7218
0 8421

fn=(7204)
0 20451

fn=(7366)
0 26

fn=(7386)
0 13

fn=(7388)
0 68
cfn=(7390)
calls=1 0 
0 102
0 89
cfn=(7392)
calls=1 0 
0 781
0 16

fn=(7422)
0 11
cfn=(7424)
calls=1 0 
0 3458
0 7

fn=(7436)
0 15
cfn=(7438) <tokio::runtime::io::registration::Registration as core::ops::drop::Drop>::drop
calls=3 0 
0 150
0 39

fn=(7438)
0 71
cfn=(6454)
calls=2 0 
0 16
0 63

fn=(7456)
0 84
cfn=(7458)
calls=2 0 
0 380
0 6
cfn=(7460)
calls=2 0 
0 962
0 66
cfn=(7470)
calls=2 0 
0 212
0 66

fn=(7466)
0 26
cfn=(7468)
calls=2 0 
0 154
0 18
cob=(2)
cfi=(2)
cfn=(4916)
calls=2 0 
0 130

fn=(7476)
0 10
cfn=(7478)
calls=2 0 
0 968
0 24
cob=(2)
cfi=(2)
cfn=(4916)
calls=2 0 
0 343
0 18

fn=(7510)
0 25
cob=(2)
cfi=(2)
cfn=(4532)
calls=1 0 
0 12
0 10
cob=(2)
cfi=(2)
cfn=(4532)
calls=1 0 
0 12
0 43

fn=(7536)
0 88
cfn=(7534)
calls=4 0 
0 160
0 56

fn=(7780)
0 24
cfn=(7782)
calls=4 0 
0 104
0 36
cob=(2)
cfi=(2)
cfn=(4916)
calls=4 0 
0 364

fn=(7810)
0 9
cob=(2)
cfi=(2)
cfn=(5138)
calls=1 0 
0 61
0 2
cfn=(7812)
calls=1 0 
0 88
0 2
cob=(2)
cfi=(2)
cfn=(5138)
calls=1 0 
0 61
0 8
cob=(2)
cfi=(2)
cfn=(4916)
calls=1 0 
0 202

fn=(7830)
0 10
cfn=(7832)
calls=1 0 
0 101
0 14
cfn=(7836)
calls=1 0 
0 144
0 14

fn=(7860)
0 6
cob=(2)
cfi=(2)
cfn=(4916)
calls=1 0 
0 117

ob=(6) /usr/lib/x86_64-linux-gnu/libgcc_s.so.1
fl=(6) ???
fn=(4092) 0x0000000000005730
0 12

fn=(7988) 0x0000000000004510
0 30

fn=(8000) 0x00000000000056f0
0 9
cob=(4)
cfi=(4)
cfn=(8006) 0x00000000048663b0
calls=1 0 
0 72
0 1
cfn=(8010) 0x0000000000005680
calls=1 0 
0 5
0 3

fn=(7986) 0x0000000000004560
0 4
cfn=(7988)
calls=1 0 
0 15
0 2
cfn=(7988)
calls=1 0 
0 15
0 3

fn=(4090) __cpu_indicator_init
0 361

fn=(8010)
0 5

ob=(2)
fl=(2)
fn=(4108) __cxa_atexit
0 17
cfn=(4116) 0x0000000000041a00
calls=1 0 
0 31
0 22

fn=(4426) 0x0000000000164cc0
0 20

fn=(4446) getline
0 135
cfn=(4448) getdelim
calls=45 0 
0 8033

fn=(4448)
0 1789
cfn=(4502)
calls=1 0 
0 347
0 1
0 12
cfn=(4532)
calls=1 0 
0 21
0 1
0 192
cfn=(4532)
calls=48 0 
0 933
0 48
0 155
cfn=(4454) __underflow
calls=4 0 
0 472
0 40
cfn=(4482) 0x0000000000162140
calls=4 0 
0 129
0 4
0 180
cfn=(4482)
calls=45 0 
0 1803
0 45
0 1030
cob=(4)
cfi=(4)
cfn=(4204) 0x00000000049a73d8
calls=1 0 
0 191
0 231
cfn=(4454)
calls=1 0 
0 403
0 6

fn=(4474) _IO_switch_to_get_mode
0 120

fn=(3296) strnlen
0 48

fn=(3302) wcsnlen
0 18

fn=(3354) wcscat
0 17

fn=(3370) strspn
0 6

fn=(3900) __libc_early_init
0 9
cob=(1) /usr/lib/x86_64-linux-gnu/ld-linux-x86-64.so.2
cfi=(1) ???
cfn=(218) __tunable_get_val
calls=1 0 
0 22
0 1
0 4
cob=(1)
cfi=(1)
cfn=(218)
calls=1 0 
0 22
0 1
0 4
cob=(1)
cfi=(1)
cfn=(218)
calls=1 0 
0 22
0 1
0 4
cob=(1)
cfi=(1)
cfn=(218)
calls=1 0 
0 22
0 1
0 4
cob=(1)
cfi=(1)
cfn=(218)
calls=1 0 
0 22
0 1
0 16
cfn=(3902) __ctype_init
calls=1 0 
0 16
0 7
cfn=(3904) getrlimit
calls=1 0 
0 9
0 30
cfn=(3906) 0x0000000000095450
calls=1 0 
0 90
0 2
cfn=(3918) 0x0000000000043620
calls=1 0 
0 17
0 6

fn=(4532)
0 16252282

fn=(4916)
0 1070310
cfn=(6106) 0x00000000000a05a0
calls=3427 0 
0 355562
0 3902
cfn=(4248) 0x00000000000a2250
calls=4 0 
0 4973
0 12

fn=(4920) _IO_un_link
0 13
cfn=(4402) 0x000000000008fd60
calls=1 0 
0 12
0 38
cfn=(4406) 0x000000000008fdb0
calls=1 0 
0 9
0 17

fn=(4962) _IO_default_finish
0 15

fn=(5124)
0 40
cfn=(4172) 0x000000000008f6a0
calls=2 0 
0 38
0 14

fn=(5132)
0 10

fn=(5178) 0x0000000000104a80
0 15

fn=(5250) 0x00000000000a27e0
0 7847
cfn=(4254) 0x00000000000a12a0
calls=413 0 
0 172489
0 5288
cfn=(5264) 0x00000000000a0460
calls=62 0 
0 5372
0 8405
cfn=(5282) 0x000000000009f040
calls=413 0 
0 24578
0 4583
cfn=(5316) 0x000000000009ffe0
calls=14 0 
0 874
0 14

fn=(5560)
0 24

fn=(5572) 0x000000000008ff50
0 52

fn=(5586) 0x0000000000110690
0 17
cfn=(5590) 0x00000000001107d0
calls=1 0 
0 15
0 23

fn=(5654) 0x00000000000928e0
0 60
cfn=(3902)
calls=4 0 
0 64
0 12
cfn=(5660) 0x0000000000092820
calls=4 0 
0 2355
0 72
cfn=(4154) _setjmp
calls=4 0 
0 112
0 104
cfn=(7556) __call_tls_dtors
calls=4 0 
0 1168
0 4
cfn=(7564) 0x00000000000901c0
calls=4 0 
0 2828
0 4
cfn=(7600) 0x00000000000a59c0
calls=4 0 
0 26629
0 120
cfn=(7670) 0x0000000000043760
calls=4 0 
0 12
0 24
cfn=(4192) getpagesize
calls=4 0 
0 20
0 80
cfn=(5660)
calls=4 0 
0 164
0 8
cob=(7)
cfi=(7)
cfn=(5836)
calls=4 0 
0 37054298
0 20
cfn=(7684) madvise
calls=4 0 
0 20
0 4

fn=(6304) 0x000000000009ee90
0 74076
cfn=(5348) 0x000000000009edb0
calls=22 0 
0 443
0 3998
cfn=(5348)
calls=32 0 
0 688
0 64

fn=(6438)
0 5

fn=(7608) 0x0000000000128b00
0 8
cfn=(7610) 0x0000000000130140
calls=4 0 
0 64
0 28

fn=(4106)
0 17
cfn=(4108)
calls=1 0 
0 70
0 12
cob=(1)
cfi=(1)
cfn=(4150) _dl_audit_preinit
calls=1 0 
0 4
0 1
0 6
cfn=(4152) 0x0000000000029c30
calls=1 0 
0 14637897
0 11
cob=(4)
cfi=(4)
cfn=(4136) 0x0000000000e0b674
calls=1 0 
0 6
0 20
cob=(7)
cfi=(7)
cfn=(4142)
calls=1 0 
0 12
0 4
cob=(7)
cfi=(7)
cfn=(4140)
calls=1 0 
0 4
0 9

fn=(4152)
0 8
cfn=(4154)
calls=1 0 
0 28
0 14
cob=(7)
cfi=(7)
cfn=(4166)
calls=1 0 
0 14635341
0 2
cfn=(7848) exit
calls=1 0 
0 2504

fn=(4156) __sigsetjmp
0 130

fn=(4188) __libc_sigaction
0 312

fn=(3298) strpbrk
0 6

fn=(3312) memrchr
0 24

fn=(3314) wcsncpy
0 17

fn=(3322) __memset_chk
0 22

fn=(3374) mempcpy
0 21

fn=(4032) 0x0000000000029a20
0 30
cfn=(4046) 0x0000000000167730
calls=1 0 
0 28
0 1
0 12

fn=(5012)
0 70

fn=(5016)
0 281

fn=(5164)
0 18
cfn=(4968)
calls=1 0 
0 18
0 1
0 3

fn=(5176)
0 15
cfn=(5178)
calls=1 0 
0 15
0 5

fn=(5316)
0 497
cfn=(6304)
calls=1 0 
0 322
0 55

fn=(5562)
0 92
cfn=(4192)
calls=4 0 
0 20
0 688
cfn=(5576) 0x0000000000092630
calls=4 0 
0 491
0 60
cfn=(4188)
calls=1 0 
0 48
0 30
cfn=(5574) _IO_enable_locks
calls=1 0 
0 38
0 66
cfn=(5016)
calls=4 0 
0 88
0 84
cfn=(5018)
calls=4 0 
0 20
0 52
cob=(1)
cfi=(1)
cfn=(5566) _dl_allocate_tls
calls=4 0 
0 3040
0 4
0 48
cfn=(5572)
calls=4 0 
0 52
0 24

fn=(5890)
0 40

fn=(6106)
0 68
cfn=(5282)
calls=2 0 
0 68
0 115031
cfn=(5264)
calls=2082 0 
0 212085
0 28521

fn=(6148)
0 8
cfn=(4172)
calls=1 0 
0 54
0 2

fn=(6358)
0 3269
cfn=(4172)
calls=467 0 
0 23350
0 934

fn=(6456)
0 8050
cfn=(4172)
calls=1150 0 
0 57604
0 2300

fn=(7600)
0 777
cfn=(4916)
calls=145 0 
0 22469
0 2269
cfn=(4916)
calls=4 0 
0 742
0 120
cfn=(7602) 0x00000000001543f0
calls=4 0 
0 44
0 4
cfn=(7608)
calls=4 0 
0 100
0 4
cfn=(7620) 0x00000000000bbb00
calls=4 0 
0 60
0 4
cfn=(7626) 0x000000000008f4f0
calls=4 0 
0 28
0 8

fn=(7602)
0 44

fn=(4578)
0 1809

fn=(4294) 0x00000000000a07f0
0 94
cfn=(4310) __default_morecore
calls=1 0 
0 54
0 38
cfn=(4310)
calls=1 0 
0 25
0 21

fn=(4388) 0x000000000008d060
0 1060

fn=(4416) _IO_file_open
0 25
cfn=(4400) _IO_link_in
calls=1 0 
0 17
0 6
cfn=(4418) __open_nocancel
calls=1 0 
0 23
0 2

fn=(4462) _IO_file_stat
0 2
cfn=(4464) fstat
calls=1 0 
0 5

fn=(4464)
0 5

fn=(4476) _IO_file_read
0 20
cfn=(4478) __read_nocancel
calls=5 0 
0 25

fn=(3318) wcschr
0 48

fn=(3320) index
0 18

fn=(3336) strcspn
0 6

fn=(3340) strcat
0 16

fn=(3368) memchr
0 22

fn=(4650) _IO_sputbackc
0 3960

fn=(4984) 0x0000000000090cb0
0 35
cfn=(4990) calloc
calls=5 0 
0 1394
0 5
0 30

fn=(4990)
0 1179
cfn=(4254)
calls=4 0 
0 576
0 21
cfn=(4254)
calls=7 0 
0 1030
0 136
cfn=(4968)
calls=9 0 
0 265
0 9
0 356

fn=(5030)
0 114

fn=(5138)
0 72
cfn=(4172)
calls=8 0 
0 338
0 16

fn=(5174)
0 42

fn=(5194)
0 119300

fn=(5574)
0 38

fn=(5670) 0x0000000000087d50
0 84
cfn=(5674) 0x0000000000062600
calls=4 0 
0 1812
0 24
cfn=(5784) 0x0000000000059da0
calls=4 0 
0 68
0 24

fn=(5678) 0x0000000000164f00
0 144

fn=(5844)
0 132

fn=(6002)
0 5

fn=(6156) 0x000000000009a9c0
0 61348

fn=(7556)
0 75
cob=(7)
cfi=(7)
cfn=(7858)
calls=1 0 
0 131
cob=(7)
cfi=(7)
cfn=(7558)
calls=4 0 
0 28
0 42
cob=(7)
cfi=(7)
cfn=(7558)
calls=1 0 
0 7
cob=(7)
cfi=(7)
cfn=(7560)
calls=5 0 
0 165
0 44
cob=(4)
cfi=(4)
cfn=(4914) 0x00000000049a73d0
calls=11 0 
0 1202
0 53

fn=(7670)
0 12

fn=(8070) _IO_flush_all
0 15
cfn=(4402)
calls=1 0 
0 12
0 138
cfn=(4406)
calls=1 0 
0 9
0 18

fn=(4206)
0 579574
cfn=(4248)
calls=1 0 
0 472
0 36710
cfn=(4254)
calls=2815 0 
0 550056
0 53379
cfn=(4208) 0x000000000009f160
calls=1 0 
0 1112
0 222
cfn=(4254)
calls=55 0 
0 7948
0 385

fn=(4208)
0 793
cob=(1)
cfi=(1)
cfn=(218)
calls=1 0 
0 21
0 1
0 4
cob=(1)
cfi=(1)
cfn=(218)
calls=1 0 
0 22
0 1
0 4
cob=(1)
cfi=(1)
cfn=(218)
calls=1 0 
0 21
0 1
0 4
cob=(1)
cfi=(1)
cfn=(218)
calls=1 0 
0 21
0 1
0 4
cob=(1)
cfi=(1)
cfn=(218)
calls=1 0 
0 22
0 1
0 4
cob=(1)
cfi=(1)
cfn=(218)
calls=1 0 
0 21
0 1
0 4
cob=(1)
cfi=(1)
cfn=(218)
calls=1 0 
0 21
0 1
0 4
cob=(1)
cfi=(1)
cfn=(218)
calls=1 0 
0 21
0 1
0 4
cob=(1)
cfi=(1)
cfn=(218)
calls=1 0 
0 21
0 1
0 4
cob=(1)
cfi=(1)
cfn=(218)
calls=1 0 
0 21
0 1
0 4
cob=(1)
cfi=(1)
cfn=(218)
calls=1 0 
0 21
0 1
0 4
cob=(1)
cfi=(1)
cfn=(218)
calls=1 0 
0 21
0 1
0 9

fn=(4312) sbrk
0 34
cfn=(4314) brk
calls=1 0 
0 8
0 9
cfn=(4314)
calls=1 0 
0 8
0 4

fn=(4360) 0x000000000009e650
0 4344

fn=(4402)
0 588

fn=(4456) _IO_file_underflow
0 103
cfn=(4474)
calls=5 0 
0 120
0 80
cfn=(4476)
calls=5 0 
0 45
0 85
cfn=(4458) _IO_doallocbuf
calls=1 0 
0 279
0 4

fn=(4458)
0 17
cfn=(4460) _IO_file_doallocate
calls=1 0 
0 256
0 6

fn=(3308) __mempcpy_chk
0 21

fn=(4194)
0 18

fn=(4478)
0 25

fn=(4504) 0x00000000000a2380
0 1176
cfn=(4254)
calls=13 0 
0 2467
0 221
cfn=(4532)
calls=13 0 
0 324
0 13
0 600
cfn=(5348)
calls=3 0 
0 66
0 20
cfn=(6106)
calls=2 0 
0 211
0 142

fn=(4716) __strtoul_internal
0 23606

fn=(4918) fclose
0 16
cfn=(4960) _IO_file_finish
calls=1 0 
0 27
0 15
cob=(4)
cfi=(4)
cfn=(4914)
calls=1 0 
0 66
0 6
cfn=(4920)
calls=1 0 
0 86
0 18
cfn=(4952) _IO_file_close_it
calls=1 0 
0 166
0 4

fn=(4952)
0 15
cfn=(4954) _IO_unsave_markers
calls=1 0 
0 8
0 10
cfn=(4956) _IO_file_close
calls=1 0 
0 7
0 9
cfn=(4472) _IO_setb
calls=1 0 
0 98
0 6
cfn=(4920)
calls=1 0 
0 3
0 10

fn=(4954)
0 8

fn=(4968)
0 35073

fn=(5006)
0 40

fn=(5022)
0 15

fn=(5106) 0x0000000000166960
0 558

fn=(5172)
0 5

fn=(5506) 0x000000000015fcf0
0 50
cob=(1)
cfi=(1)
cfn=(5440) _dl_find_dso_for_object
calls=1 0 
0 29
0 1
0 16
cob=(1)
cfi=(1)
cfn=(3074) 0x000000000000ae90
calls=1 0 
0 732
0 7

fn=(5590)
0 15

fn=(5674)
0 96
cfn=(5678)
calls=4 0 
0 72
0 4
0 28
cfn=(5686) 0x000000000005a2b0
calls=4 0 
0 188
0 248
cfn=(5678)
calls=4 0 
0 72
0 4
0 24
cfn=(5686)
calls=4 0 
0 68
0 76
cfn=(5732) 0x0000000000058900
calls=4 0 
0 392
0 172
cfn=(5686)
calls=4 0 
0 204
0 164

fn=(5942)
0 16

fn=(6000)
0 5

fn=(6428)
0 9656
cfn=(4172)
calls=1207 0 
0 60350
0 2414

fn=(7850) 0x00000000000420d0
0 62
cfn=(8126) _Exit
calls=1 0 
0 3
0 13
cob=(1)
cfi=(1)
cfn=(7878) 0x0000000000005aa0
calls=1 0 
0 1437
0 5
cfn=(8068) 0x000000000008d9f0
calls=1 0 
0 397
0 2
cfn=(7556)
calls=1 0 
0 579
0 1

fn=(8068)
0 11
cfn=(8070)
calls=1 0 
0 192
0 6
cfn=(4402)
calls=1 0 
0 12
0 149
cfn=(4406)
calls=1 0 
0 9
0 18

fn=(4174) 0x000000000008f620
0 87700
cfn=(6156)
calls=4382 0 
0 61348
0 30714

fn=(4198)
0 72
cfn=(4192)
calls=9 0 
0 45
0 45

fn=(4386) 0x000000000008d0d0
0 460
cfn=(4388)
calls=46 0 
0 1060
0 559

fn=(4398) 0x0000000000089db0
0 5
cfn=(4400)
calls=1 0 
0 94
0 3

fn=(4418)
0 23

fn=(4454)
0 141
cfn=(4456)
calls=5 0 
0 716
0 18

fn=(3328) stpncpy
0 18

fn=(3346) bcmp
0 92

fn=(3348) wmemset
0 36

fn=(3350) strcpy
0 16

fn=(3906)
0 8
cob=(1)
cfi=(1)
cfn=(218)
calls=1 0 
0 22
0 1
0 4
cob=(1)
cfi=(1)
cfn=(218)
calls=1 0 
0 21
0 1
0 4
cob=(1)
cfi=(1)
cfn=(218)
calls=1 0 
0 22
0 1
0 6

fn=(5014)
0 1305

fn=(5054)
0 98503

fn=(5136)
0 28
cfn=(4172)
calls=4 0 
0 76
0 8

fn=(5282)
0 75168
cfn=(5348)
calls=1492 0 
0 36197
0 15126

fn=(5436) pthread_mutex_lock
0 663

fn=(5504) 0x000000000008f330
0 6
cfn=(5506)
calls=1 0 
0 835
0 3

fn=(5614) clone
0 100
cfn=(5654)
calls=4 0 
0 37088182

fn=(5848) prctl
0 24

fn=(5956)
0 27280

fn=(5998)
0 18

fn=(6280)
0 12344
cfn=(4172)
calls=1543 0 
0 77150
0 3086

fn=(6446)
0 7
cfn=(4172)
calls=1 0 
0 50
0 2

fn=(7564)
0 1904
cob=(7)
cfi=(7)
cfn=(7582)
calls=4 0 
0 116
0 808

fn=(7722)
0 180
cfn=(7758) 0x0000000000090320
calls=4 0 
0 208
0 72
cfn=(7742) _pthread_cleanup_push
calls=4 0 
0 24
0 9
cfn=(7786) 0x000000000008fce0
calls=1 0 
0 77
0 31
cfn=(7750) _pthread_cleanup_pop
calls=4 0 
0 20
0 4

fn=(7758)
0 208

fn=(4572) 0x000000000008e420
0 765
cfn=(4578)
calls=45 0 
0 1502
0 45
0 270
cfn=(4472)
calls=45 0 
0 1215
0 1035

fn=(4170)
0 7
cfn=(4172)
calls=1 0 
0 19
0 2

fn=(4254)
0 295523
cfn=(6304)
calls=480 0 
0 77711
0 261030
cfn=(5348)
calls=1141 0 
0 34604
0 38924
cfn=(5348)
calls=3 0 
0 96
0 24
cfn=(4360)
calls=3 0 
0 12
0 4332
cfn=(4360)
calls=1083 0 
0 4332
0 18621
cfn=(4294)
calls=1 0 
0 232
0 21

fn=(4414) _IO_file_fopen
0 72
cfn=(4416)
calls=1 0 
0 73
0 6
cfn=(4420) 0x00000000000aacd0
calls=1 0 
0 54
0 30

fn=(4420)
0 17
cfn=(4426)
calls=1 0 
0 20
0 1
0 16

fn=(4460)
0 19
cfn=(4462)
calls=1 0 
0 7
0 12
cob=(4)
cfi=(4)
cfn=(4204)
calls=1 0 
0 175
0 7
cfn=(4472)
calls=1 0 
0 27
0 9

fn=(3306) wcslen
0 18

fn=(3310) __memcpy_chk
0 21

fn=(3332) strncmp
0 20

fn=(3342) strncasecmp_l
0 20

fn=(3358) strncpy
0 36

fn=(3360) wmemcmp
0 23

fn=(3362) __memmove_chk
0 21

fn=(3372) wcpncpy
0 17

fn=(4172)
0 13173
cfn=(4174)
calls=4391 0 
0 179721
0 26458

fn=(4502)
0 714
cfn=(4206)
calls=10 0 
0 2084
0 1749
cfn=(4504)
calls=22 0 
0 4914
0 670
cfn=(4504)
calls=2 0 
0 326
0 24

fn=(4960)
0 12
cfn=(4962)
calls=1 0 
0 15

fn=(5018)
0 65

fn=(5078)
0 190
cfn=(4172)
calls=5 0 
0 219
0 25

fn=(5102)
0 136
cfn=(4578)
calls=8 0 
0 104
0 8
0 2615
cfn=(5106)
calls=23 0 
0 558
0 23
0 138

fn=(5170)
0 5

fn=(5784)
0 68

fn=(5840)
0 43

fn=(5846)
0 48
cfn=(4578)
calls=4 0 
0 52
0 4
0 72
cfn=(5848)
calls=4 0 
0 24
0 12

fn=(5996)
0 10

fn=(6012)
0 20

fn=(6296)
0 14
cfn=(4172)
calls=2 0 
0 104
0 4

fn=(7620)
0 16
cob=(4)
cfi=(4)
cfn=(4914)
calls=4 0 
0 16
0 12
cob=(4)
cfi=(4)
cfn=(4914)
calls=4 0 
0 16

fn=(7684)
0 20

fn=(4310)
0 8
cfn=(4312)
calls=2 0 
0 63
0 8

fn=(3300) strcmp
0 18

fn=(3316) memcpy
0 63

fn=(3366) memmove
0 63

fn=(3904)
0 18

fn=(4184)
0 23
cfn=(4186)
calls=1 0 
0 92
0 9

fn=(4196)
0 65
cfn=(4198)
calls=5 0 
0 90
0 243
cfn=(4502)
calls=5 0 
0 1162
0 5
0 35
cfn=(4964) pthread_getaffinity_np
calls=5 0 
0 175
0 50
cfn=(4982) pthread_attr_setaffinity_np
calls=5 0 
0 2861
0 15
cob=(4)
cfi=(4)
cfn=(4914)
calls=5 0 
0 362
0 38
cfn=(4200) fopen
calls=1 0 
0 2215
0 6
cfn=(3904)
calls=1 0 
0 9
0 5
cfn=(4918)
calls=1 0 
0 404
0 250
cfn=(4564) __isoc23_sscanf
calls=45 0 
0 85361
0 717
cfn=(4446)
calls=45 0 
0 8168
0 137
cob=(4)
cfi=(4)
cfn=(4914)
calls=1 0 
0 66
0 23

fn=(5008)
0 47
cob=(4)
cfi=(4)
cfn=(4914)
calls=5 0 
0 362
0 10
cob=(4)
cfi=(4)
cfn=(4914)
calls=5 0 
0 362
0 23

fn=(5130)
0 30

fn=(5264)
0 18798
cfn=(6304)
calls=2 0 
0 1236
0 61486
cfn=(5348)
calls=72 0 
0 1506
0 12864
cfn=(5282)
calls=2144 0 
0 101845
0 19722

fn=(5348)
0 73600

fn=(5584) 0x0000000000110700
0 44
cfn=(5586)
calls=4 0 
0 55
0 68
cfn=(5614)
calls=4 0 
0 72
0 32

fn=(5732)
0 392

fn=(5802) 0x00000000001110c0
0 143
cob=(1)
cfi=(1)
cfn=(218)
calls=1 0 
0 22
0 1
0 5

fn=(5852) 0x000000000009f640
0 148
cfn=(5868) 0x000000000009f5e0
calls=4 0 
0 545
0 3280

fn=(6430)
0 6

fn=(7742)
0 24

fn=(7750)
0 20

fn=(7786)
0 31
cfn=(4174)
calls=1 0 
0 41
0 5

fn=(8126)
0 3

fn=(4600) 0x0000000000065070
0 2250
cfn=(4402)
calls=45 0 
0 540
0 7605
cfn=(4406)
calls=45 0 
0 405
0 5445
cfn=(4650)
calls=90 0 
0 1980
0 30190
cfn=(4650)
calls=90 0 
0 1980
0 1128
cfn=(4716)
calls=90 0 
0 23606
0 1170

fn=(4116)
0 31

fn=(4190)
0 43
cfn=(4192)
calls=1 0 
0 5
0 4

fn=(4314)
0 16

fn=(4400)
0 43
cfn=(4402)
calls=1 0 
0 12
0 23
cfn=(4406)
calls=1 0 
0 9
0 24

fn=(4406)
0 441

fn=(3284) 0x00000000000bb960
0 29

fn=(3304) memset
0 66

fn=(3324) rindex
0 24

fn=(3326) wcscmp
0 24

fn=(3330) wmemchr
0 44

fn=(3344) strchrnul
0 24

fn=(3352) strcasecmp_l
0 20

fn=(3364) stpcpy
0 16

fn=(3376) strncasecmp
0 20

fn=(3902)
0 80

fn=(4068) 0x0000000000029b00
0 22

fn=(4154)
0 10
cfn=(4156)
calls=5 0 
0 130

fn=(4186)
0 100
cfn=(4188)
calls=5 0 
0 264

fn=(4192)
0 90

fn=(4564)
0 1035
cfn=(4386)
calls=45 0 
0 2025
0 315
cfn=(4572)
calls=45 0 
0 4832
0 495
cfn=(4600)
calls=45 0 
0 76299
0 360

fn=(4956)
0 2
cfn=(4958) __close_nocancel
calls=1 0 
0 5

fn=(4958)
0 5

fn=(4982)
0 80
cfn=(4984)
calls=5 0 
0 1464
0 40
cfn=(4502)
calls=5 0 
0 1162
0 5
0 45
cfn=(4532)
calls=5 0 
0 55
0 5
0 5

fn=(5224)
0 8673
cfn=(5226) 0x00000000000a2ea0
calls=413 0 
0 260379
0 4130

fn=(5434)
0 143
cfn=(4990)
calls=11 0 
0 1074
0 11
0 132
cfn=(5436)
calls=11 0 
0 429
0 55
cfn=(5442) pthread_mutex_unlock
calls=11 0 
0 423
0 121
cob=(1)
cfi=(1)
cfn=(5440)
calls=11 0 
0 319
0 11
0 55

fn=(5500) 0x000000000008ecc0
0 19
cob=(1)
cfi=(1)
cfn=(1454) 0x00000000000024a0
calls=1 0 
0 924
0 19

fn=(5576)
0 148
cfn=(5584)
calls=4 0 
0 271
0 72

fn=(5668) snprintf
0 72
cfn=(5670)
calls=4 0 
0 2012
0 20

fn=(5686)
0 220
cfn=(4532)
calls=8 0 
0 96
0 8
0 136

fn=(5842)
0 15

fn=(5868)
0 121
cfn=(5016)
calls=1 0 
0 17
0 23
cfn=(5018)
calls=4 0 
0 20
0 24
cfn=(5802)
calls=4 0 
0 68
0 85
cfn=(5016)
calls=3 0 
0 66
0 43
cfn=(5890)
calls=2 0 
0 10
0 4
cfn=(5890)
calls=1 0 
0 5
0 17
cfn=(5890)
calls=1 0 
0 5
0 37

fn=(7610)
0 64

fn=(7848)
0 5
cfn=(7850)
calls=1 0 
0 2499

fn=(4200)
0 10
cob=(4)
cfi=(4)
cfn=(4204)
calls=1 0 
0 1780
0 12
cfn=(4386)
calls=1 0 
0 54
0 4
cfn=(4398)
calls=1 0 
0 102
0 5
cfn=(4414)
calls=1 0 
0 235
0 13

fn=(4248)
0 37
cfn=(4254)
calls=1 0 
0 360
0 483
cfn=(5852)
calls=4 0 
0 3973
0 16
cfn=(4254)
calls=4 0 
0 536
0 40

fn=(4472)
0 1272
cob=(4)
cfi=(4)
cfn=(4914)
calls=1 0 
0 66
0 2

fn=(3334) strcasecmp
0 20

fn=(3338) wcscpy
0 15

fn=(3356) strlen
0 72

fn=(3918)
0 17

fn=(4046)
0 28

fn=(4060) 0x0000000000029a90
0 11

fn=(4482)
0 1932

fn=(4964)
0 80
cfn=(4968)
calls=5 0 
0 75
0 5
0 15

fn=(5226)
0 17385
cfn=(5250)
calls=411 0 
0 228682
0 12702
cfn=(5250)
calls=2 0 
0 768
0 842

fn=(5442)
0 654

fn=(5498)
0 16
cfn=(5436)
calls=1 0 
0 39
0 3
cfn=(5500)
calls=1 0 
0 962
0 5
cfn=(5442)
calls=1 0 
0 36
0 8

fn=(5558)
0 48

fn=(5660)
0 140
cfn=(5668)
calls=4 0 
0 2104
0 16
cfn=(5802)
calls=4 0 
0 103
0 156

fn=(7626)
0 28

fn=(7932)
0 176
cfn=(7934) 0x00000000000f8130
calls=4 0 
0 60
0 48

fn=(7934)
0 60

ob=(3)
fl=(3)
fn=(3476) expf
0 8

fn=(3510) __asin_finite
0 7

fn=(3486) sincosf
0 8

fn=(3490) __pow_finite
0 7

fn=(3498) __log_finite
0 8

fn=(3502) __acos_finite
0 7

fn=(3508) roundeven
0 6

fn=(3518) __atanh_finite
0 8

fn=(3480) logf
0 8

fn=(6256) 0x000000000007dcf0
0 126630

fn=(3478) cos
0 8

fn=(3524) fmaf
0 5

fn=(3488) powf
0 8

fn=(3472) cosf
0 8

fn=(3520) __atan2_finite
0 8

fn=(3482) tan
0 8

fn=(3500) atan
0 8

fn=(3512) expm1
0 8

fn=(3492) log2f
0 8

fn=(3474) __exp_finite
0 8

fn=(3504) sinf
0 8

fn=(8028) 0x00000000000112f0
0 5

fn=(3514) exp2f
0 8

fn=(4080) 0x00000000000113a0
0 12

fn=(3494) 0x000000000005b3b0
0 8

fn=(3506) fma
0 5

fn=(3522) sin
0 8

fn=(3526) sincos
0 7

fn=(3484) log2
0 8

fn=(3516) __sinh_finite
0 8

fn=(6252)
0 6030
cfn=(6256)
calls=1206 0 
0 126630
0 1206
0 16884

fn=(8018) 0x0000000000011360
0 9
cob=(4)
cfi=(4)
cfn=(8024) 0x00000000048a0280
calls=1 0 
0 72
0 1
cfn=(8028)
calls=1 0 
0 5
0 3

ob=(1)
fl=(1)
fn=(370) 0x0000000000015f00
0 5366

fn=(1136) 0x000000000001a900
0 46
cfn=(1148) 0x0000000000023bb0
calls=2 0 
0 24
0 22
cfn=(1032) 0x000000000001af30
calls=2 0 
0 135
0 4
cfn=(1032)
calls=2 0 
0 167
0 20

fn=(1212) 0x000000000001b390
0 246

fn=(1474) 0x000000000000bf50
0 560
cfn=(888) 0x0000000000024740
calls=80 0 
0 2585
0 1079
cfn=(888)
calls=94 0 
0 3472
0 588

fn=(1872) 0x0000000000022d70
0 25

fn=(3842) 0x000000000001b220
0 85
cfn=(3848) 0x000000000001b140
calls=1 0 
0 662
0 5
cfn=(3848)
calls=1 0 
0 603
0 5
cfn=(3848)
calls=1 0 
0 647
0 5
cfn=(3848)
calls=1 0 
0 623
0 11

fn=(3962) 0x00000000000230b0
0 5

fn=(1456) _dl_catch_exception
0 161
cfn=(1458) 0x00000000000232a0
calls=1 0 
0 19
0 30
cfn=(1458)
calls=10 0 
0 190
0 55
cob=(2)
cfi=(2)
cfn=(5504)
calls=1 0 
0 844
cfn=(2008) 0x0000000000003640
calls=9 0 
0 17372
cfn=(1460) 0x000000000001d3c0
calls=1 0 
0 2634
0 183

fn=(2542) 0x0000000000011940
0 244
cfn=(2556) 0x0000000000011840
calls=12 0 
0 486
0 78
cfn=(760) 0x0000000000023bc0
calls=2 0 
0 36
0 2

fn=(2818) 0x0000000000025f00
0 31

fn=(2854) 0x000000000001dd60
0 13
cfn=(742) 0x000000000000bda0
calls=1 0 
0 34
0 5
cfn=(2860) 0x0000000000012270
calls=1 0 
0 78
0 1
cfn=(2870) 0x0000000000012470
calls=1 0 
0 224
0 1
cfn=(2900) 0x0000000000012670
calls=1 0 
0 411
0 14
cfn=(2928) 0x0000000000013070
calls=1 0 
0 96
0 6

fn=(7916) 0x0000000000001f70
0 104
cob=(3)
cfi=(3)
cfn=(8018)
calls=1 0 
0 90
cob=(6)
cfi=(6)
cfn=(7986)
calls=1 0 
0 39
cob=(5)
cfi=(5)
cfn=(7968)
calls=1 0 
0 90
cob=(7)
cfi=(7)
cfn=(7924)
calls=1 0 
0 90
0 1
cob=(6)
cfi=(6)
cfn=(8000)
calls=1 0 
0 90
0 62
cob=(4)
cfi=(4)
cfn=(8034) 0x000000000491cdc8
calls=1 0 
0 3
cob=(4)
cfi=(4)
cfn=(8016) 0x0000000004888f98
calls=1 0 
0 3
cob=(4)
cfi=(4)
cfn=(7984) 0x000000000483b284
calls=1 0 
0 3
cob=(4)
cfi=(4)
cfn=(7956) 0x0000000000e0b68c
calls=1 0 
0 3
0 8

fn=(124) 0x0000000000011770
0 162

fn=(218)
0 815

fn=(270) 0x0000000000016260
0 212

fn=(578) 0x0000000000013760
0 264

fn=(650) 0x0000000000025d60
0 702

fn=(800) 0x0000000000013000
0 14

fn=(2140) 0x000000000000bec0
0 11
cfn=(1538) 0x0000000000022e60
calls=1 0 
0 16
0 13
cfn=(1592) 0x0000000000022c50
calls=1 0 
0 5
0 8
cfn=(1872)
calls=1 0 
0 5
0 7
cfn=(1624) 0x0000000000022ff0
calls=1 0 
0 22
0 2

fn=(3406) 0x0000000000023090
0 30

fn=(3686) _dl_allocate_tls_init
0 75
cob=(2)
cfi=(2)
cfn=(5436)
calls=4 0 
0 156
cfn=(800)
calls=1 0 
0 2
0 680
cfn=(1148)
calls=15 0 
0 460
0 75
cfn=(1170) 0x0000000000023da0
calls=15 0 
0 390
0 163
cob=(2)
cfi=(2)
cfn=(5442)
calls=4 0 
0 156
cfn=(800)
calls=1 0 
0 2
0 55

fn=(3790) 0x000000000001b3f0
0 11
cfn=(3792) 0x000000000000bad0
calls=1 0 
0 204
0 17
cfn=(3792)
calls=1 0 
0 183
0 13

fn=(3984) 0x0000000000005d00
0 191
cob=(4)
cfi=(4)
cfn=(4086) 0x0000000004866000
calls=1 0 
0 6
cob=(4)
cfi=(4)
cfn=(4076) 0x00000000048a0000
calls=1 0 
0 6
cob=(4)
cfi=(4)
cfn=(3998) 0x000000000483b000
calls=1 0 
0 6
0 74
cob=(6)
cfi=(6)
cfn=(4092)
calls=1 0 
0 12
cob=(2)
cfi=(2)
cfn=(4068)
calls=1 0 
0 22
cob=(2)
cfi=(2)
cfn=(4060)
calls=1 0 
0 11
0 16
cob=(6)
cfi=(6)
cfn=(4090)
calls=1 0 
0 361
cob=(3)
cfi=(3)
cfn=(4080)
calls=1 0 
0 12
cob=(2)
cfi=(2)
cfn=(4032)
calls=1 0 
0 71
cob=(5)
cfi=(5)
cfn=(4010)
calls=1 0 
0 12
0 65

fn=(658) 0x0000000000022710
0 14

fn=(998) 0x00000000000076e0
0 15
cfn=(1000) 0x000000000001a9a0
calls=1 0 
0 1341
0 3
cfn=(746) 0x000000000000bc70
calls=1 0 
0 24
0 13
cfn=(746)
calls=1 0 
0 24
0 42
cfn=(1170)
calls=4 0 
0 52
0 91
cfn=(650)
calls=1 0 
0 16
0 8
cfn=(760)
calls=1 0 
0 10
0 108
cfn=(746)
calls=1 0 
0 24
0 10
cfn=(1210) 0x0000000000007190
calls=1 0 
0 570
0 18

fn=(1148)
0 724

fn=(1170)
0 821

fn=(1458)
0 209

fn=(1960) 0x0000000000022c30
0 8

fn=(2870)
0 127
cfn=(218)
calls=1 0 
0 22
0 17
cfn=(218)
calls=1 0 
0 22
0 36

fn=(158) 0x0000000000013780
0 23135

fn=(224) 0x0000000000021f30
0 7

fn=(4150)
0 4

fn=(0) 0x000000000001d2c0
0 2
cfn=(2) 0x000000000001de30
calls=1 0 
0 482575
0 10
cfn=(3980) 0x0000000000005e20
calls=1 0 
0 955
0 3
cob=(7)
cfi=(7)
cfn=(4104)
calls=1 0 
0 14638084

fn=(1000)
0 16
cfn=(1002) 0x000000000001ad20
calls=1 0 
0 48
0 10
cfn=(1032)
calls=1 0 
0 21
0 23
cfn=(1032)
calls=2 0 
0 135
0 2
cfn=(1032)
calls=1 0 
0 146
0 12
cfn=(746)
calls=1 0 
0 24
0 13
cfn=(1034) 0x000000000001ade0
calls=1 0 
0 11
0 33
cfn=(1032)
calls=2 0 
0 135
0 2
cfn=(1032)
calls=1 0 
0 146
0 38
cfn=(1112) 0x00000000000238e0
calls=1 0 
0 18
0 32
cfn=(746)
calls=1 0 
0 24
0 14
cfn=(1136)
calls=1 0 
0 45
0 5
cfn=(1136)
calls=1 0 
0 373
0 15

fn=(3704) 0x0000000000005310
0 7
cfn=(3720) 0x0000000000004dd0
calls=1 0 
0 128
0 4
cfn=(746)
calls=1 0 
0 24
0 8
cfn=(3720)
calls=1 0 
0 453
0 9
cfn=(3708) 0x0000000000004c80
calls=1 0 
0 64
0 3
cfn=(3758) 0x0000000000005250
calls=1 0 
0 192
0 7

fn=(3758)
0 192

fn=(3784) 0x0000000000017e50
0 5

fn=(1054) 0x0000000000024520
0 713

fn=(1318) 0x0000000000003510
0 20

fn=(1408) 0x0000000000025b80
0 407

fn=(2462) 0x0000000000022f40
0 76

fn=(2)
0 666
cfn=(120) 0x000000000001af80
calls=1 0 
0 9
0 8
cfn=(124)
calls=1 0 
0 27
0 8
cfn=(134) 0x000000000001cc10
calls=1 0 
0 481834
0 23

fn=(136) 0x000000000001be40
0 531

fn=(216) 0x0000000000011910
0 5
cfn=(218)
calls=1 0 
0 22
0 6

fn=(232) 0x0000000000017e70
0 27
cfn=(244) 0x0000000000015890
calls=1 0 
0 71
0 28
cfn=(270)
calls=1 0 
0 212
0 101
cfn=(218)
calls=1 0 
0 21
0 7
cfn=(218)
calls=1 0 
0 21
0 10
cfn=(218)
calls=1 0 
0 21
0 12
cfn=(218)
calls=1 0 
0 21
0 13
cfn=(218)
calls=1 0 
0 21
0 12
cfn=(218)
calls=1 0 
0 21
0 14
cfn=(578)
calls=1 0 
0 44
0 11
cfn=(578)
calls=1 0 
0 44
0 9
cfn=(578)
calls=1 0 
0 44
0 10
cfn=(578)
calls=1 0 
0 44
0 11
cfn=(578)
calls=1 0 
0 44
0 10
cfn=(578)
calls=1 0 
0 44
0 15
cfn=(218)
calls=1 0 
0 20
0 4
cfn=(218)
calls=1 0 
0 22
0 10
cfn=(218)
calls=1 0 
0 22
0 55
cfn=(364) 0x0000000000016170
calls=1 0 
0 459
0 3
cfn=(364)
calls=1 0 
0 526
0 5
cfn=(364)
calls=1 0 
0 476
0 3
cfn=(364)
calls=1 0 
0 468
0 4
cfn=(364)
calls=1 0 
0 450
0 3
cfn=(364)
calls=1 0 
0 451
0 3
cfn=(364)
calls=1 0 
0 501
0 3
cfn=(364)
calls=1 0 
0 492
0 3
cfn=(364)
calls=1 0 
0 493
0 3
cfn=(364)
calls=1 0 
0 517
0 3
cfn=(364)
calls=1 0 
0 518
0 3
cfn=(364)
calls=1 0 
0 519
0 7
cfn=(472) 0x0000000000015a30
calls=1 0 
0 228
0 39

fn=(244)
0 71

fn=(1388) _dl_debug_state
0 2

fn=(1454)
0 22
cfn=(1456)
calls=2 0 
0 3594
0 22

fn=(1460)
0 11
cfn=(1462) 0x00000000000093a0
calls=1 0 
0 2620
0 3

fn=(1534) 0x00000000000062f0
0 171
cfn=(1538)
calls=9 0 
0 159
0 71
cfn=(1552) 0x0000000000022f00
calls=4 0 
0 20
0 249
cfn=(2412) 0x0000000000022ed0
calls=1 0 
0 6
0 18

fn=(1916) 0x00000000000034a0
0 30

fn=(1980) 0x0000000000003680
0 159
cfn=(746)
calls=4 0 
0 96
0 36
cfn=(760)
calls=4 0 
0 40
0 20
cfn=(760)
calls=4 0 
0 40
0 173
cfn=(1456)
calls=9 0 
0 17894
0 905
cfn=(1240) 0x0000000000006e50
calls=9 0 
0 456
0 412
cfn=(746)
calls=1 0 
0 24
0 110
cfn=(2542)
calls=1 0 
0 394
0 116
cfn=(2462)
calls=4 0 
0 76
0 20
cfn=(760)
calls=1 0 
0 18
0 3

fn=(3890) 0x0000000000001f00
0 12
cfn=(3792)
calls=1 0 
0 222
0 11
cob=(2)
cfi=(2)
cfn=(3900)
calls=1 0 
0 333

fn=(3944) 0x000000000001ccd0
0 1

fn=(3980)
0 32
cfn=(3984)
calls=1 0 
0 36
0 35
cfn=(3984)
calls=5 0 
0 751
0 21
cfn=(3984)
calls=1 0 
0 78
0 2

fn=(672) 0x0000000000013010
0 16

fn=(742)
0 307
cfn=(1624)
calls=2 0 
0 44
0 14
cfn=(1640) 0x00000000000230d0
calls=2 0 
0 49
0 141

fn=(1210)
0 20
cfn=(1212)
calls=1 0 
0 239
0 3
cfn=(1212)
calls=1 0 
0 7
0 11
cfn=(1238) 0x0000000000007090
calls=1 0 
0 125
0 5
cfn=(650)
calls=1 0 
0 16
0 33
cfn=(1300) 0x000000000000bde0
calls=1 0 
0 4
0 9
cfn=(746)
calls=1 0 
0 24
0 10
cfn=(1148)
calls=1 0 
0 12
0 52

fn=(2318) 0x0000000000012300
0 18

fn=(2368) 0x0000000000007ab0
0 108

fn=(670) 0x000000000001e600
0 21
cfn=(672)
calls=1 0 
0 16
0 14
cfn=(678) 0x000000000001a800
calls=1 0 
0 86
0 4
cfn=(678)
calls=2 0 
0 385
0 175
cfn=(730) 0x000000000000c2a0
calls=1 0 
0 286
0 12
cfn=(798) 0x000000000000c200
calls=1 0 
0 34
0 408
cfn=(876) 0x0000000000004c10
calls=1 0 
0 34
0 13
cfn=(888)
calls=1 0 
0 42
0 338
cfn=(124)
calls=1 0 
0 27
0 10
cfn=(998)
calls=1 0 
0 2369
0 3
cfn=(1318)
calls=1 0 
0 20
0 148
cfn=(1374) 0x00000000000123f0
calls=1 0 
0 5
0 8
cfn=(1382) 0x00000000000034e0
calls=1 0 
0 9
0 3
cfn=(1392) 0x00000000000184e0
calls=1 0 
0 20
0 12
cfn=(1960)
calls=1 0 
0 8
0 21
cfn=(1980)
calls=1 0 
0 20992
0 119
cfn=(2624) 0x0000000000002290
calls=1 0 
0 19546
0 135
cfn=(2976) 0x00000000000110a0
calls=1 0 
0 76829
0 113
cfn=(2976)
calls=6 0 
0 318124
0 30
cfn=(3434) 0x0000000000012d50
calls=3 0 
0 90
0 12
cfn=(3668) 0x0000000000012d00
calls=1 0 
0 42
0 10
cfn=(3686)
calls=1 0 
0 386
0 6
cfn=(3704)
calls=1 0 
0 899
0 11
cfn=(2980) 0x000000000000e870
calls=1 0 
0 275
0 6
cfn=(3790)
calls=1 0 
0 428
0 2
cfn=(3842)
calls=1 0 
0 2646
0 2
cfn=(3874) 0x0000000000003420
calls=1 0 
0 628
0 2
cfn=(3400) 0x000000000000e710
calls=1 0 
0 28
0 3
cfn=(3890)
calls=1 0 
0 578
0 1
cfn=(3944)
calls=1 0 
0 1
0 2
cfn=(1916)
calls=1 0 
0 6
0 3
cfn=(1382)
calls=1 0 
0 9
0 3
cfn=(3952) 0x0000000000018570
calls=1 0 
0 8
0 1
cfn=(3958) 0x0000000000015260
calls=1 0 
0 16
0 106
cfn=(2854)
calls=1 0 
0 883
0 41
cfn=(1402) 0x000000000001e500
calls=1 0 
0 3228
0 7

fn=(730)
0 87
cfn=(650)
calls=4 0 
0 108
0 36
cfn=(742)
calls=4 0 
0 227
0 3
cfn=(742)
calls=1 0 
0 40
0 70
cfn=(760)
calls=5 0 
0 69
0 362
cfn=(650)
calls=4 0 
0 170
0 40
cfn=(1148)
calls=4 0 
0 72
0 388
cfn=(746)
calls=4 0 
0 96
0 35

fn=(760)
0 277

fn=(1374)
0 5

fn=(1592)
0 25

fn=(2052) 0x0000000000006660
0 126
cfn=(1148)
calls=3 0 
0 36
0 71
cfn=(1148)
calls=5 0 
0 60
0 20
cfn=(1148)
calls=5 0 
0 60
0 60
cfn=(1534)
calls=5 0 
0 260
0 191
cfn=(2086) 0x0000000000022d50
calls=3 0 
0 40
0 27

fn=(2556)
0 486

fn=(2624)
0 12
cfn=(2628) 0x000000000001db20
calls=1 0 
0 19526
0 8

fn=(2630) 0x0000000000014740
0 48
cfn=(2638) 0x0000000000013e00
calls=6 0 
0 19437
0 31

fn=(3708)
0 364

fn=(3720)
0 261
cfn=(3708)
calls=5 0 
0 300
0 20

fn=(798)
0 40
cfn=(800)
calls=5 0 
0 10
0 180

fn=(876)
0 5
cfn=(218)
calls=1 0 
0 22
0 7

fn=(888)
0 26750

fn=(1072) 0x000000000001ae80
0 24

fn=(1462)
0 684
cfn=(1474)
calls=34 0 
0 3679
0 351
cfn=(888)
calls=13 0 
0 547
0 172
cfn=(1054)
calls=4 0 
0 92
0 13
cfn=(1238)
calls=1 0 
0 250
0 13
cfn=(1534)
calls=1 0 
0 103
0 20
cfn=(1588) 0x0000000000007cb0
calls=1 0 
0 1857
0 48
cfn=(1588)
calls=3 0 
0 6200
0 18
cfn=(650)
calls=3 0 
0 48
0 66
cfn=(2052)
calls=3 0 
0 951
0 30
cfn=(2024) 0x0000000000007670
calls=3 0 
0 24
0 27
cfn=(2134) 0x0000000000014f40
calls=3 0 
0 4021
0 48
cfn=(1534)
calls=3 0 
0 331
0 45
cfn=(2024)
calls=3 0 
0 24
0 102
cfn=(2024)
calls=3 0 
0 24
0 51

fn=(120)
0 9

fn=(1112)
0 18

fn=(1250) 0x0000000000025d00
0 53
cfn=(650)
calls=3 0 
0 102
0 9
cfn=(746)
calls=3 0 
0 72
0 27

fn=(1624)
0 383

fn=(2024)
0 72

fn=(2412)
0 12

fn=(3792)
0 127
cfn=(3804) 0x000000000000ba00
calls=3 0 
0 440
0 42

fn=(3874)
0 11
cfn=(3074)
calls=1 0 
0 601
0 16

fn=(1034)
0 273
cfn=(1054)
calls=9 0 
0 207
0 126
cfn=(650)
calls=3 0 
0 48
0 6

fn=(1588)
0 124
cfn=(730)
calls=4 0 
0 1517
0 1771
cfn=(1624)
calls=4 0 
0 96
0 248
cfn=(1170)
calls=4 0 
0 367
0 276
cfn=(1624)
calls=12 0 
0 204
0 173
cfn=(1592)
calls=4 0 
0 20
0 212
cfn=(2412)
calls=1 0 
0 6
0 1713
cfn=(2368)
calls=2 0 
0 108
0 315
cfn=(1624)
calls=1 0 
0 17
0 13
cfn=(1872)
calls=4 0 
0 20
0 48
cfn=(124)
calls=4 0 
0 108
0 101
cfn=(2318)
calls=2 0 
0 18
0 12
cfn=(798)
calls=4 0 
0 196
0 24
cfn=(1914) 0x0000000000006240
calls=4 0 
0 164
0 46
cfn=(888)
calls=3 0 
0 97
0 43

fn=(2008)
0 126
cfn=(1462)
calls=9 0 
0 17219
0 27

fn=(2976)
0 105
cfn=(3406)
calls=5 0 
0 25
0 41
cfn=(2980)
calls=5 0 
0 394767
0 15

fn=(134)
0 6
cfn=(136)
calls=1 0 
0 531
0 2
cfn=(158)
calls=1 0 
0 23135
0 1
cfn=(216)
calls=1 0 
0 33
0 2
cfn=(224)
calls=1 0 
0 7
0 1
cfn=(232)
calls=1 0 
0 7276
0 4
cfn=(650)
calls=1 0 
0 16
0 3
cfn=(658)
calls=1 0 
0 14
0 11
cfn=(670)
calls=1 0 
0 450788
0 4

fn=(364)
0 396
cfn=(370)
calls=12 0 
0 4044
0 84
cfn=(370)
calls=12 0 
0 1322
0 24

fn=(678)
0 471

fn=(3094) 0x000000000000a220
0 87197
cfn=(3128) 0x000000000000a0a0
calls=261 0 
0 33443
0 2914

fn=(3668)
0 42

fn=(3804)
0 84
cfn=(888)
calls=3 0 
0 191
0 39
cfn=(888)
calls=3 0 
0 96
0 30

fn=(1392)
0 20

fn=(1640)
0 18
cfn=(218)
calls=1 0 
0 22
0 9

fn=(1914)
0 40
cfn=(1916)
calls=4 0 
0 24
0 100

fn=(2086)
0 40

fn=(2134)
0 60
cfn=(2180) 0x00000000000148b0
calls=3 0 
0 3373
0 21
cfn=(650)
calls=3 0 
0 102
0 24
cfn=(760)
calls=3 0 
0 38
0 6
cfn=(1250)
calls=3 0 
0 263
0 14
cfn=(2140)
calls=1 0 
0 89
0 31

fn=(2928)
0 32
cfn=(218)
calls=1 0 
0 22
0 21
cfn=(1170)
calls=1 0 
0 12
0 9

fn=(2980)
0 206775
cfn=(3074)
calls=10 0 
0 5417
0 1722
cfn=(3074)
calls=246 0 
0 159691
0 12304
cfn=(3784)
calls=1 0 
0 5
cob=(3)
cfi=(3)
cfn=(3526)
calls=1 0 
0 7
cob=(3)
cfi=(3)
cfn=(3524)
calls=1 0 
0 5
cob=(3)
cfi=(3)
cfn=(3522)
calls=1 0 
0 8
cob=(3)
cfi=(3)
cfn=(3520)
calls=1 0 
0 8
cob=(3)
cfi=(3)
cfn=(3518)
calls=1 0 
0 8
cob=(3)
cfi=(3)
cfn=(3516)
calls=1 0 
0 8
cob=(3)
cfi=(3)
cfn=(3514)
calls=1 0 
0 8
cob=(3)
cfi=(3)
cfn=(3512)
calls=1 0 
0 8
cob=(3)
cfi=(3)
cfn=(3510)
calls=1 0 
0 7
cob=(3)
cfi=(3)
cfn=(3508)
calls=1 0 
0 6
cob=(3)
cfi=(3)
cfn=(3506)
calls=1 0 
0 5
cob=(3)
cfi=(3)
cfn=(3504)
calls=1 0 
0 8
cob=(3)
cfi=(3)
cfn=(3502)
calls=1 0 
0 7
cob=(3)
cfi=(3)
cfn=(3500)
calls=1 0 
0 8
cob=(3)
cfi=(3)
cfn=(3498)
calls=1 0 
0 8
cob=(3)
cfi=(3)
cfn=(3494)
calls=1 0 
0 8
cob=(3)
cfi=(3)
cfn=(3492)
calls=1 0 
0 8
cob=(3)
cfi=(3)
cfn=(3490)
calls=1 0 
0 7
cob=(3)
cfi=(3)
cfn=(3488)
calls=1 0 
0 8
cob=(3)
cfi=(3)
cfn=(3486)
calls=1 0 
0 8
cob=(3)
cfi=(3)
cfn=(3484)
calls=1 0 
0 8
cob=(3)
cfi=(3)
cfn=(3482)
calls=1 0 
0 8
cob=(3)
cfi=(3)
cfn=(3480)
calls=1 0 
0 8
cob=(3)
cfi=(3)
cfn=(3478)
calls=1 0 
0 8
cob=(3)
cfi=(3)
cfn=(3476)
calls=1 0 
0 8
cob=(3)
cfi=(3)
cfn=(3474)
calls=1 0 
0 8
cob=(3)
cfi=(3)
cfn=(3472)
calls=1 0 
0 8
cob=(2)
cfi=(2)
cfn=(3376)
calls=1 0 
0 20
cob=(2)
cfi=(2)
cfn=(3374)
calls=1 0 
0 21
cob=(2)
cfi=(2)
cfn=(3372)
calls=1 0 
0 17
cob=(2)
cfi=(2)
cfn=(3370)
calls=1 0 
0 6
cob=(2)
cfi=(2)
cfn=(3368)
calls=1 0 
0 22
cob=(2)
cfi=(2)
cfn=(3366)
calls=1 0 
0 21
cob=(2)
cfi=(2)
cfn=(3364)
calls=1 0 
0 16
cob=(2)
cfi=(2)
cfn=(3362)
calls=1 0 
0 21
cob=(2)
cfi=(2)
cfn=(3360)
calls=1 0 
0 23
cob=(2)
cfi=(2)
cfn=(3358)
calls=1 0 
0 18
cob=(2)
cfi=(2)
cfn=(3356)
calls=1 0 
0 24
cob=(2)
cfi=(2)
cfn=(3354)
calls=1 0 
0 17
cob=(2)
cfi=(2)
cfn=(3352)
calls=1 0 
0 20
cob=(2)
cfi=(2)
cfn=(3350)
calls=1 0 
0 16
cob=(2)
cfi=(2)
cfn=(3348)
calls=2 0 
0 36
cob=(2)
cfi=(2)
cfn=(3346)
calls=1 0 
0 23
cob=(2)
cfi=(2)
cfn=(3344)
calls=1 0 
0 24
cob=(2)
cfi=(2)
cfn=(3342)
calls=1 0 
0 20
cob=(2)
cfi=(2)
cfn=(3340)
calls=1 0 
0 16
cob=(2)
cfi=(2)
cfn=(3338)
calls=1 0 
0 15
cob=(2)
cfi=(2)
cfn=(3336)
calls=1 0 
0 6
cob=(2)
cfi=(2)
cfn=(3334)
calls=1 0 
0 20
cob=(2)
cfi=(2)
cfn=(3332)
calls=1 0 
0 20
cob=(2)
cfi=(2)
cfn=(3330)
calls=2 0 
0 44
cob=(2)
cfi=(2)
cfn=(3328)
calls=1 0 
0 18
cob=(2)
cfi=(2)
cfn=(3326)
calls=1 0 
0 24
cob=(2)
cfi=(2)
cfn=(3324)
calls=1 0 
0 24
cob=(2)
cfi=(2)
cfn=(3322)
calls=1 0 
0 22
cob=(2)
cfi=(2)
cfn=(3320)
calls=1 0 
0 18
cob=(2)
cfi=(2)
cfn=(3318)
calls=2 0 
0 48
cob=(2)
cfi=(2)
cfn=(3316)
calls=1 0 
0 21
cob=(2)
cfi=(2)
cfn=(3314)
calls=1 0 
0 17
cob=(2)
cfi=(2)
cfn=(3312)
calls=1 0 
0 24
cob=(2)
cfi=(2)
cfn=(3310)
calls=1 0 
0 21
cob=(2)
cfi=(2)
cfn=(3308)
calls=1 0 
0 21
cob=(2)
cfi=(2)
cfn=(3306)
calls=1 0 
0 18
cob=(2)
cfi=(2)
cfn=(3304)
calls=1 0 
0 22
cob=(2)
cfi=(2)
cfn=(3302)
calls=1 0 
0 18
cob=(2)
cfi=(2)
cfn=(3300)
calls=1 0 
0 18
cob=(2)
cfi=(2)
cfn=(3298)
calls=1 0 
0 6
cob=(2)
cfi=(2)
cfn=(3296)
calls=2 0 
0 48
cob=(2)
cfi=(2)
cfn=(3284)
calls=1 0 
0 29
0 1401
cob=(2)
cfi=(2)
cfn=(3358)
calls=1 0 
0 18
cob=(2)
cfi=(2)
cfn=(3304)
calls=2 0 
0 44
cob=(2)
cfi=(2)
cfn=(3346)
calls=3 0 
0 69
cob=(2)
cfi=(2)
cfn=(3366)
calls=2 0 
0 42
cob=(2)
cfi=(2)
cfn=(3356)
calls=2 0 
0 48
cob=(2)
cfi=(2)
cfn=(3316)
calls=2 0 
0 42
0 2711
cfn=(3074)
calls=6 0 
0 3418
0 228

fn=(7878)
0 22
cob=(2)
cfi=(2)
cfn=(5436)
calls=1 0 
0 39
0 34
cfn=(3952)
calls=1 0 
0 8
0 101
cfn=(2542)
calls=1 0 
0 452
0 2
cob=(2)
cfi=(2)
cfn=(5442)
calls=1 0 
0 39
0 79
cfn=(7916)
calls=6 0 
0 586
0 12
cfn=(7960) 0x0000000000018730
calls=6 0 
0 24
0 29
cfn=(3952)
calls=1 0 
0 8
0 2

fn=(472)
0 228

fn=(1240)
0 88
cfn=(1054)
calls=11 0 
0 414
0 99

fn=(1402)
0 28
cfn=(1452) 0x000000000001d8d0
calls=1 0 
0 2742
0 6
cfn=(1408)
calls=1 0 
0 407
0 8
cfn=(760)
calls=1 0 
0 26
0 11

fn=(1552)
0 20

fn=(3128)
0 7827
cfn=(888)
calls=195 0 
0 9886
0 5007
cfn=(888)
calls=250 0 
0 8032
0 2691

fn=(3434)
0 90

fn=(3848)
0 60
cfn=(3074)
calls=4 0 
0 2371
0 104

fn=(1382)
0 10
cfn=(1388)
calls=2 0 
0 2
0 6

fn=(1452)
0 17
cfn=(1454)
calls=1 0 
0 2714
0 11

fn=(1538)
0 175

fn=(2180)
0 556
cfn=(2188) 0x00000000000147c0
calls=32 0 
0 2252
0 183
cfn=(2188)
calls=3 0 
0 238
0 144

fn=(2900)
0 9
cfn=(746)
calls=1 0 
0 24
0 318
cfn=(2910) 0x0000000000011f40
calls=1 0 
0 53
0 7

fn=(746)
0 528

fn=(1032)
0 66
cfn=(1034)
calls=11 0 
0 469
0 6
cfn=(1034)
calls=3 0 
0 180
0 106
cfn=(1072)
calls=6 0 
0 24
0 34

fn=(2188)
0 2490

fn=(3074)
0 35965
cfn=(3094)
calls=268 0 
0 123554
0 12711

fn=(3400)
0 21
cfn=(3406)
calls=1 0 
0 5
0 2

fn=(3952)
0 24

fn=(3958)
0 7
cfn=(3962)
calls=1 0 
0 5
0 4

fn=(5440)
0 348

fn=(5566)
0 16
cfn=(2910)
calls=4 0 
0 1180
0 16
cfn=(3686)
calls=4 0 
0 1828

fn=(1002)
0 48

fn=(1238)
0 18
cfn=(1240)
calls=2 0 
0 145
0 64
cfn=(650)
calls=2 0 
0 76
0 6
cfn=(746)
calls=2 0 
0 48
0 18

fn=(1300)
0 4

fn=(2628)
0 6
cfn=(2630)
calls=1 0 
0 19516
0 4

fn=(2638)
0 505
cfn=(1474)
calls=46 0 
0 4605
0 7586
cfn=(888)
calls=41 0 
0 1745
0 290
cfn=(888)
calls=1 0 
0 57
0 841
cfn=(742)
calls=5 0 
0 220
0 3555
cfn=(2818)
calls=1 0 
0 31
0 2

fn=(2860)
0 10
cfn=(218)
calls=1 0 
0 21
0 5
cfn=(218)
calls=1 0 
0 21
0 21

fn=(2910)
0 45
cob=(2)
cfi=(2)
cfn=(4990)
calls=4 0 
0 1104
cfn=(742)
calls=1 0 
0 34
0 50

fn=(7960)
0 24

ob=(4)
fl=(4)
fn=(8016)
0 3

fn=(7984)
0 3

fn=(8006)
0 1
cob=(2)
cfi=(2)
cfn=(7932)
calls=1 0 
0 71

fn=(4076)
0 6

fn=(4914)
0 37
cob=(2)
cfi=(2)
cfn=(4916)
calls=37 0 
0 2481

fn=(3998)
0 6

fn=(7974)
0 1
cob=(2)
cfi=(2)
cfn=(7932)
calls=1 0 
0 71

fn=(8034)
0 3

fn=(4086)
0 6

fn=(7956)
0 3

fn=(8024)
0 1
cob=(2)
cfi=(2)
cfn=(7932)
calls=1 0 
0 71

fn=(4136)
0 6

fn=(4204)
0 3
cob=(2)
cfi=(2)
cfn=(4206)
calls=3 0 
0 2143

totals: 52209839
