# callgrind format
version: 1
creator: callgrind-3.24.0
pid: 148895
cmd:  /workspace/scratch/work/sv09/work/bin/devloop-before run-cell rpc.tonic_prost.server_stream --iters 200 --prepare-iters 400
part: 1


desc: I1 cache: 
desc: D1 cache: 
desc: LL cache: 

desc: Timerange: Basic block 0 - 5335864
desc: Trigger: Program termination

positions: line
events: Ir
summary: 29484135


ob=(4) ???
fl=(4) ???
fn=(3998) 0x000000000483b000
0 6

fn=(4080) 0x00000000048a0000
0 6

fn=(8190) 0x0000000004888f98
0 3

fn=(8158) 0x000000000483b284
0 3

fn=(8180) 0x00000000048663b0
0 1
cob=(2) /usr/lib/x86_64-linux-gnu/libc.so.6
cfi=(2) ???
cfn=(8106) __cxa_finalize
calls=1 0 
0 71

fn=(4140) 0x0000000000e0b674
0 6

fn=(4208) 0x00000000049a73d8
0 3
cob=(2)
cfi=(2)
cfn=(4210) malloc
calls=3 0 
0 2143

fn=(4090) 0x0000000004866000
0 6

ob=(6) /usr/lib/x86_64-linux-gnu/libgcc_s.so.1
fl=(6) ???
fn=(4096) 0x0000000000005730
0 12

fn=(4094) __cpu_indicator_init
0 361

fn=(8184) 0x0000000000005680
0 5

fn=(8162) 0x0000000000004510
0 30

fn=(8174) 0x00000000000056f0
0 9
cob=(4)
cfi=(4)
cfn=(8180)
calls=1 0 
0 72
0 1
cfn=(8184)
calls=1 0 
0 5

ob=(4)
fl=(4)
fn=(8148) 0x000000000483b030
0 1
cob=(2)
cfi=(2)
cfn=(8106)
calls=1 0 
0 71

fn=(8208) 0x000000000491cdc8
0 3

fn=(4918) 0x00000000049a73d0
0 41
cob=(2)
cfi=(2)
cfn=(4920) free
calls=41 0 
0 3073

fn=(8130) 0x0000000000e0b68c
0 3

ob=(6)
fl=(6)
fn=(8174)
0 3

fn=(8160) 0x0000000000004560
0 4
cfn=(8162)
calls=1 0 
0 15
0 2
cfn=(8162)
calls=1 0 
0 15
0 3

ob=(4)
fl=(4)
fn=(8198) 0x00000000048a0280
0 1
cob=(2)
cfi=(2)
cfn=(8106)
calls=1 0 
0 71

ob=(1) /usr/lib/x86_64-linux-gnu/ld-linux-x86-64.so.2
fl=(1) ???
fn=(2) 0x000000000001de30
0 666
cfn=(120) 0x000000000001af80
calls=1 0 
0 9
0 8
cfn=(124) 0x0000000000011770
calls=1 0 
0 27
0 8
cfn=(134) 0x000000000001cc10
calls=1 0 
0 481820
0 23

fn=(136) 0x000000000001be40
0 531

fn=(216) 0x0000000000011910
0 5
cfn=(218) __tunable_get_val
calls=1 0 
0 22
0 6

fn=(232) 0x0000000000017e70
0 27
cfn=(244) 0x0000000000015890
calls=1 0 
0 71
0 28
cfn=(270) 0x0000000000016260
calls=1 0 
0 212
0 101
cfn=(218)
calls=1 0 
0 21
0 7
cfn=(218)
calls=1 0 
0 21
0 10
cfn=(218)
calls=1 0 
0 21
0 12
cfn=(218)
calls=1 0 
0 21
0 13
cfn=(218)
calls=1 0 
0 21
0 12
cfn=(218)
calls=1 0 
0 21
0 14
cfn=(578) 0x0000000000013760
calls=1 0 
0 44
0 11
cfn=(578)
calls=1 0 
0 44
0 9
cfn=(578)
calls=1 0 
0 44
0 10
cfn=(578)
calls=1 0 
0 44
0 11
cfn=(578)
calls=1 0 
0 44
0 10
cfn=(578)
calls=1 0 
0 44
0 15
cfn=(218)
calls=1 0 
0 20
0 4
cfn=(218)
calls=1 0 
0 22
0 10
cfn=(218)
calls=1 0 
0 22
0 55
cfn=(364) 0x0000000000016170
calls=1 0 
0 459
0 3
cfn=(364)
calls=1 0 
0 526
0 5
cfn=(364)
calls=1 0 
0 476
0 3
cfn=(364)
calls=1 0 
0 468
0 4
cfn=(364)
calls=1 0 
0 450
0 3
cfn=(364)
calls=1 0 
0 451
0 3
cfn=(364)
calls=1 0 
0 501
0 3
cfn=(364)
calls=1 0 
0 492
0 3
cfn=(364)
calls=1 0 
0 493
0 3
cfn=(364)
calls=1 0 
0 517
0 3
cfn=(364)
calls=1 0 
0 518
0 3
cfn=(364)
calls=1 0 
0 519
0 7
cfn=(472) 0x0000000000015a30
calls=1 0 
0 228
0 39

fn=(244)
0 71

fn=(1002) 0x000000000001ad20
0 48

fn=(1238) 0x0000000000007090
0 18
cfn=(1240) 0x0000000000006e50
calls=2 0 
0 145
0 64
cfn=(650) 0x0000000000025d60
calls=2 0 
0 76
0 6
cfn=(746) 0x000000000000bc70
calls=2 0 
0 48
0 18

fn=(1300) 0x000000000000bde0
0 4

fn=(2628) 0x000000000001db20
0 6
cfn=(2630) 0x0000000000014740
calls=1 0 
0 19516
0 4

fn=(3708) 0x0000000000004c80
0 364

fn=(3720) 0x0000000000004dd0
0 261
cfn=(3708)
calls=5 0 
0 300
0 20

fn=(678) 0x000000000001a800
0 471

fn=(2928) 0x0000000000013070
0 32
cfn=(218)
calls=1 0 
0 22
0 21
cfn=(1170) 0x0000000000023da0
calls=1 0 
0 12
0 9

fn=(2980) 0x000000000000e870
0 206775
cfn=(3074) 0x000000000000ae90
calls=10 0 
0 5417
0 1722
cfn=(3074)
calls=246 0 
0 159691
0 12304
cfn=(3784) 0x0000000000017e50
calls=1 0 
0 5
cob=(3) /usr/lib/x86_64-linux-gnu/libm.so.6
cfi=(3) ???
cfn=(3526) sincos
calls=1 0 
0 7
cob=(3)
cfi=(3)
cfn=(3524) fmaf
calls=1 0 
0 5
cob=(3)
cfi=(3)
cfn=(3522) sin
calls=1 0 
0 8
cob=(3)
cfi=(3)
cfn=(3520) __atan2_finite
calls=1 0 
0 8
cob=(3)
cfi=(3)
cfn=(3518) __atanh_finite
calls=1 0 
0 8
cob=(3)
cfi=(3)
cfn=(3516) __sinh_finite
calls=1 0 
0 8
cob=(3)
cfi=(3)
cfn=(3514) exp2f
calls=1 0 
0 8
cob=(3)
cfi=(3)
cfn=(3512) expm1
calls=1 0 
0 8
cob=(3)
cfi=(3)
cfn=(3510) __asin_finite
calls=1 0 
0 7
cob=(3)
cfi=(3)
cfn=(3508) roundeven
calls=1 0 
0 6
cob=(3)
cfi=(3)
cfn=(3506) fma
calls=1 0 
0 5
cob=(3)
cfi=(3)
cfn=(3504) sinf
calls=1 0 
0 8
cob=(3)
cfi=(3)
cfn=(3502) __acos_finite
calls=1 0 
0 7
cob=(3)
cfi=(3)
cfn=(3500) atan
calls=1 0 
0 8
cob=(3)
cfi=(3)
cfn=(3498) __log_finite
calls=1 0 
0 8
cob=(3)
cfi=(3)
cfn=(3494) 0x000000000005b3b0
calls=1 0 
0 8
cob=(3)
cfi=(3)
cfn=(3492) log2f
calls=1 0 
0 8
cob=(3)
cfi=(3)
cfn=(3490) __pow_finite
calls=1 0 
0 7
cob=(3)
cfi=(3)
cfn=(3488) powf
calls=1 0 
0 8
cob=(3)
cfi=(3)
cfn=(3486) sincosf
calls=1 0 
0 8
cob=(3)
cfi=(3)
cfn=(3484) log2
calls=1 0 
0 8
cob=(3)
cfi=(3)
cfn=(3482) tan
calls=1 0 
0 8
cob=(3)
cfi=(3)
cfn=(3480) logf
calls=1 0 
0 8
cob=(3)
cfi=(3)
cfn=(3478) cos
calls=1 0 
0 8
cob=(3)
cfi=(3)
cfn=(3476) expf
calls=1 0 
0 8
cob=(3)
cfi=(3)
cfn=(3474) __exp_finite
calls=1 0 
0 8
cob=(3)
cfi=(3)
cfn=(3472) cosf
calls=1 0 
0 8
cob=(2)
cfi=(2)
cfn=(3376) strncasecmp
calls=1 0 
0 20
cob=(2)
cfi=(2)
cfn=(3374) mempcpy
calls=1 0 
0 21
cob=(2)
cfi=(2)
cfn=(3372) wcpncpy
calls=1 0 
0 17
cob=(2)
cfi=(2)
cfn=(3370) strspn
calls=1 0 
0 6
cob=(2)
cfi=(2)
cfn=(3368) memchr
calls=1 0 
0 22
cob=(2)
cfi=(2)
cfn=(3366) memmove
calls=1 0 
0 21
cob=(2)
cfi=(2)
cfn=(3364) stpcpy
calls=1 0 
0 16
cob=(2)
cfi=(2)
cfn=(3362) __memmove_chk
calls=1 0 
0 21
cob=(2)
cfi=(2)
cfn=(3360) wmemcmp
calls=1 0 
0 23
cob=(2)
cfi=(2)
cfn=(3358) strncpy
calls=1 0 
0 18
cob=(2)
cfi=(2)
cfn=(3356) strlen
calls=1 0 
0 24
cob=(2)
cfi=(2)
cfn=(3354) wcscat
calls=1 0 
0 17
cob=(2)
cfi=(2)
cfn=(3352) strcasecmp_l
calls=1 0 
0 20
cob=(2)
cfi=(2)
cfn=(3350) strcpy
calls=1 0 
0 16
cob=(2)
cfi=(2)
cfn=(3348) wmemset
calls=2 0 
0 36
cob=(2)
cfi=(2)
cfn=(3346) bcmp
calls=1 0 
0 23
cob=(2)
cfi=(2)
cfn=(3344) strchrnul
calls=1 0 
0 24
cob=(2)
cfi=(2)
cfn=(3342) strncasecmp_l
calls=1 0 
0 20
cob=(2)
cfi=(2)
cfn=(3340) strcat
calls=1 0 
0 16
cob=(2)
cfi=(2)
cfn=(3338) wcscpy
calls=1 0 
0 15
cob=(2)
cfi=(2)
cfn=(3336) strcspn
calls=1 0 
0 6
cob=(2)
cfi=(2)
cfn=(3334) strcasecmp
calls=1 0 
0 20
cob=(2)
cfi=(2)
cfn=(3332) strncmp
calls=1 0 
0 20
cob=(2)
cfi=(2)
cfn=(3330) wmemchr
calls=2 0 
0 44
cob=(2)
cfi=(2)
cfn=(3328) stpncpy
calls=1 0 
0 18
cob=(2)
cfi=(2)
cfn=(3326) wcscmp
calls=1 0 
0 24
cob=(2)
cfi=(2)
cfn=(3324) rindex
calls=1 0 
0 24
cob=(2)
cfi=(2)
cfn=(3322) __memset_chk
calls=1 0 
0 22
cob=(2)
cfi=(2)
cfn=(3320) index
calls=1 0 
0 18
cob=(2)
cfi=(2)
cfn=(3318) wcschr
calls=2 0 
0 48
cob=(2)
cfi=(2)
cfn=(3316) memcpy
calls=1 0 
0 21
cob=(2)
cfi=(2)
cfn=(3314) wcsncpy
calls=1 0 
0 17
cob=(2)
cfi=(2)
cfn=(3312) memrchr
calls=1 0 
0 24
cob=(2)
cfi=(2)
cfn=(3310) __memcpy_chk
calls=1 0 
0 21
cob=(2)
cfi=(2)
cfn=(3308) __mempcpy_chk
calls=1 0 
0 21
cob=(2)
cfi=(2)
cfn=(3306) wcslen
calls=1 0 
0 18
cob=(2)
cfi=(2)
cfn=(3304) memset
calls=1 0 
0 22
cob=(2)
cfi=(2)
cfn=(3302) wcsnlen
calls=1 0 
0 18
cob=(2)
cfi=(2)
cfn=(3300) strcmp
calls=1 0 
0 18
cob=(2)
cfi=(2)
cfn=(3298) strpbrk
calls=1 0 
0 6
cob=(2)
cfi=(2)
cfn=(3296) strnlen
calls=2 0 
0 48
cob=(2)
cfi=(2)
cfn=(3284) 0x00000000000bb960
calls=1 0 
0 29
0 1401
cob=(2)
cfi=(2)
cfn=(3358)
calls=1 0 
0 18
cob=(2)
cfi=(2)
cfn=(3304)
calls=2 0 
0 44
cob=(2)
cfi=(2)
cfn=(3346)
calls=3 0 
0 69
cob=(2)
cfi=(2)
cfn=(3366)
calls=2 0 
0 42
cob=(2)
cfi=(2)
cfn=(3356)
calls=2 0 
0 48
cob=(2)
cfi=(2)
cfn=(3316)
calls=2 0 
0 42
0 2711
cfn=(3074)
calls=6 0 
0 3418
0 228

fn=(0) 0x000000000001d2c0
0 2
cfn=(2)
calls=1 0 
0 482561
0 10
cfn=(3980) 0x0000000000005e20
calls=1 0 
0 968
0 3
cob=(7) /workspace/scratch/work/sv09/work/bin/devloop-before
cfi=(7) ???
cfn=(4108) (below main)
calls=1 0 
0 3884993

fn=(1456) _dl_catch_exception
0 161
cfn=(1458) 0x00000000000232a0
calls=1 0 
0 19
0 30
cfn=(1458)
calls=10 0 
0 190
0 55
cob=(2)
cfi=(2)
cfn=(5506) 0x000000000008f330
calls=1 0 
0 844
cfn=(2008) 0x0000000000003640
calls=9 0 
0 17372
cfn=(1460) 0x000000000001d3c0
calls=1 0 
0 2634
0 183

fn=(2542) 0x0000000000011940
0 244
cfn=(2556) 0x0000000000011840
calls=12 0 
0 486
0 78
cfn=(760) 0x0000000000023bc0
calls=2 0 
0 36
0 2

fn=(2638) 0x0000000000013e00
0 505
cfn=(1474) 0x000000000000bf50
calls=46 0 
0 4605
0 7586
cfn=(888) 0x0000000000024740
calls=41 0 
0 1745
0 290
cfn=(888)
calls=1 0 
0 57
0 841
cfn=(742) 0x000000000000bda0
calls=5 0 
0 220
0 3555
cfn=(2818) 0x0000000000025f00
calls=1 0 
0 31
0 2

fn=(3792) 0x000000000000bad0
0 127
cfn=(3804) 0x000000000000ba00
calls=3 0 
0 440
0 42

fn=(3874) 0x0000000000003420
0 11
cfn=(3074)
calls=1 0 
0 601
0 16

fn=(472)
0 228

fn=(1240)
0 88
cfn=(1054) 0x0000000000024520
calls=11 0 
0 414
0 99

fn=(1402) 0x000000000001e500
0 28
cfn=(1452) 0x000000000001d8d0
calls=1 0 
0 2742
0 6
cfn=(1408) 0x0000000000025b80
calls=1 0 
0 393
0 8
cfn=(760)
calls=1 0 
0 26
0 11

fn=(1552) 0x0000000000022f00
0 20

fn=(2900) 0x0000000000012670
0 9
cfn=(746)
calls=1 0 
0 24
0 318
cfn=(2910) 0x0000000000011f40
calls=1 0 
0 53
0 7

fn=(120)
0 9

fn=(4154) _dl_audit_preinit
0 4

fn=(658) 0x0000000000022710
0 14

fn=(998) 0x00000000000076e0
0 15
cfn=(1000) 0x000000000001a9a0
calls=1 0 
0 1341
0 3
cfn=(746)
calls=1 0 
0 24
0 13
cfn=(746)
calls=1 0 
0 24
0 42
cfn=(1170)
calls=4 0 
0 52
0 91
cfn=(650)
calls=1 0 
0 16
0 8
cfn=(760)
calls=1 0 
0 10
0 108
cfn=(746)
calls=1 0 
0 24
0 10
cfn=(1210) 0x0000000000007190
calls=1 0 
0 570
0 18

fn=(1148) 0x0000000000023bb0
0 724

fn=(1170)
0 821

fn=(1458)
0 209

fn=(1960) 0x0000000000022c30
0 8

fn=(3668) 0x0000000000012d00
0 42

fn=(3804)
0 84
cfn=(888)
calls=3 0 
0 191
0 39
cfn=(888)
calls=3 0 
0 96
0 30

fn=(5316) _dl_find_dso_for_object
0 464

fn=(5568) _dl_allocate_tls
0 16
cfn=(2910)
calls=4 0 
0 1180
0 16
cfn=(3686) _dl_allocate_tls_init
calls=4 0 
0 1828

fn=(746)
0 528

fn=(1032) 0x000000000001af30
0 66
cfn=(1034) 0x000000000001ade0
calls=11 0 
0 469
0 6
cfn=(1034)
calls=3 0 
0 180
0 106
cfn=(1072) 0x000000000001ae80
calls=6 0 
0 24
0 34

fn=(2188) 0x00000000000147c0
0 2490

fn=(2860) 0x0000000000012270
0 10
cfn=(218)
calls=1 0 
0 21
0 5
cfn=(218)
calls=1 0 
0 21
0 21

fn=(2910)
0 45
cob=(2)
cfi=(2)
cfn=(4994) calloc
calls=4 0 
0 1104
cfn=(742)
calls=1 0 
0 34
0 50

fn=(3094) 0x000000000000a220
0 87197
cfn=(3128) 0x000000000000a0a0
calls=261 0 
0 33443
0 2914

fn=(134)
0 6
cfn=(136)
calls=1 0 
0 531
0 2
cfn=(158) 0x0000000000013780
calls=1 0 
0 23135
0 1
cfn=(216)
calls=1 0 
0 33
0 2
cfn=(224) 0x0000000000021f30
calls=1 0 
0 7
0 1
cfn=(232)
calls=1 0 
0 7276
0 4
cfn=(650)
calls=1 0 
0 16
0 3
cfn=(658)
calls=1 0 
0 14
0 11
cfn=(670) 0x000000000001e600
calls=1 0 
0 450774
0 4

fn=(364)
0 396
cfn=(370) 0x0000000000015f00
calls=12 0 
0 4044
0 84
cfn=(370)
calls=12 0 
0 1322
0 24

fn=(1054)
0 713

fn=(1318) 0x0000000000003510
0 20

fn=(1408)
0 393

fn=(2462) 0x0000000000022f40
0 76

fn=(3434) 0x0000000000012d50
0 90

fn=(3848) 0x000000000001b140
0 60
cfn=(3074)
calls=4 0 
0 2371
0 104

fn=(1136) 0x000000000001a900
0 46
cfn=(1148)
calls=2 0 
0 24
0 22
cfn=(1032)
calls=2 0 
0 135
0 4
cfn=(1032)
calls=2 0 
0 167
0 20

fn=(1212) 0x000000000001b390
0 246

fn=(1474)
0 560
cfn=(888)
calls=80 0 
0 2585
0 1079
cfn=(888)
calls=94 0 
0 3472
0 588

fn=(1872) 0x0000000000022d70
0 25

fn=(2818)
0 31

fn=(2854) 0x000000000001dd60
0 13
cfn=(742)
calls=1 0 
0 34
0 5
cfn=(2860)
calls=1 0 
0 78
0 1
cfn=(2870) 0x0000000000012470
calls=1 0 
0 224
0 1
cfn=(2900)
calls=1 0 
0 411
0 14
cfn=(2928)
calls=1 0 
0 96
0 6

fn=(3128)
0 7827
cfn=(888)
calls=195 0 
0 9886
0 5007
cfn=(888)
calls=250 0 
0 8032
0 2691

fn=(8052) 0x0000000000005aa0
0 22
cob=(2)
cfi=(2)
cfn=(5312) pthread_mutex_lock
calls=1 0 
0 39
0 34
cfn=(3952) 0x0000000000018570
calls=1 0 
0 8
0 101
cfn=(2542)
calls=1 0 
0 452
0 2
cob=(2)
cfi=(2)
cfn=(5318) pthread_mutex_unlock
calls=1 0 
0 39
0 79
cfn=(8090) 0x0000000000001f70
calls=6 0 
0 586
0 12
cfn=(8134) 0x0000000000018730
calls=6 0 
0 24
0 29
cfn=(3952)
calls=1 0 
0 8
0 2

fn=(672) 0x0000000000013010
0 16

fn=(742)
0 307
cfn=(1624) 0x0000000000022ff0
calls=2 0 
0 44
0 14
cfn=(1640) 0x00000000000230d0
calls=2 0 
0 49
0 141

fn=(1210)
0 20
cfn=(1212)
calls=1 0 
0 239
0 3
cfn=(1212)
calls=1 0 
0 7
0 11
cfn=(1238)
calls=1 0 
0 125
0 5
cfn=(650)
calls=1 0 
0 16
0 33
cfn=(1300)
calls=1 0 
0 4
0 9
cfn=(746)
calls=1 0 
0 24
0 10
cfn=(1148)
calls=1 0 
0 12
0 52

fn=(2318) 0x0000000000012300
0 18

fn=(2368) 0x0000000000007ab0
0 108

fn=(3400) 0x000000000000e710
0 21
cfn=(3406) 0x0000000000023090
calls=1 0 
0 5
0 2

fn=(3952)
0 24

fn=(3958) 0x0000000000015260
0 7
cfn=(3962) 0x00000000000230b0
calls=1 0 
0 5
0 4

fn=(578)
0 264

fn=(650)
0 702

fn=(800) 0x0000000000013000
0 14

fn=(2140) 0x000000000000bec0
0 11
cfn=(1538) 0x0000000000022e60
calls=1 0 
0 16
0 13
cfn=(1592) 0x0000000000022c50
calls=1 0 
0 5
0 8
cfn=(1872)
calls=1 0 
0 5
0 7
cfn=(1624)
calls=1 0 
0 22
0 2

fn=(2870)
0 127
cfn=(218)
calls=1 0 
0 22
0 17
cfn=(218)
calls=1 0 
0 22
0 36

fn=(3074)
0 35965
cfn=(3094)
calls=268 0 
0 123554
0 12711

fn=(798) 0x000000000000c200
0 40
cfn=(800)
calls=5 0 
0 10
0 180

fn=(876) 0x0000000000004c10
0 5
cfn=(218)
calls=1 0 
0 22
0 7

fn=(888)
0 26750

fn=(1072)
0 24

fn=(1462) 0x00000000000093a0
0 684
cfn=(1474)
calls=34 0 
0 3679
0 351
cfn=(888)
calls=13 0 
0 547
0 172
cfn=(1054)
calls=4 0 
0 92
0 13
cfn=(1238)
calls=1 0 
0 250
0 13
cfn=(1534) 0x00000000000062f0
calls=1 0 
0 103
0 20
cfn=(1588) 0x0000000000007cb0
calls=1 0 
0 1857
0 48
cfn=(1588)
calls=3 0 
0 6200
0 18
cfn=(650)
calls=3 0 
0 48
0 66
cfn=(2052) 0x0000000000006660
calls=3 0 
0 951
0 30
cfn=(2024) 0x0000000000007670
calls=3 0 
0 24
0 27
cfn=(2134) 0x0000000000014f40
calls=3 0 
0 4021
0 48
cfn=(1534)
calls=3 0 
0 331
0 45
cfn=(2024)
calls=3 0 
0 24
0 102
cfn=(2024)
calls=3 0 
0 24
0 51

fn=(3842) 0x000000000001b220
0 85
cfn=(3848)
calls=1 0 
0 662
0 5
cfn=(3848)
calls=1 0 
0 603
0 5
cfn=(3848)
calls=1 0 
0 647
0 5
cfn=(3848)
calls=1 0 
0 623
0 11

fn=(3962)
0 5

fn=(1000)
0 16
cfn=(1002)
calls=1 0 
0 48
0 10
cfn=(1032)
calls=1 0 
0 21
0 23
cfn=(1032)
calls=2 0 
0 135
0 2
cfn=(1032)
calls=1 0 
0 146
0 12
cfn=(746)
calls=1 0 
0 24
0 13
cfn=(1034)
calls=1 0 
0 11
0 33
cfn=(1032)
calls=2 0 
0 135
0 2
cfn=(1032)
calls=1 0 
0 146
0 38
cfn=(1112) 0x00000000000238e0
calls=1 0 
0 18
0 32
cfn=(746)
calls=1 0 
0 24
0 14
cfn=(1136)
calls=1 0 
0 45
0 5
cfn=(1136)
calls=1 0 
0 373
0 15

fn=(8134)
0 24

fn=(370)
0 5366

fn=(1034)
0 273
cfn=(1054)
calls=9 0 
0 207
0 126
cfn=(650)
calls=3 0 
0 48
0 6

fn=(1588)
0 124
cfn=(730) 0x000000000000c2a0
calls=4 0 
0 1517
0 1771
cfn=(1624)
calls=4 0 
0 96
0 248
cfn=(1170)
calls=4 0 
0 367
0 276
cfn=(1624)
calls=12 0 
0 204
0 173
cfn=(1592)
calls=4 0 
0 20
0 212
cfn=(2412) 0x0000000000022ed0
calls=1 0 
0 6
0 1713
cfn=(2368)
calls=2 0 
0 108
0 315
cfn=(1624)
calls=1 0 
0 17
0 13
cfn=(1872)
calls=4 0 
0 20
0 48
cfn=(124)
calls=4 0 
0 108
0 101
cfn=(2318)
calls=2 0 
0 18
0 12
cfn=(798)
calls=4 0 
0 196
0 24
cfn=(1914) 0x0000000000006240
calls=4 0 
0 164
0 46
cfn=(888)
calls=3 0 
0 97
0 43

fn=(2008)
0 126
cfn=(1462)
calls=9 0 
0 17219
0 27

fn=(3406)
0 30

fn=(3686)
0 75
cob=(2)
cfi=(2)
cfn=(5312)
calls=4 0 
0 156
cfn=(800)
calls=1 0 
0 2
0 680
cfn=(1148)
calls=15 0 
0 460
0 75
cfn=(1170)
calls=15 0 
0 390
0 163
cob=(2)
cfi=(2)
cfn=(5318)
calls=4 0 
0 156
cfn=(800)
calls=1 0 
0 2
0 55

fn=(3790) 0x000000000001b3f0
0 11
cfn=(3792)
calls=1 0 
0 204
0 17
cfn=(3792)
calls=1 0 
0 183
0 13

fn=(3984) 0x0000000000005d00
0 191
cob=(4)
cfi=(4)
cfn=(4090)
calls=1 0 
0 6
cob=(4)
cfi=(4)
cfn=(4080)
calls=1 0 
0 6
cob=(4)
cfi=(4)
cfn=(3998)
calls=1 0 
0 6
0 74
cob=(6)
cfi=(6)
cfn=(4096)
calls=1 0 
0 12
cob=(2)
cfi=(2)
cfn=(4072) 0x0000000000029b00
calls=1 0 
0 22
cob=(2)
cfi=(2)
cfn=(4064) 0x0000000000029a90
calls=1 0 
0 11
0 16
cob=(6)
cfi=(6)
cfn=(4094)
calls=1 0 
0 361
cob=(3)
cfi=(3)
cfn=(4084) 0x00000000000113a0
calls=1 0 
0 12
cob=(2)
cfi=(2)
cfn=(4032) 0x0000000000029a20
calls=1 0 
0 84
cob=(5) /workspace/pure-protobuf/work/toolchain/deb/usr/libexec/valgrind/vgpreload_core-amd64-linux.so
cfi=(5) ???
cfn=(4010) 0x0000000000001100
calls=1 0 
0 12
0 65

fn=(1388) _dl_debug_state
0 2

fn=(1454) 0x00000000000024a0
0 22
cfn=(1456)
calls=2 0 
0 3594
0 22

fn=(1460)
0 11
cfn=(1462)
calls=1 0 
0 2620
0 3

fn=(1534)
0 171
cfn=(1538)
calls=9 0 
0 159
0 71
cfn=(1552)
calls=4 0 
0 20
0 249
cfn=(2412)
calls=1 0 
0 6
0 18

fn=(1916) 0x00000000000034a0
0 30

fn=(1980) 0x0000000000003680
0 159
cfn=(746)
calls=4 0 
0 96
0 36
cfn=(760)
calls=4 0 
0 40
0 20
cfn=(760)
calls=4 0 
0 40
0 173
cfn=(1456)
calls=9 0 
0 17894
0 905
cfn=(1240)
calls=9 0 
0 456
0 412
cfn=(746)
calls=1 0 
0 24
0 110
cfn=(2542)
calls=1 0 
0 394
0 116
cfn=(2462)
calls=4 0 
0 76
0 20
cfn=(760)
calls=1 0 
0 18
0 3

fn=(8090)
0 104
cob=(3)
cfi=(3)
cfn=(8192) 0x0000000000011360
calls=1 0 
0 90
cob=(6)
cfi=(6)
cfn=(8160)
calls=1 0 
0 39
cob=(5)
cfi=(5)
cfn=(8142) 0x00000000000010c0
calls=1 0 
0 90
cob=(7)
cfi=(7)
cfn=(8098) 0x00000000002591e0
calls=1 0 
0 90
0 1
cob=(6)
cfi=(6)
cfn=(8174)
calls=1 0 
0 90
0 62
cob=(4)
cfi=(4)
cfn=(8208)
calls=1 0 
0 3
cob=(4)
cfi=(4)
cfn=(8190)
calls=1 0 
0 3
cob=(4)
cfi=(4)
cfn=(8158)
calls=1 0 
0 3
cob=(4)
cfi=(4)
cfn=(8130)
calls=1 0 
0 3
0 8

fn=(124)
0 162

fn=(218)
0 815

fn=(270)
0 212

fn=(1392) 0x00000000000184e0
0 20

fn=(1640)
0 18
cfn=(218)
calls=1 0 
0 22
0 9

fn=(1914)
0 40
cfn=(1916)
calls=4 0 
0 24
0 100

fn=(2086) 0x0000000000022d50
0 40

fn=(2134)
0 60
cfn=(2180) 0x00000000000148b0
calls=3 0 
0 3373
0 21
cfn=(650)
calls=3 0 
0 102
0 24
cfn=(760)
calls=3 0 
0 38
0 6
cfn=(1250) 0x0000000000025d00
calls=3 0 
0 263
0 14
cfn=(2140)
calls=1 0 
0 89
0 31

fn=(3704) 0x0000000000005310
0 7
cfn=(3720)
calls=1 0 
0 128
0 4
cfn=(746)
calls=1 0 
0 24
0 8
cfn=(3720)
calls=1 0 
0 453
0 9
cfn=(3708)
calls=1 0 
0 64
0 3
cfn=(3758) 0x0000000000005250
calls=1 0 
0 192
0 7

fn=(3758)
0 192

fn=(3784)
0 5

fn=(670)
0 21
cfn=(672)
calls=1 0 
0 16
0 14
cfn=(678)
calls=1 0 
0 86
0 4
cfn=(678)
calls=2 0 
0 385
0 175
cfn=(730)
calls=1 0 
0 286
0 12
cfn=(798)
calls=1 0 
0 34
0 408
cfn=(876)
calls=1 0 
0 34
0 13
cfn=(888)
calls=1 0 
0 42
0 338
cfn=(124)
calls=1 0 
0 27
0 10
cfn=(998)
calls=1 0 
0 2369
0 3
cfn=(1318)
calls=1 0 
0 20
0 148
cfn=(1374) 0x00000000000123f0
calls=1 0 
0 5
0 8
cfn=(1382) 0x00000000000034e0
calls=1 0 
0 9
0 3
cfn=(1392)
calls=1 0 
0 20
0 12
cfn=(1960)
calls=1 0 
0 8
0 21
cfn=(1980)
calls=1 0 
0 20992
0 119
cfn=(2624) 0x0000000000002290
calls=1 0 
0 19546
0 135
cfn=(2976) 0x00000000000110a0
calls=1 0 
0 76829
0 113
cfn=(2976)
calls=6 0 
0 318124
0 30
cfn=(3434)
calls=3 0 
0 90
0 12
cfn=(3668)
calls=1 0 
0 42
0 10
cfn=(3686)
calls=1 0 
0 386
0 6
cfn=(3704)
calls=1 0 
0 899
0 11
cfn=(2980)
calls=1 0 
0 275
0 6
cfn=(3790)
calls=1 0 
0 428
0 2
cfn=(3842)
calls=1 0 
0 2646
0 2
cfn=(3874)
calls=1 0 
0 628
0 2
cfn=(3400)
calls=1 0 
0 28
0 3
cfn=(3890) 0x0000000000001f00
calls=1 0 
0 578
0 1
cfn=(3944) 0x000000000001ccd0
calls=1 0 
0 1
0 2
cfn=(1916)
calls=1 0 
0 6
0 3
cfn=(1382)
calls=1 0 
0 9
0 3
cfn=(3952)
calls=1 0 
0 8
0 1
cfn=(3958)
calls=1 0 
0 16
0 106
cfn=(2854)
calls=1 0 
0 883
0 41
cfn=(1402)
calls=1 0 
0 3214
0 7

fn=(730)
0 87
cfn=(650)
calls=4 0 
0 108
0 36
cfn=(742)
calls=4 0 
0 227
0 3
cfn=(742)
calls=1 0 
0 40
0 70
cfn=(760)
calls=5 0 
0 69
0 362
cfn=(650)
calls=4 0 
0 170
0 40
cfn=(1148)
calls=4 0 
0 72
0 388
cfn=(746)
calls=4 0 
0 96
0 35

fn=(760)
0 277

fn=(1374)
0 5

fn=(1592)
0 25

fn=(2052)
0 126
cfn=(1148)
calls=3 0 
0 36
0 71
cfn=(1148)
calls=5 0 
0 60
0 20
cfn=(1148)
calls=5 0 
0 60
0 60
cfn=(1534)
calls=5 0 
0 260
0 191
cfn=(2086)
calls=3 0 
0 40
0 27

fn=(2556)
0 486

fn=(2624)
0 12
cfn=(2628)
calls=1 0 
0 19526
0 8

fn=(2630)
0 48
cfn=(2638)
calls=6 0 
0 19437
0 31

fn=(158)
0 23135

fn=(224)
0 7

fn=(1382)
0 10
cfn=(1388)
calls=2 0 
0 2
0 6

fn=(1452)
0 17
cfn=(1454)
calls=1 0 
0 2714
0 11

fn=(1538)
0 175

fn=(2180)
0 556
cfn=(2188)
calls=32 0 
0 2252
0 183
cfn=(2188)
calls=3 0 
0 238
0 144

fn=(3890)
0 12
cfn=(3792)
calls=1 0 
0 222
0 11
cob=(2)
cfi=(2)
cfn=(3900) __libc_early_init
calls=1 0 
0 333

fn=(3944)
0 1

fn=(3980)
0 32
cfn=(3984)
calls=1 0 
0 36
0 35
cfn=(3984)
calls=5 0 
0 764
0 21
cfn=(3984)
calls=1 0 
0 78
0 2

fn=(1112)
0 18

fn=(1250)
0 53
cfn=(650)
calls=3 0 
0 102
0 9
cfn=(746)
calls=3 0 
0 72
0 27

fn=(1624)
0 383

fn=(2024)
0 72

fn=(2412)
0 12

fn=(2976)
0 105
cfn=(3406)
calls=5 0 
0 25
0 41
cfn=(2980)
calls=5 0 
0 394767
0 15

ob=(5)
fl=(5)
fn=(8152) 0x0000000000001050
0 5

fn=(8142)
0 9
cob=(4)
cfi=(4)
cfn=(8148)
calls=1 0 
0 72
0 1
cfn=(8152)
calls=1 0 
0 5
0 3

fn=(4010)
0 12

ob=(7)
fl=(7)
fn=(6532) <tonic::transport::channel::Channel as tower_service::Service<http::request::Request<tonic::body::Body>>>::poll_ready
0 9045
cfn=(6534) core::ptr::drop_glue::<tokio_util::sync::mpsc::make_acquire_future<tower::buffer::message::Message<http::request::Request<tonic::body::Body>, core::pin::Pin<alloc::boxed::Box<dyn core::future::future::Future<Output = core::result::Result<http::response::Response<tonic::body::Body>, alloc::boxed::Box<dyn core::error::Error + core::marker::Send + core::marker::Sync>>> + core::marker::Send>>>>::{closure#0}>
calls=200 0 
0 2600
cfn=(6534)
calls=1 0 
0 12
0 4623
cfn=(6538) tokio_util::sync::mpsc::make_acquire_future::<tower::buffer::message::Message<http::request::Request<tonic::body::Body>, core::pin::Pin<alloc::boxed::Box<dyn core::future::future::Future<Output = core::result::Result<http::response::Response<tonic::body::Body>, alloc::boxed::Box<dyn core::error::Error + core::marker::Send + core::marker::Sync>>> + core::marker::Send>>>>::{closure#0}
calls=201 0 
0 41406
0 1206
cfn=(6536) core::ptr::drop_glue::<tokio_util::sync::mpsc::State<tower::buffer::message::Message<http::request::Request<tonic::body::Body>, core::pin::Pin<alloc::boxed::Box<dyn core::future::future::Future<Output = core::result::Result<http::response::Response<tonic::body::Body>, alloc::boxed::Box<dyn core::error::Error + core::marker::Send + core::marker::Sync>>> + core::marker::Send>>>>>
calls=201 0 
0 2814
0 3015
cfn=(6536)
calls=201 0 
0 2814
0 804
cfn=(6536)
calls=201 0 
0 2814
0 3216

fn=(6806) core::ptr::drop_glue::<tokio::sync::oneshot::Receiver<core::result::Result<core::pin::Pin<alloc::boxed::Box<dyn core::future::future::Future<Output = core::result::Result<http::response::Response<tonic::body::Body>, alloc::boxed::Box<dyn core::error::Error + core::marker::Send + core::marker::Sync>>> + core::marker::Send>>, tower::buffer::error::ServiceError>>>
0 3216

fn=(6814) <tonic::transport::channel::service::connection::SendRequest as tower_service::Service<http::request::Request<tonic::body::Body>>>::call::{closure#0}
0 7261
cob=(2)
cfi=(2)
cfn=(4536) 0x0000000000162b40
calls=201 0 
0 5829
0 13608
cfn=(6422) tokio::runtime::park::clone
calls=190 0 
0 950
0 6435
cob=(2)
cfi=(2)
cfn=(4536)
calls=201 0 
0 5829
0 1586
cob=(2)
cfi=(2)
cfn=(4536)
calls=201 0 
0 5829
0 1130
cfn=(7258) <alloc::sync::Arc<tokio::sync::oneshot::Inner<core::result::Result<http::response::Response<hyper::body::incoming::Incoming>, hyper::error::Error>>>>::drop_slow
calls=163 0 
0 82195
0 1407
cob=(2)
cfi=(2)
cfn=(4536)
calls=201 0 
0 5829
0 2167
cob=(2)
cfi=(2)
cfn=(4536)
calls=201 0 
0 5829
0 402
cfn=(7264) core::ptr::drop_glue::<tokio::sync::oneshot::Receiver<core::result::Result<http::response::Response<hyper::body::incoming::Incoming>, hyper::error::Error>>>
calls=201 0 
0 2412
0 2010
cob=(2)
cfi=(2)
cfn=(4536)
calls=201 0 
0 5829
0 1608
cob=(2)
cfi=(2)
cfn=(4536)
calls=201 0 
0 5829
0 10342
cfn=(6930) <h2::share::RecvStream>::is_end_stream
calls=201 0 
0 12462
0 2814
cob=(2)
cfi=(2)
cfn=(4210)
calls=201 0 
0 13809
0 5626

fn=(5058) core::str::converts::from_utf8
0 91099

fn=(5086) <std::hash::random::DefaultHasher as core::hash::Hasher>::write
0 22255

fn=(5122) std::sys::fs::unix::try_statx
0 111
cob=(2)
cfi=(2)
cfn=(5124) statx
calls=3 0 
0 30
0 229

fn=(5128) alloc::io::read::default_read_to_end::<&std::fs::File>
0 83
cfn=(5162) alloc::io::read::default_read_to_end::small_probe_read::<&std::fs::File>
calls=1 0 
0 92
0 41
cfn=(5162)
calls=1 0 
0 75
0 60
cob=(2)
cfi=(2)
cfn=(5130) read
calls=2 0 
0 56
0 64

fn=(5140) <std::path::Components>::parse_next_component_back
0 566

fn=(5146) <std::path::Components as core::iter::traits::iterator::Iterator>::next
0 1167

fn=(5308) std::sys::thread_local::destructors::linux_like::register
0 315
cob=(2)
cfi=(2)
cfn=(5310) __cxa_thread_atexit_impl
calls=15 0 
0 3760

fn=(5344) <tokio::runtime::scheduler::Handle>::current
0 203

fn=(5472) __rustc::__rust_realloc
0 289
cob=(2)
cfi=(2)
cfn=(4506) realloc
calls=17 0 
0 4963
0 199

fn=(5480) <std::thread::spawnhook::SpawnHooks as core::ops::drop::Drop>::drop
0 247

fn=(5676) devloop::rpc_tonic_server_stream::{closure#0}
0 11893
cfn=(5678) <tokio::net::tcp::listener::TcpListener>::bind::<&str>::{closure#0}
calls=1 0 
0 1116
0 20
cfn=(5702) <std::sys::net::connection::socket::TcpStream>::socket_addr
calls=1 0 
0 45
0 34
cob=(2)
cfi=(2)
cfn=(4536)
calls=1 0 
0 208
0 11
cob=(2)
cfi=(2)
cfn=(4536)
calls=1 0 
0 208
0 20
cob=(2)
cfi=(2)
cfn=(4536)
calls=1 0 
0 208
0 13
cob=(2)
cfi=(2)
cfn=(4536)
calls=1 0 
0 208
0 10
cob=(2)
cfi=(2)
cfn=(5224) posix_memalign
calls=1 0 
0 472
0 13
cob=(2)
cfi=(2)
cfn=(4536)
calls=1 0 
0 220
0 4
cfn=(5706) <tokio::runtime::task::list::OwnedTasks<alloc::sync::Arc<tokio::runtime::scheduler::current_thread::Handle>>>::bind_inner
calls=1 0 
0 82
0 13
cfn=(5708) <tokio::runtime::scheduler::multi_thread::handle::Handle>::schedule_task
calls=1 0 
0 103
0 1221
cfn=(5714) alloc::fmt::format::format_inner
calls=1 0 
0 2050
0 8
cob=(2)
cfi=(2)
cfn=(4536)
calls=1 0 
0 244
0 6
cfn=(5768) <devloop::echo::echo_client::EchoClient<tonic::transport::channel::Channel>>::connect::<alloc::string::String>::{closure#0}
calls=1 0 
0 9251
0 5
cfn=(5768)
calls=1 0 
0 13847
0 14
cob=(2)
cfi=(2)
cfn=(4536)
calls=1 0 
0 29
0 2
cfn=(6528) core::ptr::drop_glue::<<devloop::echo::echo_client::EchoClient<tonic::transport::channel::Channel>>::connect<alloc::string::String>::{closure#0}>
calls=1 0 
0 12
0 11
cob=(2)
cfi=(2)
cfn=(4536)
calls=1 0 
0 29
0 6
cob=(2)
cfi=(2)
cfn=(4210)
calls=1 0 
0 188
0 10
cob=(2)
cfi=(2)
cfn=(4536)
calls=1 0 
0 124
0 15
cfn=(6530) <devloop::echo::echo_client::EchoClient<tonic::transport::channel::Channel>>::server_stream::<devloop::echo::EchoRequest>::{closure#0}
calls=1 0 
0 4114
0 10
cfn=(6530)
calls=2 0 
0 3434
0 14
cob=(2)
cfi=(2)
cfn=(4536)
calls=1 0 
0 64
0 2
cfn=(7316) core::ptr::drop_glue::<<devloop::echo::echo_client::EchoClient<tonic::transport::channel::Channel>>::server_stream<devloop::echo::EchoRequest>::{closure#0}>
calls=1 0 
0 15
0 9
cob=(2)
cfi=(2)
cfn=(4536)
calls=1 0 
0 64
0 4
cob=(2)
cfi=(2)
cfn=(4536)
calls=1 0 
0 29
0 2
cfn=(6562) core::ptr::drop_glue::<http::header::map::HeaderMap>
calls=1 0 
0 237
0 2
cfn=(6568) core::ptr::drop_glue::<http::extensions::Extensions>
calls=1 0 
0 17
0 427
cfn=(7318) <tonic::codec::decode::Streaming<devloop::echo::EchoReply> as futures_core::stream::Stream>::poll_next
calls=5 0 
0 5590
0 3
cfn=(7318)
calls=1 0 
0 2109
0 60
cob=(2)
cfi=(2)
cfn=(4920)
calls=4 0 
0 260
0 55
cfn=(5192) <std::sys::pal::unix::time::Timespec>::now
calls=1 0 
0 26
0 11
cfn=(5192)
calls=1 0 
0 26
0 11
cfn=(6314) <std::sys::pal::unix::time::Timespec>::sub_timespec
calls=1 0 
0 36
0 20
cfn=(7538) devloop::child_json_with_input
calls=1 0 
0 6167
0 7
cfn=(7550) std::io::stdio::_eprint
calls=1 0 
0 549
0 4
cob=(2)
cfi=(2)
cfn=(4920)
calls=1 0 
0 190
0 15
cob=(2)
cfi=(2)
cfn=(4920)
calls=1 0 
0 125
0 2
cfn=(7098) core::ptr::drop_glue::<tonic::codec::decode::StreamingInner>
calls=1 0 
0 1761
0 2
cfn=(7560) core::ptr::drop_glue::<tower::buffer::service::Buffer<http::request::Request<tonic::body::Body>, core::pin::Pin<alloc::boxed::Box<dyn core::future::future::Future<Output = core::result::Result<http::response::Response<tonic::body::Body>, alloc::boxed::Box<dyn core::error::Error + core::marker::Send + core::marker::Sync>>> + core::marker::Send>>>>
calls=1 0 
0 330
0 2
cfn=(5806) core::ptr::drop_glue::<http::uri::Uri>
calls=1 0 
0 21
0 1803
cob=(2)
cfi=(2)
cfn=(4210)
calls=200 0 
0 8200
0 2400
cob=(2)
cfi=(2)
cfn=(4536)
calls=200 0 
0 24736
0 2400
cfn=(6530)
calls=200 0 
0 743583
0 1945
cfn=(6530)
calls=389 0 
0 725848
0 2767
cob=(2)
cfi=(2)
cfn=(4536)
calls=200 0 
0 12800
0 400
cfn=(7316)
calls=200 0 
0 3000
0 1800
cob=(2)
cfi=(2)
cfn=(4536)
calls=200 0 
0 12800
0 800
cob=(2)
cfi=(2)
cfn=(4536)
calls=200 0 
0 5800
0 400
cfn=(6562)
calls=200 0 
0 48387
0 400
cfn=(6568)
calls=200 0 
0 3400
0 4978
cfn=(7318)
calls=1000 0 
0 1019701
0 600
cfn=(7318)
calls=200 0 
0 428753
0 12800
cob=(2)
cfi=(2)
cfn=(4920)
calls=800 0 
0 52000
0 7200
cob=(2)
cfi=(2)
cfn=(4920)
calls=200 0 
0 13824
0 400
cfn=(7098)
calls=200 0 
0 412906
0 7140

fn=(5716) core::fmt::write
0 1145
cfn=(7556) <core::io::write::default_write_fmt::Adapter<std::io::stdio::StderrLock> as core::fmt::Write>::write_str
calls=2 0 
0 218
cfn=(5718) <alloc::string::String as core::fmt::Write>::write_str
calls=3 0 
0 388
0 545
cfn=(7558) <alloc::string::String as core::fmt::Display>::fmt
calls=1 0 
0 136
cfn=(7154) <httpdate::date::HttpDate as core::fmt::Display>::fmt
calls=32 0 
0 8320
cfn=(6238) <&str as core::fmt::Display>::fmt
calls=1 0 
0 67
cfn=(5720) <core::net::socket_addr::SocketAddr as core::fmt::Display>::fmt
calls=1 0 
0 1606
0 525

fn=(5717) core::fmt::write'2
0 142
cfn=(5718)
calls=4 0 
0 486
0 106
cfn=(5766) <u16 as core::fmt::Display>::fmt
calls=1 0 
0 164
cfn=(5728) <u8 as core::fmt::Display>::fmt
calls=4 0 
0 594
cfn=(5724) <&core::net::ip_addr::Ipv4Addr as core::fmt::Display>::fmt
calls=1 0 
0 1263
0 50

fn=(5768)
0 36
cfn=(5770) <tonic::transport::channel::endpoint::Endpoint as core::convert::TryFrom<alloc::string::String>>::try_from
calls=1 0 
0 1854
0 14
cob=(2)
cfi=(2)
cfn=(4536)
calls=1 0 
0 76
0 13
cob=(2)
cfi=(2)
cfn=(4536)
calls=1 0 
0 76
0 8
cfn=(5794) <tonic::transport::channel::endpoint::Endpoint>::connect::{closure#0}
calls=1 0 
0 7173
0 4
cfn=(5794)
calls=1 0 
0 13677
0 29
cfn=(5804) core::ptr::drop_glue::<tonic::transport::channel::endpoint::Endpoint>
calls=1 0 
0 83
0 55

fn=(5784) bytes::bytes::shallow_clone_vec
0 735
cob=(2)
cfi=(2)
cfn=(4210)
calls=49 0 
0 3030
0 1452

fn=(5786) bytes::bytes::static_drop
0 4854

fn=(5810) <tower::util::either::Either<tower::limit::rate::service::RateLimit<tonic::transport::channel::service::reconnect::Reconnect<tonic::transport::channel::service::connection::MakeSendRequestService<tonic::transport::channel::service::connector::Connector<hyper_util::client::legacy::connect::http::HttpConnector>>, http::uri::Uri>>, tonic::transport::channel::service::reconnect::Reconnect<tonic::transport::channel::service::connection::MakeSendRequestService<tonic::transport::channel::service::connector::Connector<hyper_util::client::legacy::connect::http::HttpConnector>>, http::uri::Uri>> as tower_service::Service<http::request::Request<tonic::body::Body>>>::poll_ready
0 2639
cfn=(5812) <tonic::transport::channel::service::reconnect::Reconnect<tonic::transport::channel::service::connection::MakeSendRequestService<tonic::transport::channel::service::connector::Connector<hyper_util::client::legacy::connect::http::HttpConnector>>, http::uri::Uri> as tower_service::Service<http::request::Request<tonic::body::Body>>>::poll_ready
calls=203 0 
0 32131

fn=(5812)
0 8550
cfn=(5822) <tonic::transport::channel::service::connection::MakeSendRequestService<tonic::transport::channel::service::connector::Connector<hyper_util::client::legacy::connect::http::HttpConnector>> as tower_service::Service<http::uri::Uri>>::call::{closure#0}
calls=2 0 
0 13253
0 15
cfn=(5790) <http::uri::Uri as core::clone::Clone>::clone
calls=1 0 
0 71
0 19
cob=(2)
cfi=(2)
cfn=(4210)
calls=1 0 
0 185
0 10
cob=(2)
cfi=(2)
cfn=(4536)
calls=1 0 
0 266
0 6
cob=(2)
cfi=(2)
cfn=(4210)
calls=1 0 
0 204
0 73
cob=(2)
cfi=(2)
cfn=(4210)
calls=1 0 
0 185
0 12
cob=(2)
cfi=(2)
cfn=(4536)
calls=1 0 
0 136
0 2
cfn=(5820) core::ptr::drop_glue::<tonic::transport::channel::service::reconnect::State<core::pin::Pin<alloc::boxed::Box<dyn core::future::future::Future<Output = core::result::Result<tonic::transport::channel::service::connection::SendRequest, alloc::boxed::Box<dyn core::error::Error + core::marker::Send + core::marker::Sync>>> + core::marker::Send>>, tonic::transport::channel::service::connection::SendRequest>>
calls=1 0 
0 10
0 1420
cfn=(6512) <tonic::transport::channel::service::connection::SendRequest as tower_service::Service<http::request::Request<tonic::body::Body>>>::poll_ready
calls=202 0 
0 3434
0 1220
cfn=(5820)
calls=1 0 
0 211
0 2849

fn=(6154) <std::thread::lifecycle::spawn_unchecked<<tokio::runtime::blocking::pool::Spawner>::spawn_thread::{closure#0}, ()>::{closure#1} as core::ops::function::FnOnce<()>>::call_once::{shim:vtable#0}
0 84
cfn=(6156) std::sys::backtrace::__rust_begin_short_backtrace::<std::thread::lifecycle::spawn_unchecked<<tokio::runtime::blocking::pool::Spawner>::spawn_thread::{closure#0}, ()>::{closure#1}::{closure#0}::{closure#0}, ()>
calls=4 0 
0 1292
0 8
cfn=(6160) std::sys::backtrace::__rust_begin_short_backtrace::<<tokio::runtime::blocking::pool::Spawner>::spawn_thread::{closure#0}, ()>
calls=4 0 
0 25018120
0 72

fn=(6160)
0 72
cfn=(5668) <tokio::runtime::context::Context>::set_current
calls=4 0 
0 132
0 316
cfn=(6162) tokio::runtime::task::raw::poll::<tokio::runtime::blocking::task::BlockingTask<<tokio::runtime::scheduler::multi_thread::worker::Launch>::launch::{closure#0}>, tokio::runtime::blocking::schedule::BlockingSchedule>
calls=4 0 
0 25012419
0 32
cfn=(7744) tokio::runtime::task::raw::dealloc::<tokio::runtime::blocking::task::BlockingTask<<tokio::runtime::scheduler::multi_thread::worker::Launch>::launch::{closure#0}>, tokio::runtime::blocking::schedule::BlockingSchedule>
calls=4 0 
0 404
0 213
cfn=(7914) <alloc::sync::Arc<tokio::sync::oneshot::Sender<()>>>::drop_slow
calls=1 0 
0 155
0 8
cfn=(5662) <tokio::runtime::context::current::SetCurrentGuard as core::ops::drop::Drop>::drop
calls=4 0 
0 180
0 19
cob=(2)
cfi=(2)
cfn=(6426) syscall
calls=1 0 
0 11
0 32
cfn=(7916) <alloc::sync::Arc<tokio::runtime::scheduler::multi_thread::handle::Handle>>::drop_slow
calls=1 0 
0 3086
0 65
cfn=(5308)
calls=4 0 
0 960
0 16

fn=(6176) tokio::runtime::task::raw::poll::<devloop::rpc_tonic_server_stream::{closure#0}::{closure#0}, alloc::sync::Arc<tokio::runtime::scheduler::multi_thread::handle::Handle>>
0 100
cfn=(6178) devloop::rpc_tonic_server_stream::{closure#0}::{closure#0}
calls=2 0 
0 27130
0 92

fn=(6206) <matchit::tree::Node<axum::routing::RouteId>>::insert_route
0 23
cfn=(6204) matchit::tree::find_wildcard
calls=1 0 
0 310
0 49
cfn=(6208) <matchit::escape::UnescapedRef>::to_owned
calls=1 0 
0 277
0 19
cfn=(6208)
calls=1 0 
0 273
0 16
cfn=(6226) <matchit::tree::Node<axum::routing::RouteId>>::add_child
calls=1 0 
0 331
0 58
cfn=(6204)
calls=2 0 
0 536
0 63
cfn=(6208)
calls=1 0 
0 274
0 22
cfn=(6208)
calls=1 0 
0 275
0 16
cfn=(6226)
calls=1 0 
0 331
0 12

fn=(6230) <axum::routing::Router>::into_inner
0 18
cob=(2)
cfi=(2)
cfn=(4536)
calls=1 0 
0 29
0 6
cob=(2)
cfi=(2)
cfn=(4920)
calls=1 0 
0 73
0 9
cob=(2)
cfi=(2)
cfn=(4536)
calls=1 0 
0 29
0 62
cob=(2)
cfi=(2)
cfn=(4536)
calls=3 0 
0 87
0 18
cob=(2)
cfi=(2)
cfn=(4920)
calls=3 0 
0 219
0 27
cob=(2)
cfi=(2)
cfn=(4536)
calls=3 0 
0 87
0 24

fn=(6232) <axum::boxed::MakeErasedHandler<tonic::service::router::unimplemented, ()> as axum::boxed::ErasedIntoRoute<(), core::convert::Infallible>>::clone_box
0 4
cob=(2)
cfi=(2)
cfn=(4210)
calls=1 0 
0 207
0 9

fn=(6308) <tokio::net::tcp::listener::TcpListener>::poll_accept
0 45
cfn=(6310) <tokio::runtime::io::registration::Registration>::poll_ready
calls=3 0 
0 249
0 14
cfn=(6310)
calls=1 0 
0 129
0 23
cfn=(6358) <mio::net::tcp::listener::TcpListener>::accept
calls=2 0 
0 196
0 16
cfn=(6390) std::sys::io::error::unix::decode_error_kind
calls=1 0 
0 8
0 32
cfn=(5698) <tokio::io::poll_evented::PollEvented<mio::net::tcp::stream::TcpStream>>::new_with_interest
calls=1 0 
0 690
0 38

fn=(6316) __floattidf
0 62685

fn=(6340) <tokio::runtime::time::Driver>::park_internal
0 34560
cfn=(6342) <tokio::runtime::time::wheel::Wheel>::next_expiration
calls=1152 0 
0 32256
0 36914
cfn=(6344) <tokio::runtime::io::driver::Driver>::turn
calls=1102 0 
0 304256
0 50
cfn=(6344)
calls=50 0 
0 9328
0 4608
cfn=(5192)
calls=1152 0 
0 29952
0 9216
cfn=(6314)
calls=1152 0 
0 41472
0 28800
cfn=(6354) <tokio::runtime::time::handle::Handle>::process_at_time
calls=1152 0 
0 161302

fn=(6396) <hyper::server::conn::http2::Builder<hyper_util::rt::tokio::TokioExecutor>>::serve_connection::<hyper_util::service::glue::TowerToHyperService<tower::util::map_request::MapRequest<tower::util::boxed_clone::BoxCloneService<http::request::Request<tonic::body::Body>, http::response::Response<tonic::body::Body>, alloc::boxed::Box<dyn core::error::Error + core::marker::Send + core::marker::Sync>>, <tonic::transport::server::Server>::serve_internal<tonic::service::router::Routes, tonic::transport::server::incoming::TcpIncoming, core::future::ready::Ready<()>, tokio::net::tcp::stream::TcpStream, core::io::error::Error, tonic::body::Body>::{closure#0}::{closure#1}>>, hyper_util::common::rewind::Rewind<hyper_util::rt::tokio::TokioIo<tonic::transport::server::service::io::ServerIo<tokio::net::tcp::stream::TcpStream>>>, tonic::body::Body>
0 85
cfn=(6398) <h2::server::Connection<hyper::common::io::compat::Compat<hyper_util::common::rewind::Rewind<hyper_util::rt::tokio::TokioIo<tonic::transport::server::service::io::ServerIo<tokio::net::tcp::stream::TcpStream>>>>, hyper::proto::h2::SendBuf<bytes::bytes::Bytes>>>::handshake2
calls=1 0 
0 1823
0 12
cob=(2)
cfi=(2)
cfn=(4536)
calls=1 0 
0 148
0 29

fn=(6404) <h2::frame::settings::Settings>::encode::{closure#0}
0 273

fn=(6466) hyper::proto::h2::client::new_builder
0 69

fn=(6470) <tokio::net::tcp::stream::TcpStream>::poll_write_priv
0 18
cfn=(6310)
calls=1 0 
0 60
0 17
cob=(2)
cfi=(2)
cfn=(6472) send
calls=1 0 
0 59
0 20

fn=(6482) <tracing_core::subscriber::NoSubscriber as tracing_core::subscriber::Subscriber>::current_span
0 609

fn=(6504) <tokio::runtime::scheduler::multi_thread::park::Unparker>::unpark
0 37664
cob=(2)
cfi=(2)
cfn=(6426)
calls=784 0 
0 8624
0 1310
cfn=(7328) <mio::sys::unix::waker::Waker>::wake
calls=262 0 
0 22270
0 1844

fn=(6510) core::ptr::drop_glue::<<tonic::transport::channel::service::connection::MakeSendRequestService<tonic::transport::channel::service::connector::Connector<tonic::transport::channel::uds_connector::UdsConnector>> as tower_service::Service<http::uri::Uri>>::call::{closure#0}>
0 19

fn=(6568)
0 15276
cfn=(7120) core::ptr::drop_glue::<axum::routing::url_params::UrlParams>
calls=201 0 
0 57585
0 1608
cob=(2)
cfi=(2)
cfn=(4920)
calls=402 0 
0 31238
0 2814
cob=(2)
cfi=(2)
cfn=(4920)
calls=201 0 
0 13145
0 1809
cob=(2)
cfi=(2)
cfn=(4920)
calls=201 0 
0 15825
0 10854
cob=(2)
cfi=(2)
cfn=(4920)
calls=201 0 
0 36456
0 1809
cob=(2)
cfi=(2)
cfn=(4920)
calls=201 0 
0 16075
0 5025

fn=(6576) <tonic::transport::channel::Channel as tower_service::Service<http::request::Request<tonic::body::Body>>>::call
0 3216
cfn=(6480) <tracing::span::Span>::current
calls=201 0 
0 7437
0 1206
cob=(2)
cfi=(2)
cfn=(4210)
calls=201 0 
0 10366
0 6229
cob=(2)
cfi=(2)
cfn=(4536)
calls=201 0 
0 5829
0 2010
cfn=(6536)
calls=201 0 
0 2814
0 1206
cob=(2)
cfi=(2)
cfn=(4536)
calls=201 0 
0 12864
0 1206
cob=(2)
cfi=(2)
cfn=(4536)
calls=201 0 
0 12864
0 1809
cob=(2)
cfi=(2)
cfn=(4536)
calls=201 0 
0 12864
0 1206
cfn=(6578) <tokio::sync::mpsc::list::Tx<tower::buffer::message::Message<http::request::Request<tonic::body::Body>, core::pin::Pin<alloc::boxed::Box<dyn core::future::future::Future<Output = core::result::Result<http::response::Response<tonic::body::Body>, alloc::boxed::Box<dyn core::error::Error + core::marker::Send + core::marker::Sync>>> + core::marker::Send>>>>>::find_block
calls=201 0 
0 4890
0 1809
cob=(2)
cfi=(2)
cfn=(4536)
calls=201 0 
0 11682
0 4220
cfn=(6350) tokio::runtime::task::waker::wake_by_val
calls=200 0 
0 28159
0 402
cfn=(6580) core::ptr::drop_glue::<tokio::sync::mpsc::bounded::OwnedPermit<tower::buffer::message::Message<http::request::Request<tonic::body::Body>, core::pin::Pin<alloc::boxed::Box<dyn core::future::future::Future<Output = core::result::Result<http::response::Response<tonic::body::Body>, alloc::boxed::Box<dyn core::error::Error + core::marker::Send + core::marker::Sync>>> + core::marker::Send>>>>>
calls=201 0 
0 2613
0 804
cob=(2)
cfi=(2)
cfn=(4536)
calls=201 0 
0 12864
0 4221

fn=(6604) <h2::proto::streams::recv::Recv>::clear_expired_reset_streams
0 34646

fn=(6618) tokio::runtime::task::raw::poll::<core::pin::Pin<alloc::boxed::Box<dyn core::future::future::Future<Output = ()> + core::marker::Send>>, alloc::sync::Arc<tokio::runtime::scheduler::multi_thread::handle::Handle>>
0 115026
cfn=(6668) <tower::buffer::worker::Worker<tonic::transport::channel::service::connection::Connection, http::request::Request<tonic::body::Body>> as core::future::future::Future>::poll
calls=201 0 
0 645662
cfn=(6650) <core::pin::Pin<alloc::boxed::Box<dyn core::future::future::Future<Output = ()> + core::marker::Send>> as core::future::future::Future>::poll
calls=402 0 
0 2044680
cfn=(6620) <hyper::proto::h2::client::H2ClientFuture<tonic::body::Body, tonic::transport::channel::service::io::BoxedIo, tonic::transport::channel::service::executor::SharedExec> as core::future::future::Future>::poll
calls=1608 0 
0 5915490
0 71826
cfn=(5708)
calls=135 0 
0 23469
0 949
cfn=(7262) core::ptr::drop_glue::<tokio::runtime::task::core::Cell<core::pin::Pin<alloc::boxed::Box<dyn core::future::future::Future<Output = ()> + core::marker::Send>>, alloc::sync::Arc<tokio::runtime::scheduler::multi_thread::handle::Handle>>>
calls=2 0 
0 52
0 4
cob=(2)
cfi=(2)
cfn=(4920)
calls=2 0 
0 130
0 6434
cfn=(7032) core::ptr::drop_glue::<hyper::proto::h2::client::H2ClientFuture<tonic::body::Body, tonic::transport::channel::service::io::BoxedIo, tonic::transport::channel::service::executor::SharedExec>>
calls=402 0 
0 192873
0 2010
cob=(2)
cfi=(2)
cfn=(4920)
calls=402 0 
0 81853
0 13266
cfn=(7048) <tokio::runtime::task::harness::Harness<core::pin::Pin<alloc::boxed::Box<dyn core::future::future::Future<Output = ()> + core::marker::Send>>, alloc::sync::Arc<tokio::runtime::scheduler::multi_thread::handle::Handle>>>::complete
calls=402 0 
0 61024
0 17704

fn=(6630) <bytes::bytes_mut::BytesMut>::split_to
0 112891
cob=(2)
cfi=(2)
cfn=(4210)
calls=809 0 
0 34903
0 127047

fn=(6654) <hyper::client::conn::http2::Connection<tonic::transport::channel::service::io::BoxedIo, tonic::body::Body, tonic::transport::channel::service::executor::SharedExec> as core::future::future::Future>::poll
0 9246
cfn=(6656) <h2::client::SendRequest<hyper::proto::h2::SendBuf<bytes::bytes::Bytes>>>::poll_ready
calls=402 0 
0 33768
0 1206
cfn=(6656)
calls=201 0 
0 16884
0 19296
cfn=(6660) <tokio::sync::mpsc::list::Rx<hyper::client::dispatch::Envelope<http::request::Request<tonic::body::Body>, http::response::Response<hyper::body::incoming::Incoming>>>>::pop
calls=603 0 
0 30462
0 4623
cfn=(6662) <tokio::sync::task::atomic_waker::AtomicWaker>::register_by_ref
calls=402 0 
0 19486
0 1608
cfn=(6660)
calls=402 0 
0 12120
0 3618
cob=(2)
cfi=(2)
cfn=(4536)
calls=201 0 
0 5829
0 3216
cob=(2)
cfi=(2)
cfn=(4536)
calls=201 0 
0 5829
0 1407
cfn=(6694) core::ptr::drop_glue::<hyper::client::dispatch::Envelope<http::request::Request<tonic::body::Body>, http::response::Response<hyper::body::incoming::Incoming>>>
calls=201 0 
0 5829
0 1005
cob=(2)
cfi=(2)
cfn=(4536)
calls=201 0 
0 5829
0 1407
cob=(2)
cfi=(2)
cfn=(4536)
calls=201 0 
0 5829
0 3618
cob=(2)
cfi=(2)
cfn=(4536)
calls=201 0 
0 5829
0 1407
cfn=(6698) hyper::proto::h2::strip_connection_headers
calls=201 0 
0 120801
0 1206
cfn=(6702) <http_body_util::combinators::map_err::MapErr<http_body_util::combinators::map_err::MapErr<http_body_util::combinators::map_frame::MapFrame<tonic::body::Body, <tonic::codec::decode::Streaming<pbrs_grpc::codec::prost::Message<pbrs_adoption_corpus::prost_types::EntityList>>>::new<tonic::body::Body, devloop::adoption_rpc::TonicCodec<pbrs_grpc::codec::prost::Message<pbrs_adoption_corpus::prost_types::EntityList>>>::{closure#0}>, <tonic::codec::decode::Streaming<pbrs_grpc::codec::prost::Message<pbrs_adoption_corpus::prost_types::EntityList>>>::new<tonic::body::Body, devloop::adoption_rpc::TonicCodec<pbrs_grpc::codec::prost::Message<pbrs_adoption_corpus::prost_types::EntityList>>>::{closure#1}>, <tonic::status::Status>::map_error<tonic::status::Status>> as http_body::Body>::size_hint
calls=201 0 
0 804
0 1809
cfn=(6704) <http_body_util::combinators::map_err::MapErr<tonic::codec::encode::EncodeBody<tonic_prost::codec::ProstEncoder<devloop::echo::EchoRequest>, tokio_stream::stream_ext::map::Map<tokio_stream::once::Once<devloop::echo::EchoRequest>, core::result::Result<devloop::echo::EchoRequest, tonic::status::Status>::Ok>>, <tonic::status::Status>::map_error<tonic::status::Status>> as http_body::Body>::is_end_stream
calls=201 0 
0 402
0 5628
cob=(2)
cfi=(2)
cfn=(4536)
calls=201 0 
0 5829
0 1608
cfn=(6706) <http::extensions::Extensions>::remove::<h2::ext::Protocol>
calls=201 0 
0 7638
0 804
cfn=(6708) <hashbrown::raw::RawTable<(core::any::TypeId, alloc::boxed::Box<dyn http::extensions::AnyClone + core::marker::Send + core::marker::Sync>)>>::clear
calls=201 0 
0 28708
0 7638
cfn=(6658) <h2::proto::streams::streams::Actions>::ensure_no_conn_error
calls=201 0 
0 4221
0 15879
cfn=(6758) <h2::proto::streams::streams::OpaqueStreamRef as core::clone::Clone>::clone
calls=201 0 
0 13065
0 9447
cfn=(6656)
calls=201 0 
0 16884
0 3819
cfn=(6760) <hyper::proto::h2::client::ClientTask<tonic::body::Body, tonic::transport::channel::service::executor::SharedExec, tonic::transport::channel::service::io::BoxedIo>>::poll_pipe
calls=201 0 
0 896321
0 2613
cfn=(6710) <h2::proto::streams::stream::Stream>::new
calls=201 0 
0 19497
0 2814
cfn=(6712) <h2::client::Peer>::convert_send_message
calls=201 0 
0 180707
0 6432
cob=(2)
cfi=(2)
cfn=(4536)
calls=201 0 
0 5829
0 6432
cob=(2)
cfi=(2)
cfn=(4536)
calls=201 0 
0 12864
0 1206
cfn=(6718) <h2::proto::streams::store::Store>::insert
calls=201 0 
0 65824
0 1809
cob=(2)
cfi=(2)
cfn=(4536)
calls=201 0 
0 10452
0 1608
cfn=(6732) <h2::proto::streams::send::Send>::send_headers::<hyper::proto::h2::SendBuf<bytes::bytes::Bytes>>
calls=201 0 
0 317572
0 2613
cfn=(6754) <h2::proto::streams::streams::OpaqueStreamRef>::new
calls=201 0 
0 6432
0 3216
cfn=(6756) core::ptr::drop_glue::<std::sync::poison::mutex::MutexGuard<h2::proto::streams::buffer::Buffer<h2::frame::Frame<hyper::proto::h2::SendBuf<bytes::bytes::Bytes>>>>>
calls=201 0 
0 2814
0 603
cfn=(6756)
calls=201 0 
0 2814
0 6030
cfn=(6664) <tokio::task::coop::RestoreOnPending as core::ops::drop::Drop>::drop
calls=402 0 
0 6432
0 2010
cfn=(6666) <want::State as core::convert::From<usize>>::from
calls=402 0 
0 2814
0 4020
cfn=(6312) tokio::runtime::task::waker::clone_waker
calls=402 0 
0 2814
0 4420
cfn=(6782) tokio::runtime::task::waker::drop_waker
calls=401 0 
0 3208
0 2814

fn=(6656)
0 25728
cfn=(6658)
calls=804 0 
0 16884
0 24924

fn=(6664)
0 9536

fn=(6682) <http::header::name::StandardHeader>::from_bytes
0 31782

fn=(6754)
0 12864

fn=(6756)
0 5628

fn=(6776) <h2::proto::streams::streams::StreamRef<hyper::proto::h2::SendBuf<bytes::bytes::Bytes>>>::reserve_capacity
0 17487
cfn=(6778) <h2::proto::streams::prioritize::Prioritize>::reserve_capacity
calls=603 0 
0 92661
0 10251

fn=(6818) <h2::proto::streams::store::Queue<h2::proto::streams::stream::NextSend>>::push_front
0 9849

fn=(6822) <h2::proto::streams::buffer::Deque>::pop_front::<h2::frame::Frame<hyper::proto::h2::SendBuf<bytes::bytes::Bytes>>>
0 33768
cob=(2)
cfi=(2)
cfn=(4536)
calls=1206 0 
0 76908
0 16517
cob=(2)
cfi=(2)
cfn=(4536)
calls=409 0 
0 26176
0 2391
cob=(2)
cfi=(2)
cfn=(4536)
calls=797 0 
0 51008
0 9648

fn=(6840) <h2::hpack::table::Table>::converge
0 416

fn=(6842) <alloc::collections::vec_deque::VecDeque<h2::hpack::table::Slot>>::grow
0 24
cfn=(6844) <alloc::raw_vec::RawVec<h2::hpack::table::Slot>>::grow_one
calls=4 0 
0 2549
0 48
cob=(2)
cfi=(2)
cfn=(4536)
calls=1 0 
0 64
0 17

fn=(6854) <h2::frame::head::Head>::encode::<bytes::buf::limit::Limit<&mut bytes::bytes_mut::BytesMut>>
0 21105
cob=(2)
cfi=(2)
cfn=(4536)
calls=603 0 
0 10251
0 22311
cob=(2)
cfi=(2)
cfn=(4536)
calls=603 0 
0 9045
0 21708
cob=(2)
cfi=(2)
cfn=(4536)
calls=603 0 
0 9045
0 21708
cob=(2)
cfi=(2)
cfn=(4536)
calls=603 0 
0 8442
0 12663

fn=(6864) <h2::frame::headers::HeaderBlock>::load::{closure#0}
0 78390
cfn=(6716) <http::header::name::StandardHeader>::as_str
calls=1005 0 
0 7035
0 12663
cfn=(6716)
calls=1005 0 
0 7035
0 26532
cfn=(6716)
calls=201 0 
0 1407
0 1608
cfn=(6716)
calls=804 0 
0 5628
0 27738
cfn=(6890) <http::header::map::HeaderMap>::try_append2::<http::header::name::HeaderName>
calls=1206 0 
0 313271
0 26331
cfn=(6866) core::ptr::drop_glue::<core::option::Option<http::method::Method>>
calls=201 0 
0 804
0 1608

fn=(6876) bytes::bytes_mut::shared_v_clone
0 6030

fn=(6902) <h2::proto::streams::recv::Recv>::recv_headers
0 25125
cfn=(6742) core::ptr::drop_glue::<h2::proto::streams::state::Inner>
calls=201 0 
0 804
0 603
cfn=(6742)
calls=201 0 
0 804
0 19899
cfn=(6740) <http::header::map::HeaderMap>::get::<http::header::name::HeaderName>
calls=402 0 
0 37386
0 4422
cob=(2)
cfi=(2)
cfn=(4536)
calls=402 0 
0 11658
0 6432
cob=(2)
cfi=(2)
cfn=(4536)
calls=201 0 
0 5829
0 1005
cfn=(6904) <h2::server::Peer as h2::proto::peer::Peer>::convert_poll_message
calls=201 0 
0 258687
0 13065
cfn=(6562)
calls=201 0 
0 9849
0 6030
cfn=(6850) core::ptr::drop_glue::<h2::frame::headers::Pseudo>
calls=201 0 
0 4623
0 22512
cob=(2)
cfi=(2)
cfn=(4536)
calls=402 0 
0 11658
0 3216
cfn=(6914) <slab::Slab<h2::proto::streams::buffer::Slot<h2::proto::streams::recv::Event>>>::insert_at
calls=402 0 
0 21432
0 9447
cfn=(6350)
calls=201 0 
0 18291
0 1608
cfn=(6918) <h2::proto::streams::store::Queue<h2::proto::streams::stream::NextAccept>>::push
calls=201 0 
0 9849
0 2412

fn=(6916) <alloc::raw_vec::RawVec<slab::Entry<h2::proto::streams::buffer::Slot<h2::proto::streams::recv::Event>>>>::grow_one
0 30
cfn=(5300) <alloc::raw_vec::RawVecInner>::finish_grow
calls=2 0 
0 476
0 18

fn=(6918)
0 9849

fn=(6930)
0 99820

fn=(6964) <tower::util::map_future::MapFuture<axum::util::MapIntoResponse<tower::util::map_request::MapRequest<devloop::echo::echo_server::EchoServer<devloop::TonicEchod>, <tonic::service::router::Routes>::add_service<devloop::echo::echo_server::EchoServer<devloop::TonicEchod>>::{closure#0}>>, <tower::util::boxed_clone_sync::BoxCloneSyncService<http::request::Request<axum_core::body::Body>, http::response::Response<axum_core::body::Body>, core::convert::Infallible>>::new<axum::util::MapIntoResponse<tower::util::map_request::MapRequest<devloop::echo::echo_server::EchoServer<devloop::TonicEchod>, <tonic::service::router::Routes>::add_service<devloop::echo::echo_server::EchoServer<devloop::TonicEchod>>::{closure#0}>>>::{closure#0}> as tower::util::boxed_clone_sync::CloneService<http::request::Request<axum_core::body::Body>>>::clone_box
0 2412
cob=(2)
cfi=(2)
cfn=(4210)
calls=201 0 
0 12506
0 3415

fn=(6988) core::ptr::drop_glue::<tower::util::map_future::MapFuture<axum::util::MapIntoResponse<tower::util::map_request::MapRequest<devloop::echo::echo_server::EchoServer<devloop::TonicEchod>, <tonic::service::router::Routes>::add_service<devloop::echo::echo_server::EchoServer<devloop::TonicEchod>>::{closure#0}>>, <tower::util::boxed_clone_sync::BoxCloneSyncService<http::request::Request<axum_core::body::Body>, http::response::Response<axum_core::body::Body>, core::convert::Infallible>>::new<axum::util::MapIntoResponse<tower::util::map_request::MapRequest<devloop::echo::echo_server::EchoServer<devloop::TonicEchod>, <tonic::service::router::Routes>::add_service<devloop::echo::echo_server::EchoServer<devloop::TonicEchod>>::{closure#0}>>>::{closure#0}>>
0 607
cfn=(7602) <alloc::sync::Arc<tokio::sync::watch::Shared<()>>>::drop_slow
calls=1 0 
0 78
0 201

fn=(7010) <http_body_util::combinators::map_err::MapErr<axum_core::body::Body, <tonic::status::Status>::map_error<axum_core::error::Error>> as http_body::Body>::poll_frame
0 8380
cfn=(7012) <http_body_util::combinators::map_err::MapErr<tonic::body::Body, <axum_core::error::Error>::new<tonic::status::Status>> as http_body::Body>::poll_frame
calls=838 0 
0 351239
0 21746
cfn=(7012)
calls=596 0 
0 887674
0 12960

fn=(7040) h2::proto::streams::streams::maybe_cancel
0 31356

fn=(7056) <bytes::bytes_mut::BytesMut as bytes::buf::buf_mut::BufMut>::put::<bytes::buf::take::Take<&mut h2::proto::streams::prioritize::Prioritized<hyper::proto::h2::SendBuf<bytes::bytes::Bytes>>>>
0 34974
cob=(2)
cfi=(2)
cfn=(4536)
calls=402 0 
0 11658
0 11658

fn=(7062) <h2::proto::streams::store::Store>::find_mut
0 18090

fn=(7064) <h2::proto::streams::recv::Recv>::recv_data
0 31155
cfn=(7066) <h2::proto::streams::recv::Recv>::consume_connection_window
calls=603 0 
0 32160
0 23718
cfn=(6900) <h2::proto::streams::store::Ptr as core::ops::deref::Deref>::deref
calls=201 0 
0 3417
0 804
cfn=(7068) <h2::proto::streams::store::Ptr as core::ops::deref::DerefMut>::deref_mut
calls=201 0 
0 3417
0 804
cfn=(7072) <h2::proto::streams::state::State>::recv_close
calls=201 0 
0 6633
0 804
cfn=(7074) core::ptr::drop_glue::<core::option::Option<h2::proto::error::Error>>
calls=201 0 
0 804
0 8442
cfn=(7068)
calls=603 0 
0 10251
0 2412
cfn=(7054) <h2::proto::streams::flow_control::FlowControl>::send_data
calls=603 0 
0 14673
0 2412
cfn=(7068)
calls=603 0 
0 10251
0 16281
cfn=(7068)
calls=603 0 
0 10251
0 3015
cfn=(7070) <h2::proto::streams::buffer::Deque>::push_back::<h2::proto::streams::recv::Event>
calls=603 0 
0 66690
0 1206
cfn=(7068)
calls=603 0 
0 10251
0 3444
cfn=(6446) tokio::runtime::park::wake
calls=194 0 
0 12222
cfn=(6350)
calls=235 0 
0 21385
0 1809

fn=(7134) <http_body_util::combinators::map_err::MapErr<tonic::codec::encode::EncodeBody<devloop::adoption_rpc::TonicCodec<pbrs_grpc::codec::prost::Message<pbrs_adoption_corpus::prost_types::EntityList>>, tokio_stream::once::Once<core::result::Result<pbrs_grpc::codec::prost::Message<pbrs_adoption_corpus::prost_types::EntityList>, tonic::status::Status>>>, <tonic::status::Status>::map_error<tonic::status::Status>> as http_body::Body>::is_end_stream
0 1608

fn=(7142) <http::header::map::HeaderMap>::try_entry2::<http::header::name::HeaderName>
0 2211
cfn=(6572) <http::header::map::HeaderMap>::try_reserve_one
calls=201 0 
0 5427
0 1206
cfn=(6574) http::header::map::hash_elem_using::<http::header::name::HeaderName>
calls=201 0 
0 4824
0 8643

fn=(7144) <http::header::map::Entry<http::header::value::HeaderValue>>::or_try_insert_with::<hyper::common::date::update_and_header_value>
0 4422
cfn=(7146) hyper::common::date::update_and_header_value
calls=201 0 
0 51962
0 15075

fn=(7148) <std::sys::thread_local::native::lazy::Storage<core::cell::RefCell<hyper::common::date::CachedDate>, ()>>::get_or_init_slow::<hyper::common::date::CACHED::__rust_std_internal_init_fn>
0 52
cfn=(5192)
calls=4 0 
0 104
0 48
cfn=(7150) <hyper::common::date::CachedDate>::update
calls=4 0 
0 3610
0 152
cfn=(5308)
calls=4 0 
0 960
0 16

fn=(7164) <http_body_util::combinators::map_err::MapErr<tonic::body::Body, <axum_core::error::Error>::new<tonic::status::Status>> as http_body::Body>::size_hint
0 1608
cfn=(6702)
calls=201 0 
0 804
0 603

fn=(7216) <http::header::map::HeaderMap as core::clone::Clone>::clone
0 6030
cob=(2)
cfi=(2)
cfn=(4210)
calls=201 0 
0 28524
0 2405
cob=(2)
cfi=(2)
cfn=(4536)
calls=200 0 
0 2200
0 5
cob=(2)
cfi=(2)
cfn=(4536)
calls=1 0 
0 11
0 4221
cob=(2)
cfi=(2)
cfn=(4210)
calls=201 0 
0 8404
0 12057
cfn=(5802) bytes::bytes::shared_clone
calls=200 0 
0 2000
cfn=(5782) bytes::bytes::promotable_even_clone
calls=1 0 
0 16
0 4824
cfn=(5802)
calls=200 0 
0 2000
cfn=(5782)
calls=1 0 
0 16
0 17688

fn=(7224) <tokio::runtime::task::core::Core<hyper::proto::h2::server::H2Stream<hyper_util::service::glue::TowerToHyperServiceFuture<tower::util::map_request::MapRequest<tower::util::boxed_clone::BoxCloneService<http::request::Request<tonic::body::Body>, http::response::Response<tonic::body::Body>, alloc::boxed::Box<dyn core::error::Error + core::marker::Send + core::marker::Sync>>, <tonic::transport::server::Server>::serve_internal<tonic::service::router::Routes, tonic::transport::server::incoming::TcpIncoming, core::future::ready::Ready<()>, tokio::net::tcp::stream::TcpStream, core::io::error::Error, tonic::body::Body>::{closure#0}::{closure#1}>, http::request::Request<hyper::body::incoming::Incoming>>, tonic::body::Body, hyper_util::rt::tokio::TokioExecutor>, alloc::sync::Arc<tokio::runtime::scheduler::current_thread::Handle>>>::set_stage
0 15276
cfn=(7226) core::ptr::drop_glue::<hyper::proto::h2::server::H2Stream<hyper_util::service::glue::TowerToHyperServiceFuture<tower::util::map_request::MapRequest<tower::util::boxed_clone::BoxCloneService<http::request::Request<tonic::body::Body>, http::response::Response<tonic::body::Body>, alloc::boxed::Box<dyn core::error::Error + core::marker::Send + core::marker::Sync>>, <tonic::transport::server::Server>::serve_internal<tonic::service::router::Routes, tonic::transport::server::incoming::TcpIncoming, core::future::ready::Ready<()>, tokio::net::tcp::stream::TcpStream, core::io::error::Error, tonic::body::Body>::{closure#0}::{closure#1}>, http::request::Request<hyper::body::incoming::Incoming>>, tonic::body::Body, hyper_util::rt::tokio::TokioExecutor>>
calls=201 0 
0 206317
0 3015
cob=(2)
cfi=(2)
cfn=(4536)
calls=603 0 
0 38530
0 7236

fn=(7236) <tokio::runtime::task::harness::Harness<hyper::proto::h2::server::H2Stream<hyper_util::service::glue::TowerToHyperServiceFuture<tower::util::map_request::MapRequest<tower::util::boxed_clone::BoxCloneService<http::request::Request<tonic::body::Body>, http::response::Response<tonic::body::Body>, alloc::boxed::Box<dyn core::error::Error + core::marker::Send + core::marker::Sync>>, <tonic::transport::server::Server>::serve_internal<tonic::service::router::Routes, tonic::transport::server::incoming::TcpIncoming, core::future::ready::Ready<()>, tokio::net::tcp::stream::TcpStream, core::io::error::Error, tonic::body::Body>::{closure#0}::{closure#1}>, http::request::Request<hyper::body::incoming::Incoming>>, tonic::body::Body, hyper_util::rt::tokio::TokioExecutor>, alloc::sync::Arc<tokio::runtime::scheduler::multi_thread::handle::Handle>>>::complete
0 4422
cfn=(7224)
calls=201 0 
0 21075
0 1005
cfn=(7050) <alloc::sync::Arc<tokio::runtime::scheduler::multi_thread::handle::Handle> as tokio::runtime::task::Schedule>::release
calls=201 0 
0 13919
0 3417

fn=(7254) tokio::runtime::task::raw::dealloc::<hyper::proto::h2::server::H2Stream<hyper_util::service::glue::TowerToHyperServiceFuture<tower::util::map_request::MapRequest<tower::util::boxed_clone::BoxCloneService<http::request::Request<tonic::body::Body>, http::response::Response<tonic::body::Body>, alloc::boxed::Box<dyn core::error::Error + core::marker::Send + core::marker::Sync>>, <tonic::transport::server::Server>::serve_internal<tonic::service::router::Routes, tonic::transport::server::incoming::TcpIncoming, core::future::ready::Ready<()>, tokio::net::tcp::stream::TcpStream, core::io::error::Error, tonic::body::Body>::{closure#0}::{closure#1}>, http::request::Request<hyper::body::incoming::Incoming>>, tonic::body::Body, hyper_util::rt::tokio::TokioExecutor>, alloc::sync::Arc<tokio::runtime::scheduler::multi_thread::handle::Handle>>
0 1005
cfn=(7256) core::ptr::drop_glue::<tokio::runtime::task::core::Cell<hyper::proto::h2::server::H2Stream<hyper_util::service::glue::TowerToHyperServiceFuture<tower::util::map_request::MapRequest<tower::util::boxed_clone::BoxCloneService<http::request::Request<tonic::body::Body>, http::response::Response<tonic::body::Body>, alloc::boxed::Box<dyn core::error::Error + core::marker::Send + core::marker::Sync>>, <tonic::transport::server::Server>::serve_internal<tonic::service::router::Routes, tonic::transport::server::incoming::TcpIncoming, core::future::ready::Ready<()>, tokio::net::tcp::stream::TcpStream, core::io::error::Error, tonic::body::Body>::{closure#0}::{closure#1}>, http::request::Request<hyper::body::incoming::Incoming>>, tonic::body::Body, hyper_util::rt::tokio::TokioExecutor>, alloc::sync::Arc<tokio::runtime::scheduler::multi_thread::handle::Handle>>>
calls=201 0 
0 5226
0 1005
cob=(2)
cfi=(2)
cfn=(4920)
calls=201 0 
0 15800

fn=(7256)
0 5226

fn=(7262)
0 10530

fn=(7320) <h2::proto::streams::recv::Recv>::recv_trailers
0 5829
cfn=(7072)
calls=201 0 
0 6432
0 3216
cfn=(6850)
calls=201 0 
0 4623
0 6231
cfn=(6914)
calls=201 0 
0 10452
0 6175
cfn=(6446)
calls=7 0 
0 441
0 2010

fn=(7322) <tonic_prost::codec::ProstDecoder<devloop::echo::EchoReply> as tonic::codec::Decoder>::decode
0 21708
cfn=(7086) prost::encoding::varint::decode_varint::<&mut &mut tonic::codec::buffer::DecodeBuf>
calls=804 0 
0 33768
0 13668
cfn=(7086)
calls=804 0 
0 70149
0 8040
cfn=(6630)
calls=804 0 
0 48037
0 2412
cfn=(7090) <bytes::bytes_mut::BytesMut>::freeze
calls=804 0 
0 19296
0 2412
cfn=(7092) <alloc::vec::Vec<u8> as prost::encoding::sealed::BytesAdapter>::replace_with::<bytes::bytes::Bytes>
calls=804 0 
0 292634
0 16080

fn=(7548) <serde_json::ser::Compound<&mut alloc::vec::Vec<u8>, serde_json::ser::CompactFormatter> as serde_core::ser::SerializeStruct>::end
0 16

fn=(7562) core::ptr::drop_glue::<tokio::sync::mpsc::chan::Tx<tower::buffer::message::Message<http::request::Request<tonic::body::Body>, core::pin::Pin<alloc::boxed::Box<dyn core::future::future::Future<Output = core::result::Result<http::response::Response<tonic::body::Body>, alloc::boxed::Box<dyn core::error::Error + core::marker::Send + core::marker::Sync>>> + core::marker::Send>>>, tokio::sync::mpsc::bounded::Semaphore>>
0 48
cfn=(6350)
calls=1 0 
0 139
0 22

fn=(7588) core::ptr::drop_glue::<<tonic::transport::server::Server>::serve_with_incoming<tonic::service::router::Routes, tokio_stream::wrappers::tcp_listener::TcpListenerStream, tokio::net::tcp::stream::TcpStream, core::io::error::Error, tonic::body::Body>::{closure#0}>
0 15
cfn=(7590) core::ptr::drop_glue::<<tonic::transport::server::Server>::serve_internal<tonic::service::router::Routes, tokio_stream::wrappers::tcp_listener::TcpListenerStream, core::future::ready::Ready<()>, tokio::net::tcp::stream::TcpStream, core::io::error::Error, tonic::body::Body>::{closure#0}>
calls=1 0 
0 929

fn=(7602)
0 10
cob=(2)
cfi=(2)
cfn=(4920)
calls=2 0 
0 146

fn=(7606) core::ptr::drop_glue::<tokio::runtime::task::core::Cell<devloop::rpc_tonic_unary::{closure#0}::{closure#0}, alloc::sync::Arc<tokio::runtime::scheduler::multi_thread::handle::Handle>>>
0 26

fn=(7640) core::ptr::drop_glue::<<alloc::boxed::Box<dyn core::error::Error + core::marker::Send + core::marker::Sync> as core::convert::From<alloc::string::String>>::from::StringError>
0 8
cob=(2)
cfi=(2)
cfn=(4920)
calls=2 0 
0 146

fn=(7682) core::ptr::drop_glue::<futures_channel::mpsc::Receiver<core::convert::Infallible>>
0 21
cfn=(7684) <futures_channel::mpsc::queue::Queue<alloc::sync::Arc<std::sync::poison::mutex::Mutex<futures_channel::mpsc::SenderTask>>>>::pop_spin
calls=1 0 
0 22
0 35

fn=(7684)
0 22

fn=(7696) core::ptr::drop_glue::<hyper::client::conn::http2::Connection<tonic::transport::channel::service::io::BoxedIo, tonic::body::Body, tonic::transport::channel::service::executor::SharedExec>>
0 9
cfn=(7028) core::ptr::drop_glue::<futures_channel::mpsc::Sender<core::convert::Infallible>>
calls=1 0 
0 487
0 2
cfn=(7700) core::ptr::drop_glue::<futures_channel::oneshot::Receiver<core::convert::Infallible>>
calls=1 0 
0 121
0 5
cfn=(7702) core::ptr::drop_glue::<h2::client::SendRequest<hyper::proto::h2::SendBuf<bytes::bytes::Bytes>>>
calls=1 0 
0 1056
0 2
cfn=(7704) core::ptr::drop_glue::<hyper::client::dispatch::Receiver<http::request::Request<tonic::body::Body>, http::response::Response<hyper::body::incoming::Incoming>>>
calls=1 0 
0 212
0 5
cfn=(7708) core::ptr::drop_glue::<core::option::Option<hyper::proto::h2::client::FutCtx<tonic::body::Body>>>
calls=1 0 
0 13

fn=(7704)
0 16
cfn=(7706) core::ptr::drop_glue::<tokio::sync::mpsc::unbounded::UnboundedReceiver<hyper::client::dispatch::Envelope<http::request::Request<tonic::body::Body>, http::response::Response<hyper::body::incoming::Incoming>>>>
calls=1 0 
0 180
0 16

fn=(7760) std::sys::thread_local::native::eager::destroy::<tokio::runtime::context::Context>
0 35

fn=(7910) core::ptr::drop_glue::<tokio::runtime::scheduler::multi_thread::worker::Core>
0 36
cfn=(7912) core::ptr::drop_glue::<tokio::runtime::scheduler::multi_thread::queue::Local<alloc::sync::Arc<tokio::runtime::scheduler::multi_thread::handle::Handle>>>
calls=4 0 
0 92
0 28

fn=(7928) core::ptr::drop_glue::<tokio::runtime::driver::Handle>
0 9
cob=(2)
cfi=(2)
cfn=(5132) close
calls=1 0 
0 61
0 2
cfn=(7930) core::ptr::drop_glue::<alloc::vec::Vec<alloc::sync::Arc<tokio::runtime::io::scheduled_io::ScheduledIo>>>
calls=1 0 
0 88
0 2
cob=(2)
cfi=(2)
cfn=(5132)
calls=1 0 
0 61
0 8
cob=(2)
cfi=(2)
cfn=(4920)
calls=1 0 
0 202

fn=(7934) <alloc::sync::Arc<tokio::sync::oneshot::Inner<()>>>::drop_slow
0 10
cfn=(6804) tokio::runtime::park::drop_waker
calls=1 0 
0 7
0 11
cob=(2)
cfi=(2)
cfn=(4920)
calls=1 0 
0 65

fn=(7996) <alloc::sync::Arc<std::thread::lifecycle::Packet<()>>>::drop_slow
0 24
cfn=(7998) core::ptr::drop_glue::<std::thread::lifecycle::Packet<()>>
calls=4 0 
0 104
0 36
cob=(2)
cfi=(2)
cfn=(4920)
calls=4 0 
0 468

fn=(8004) core::ptr::drop_glue::<alloc::collections::vec_deque::VecDeque<tokio::runtime::blocking::pool::Task>>
0 16
cfn=(8006) core::ptr::drop_glue::<alloc::collections::vec_deque::Dropper<tokio::runtime::blocking::pool::Task>>
calls=1 0 
0 9
0 11
cob=(2)
cfi=(2)
cfn=(4920)
calls=1 0 
0 65

fn=(6524) core::ptr::drop_glue::<<tonic::transport::channel::Channel>::connect<tonic::transport::channel::service::connector::Connector<hyper_util::client::legacy::connect::http::HttpConnector>>::{closure#0}>
0 17

fn=(6528)
0 12

fn=(6542) <tokio::sync::batch_semaphore::Acquire as core::ops::drop::Drop>::drop
0 9045

fn=(5040) devloop::main
0 9
cfn=(5042) std::env::args_os
calls=1 0 
0 1842
0 15
cfn=(5058)
calls=1 0 
0 80
0 21
cob=(2)
cfi=(2)
cfn=(4210)
calls=1 0 
0 187
0 174
cfn=(5058)
calls=6 0 
0 486
0 40
cob=(2)
cfi=(2)
cfn=(4920)
calls=1 0 
0 65
0 24
cfn=(5060) devloop::cmd_run_cell
calls=1 0 
0 3778300
0 54
cob=(2)
cfi=(2)
cfn=(4920)
calls=7 0 
0 819
0 11
cob=(2)
cfi=(2)
cfn=(4920)
calls=1 0 
0 65
0 8

fn=(5090) std::env::var::inner
0 10
cfn=(5092) std::sys::env::unix::getenv
calls=1 0 
0 739
0 14

fn=(5138) <std::path::Components as core::iter::traits::double_ended::DoubleEndedIterator>::next_back
0 138
cfn=(5140)
calls=3 0 
0 333
0 75

fn=(5474) std::thread::spawnhook::run_spawn_hooks
0 96
cfn=(5480)
calls=4 0 
0 76
0 102
cfn=(5308)
calls=1 0 
0 533
0 2

fn=(5674) devloop::cmd_run_cell::{closure#1}
0 15474
cfn=(5676)
calls=1 0 
0 14630
0 2372
cfn=(5676)
calls=593 0 
0 3617140
0 2970
cfn=(7564) core::ptr::drop_glue::<devloop::rpc_tonic_server_stream::{closure#0}>
calls=1 0 
0 15
0 5349

fn=(5678)
0 19
cfn=(5680) <str as tokio::net::addr::sealed::ToSocketAddrsPriv>::to_socket_addrs
calls=1 0 
0 241
0 10
cfn=(5686) <tokio::net::addr::sealed::MaybeReady as core::future::future::Future>::poll
calls=1 0 
0 25
0 28
cfn=(5688) <mio::net::tcp::listener::TcpListener>::bind
calls=1 0 
0 76
0 20
cfn=(5698)
calls=1 0 
0 690
0 7

fn=(5800) <tonic::transport::channel::endpoint::Endpoint as core::clone::Clone>::clone
0 14
cfn=(5790)
calls=1 0 
0 71
0 4
cfn=(5790)
calls=1 0 
0 77
0 177

fn=(5802)
0 19960

fn=(5834) core::slice::memchr::memrchr_aligned
0 224

fn=(5840) <hyper_util::client::legacy::connect::http::ConnectingTcp>::new
0 72
cfn=(5842) <alloc::raw_vec::RawVec<core::net::socket_addr::SocketAddr>>::grow_one
calls=1 0 
0 108
0 6
cob=(2)
cfi=(2)
cfn=(4920)
calls=1 0 
0 65
0 36

fn=(5842)
0 3
cfn=(5844) <alloc::raw_vec::RawVecInner>::grow_amortized
calls=1 0 
0 101
0 4

fn=(6174) <tokio::runtime::scheduler::multi_thread::worker::Context>::run_task
0 29904
cfn=(5712) <tokio::runtime::scheduler::multi_thread::idle::Idle>::worker_to_notify
calls=488 0 
0 28304
0 5368
cfn=(6504)
calls=488 0 
0 26948
0 51200
cfn=(7180) tokio::runtime::task::raw::poll::<<devloop::TonicEchod as devloop::echo::echo_server::Echo>::server_stream::{closure#0}::{closure#0}, alloc::sync::Arc<tokio::runtime::scheduler::multi_thread::handle::Handle>>
calls=201 0 
0 513205
cfn=(6618)
calls=1333 0 
0 6239353
cfn=(6392) tokio::runtime::task::raw::poll::<tonic::transport::server::serve_connection<tonic::body::Body, hyper_util::rt::tokio::TokioIo<tonic::transport::server::service::io::ServerIo<tokio::net::tcp::stream::TcpStream>>, hyper_util::service::glue::TowerToHyperService<tower::util::map_request::MapRequest<tower::util::boxed_clone::BoxCloneService<http::request::Request<tonic::body::Body>, http::response::Response<tonic::body::Body>, alloc::boxed::Box<dyn core::error::Error + core::marker::Send + core::marker::Sync>>, <tonic::transport::server::Server>::serve_internal<tonic::service::router::Routes, tokio_stream::wrappers::tcp_listener::TcpListenerStream, core::future::ready::Ready<()>, tokio::net::tcp::stream::TcpStream, core::io::error::Error, tonic::body::Body>::{closure#0}::{closure#1}>>, hyper_util::rt::tokio::TokioExecutor>::{closure#0}, alloc::sync::Arc<tokio::runtime::scheduler::multi_thread::handle::Handle>>
calls=512 0 
0 4274085
cfn=(6176)
calls=2 0 
0 27322
0 85495
cfn=(6934) tokio::runtime::task::raw::poll::<hyper::proto::h2::server::H2Stream<hyper_util::service::glue::TowerToHyperServiceFuture<tower::util::map_request::MapRequest<tower::util::boxed_clone::BoxCloneService<http::request::Request<tonic::body::Body>, http::response::Response<tonic::body::Body>, alloc::boxed::Box<dyn core::error::Error + core::marker::Send + core::marker::Sync>>, <tonic::transport::server::Server>::serve_internal<tonic::service::router::Routes, tonic::transport::server::incoming::TcpIncoming, core::future::ready::Ready<()>, tokio::net::tcp::stream::TcpStream, core::io::error::Error, tonic::body::Body>::{closure#0}::{closure#1}>, http::request::Request<hyper::body::incoming::Incoming>>, tonic::body::Body, hyper_util::rt::tokio::TokioExecutor>, alloc::sync::Arc<tokio::runtime::scheduler::multi_thread::handle::Handle>>
calls=630 0 
0 6001861
cfn=(6618)
calls=880 0 
0 2953099
cfn=(6392)
calls=323 0 
0 1932364
0 54651

fn=(6218) <hashbrown::raw::RawTable<(alloc::sync::Arc<str>, axum::routing::RouteId)>>::reserve_rehash::<hashbrown::map::make_hasher<alloc::sync::Arc<str>, axum::routing::RouteId, std::hash::random::RandomState>::{closure#0}>
0 120
cob=(2)
cfi=(2)
cfn=(4210)
calls=2 0 
0 426
0 40
cob=(2)
cfi=(2)
cfn=(4972) 0x0000000000163540
calls=2 0 
0 20
0 46

fn=(6238)
0 5
cfn=(6240) <core::fmt::Formatter>::pad
calls=1 0 
0 62

fn=(6286) <<axum::boxed::BoxedIntoRoute<(), core::convert::Infallible>>::from_handler<tonic::service::router::unimplemented, ((),)>::{closure#0} as core::ops::function::FnOnce<(tonic::service::router::unimplemented, ())>>::call_once
0 9

fn=(6312)
0 48741

fn=(6352) tokio::runtime::task::raw::schedule::<alloc::sync::Arc<tokio::runtime::scheduler::multi_thread::handle::Handle>>
0 8337
cfn=(5708)
calls=1191 0 
0 90360
0 11718
cfn=(5708)
calls=1674 0 
0 138717

fn=(6424) <tokio::runtime::park::Inner>::park
0 33264
cob=(2)
cfi=(2)
cfn=(6426)
calls=594 0 
0 6534
0 20196

fn=(6452) core::ptr::drop_glue::<hyper_util::client::legacy::connect::http::connect::{closure#0}>
0 10

fn=(6454) core::ptr::drop_glue::<<hyper_util::client::legacy::connect::http::ConnectingTcpRemote>::connect::{closure#0}>
0 13

fn=(6494) <hyper_util::rt::tokio::TokioExecutor as hyper::rt::Executor<core::pin::Pin<alloc::boxed::Box<dyn core::future::future::Future<Output = ()> + core::marker::Send>>>>::execute
0 24300
cob=(2)
cfi=(2)
cfn=(5224)
calls=405 0 
0 231636
0 42715
cfn=(5708)
calls=405 0 
0 45558
0 5265

fn=(6506) core::ptr::drop_glue::<hyper::proto::h2::client::handshake<tonic::transport::channel::service::io::BoxedIo, tonic::body::Body, tonic::transport::channel::service::executor::SharedExec>::{closure#0}>
0 17

fn=(6508) core::ptr::drop_glue::<<hyper::client::conn::http2::Builder<tonic::transport::channel::service::executor::SharedExec>>::handshake<tonic::transport::channel::service::io::BoxedIo, tonic::body::Body>::{closure#0}>
0 17

fn=(8098)
0 9
cob=(2)
cfi=(2)
cfn=(8106)
calls=1 0 
0 71
0 1
0 1
cfn=(8118) 0x0000000000259170
calls=1 0 
0 5
0 3

fn=(8118)
0 5

fn=(6564) core::ptr::drop_glue::<[http::header::map::Bucket<http::header::value::HeaderValue>]>
0 15075
cfn=(6526) bytes::bytes::promotable_even_drop
calls=1 0 
0 12
cfn=(5776) bytes::bytes::shared_drop
calls=200 0 
0 1800
0 6030
cfn=(5776)
calls=1191 0 
0 10719
cfn=(6526)
calls=15 0 
0 180
0 44823

fn=(6580)
0 2613

fn=(6594) <h2::server::Connection<hyper::common::io::compat::Compat<hyper_util::common::rewind::Rewind<hyper_util::rt::tokio::TokioIo<tonic::transport::server::service::io::ServerIo<tokio::net::tcp::stream::TcpStream>>>>, hyper::proto::h2::SendBuf<bytes::bytes::Bytes>>>::set_target_window_size
0 25
cfn=(6488) <h2::proto::streams::recv::Recv>::set_target_connection_window
calls=1 0 
0 43
0 16

fn=(6636) <h2::proto::streams::send::Send>::apply_remote_settings::<hyper::proto::h2::SendBuf<bytes::bytes::Bytes>>
0 97

fn=(6652) <tonic::transport::channel::service::connection::MakeSendRequestService<tonic::transport::channel::service::connector::Connector<tonic::transport::channel::uds_connector::UdsConnector>> as tower_service::Service<http::uri::Uri>>::call::{closure#0}::{closure#0}
0 5231
cob=(2)
cfi=(2)
cfn=(4536)
calls=1 0 
0 29
0 4
cfn=(6654)
calls=1 0 
0 336
0 1203
cfn=(6654)
calls=401 0 
0 2030239
0 6030

fn=(6662)
0 14346
cfn=(6312)
calls=797 0 
0 5579
0 8370
cfn=(6782)
calls=200 0 
0 1600
0 6576

fn=(6674) <tower::util::map_future::MapFuture<tonic::transport::channel::service::add_origin::AddOrigin<tonic::transport::channel::service::user_agent::UserAgent<tonic::transport::service::grpc_timeout::GrpcTimeout<tower::util::either::Either<tower::limit::concurrency::service::ConcurrencyLimit<tower::util::either::Either<tower::limit::rate::service::RateLimit<tonic::transport::channel::service::reconnect::Reconnect<tonic::transport::channel::service::connection::MakeSendRequestService<tonic::transport::channel::service::connector::Connector<hyper_util::client::legacy::connect::http::HttpConnector>>, http::uri::Uri>>, tonic::transport::channel::service::reconnect::Reconnect<tonic::transport::channel::service::connection::MakeSendRequestService<tonic::transport::channel::service::connector::Connector<hyper_util::client::legacy::connect::http::HttpConnector>>, http::uri::Uri>>>, tower::util::either::Either<tower::limit::rate::service::RateLimit<tonic::transport::channel::service::reconnect::Reconnect<tonic::transport::channel::service::connection::MakeSendRequestService<tonic::transport::channel::service::connector::Connector<hyper_util::client::legacy::connect::http::HttpConnector>>, http::uri::Uri>>, tonic::transport::channel::service::reconnect::Reconnect<tonic::transport::channel::service::connection::MakeSendRequestService<tonic::transport::channel::service::connector::Connector<hyper_util::client::legacy::connect::http::HttpConnector>>, http::uri::Uri>>>>>>, <tower::util::boxed::sync::BoxService<http::request::Request<tonic::body::Body>, http::response::Response<tonic::body::Body>, alloc::boxed::Box<dyn core::error::Error + core::marker::Send + core::marker::Sync>>>::new<tonic::transport::channel::service::add_origin::AddOrigin<tonic::transport::channel::service::user_agent::UserAgent<tonic::transport::service::grpc_timeout::GrpcTimeout<tower::util::either::Either<tower::limit::concurrency::service::ConcurrencyLimit<tower::util::either::Either<tower::limit::rate::service::RateLimit<tonic::transport::channel::service::reconnect::Reconnect<tonic::transport::channel::service::connection::MakeSendRequestService<tonic::transport::channel::service::connector::Connector<hyper_util::client::legacy::connect::http::HttpConnector>>, http::uri::Uri>>, tonic::transport::channel::service::reconnect::Reconnect<tonic::transport::channel::service::connection::MakeSendRequestService<tonic::transport::channel::service::connector::Connector<hyper_util::client::legacy::connect::http::HttpConnector>>, http::uri::Uri>>>, tower::util::either::Either<tower::limit::rate::service::RateLimit<tonic::transport::channel::service::reconnect::Reconnect<tonic::transport::channel::service::connection::MakeSendRequestService<tonic::transport::channel::service::connector::Connector<hyper_util::client::legacy::connect::http::HttpConnector>>, http::uri::Uri>>, tonic::transport::channel::service::reconnect::Reconnect<tonic::transport::channel::service::connection::MakeSendRequestService<tonic::transport::channel::service::connector::Connector<hyper_util::client::legacy::connect::http::HttpConnector>>, http::uri::Uri>>>>>>>::{closure#0}> as tower_service::Service<http::request::Request<tonic::body::Body>>>::call
0 4221
cob=(2)
cfi=(2)
cfn=(4536)
calls=201 0 
0 5829
0 6633
cfn=(5786)
calls=201 0 
0 201
0 4824
cfn=(5802)
calls=201 0 
0 2010
0 6633
cfn=(6558) <http::uri::Uri>::from_parts
calls=201 0 
0 11256
0 3819
cob=(2)
cfi=(2)
cfn=(4536)
calls=201 0 
0 5829
0 2010
cfn=(5792) bytes::bytes::static_clone
calls=201 0 
0 1407
0 2412
cfn=(6570) <http::header::map::HeaderMap>::try_insert2::<http::header::name::HeaderName>
calls=201 0 
0 33567
0 1608
cob=(2)
cfi=(2)
cfn=(4536)
calls=201 0 
0 5829
0 603
cfn=(6676) tonic::transport::service::grpc_timeout::try_parse_grpc_timeout
calls=201 0 
0 62109
0 3216
cfn=(6684) <tower::util::either::Either<tower::limit::rate::service::RateLimit<tonic::transport::channel::service::reconnect::Reconnect<tonic::transport::channel::service::connection::MakeSendRequestService<tonic::transport::channel::service::connector::Connector<hyper_util::client::legacy::connect::http::HttpConnector>>, http::uri::Uri>>, tonic::transport::channel::service::reconnect::Reconnect<tonic::transport::channel::service::connection::MakeSendRequestService<tonic::transport::channel::service::connector::Connector<hyper_util::client::legacy::connect::http::HttpConnector>>, http::uri::Uri>> as tower_service::Service<http::request::Request<tonic::body::Body>>>::call
calls=201 0 
0 168290
0 5628
cob=(2)
cfi=(2)
cfn=(4210)
calls=201 0 
0 52609
0 2406
cob=(2)
cfi=(2)
cfn=(4536)
calls=200 0 
0 12750
0 4
cob=(2)
cfi=(2)
cfn=(4536)
calls=1 0 
0 64
0 1005
cob=(2)
cfi=(2)
cfn=(4210)
calls=201 0 
0 9578
0 3616

fn=(6676)
0 2814
cfn=(6678) <http::header::map::HeaderMap>::get::<&str>
calls=402 0 
0 118590
0 2814

fn=(6678)
0 9648
cfn=(6680) http::header::name::parse_hdr
calls=804 0 
0 140700
0 101103

fn=(6692) tokio::runtime::park::wake_by_ref
0 392
cfn=(6448) <tokio::runtime::park::Inner>::unpark
calls=392 0 
0 19992

fn=(6714) <h2::frame::headers::Pseudo>::set_scheme
0 7839

fn=(6732)
0 7638
cfn=(6734) <h2::proto::streams::send::Send>::check_headers
calls=402 0 
0 391347
0 21105
cfn=(6742)
calls=201 0 
0 804
0 402
cfn=(6742)
calls=201 0 
0 804
0 8643
cob=(2)
cfi=(2)
cfn=(4536)
calls=201 0 
0 12864
0 1407
cfn=(6746) <h2::proto::streams::prioritize::Prioritize>::queue_frame::<hyper::proto::h2::SendBuf<bytes::bytes::Bytes>>
calls=201 0 
0 109642
0 1206
cfn=(6744) <h2::proto::streams::prioritize::Prioritize>::queue_open
calls=201 0 
0 9849
0 1206
cob=(2)
cfi=(2)
cfn=(4536)
calls=201 0 
0 12864
0 1407
cfn=(6746)
calls=201 0 
0 49911
0 1407
cfn=(6350)
calls=201 0 
0 18220
0 201

fn=(6734)
0 3015
cfn=(6736) <http::header::map::HeaderMap>::contains_key::<http::header::name::HeaderName>
calls=603 0 
0 54471
0 3015
cfn=(6736)
calls=603 0 
0 58893
0 3015
cfn=(6736)
calls=603 0 
0 50049
0 3618
cfn=(6738) <http::header::map::HeaderMap>::contains_key::<&str>
calls=603 0 
0 171051
0 3618
cfn=(6738)
calls=603 0 
0 172257
0 4824
cfn=(6740)
calls=603 0 
0 54672
0 3618

fn=(6742)
0 9648

fn=(6752) <h2::proto::streams::prioritize::Prioritize>::schedule_send
0 37989
cfn=(7022) <h2::proto::streams::store::Queue<h2::proto::streams::stream::NextSend>>::push
calls=1005 0 
0 42813
0 5621
cfn=(6350)
calls=596 0 
0 68606
0 9648

fn=(6770) prost::encoding::bytes::encode::<alloc::vec::Vec<u8>, tonic::codec::buffer::EncodeBuf>
0 12060
cfn=(6772) prost::encoding::varint::encode_varint::<tonic::codec::buffer::EncodeBuf>
calls=1005 0 
0 28140
0 3015
cfn=(6772)
calls=1005 0 
0 39195
0 15075
cob=(2)
cfi=(2)
cfn=(4536)
calls=1005 0 
0 124502
0 15075

fn=(6790) <h2::client::ResponseFuture as core::future::future::Future>::poll
0 20502
cfn=(6792) <h2::proto::streams::buffer::Deque>::pop_front::<h2::proto::streams::recv::Event>
calls=402 0 
0 25742
0 4422
cfn=(6794) <h2::proto::streams::state::State>::ensure_recv_open
calls=201 0 
0 2814
0 6432
cfn=(6312)
calls=201 0 
0 1407
0 14673
cfn=(6758)
calls=201 0 
0 13065
0 8844

fn=(6794)
0 13742

fn=(6828) <h2::frame::headers::HeaderBlock>::into_encoding
0 18693
cob=(2)
cfi=(2)
cfn=(4920)
calls=603 0 
0 44803
0 2412
cob=(2)
cfi=(2)
cfn=(4536)
calls=603 0 
0 17487
0 18693
cob=(2)
cfi=(2)
cfn=(4536)
calls=603 0 
0 17487
0 6428
cfn=(6834) core::ptr::drop_glue::<h2::hpack::header::Header>
calls=1604 0 
0 71361
0 42009
cfn=(6830) <h2::frame::headers::Iter as core::iter::traits::iterator::Iterator>::next
calls=2211 0 
0 105726
0 1809
cfn=(6830)
calls=603 0 
0 33969
0 207633
cfn=(6716)
calls=804 0 
0 5628
0 201
cfn=(6716)
calls=201 0 
0 1407
0 43014
cfn=(6716)
calls=1005 0 
0 7035
0 69602
cob=(2)
cfi=(2)
cfn=(4210)
calls=2 0 
0 527
0 98662
cob=(2)
cfi=(2)
cfn=(5150) 0x00000000001623e0
calls=200 0 
0 3600
0 69656
cfn=(6836) <h2::hpack::table::Table>::index_vacant
calls=7 0 
0 1851
0 12199
cfn=(6832) <bytes::bytes_mut::BytesMut>::reserve_inner
calls=2 0 
0 469
0 9994
cob=(2)
cfi=(2)
cfn=(4210)
calls=2 0 
0 401
0 212
cob=(2)
cfi=(2)
cfn=(4920)
calls=2 0 
0 146
0 37681
cob=(2)
cfi=(2)
cfn=(5150)
calls=200 0 
0 3640
0 2165
cob=(2)
cfi=(2)
cfn=(5150)
calls=2165 0 
0 40754
0 46961
cfn=(6716)
calls=9 0 
0 63
0 117
cfn=(6840)
calls=9 0 
0 234
0 193
cfn=(6842)
calls=2 0 
0 1883
0 4076
cfn=(6848) h2::hpack::encoder::encode_not_indexed
calls=201 0 
0 144546
0 782
cfn=(6716)
calls=1 0 
0 7
0 4
cfn=(6846) h2::hpack::encoder::encode_str
calls=1 0 
0 103
0 2
cfn=(6846)
calls=1 0 
0 316
0 24
cfn=(6846)
calls=1 0 
0 603
0 60
cfn=(6846)
calls=15 0 
0 10516
0 23353
cfn=(6852) core::ptr::drop_glue::<http::header::map::IntoIter<http::header::value::HeaderValue>>
calls=603 0 
0 90572
0 7176
cfn=(6834)
calls=591 0 
0 18485
0 9648

fn=(6886) <bytes::bytes::Bytes>::copy_from_slice
0 180
cob=(2)
cfi=(2)
cfn=(4210)
calls=15 0 
0 1164
0 144
cob=(2)
cfi=(2)
cfn=(4536)
calls=9 0 
0 90
0 24
cob=(2)
cfi=(2)
cfn=(4536)
calls=6 0 
0 69
0 255

fn=(6924) hyper::headers::content_length_parse_all
0 4422
cfn=(6926) <http::header::map::HeaderMap>::get_all::<http::header::name::HeaderName>
calls=402 0 
0 40200
0 12864

fn=(6936) <hyper::proto::h2::server::H2Stream<hyper_util::service::glue::TowerToHyperServiceFuture<tower::util::map_request::MapRequest<tower::util::boxed_clone::BoxCloneService<http::request::Request<tonic::body::Body>, http::response::Response<tonic::body::Body>, alloc::boxed::Box<dyn core::error::Error + core::marker::Send + core::marker::Sync>>, <tonic::transport::server::Server>::serve_internal<tonic::service::router::Routes, tonic::transport::server::incoming::TcpIncoming, core::future::ready::Ready<()>, tokio::net::tcp::stream::TcpStream, core::io::error::Error, tonic::body::Body>::{closure#0}::{closure#1}>, http::request::Request<hyper::body::incoming::Incoming>>, tonic::body::Body, hyper_util::rt::tokio::TokioExecutor> as core::future::future::Future>::poll
0 8510
cfn=(6762) <hyper::proto::h2::PipeToSendStream<tonic::body::Body> as core::future::future::Future>::poll
calls=395 0 
0 1698892
0 2970
cfn=(6938) <hyper_util::service::glue::TowerToHyperServiceFuture<tower::util::map_request::MapRequest<tower::util::boxed_clone::BoxCloneService<http::request::Request<tonic::body::Body>, http::response::Response<tonic::body::Body>, alloc::boxed::Box<dyn core::error::Error + core::marker::Send + core::marker::Sync>>, <tonic::transport::server::Server>::serve_internal<tonic::service::router::Routes, tonic::transport::server::incoming::TcpIncoming, core::future::ready::Ready<()>, tokio::net::tcp::stream::TcpStream, core::io::error::Error, tonic::body::Body>::{closure#0}::{closure#1}>, http::request::Request<hyper::body::incoming::Incoming>> as core::future::future::Future>::poll
calls=436 0 
0 3220049
0 3355
cfn=(6764) <h2::proto::streams::streams::StreamRef<hyper::proto::h2::SendBuf<bytes::bytes::Bytes>>>::poll_reset
calls=235 0 
0 26500
0 4926
cfn=(6698)
calls=201 0 
0 119997
0 1005
cfn=(7142)
calls=201 0 
0 22311
0 2412
cfn=(7144)
calls=201 0 
0 71459
0 2882
cfn=(7158) <http_body_util::combinators::map_err::MapErr<http_body_util::combinators::map_err::MapErr<tonic::service::recover_error::ResponseBody<tonic::body::Body>, <tonic::status::Status as core::convert::Into<alloc::boxed::Box<dyn core::error::Error + core::marker::Send + core::marker::Sync>>>::into>, <tonic::status::Status>::map_error<alloc::boxed::Box<dyn core::error::Error + core::marker::Send + core::marker::Sync>>> as http_body::Body>::is_end_stream
calls=201 0 
0 4020
0 1206
cfn=(7160) <http_body_util::combinators::map_err::MapErr<http_body_util::combinators::map_err::MapErr<tonic::service::recover_error::ResponseBody<tonic::body::Body>, <tonic::status::Status as core::convert::Into<alloc::boxed::Box<dyn core::error::Error + core::marker::Send + core::marker::Sync>>>::into>, <tonic::status::Status>::map_error<alloc::boxed::Box<dyn core::error::Error + core::marker::Send + core::marker::Sync>>> as http_body::Body>::size_hint
calls=201 0 
0 6432
0 4422
cfn=(7166) <h2::server::SendResponse<hyper::proto::h2::SendBuf<bytes::bytes::Bytes>>>::send_response
calls=201 0 
0 432448
0 11232
cfn=(6968) core::ptr::drop_glue::<hyper_util::service::oneshot::Oneshot<tower::util::map_request::MapRequest<tower::util::boxed_clone::BoxCloneService<http::request::Request<tonic::body::Body>, http::response::Response<tonic::body::Body>, alloc::boxed::Box<dyn core::error::Error + core::marker::Send + core::marker::Sync>>, <tonic::transport::server::Server>::serve_internal<tonic::service::router::Routes, tonic::transport::server::incoming::TcpIncoming, core::future::ready::Ready<()>, tokio::net::tcp::stream::TcpStream, core::io::error::Error, tonic::body::Body>::{closure#0}::{closure#1}>, http::request::Request<hyper::body::incoming::Incoming>>>
calls=201 0 
0 4020
0 2613

fn=(6940) <tower::util::map_future::MapFuture<tonic::transport::server::service::io::ConnectInfo<tonic::transport::server::Svc<tonic::service::recover_error::RecoverError<tower::util::either::Either<tower::load_shed::LoadShed<tower::util::either::Either<tower::limit::concurrency::service::ConcurrencyLimit<tonic::transport::service::grpc_timeout::GrpcTimeout<tonic::service::router::Routes>>, tonic::transport::service::grpc_timeout::GrpcTimeout<tonic::service::router::Routes>>>, tower::util::either::Either<tower::limit::concurrency::service::ConcurrencyLimit<tonic::transport::service::grpc_timeout::GrpcTimeout<tonic::service::router::Routes>>, tonic::transport::service::grpc_timeout::GrpcTimeout<tonic::service::router::Routes>>>>>, tonic::transport::server::service::io::ServerIoConnectInfo<tokio::net::tcp::stream::TcpStream>>, <tower::util::boxed_clone::BoxCloneService<http::request::Request<tonic::body::Body>, http::response::Response<tonic::body::Body>, alloc::boxed::Box<dyn core::error::Error + core::marker::Send + core::marker::Sync>>>::new<tonic::transport::server::service::io::ConnectInfo<tonic::transport::server::Svc<tonic::service::recover_error::RecoverError<tower::util::either::Either<tower::load_shed::LoadShed<tower::util::either::Either<tower::limit::concurrency::service::ConcurrencyLimit<tonic::transport::service::grpc_timeout::GrpcTimeout<tonic::service::router::Routes>>, tonic::transport::service::grpc_timeout::GrpcTimeout<tonic::service::router::Routes>>>, tower::util::either::Either<tower::limit::concurrency::service::ConcurrencyLimit<tonic::transport::service::grpc_timeout::GrpcTimeout<tonic::service::router::Routes>>, tonic::transport::service::grpc_timeout::GrpcTimeout<tonic::service::router::Routes>>>>>, tonic::transport::server::service::io::ServerIoConnectInfo<tokio::net::tcp::stream::TcpStream>>>::{closure#0}> as tower_service::Service<http::request::Request<tonic::body::Body>>>::poll_ready
0 2010
cfn=(6942) <tower::util::either::Either<tower::limit::concurrency::service::ConcurrencyLimit<tonic::transport::service::grpc_timeout::GrpcTimeout<tonic::service::router::Routes>>, tonic::transport::service::grpc_timeout::GrpcTimeout<tonic::service::router::Routes>> as tower_service::Service<http::request::Request<tonic::body::Body>>>::poll_ready
calls=201 0 
0 3819
0 2412

fn=(6944) <http::request::Request<hyper::body::incoming::Incoming>>::map::<<tonic::body::Body>::new<hyper::body::incoming::Incoming>, tonic::body::Body>
0 3819
cfn=(6930)
calls=201 0 
0 12493
0 2814
cob=(2)
cfi=(2)
cfn=(4210)
calls=201 0 
0 8808
0 3606
cob=(2)
cfi=(2)
cfn=(4536)
calls=200 0 
0 5800
0 10
cob=(2)
cfi=(2)
cfn=(4536)
calls=1 0 
0 29
0 1608

fn=(6974) <tonic::service::router::RoutesFuture as core::future::future::Future>::poll
0 7950
cfn=(6990) <axum::util::MapIntoResponseFuture<core::pin::Pin<alloc::boxed::Box<dyn core::future::future::Future<Output = core::result::Result<http::response::Response<tonic::body::Body>, core::convert::Infallible>> + core::marker::Send>>> as core::future::future::Future>::poll
calls=235 0 
0 1426242
0 1741
cfn=(6976) <tower::util::map_future::MapFuture<axum::util::MapIntoResponse<tower::util::map_request::MapRequest<devloop::adoption_rpc::Echo<pbrs_grpc::codec::prost::Message<pbrs_adoption_corpus::prost_types::EntityList>>, <tonic::service::router::Routes>::add_service<devloop::adoption_rpc::Echo<pbrs_grpc::codec::prost::Message<pbrs_adoption_corpus::prost_types::EntityList>>>::{closure#0}>>, <tower::util::boxed_clone_sync::BoxCloneSyncService<http::request::Request<axum_core::body::Body>, http::response::Response<axum_core::body::Body>, core::convert::Infallible>>::new<axum::util::MapIntoResponse<tower::util::map_request::MapRequest<devloop::adoption_rpc::Echo<pbrs_grpc::codec::prost::Message<pbrs_adoption_corpus::prost_types::EntityList>>, <tonic::service::router::Routes>::add_service<devloop::adoption_rpc::Echo<pbrs_grpc::codec::prost::Message<pbrs_adoption_corpus::prost_types::EntityList>>>::{closure#0}>>>::{closure#0}> as tower_service::Service<http::request::Request<axum_core::body::Body>>>::poll_ready
calls=201 0 
0 402
0 2010
cob=(2)
cfi=(2)
cfn=(4536)
calls=201 0 
0 5829
0 603
cfn=(6978) <tower::util::map_future::MapFuture<axum::util::MapIntoResponse<tower::util::map_request::MapRequest<devloop::echo::echo_server::EchoServer<devloop::TonicEchod>, <tonic::service::router::Routes>::add_service<devloop::echo::echo_server::EchoServer<devloop::TonicEchod>>::{closure#0}>>, <tower::util::boxed_clone_sync::BoxCloneSyncService<http::request::Request<axum_core::body::Body>, http::response::Response<axum_core::body::Body>, core::convert::Infallible>>::new<axum::util::MapIntoResponse<tower::util::map_request::MapRequest<devloop::echo::echo_server::EchoServer<devloop::TonicEchod>, <tonic::service::router::Routes>::add_service<devloop::echo::echo_server::EchoServer<devloop::TonicEchod>>::{closure#0}>>>::{closure#0}> as tower_service::Service<http::request::Request<axum_core::body::Body>>>::call
calls=201 0 
0 202184
0 804
cfn=(6986) core::ptr::drop_glue::<tower::util::oneshot::State<tower::util::boxed_clone_sync::BoxCloneSyncService<http::request::Request<axum_core::body::Body>, http::response::Response<axum_core::body::Body>, core::convert::Infallible>, http::request::Request<axum_core::body::Body>>>
calls=201 0 
0 20980
0 1407
cfn=(6990)
calls=201 0 
0 606718
0 4020
cfn=(6986)
calls=201 0 
0 66130
0 16281
cfn=(6982) <http_body_util::combinators::map_err::MapErr<http_body_util::combinators::map_err::MapErr<http_body_util::combinators::map_frame::MapFrame<tonic::body::Body, <tonic::codec::decode::Streaming<pbrs_grpc::codec::prost::Message<pbrs_adoption_corpus::prost_types::EntityList>>>::new<tonic::body::Body, devloop::adoption_rpc::TonicCodec<pbrs_grpc::codec::prost::Message<pbrs_adoption_corpus::prost_types::EntityList>>>::{closure#0}>, <tonic::codec::decode::Streaming<pbrs_grpc::codec::prost::Message<pbrs_adoption_corpus::prost_types::EntityList>>>::new<tonic::body::Body, devloop::adoption_rpc::TonicCodec<pbrs_grpc::codec::prost::Message<pbrs_adoption_corpus::prost_types::EntityList>>>::{closure#1}>, <tonic::status::Status>::map_error<tonic::status::Status>> as http_body::Body>::is_end_stream
calls=201 0 
0 1608
0 5365
cob=(2)
cfi=(2)
cfn=(4210)
calls=201 0 
0 8241
0 5425

fn=(6976)
0 402

fn=(6980) <http::request::Request<axum_core::body::Body>>::map::<<tonic::body::Body>::new<axum_core::body::Body>, tonic::body::Body>
0 2412
cfn=(6982)
calls=201 0 
0 15106
0 1206
cob=(2)
cfi=(2)
cfn=(4210)
calls=201 0 
0 14065
0 2806
cob=(2)
cfi=(2)
cfn=(4536)
calls=200 0 
0 5800
0 6
cob=(2)
cfi=(2)
cfn=(4536)
calls=1 0 
0 29
0 2010

fn=(6994) <tonic::server::grpc::Grpc<tonic_prost::codec::ProstCodec<devloop::echo::EchoReply, devloop::echo::EchoRequest>>>::map_request_unary::<tonic::body::Body>::{closure#0}
0 7947
cob=(2)
cfi=(2)
cfn=(4536)
calls=201 0 
0 5829
0 402
cfn=(6996) <tonic::codec::compression::CompressionEncoding>::from_encoding_header
calls=201 0 
0 73365
0 3801
cob=(2)
cfi=(2)
cfn=(4536)
calls=201 0 
0 5829
0 1005
cob=(2)
cfi=(2)
cfn=(4210)
calls=201 0 
0 24052
0 3214
cfn=(6998) <http_body_util::combinators::map_err::MapErr<axum_core::body::Body, <tonic::status::Status>::map_error<axum_core::error::Error>> as http_body::Body>::is_end_stream
calls=201 0 
0 15910
0 6605
cfn=(7000) <tonic::codec::decode::Streaming<devloop::echo::EchoRequest> as futures_core::stream::Stream>::poll_next
calls=200 0 
0 134578
0 26
cfn=(7000)
calls=1 0 
0 378
0 477
cfn=(7000)
calls=159 0 
0 284290
0 12612
cfn=(6862) bytes::bytes_mut::shared_v_drop
calls=201 0 
0 1005
0 1005
cfn=(6862)
calls=201 0 
0 1005
0 3368
cob=(2)
cfi=(2)
cfn=(4210)
calls=201 0 
0 31792
0 2806
cob=(2)
cfi=(2)
cfn=(4210)
calls=200 0 
0 45234
0 6
cob=(2)
cfi=(2)
cfn=(4210)
calls=1 0 
0 191
0 2010
cfn=(7000)
calls=201 0 
0 190853
0 228
cfn=(7000)
calls=76 0 
0 98572
0 14151
cob=(2)
cfi=(2)
cfn=(4920)
calls=201 0 
0 14923
0 402
cfn=(7098)
calls=201 0 
0 211156
0 8346

fn=(6998)
0 804
cfn=(6982)
calls=201 0 
0 15106
0 2412
cfn=(6982)
calls=603 0 
0 4824

fn=(7002) <tonic_prost::codec::ProstDecoder<devloop::echo::EchoRequest> as tonic::codec::Decoder>::buffer_settings
0 7338

fn=(7014) <http_body_util::combinators::map_err::MapErr<hyper::body::incoming::Incoming, <tonic::status::Status>::map_error<hyper::error::Error>> as http_body::Body>::poll_frame
0 5028
cfn=(7016) <hyper::body::incoming::Incoming as http_body::Body>::poll_frame
calls=838 0 
0 307097
0 18566
cfn=(7016)
calls=603 0 
0 261075
0 12462

fn=(7022)
0 82496

fn=(7026) <h2::proto::streams::state::State>::send_close
0 5628
cfn=(6742)
calls=201 0 
0 804
0 2613
cfn=(6742)
calls=201 0 
0 804
0 1206

fn=(7028)
0 1837
cfn=(6350)
calls=1 0 
0 20
0 608
cfn=(7698) <alloc::sync::Arc<futures_channel::mpsc::BoundedInner<core::convert::Infallible>>>::drop_slow
calls=1 0 
0 344
0 1818
cfn=(7030) <alloc::sync::Arc<hyper::common::watch::Shared>>::drop_slow
calls=202 0 
0 19020

fn=(7032)
0 6044
cfn=(7038) <h2::proto::streams::streams::OpaqueStreamRef as core::ops::drop::Drop>::drop
calls=201 0 
0 45828
0 2814
cfn=(7244) core::ptr::drop_glue::<futures_channel::oneshot::Sender<()>>
calls=201 0 
0 27435
0 1005
cfn=(7034) core::ptr::drop_glue::<hyper::proto::h2::PipeToSendStream<tonic::body::Body>>
calls=201 0 
0 96696
0 2814
cfn=(7046) core::ptr::drop_glue::<futures_channel::oneshot::Receiver<()>>
calls=201 0 
0 9045
0 2
cfn=(7682)
calls=1 0 
0 78
0 4
cfn=(7686) core::ptr::drop_glue::<futures_channel::oneshot::Sender<core::convert::Infallible>>
calls=1 0 
0 194
0 1217
cfn=(7688) core::ptr::drop_glue::<h2::proto::connection::Connection<hyper::common::io::compat::Compat<tonic::transport::channel::service::io::BoxedIo>, h2::client::Peer, hyper::proto::h2::SendBuf<bytes::bytes::Bytes>>>
calls=1 0 
0 6910

fn=(7052) <h2::proto::streams::stream::Stream>::send_data
0 13266
cfn=(7054)
calls=603 0 
0 14673
0 13869

fn=(7088) prost::encoding::varint::decode_varint_slice
0 23115

fn=(7098)
0 6030
cfn=(7100) core::ptr::drop_glue::<http_body_util::combinators::map_err::MapErr<http_body_util::combinators::map_err::MapErr<http_body_util::combinators::map_frame::MapFrame<tonic::body::Body, <tonic::codec::decode::Streaming<pbrs_grpc::codec::prost::Message<pbrs_adoption_corpus::prost_types::EntityList>>>::new<tonic::body::Body, devloop::adoption_rpc::TonicCodec<pbrs_grpc::codec::prost::Message<pbrs_adoption_corpus::prost_types::EntityList>>>::{closure#0}>, <tonic::codec::decode::Streaming<pbrs_grpc::codec::prost::Message<pbrs_adoption_corpus::prost_types::EntityList>>>::new<tonic::body::Body, devloop::adoption_rpc::TonicCodec<pbrs_grpc::codec::prost::Message<pbrs_adoption_corpus::prost_types::EntityList>>>::{closure#1}>, <tonic::status::Status>::map_error<tonic::status::Status>>>
calls=402 0 
0 398887
0 1608
cob=(2)
cfi=(2)
cfn=(4920)
calls=402 0 
0 29426
0 5628
cob=(2)
cfi=(2)
cfn=(4920)
calls=402 0 
0 75768
0 804
cob=(2)
cfi=(2)
cfn=(4920)
calls=402 0 
0 28128
0 1206
cfn=(6562)
calls=201 0 
0 73112
0 5226

fn=(7106) core::ptr::drop_glue::<hyper::body::incoming::Incoming>
0 3618
cfn=(7108) core::ptr::drop_glue::<h2::share::RecvStream>
calls=201 0 
0 70551
0 3618
cfn=(7108)
calls=201 0 
0 248646

fn=(7138) core::ptr::drop_glue::<tonic::transport::service::grpc_timeout::ResponseFuture<tonic::service::router::RoutesFuture>>
0 1206
cfn=(7140) core::ptr::drop_glue::<axum::routing::route::RouteFuture<core::convert::Infallible>>
calls=201 0 
0 5025
0 1407

fn=(7156) <hyper::common::date::CachedDate as core::fmt::Write>::write_str
0 416
cob=(2)
cfi=(2)
cfn=(4536)
calls=32 0 
0 320
0 192

fn=(7160)
0 2010
cfn=(7162) <http_body_util::combinators::map_err::MapErr<axum_core::body::Body, <tonic::status::Status>::map_error<axum_core::error::Error>> as http_body::Body>::size_hint
calls=201 0 
0 3819
0 603

fn=(7188) core::ptr::drop_glue::<<tokio::sync::mpsc::bounded::Sender<core::result::Result<devloop::echo::EchoReply, tonic::status::Status>>>::send::{closure#0}>
0 10452

fn=(7198) tonic::codec::encode::encode_item::<tonic_prost::codec::ProstEncoder<devloop::echo::EchoReply>>
0 32964
cfn=(6770)
calls=804 0 
0 189652
0 3216
cob=(2)
cfi=(2)
cfn=(4920)
calls=804 0 
0 66713
0 12864
cfn=(6774) tonic::codec::encode::finish_encoding
calls=804 0 
0 18492

fn=(7204) <tokio::sync::notify::NotifyGuard>::notify_waiters
0 6996

fn=(7212) <http::header::map::HeaderMap>::try_with_capacity
0 6432
cob=(2)
cfi=(2)
cfn=(4210)
calls=201 0 
0 10072
0 8440
cob=(2)
cfi=(2)
cfn=(4210)
calls=201 0 
0 13657
0 5023

fn=(7222) h2::frame::headers::calculate_headermap_size
0 10854

fn=(7242) core::ptr::drop_glue::<hyper::client::dispatch::Callback<http::request::Request<tonic::body::Body>, http::response::Response<hyper::body::incoming::Incoming>>>
0 5226

fn=(7246) <alloc::sync::Arc<futures_channel::oneshot::Inner<()>>>::drop_slow
0 3838
cob=(2)
cfi=(2)
cfn=(4920)
calls=202 0 
0 15440

fn=(7280) core::ptr::drop_glue::<tonic::transport::channel::ResponseFuture>
0 3618
cfn=(7102) core::ptr::drop_glue::<core::pin::Pin<alloc::boxed::Box<dyn core::future::future::Future<Output = core::result::Result<http::response::Response<tonic::body::Body>, alloc::boxed::Box<dyn core::error::Error + core::marker::Send + core::marker::Sync>>> + core::marker::Send>>>
calls=201 0 
0 45003
0 1809
cob=(2)
cfi=(2)
cfn=(4920)
calls=201 0 
0 24493

fn=(7550)
0 11
cfn=(7552) std::io::stdio::print_to_buffer_if_capture_used
calls=1 0 
0 20
0 10
cfn=(7554) <&std::io::stdio::Stderr as core::io::write::Write>::write_fmt
calls=1 0 
0 501
0 7

fn=(7566) core::ptr::drop_glue::<devloop::cmd_run_cell::{closure#1}>
0 5

fn=(7586) core::ptr::drop_glue::<<tonic::transport::server::Router>::serve_with_incoming<tokio_stream::wrappers::tcp_listener::TcpListenerStream, tokio::net::tcp::stream::TcpStream, core::io::error::Error, tonic::body::Body>::{closure#0}>
0 11
cfn=(7588)
calls=1 0 
0 944
0 5

fn=(7644) <h2::proto::streams::store::Queue<h2::proto::streams::stream::NextResetExpire>>::pop::<h2::proto::streams::store::Store>
0 12

fn=(7674) <tokio::runtime::task::harness::Harness<tonic::transport::server::serve_connection<tonic::body::Body, hyper_util::rt::tokio::TokioIo<tonic::transport::server::service::io::ServerIo<tokio::net::tcp::stream::TcpStream>>, hyper_util::service::glue::TowerToHyperService<tower::util::map_request::MapRequest<tower::util::boxed_clone::BoxCloneService<http::request::Request<tonic::body::Body>, http::response::Response<tonic::body::Body>, alloc::boxed::Box<dyn core::error::Error + core::marker::Send + core::marker::Sync>>, <tonic::transport::server::Server>::serve_internal<tonic::service::router::Routes, tonic::transport::server::incoming::TcpIncoming, core::future::ready::Ready<()>, tokio::net::tcp::stream::TcpStream, core::io::error::Error, tonic::body::Body>::{closure#0}::{closure#1}>>, hyper_util::rt::tokio::TokioExecutor>::{closure#0}, alloc::sync::Arc<tokio::runtime::scheduler::multi_thread::handle::Handle>>>::complete
0 22
cfn=(7610) <tokio::runtime::task::core::Core<tonic::transport::server::serve_connection<tonic::body::Body, hyper_util::rt::tokio::TokioIo<tonic::transport::server::service::io::ServerIo<tokio::net::tcp::stream::TcpStream>>, hyper_util::service::glue::TowerToHyperService<tower::util::map_request::MapRequest<tower::util::boxed_clone::BoxCloneService<http::request::Request<tonic::body::Body>, http::response::Response<tonic::body::Body>, alloc::boxed::Box<dyn core::error::Error + core::marker::Send + core::marker::Sync>>, <tonic::transport::server::Server>::serve_internal<tonic::service::router::Routes, tonic::transport::server::incoming::TcpIncoming, core::future::ready::Ready<()>, tokio::net::tcp::stream::TcpStream, core::io::error::Error, tonic::body::Body>::{closure#0}::{closure#1}>>, hyper_util::rt::tokio::TokioExecutor>::{closure#0}, alloc::sync::Arc<tokio::runtime::scheduler::current_thread::Handle>>>::set_stage
calls=1 0 
0 289
0 5
cfn=(7050)
calls=1 0 
0 56
0 13
cfn=(7676) core::ptr::drop_glue::<tokio::runtime::task::core::Cell<tonic::transport::server::serve_connection<tonic::body::Body, hyper_util::rt::tokio::TokioIo<tonic::transport::server::service::io::ServerIo<tokio::net::tcp::stream::TcpStream>>, hyper_util::service::glue::TowerToHyperService<tower::util::map_request::MapRequest<tower::util::boxed_clone::BoxCloneService<http::request::Request<tonic::body::Body>, http::response::Response<tonic::body::Body>, alloc::boxed::Box<dyn core::error::Error + core::marker::Send + core::marker::Sync>>, <tonic::transport::server::Server>::serve_internal<tonic::service::router::Routes, tonic::transport::server::incoming::TcpIncoming, core::future::ready::Ready<()>, tokio::net::tcp::stream::TcpStream, core::io::error::Error, tonic::body::Body>::{closure#0}::{closure#1}>>, hyper_util::rt::tokio::TokioExecutor>::{closure#0}, alloc::sync::Arc<tokio::runtime::scheduler::multi_thread::handle::Handle>>>
calls=1 0 
0 26
0 2
cob=(2)
cfi=(2)
cfn=(4920)
calls=1 0 
0 200
0 6

fn=(7688)
0 10
cfn=(7628) <h2::proto::streams::streams::DynStreams<hyper::proto::h2::SendBuf<bytes::bytes::Bytes>>>::recv_eof
calls=1 0 
0 896
0 2
cfn=(7690) core::ptr::drop_glue::<tokio_util::codec::framed_read::FramedRead<h2::codec::framed_write::FramedWrite<hyper::common::io::compat::Compat<tonic::transport::channel::service::io::BoxedIo>, h2::proto::streams::prioritize::Prioritized<hyper::proto::h2::SendBuf<bytes::bytes::Bytes>>>, tokio_util::codec::length_delimited::LengthDelimitedCodec>>
calls=1 0 
0 1448
0 2
cfn=(7652) core::ptr::drop_glue::<h2::hpack::decoder::Decoder>
calls=1 0 
0 4455
0 2
cfn=(7654) core::ptr::drop_glue::<core::option::Option<h2::codec::framed_read::Partial>>
calls=1 0 
0 10
0 6
cfn=(7656) core::ptr::drop_glue::<h2::proto::connection::ConnectionInner<h2::client::Peer, hyper::proto::h2::SendBuf<bytes::bytes::Bytes>>>
calls=1 0 
0 79

fn=(7700)
0 37
cfn=(7246)
calls=1 0 
0 84

fn=(7746) core::ptr::drop_glue::<tokio::runtime::task::core::Cell<tokio::runtime::blocking::task::BlockingTask<<tokio::runtime::scheduler::multi_thread::worker::Launch>::launch::{closure#0}>, tokio::runtime::blocking::schedule::BlockingSchedule>>
0 104

fn=(4172) std::rt::lang_start_internal
0 37
cob=(2)
cfi=(2)
cfn=(4174) poll
calls=1 0 
0 28
0 37
cob=(2)
cfi=(2)
cfn=(4188) signal
calls=1 0 
0 124
0 4
cob=(2)
cfi=(2)
cfn=(4194) sysconf
calls=1 0 
0 52
0 8
cob=(2)
cfi=(2)
cfn=(4198) pthread_self
calls=1 0 
0 2
0 3
cob=(2)
cfi=(2)
cfn=(4200) pthread_getattr_np
calls=1 0 
0 98306
0 11
cob=(2)
cfi=(2)
cfn=(5010) pthread_attr_getstack
calls=1 0 
0 8
0 6
cob=(2)
cfi=(2)
cfn=(5012) pthread_attr_destroy
calls=1 0 
0 144
0 35
cob=(2)
cfi=(2)
cfn=(4190) sigaction
calls=1 0 
0 68
0 8
cfn=(5014) std::sys::pal::unix::stack_overflow::imp::make_handler
calls=1 0 
0 240
0 5
cfn=(5024) std::sys::pal::unix::stack_overflow::thread_info::set_current_info
calls=1 0 
0 482
0 8
cob=(2)
cfi=(2)
cfn=(4190)
calls=1 0 
0 68
0 4
cob=(2)
cfi=(2)
cfn=(4190)
calls=1 0 
0 68
0 12
cob=(2)
cfi=(2)
cfn=(4190)
calls=1 0 
0 68
0 7
cfn=(5036) std::rt::lang_start::<()>::{closure#0}
calls=1 0 
0 3782210
0 5
cob=(2)
cfi=(2)
cfn=(5034) __errno_location
calls=1 0 
0 3
0 22
cfn=(8012) <std::sys::sync::once::futex::Once>::call
calls=1 0 
0 155
0 1

fn=(4146) 0x0000000000259220
0 12

fn=(5114) std::thread::functions::available_parallelism
0 10
cob=(2)
cfi=(2)
cfn=(4210)
calls=1 0 
0 187
0 51
cfn=(5116) <std::sys::fs::unix::File>::open_c
calls=1 0 
0 109
0 6
cfn=(5120) std::fs::buffer_capacity_required
calls=1 0 
0 166
0 11
cfn=(5128)
calls=1 0 
0 221
0 4
cob=(2)
cfi=(2)
cfn=(5132)
calls=1 0 
0 30
0 117
cob=(2)
cfi=(2)
cfn=(4920)
calls=1 0 
0 65
0 15
cob=(2)
cfi=(2)
cfn=(5164) sched_getaffinity
calls=1 0 
0 40
0 158
cob=(2)
cfi=(2)
cfn=(4210)
calls=1 0 
0 187
0 10
cob=(2)
cfi=(2)
cfn=(4210)
calls=1 0 
0 190
0 37
cfn=(5134) std::sys::fs::metadata
calls=1 0 
0 252
0 4
cfn=(5136) <std::path::PathBuf>::pop
calls=1 0 
0 425
0 13
cfn=(5144) <std::path::Path>::_starts_with
calls=1 0 
0 1143
0 7
cfn=(5144)
calls=1 0 
0 901
0 33
cob=(2)
cfi=(2)
cfn=(4536)
calls=1 0 
0 10
0 66
cfn=(5116)
calls=1 0 
0 109
0 10
cfn=(5160) <&std::fs::File as alloc::io::read::Read>::read_to_string
calls=1 0 
0 574
0 4
cob=(2)
cfi=(2)
cfn=(5132)
calls=1 0 
0 30
0 4
cfn=(5136)
calls=1 0 
0 359
0 2
cfn=(5136)
calls=1 0 
0 331
0 395
cob=(2)
cfi=(2)
cfn=(4920)
calls=1 0 
0 65
0 4
cob=(2)
cfi=(2)
cfn=(4920)
calls=1 0 
0 65
0 2

fn=(5298) <alloc::raw_vec::RawVec<usize>>::grow_one
0 45
cfn=(5300)
calls=3 0 
0 413
0 27

fn=(5306) <alloc::sync::Arc<tokio::runtime::scheduler::multi_thread::park::Inner>>::drop_slow
0 27
cfn=(7922) <alloc::sync::Arc<tokio::runtime::scheduler::multi_thread::park::Shared>>::drop_slow
calls=1 0 
0 324
0 35
cob=(2)
cfi=(2)
cfn=(4920)
calls=5 0 
0 481

fn=(5396) <alloc::raw_vec::RawVec<tokio::runtime::blocking::pool::Task>>::grow_one
0 15
cfn=(5300)
calls=1 0 
0 257
0 9

fn=(5666) <tokio::runtime::runtime::Runtime>::enter
0 17
cfn=(5668)
calls=1 0 
0 33
0 13

fn=(5698)
0 36
cfn=(5344)
calls=3 0 
0 87
0 75
cfn=(5700) <tokio::runtime::io::registration_set::RegistrationSet>::allocate
calls=3 0 
0 1734
0 75
cob=(2)
cfi=(2)
cfn=(5174) epoll_ctl
calls=3 0 
0 18
0 45

fn=(5730) <core::fmt::Formatter>::pad_integral
0 175
cfn=(5732) <core::fmt::Formatter>::pad_integral::write_prefix
calls=5 0 
0 105
0 80
cfn=(5718)
calls=5 0 
0 216

fn=(5770)
0 15
cob=(2)
cfi=(2)
cfn=(4210)
calls=1 0 
0 229
0 16
cfn=(5058)
calls=1 0 
0 76
0 10
cob=(2)
cfi=(2)
cfn=(4210)
calls=1 0 
0 187
0 10
cob=(2)
cfi=(2)
cfn=(4536)
calls=1 0 
0 10
0 5
cfn=(5776)
calls=1 0 
0 148
0 11
cob=(2)
cfi=(2)
cfn=(4210)
calls=1 0 
0 41
0 10
cob=(2)
cfi=(2)
cfn=(4536)
calls=1 0 
0 10
0 13
cfn=(5778) <http::uri::Uri>::from_shared
calls=1 0 
0 741
0 4
cob=(2)
cfi=(2)
cfn=(4920)
calls=1 0 
0 65
0 36
cfn=(5788) <tonic::transport::channel::endpoint::Endpoint>::new_uri
calls=1 0 
0 207
0 10

fn=(5830) http::uri::authority::host
0 19
cfn=(5832) <core::str::iter::SplitInternal<char>>::next_back
calls=1 0 
0 202
0 83

fn=(5846) <hyper_util::client::legacy::connect::http::ConnectingTcpRemote>::connect::{closure#0}
0 74
cfn=(5848) hyper_util::client::legacy::connect::http::connect
calls=1 0 
0 166
0 17
cob=(2)
cfi=(2)
cfn=(4536)
calls=1 0 
0 52
0 14
cob=(2)
cfi=(2)
cfn=(4536)
calls=1 0 
0 52
0 27
cfn=(5850) <tokio::net::tcp::socket::TcpSocket>::connect::{closure#0}
calls=1 0 
0 1009
0 5
cfn=(5850)
calls=1 0 
0 162
0 22
cfn=(6452)
calls=1 0 
0 10
0 60

fn=(6188) <tower::util::map_future::MapFuture<axum::util::MapIntoResponse<axum::routing::not_found::NotFound>, <tower::util::boxed_clone_sync::BoxCloneSyncService<http::request::Request<axum_core::body::Body>, http::response::Response<axum_core::body::Body>, core::convert::Infallible>>::new<axum::util::MapIntoResponse<axum::routing::not_found::NotFound>>::{closure#0}> as tower::util::boxed_clone_sync::CloneService<http::request::Request<axum_core::body::Body>>>::clone_box
0 3

fn=(6198) axum::routing::path_router::validate_path
0 520

fn=(6226)
0 14
cfn=(6228) <alloc::raw_vec::RawVec<matchit::tree::Node<axum::routing::RouteId>>>::grow_one
calls=1 0 
0 270
0 9
cob=(2)
cfi=(2)
cfn=(4536)
calls=1 0 
0 29
0 23
cfn=(6228)
calls=1 0 
0 270
0 9
cob=(2)
cfi=(2)
cfn=(4536)
calls=1 0 
0 29
0 9

fn=(6228)
0 30
cfn=(5300)
calls=2 0 
0 492
0 18

fn=(6240)
0 88
cfn=(5718)
calls=2 0 
0 316
cfn=(7556)
calls=1 0 
0 109
cfn=(5718)
calls=1 0 
0 40

fn=(6336) <tokio::runtime::scheduler::multi_thread::worker::Context>::park_internal
0 55128
cfn=(7430) <tokio::runtime::driver::Driver>::park_timeout
calls=50 0 
0 26314
0 29856
cfn=(6338) <tokio::runtime::driver::Driver>::park
calls=1102 0 
0 676768
0 41108
cob=(2)
cfi=(2)
cfn=(6426)
calls=784 0 
0 8624
0 85123
cfn=(5712)
calls=10 0 
0 170
0 17570

fn=(6338)
0 9918
cfn=(6340)
calls=1102 0 
0 666850

fn=(6370) <tokio::net::tcp::stream::TcpStream as tonic::transport::server::conn::Connected>::connect_info
0 11
cfn=(5702)
calls=1 0 
0 45
0 10
cfn=(6372) <std::sys::net::connection::socket::TcpStream>::peer_addr
calls=1 0 
0 45
0 23

fn=(6438) <hyper::common::io::compat::Compat<hyper_util::common::rewind::Rewind<hyper_util::rt::tokio::TokioIo<tonic::transport::server::service::io::ServerIo<tokio::net::tcp::stream::TcpStream>>>> as tokio::io::async_read::AsyncRead>::poll_read
0 28139
cfn=(6440) <hyper_util::common::rewind::Rewind<hyper_util::rt::tokio::TokioIo<tonic::transport::server::service::io::ServerIo<tokio::net::tcp::stream::TcpStream>>> as hyper::rt::io::Read>::poll_read
calls=1481 0 
0 339328
0 20160

fn=(6460) core::ptr::drop_glue::<<tonic::transport::channel::service::connector::Connector<tonic::transport::channel::uds_connector::UdsConnector> as tower_service::Service<http::uri::Uri>>::call::{closure#0}>
0 12

fn=(6462) <hyper::client::conn::http2::Builder<tonic::transport::channel::service::executor::SharedExec>>::handshake::<tonic::transport::channel::service::io::BoxedIo, tonic::body::Body>::{closure#0}
0 25
cob=(2)
cfi=(2)
cfn=(4210)
calls=1 0 
0 258
0 28
cob=(2)
cfi=(2)
cfn=(5224)
calls=1 0 
0 649
0 12
cob=(2)
cfi=(2)
cfn=(4536)
calls=1 0 
0 76
0 6
cob=(2)
cfi=(2)
cfn=(4210)
calls=1 0 
0 41
0 56
cfn=(6466)
calls=1 0 
0 69
0 6
cob=(2)
cfi=(2)
cfn=(4536)
calls=1 0 
0 29
0 18
cob=(2)
cfi=(2)
cfn=(4536)
calls=1 0 
0 29
0 25
cfn=(6468) <hyper_util::rt::tokio::TokioIo<tokio::net::tcp::stream::TcpStream> as hyper::rt::io::Write>::poll_write
calls=1 0 
0 175
0 24
cfn=(6474) <hyper_util::rt::tokio::TokioIo<tokio::net::tcp::stream::TcpStream> as hyper::rt::io::Write>::is_write_vectored
calls=1 0 
0 2
0 17
cob=(2)
cfi=(2)
cfn=(4210)
calls=1 0 
0 263
0 16
cob=(2)
cfi=(2)
cfn=(4536)
calls=1 0 
0 29
0 4
cob=(2)
cfi=(2)
cfn=(4536)
calls=1 0 
0 29
0 19
cob=(2)
cfi=(2)
cfn=(4210)
calls=1 0 
0 182
0 11
cob=(2)
cfi=(2)
cfn=(4536)
calls=1 0 
0 29
0 12
cob=(2)
cfi=(2)
cfn=(4536)
calls=1 0 
0 29
0 31
cob=(2)
cfi=(2)
cfn=(4210)
calls=1 0 
0 182
0 16
cob=(2)
cfi=(2)
cfn=(4536)
calls=1 0 
0 29
0 108
cfn=(6400) <h2::codec::framed_write::Encoder<h2::proto::streams::prioritize::Prioritized<hyper::proto::h2::SendBuf<bytes::bytes::Bytes>>>>::buffer
calls=1 0 
0 345
0 7
cob=(2)
cfi=(2)
cfn=(4536)
calls=1 0 
0 124
0 56
cfn=(6476) <h2::proto::streams::streams::Inner>::new
calls=1 0 
0 690
0 13
cob=(2)
cfi=(2)
cfn=(4210)
calls=1 0 
0 41
0 24
cfn=(6480)
calls=1 0 
0 37
0 3
cfn=(6484) <tracing::span::Span>::follows_from::<tracing::span::Span>
calls=1 0 
0 22
0 4
cob=(2)
cfi=(2)
cfn=(4536)
calls=1 0 
0 124
0 72
cob=(2)
cfi=(2)
cfn=(4536)
calls=1 0 
0 148
0 5
cfn=(6486) <h2::client::Connection<hyper::common::io::compat::Compat<tonic::transport::channel::service::io::BoxedIo>, hyper::proto::h2::SendBuf<bytes::bytes::Bytes>>>::set_target_window_size
calls=1 0 
0 84
0 20
cob=(2)
cfi=(2)
cfn=(4536)
calls=1 0 
0 148
0 17
cob=(2)
cfi=(2)
cfn=(4536)
calls=1 0 
0 148
0 20
cob=(2)
cfi=(2)
cfn=(4536)
calls=1 0 
0 148
0 2
cfn=(6490) core::ptr::drop_glue::<<h2::client::Connection<hyper::common::io::compat::Compat<tonic::transport::channel::service::io::BoxedIo>, hyper::proto::h2::SendBuf<bytes::bytes::Bytes>>>::handshake2::{closure#0}>
calls=1 0 
0 17
0 18
cob=(2)
cfi=(2)
cfn=(4536)
calls=1 0 
0 148
0 6
cob=(2)
cfi=(2)
cfn=(4210)
calls=1 0 
0 183
0 9
cob=(2)
cfi=(2)
cfn=(4210)
calls=1 0 
0 189
0 22
cob=(2)
cfi=(2)
cfn=(4210)
calls=1 0 
0 189
0 24
cob=(2)
cfi=(2)
cfn=(4210)
calls=1 0 
0 133
0 24
cob=(2)
cfi=(2)
cfn=(4210)
calls=1 0 
0 133
0 32
cob=(2)
cfi=(2)
cfn=(4536)
calls=1 0 
0 148
0 6
cob=(2)
cfi=(2)
cfn=(4536)
calls=1 0 
0 148
0 26
cob=(2)
cfi=(2)
cfn=(4210)
calls=1 0 
0 368
0 15
cob=(2)
cfi=(2)
cfn=(4536)
calls=1 0 
0 172
0 4
cfn=(6494)
calls=1 0 
0 952
0 46
cfn=(6506)
calls=1 0 
0 17
0 62

fn=(6474)
0 1210

fn=(8010) core::ptr::drop_glue::<tokio::runtime::blocking::shutdown::Receiver>
0 10

fn=(6566) core::ptr::drop_glue::<alloc::vec::Vec<http::header::map::ExtraValue<http::header::value::HeaderValue>>>
0 47034

fn=(6570)
0 5226
cfn=(6572)
calls=402 0 
0 38186
0 2814
cfn=(6574)
calls=402 0 
0 9648
0 46431
cfn=(6572)
calls=603 0 
0 44095
0 4221
cfn=(6574)
calls=603 0 
0 25728
0 57888

fn=(6578)
0 4497
cob=(2)
cfi=(2)
cfn=(4210)
calls=1 0 
0 263
0 130

fn=(6600) <h2::server::Connection<hyper::common::io::compat::Compat<hyper_util::common::rewind::Rewind<hyper_util::rt::tokio::TokioIo<tonic::transport::server::service::io::ServerIo<tokio::net::tcp::stream::TcpStream>>>>, hyper::proto::h2::SendBuf<bytes::bytes::Bytes>>>::poll_accept
0 11374
cfn=(6602) <h2::proto::connection::Connection<hyper::common::io::compat::Compat<hyper_util::common::rewind::Rewind<hyper_util::rt::tokio::TokioIo<tonic::transport::server::service::io::ServerIo<tokio::net::tcp::stream::TcpStream>>>>, h2::server::Peer, hyper::proto::h2::SendBuf<bytes::bytes::Bytes>>>::poll
calls=1034 0 
0 5379244
0 33088
cfn=(6616) <h2::proto::streams::store::Queue<h2::proto::streams::stream::NextAccept>>::pop::<h2::proto::streams::store::Store>
calls=1034 0 
0 12234
0 8098
cfn=(6754)
calls=201 0 
0 6432
0 30616
cfn=(6922) <h2::proto::streams::recv::Recv>::take_request
calls=201 0 
0 35259
0 2814
cob=(2)
cfi=(2)
cfn=(4536)
calls=201 0 
0 5829
0 603
cfn=(6758)
calls=201 0 
0 13065
0 1608
cob=(2)
cfi=(2)
cfn=(4536)
calls=201 0 
0 5829
0 1809
cob=(2)
cfi=(2)
cfn=(4536)
calls=201 0 
0 5829
0 804
cob=(2)
cfi=(2)
cfn=(4536)
calls=201 0 
0 10452
0 1867

fn=(6612) <h2::proto::streams::prioritize::Prioritize>::pop_frame::<hyper::proto::h2::SendBuf<bytes::bytes::Bytes>>
0 133004
cfn=(6614) <h2::proto::streams::store::Queue<h2::proto::streams::stream::NextSend>>::pop::<h2::proto::streams::store::Store>
calls=3244 0 
0 55644
0 57140
cfn=(6822)
calls=1206 0 
0 216416
0 54153
cob=(2)
cfi=(2)
cfn=(4536)
calls=603 0 
0 38592
0 6030
cob=(2)
cfi=(2)
cfn=(4536)
calls=603 0 
0 31356
0 16884
cfn=(7052)
calls=603 0 
0 41808
0 12663
cfn=(7054)
calls=603 0 
0 14673
0 43624
cfn=(7022)
calls=409 0 
0 20041
0 4824
cfn=(6824) <h2::proto::streams::counts::Counts>::transition_after
calls=1206 0 
0 148432
0 4824
cob=(2)
cfi=(2)
cfn=(4536)
calls=1206 0 
0 77184
0 39302

fn=(6622) <h2::proto::streams::streams::Streams<hyper::proto::h2::SendBuf<bytes::bytes::Bytes>, h2::client::Peer>>::has_streams_or_other_references
0 119268

fn=(6628) <tokio_util::codec::length_delimited::LengthDelimitedCodec as tokio_util::codec::decoder::Decoder>::decode
0 31740
cfn=(6630)
calls=1212 0 
0 53724
0 109635
cob=(2)
cfi=(2)
cfn=(4536)
calls=1212 0 
0 20604
0 50715
cfn=(6832)
calls=228 0 
0 96696
0 26097

fn=(6632) h2::codec::framed_read::decode_frame
0 127705
cfn=(6856) <h2::frame::headers::HeaderBlock>::load
calls=603 0 
0 1366585
0 36230
cob=(2)
cfi=(2)
cfn=(4536)
calls=603 0 
0 17487
0 8442
cfn=(6892) <bytes::bytes_mut::BytesMut as core::ops::drop::Drop>::drop
calls=603 0 
0 5427
0 30753
cob=(2)
cfi=(2)
cfn=(4536)
calls=603 0 
0 17487
0 4872
cob=(2)
cfi=(2)
cfn=(4536)
calls=609 0 
0 17661
0 79806

fn=(6688) <tonic::transport::channel::service::connection::SendRequest as tower_service::Service<http::request::Request<tonic::body::Body>>>::call
0 3015
cob=(2)
cfi=(2)
cfn=(4210)
calls=201 0 
0 41107
0 2406
cob=(2)
cfi=(2)
cfn=(4536)
calls=200 0 
0 5800
0 4
cob=(2)
cfi=(2)
cfn=(4536)
calls=1 0 
0 29
0 1809
cob=(2)
cfi=(2)
cfn=(4536)
calls=201 0 
0 5829
0 2814
cob=(2)
cfi=(2)
cfn=(4536)
calls=201 0 
0 5829
0 2877
cob=(2)
cfi=(2)
cfn=(4210)
calls=1 0 
0 257
0 196
cob=(2)
cfi=(2)
cfn=(4536)
calls=6 0 
0 174
0 1755
cob=(2)
cfi=(2)
cfn=(4536)
calls=195 0 
0 5655
0 4623
cfn=(6350)
calls=201 0 
0 18291
0 1407
cob=(2)
cfi=(2)
cfn=(4536)
calls=201 0 
0 5829
0 804
cob=(2)
cfi=(2)
cfn=(4210)
calls=201 0 
0 18599
0 2405
cob=(2)
cfi=(2)
cfn=(4536)
calls=200 0 
0 15188
0 5
cob=(2)
cfi=(2)
cfn=(4536)
calls=1 0 
0 76
0 2010

fn=(6702)
0 1608

fn=(6710)
0 5628
cfn=(6478) <h2::proto::streams::flow_control::FlowControl>::inc_window
calls=402 0 
0 7638
0 3216
cfn=(6478)
calls=402 0 
0 7638
0 14874

fn=(6722) <alloc::raw_vec::RawVec<slab::Entry<h2::proto::streams::stream::Stream>>>::grow_one
0 30
cfn=(5300)
calls=2 0 
0 476
0 18

fn=(6736)
0 27135
cfn=(6574)
calls=1809 0 
0 43416
0 92862

fn=(6740)
0 15075
cfn=(6574)
calls=1005 0 
0 24120
0 64923
cfn=(6574)
calls=804 0 
0 75777
0 29949
cob=(2)
cfi=(2)
cfn=(5150)
calls=201 0 
0 3618
0 8844
cfn=(5786)
calls=804 0 
0 804
0 7236

fn=(6774)
0 23115

fn=(6786) <h2::share::SendStream<hyper::proto::h2::SendBuf<bytes::bytes::Bytes>>>::poll_capacity
0 6464
cfn=(6788) <h2::proto::streams::send::Send>::poll_capacity
calls=202 0 
0 13534
0 5050

fn=(6830)
0 125223
cfn=(6850)
calls=603 0 
0 13869
0 603

fn=(6844)
0 60
cfn=(5300)
calls=4 0 
0 2453
0 36

fn=(6848)
0 6834
cfn=(6846)
calls=201 0 
0 137712

fn=(6860) h2::hpack::decoder::take
0 30954
cfn=(6630)
calls=2211 0 
0 97284
0 77385

fn=(6866)
0 804

fn=(6890)
0 30753
cob=(2)
cfi=(2)
cfn=(4210)
calls=603 0 
0 26042
0 10848
cob=(2)
cfi=(2)
cfn=(4210)
calls=603 0 
0 67950
0 7218
cfn=(6564)
calls=600 0 
0 7800
0 12
cfn=(6564)
calls=3 0 
0 39
0 6030
cfn=(6574)
calls=603 0 
0 25728
0 3015
cfn=(6574)
calls=603 0 
0 14472
0 113364

fn=(6894) <h2::proto::streams::recv::Recv>::open
0 6432

fn=(6904)
0 16683
cfn=(6876)
calls=201 0 
0 2010
0 2211
cfn=(6906) <http::uri::authority::Authority>::from_shared
calls=201 0 
0 44823
0 4020
cfn=(6862)
calls=201 0 
0 1005
0 4020
cfn=(6908) <http::uri::scheme::Scheme as core::str::traits::FromStr>::from_str
calls=201 0 
0 6231
0 8241
cfn=(5786)
calls=201 0 
0 201
0 3216
cfn=(6876)
calls=201 0 
0 2010
0 804
cfn=(6910) <http::uri::path::PathAndQuery>::from_maybe_shared::<bytes::bytes::Bytes>
calls=201 0 
0 70551
0 5226
cfn=(6862)
calls=201 0 
0 1005
0 2613
cob=(2)
cfi=(2)
cfn=(4536)
calls=201 0 
0 5829
0 804
cob=(2)
cfi=(2)
cfn=(4536)
calls=201 0 
0 5829
0 6231
cfn=(6558)
calls=201 0 
0 11256
0 4020
cfn=(5806)
calls=201 0 
0 4221
0 4221
cob=(2)
cfi=(2)
cfn=(4536)
calls=201 0 
0 5829
0 1005
cob=(2)
cfi=(2)
cfn=(4536)
calls=201 0 
0 5829
0 804
cob=(2)
cfi=(2)
cfn=(4536)
calls=201 0 
0 5829
0 1206
cfn=(6562)
calls=201 0 
0 9849
0 4020
cob=(2)
cfi=(2)
cfn=(4536)
calls=201 0 
0 5829
0 1206

fn=(6914)
0 12677
cfn=(6916)
calls=2 0 
0 524
0 25
cob=(2)
cfi=(2)
cfn=(4536)
calls=5 0 
0 145
0 19663
cob=(2)
cfi=(2)
cfn=(4536)
calls=1402 0 
0 40658

fn=(6938)
0 7950
cfn=(6972) <tonic::transport::server::SvcFuture<tonic::service::recover_error::ResponseFuture<tower::util::either::EitherResponseFuture<tower::load_shed::future::ResponseFuture<tower::util::either::EitherResponseFuture<tower::limit::concurrency::future::ResponseFuture<tonic::transport::service::grpc_timeout::ResponseFuture<tonic::service::router::RoutesFuture>>, tonic::transport::service::grpc_timeout::ResponseFuture<tonic::service::router::RoutesFuture>>>, tower::util::either::EitherResponseFuture<tower::limit::concurrency::future::ResponseFuture<tonic::transport::service::grpc_timeout::ResponseFuture<tonic::service::router::RoutesFuture>>, tonic::transport::service::grpc_timeout::ResponseFuture<tonic::service::router::RoutesFuture>>>>> as core::future::future::Future>::poll
calls=235 0 
0 1552328
0 402
cfn=(6972)
calls=201 0 
0 875684
0 5931
cfn=(6968)
calls=201 0 
0 33165
0 4824
cfn=(6940)
calls=201 0 
0 8241
0 6571
cob=(2)
cfi=(2)
cfn=(4536)
calls=201 0 
0 5829
0 804
cfn=(6944)
calls=201 0 
0 38987
0 603
cfn=(6946) <tower::util::map_future::MapFuture<tonic::transport::server::service::io::ConnectInfo<tonic::transport::server::Svc<tonic::service::recover_error::RecoverError<tower::util::either::Either<tower::load_shed::LoadShed<tower::util::either::Either<tower::limit::concurrency::service::ConcurrencyLimit<tonic::transport::service::grpc_timeout::GrpcTimeout<tonic::service::router::Routes>>, tonic::transport::service::grpc_timeout::GrpcTimeout<tonic::service::router::Routes>>>, tower::util::either::Either<tower::limit::concurrency::service::ConcurrencyLimit<tonic::transport::service::grpc_timeout::GrpcTimeout<tonic::service::router::Routes>>, tonic::transport::service::grpc_timeout::GrpcTimeout<tonic::service::router::Routes>>>>>, tonic::transport::server::service::io::ServerIoConnectInfo<tokio::net::tcp::stream::TcpStream>>, <tower::util::boxed_clone::BoxCloneService<http::request::Request<tonic::body::Body>, http::response::Response<tonic::body::Body>, alloc::boxed::Box<dyn core::error::Error + core::marker::Send + core::marker::Sync>>>::new<tonic::transport::server::service::io::ConnectInfo<tonic::transport::server::Svc<tonic::service::recover_error::RecoverError<tower::util::either::Either<tower::load_shed::LoadShed<tower::util::either::Either<tower::limit::concurrency::service::ConcurrencyLimit<tonic::transport::service::grpc_timeout::GrpcTimeout<tonic::service::router::Routes>>, tonic::transport::service::grpc_timeout::GrpcTimeout<tonic::service::router::Routes>>>, tower::util::either::Either<tower::limit::concurrency::service::ConcurrencyLimit<tonic::transport::service::grpc_timeout::GrpcTimeout<tonic::service::router::Routes>>, tonic::transport::service::grpc_timeout::GrpcTimeout<tonic::service::router::Routes>>>>>, tonic::transport::server::service::io::ServerIoConnectInfo<tokio::net::tcp::stream::TcpStream>>>::{closure#0}> as tower_service::Service<http::request::Request<tonic::body::Body>>>::call
calls=201 0 
0 651787
0 804
cfn=(6968)
calls=201 0 
0 24933
0 1206

fn=(6946)
0 4422
cob=(2)
cfi=(2)
cfn=(4210)
calls=201 0 
0 9155
0 3206
cob=(2)
cfi=(2)
cfn=(4210)
calls=200 0 
0 13612
0 8
cob=(2)
cfi=(2)
cfn=(4210)
calls=1 0 
0 213
0 4005
cfn=(6550) <hashbrown::map::HashMap<core::any::TypeId, alloc::boxed::Box<dyn http::extensions::AnyClone + core::marker::Send + core::marker::Sync>, core::hash::BuildHasherDefault<http::extensions::IdHasher>>>::insert
calls=200 0 
0 47000
0 13
cfn=(6550)
calls=1 0 
0 233
0 1206
cob=(2)
cfi=(2)
cfn=(4536)
calls=201 0 
0 5829
0 1809
cfn=(6948) <tower::util::either::Either<tower::limit::concurrency::service::ConcurrencyLimit<tonic::transport::service::grpc_timeout::GrpcTimeout<tonic::service::router::Routes>>, tonic::transport::service::grpc_timeout::GrpcTimeout<tonic::service::router::Routes>> as tower_service::Service<http::request::Request<tonic::body::Body>>>::call
calls=201 0 
0 494055
0 2412
cob=(2)
cfi=(2)
cfn=(4536)
calls=201 0 
0 15276
0 2010
cob=(2)
cfi=(2)
cfn=(4536)
calls=201 0 
0 15276
0 402
cob=(2)
cfi=(2)
cfn=(4210)
calls=201 0 
0 12164
0 2405
cob=(2)
cfi=(2)
cfn=(4536)
calls=200 0 
0 15186
0 5
cob=(2)
cfi=(2)
cfn=(4536)
calls=1 0 
0 76
0 1809

fn=(6952) axum::routing::url_params::insert_url_params
0 10050
cfn=(6954) <core::iter::adapters::GenericShunt<core::iter::adapters::map::Map<core::iter::adapters::filter::Filter<core::iter::adapters::filter::Filter<matchit::params::ParamsIter, axum::routing::url_params::insert_url_params::{closure#0}>, axum::routing::url_params::insert_url_params::{closure#1}>, axum::routing::url_params::insert_url_params::{closure#2}>, core::result::Result<core::convert::Infallible, alloc::sync::Arc<str>>> as core::iter::traits::iterator::Iterator>::next
calls=201 0 
0 149768
0 1206
cob=(2)
cfi=(2)
cfn=(4210)
calls=201 0 
0 14910
0 6028
cfn=(6954)
calls=201 0 
0 9648
0 5829
cfn=(6962) <http::extensions::Extensions>::insert::<axum::routing::url_params::UrlParams>
calls=201 0 
0 28097
0 2814

fn=(6978)
0 1608
cfn=(6980)
calls=201 0 
0 43440
0 1407
cob=(2)
cfi=(2)
cfn=(4210)
calls=201 0 
0 19259
0 10450
cob=(2)
cfi=(2)
cfn=(4536)
calls=201 0 
0 5829
0 603
cob=(2)
cfi=(2)
cfn=(4210)
calls=201 0 
0 77392
0 2406
cob=(2)
cfi=(2)
cfn=(4536)
calls=200 0 
0 39188
0 4
cob=(2)
cfi=(2)
cfn=(4536)
calls=1 0 
0 196
0 402

fn=(6986)
0 6633
cfn=(7102)
calls=201 0 
0 45226
0 1608
cfn=(6988)
calls=201 0 
0 804
0 804
cob=(2)
cfi=(2)
cfn=(4920)
calls=201 0 
0 13945
0 2211
cob=(2)
cfi=(2)
cfn=(4920)
calls=201 0 
0 14673
0 1206

fn=(7020) <h2::proto::streams::streams::StreamRef<hyper::proto::h2::SendBuf<bytes::bytes::Bytes>>>::send_data
0 87234
cfn=(6780) <h2::proto::streams::prioritize::Prioritize>::try_assign_capacity
calls=402 0 
0 100042
0 4824
cfn=(7026)
calls=201 0 
0 5628
0 1005
cfn=(6778)
calls=201 0 
0 10854
0 20502
cfn=(6746)
calls=603 0 
0 206260
0 7839
cfn=(6824)
calls=603 0 
0 31959
0 18090

fn=(7036) core::ptr::drop_glue::<h2::proto::streams::streams::StreamRef<hyper::proto::h2::SendBuf<bytes::bytes::Bytes>>>
0 3015
cfn=(7038)
calls=603 0 
0 155574
0 6030

fn=(7070)
0 6633
cob=(2)
cfi=(2)
cfn=(4536)
calls=603 0 
0 17487
0 3618
cfn=(6914)
calls=603 0 
0 31356
0 7596

fn=(7082) <hyper::proto::h2::ping::Recorder>::record_data
0 10251

fn=(7090)
0 24120

fn=(7096) <tonic::codec::decode::StreamingInner>::response
0 3618
cfn=(7284) <tonic::status::Status>::from_header_map
calls=201 0 
0 302614
0 1407
cfn=(7220) core::ptr::drop_glue::<tonic::status::StatusInner>
calls=201 0 
0 41604
0 402
cob=(2)
cfi=(2)
cfn=(4920)
calls=201 0 
0 13065
0 3216

fn=(7122) <alloc::sync::Arc<str>>::drop_slow
0 4455
cob=(2)
cfi=(2)
cfn=(4920)
calls=405 0 
0 30695

fn=(7132) core::ptr::drop_glue::<<devloop::echo::echo_server::EchoServer<devloop::TonicEchod> as tower_service::Service<http::request::Request<tonic::body::Body>>>::call::{closure#0}>
0 2613

fn=(7162)
0 804
cfn=(7164)
calls=201 0 
0 3015

fn=(7206) <alloc::sync::Arc<tokio::sync::mpsc::chan::Chan<core::result::Result<devloop::echo::EchoReply, tonic::status::Status>, tokio::sync::mpsc::bounded::Semaphore>>>::drop_slow
0 1206
cfn=(7208) core::ptr::drop_glue::<tokio::sync::mpsc::chan::Chan<core::result::Result<devloop::echo::EchoReply, tonic::status::Status>, tokio::sync::mpsc::bounded::Semaphore>>
calls=201 0 
0 29689
0 1809
cob=(2)
cfi=(2)
cfn=(4920)
calls=201 0 
0 15465

fn=(7220)
0 4422
cfn=(5786)
calls=402 0 
0 402
0 804
cfn=(6562)
calls=402 0 
0 47232
0 2814

fn=(7248) <h2::proto::streams::store::Ptr>::unlink
0 31557

fn=(7276) core::ptr::drop_glue::<tower::util::either::EitherResponseFuture<tonic::transport::channel::service::reconnect::ResponseFuture<core::pin::Pin<alloc::boxed::Box<dyn core::future::future::Future<Output = core::result::Result<http::response::Response<tonic::body::Body>, alloc::boxed::Box<dyn core::error::Error + core::marker::Send + core::marker::Sync>>> + core::marker::Send>>>, tonic::transport::channel::service::reconnect::ResponseFuture<core::pin::Pin<alloc::boxed::Box<dyn core::future::future::Future<Output = core::result::Result<http::response::Response<tonic::body::Body>, alloc::boxed::Box<dyn core::error::Error + core::marker::Send + core::marker::Sync>>> + core::marker::Send>>>>>
0 2814
cfn=(7278) core::ptr::drop_glue::<<tonic::transport::channel::service::connection::SendRequest as tower_service::Service<http::request::Request<tonic::body::Body>>>::call::{closure#0}>
calls=201 0 
0 2613
0 1608
cob=(2)
cfi=(2)
cfn=(4920)
calls=201 0 
0 43557

fn=(7312) core::ptr::drop_glue::<<tonic::client::grpc::Grpc<tonic::transport::channel::Channel>>::streaming<tokio_stream::once::Once<devloop::echo::EchoRequest>, devloop::echo::EchoRequest, devloop::echo::EchoReply, tonic_prost::codec::ProstCodec<devloop::echo::EchoRequest, devloop::echo::EchoReply>>::{closure#0}>
0 2613

fn=(7544) <u64 as itoa::Unsigned>::fmt
0 373

fn=(7554)
0 33
cfn=(5716)
calls=1 0 
0 447
0 21

fn=(7568) core::ptr::drop_glue::<tokio::runtime::context::runtime::EnterRuntimeGuard>
0 20
cfn=(5662)
calls=1 0 
0 45
0 87
cfn=(5662)
calls=4 0 
0 180
0 28

fn=(7572) <tokio::runtime::runtime::Runtime as core::ops::drop::Drop>::drop
0 18
cfn=(7574) <tokio::runtime::scheduler::multi_thread::handle::Handle>::shutdown
calls=1 0 
0 211

fn=(7578) <&mut tokio::sync::oneshot::Receiver<()> as core::future::future::Future>::poll
0 71
cfn=(6422)
calls=1 0 
0 5
0 32
cfn=(7934)
calls=1 0 
0 93
0 18

fn=(7584) core::ptr::drop_glue::<devloop::rpc_tonic_unary::{closure#0}::{closure#0}>
0 11
cfn=(7586)
calls=1 0 
0 960
0 7

fn=(7600) <tokio::sync::watch::big_notify::BigNotify>::notify_waiters
0 27
cfn=(7204)
calls=1 0 
0 33
0 18
cfn=(7204)
calls=1 0 
0 33
0 18
cfn=(7204)
calls=1 0 
0 33
0 18
cfn=(7204)
calls=1 0 
0 33
0 18
cfn=(7204)
calls=1 0 
0 33
0 18
cfn=(7204)
calls=1 0 
0 33
0 18
cfn=(7204)
calls=1 0 
0 33
0 18
cfn=(7204)
calls=1 0 
0 33
0 7

fn=(7612) core::ptr::drop_glue::<tonic::transport::server::serve_connection<tonic::body::Body, hyper_util::rt::tokio::TokioIo<tonic::transport::server::service::io::ServerIo<tokio::net::tcp::stream::TcpStream>>, hyper_util::service::glue::TowerToHyperService<tower::util::map_request::MapRequest<tower::util::boxed_clone::BoxCloneService<http::request::Request<tonic::body::Body>, http::response::Response<tonic::body::Body>, alloc::boxed::Box<dyn core::error::Error + core::marker::Send + core::marker::Sync>>, <tonic::transport::server::Server>::serve_internal<tonic::service::router::Routes, tonic::transport::server::incoming::TcpIncoming, core::future::ready::Ready<()>, tokio::net::tcp::stream::TcpStream, core::io::error::Error, tonic::body::Body>::{closure#0}::{closure#1}>>, hyper_util::rt::tokio::TokioExecutor>::{closure#0}>
0 13
cfn=(7614) core::ptr::drop_glue::<core::pin::PinMacroHelper<tonic::transport::server::connection_timeout_future::{closure#0}>>
calls=1 0 
0 13
0 2
cfn=(7616) core::ptr::drop_glue::<hyper_util::server::conn::auto::ConnState<hyper_util::rt::tokio::TokioIo<tonic::transport::server::service::io::ServerIo<tokio::net::tcp::stream::TcpStream>>, hyper_util::service::glue::TowerToHyperService<tower::util::map_request::MapRequest<tower::util::boxed_clone::BoxCloneService<http::request::Request<tonic::body::Body>, http::response::Response<tonic::body::Body>, alloc::boxed::Box<dyn core::error::Error + core::marker::Send + core::marker::Sync>>, <tonic::transport::server::Server>::serve_internal<tonic::service::router::Routes, tonic::transport::server::incoming::TcpIncoming, core::future::ready::Ready<()>, tokio::net::tcp::stream::TcpStream, core::io::error::Error, tonic::body::Body>::{closure#0}::{closure#1}>>, hyper_util::rt::tokio::TokioExecutor>>
calls=1 0 
0 10418
0 21
cfn=(7672) <alloc::sync::Arc<dyn hyper::rt::timer::Timer + core::marker::Send + core::marker::Sync>>::drop_slow
calls=1 0 
0 152

fn=(7618) <alloc::sync::Arc<axum::routing::RouterInner<()>>>::drop_slow
0 8
cfn=(7620) core::ptr::drop_glue::<hashbrown::raw::RawTable<(axum::routing::RouteId, axum::routing::Endpoint<()>)>>
calls=1 0 
0 396
0 5
cfn=(7622) <alloc::sync::Arc<axum::routing::path_router::Node>>::drop_slow
calls=1 0 
0 754
0 2
cfn=(7620)
calls=1 0 
0 353
0 5
cfn=(7622)
calls=1 0 
0 920
0 23
cob=(2)
cfi=(2)
cfn=(4920)
calls=1 0 
0 73

fn=(7642) <h2::proto::streams::streams::Actions>::clear_queues
0 42
cfn=(7644)
calls=2 0 
0 12
0 20
cfn=(6616)
calls=2 0 
0 12
0 46
cfn=(6640) <h2::proto::streams::store::Queue<h2::proto::streams::stream::NextSendCapacity>>::pop::<h2::proto::streams::store::Store>
calls=2 0 
0 12
0 34
cfn=(6644) <h2::proto::streams::store::Queue<h2::proto::streams::stream::NextOpen>>::pop::<h2::proto::streams::store::Store>
calls=2 0 
0 12
0 22

fn=(7660) <alloc::sync::Arc<std::sync::poison::mutex::Mutex<h2::proto::streams::streams::Inner>>>::drop_slow
0 12
cfn=(7662) core::ptr::drop_glue::<std::sync::poison::mutex::Mutex<h2::proto::streams::streams::Inner>>
calls=2 0 
0 1200
0 18
cob=(2)
cfi=(2)
cfn=(4920)
calls=2 0 
0 138

fn=(7680) tokio::runtime::task::harness::cancel_task::<core::pin::Pin<alloc::boxed::Box<dyn core::future::future::Future<Output = ()> + core::marker::Send>>, alloc::sync::Arc<tokio::runtime::scheduler::current_thread::Handle>>
0 93
cfn=(7710) core::ptr::drop_glue::<tower::buffer::worker::Worker<tonic::transport::channel::service::connection::Connection, http::request::Request<tonic::body::Body>>>
calls=1 0 
0 2379
cfn=(7102)
calls=1 0 
0 1999
cfn=(7032)
calls=1 0 
0 7213
0 15
cob=(2)
cfi=(2)
cfn=(4920)
calls=3 0 
0 384
0 126

fn=(7698)
0 13
cob=(2)
cfi=(2)
cfn=(4920)
calls=1 0 
0 117
0 11
cob=(2)
cfi=(2)
cfn=(4920)
calls=1 0 
0 117
0 21
cob=(2)
cfi=(2)
cfn=(4920)
calls=1 0 
0 65

fn=(7908) core::ptr::drop_glue::<alloc::vec::into_iter::IntoIter<alloc::sync::Arc<tokio::runtime::io::scheduled_io::ScheduledIo>>>
0 19
cob=(2)
cfi=(2)
cfn=(4920)
calls=1 0 
0 73

fn=(7912)
0 92

fn=(7916)
0 6
cfn=(7918) core::ptr::drop_glue::<tokio::runtime::scheduler::multi_thread::handle::Handle>
calls=1 0 
0 3006
0 9
cob=(2)
cfi=(2)
cfn=(4920)
calls=1 0 
0 65

fn=(7994) <alloc::sync::Arc<std::thread::thread::Inner, std::alloc::System>>::drop_slow
0 48
cob=(2)
cfi=(2)
cfn=(4920)
calls=4 0 
0 466
0 36
cob=(2)
cfi=(2)
cfn=(4920)
calls=4 0 
0 414

fn=(8006)
0 9

fn=(6800) <alloc::sync::Arc<tokio::sync::oneshot::Inner<core::result::Result<core::pin::Pin<alloc::boxed::Box<dyn core::future::future::Future<Output = core::result::Result<http::response::Response<tonic::body::Body>, alloc::boxed::Box<dyn core::error::Error + core::marker::Send + core::marker::Sync>>> + core::marker::Send>>, tower::buffer::error::ServiceError>>>>::drop_slow
0 1206
cfn=(6802) core::ptr::drop_glue::<tokio::sync::oneshot::Inner<core::result::Result<core::pin::Pin<alloc::boxed::Box<dyn core::future::future::Future<Output = core::result::Result<http::response::Response<tonic::body::Body>, alloc::boxed::Box<dyn core::error::Error + core::marker::Send + core::marker::Sync>>> + core::marker::Send>>, tower::buffer::error::ServiceError>>>
calls=201 0 
0 5025
0 1809
cob=(2)
cfi=(2)
cfn=(4920)
calls=201 0 
0 13065

fn=(6810) <tonic::transport::channel::service::add_origin::AddOrigin<tonic::transport::channel::service::user_agent::UserAgent<tonic::transport::service::grpc_timeout::GrpcTimeout<tower::util::either::Either<tower::limit::concurrency::service::ConcurrencyLimit<tower::util::either::Either<tower::limit::rate::service::RateLimit<tonic::transport::channel::service::reconnect::Reconnect<tonic::transport::channel::service::connection::MakeSendRequestService<tonic::transport::channel::service::connector::Connector<tonic::transport::channel::uds_connector::UdsConnector>>, http::uri::Uri>>, tonic::transport::channel::service::reconnect::Reconnect<tonic::transport::channel::service::connection::MakeSendRequestService<tonic::transport::channel::service::connector::Connector<tonic::transport::channel::uds_connector::UdsConnector>>, http::uri::Uri>>>, tower::util::either::Either<tower::limit::rate::service::RateLimit<tonic::transport::channel::service::reconnect::Reconnect<tonic::transport::channel::service::connection::MakeSendRequestService<tonic::transport::channel::service::connector::Connector<tonic::transport::channel::uds_connector::UdsConnector>>, http::uri::Uri>>, tonic::transport::channel::service::reconnect::Reconnect<tonic::transport::channel::service::connection::MakeSendRequestService<tonic::transport::channel::service::connector::Connector<tonic::transport::channel::uds_connector::UdsConnector>>, http::uri::Uri>>>>>> as tower_service::Service<http::request::Request<tonic::body::Body>>>::call::{closure#1}
0 5697
cob=(2)
cfi=(2)
cfn=(4536)
calls=201 0 
0 5829
0 1005
cfn=(6812) <tonic::transport::service::grpc_timeout::ResponseFuture<tower::util::either::EitherResponseFuture<tower::limit::concurrency::future::ResponseFuture<tower::util::either::EitherResponseFuture<tonic::transport::channel::service::reconnect::ResponseFuture<core::pin::Pin<alloc::boxed::Box<dyn core::future::future::Future<Output = core::result::Result<http::response::Response<tonic::body::Body>, alloc::boxed::Box<dyn core::error::Error + core::marker::Send + core::marker::Sync>>> + core::marker::Send>>>, tonic::transport::channel::service::reconnect::ResponseFuture<core::pin::Pin<alloc::boxed::Box<dyn core::future::future::Future<Output = core::result::Result<http::response::Response<tonic::body::Body>, alloc::boxed::Box<dyn core::error::Error + core::marker::Send + core::marker::Sync>>> + core::marker::Send>>>>>, tower::util::either::EitherResponseFuture<tonic::transport::channel::service::reconnect::ResponseFuture<core::pin::Pin<alloc::boxed::Box<dyn core::future::future::Future<Output = core::result::Result<http::response::Response<tonic::body::Body>, alloc::boxed::Box<dyn core::error::Error + core::marker::Send + core::marker::Sync>>> + core::marker::Send>>>, tonic::transport::channel::service::reconnect::ResponseFuture<core::pin::Pin<alloc::boxed::Box<dyn core::future::future::Future<Output = core::result::Result<http::response::Response<tonic::body::Body>, alloc::boxed::Box<dyn core::error::Error + core::marker::Send + core::marker::Sync>>> + core::marker::Send>>>>>> as core::future::future::Future>::poll
calls=201 0 
0 44183
0 760
cfn=(6812)
calls=190 0 
0 184939
0 5361
cfn=(7272) core::ptr::drop_glue::<tonic::transport::service::grpc_timeout::ResponseFuture<tower::util::either::EitherResponseFuture<tower::limit::concurrency::future::ResponseFuture<tower::util::either::EitherResponseFuture<tonic::transport::channel::service::reconnect::ResponseFuture<core::pin::Pin<alloc::boxed::Box<dyn core::future::future::Future<Output = core::result::Result<http::response::Response<tonic::body::Body>, alloc::boxed::Box<dyn core::error::Error + core::marker::Send + core::marker::Sync>>> + core::marker::Send>>>, tonic::transport::channel::service::reconnect::ResponseFuture<core::pin::Pin<alloc::boxed::Box<dyn core::future::future::Future<Output = core::result::Result<http::response::Response<tonic::body::Body>, alloc::boxed::Box<dyn core::error::Error + core::marker::Send + core::marker::Sync>>> + core::marker::Send>>>>>, tower::util::either::EitherResponseFuture<tonic::transport::channel::service::reconnect::ResponseFuture<core::pin::Pin<alloc::boxed::Box<dyn core::future::future::Future<Output = core::result::Result<http::response::Response<tonic::body::Body>, alloc::boxed::Box<dyn core::error::Error + core::marker::Send + core::marker::Sync>>> + core::marker::Send>>>, tonic::transport::channel::service::reconnect::ResponseFuture<core::pin::Pin<alloc::boxed::Box<dyn core::future::future::Future<Output = core::result::Result<http::response::Response<tonic::body::Body>, alloc::boxed::Box<dyn core::error::Error + core::marker::Send + core::marker::Sync>>> + core::marker::Send>>>>>>>
calls=201 0 
0 55818
0 9962

fn=(5038) std::sys::backtrace::__rust_begin_short_backtrace::<fn(), ()>
0 2
cfn=(5040)
calls=1 0 
0 3782200
0 2

fn=(5068) std::sys::random::linux::hashmap_random_keys
0 45
cfn=(5070) std::sys::random::linux::getrandom
calls=5 0 
0 689
0 25

fn=(5162)
0 42
cob=(2)
cfi=(2)
cfn=(5130)
calls=2 0 
0 56
0 31
cob=(2)
cfi=(2)
cfn=(4536)
calls=1 0 
0 12
0 26

fn=(5222) <tokio::util::rand::rt::RngSeedGenerator>::next_seed
0 693

fn=(5632) <hashbrown::raw::RawTable<(usize, std::thread::join_handle::JoinHandle<()>)>>::reserve_rehash::<hashbrown::map::make_hasher<usize, std::thread::join_handle::JoinHandle<()>, std::hash::random::RandomState>::{closure#0}>
0 108
cob=(2)
cfi=(2)
cfn=(4210)
calls=2 0 
0 242
0 40
cob=(2)
cfi=(2)
cfn=(4972)
calls=2 0 
0 20
0 53
cfn=(5630) <std::hash::random::RandomState as core::hash::BuildHasher>::hash_one::<&usize>
calls=3 0 
0 438
0 149
cob=(2)
cfi=(2)
cfn=(4920)
calls=1 0 
0 65
0 1

fn=(5662)
0 495

fn=(5668)
0 198

fn=(5722) <core::net::socket_addr::SocketAddrV4 as core::fmt::Display>::fmt
0 23
cfn=(5717)
calls=1 0 
0 1575
0 4

fn=(5736) <alloc::raw_vec::RawVecInner<_>>::reserve::do_reserve_and_handle::<alloc::alloc::Global>
0 40
cfn=(5300)
calls=2 0 
0 505
0 182
cfn=(5300)
calls=9 0 
0 2035
0 23242
cfn=(5300)
calls=1007 0 
0 140303
0 9103
cfn=(5300)
calls=2 0 
0 170
0 18

fn=(5792)
0 4263

fn=(5794)
0 37
cfn=(5796) <tonic::transport::channel::endpoint::Endpoint>::http_connector
calls=1 0 
0 490
0 5
cfn=(5800)
calls=1 0 
0 343
0 6
cob=(2)
cfi=(2)
cfn=(4536)
calls=1 0 
0 88
0 5
cob=(2)
cfi=(2)
cfn=(4536)
calls=1 0 
0 88
0 22
cob=(2)
cfi=(2)
cfn=(4536)
calls=1 0 
0 76
0 16
cob=(2)
cfi=(2)
cfn=(4536)
calls=1 0 
0 88
0 11
cob=(2)
cfi=(2)
cfn=(4536)
calls=1 0 
0 88
0 39
cob=(2)
cfi=(2)
cfn=(4210)
calls=1 0 
0 251
0 72
cob=(2)
cfi=(2)
cfn=(4536)
calls=1 0 
0 29
0 10
cfn=(5790)
calls=1 0 
0 71
0 4
cob=(2)
cfi=(2)
cfn=(4536)
calls=1 0 
0 29
0 289
cob=(2)
cfi=(2)
cfn=(4536)
calls=1 0 
0 76
0 4
cob=(2)
cfi=(2)
cfn=(4536)
calls=1 0 
0 76
0 14
cfn=(5790)
calls=1 0 
0 71
0 4
cob=(2)
cfi=(2)
cfn=(4536)
calls=1 0 
0 76
0 59
cfn=(5786)
calls=1 0 
0 1
0 10
cob=(2)
cfi=(2)
cfn=(4536)
calls=1 0 
0 76
0 4
cob=(2)
cfi=(2)
cfn=(4536)
calls=1 0 
0 76
0 24
cob=(2)
cfi=(2)
cfn=(4210)
calls=1 0 
0 193
0 10
cob=(2)
cfi=(2)
cfn=(4536)
calls=1 0 
0 76
0 23
cfn=(5804)
calls=1 0 
0 80
0 9
cfn=(5808) <tower::util::map_future::MapFuture<tonic::transport::channel::service::add_origin::AddOrigin<tonic::transport::channel::service::user_agent::UserAgent<tonic::transport::service::grpc_timeout::GrpcTimeout<tower::util::either::Either<tower::limit::concurrency::service::ConcurrencyLimit<tower::util::either::Either<tower::limit::rate::service::RateLimit<tonic::transport::channel::service::reconnect::Reconnect<tonic::transport::channel::service::connection::MakeSendRequestService<tonic::transport::channel::service::connector::Connector<hyper_util::client::legacy::connect::http::HttpConnector>>, http::uri::Uri>>, tonic::transport::channel::service::reconnect::Reconnect<tonic::transport::channel::service::connection::MakeSendRequestService<tonic::transport::channel::service::connector::Connector<hyper_util::client::legacy::connect::http::HttpConnector>>, http::uri::Uri>>>, tower::util::either::Either<tower::limit::rate::service::RateLimit<tonic::transport::channel::service::reconnect::Reconnect<tonic::transport::channel::service::connection::MakeSendRequestService<tonic::transport::channel::service::connector::Connector<hyper_util::client::legacy::connect::http::HttpConnector>>, http::uri::Uri>>, tonic::transport::channel::service::reconnect::Reconnect<tonic::transport::channel::service::connection::MakeSendRequestService<tonic::transport::channel::service::connector::Connector<hyper_util::client::legacy::connect::http::HttpConnector>>, http::uri::Uri>>>>>>, <tower::util::boxed::sync::BoxService<http::request::Request<tonic::body::Body>, http::response::Response<tonic::body::Body>, alloc::boxed::Box<dyn core::error::Error + core::marker::Send + core::marker::Sync>>>::new<tonic::transport::channel::service::add_origin::AddOrigin<tonic::transport::channel::service::user_agent::UserAgent<tonic::transport::service::grpc_timeout::GrpcTimeout<tower::util::either::Either<tower::limit::concurrency::service::ConcurrencyLimit<tower::util::either::Either<tower::limit::rate::service::RateLimit<tonic::transport::channel::service::reconnect::Reconnect<tonic::transport::channel::service::connection::MakeSendRequestService<tonic::transport::channel::service::connector::Connector<hyper_util::client::legacy::connect::http::HttpConnector>>, http::uri::Uri>>, tonic::transport::channel::service::reconnect::Reconnect<tonic::transport::channel::service::connection::MakeSendRequestService<tonic::transport::channel::service::connector::Connector<hyper_util::client::legacy::connect::http::HttpConnector>>, http::uri::Uri>>>, tower::util::either::Either<tower::limit::rate::service::RateLimit<tonic::transport::channel::service::reconnect::Reconnect<tonic::transport::channel::service::connection::MakeSendRequestService<tonic::transport::channel::service::connector::Connector<hyper_util::client::legacy::connect::http::HttpConnector>>, http::uri::Uri>>, tonic::transport::channel::service::reconnect::Reconnect<tonic::transport::channel::service::connection::MakeSendRequestService<tonic::transport::channel::service::connector::Connector<hyper_util::client::legacy::connect::http::HttpConnector>>, http::uri::Uri>>>>>>>::{closure#0}> as tower_service::Service<http::request::Request<tonic::body::Body>>>::poll_ready
calls=1 0 
0 4066
0 4
cfn=(5808)
calls=1 0 
0 10862
0 39
cfn=(6514) <tower::buffer::service::Buffer<http::request::Request<tonic::body::Body>, core::pin::Pin<alloc::boxed::Box<dyn core::future::future::Future<Output = core::result::Result<http::response::Response<tonic::body::Body>, alloc::boxed::Box<dyn core::error::Error + core::marker::Send + core::marker::Sync>>> + core::marker::Send>>>>::pair::<tonic::transport::channel::service::connection::Connection>
calls=1 0 
0 1369
0 10
cob=(2)
cfi=(2)
cfn=(4536)
calls=1 0 
0 64
0 4
cob=(2)
cfi=(2)
cfn=(4210)
calls=1 0 
0 238
0 15
cob=(2)
cfi=(2)
cfn=(4536)
calls=1 0 
0 64
0 4
cfn=(6494)
calls=1 0 
0 897
0 46
cfn=(6524)
calls=1 0 
0 17
0 32

fn=(5804)
0 16
cfn=(5806)
calls=2 0 
0 58
0 6
cfn=(5806)
calls=2 0 
0 61
0 22

fn=(5806)
0 77
cfn=(5786)
calls=1 0 
0 1
cfn=(6526)
calls=1 0 
0 12
cfn=(5776)
calls=5 0 
0 45
0 56
cfn=(5786)
calls=1 0 
0 1
cfn=(5786)
calls=6 0 
0 6
0 2211
cfn=(5786)
calls=201 0 
0 201
0 1608
cfn=(5786)
calls=201 0 
0 201

fn=(5808)
0 4054
cfn=(5810)
calls=203 0 
0 34770
0 2234

fn=(5820)
0 29
cfn=(6510)
calls=1 0 
0 19
0 7
cob=(2)
cfi=(2)
cfn=(4920)
calls=1 0 
0 170
0 10
cfn=(7728) <alloc::sync::Arc<want::Inner>>::drop_slow
calls=1 0 
0 131
0 6
cfn=(7730) core::ptr::drop_glue::<tokio::sync::mpsc::unbounded::UnboundedSender<hyper::client::dispatch::Envelope<http::request::Request<tonic::body::Body>, http::response::Response<hyper::body::incoming::Incoming>>>>
calls=1 0 
0 534

fn=(6048) <std::sys::thread_local::key::racy::LazyKey>::lazy_init
0 8
cob=(2)
cfi=(2)
cfn=(6050) pthread_key_create
calls=1 0 
0 17
0 9
cob=(2)
cfi=(2)
cfn=(6050)
calls=1 0 
0 26
0 5
cob=(2)
cfi=(2)
cfn=(6052) pthread_key_delete
calls=1 0 
0 15
0 13

fn=(6204)
0 1742

fn=(6246) <axum::routing::path_router::PathRouter<(), false>>::route_endpoint
0 16
cfn=(6198)
calls=1 0 
0 256
0 32
cob=(2)
cfi=(2)
cfn=(4210)
calls=1 0 
0 213
0 11
cob=(2)
cfi=(2)
cfn=(4536)
calls=1 0 
0 10
0 2
cob=(2)
cfi=(2)
cfn=(4210)
calls=1 0 
0 213
0 11
cob=(2)
cfi=(2)
cfn=(4536)
calls=1 0 
0 10
0 6
cfn=(6200) <matchit::escape::UnescapedRoute>::new
calls=1 0 
0 234
0 3
cfn=(6202) matchit::tree::normalize_params
calls=1 0 
0 434
0 42
cfn=(6206)
calls=1 0 
0 1310
0 7
cob=(2)
cfi=(2)
cfn=(4920)
calls=1 0 
0 73
0 15
cob=(2)
cfi=(2)
cfn=(4210)
calls=1 0 
0 41
0 16
cob=(2)
cfi=(2)
cfn=(4536)
calls=1 0 
0 10
0 4
cob=(2)
cfi=(2)
cfn=(4920)
calls=1 0 
0 73
0 12
cfn=(6210) <std::hash::random::RandomState as core::hash::BuildHasher>::hash_one::<&axum::routing::RouteId>
calls=1 0 
0 118
0 74
cfn=(6212) <core::hash::sip::Hasher<core::hash::sip::Sip13Rounds> as core::hash::Hasher>::write
calls=1 0 
0 82
0 5
cfn=(6212)
calls=1 0 
0 34
0 130
cob=(2)
cfi=(2)
cfn=(4536)
calls=1 0 
0 52
0 4
cfn=(6210)
calls=1 0 
0 118
0 42
cob=(2)
cfi=(2)
cfn=(4536)
calls=1 0 
0 52
0 23
cob=(2)
cfi=(2)
cfn=(4536)
calls=1 0 
0 64
0 34
cfn=(6222) <hashbrown::raw::RawTable<(axum::routing::RouteId, axum::routing::Endpoint<()>)>>::reserve_rehash::<hashbrown::map::make_hasher<axum::routing::RouteId, axum::routing::Endpoint<()>, std::hash::random::RandomState>::{closure#0}>
calls=1 0 
0 304
0 6
cfn=(6214) <hashbrown::raw::RawTable<(axum::routing::RouteId, alloc::sync::Arc<str>)>>::reserve_rehash::<hashbrown::map::make_hasher<axum::routing::RouteId, alloc::sync::Arc<str>, std::hash::random::RandomState>::{closure#0}>
calls=1 0 
0 326
0 6
cfn=(6218)
calls=1 0 
0 326
0 1

fn=(6282) <axum::routing::method_routing::MethodRouter>::with_state::<()>
0 116
cfn=(6284) <axum::boxed::MakeErasedHandler<tonic::service::router::unimplemented, ()> as axum::boxed::ErasedIntoRoute<(), core::convert::Infallible>>::into_route
calls=2 0 
0 182
0 110

fn=(6314)
0 175680

fn=(6358)
0 18
cob=(2)
cfi=(2)
cfn=(6360) accept4
calls=2 0 
0 122
0 15
cob=(2)
cfi=(2)
cfn=(5034)
calls=1 0 
0 3
0 38

fn=(6372)
0 20
cob=(2)
cfi=(2)
cfn=(6374) getpeername
calls=1 0 
0 5
0 20

fn=(6390)
0 32

fn=(6398)
0 40
cob=(2)
cfi=(2)
cfn=(4210)
calls=1 0 
0 196
0 11
cob=(2)
cfi=(2)
cfn=(4536)
calls=1 0 
0 29
0 12
cob=(2)
cfi=(2)
cfn=(4536)
calls=1 0 
0 29
0 13
cob=(2)
cfi=(2)
cfn=(4210)
calls=1 0 
0 191
0 10
cob=(2)
cfi=(2)
cfn=(4536)
calls=1 0 
0 29
0 33
cob=(2)
cfi=(2)
cfn=(4210)
calls=1 0 
0 191
0 16
cob=(2)
cfi=(2)
cfn=(4536)
calls=1 0 
0 29
0 90
cfn=(6400)
calls=1 0 
0 302
0 6
cob=(2)
cfi=(2)
cfn=(4536)
calls=1 0 
0 124
0 11
cob=(2)
cfi=(2)
cfn=(4536)
calls=1 0 
0 124
0 10
cob=(2)
cfi=(2)
cfn=(4536)
calls=1 0 
0 136
0 8
cob=(2)
cfi=(2)
cfn=(4536)
calls=1 0 
0 136
0 10
cob=(2)
cfi=(2)
cfn=(4536)
calls=1 0 
0 29
0 8

fn=(6412) <tokio::net::tcp::stream::TcpStream>::poll_write_vectored_priv
0 21672
cfn=(6310)
calls=1204 0 
0 72309
0 25270
cob=(2)
cfi=(2)
cfn=(6416) writev
calls=1203 0 
0 72180
0 18056

fn=(6420) <tokio::net::tcp::stream::TcpStream>::connect_mio::{closure#0}
0 29
cfn=(5698)
calls=1 0 
0 690
0 18
cfn=(6310)
calls=1 0 
0 127
0 3
cfn=(6310)
calls=1 0 
0 60
0 21
cob=(2)
cfi=(2)
cfn=(6450) getsockopt
calls=1 0 
0 6
0 29

fn=(6422)
0 2970

fn=(6436) core::ptr::drop_glue::<h2::server::Handshaking<hyper::common::io::compat::Compat<hyper_util::common::rewind::Rewind<hyper_util::rt::tokio::TokioIo<tonic::transport::server::service::io::ServerIo<tokio::net::tcp::stream::TcpStream>>>>, hyper::proto::h2::SendBuf<bytes::bytes::Bytes>>>
0 68

fn=(6458) core::ptr::drop_glue::<<hyper_util::client::legacy::connect::http::HttpConnector as tower_service::Service<http::uri::Uri>>::call::{closure#0}>
0 13

fn=(6480)
0 4060
cfn=(6482)
calls=203 0 
0 609
0 2842

fn=(6490)
0 17

fn=(8016) <std::sync::once_lock::OnceLock<std::sync::reentrant_lock::ReentrantLock<core::cell::RefCell<alloc::io::buffered::linewriter::LineWriter<std::io::stdio::StdoutRaw>>>>>::initialize::<<std::sync::once_lock::OnceLock<std::sync::reentrant_lock::ReentrantLock<core::cell::RefCell<alloc::io::buffered::linewriter::LineWriter<std::io::stdio::StdoutRaw>>>>>::get_or_init<std::io::stdio::cleanup::{closure#0}>::{closure#0}, !>
0 20
cfn=(8013) <std::sys::sync::once::futex::Once>::call'2
calls=1 0 
0 63
0 3

fn=(6548) <http::extensions::Extensions>::insert::<tonic::extensions::GrpcMethod>
0 2613
cob=(2)
cfi=(2)
cfn=(4210)
calls=201 0 
0 8241
0 3006
cob=(2)
cfi=(2)
cfn=(4210)
calls=200 0 
0 8363
0 7
cob=(2)
cfi=(2)
cfn=(4210)
calls=1 0 
0 186
0 3205
cfn=(6550)
calls=200 0 
0 85682
0 9
cfn=(6550)
calls=1 0 
0 408
0 1809

fn=(6560) <tonic::metadata::map::MetadataMap>::into_sanitized_headers
0 20502

fn=(6562)
0 6030
cob=(2)
cfi=(2)
cfn=(4920)
calls=603 0 
0 41679
0 3216
cfn=(6564)
calls=804 0 
0 42057
0 2814
cob=(2)
cfi=(2)
cfn=(4920)
calls=603 0 
0 70052
0 4824
cfn=(6566)
calls=804 0 
0 14472
0 4020
cfn=(6564)
calls=402 0 
0 5226
0 3216
cfn=(6566)
calls=402 0 
0 7236
0 4020
cob=(2)
cfi=(2)
cfn=(4920)
calls=201 0 
0 13665
0 2412
cfn=(6564)
calls=603 0 
0 7839
0 1608
cob=(2)
cfi=(2)
cfn=(4920)
calls=201 0 
0 13065
0 3618
cfn=(6566)
calls=603 0 
0 10854

fn=(6582) <tonic::transport::channel::ResponseFuture as core::future::future::Future>::poll
0 20940
cfn=(6422)
calls=201 0 
0 1005
0 5160
cfn=(6808) <core::pin::Pin<alloc::boxed::Box<dyn core::future::future::Future<Output = core::result::Result<http::response::Response<tonic::body::Body>, alloc::boxed::Box<dyn core::error::Error + core::marker::Send + core::marker::Sync>>> + core::marker::Send>> as core::future::future::Future>::poll
calls=190 0 
0 253201
0 804
cfn=(6808)
calls=201 0 
0 61917
0 9350
cfn=(6800)
calls=191 0 
0 20055
0 1809
cfn=(6806)
calls=201 0 
0 3216
0 6132

fn=(6606) <h2::frame::window_update::WindowUpdate>::encode::<bytes::bytes_mut::BytesMut>
0 114

fn=(6626) <hyper_util::rt::tokio::TokioIo<tokio::net::tcp::stream::TcpStream> as hyper::rt::io::Read>::poll_read
0 27336
cfn=(6444) <tokio::net::tcp::stream::TcpStream>::poll_read_priv
calls=1608 0 
0 277864
0 21720

fn=(6638) <h2::proto::streams::send::Send>::recv_connection_window_update
0 28
cfn=(6478)
calls=2 0 
0 38
0 54
cfn=(6640)
calls=2 0 
0 12
0 30

fn=(6646) <h2::codec::framed_write::FramedWrite<hyper::common::io::compat::Compat<tonic::transport::channel::service::io::BoxedIo>, h2::proto::streams::prioritize::Prioritized<hyper::proto::h2::SendBuf<bytes::bytes::Bytes>>>>::flush
0 21289
cfn=(7058) <bytes::buf::chain::Chain<&mut core::io::cursor::Cursor<bytes::bytes_mut::BytesMut>, &mut h2::proto::streams::prioritize::Prioritized<hyper::proto::h2::SendBuf<bytes::bytes::Bytes>>> as bytes::buf::buf_impl::Buf>::advance
calls=201 0 
0 5829
0 14886
cfn=(6474)
calls=403 0 
0 806
0 76570
cfn=(6648) <hyper_util::rt::tokio::TokioIo<tokio::net::tcp::stream::TcpStream> as hyper::rt::io::Write>::poll_write_vectored
calls=403 0 
0 70525
0 9046
cfn=(6434) <h2::codec::framed_write::Encoder<h2::proto::streams::prioritize::Prioritized<hyper::proto::h2::SendBuf<bytes::bytes::Bytes>>>>::unset_frame
calls=1205 0 
0 31935
0 9855
cfn=(6474)
calls=201 0 
0 402
0 43014
cfn=(6648)
calls=201 0 
0 35175
0 10243
cfn=(6816) <hyper_util::rt::tokio::TokioIo<tokio::net::tcp::stream::TcpStream> as hyper::rt::io::Write>::poll_flush
calls=1205 0 
0 3615
0 25305

fn=(6660)
0 22152
cob=(2)
cfi=(2)
cfn=(4536)
calls=201 0 
0 10428
0 10062

fn=(6720) <slab::Slab<h2::proto::streams::stream::Stream>>::insert_at
0 3628
cfn=(6722)
calls=2 0 
0 524
0 15
cob=(2)
cfi=(2)
cfn=(4536)
calls=3 0 
0 192
0 5607
cob=(2)
cfi=(2)
cfn=(4536)
calls=399 0 
0 25536

fn=(6724) <std::hash::random::RandomState as core::hash::BuildHasher>::hash_one::<&h2::frame::stream_id::StreamId>
0 19296
cfn=(5086)
calls=804 0 
0 21708
0 54672

fn=(6750) <alloc::raw_vec::RawVec<slab::Entry<h2::proto::streams::buffer::Slot<h2::frame::Frame<hyper::proto::h2::SendBuf<bytes::bytes::Bytes>>>>>>::grow_one
0 30
cfn=(5300)
calls=2 0 
0 624
0 18

fn=(6838) <h2::hpack::header::Header>::len
0 112
cfn=(6716)
calls=5 0 
0 35
0 30

fn=(6862)
0 17950
cob=(2)
cfi=(2)
cfn=(4920)
calls=403 0 
0 80299
0 1209
cob=(2)
cfi=(2)
cfn=(4920)
calls=403 0 
0 34077
0 9280

fn=(6898) <hashbrown::raw::RawTableInner>::find_insert_index
0 11

fn=(6926)
0 6834
cfn=(6574)
calls=402 0 
0 9648
0 23718

fn=(6956) <matchit::params::ParamsIter as core::iter::traits::iterator::Iterator>::next
0 7035
cfn=(5058)
calls=201 0 
0 14070
0 1608
cfn=(5058)
calls=201 0 
0 24393
0 4422

fn=(6992) <devloop::echo::echo_server::EchoServer<devloop::TonicEchod> as tower_service::Service<http::request::Request<tonic::body::Body>>>::call::{closure#1}
0 9756
cob=(2)
cfi=(2)
cfn=(4536)
calls=201 0 
0 5829
0 4694
cob=(2)
cfi=(2)
cfn=(4536)
calls=201 0 
0 5829
0 1206
cob=(2)
cfi=(2)
cfn=(4536)
calls=201 0 
0 5829
0 1407
cfn=(6994)
calls=201 0 
0 447587
0 1175
cfn=(6994)
calls=235 0 
0 759786
0 5798
cfn=(7114) core::ptr::drop_glue::<<tonic::server::grpc::Grpc<tonic_prost::codec::ProstCodec<devloop::echo::EchoReply, devloop::echo::EchoRequest>>>::map_request_unary<tonic::body::Body>::{closure#0}>
calls=201 0 
0 3819
0 5829
cob=(2)
cfi=(2)
cfn=(4536)
calls=201 0 
0 5829
0 603
cob=(2)
cfi=(2)
cfn=(4210)
calls=201 0 
0 8241
0 2607
cob=(2)
cfi=(2)
cfn=(4536)
calls=200 0 
0 5800
0 4
cob=(2)
cfi=(2)
cfn=(4536)
calls=1 0 
0 29
0 2078
cfn=(7116) <<devloop::echo::echo_server::EchoServer<_> as tower_service::Service<http::request::Request<_>>>::call::ServerStreamSvc<devloop::TonicEchod> as tonic::server::service::ServerStreamingService<devloop::echo::EchoRequest>>::call::{closure#0}
calls=201 0 
0 502767
0 5798
cfn=(7126) core::ptr::drop_glue::<<<devloop::echo::echo_server::EchoServer<_> as tower_service::Service<http::request::Request<_>>>::call::UnarySvc<devloop::TonicEchod> as tonic::server::service::UnaryService<devloop::echo::EchoRequest>>::call::{closure#0}>
calls=201 0 
0 3417
0 804
cob=(2)
cfi=(2)
cfn=(4920)
calls=201 0 
0 14433
0 1206
cfn=(7128) <tonic::server::grpc::Grpc<tonic_prost::codec::ProstCodec<devloop::echo::EchoReply, devloop::echo::EchoRequest>>>::map_response::<tokio_stream::wrappers::mpsc_bounded::ReceiverStream<core::result::Result<devloop::echo::EchoReply, tonic::status::Status>>>
calls=201 0 
0 173116
0 8643
cfn=(7130) core::ptr::drop_glue::<<tonic::server::grpc::Grpc<tonic_prost::codec::ProstCodec<devloop::echo::EchoReply, devloop::echo::EchoRequest>>>::server_streaming<<devloop::echo::echo_server::EchoServer<_> as tower_service::Service<http::request::Request<_>>>::call::ServerStreamSvc<devloop::TonicEchod>, tonic::body::Body>::{closure#0}>
calls=201 0 
0 3819
0 8414

fn=(7004) <tonic::codec::decode::StreamingInner>::decode_chunk
0 110429

fn=(7058)
0 11658

fn=(7068)
0 47838

fn=(7078) <h2::proto::streams::recv::Recv>::release_capacity
0 22311
cfn=(7080) <h2::proto::streams::recv::Recv>::release_connection_capacity
calls=603 0 
0 18693
0 34371

fn=(7102)
0 6040
cfn=(7694) core::ptr::drop_glue::<<tonic::transport::channel::service::connection::MakeSendRequestService<tonic::transport::channel::service::connector::Connector<tonic::transport::channel::uds_connector::UdsConnector>> as tower_service::Service<http::uri::Uri>>::call::{closure#0}::{closure#0}>
calls=1 0 
0 1917
cfn=(7282) core::ptr::drop_glue::<<tonic::transport::channel::service::add_origin::AddOrigin<tonic::transport::channel::service::user_agent::UserAgent<tonic::transport::service::grpc_timeout::GrpcTimeout<tower::util::either::Either<tower::limit::concurrency::service::ConcurrencyLimit<tower::util::either::Either<tower::limit::rate::service::RateLimit<tonic::transport::channel::service::reconnect::Reconnect<tonic::transport::channel::service::connection::MakeSendRequestService<tonic::transport::channel::service::connector::Connector<tonic::transport::channel::uds_connector::UdsConnector>>, http::uri::Uri>>, tonic::transport::channel::service::reconnect::Reconnect<tonic::transport::channel::service::connection::MakeSendRequestService<tonic::transport::channel::service::connector::Connector<tonic::transport::channel::uds_connector::UdsConnector>>, http::uri::Uri>>>, tower::util::either::Either<tower::limit::rate::service::RateLimit<tonic::transport::channel::service::reconnect::Reconnect<tonic::transport::channel::service::connection::MakeSendRequestService<tonic::transport::channel::service::connector::Connector<tonic::transport::channel::uds_connector::UdsConnector>>, http::uri::Uri>>, tonic::transport::channel::service::reconnect::Reconnect<tonic::transport::channel::service::connection::MakeSendRequestService<tonic::transport::channel::service::connector::Connector<tonic::transport::channel::uds_connector::UdsConnector>>, http::uri::Uri>>>>>> as tower_service::Service<http::request::Request<tonic::body::Body>>>::call::{closure#1}>
calls=201 0 
0 1206
cfn=(7132)
calls=201 0 
0 2613
cfn=(7101) core::ptr::drop_glue::<http_body_util::combinators::map_err::MapErr<http_body_util::combinators::map_err::MapErr<http_body_util::combinators::map_frame::MapFrame<tonic::body::Body, <tonic::codec::decode::Streaming<pbrs_grpc::codec::prost::Message<pbrs_adoption_corpus::prost_types::EntityList>>>::new<tonic::body::Body, devloop::adoption_rpc::TonicCodec<pbrs_grpc::codec::prost::Message<pbrs_adoption_corpus::prost_types::EntityList>>>::{closure#0}>, <tonic::codec::decode::Streaming<pbrs_grpc::codec::prost::Message<pbrs_adoption_corpus::prost_types::EntityList>>>::new<tonic::body::Body, devloop::adoption_rpc::TonicCodec<pbrs_grpc::codec::prost::Message<pbrs_adoption_corpus::prost_types::EntityList>>>::{closure#1}>, <tonic::status::Status>::map_error<tonic::status::Status>>>'2
calls=201 0 
0 92090
0 4228
cob=(2)
cfi=(2)
cfn=(4920)
calls=604 0 
0 94570

fn=(7108)
0 1005
cfn=(7110) <h2::share::RecvStream as core::ops::drop::Drop>::drop
calls=201 0 
0 21909
0 402
cfn=(7038)
calls=201 0 
0 45828
0 2412
cfn=(7110)
calls=201 0 
0 21909
0 402
cfn=(7038)
calls=201 0 
0 223923
0 1407

fn=(7150)
0 608
cfn=(6314)
calls=32 0 
0 1152
0 192
cfn=(7152) <httpdate::date::HttpDate as core::convert::From<std::time::SystemTime>>::from
calls=32 0 
0 6592
0 288
cfn=(5716)
calls=32 0 
0 10272
0 6624
cob=(2)
cfi=(2)
cfn=(4210)
calls=32 0 
0 1312
0 784
cfn=(6526)
calls=28 0 
0 3155
cfn=(5786)
calls=3 0 
0 3
0 14
cfn=(5786)
calls=1 0 
0 1
0 1024

fn=(7152)
0 384
cfn=(6314)
calls=32 0 
0 1152
0 5056

fn=(7180)
0 10050
cfn=(7182) <devloop::TonicEchod as devloop::echo::echo_server::Echo>::server_stream::{closure#0}::{closure#0}
calls=201 0 
0 405538
0 2010
cfn=(7190) <tokio::runtime::task::core::Core<<devloop::TonicEchod as devloop::echo::echo_server::Echo>::server_stream::{closure#0}::{closure#0}, alloc::sync::Arc<tokio::runtime::scheduler::current_thread::Handle>>>::set_stage
calls=201 0 
0 17487
0 1809
cfn=(7190)
calls=201 0 
0 14070
0 402
cfn=(7194) <tokio::runtime::task::harness::Harness<<devloop::TonicEchod as devloop::echo::echo_server::Echo>::server_stream::{closure#0}::{closure#0}, alloc::sync::Arc<tokio::runtime::scheduler::multi_thread::handle::Handle>>>::complete
calls=201 0 
0 60231
0 1608

fn=(7202) <tokio::sync::batch_semaphore::Semaphore>::close
0 7070

fn=(7208)
0 3216
cfn=(7176) <tokio::sync::mpsc::list::Rx<core::result::Result<pbrs_grpc::codec::prost::Message<pbrs_adoption_corpus::prost_types::EntityList>, tonic::status::Status>>>::pop
calls=201 0 
0 5829
0 1407
cob=(2)
cfi=(2)
cfn=(4920)
calls=201 0 
0 16624
0 2613

fn=(7210) <tonic::status::Status>::to_header_map
0 2412
cfn=(7212)
calls=201 0 
0 43624
0 3417
cfn=(7214) <tonic::status::Status>::add_header
calls=201 0 
0 103314
0 3819

fn=(7230) core::ptr::drop_glue::<http_body_util::combinators::map_err::MapErr<axum_core::body::Body, <tonic::status::Status>::map_error<axum_core::error::Error>>>
0 2010
cfn=(7100)
calls=201 0 
0 26138
0 1407
cob=(2)
cfi=(2)
cfn=(4920)
calls=201 0 
0 14673

fn=(7240) <tokio::sync::oneshot::Sender<core::result::Result<http::response::Response<hyper::body::incoming::Incoming>, hyper::error::Error>>>::send
0 3819
cob=(2)
cfi=(2)
cfn=(4536)
calls=201 0 
0 5829
0 3384
cfn=(6692)
calls=190 0 
0 9880
0 1282
cfn=(7258)
calls=38 0 
0 4332
0 1809

fn=(7244)
0 6231
cfn=(7246)
calls=201 0 
0 19194
0 2010

fn=(7260) tokio::runtime::task::raw::dealloc::<core::pin::Pin<alloc::boxed::Box<dyn core::future::future::Future<Output = ()> + core::marker::Send>>, alloc::sync::Arc<tokio::runtime::scheduler::multi_thread::handle::Handle>>
0 1820
cfn=(7262)
calls=364 0 
0 9464
0 1820
cob=(2)
cfi=(2)
cfn=(4920)
calls=364 0 
0 85694

fn=(7282)
0 1206

fn=(7316)
0 3015

fn=(7326) <http::header::map::HeaderMap>::remove_found
0 13869

fn=(7528) <std::sys::sync::mutex::futex::Mutex>::lock_contended
0 753
cob=(2)
cfi=(2)
cfn=(6426)
calls=1 0 
0 11
0 5

fn=(7574)
0 40
cfn=(6504)
calls=1 0 
0 55
0 9
cfn=(6504)
calls=3 0 
0 89
0 18

fn=(7610)
0 76
cfn=(7612)
calls=1 0 
0 10619
0 19
cob=(2)
cfi=(2)
cfn=(4536)
calls=3 0 
0 732
0 36

fn=(7622)
0 22
cfn=(7624) core::ptr::drop_glue::<matchit::tree::Node<axum::routing::RouteId>>
calls=2 0 
0 694
0 89
cob=(2)
cfi=(2)
cfn=(4920)
calls=2 0 
0 146
0 76
cfn=(7122)
calls=3 0 
0 304
0 25
cob=(2)
cfi=(2)
cfn=(4920)
calls=2 0 
0 146
0 26
cob=(2)
cfi=(2)
cfn=(4920)
calls=2 0 
0 146

fn=(7638) alloc::io::error::custom_owner_from_box::drop_box_raw::<dyn core::error::Error + core::marker::Send + core::marker::Sync>
0 26
cfn=(7640)
calls=2 0 
0 154
0 18
cob=(2)
cfi=(2)
cfn=(4920)
calls=2 0 
0 146

fn=(7646) core::ptr::drop_glue::<tokio_util::codec::framed_read::FramedRead<h2::codec::framed_write::FramedWrite<hyper::common::io::compat::Compat<hyper_util::common::rewind::Rewind<hyper_util::rt::tokio::TokioIo<tonic::transport::server::service::io::ServerIo<tokio::net::tcp::stream::TcpStream>>>>, h2::proto::streams::prioritize::Prioritized<hyper::proto::h2::SendBuf<bytes::bytes::Bytes>>>, tokio_util::codec::length_delimited::LengthDelimitedCodec>>
0 9
cfn=(7592) core::ptr::drop_glue::<tokio::net::tcp::stream::TcpStream>
calls=1 0 
0 224
0 2
cfn=(7648) core::ptr::drop_glue::<h2::codec::framed_write::Encoder<h2::proto::streams::prioritize::Prioritized<hyper::proto::h2::SendBuf<bytes::bytes::Bytes>>>>
calls=1 0 
0 3236
0 12
cob=(2)
cfi=(2)
cfn=(4920)
calls=1 0 
0 205
0 5
cob=(2)
cfi=(2)
cfn=(4920)
calls=1 0 
0 125

fn=(7664) core::ptr::drop_glue::<h2::proto::streams::streams::Actions>
0 10
cfn=(7666) core::ptr::drop_glue::<h2::proto::streams::recv::Recv>
calls=2 0 
0 237
0 8
cfn=(6782)
calls=1 0 
0 8
0 28
cob=(2)
cfi=(2)
cfn=(4920)
calls=2 0 
0 146

fn=(7666)
0 91
cob=(2)
cfi=(2)
cfn=(4920)
calls=2 0 
0 146

fn=(7694)
0 5
cfn=(7696)
calls=1 0 
0 1912

fn=(7714) <alloc::sync::Arc<tokio::sync::mpsc::chan::Chan<tower::buffer::message::Message<http::request::Request<tonic::body::Body>, core::pin::Pin<alloc::boxed::Box<dyn core::future::future::Future<Output = core::result::Result<http::response::Response<tonic::body::Body>, alloc::boxed::Box<dyn core::error::Error + core::marker::Send + core::marker::Sync>>> + core::marker::Send>>>, tokio::sync::mpsc::bounded::Semaphore>>>::drop_slow
0 28
cob=(2)
cfi=(2)
cfn=(4920)
calls=1 0 
0 202
0 2
cob=(2)
cfi=(2)
cfn=(4920)
calls=1 0 
0 199
0 15
cob=(2)
cfi=(2)
cfn=(4920)
calls=1 0 
0 65
0 7

fn=(7718) core::ptr::drop_glue::<tonic::transport::service::grpc_timeout::GrpcTimeout<tower::util::either::Either<tower::limit::concurrency::service::ConcurrencyLimit<tower::util::either::Either<tower::limit::rate::service::RateLimit<tonic::transport::channel::service::reconnect::Reconnect<tonic::transport::channel::service::connection::MakeSendRequestService<tonic::transport::channel::service::connector::Connector<hyper_util::client::legacy::connect::http::HttpConnector>>, http::uri::Uri>>, tonic::transport::channel::service::reconnect::Reconnect<tonic::transport::channel::service::connection::MakeSendRequestService<tonic::transport::channel::service::connector::Connector<hyper_util::client::legacy::connect::http::HttpConnector>>, http::uri::Uri>>>, tower::util::either::Either<tower::limit::rate::service::RateLimit<tonic::transport::channel::service::reconnect::Reconnect<tonic::transport::channel::service::connection::MakeSendRequestService<tonic::transport::channel::service::connector::Connector<hyper_util::client::legacy::connect::http::HttpConnector>>, http::uri::Uri>>, tonic::transport::channel::service::reconnect::Reconnect<tonic::transport::channel::service::connection::MakeSendRequestService<tonic::transport::channel::service::connector::Connector<hyper_util::client::legacy::connect::http::HttpConnector>>, http::uri::Uri>>>>>
0 19
cfn=(7720) core::ptr::drop_glue::<tonic::transport::channel::service::reconnect::Reconnect<tonic::transport::channel::service::connection::MakeSendRequestService<tonic::transport::channel::service::connector::Connector<hyper_util::client::legacy::connect::http::HttpConnector>>, http::uri::Uri>>
calls=1 0 
0 1122

fn=(7736) core::ptr::drop_glue::<tokio::runtime::scheduler::Context>
0 52
cfn=(7738) <alloc::sync::Arc<tokio::runtime::scheduler::multi_thread::worker::Worker>>::drop_slow
calls=4 0 
0 392
0 60

fn=(7922)
0 4
cfn=(7924) core::ptr::drop_glue::<tokio::runtime::driver::Driver>
calls=1 0 
0 248
0 7
cob=(2)
cfi=(2)
cfn=(4920)
calls=1 0 
0 65

fn=(7930)
0 23
cob=(2)
cfi=(2)
cfn=(4920)
calls=1 0 
0 65

fn=(7936) <std::thread::lifecycle::JoinInner<()>>::join
0 36
cob=(2)
cfi=(2)
cfn=(7938) pthread_join
calls=4 0 
0 536
0 84
cfn=(7994)
calls=4 0 
0 964
0 20
cfn=(7996)
calls=4 0 
0 632
0 32

fn=(8000) <alloc::sync::Arc<tokio::runtime::blocking::pool::Inner>>::drop_slow
0 6
cfn=(8002) core::ptr::drop_glue::<tokio::runtime::blocking::pool::Inner>
calls=1 0 
0 283
0 9
cob=(2)
cfi=(2)
cfn=(4920)
calls=1 0 
0 65

fn=(6530)
0 14844
cfn=(6532)
calls=201 0 
0 74369
0 9637
cfn=(6548)
calls=201 0 
0 113529
0 1407
cob=(2)
cfi=(2)
cfn=(4536)
calls=201 0 
0 5829
0 1206
cob=(2)
cfi=(2)
cfn=(4536)
calls=201 0 
0 5829
0 14428
cfn=(6554) <tonic::client::grpc::Grpc<tonic::transport::channel::Channel>>::streaming::<tokio_stream::once::Once<devloop::echo::EchoRequest>, devloop::echo::EchoRequest, devloop::echo::EchoReply, tonic_prost::codec::ProstCodec<devloop::echo::EchoRequest, devloop::echo::EchoReply>>::{closure#0}
calls=592 0 
0 1192248
0 2178
cfn=(7312)
calls=201 0 
0 2613
0 1407
cob=(2)
cfi=(2)
cfn=(4536)
calls=201 0 
0 12864
0 402
cfn=(7314) core::ptr::drop_glue::<<tonic::client::grpc::Grpc<tonic::transport::channel::Channel>>::server_streaming<devloop::echo::EchoRequest, devloop::echo::EchoReply, tonic_prost::codec::ProstCodec<devloop::echo::EchoRequest, devloop::echo::EchoReply>>::{closure#0}>
calls=201 0 
0 2613
0 1809
cob=(2)
cfi=(2)
cfn=(4536)
calls=201 0 
0 12864
0 6903

fn=(6538)
0 11658
cfn=(6540) <tokio::sync::batch_semaphore::Acquire as core::future::future::Future>::poll
calls=201 0 
0 15075
0 1005
cfn=(6546) core::ptr::drop_glue::<<tokio::sync::mpsc::bounded::Sender<tower::buffer::message::Message<http::request::Request<tonic::body::Body>, core::pin::Pin<alloc::boxed::Box<dyn core::future::future::Future<Output = core::result::Result<http::response::Response<tonic::body::Body>, alloc::boxed::Box<dyn core::error::Error + core::marker::Send + core::marker::Sync>>> + core::marker::Send>>>>>::reserve_owned::{closure#0}>
calls=201 0 
0 2613
0 1407
cfn=(6542)
calls=201 0 
0 1809
0 2010
cfn=(6544) core::ptr::drop_glue::<<tokio::sync::mpsc::bounded::Sender<tower::buffer::message::Message<http::request::Request<tonic::body::Body>, core::pin::Pin<alloc::boxed::Box<dyn core::future::future::Future<Output = core::result::Result<http::response::Response<tonic::body::Body>, alloc::boxed::Box<dyn core::error::Error + core::marker::Send + core::marker::Sync>>> + core::marker::Send>>>>>::reserve_inner::{closure#0}>
calls=201 0 
0 1809
0 4020

fn=(6546)
0 2613

fn=(5036)
0 3
cfn=(5038)
calls=1 0 
0 3782204
0 3

fn=(5088) <tokio::runtime::builder::Builder>::build
0 19
cfn=(5090)
calls=1 0 
0 763
0 5
cfn=(5114)
calls=1 0 
0 6422
0 15
cfn=(5168) <tokio::runtime::driver::Driver>::new
calls=1 0 
0 3027
0 10
cob=(2)
cfi=(2)
cfn=(4536)
calls=1 0 
0 29
0 8
cob=(2)
cfi=(2)
cfn=(4536)
calls=1 0 
0 29
0 6
cfn=(5210) tokio::runtime::blocking::create_blocking_pool
calls=1 0 
0 607
0 9
cfn=(5222)
calls=1 0 
0 63
0 4
cfn=(5222)
calls=1 0 
0 63
0 6
cob=(2)
cfi=(2)
cfn=(4536)
calls=1 0 
0 29
0 57
cob=(2)
cfi=(2)
cfn=(4210)
calls=1 0 
0 190
0 22
cob=(2)
cfi=(2)
cfn=(4210)
calls=1 0 
0 190
0 42
cob=(2)
cfi=(2)
cfn=(4210)
calls=1 0 
0 190
0 25
cob=(2)
cfi=(2)
cfn=(4210)
calls=1 0 
0 190
0 31
cob=(2)
cfi=(2)
cfn=(5224)
calls=1 0 
0 338
0 97
cob=(2)
cfi=(2)
cfn=(4210)
calls=4 0 
0 684
0 32
cob=(2)
cfi=(2)
cfn=(4210)
calls=4 0 
0 760
0 116
cob=(2)
cfi=(2)
cfn=(4210)
calls=4 0 
0 760
0 72
cfn=(5192)
calls=4 0 
0 104
0 16
cfn=(5192)
calls=4 0 
0 104
0 44
cfn=(5222)
calls=4 0 
0 252
0 136
cob=(2)
cfi=(2)
cfn=(4210)
calls=4 0 
0 611
0 186
cob=(2)
cfi=(2)
cfn=(4210)
calls=1 0 
0 190
0 48
cob=(2)
cfi=(2)
cfn=(4210)
calls=1 0 
0 187
0 18
cob=(2)
cfi=(2)
cfn=(4972)
calls=1 0 
0 35
0 92
cob=(2)
cfi=(2)
cfn=(4536)
calls=1 0 
0 29
0 4
cob=(2)
cfi=(2)
cfn=(4210)
calls=1 0 
0 179
0 10
cob=(2)
cfi=(2)
cfn=(4536)
calls=1 0 
0 88
0 122
cob=(2)
cfi=(2)
cfn=(4210)
calls=4 0 
0 760
0 62
cfn=(5298)
calls=1 0 
0 261
0 7
cfn=(5302) core::ptr::drop_glue::<alloc::vec::drain::Drain<alloc::boxed::Box<tokio::runtime::scheduler::multi_thread::worker::Core>>>
calls=1 0 
0 25
0 7
cfn=(5304) core::ptr::drop_glue::<alloc::vec::Vec<alloc::boxed::Box<tokio::runtime::scheduler::multi_thread::worker::Core>>>
calls=1 0 
0 89
0 5
cfn=(5306)
calls=1 0 
0 77
0 73
cfn=(5344)
calls=4 0 
0 116
0 156
cob=(2)
cfi=(2)
cfn=(5224)
calls=4 0 
0 1826
0 48
cob=(2)
cfi=(2)
cfn=(4536)
calls=4 0 
0 116
0 20
cfn=(5392) <tokio::runtime::blocking::pool::Spawner>::spawn_task
calls=4 0 
0 16182
0 65
cfn=(5658) core::ptr::drop_glue::<alloc::vec::drain::Drain<alloc::sync::Arc<tokio::runtime::scheduler::multi_thread::worker::Worker>>>
calls=1 0 
0 26
0 2
cfn=(5660) core::ptr::drop_glue::<tokio::runtime::scheduler::multi_thread::worker::Launch>
calls=1 0 
0 88
0 8
cfn=(5662)
calls=1 0 
0 45
0 9
cfn=(5308)
calls=1 0 
0 237
0 3

fn=(5120)
0 22
cfn=(5122)
calls=2 0 
0 247
0 20
cob=(2)
cfi=(2)
cfn=(5126) lseek
calls=2 0 
0 10
0 32

fn=(5142) <std::path::Components>::as_path
0 144
cfn=(5140)
calls=3 0 
0 233
0 36

fn=(5160)
0 12
cfn=(5120)
calls=1 0 
0 165
0 15
cfn=(5128)
calls=1 0 
0 250
0 9
cfn=(5058)
calls=1 0 
0 109
0 14

fn=(5192)
0 57474
cob=(2)
cfi=(2)
cfn=(5194) clock_gettime
calls=9579 0 
0 95790
0 95790

fn=(5392)
0 158
cfn=(5394) <alloc::collections::vec_deque::VecDeque<tokio::runtime::blocking::pool::Task>>::grow
calls=1 0 
0 297
0 154
cfn=(5428) <tokio::runtime::builder::Builder>::new::{closure#0}
calls=4 0 
0 917
0 151
cfn=(5092)
calls=1 0 
0 818
0 55
cfn=(5468) <std::thread::thread::thread_name_string::ThreadNameString as core::convert::From<alloc::string::String>>::from
calls=4 0 
0 904
0 16
cob=(2)
cfi=(2)
cfn=(4210)
calls=4 0 
0 710
0 52
cfn=(5474)
calls=4 0 
0 809
0 24
cob=(2)
cfi=(2)
cfn=(4210)
calls=4 0 
0 839
0 164
cob=(2)
cfi=(2)
cfn=(4210)
calls=4 0 
0 802
0 92
cob=(2)
cfi=(2)
cfn=(4210)
calls=4 0 
0 731
0 48
cfn=(5498) <std::sys::thread::unix::Thread>::new
calls=4 0 
0 6401
0 48
cfn=(5630)
calls=4 0 
0 584
0 290
cfn=(5632)
calls=2 0 
0 1116
0 2

fn=(5688)
0 12
cob=(2)
cfi=(2)
cfn=(5690) socket
calls=1 0 
0 5
0 10
cob=(2)
cfi=(2)
cfn=(5692) setsockopt
calls=1 0 
0 6
0 17
cob=(2)
cfi=(2)
cfn=(5694) bind
calls=1 0 
0 5
0 5
cob=(2)
cfi=(2)
cfn=(5696) listen
calls=1 0 
0 5
0 11

fn=(5700)
0 66
cob=(2)
cfi=(2)
cfn=(5224)
calls=3 0 
0 1476
0 36
cob=(2)
cfi=(2)
cfn=(4536)
calls=3 0 
0 87
0 69

fn=(5708)
0 98101
cfn=(5710) <tokio::runtime::scheduler::multi_thread::handle::Handle>::push_remote_task
calls=1 0 
0 44
0 4
cfn=(5712)
calls=1 0 
0 17
0 1623
cfn=(5710)
calls=405 0 
0 18426
0 1620
cfn=(5712)
calls=405 0 
0 15170
0 3235
cfn=(6504)
calls=202 0 
0 21964
0 106076
cfn=(5712)
calls=810 0 
0 28284
0 4806
cfn=(6504)
calls=354 0 
0 22656
0 6952

fn=(5724)
0 2
cfn=(5726) <core::net::ip_addr::Ipv4Addr as core::fmt::Display>::fmt
calls=1 0 
0 1261

fn=(5788)
0 7
cfn=(5790)
calls=1 0 
0 77
0 26
cob=(2)
cfi=(2)
cfn=(4210)
calls=1 0 
0 41
0 56

fn=(5790)
0 110
cfn=(5782)
calls=1 0 
0 16
cfn=(5802)
calls=4 0 
0 40
0 50
cfn=(5792)
calls=5 0 
0 35
0 3951
cfn=(5792)
calls=201 0 
0 1407
cfn=(5782)
calls=1 0 
0 16
0 2020
cfn=(5792)
calls=201 0 
0 1407
cfn=(5792)
calls=1 0 
0 7
0 4444

fn=(5822)
0 41
cfn=(5824) <tonic::transport::channel::service::connector::Connector<hyper_util::client::legacy::connect::http::HttpConnector> as tower_service::Service<http::uri::Uri>>::call::{closure#0}
calls=1 0 
0 838
0 3
cfn=(5824)
calls=1 0 
0 2725
0 20
cfn=(6460)
calls=1 0 
0 12
0 4
cob=(2)
cfi=(2)
cfn=(4920)
calls=1 0 
0 65
0 57
cfn=(6462)
calls=1 0 
0 7927
0 11
cob=(2)
cfi=(2)
cfn=(4536)
calls=1 0 
0 29
0 2
cfn=(6508)
calls=1 0 
0 17
0 6
cob=(2)
cfi=(2)
cfn=(4536)
calls=1 0 
0 29
0 8
cob=(2)
cfi=(2)
cfn=(4210)
calls=1 0 
0 338
0 12
cob=(2)
cfi=(2)
cfn=(4536)
calls=1 0 
0 76
0 7
cob=(2)
cfi=(2)
cfn=(4210)
calls=1 0 
0 187
0 15
cfn=(6494)
calls=1 0 
0 783
0 41

fn=(5824)
0 50
cfn=(5826) <hyper_util::client::legacy::connect::http::HttpConnector as tower_service::Service<http::uri::Uri>>::call::{closure#0}
calls=1 0 
0 529
0 2
cfn=(5826)
calls=1 0 
0 2681
0 28
cfn=(6458)
calls=1 0 
0 13
0 4
cob=(2)
cfi=(2)
cfn=(4920)
calls=1 0 
0 170
0 8
cob=(2)
cfi=(2)
cfn=(4210)
calls=1 0 
0 41
0 37

fn=(5836) <http::uri::authority::Authority>::port
0 14
cfn=(5834)
calls=1 0 
0 72
0 122

fn=(6046) <std::sys::thread::unix::Thread>::new::thread_start
0 86
cob=(2)
cfi=(2)
cfn=(6054) pthread_setspecific
calls=3 0 
0 99
0 67
cfn=(6048)
calls=1 0 
0 93
0 3
cob=(2)
cfi=(2)
cfn=(6054)
calls=1 0 
0 33
0 22
cob=(2)
cfi=(2)
cfn=(4536)
calls=4 0 
0 48
0 12
cob=(2)
cfi=(2)
cfn=(4198)
calls=4 0 
0 8
0 12
cob=(2)
cfi=(2)
cfn=(6056) pthread_setname_np
calls=4 0 
0 212
0 24
cob=(2)
cfi=(2)
cfn=(4920)
calls=4 0 
0 5265
0 8
cfn=(5014)
calls=4 0 
0 6844
0 12
cfn=(6154)
calls=4 0 
0 25019576
0 16
cob=(2)
cfi=(2)
cfn=(4920)
calls=4 0 
0 312
0 8
cfn=(7748) <std::sys::pal::unix::stack_overflow::Handler as core::ops::drop::Drop>::drop
calls=4 0 
0 1945
0 32

fn=(6166) <tokio::runtime::metrics::worker::WorkerMetrics>::set_thread_id
0 132

fn=(6180) <tonic::transport::server::Server>::add_service::<devloop::echo::echo_server::EchoServer<devloop::TonicEchod>>
0 77
cfn=(6182) <tonic::service::router::Routes as core::default::Default>::default
calls=1 0 
0 11486
0 12
cfn=(5714)
calls=1 0 
0 824
0 14
cfn=(6230)
calls=1 0 
0 172
0 2
cob=(2)
cfi=(2)
cfn=(4210)
calls=1 0 
0 41
0 24
cfn=(6246)
calls=1 0 
0 4855
0 8
cob=(2)
cfi=(2)
cfn=(4536)
calls=1 0 
0 29
0 4
cob=(2)
cfi=(2)
cfn=(4210)
calls=1 0 
0 41
0 10
cob=(2)
cfi=(2)
cfn=(4536)
calls=1 0 
0 29
0 4
cob=(2)
cfi=(2)
cfn=(4920)
calls=1 0 
0 73
0 78

fn=(6186) <axum::routing::Endpoint<()> as core::clone::Clone>::clone
0 65
cfn=(6232)
calls=1 0 
0 220
0 9
cfn=(6188)
calls=1 0 
0 3
0 49
cob=(2)
cfi=(2)
cfn=(4536)
calls=1 0 
0 29
0 19

fn=(6190) <axum::routing::path_router::PathRouter<(), true>>::replace_endpoint
0 68
cfn=(6192) <axum::routing::path_router::Node>::at
calls=4 0 
0 442
0 32
cob=(2)
cfi=(2)
cfn=(4536)
calls=2 0 
0 128
0 10
cfn=(6220) <hashbrown::map::HashMap<axum::routing::RouteId, axum::routing::Endpoint<()>, std::hash::random::RandomState>>::insert
calls=2 0 
0 618
0 18
cob=(2)
cfi=(2)
cfn=(4536)
calls=2 0 
0 104
0 8
cfn=(6198)
calls=2 0 
0 264
0 86
cob=(2)
cfi=(2)
cfn=(4210)
calls=2 0 
0 420
0 22
cob=(2)
cfi=(2)
cfn=(4536)
calls=2 0 
0 25
0 4
cob=(2)
cfi=(2)
cfn=(4210)
calls=2 0 
0 420
0 20
cob=(2)
cfi=(2)
cfn=(4536)
calls=2 0 
0 25
0 12
cfn=(6200)
calls=2 0 
0 347
0 6
cfn=(6202)
calls=2 0 
0 739
0 161
cfn=(6206)
calls=1 0 
0 386
0 21
cfn=(6206)
calls=1 0 
0 1189
0 40
cob=(2)
cfi=(2)
cfn=(4920)
calls=2 0 
0 146
0 52
cob=(2)
cfi=(2)
cfn=(4210)
calls=2 0 
0 254
0 32
cob=(2)
cfi=(2)
cfn=(4536)
calls=2 0 
0 25
0 4
cob=(2)
cfi=(2)
cfn=(4920)
calls=2 0 
0 146
0 20
cfn=(6210)
calls=2 0 
0 236
0 128
cfn=(6216) <std::hash::random::RandomState as core::hash::BuildHasher>::hash_one::<&alloc::sync::Arc<str>>
calls=2 0 
0 392
0 126
cob=(2)
cfi=(2)
cfn=(4536)
calls=2 0 
0 128
0 10
cfn=(6220)
calls=2 0 
0 976
0 11
cfn=(6214)
calls=1 0 
0 326
0 6
cfn=(6218)
calls=1 0 
0 326
0 5

fn=(6192)
0 9013
cob=(2)
cfi=(2)
cfn=(5150)
calls=204 0 
0 3667
0 413
cob=(2)
cfi=(2)
cfn=(5150)
calls=1 0 
0 9
0 10576
cfn=(6236) <matchit::params::Params>::push
calls=202 0 
0 4646
0 6904
cfn=(6234) <matchit::params::Params>::for_each_key_mut::<<matchit::tree::Node<axum::routing::RouteId>>::at::{closure#0}>
calls=1 0 
0 8
0 3

fn=(6234)
0 8

fn=(6248) <tonic::transport::server::Router>::serve_with_incoming::<tokio_stream::wrappers::tcp_listener::TcpListenerStream, tokio::net::tcp::stream::TcpStream, core::io::error::Error, tonic::body::Body>::{closure#0}
0 52
cob=(2)
cfi=(2)
cfn=(4536)
calls=1 0 
0 29
0 13
cfn=(6250) <tonic::service::router::Routes>::prepare
calls=1 0 
0 3334
0 8
cob=(2)
cfi=(2)
cfn=(4536)
calls=1 0 
0 29
0 5
cob=(2)
cfi=(2)
cfn=(4536)
calls=1 0 
0 29
0 30
cob=(2)
cfi=(2)
cfn=(4536)
calls=1 0 
0 29
0 9
cob=(2)
cfi=(2)
cfn=(4536)
calls=1 0 
0 52
0 5
cob=(2)
cfi=(2)
cfn=(4536)
calls=1 0 
0 52
0 11
cob=(2)
cfi=(2)
cfn=(4536)
calls=1 0 
0 29
0 103
cob=(2)
cfi=(2)
cfn=(4536)
calls=1 0 
0 29
0 7
cob=(2)
cfi=(2)
cfn=(4536)
calls=1 0 
0 29
0 2
cob=(2)
cfi=(2)
cfn=(4210)
calls=1 0 
0 41
0 42
cob=(2)
cfi=(2)
cfn=(4536)
calls=1 0 
0 29
0 2
cob=(2)
cfi=(2)
cfn=(4210)
calls=1 0 
0 342
0 17
cob=(2)
cfi=(2)
cfn=(4972)
calls=1 0 
0 35
0 13
cob=(2)
cfi=(2)
cfn=(4210)
calls=1 0 
0 41
0 142
cfn=(6308)
calls=2 0 
0 535
0 27
cfn=(6308)
calls=1 0 
0 905
0 33
cfn=(6368) <tonic::transport::server::MakeSvc<tonic::service::router::Routes, tokio::net::tcp::stream::TcpStream> as tower_service::Service<&tonic::transport::server::service::io::ServerIo<tokio::net::tcp::stream::TcpStream>>>::call
calls=1 0 
0 469
0 163
cob=(2)
cfi=(2)
cfn=(4536)
calls=1 0 
0 244
0 11
cob=(2)
cfi=(2)
cfn=(4536)
calls=1 0 
0 244
0 21
cob=(2)
cfi=(2)
cfn=(4536)
calls=1 0 
0 244
0 13
cob=(2)
cfi=(2)
cfn=(4536)
calls=1 0 
0 244
0 10
cob=(2)
cfi=(2)
cfn=(5224)
calls=1 0 
0 559
0 12
cob=(2)
cfi=(2)
cfn=(4536)
calls=1 0 
0 256
0 5
cfn=(5706)
calls=1 0 
0 82
0 12
cfn=(5708)
calls=1 0 
0 52
0 80

fn=(6334) <tokio::runtime::scheduler::multi_thread::handle::Handle>::next_remote_task
0 26971

fn=(6344)
0 23540
cob=(2)
cfi=(2)
cfn=(6346) epoll_wait
calls=1102 0 
0 66120
0 200
cob=(2)
cfi=(2)
cfn=(6346)
calls=50 0 
0 3000
0 51430
cfn=(6348) <tokio::runtime::io::scheduled_io::ScheduledIo>::wake
calls=949 0 
0 155336
0 13958

fn=(6356) <tokio::runtime::scheduler::multi_thread::worker::Core>::maintenance
0 101400

fn=(6406) <core::pin::Pin<&mut tonic::transport::server::Fuse<<tokio::sync::watch::Receiver<()>>::changed::{closure#0}>> as core::future::future::Future>::poll
0 16700

fn=(6434)
0 64614

fn=(6442) <hyper_util::rt::tokio::TokioIo<tonic::transport::server::service::io::ServerIo<tokio::net::tcp::stream::TcpStream>> as hyper::rt::io::Read>::poll_read
0 25177
cfn=(6444)
calls=1481 0 
0 253994
0 18681

fn=(6456) core::ptr::drop_glue::<<hyper_util::client::legacy::connect::http::ConnectingTcp>::connect::{closure#0}>
0 19

fn=(6486)
0 25
cfn=(6488)
calls=1 0 
0 43
0 16

fn=(8034) <alloc::sync::Arc<tokio::runtime::park::Inner>>::drop_slow
0 6
cob=(2)
cfi=(2)
cfn=(4920)
calls=1 0 
0 117

fn=(6558)
0 33165

fn=(6608) <h2::proto::streams::prioritize::Prioritize>::reclaim_frame::<hyper::common::io::compat::Compat<hyper_util::common::rewind::Rewind<hyper_util::rt::tokio::TokioIo<tonic::transport::server::service::io::ServerIo<tokio::net::tcp::stream::TcpStream>>>>, hyper::proto::h2::SendBuf<bytes::bytes::Bytes>>
0 60254
cfn=(7060) <h2::proto::streams::prioritize::Prioritize>::reclaim_frame_inner::<hyper::proto::h2::SendBuf<bytes::bytes::Bytes>>
calls=201 0 
0 73748
0 34665

fn=(6624) <h2::proto::connection::Connection<hyper::common::io::compat::Compat<tonic::transport::channel::service::io::BoxedIo>, h2::client::Peer, hyper::proto::h2::SendBuf<bytes::bytes::Bytes>>>::poll
0 118472
cfn=(6604)
calls=1004 0 
0 17068
0 83124
cfn=(6400)
calls=1 0 
0 172
0 55
cfn=(6636)
calls=1 0 
0 47
0 111547
cfn=(6628)
calls=606 0 
0 60572
0 35393
cfn=(6626)
calls=1415 0 
0 280407
0 28375
cfn=(6628)
calls=604 0 
0 180453
0 7652
cfn=(6626)
calls=193 0 
0 46513
0 16555
cfn=(6632)
calls=606 0 
0 706951
0 16534
cob=(2)
cfi=(2)
cfn=(4536)
calls=606 0 
0 17574
0 21364
cob=(2)
cfi=(2)
cfn=(4536)
calls=606 0 
0 17574
0 7878
cob=(2)
cfi=(2)
cfn=(4536)
calls=606 0 
0 17574
0 2424
cfn=(6634) <h2::proto::connection::DynConnection<hyper::proto::h2::SendBuf<bytes::bytes::Bytes>>>::recv_frame
calls=606 0 
0 657227
0 14647
cfn=(6798) <h2::proto::streams::recv::Recv>::apply_local_settings
calls=1 0 
0 120
0 7289
cob=(2)
cfi=(2)
cfn=(4536)
calls=606 0 
0 17574
0 25718
cfn=(6646)
calls=201 0 
0 114168
0 85335
cfn=(6646)
calls=1004 0 
0 244327
0 38152
cfn=(6642) <h2::proto::streams::prioritize::Prioritize>::reclaim_frame::<hyper::common::io::compat::Compat<tonic::transport::channel::service::io::BoxedIo>, hyper::proto::h2::SendBuf<bytes::bytes::Bytes>>
calls=1004 0 
0 32128
0 34137
cfn=(6642)
calls=1205 0 
0 105591
0 28322
cfn=(6610) <h2::proto::streams::prioritize::Prioritize>::pop_pending_open
calls=1607 0 
0 93829
0 4219
cfn=(6818)
calls=201 0 
0 9849
0 603
cfn=(6780)
calls=201 0 
0 42411
0 11249
cfn=(6612)
calls=1607 0 
0 473895
0 5626
cob=(2)
cfi=(2)
cfn=(4536)
calls=603 0 
0 38592
0 6834
cob=(2)
cfi=(2)
cfn=(4536)
calls=402 0 
0 25728
0 1005
cob=(2)
cfi=(2)
cfn=(4536)
calls=201 0 
0 12864
0 2412
cfn=(6400)
calls=603 0 
0 942658
0 4221
cfn=(6642)
calls=603 0 
0 31155
0 609
cfn=(6400)
calls=1 0 
0 118
0 5
cfn=(6478)
calls=1 0 
0 19
0 18074
cfn=(6312)
calls=1004 0 
0 7028
0 5824
cfn=(6782)
calls=402 0 
0 3216
0 29116

fn=(6634)
0 45924
cfn=(7062)
calls=603 0 
0 18090
0 35577
cfn=(7064)
calls=603 0 
0 298711
0 8419
cob=(2)
cfi=(2)
cfn=(4536)
calls=603 0 
0 31356
0 4824
cob=(2)
cfi=(2)
cfn=(4536)
calls=603 0 
0 38592
0 17487
cfn=(6724)
calls=603 0 
0 71757
0 19505
cfn=(6638)
calls=2 0 
0 162
0 17497
cfn=(6900)
calls=603 0 
0 10251
0 12261
cfn=(6920) <h2::proto::streams::streams::Actions>::reset_on_recv_stream_err::<hyper::proto::h2::SendBuf<bytes::bytes::Bytes>>
calls=402 0 
0 9648
0 1608
cfn=(6920)
calls=201 0 
0 4824
0 4824
cfn=(6824)
calls=603 0 
0 34371
0 12663
cfn=(6894)
calls=201 0 
0 6432
0 2010
cfn=(6710)
calls=201 0 
0 19497
0 603
cfn=(6896) <h2::proto::streams::store::VacantEntry>::insert
calls=201 0 
0 37494
0 13266
cob=(2)
cfi=(2)
cfn=(4536)
calls=603 0 
0 31356
0 3015
cfn=(6900)
calls=603 0 
0 10251
0 4824
cfn=(6900)
calls=603 0 
0 10251
0 8691
cob=(2)
cfi=(2)
cfn=(4536)
calls=201 0 
0 12864
0 1005
cfn=(7320)
calls=201 0 
0 45409
0 2211
cob=(2)
cfi=(2)
cfn=(4536)
calls=402 0 
0 25728
0 2412
cfn=(6902)
calls=402 0 
0 506646
0 6231
cfn=(6920)
calls=603 0 
0 14472
0 4824
cfn=(6824)
calls=603 0 
0 61104
0 27139
cob=(2)
cfi=(2)
cfn=(6426)
calls=1 0 
0 11
0 13323

fn=(6642)
0 61868
cfn=(7060)
calls=402 0 
0 72860
0 34146

fn=(6644)
0 25500

fn=(6650)
0 1608
cfn=(6652)
calls=402 0 
0 2043072

fn=(6668)
0 25728
cfn=(6670) <tokio::sync::mpsc::list::Rx<tower::buffer::message::Message<http::request::Request<tonic::body::Body>, core::pin::Pin<alloc::boxed::Box<dyn core::future::future::Future<Output = core::result::Result<http::response::Response<tonic::body::Body>, alloc::boxed::Box<dyn core::error::Error + core::marker::Send + core::marker::Sync>>> + core::marker::Send>>>>>::pop
calls=402 0 
0 24199
0 2613
cfn=(6662)
calls=201 0 
0 8643
0 804
cfn=(6670)
calls=201 0 
0 6060
0 1809
cob=(2)
cfi=(2)
cfn=(4536)
calls=201 0 
0 12864
0 3216
cfn=(6672) <tokio::sync::batch_semaphore::Semaphore>::add_permits_locked
calls=201 0 
0 13065
0 804
cob=(2)
cfi=(2)
cfn=(4536)
calls=201 0 
0 12864
0 1407
cob=(2)
cfi=(2)
cfn=(4536)
calls=201 0 
0 12864
0 3417
cob=(2)
cfi=(2)
cfn=(4536)
calls=201 0 
0 12864
0 2010
cob=(2)
cfi=(2)
cfn=(4536)
calls=201 0 
0 10452
0 3015
cfn=(5808)
calls=201 0 
0 26130
0 3216
cob=(2)
cfi=(2)
cfn=(4536)
calls=201 0 
0 5829
0 1005
cfn=(6674)
calls=201 0 
0 419966
0 2814
cfn=(6690) <tokio::sync::oneshot::Sender<core::result::Result<core::pin::Pin<alloc::boxed::Box<dyn core::future::future::Future<Output = core::result::Result<http::response::Response<tonic::body::Body>, alloc::boxed::Box<dyn core::error::Error + core::marker::Send + core::marker::Sync>>> + core::marker::Send>>, tower::buffer::error::ServiceError>>>::send
calls=201 0 
0 21974
0 6030

fn=(6670)
0 13847
cob=(2)
cfi=(2)
cfn=(4536)
calls=201 0 
0 10426
0 6044

fn=(6704)
0 804

fn=(6712)
0 5628
cfn=(6568)
calls=201 0 
0 60169
0 12864
cob=(2)
cfi=(2)
cfn=(4210)
calls=201 0 
0 8241
0 2406
cob=(2)
cfi=(2)
cfn=(4536)
calls=200 0 
0 2000
0 4
cob=(2)
cfi=(2)
cfn=(4536)
calls=1 0 
0 10
0 1005
cfn=(5786)
calls=201 0 
0 201
0 11256
cfn=(6714)
calls=201 0 
0 7839
0 1206
cob=(2)
cfi=(2)
cfn=(4210)
calls=201 0 
0 8585
0 2407
cob=(2)
cfi=(2)
cfn=(4536)
calls=200 0 
0 2400
0 3
cob=(2)
cfi=(2)
cfn=(4536)
calls=1 0 
0 12
0 3618
cfn=(5776)
calls=201 0 
0 1809
0 804
cob=(2)
cfi=(2)
cfn=(4536)
calls=201 0 
0 5829
0 15477
cfn=(6716)
calls=603 0 
0 4221
0 6633
cob=(2)
cfi=(2)
cfn=(4536)
calls=201 0 
0 5829
0 1407
cob=(2)
cfi=(2)
cfn=(4536)
calls=201 0 
0 5829
0 3015

fn=(6716)
0 42413

fn=(6856)
0 105888
cfn=(6858) <h2::hpack::decoder::Table>::get
calls=1994 0 
0 127164
0 47856
cfn=(6860)
calls=1994 0 
0 185442
0 9970
cfn=(6862)
calls=1994 0 
0 9970
0 5982
cfn=(6864)
calls=1994 0 
0 492823
0 2122
cfn=(6868) <h2::hpack::decoder::Decoder>::decode_literal
calls=16 0 
0 22830
0 368
cfn=(6874) <h2::hpack::header::Header as core::clone::Clone>::clone
calls=16 0 
0 3198
0 1784
cfn=(6868)
calls=201 0 
0 272792
0 4824
cfn=(6860)
calls=201 0 
0 18693
0 1005
cfn=(6862)
calls=201 0 
0 1005
0 603
cfn=(6864)
calls=201 0 
0 12060
0 232
cfn=(6716)
calls=14 0 
0 98
0 260
cfn=(6878) <alloc::collections::vec_deque::VecDeque<h2::hpack::header::Header>>::grow
calls=4 0 
0 2469
0 100
cfn=(6860)
calls=4 0 
0 372
0 276
cfn=(6860)
calls=12 0 
0 1116
0 80
cfn=(6862)
calls=16 0 
0 80
0 208
cfn=(6864)
calls=16 0 
0 5167
0 29748

fn=(6870) <h2::hpack::decoder::Decoder>::try_decode_string
0 13143
cfn=(6832)
calls=1 0 
0 665
0 182990
cfn=(6882) <bytes::bytes_mut::BytesMut as bytes::buf::buf_mut::BufMut>::put_slice
calls=203 0 
0 8323
0 2691
cfn=(6630)
calls=219 0 
0 10003
0 7227

fn=(6908)
0 6231

fn=(6928) <hyper::proto::h2::ping::Recorder>::record_non_data
0 11256

fn=(6934)
0 31500
cfn=(6936)
calls=630 0 
0 5651661
0 18312
cfn=(7224)
calls=201 0 
0 228208
0 1809
cfn=(7224)
calls=201 0 
0 21091
0 402
cfn=(7236)
calls=201 0 
0 43838
0 5040

fn=(6948)
0 2412
cfn=(6950) <tonic::transport::service::grpc_timeout::GrpcTimeout<tonic::service::router::Routes> as tower_service::Service<http::request::Request<tonic::body::Body>>>::call
calls=201 0 
0 490035
0 1608

fn=(6950)
0 2613
cfn=(6676)
calls=201 0 
0 62109
0 3216
cob=(2)
cfi=(2)
cfn=(4210)
calls=201 0 
0 8763
0 3006
cob=(2)
cfi=(2)
cfn=(4536)
calls=200 0 
0 5800
0 7
cob=(2)
cfi=(2)
cfn=(4536)
calls=1 0 
0 29
0 1407
cob=(2)
cfi=(2)
cfn=(4536)
calls=201 0 
0 5829
0 3819
cfn=(6192)
calls=201 0 
0 34797
0 4221
cfn=(6952)
calls=201 0 
0 228350
0 1206
cfn=(6210)
calls=201 0 
0 23718
0 6030
cob=(2)
cfi=(2)
cfn=(4536)
calls=201 0 
0 5829
0 1407
cfn=(6964)
calls=201 0 
0 18333
0 1407
cob=(2)
cfi=(2)
cfn=(4536)
calls=201 0 
0 5829
0 1809
cfn=(6966) <axum::routing::route::Route>::oneshot_inner_owned
calls=201 0 
0 13065
0 1005
cob=(2)
cfi=(2)
cfn=(4536)
calls=201 0 
0 12864
0 1407
cob=(2)
cfi=(2)
cfn=(4536)
calls=201 0 
0 12864
0 1809
cob=(2)
cfi=(2)
cfn=(4536)
calls=201 0 
0 12864
0 4623

fn=(6960) <alloc::borrow::Cow<[u8]> as core::convert::From<percent_encoding::PercentDecode>>::from
0 24321

fn=(7000)
0 12740
cfn=(7002)
calls=637 0 
0 1911
0 1206
cfn=(7002)
calls=402 0 
0 1206
0 5195
cfn=(7004)
calls=1039 0 
0 37466
0 6803
cfn=(7084) <tonic_prost::codec::ProstDecoder<devloop::echo::EchoRequest> as tonic::codec::Decoder>::decode
calls=201 0 
0 155912
0 5161
cfn=(7006) <tonic::codec::decode::StreamingInner>::poll_frame
calls=838 0 
0 464447
0 6101
cfn=(7096)
calls=201 0 
0 2814
0 7709

fn=(7012)
0 15774
cfn=(7174) <http_body_util::combinators::map_err::MapErr<tonic::codec::encode::EncodeBody<tonic_prost::codec::ProstEncoder<devloop::echo::EchoReply>, tokio_stream::wrappers::mpsc_bounded::ReceiverStream<core::result::Result<devloop::echo::EchoReply, tonic::status::Status>>>, <tonic::status::Status>::map_error<tonic::status::Status>> as http_body::Body>::poll_frame
calls=596 0 
0 868754
cfn=(7014)
calls=838 0 
0 327073
0 27312

fn=(7042) core::ptr::drop_glue::<http_body_util::combinators::map_err::MapErr<tonic::codec::encode::EncodeBody<tonic_prost::codec::ProstEncoder<devloop::echo::EchoRequest>, tokio_stream::stream_ext::map::Map<tokio_stream::once::Once<devloop::echo::EchoRequest>, core::result::Result<devloop::echo::EchoRequest, tonic::status::Status>::Ok>>, <tonic::status::Status>::map_error<tonic::status::Status>>>
0 201
cfn=(7044) core::ptr::drop_glue::<tonic::codec::encode::EncodeBody<tonic_prost::codec::ProstEncoder<devloop::echo::EchoRequest>, tokio_stream::stream_ext::map::Map<tokio_stream::once::Once<devloop::echo::EchoRequest>, core::result::Result<devloop::echo::EchoRequest, tonic::status::Status>::Ok>>>
calls=201 0 
0 5226

fn=(7066)
0 10854
cfn=(7054)
calls=603 0 
0 14673
0 6633

fn=(7104) core::ptr::drop_glue::<http_body_util::combinators::map_err::MapErr<hyper::body::incoming::Incoming, <tonic::status::Status>::map_error<hyper::error::Error>>>
0 201
cfn=(7106)
calls=201 0 
0 74169
0 201
cfn=(7106)
calls=201 0 
0 252264

fn=(7124) core::ptr::drop_glue::<<devloop::TonicEchod as devloop::echo::echo_server::Echo>::server_stream::{closure#0}>
0 1809

fn=(7136) core::ptr::drop_glue::<tonic::transport::server::SvcFuture<tonic::service::recover_error::ResponseFuture<tower::util::either::EitherResponseFuture<tower::load_shed::future::ResponseFuture<tower::util::either::EitherResponseFuture<tower::limit::concurrency::future::ResponseFuture<tonic::transport::service::grpc_timeout::ResponseFuture<tonic::service::router::RoutesFuture>>, tonic::transport::service::grpc_timeout::ResponseFuture<tonic::service::router::RoutesFuture>>>, tower::util::either::EitherResponseFuture<tower::limit::concurrency::future::ResponseFuture<tonic::transport::service::grpc_timeout::ResponseFuture<tonic::service::router::RoutesFuture>>, tonic::transport::service::grpc_timeout::ResponseFuture<tonic::service::router::RoutesFuture>>>>>>
0 3015
cfn=(7138)
calls=201 0 
0 7638
0 1809

fn=(7182)
0 11859
cob=(2)
cfi=(2)
cfn=(4210)
calls=804 0 
0 39360
0 9624
cob=(2)
cfi=(2)
cfn=(4536)
calls=800 0 
0 99104
0 16
cob=(2)
cfi=(2)
cfn=(4536)
calls=4 0 
0 494
0 41808
cfn=(6540)
calls=804 0 
0 60300
0 4020
cfn=(6542)
calls=804 0 
0 7236
0 8844
cfn=(7184) core::ptr::drop_glue::<<tokio::sync::mpsc::bounded::Sender<core::result::Result<pbrs_grpc::stream::Framed<pbrs_grpc::codec::prost::Message<pbrs_adoption_corpus::prost_types::EntityList>>, pbrs_grpc::status::Status>>>::reserve_inner::{closure#0}>
calls=804 0 
0 7236
0 12864
cfn=(7186) <tokio::sync::mpsc::list::Tx<core::result::Result<pbrs_grpc::codec::prost::Message<pbrs_adoption_corpus::prost_types::EntityList>, tonic::status::Status>>>::find_block
calls=804 0 
0 17688
0 20294
cfn=(6350)
calls=194 0 
0 17654
0 5628
cfn=(7188)
calls=804 0 
0 10452
0 5829
cob=(2)
cfi=(2)
cfn=(4920)
calls=201 0 
0 13369
0 1407
cfn=(7186)
calls=201 0 
0 4422
0 6030

fn=(7194)
0 4422
cfn=(7190)
calls=201 0 
0 14070
0 1005
cfn=(7050)
calls=201 0 
0 13969
0 2613
cfn=(7196) core::ptr::drop_glue::<tokio::runtime::task::core::Cell<<devloop::TonicEchod as devloop::echo::echo_server::Echo>::server_stream::{closure#0}::{closure#0}, alloc::sync::Arc<tokio::runtime::scheduler::multi_thread::handle::Handle>>>
calls=201 0 
0 5226
0 402
cob=(2)
cfi=(2)
cfn=(4920)
calls=201 0 
0 17318
0 1206

fn=(7226)
0 1206
cfn=(7036)
calls=201 0 
0 48039
0 1608
cfn=(7034)
calls=201 0 
0 155464

fn=(7228) core::ptr::drop_glue::<http_body_util::combinators::map_err::MapErr<http_body_util::combinators::map_err::MapErr<tonic::service::recover_error::ResponseBody<tonic::body::Body>, <tonic::status::Status as core::convert::Into<alloc::boxed::Box<dyn core::error::Error + core::marker::Send + core::marker::Sync>>>::into>, <tonic::status::Status>::map_error<alloc::boxed::Box<dyn core::error::Error + core::marker::Send + core::marker::Sync>>>>
0 2814
cfn=(7230)
calls=201 0 
0 44228
0 1407
cob=(2)
cfi=(2)
cfn=(4920)
calls=201 0 
0 16023

fn=(7250) <h2::proto::streams::store::Ptr>::remove
0 9246
cob=(2)
cfi=(2)
cfn=(4536)
calls=402 0 
0 25728
0 4020
cfn=(7252) core::ptr::drop_glue::<h2::proto::streams::stream::Stream>
calls=402 0 
0 91686
0 3618

fn=(7540) <&mut serde_json::ser::Serializer<&mut alloc::vec::Vec<u8>> as serde_core::ser::Serializer>::serialize_str
0 2450
cob=(2)
cfi=(2)
cfn=(4536)
calls=21 0 
0 256
0 371
cfn=(5736)
calls=2 0 
0 804
0 10

fn=(7542) <serde_json::ser::Compound<&mut alloc::vec::Vec<u8>, serde_json::ser::CompactFormatter> as serde_core::ser::SerializeStruct>::serialize_field::<u64>
0 439
cfn=(7540)
calls=17 0 
0 2886
0 3
cfn=(7540)
calls=1 0 
0 541
0 216
cfn=(7544)
calls=18 0 
0 373
0 252
cob=(2)
cfi=(2)
cfn=(4536)
calls=18 0 
0 265
0 198

fn=(7558)
0 5
cfn=(6240)
calls=1 0 
0 131

fn=(7582) <tokio::runtime::task::core::Core<devloop::rpc_tonic_unary::{closure#0}::{closure#0}, alloc::sync::Arc<tokio::runtime::scheduler::current_thread::Handle>>>::set_stage
0 76
cfn=(7584)
calls=1 0 
0 978
0 19
cob=(2)
cfi=(2)
cfn=(4536)
calls=3 0 
0 624
0 36

fn=(7626) core::ptr::drop_glue::<h2::proto::connection::Connection<hyper::common::io::compat::Compat<hyper_util::common::rewind::Rewind<hyper_util::rt::tokio::TokioIo<tonic::transport::server::service::io::ServerIo<tokio::net::tcp::stream::TcpStream>>>>, h2::server::Peer, hyper::proto::h2::SendBuf<bytes::bytes::Bytes>>>
0 10
cfn=(7628)
calls=1 0 
0 896
0 2
cfn=(7646)
calls=1 0 
0 3818
0 2
cfn=(7652)
calls=1 0 
0 1902
0 2
cfn=(7654)
calls=1 0 
0 10
0 6
cfn=(7656)
calls=1 0 
0 1076

fn=(7628)
0 84
cfn=(7630) <core::io::error::Error>::new::<&str>
calls=2 0 
0 380
0 6
cfn=(7632) <h2::proto::error::Error as core::convert::From<core::io::error::Error>>::from
calls=2 0 
0 978
0 66
cfn=(7642)
calls=2 0 
0 212
0 66

fn=(7648)
0 10
cfn=(7650) core::ptr::drop_glue::<h2::hpack::encoder::Encoder>
calls=2 0 
0 3581
0 24
cob=(2)
cfi=(2)
cfn=(4920)
calls=2 0 
0 343
0 20

fn=(7716) core::ptr::drop_glue::<tower::util::map_future::MapFuture<tonic::transport::channel::service::add_origin::AddOrigin<tonic::transport::channel::service::user_agent::UserAgent<tonic::transport::service::grpc_timeout::GrpcTimeout<tower::util::either::Either<tower::limit::concurrency::service::ConcurrencyLimit<tower::util::either::Either<tower::limit::rate::service::RateLimit<tonic::transport::channel::service::reconnect::Reconnect<tonic::transport::channel::service::connection::MakeSendRequestService<tonic::transport::channel::service::connector::Connector<hyper_util::client::legacy::connect::http::HttpConnector>>, http::uri::Uri>>, tonic::transport::channel::service::reconnect::Reconnect<tonic::transport::channel::service::connection::MakeSendRequestService<tonic::transport::channel::service::connector::Connector<hyper_util::client::legacy::connect::http::HttpConnector>>, http::uri::Uri>>>, tower::util::either::Either<tower::limit::rate::service::RateLimit<tonic::transport::channel::service::reconnect::Reconnect<tonic::transport::channel::service::connection::MakeSendRequestService<tonic::transport::channel::service::connector::Connector<hyper_util::client::legacy::connect::http::HttpConnector>>, http::uri::Uri>>, tonic::transport::channel::service::reconnect::Reconnect<tonic::transport::channel::service::connection::MakeSendRequestService<tonic::transport::channel::service::connector::Connector<hyper_util::client::legacy::connect::http::HttpConnector>>, http::uri::Uri>>>>>>, <tower::util::boxed::sync::BoxService<http::request::Request<tonic::body::Body>, http::response::Response<tonic::body::Body>, alloc::boxed::Box<dyn core::error::Error + core::marker::Send + core::marker::Sync>>>::new<tonic::transport::channel::service::add_origin::AddOrigin<tonic::transport::channel::service::user_agent::UserAgent<tonic::transport::service::grpc_timeout::GrpcTimeout<tower::util::either::Either<tower::limit::concurrency::service::ConcurrencyLimit<tower::util::either::Either<tower::limit::rate::service::RateLimit<tonic::transport::channel::service::reconnect::Reconnect<tonic::transport::channel::service::connection::MakeSendRequestService<tonic::transport::channel::service::connector::Connector<hyper_util::client::legacy::connect::http::HttpConnector>>, http::uri::Uri>>, tonic::transport::channel::service::reconnect::Reconnect<tonic::transport::channel::service::connection::MakeSendRequestService<tonic::transport::channel::service::connector::Connector<hyper_util::client::legacy::connect::http::HttpConnector>>, http::uri::Uri>>>, tower::util::either::Either<tower::limit::rate::service::RateLimit<tonic::transport::channel::service::reconnect::Reconnect<tonic::transport::channel::service::connection::MakeSendRequestService<tonic::transport::channel::service::connector::Connector<hyper_util::client::legacy::connect::http::HttpConnector>>, http::uri::Uri>>, tonic::transport::channel::service::reconnect::Reconnect<tonic::transport::channel::service::connection::MakeSendRequestService<tonic::transport::channel::service::connector::Connector<hyper_util::client::legacy::connect::http::HttpConnector>>, http::uri::Uri>>>>>>>::{closure#0}>>
0 5
cfn=(7718)
calls=1 0 
0 1141
0 5
cfn=(5786)
calls=1 0 
0 1
0 12
cfn=(5776)
calls=1 0 
0 252

fn=(7726) <alloc::sync::Arc<dyn core::error::Error + core::marker::Send + core::marker::Sync>>::drop_slow
0 27
cob=(2)
cfi=(2)
cfn=(4920)
calls=1 0 
0 117

fn=(7740) <tokio::runtime::task::core::Core<tokio::runtime::blocking::task::BlockingTask<<tokio::runtime::scheduler::multi_thread::worker::Launch>::launch::{closure#0}>, tokio::runtime::blocking::schedule::BlockingSchedule>>::set_stage
0 492

fn=(7744)
0 20
cfn=(7746)
calls=4 0 
0 104
0 20
cob=(2)
cfi=(2)
cfn=(4920)
calls=4 0 
0 260

fn=(7926) core::ptr::drop_glue::<tokio::runtime::config::Config>
0 20

fn=(8002)
0 10
cfn=(8004)
calls=1 0 
0 101
0 14
cfn=(8008) <alloc::sync::Arc<dyn core::ops::function::Fn<(), Output = ()> + core::marker::Send + core::marker::Sync>>::drop_slow
calls=1 0 
0 144
0 14

fn=(6812)
0 7820
cfn=(6814)
calls=391 0 
0 209027
0 12275

fn=(5394)
0 6
cfn=(5396)
calls=1 0 
0 281
0 10

fn=(5468)
0 376
cfn=(5470) <alloc::ffi::c_str::CString>::_from_vec_unchecked
calls=4 0 
0 512
0 16

fn=(5470)
0 92
cfn=(5300)
calls=4 0 
0 396
0 24

fn=(5498)
0 44
cob=(2)
cfi=(2)
cfn=(4202) pthread_attr_init
calls=4 0 
0 72
0 44
cob=(2)
cfi=(2)
cfn=(5560) __pthread_get_minstack
calls=4 0 
0 48
0 24
cob=(2)
cfi=(2)
cfn=(5562) pthread_attr_setstacksize
calls=4 0 
0 24
0 32
cob=(2)
cfi=(2)
cfn=(5564) pthread_create
calls=4 0 
0 4945
0 24
cob=(2)
cfi=(2)
cfn=(5012)
calls=4 0 
0 20
0 51
cob=(2)
cfi=(2)
cfn=(5500) dlsym
calls=1 0 
0 1069
0 4

fn=(5682) <core::net::socket_addr::SocketAddr>::parse_ascii
0 14
cfn=(5684) <core::net::parser::Parser>::read_ipv4_addr
calls=1 0 
0 145
0 52

fn=(5702)
0 40
cob=(2)
cfi=(2)
cfn=(5704) getsockname
calls=2 0 
0 10
0 40

fn=(5712)
0 71945

fn=(5718)
0 243
cob=(2)
cfi=(2)
cfn=(4536)
calls=13 0 
0 189
0 127
cfn=(5736)
calls=2 0 
0 565
0 38
cob=(2)
cfi=(2)
cfn=(4536)
calls=2 0 
0 22
0 28
cfn=(5736)
calls=2 0 
0 228
0 6

fn=(5778)
0 92
cfn=(5780) <bytes::bytes::Bytes>::split_to
calls=1 0 
0 349
0 5
cfn=(5776)
calls=1 0 
0 9
0 6
cfn=(5786)
calls=1 0 
0 1
0 218
cfn=(5780)
calls=1 0 
0 26
0 35

fn=(5780)
0 41
cfn=(5782)
calls=1 0 
0 317
0 17

fn=(5798) <alloc::sync::Arc<hyper_util::client::legacy::connect::http::Config>>::make_mut
0 203

fn=(5826)
0 77
cfn=(5828) hyper_util::client::legacy::connect::http::get_host_port
calls=1 0 
0 556
0 24
cfn=(5838) <hyper_util::client::legacy::connect::dns::SocketAddrs>::try_parse
calls=1 0 
0 239
0 17
cfn=(5840)
calls=1 0 
0 287
0 5
cob=(2)
cfi=(2)
cfn=(4536)
calls=1 0 
0 29
0 7
cob=(2)
cfi=(2)
cfn=(4536)
calls=1 0 
0 29
0 13
cfn=(5846)
calls=1 0 
0 1407
0 5
cfn=(5846)
calls=1 0 
0 263
0 25
cfn=(6454)
calls=1 0 
0 13
0 12
cob=(2)
cfi=(2)
cfn=(4920)
calls=1 0 
0 65
0 7
cfn=(6456)
calls=1 0 
0 19
0 62
cob=(2)
cfi=(2)
cfn=(5692)
calls=1 0 
0 6
0 6
cfn=(5806)
calls=1 0 
0 29
0 8

fn=(5832)
0 33
cfn=(5834)
calls=1 0 
0 152
0 17

fn=(6156)
0 28
cfn=(6158) <std::thread::spawnhook::ChildSpawnHooks>::inherit_and_run
calls=4 0 
0 1256
0 8

fn=(6158)
0 84
cfn=(5480)
calls=4 0 
0 76
0 128
cfn=(5308)
calls=4 0 
0 960
0 8

fn=(6164) tokio::runtime::scheduler::multi_thread::worker::run
0 132
cfn=(6166)
calls=4 0 
0 132
0 92
cfn=(5222)
calls=4 0 
0 252
0 24
cfn=(5066) <tokio::util::rand::RngSeed>::new
calls=4 0 
0 1204
0 204
cfn=(5192)
calls=4 0 
0 104
0 16
cfn=(5192)
calls=4 0 
0 104
0 163
cfn=(7678) tokio::runtime::task::raw::shutdown::<core::pin::Pin<alloc::boxed::Box<dyn core::future::future::Future<Output = ()> + core::marker::Send>>, alloc::sync::Arc<tokio::runtime::scheduler::multi_thread::handle::Handle>>
calls=3 0 
0 12763
cfn=(7608) tokio::runtime::task::raw::shutdown::<tonic::transport::server::serve_connection<tonic::body::Body, hyper_util::rt::tokio::TokioIo<tonic::transport::server::service::io::ServerIo<tokio::net::tcp::stream::TcpStream>>, hyper_util::service::glue::TowerToHyperService<tower::util::map_request::MapRequest<tower::util::boxed_clone::BoxCloneService<http::request::Request<tonic::body::Body>, http::response::Response<tonic::body::Body>, alloc::boxed::Box<dyn core::error::Error + core::marker::Send + core::marker::Sync>>, <tonic::transport::server::Server>::serve_internal<tonic::service::router::Routes, tonic::transport::server::incoming::TcpIncoming, core::future::ready::Ready<()>, tokio::net::tcp::stream::TcpStream, core::io::error::Error, tonic::body::Body>::{closure#0}::{closure#1}>>, hyper_util::rt::tokio::TokioExecutor>::{closure#0}, alloc::sync::Arc<tokio::runtime::scheduler::multi_thread::handle::Handle>>
calls=1 0 
0 11850
cfn=(7580) tokio::runtime::task::raw::shutdown::<devloop::rpc_tonic_unary::{closure#0}::{closure#0}, alloc::sync::Arc<tokio::runtime::scheduler::multi_thread::handle::Handle>>
calls=1 0 
0 2068
0 2391
cfn=(5298)
calls=1 0 
0 112
0 149
cfn=(7904) <tokio::runtime::driver::Driver>::shutdown
calls=4 0 
0 1321
0 36
cob=(2)
cfi=(2)
cfn=(6426)
calls=4 0 
0 44
0 16
cfn=(7910)
calls=4 0 
0 156
0 8
cob=(2)
cfi=(2)
cfn=(4920)
calls=4 0 
0 260
0 16
cfn=(5302)
calls=1 0 
0 25
0 5
cfn=(6334)
calls=1 0 
0 5
0 66715
cfn=(5192)
calls=63 0 
0 1638
0 504
cfn=(6314)
calls=63 0 
0 2268
0 1141
cfn=(5192)
calls=35 0 
0 910
0 350
cfn=(6314)
calls=35 0 
0 1260
0 245
cfn=(6316)
calls=35 0 
0 1575
0 490
cob=(3)
cfi=(3)
cfn=(6318) pow
calls=35 0 
0 4375
0 490
cfn=(6336)
calls=35 0 
0 16738
0 84
cfn=(6336)
calls=28 0 
0 14600
0 315
cfn=(6356)
calls=63 0 
0 3276
0 126
cfn=(5192)
calls=63 0 
0 1638
0 252
cfn=(5192)
calls=63 0 
0 1638
0 100213
cfn=(6334)
calls=4 0 
0 20
0 3668
cfn=(6334)
calls=1834 0 
0 17626
0 42473
cfn=(6174)
calls=215 0 
0 1645056
0 5960
cfn=(6174)
calls=1490 0 
0 17066226
0 27737
cfn=(5192)
calls=2207 0 
0 57382
0 17656
cfn=(6314)
calls=2207 0 
0 79452
0 40235
cfn=(5192)
calls=1358 0 
0 35308
0 14938
cfn=(6314)
calls=1358 0 
0 48888
0 9506
cfn=(6316)
calls=1358 0 
0 61110
0 19012
cob=(3)
cfi=(3)
cfn=(6318)
calls=1358 0 
0 169750
0 359715
cfn=(6334)
calls=1864 0 
0 9320
0 6621
cfn=(5192)
calls=343 0 
0 8918
0 1372
cfn=(5192)
calls=343 0 
0 8918
0 2401
cfn=(6174)
calls=343 0 
0 3511877
0 37623
cfn=(5192)
calls=1864 0 
0 48464
0 9320
cfn=(5192)
calls=1864 0 
0 48464
0 208818
cfn=(6336)
calls=1887 0 
0 909323
0 13209
cfn=(6356)
calls=1887 0 
0 98124
0 111652
cfn=(7736)
calls=4 0 
0 504
0 8
cfn=(7568)
calls=4 0 
0 288
0 44

fn=(6184) <alloc::sync::Arc<axum::routing::path_router::Node> as core::default::Default>::default
0 18
cob=(2)
cfi=(2)
cfn=(4210)
calls=2 0 
0 420
0 70
cob=(2)
cfi=(2)
cfn=(4536)
calls=2 0 
0 58
0 22
cob=(2)
cfi=(2)
cfn=(4536)
calls=2 0 
0 58
0 34

fn=(6212)
0 6036

fn=(6214)
0 120
cob=(2)
cfi=(2)
cfn=(4210)
calls=2 0 
0 426
0 40
cob=(2)
cfi=(2)
cfn=(4972)
calls=2 0 
0 20
0 46

fn=(6220)
0 98
cfn=(6210)
calls=7 0 
0 826
0 244
cob=(2)
cfi=(2)
cfn=(4536)
calls=2 0 
0 128
0 24
cob=(2)
cfi=(2)
cfn=(4536)
calls=2 0 
0 128
0 35
cob=(2)
cfi=(2)
cfn=(4536)
calls=5 0 
0 284
0 110
cob=(2)
cfi=(2)
cfn=(4536)
calls=5 0 
0 320
0 55
cfn=(6222)
calls=1 0 
0 304
0 1

fn=(6394) tonic::transport::server::serve_connection::<tonic::body::Body, hyper_util::rt::tokio::TokioIo<tonic::transport::server::service::io::ServerIo<tokio::net::tcp::stream::TcpStream>>, hyper_util::service::glue::TowerToHyperService<tower::util::map_request::MapRequest<tower::util::boxed_clone::BoxCloneService<http::request::Request<tonic::body::Body>, http::response::Response<tonic::body::Body>, alloc::boxed::Box<dyn core::error::Error + core::marker::Send + core::marker::Sync>>, <tonic::transport::server::Server>::serve_internal<tonic::service::router::Routes, tokio_stream::wrappers::tcp_listener::TcpListenerStream, core::future::ready::Ready<()>, tokio::net::tcp::stream::TcpStream, core::io::error::Error, tonic::body::Body>::{closure#0}::{closure#1}>>, hyper_util::rt::tokio::TokioExecutor>::{closure#0}
0 20908
cfn=(6396)
calls=1 0 
0 2097
0 33
cob=(2)
cfi=(2)
cfn=(4536)
calls=1 0 
0 29
0 5
cob=(2)
cfi=(2)
cfn=(4536)
calls=1 0 
0 148
0 28
cob=(2)
cfi=(2)
cfn=(4536)
calls=1 0 
0 29
0 8
cob=(2)
cfi=(2)
cfn=(4536)
calls=1 0 
0 148
0 91876
cfn=(6414) <core::pin::Pin<&mut tonic::transport::server::connection_timeout_future::{closure#0}> as core::future::future::Future>::poll
calls=835 0 
0 18380
0 9185
cfn=(6406)
calls=835 0 
0 16700
0 19220
cfn=(6408) <h2::server::Handshake<hyper::common::io::compat::Compat<hyper_util::common::rewind::Rewind<hyper_util::rt::tokio::TokioIo<tonic::transport::server::service::io::ServerIo<tokio::net::tcp::stream::TcpStream>>>>, hyper::proto::h2::SendBuf<bytes::bytes::Bytes>> as core::future::future::Future>::poll
calls=3 0 
0 4574
0 20
cob=(2)
cfi=(2)
cfn=(4536)
calls=1 0 
0 148
0 13
cob=(2)
cfi=(2)
cfn=(4536)
calls=1 0 
0 160
0 10
cob=(2)
cfi=(2)
cfn=(4536)
calls=1 0 
0 160
0 2
cfn=(6596) core::ptr::drop_glue::<hyper::proto::h2::server::State<hyper_util::common::rewind::Rewind<hyper_util::rt::tokio::TokioIo<tonic::transport::server::service::io::ServerIo<tokio::net::tcp::stream::TcpStream>>>, tonic::body::Body>>
calls=1 0 
0 36
0 4
cob=(2)
cfi=(2)
cfn=(4536)
calls=1 0 
0 160
0 10824
cfn=(6598) <hyper::proto::h2::server::Serving<hyper_util::common::rewind::Rewind<hyper_util::rt::tokio::TokioIo<tonic::transport::server::service::io::ServerIo<tokio::net::tcp::stream::TcpStream>>>, tonic::body::Body>>::poll_ping
calls=201 0 
0 3417
0 2499
cfn=(6598)
calls=833 0 
0 14161
0 4136
cfn=(6600)
calls=1034 0 
0 5566854
0 6519
cob=(2)
cfi=(2)
cfn=(4536)
calls=201 0 
0 5829
0 1206
cfn=(6924)
calls=201 0 
0 26532
0 1809
cfn=(6928)
calls=201 0 
0 2814
0 1206
cob=(2)
cfi=(2)
cfn=(4536)
calls=201 0 
0 5829
0 1809
cob=(2)
cfi=(2)
cfn=(4536)
calls=201 0 
0 5829
0 2010
cfn=(6930)
calls=201 0 
0 12493
0 1809
cob=(2)
cfi=(2)
cfn=(4536)
calls=201 0 
0 5829
0 2211
cob=(2)
cfi=(2)
cfn=(4536)
calls=201 0 
0 5829
0 4221
cfn=(6706)
calls=201 0 
0 3819
0 1407
cob=(2)
cfi=(2)
cfn=(4536)
calls=201 0 
0 10452
0 603
cfn=(6932) <tower::util::map_future::MapFuture<tonic::transport::server::service::io::ConnectInfo<tonic::transport::server::Svc<tonic::service::recover_error::RecoverError<tower::util::either::Either<tower::load_shed::LoadShed<tower::util::either::Either<tower::limit::concurrency::service::ConcurrencyLimit<tonic::transport::service::grpc_timeout::GrpcTimeout<tonic::service::router::Routes>>, tonic::transport::service::grpc_timeout::GrpcTimeout<tonic::service::router::Routes>>>, tower::util::either::Either<tower::limit::concurrency::service::ConcurrencyLimit<tonic::transport::service::grpc_timeout::GrpcTimeout<tonic::service::router::Routes>>, tonic::transport::service::grpc_timeout::GrpcTimeout<tonic::service::router::Routes>>>>>, tonic::transport::server::service::io::ServerIoConnectInfo<tokio::net::tcp::stream::TcpStream>>, <tower::util::boxed_clone::BoxCloneService<http::request::Request<tonic::body::Body>, http::response::Response<tonic::body::Body>, alloc::boxed::Box<dyn core::error::Error + core::marker::Send + core::marker::Sync>>>::new<tonic::transport::server::service::io::ConnectInfo<tonic::transport::server::Svc<tonic::service::recover_error::RecoverError<tower::util::either::Either<tower::load_shed::LoadShed<tower::util::either::Either<tower::limit::concurrency::service::ConcurrencyLimit<tonic::transport::service::grpc_timeout::GrpcTimeout<tonic::service::router::Routes>>, tonic::transport::service::grpc_timeout::GrpcTimeout<tonic::service::router::Routes>>>, tower::util::either::Either<tower::limit::concurrency::service::ConcurrencyLimit<tonic::transport::service::grpc_timeout::GrpcTimeout<tonic::service::router::Routes>>, tonic::transport::service::grpc_timeout::GrpcTimeout<tonic::service::router::Routes>>>>>, tonic::transport::server::service::io::ServerIoConnectInfo<tokio::net::tcp::stream::TcpStream>>>::{closure#0}> as tower::util::boxed_clone::CloneService<http::request::Request<tonic::body::Body>>>::clone_box
calls=201 0 
0 27835
0 3417
cob=(2)
cfi=(2)
cfn=(4536)
calls=201 0 
0 10452
0 5025
cob=(2)
cfi=(2)
cfn=(4536)
calls=201 0 
0 12864
0 2412
cob=(2)
cfi=(2)
cfn=(4536)
calls=201 0 
0 12864
0 4020
cob=(2)
cfi=(2)
cfn=(4536)
calls=201 0 
0 12864
0 2211
cob=(2)
cfi=(2)
cfn=(4536)
calls=201 0 
0 12864
0 2211
cob=(2)
cfi=(2)
cfn=(5224)
calls=201 0 
0 46413
0 3008
cob=(2)
cfi=(2)
cfn=(4536)
calls=200 0 
0 15186
0 5
cob=(2)
cfi=(2)
cfn=(4536)
calls=1 0 
0 76
0 804
cfn=(5706)
calls=201 0 
0 16582
0 2412
cfn=(5708)
calls=201 0 
0 10452
0 14133

fn=(6446)
0 1212
cfn=(6448)
calls=202 0 
0 10302
0 1212

fn=(6448)
0 23760
cob=(2)
cfi=(2)
cfn=(6426)
calls=594 0 
0 6534

fn=(6488)
0 86

fn=(6552) <hashbrown::raw::RawTable<(core::any::TypeId, alloc::boxed::Box<dyn http::extensions::AnyClone + core::marker::Send + core::marker::Sync>)>>::reserve_rehash::<hashbrown::map::make_hasher<core::any::TypeId, alloc::boxed::Box<dyn http::extensions::AnyClone + core::marker::Send + core::marker::Sync>, core::hash::BuildHasherDefault<http::extensions::IdHasher>>::{closure#0}>
0 21306
cob=(2)
cfi=(2)
cfn=(4210)
calls=402 0 
0 55339
0 8812
cob=(2)
cfi=(2)
cfn=(4972)
calls=400 0 
0 4000
0 28
cob=(2)
cfi=(2)
cfn=(4972)
calls=2 0 
0 20
0 8844

fn=(6574)
0 353157

fn=(6610)
0 61633
cfn=(6644)
calls=3243 0 
0 25488
0 17568
cfn=(6350)
calls=201 0 
0 18291
0 33043

fn=(6658)
0 21105

fn=(6690)
0 7437
cfn=(6692)
calls=201 0 
0 10452
0 1226
cfn=(6800)
calls=10 0 
0 1050
0 1809

fn=(6694)
0 2211
cfn=(6696) core::ptr::drop_glue::<core::option::Option<(http::request::Request<tonic::body::Body>, hyper::client::dispatch::Callback<http::request::Request<tonic::body::Body>, http::response::Response<hyper::body::incoming::Incoming>>)>>
calls=201 0 
0 2613
0 1005

fn=(6708)
0 7638
cob=(2)
cfi=(2)
cfn=(4920)
calls=201 0 
0 13633
0 1809
cob=(2)
cfi=(2)
cfn=(4972)
calls=201 0 
0 2010
0 3618

fn=(6718)
0 3015
cfn=(6720)
calls=201 0 
0 17751
0 1005
cfn=(6724)
calls=201 0 
0 23919
0 12060
cfn=(6728) <indexmap::inner::Core<h2::frame::stream_id::StreamId, h2::proto::streams::store::SlabIndex>>::push_entry
calls=201 0 
0 5500
0 2418
cfn=(6726) <hashbrown::raw::RawTable<usize>>::reserve_rehash::<indexmap::inner::get_hash<h2::frame::stream_id::StreamId, h2::proto::streams::store::SlabIndex>::{closure#0}>
calls=1 0 
0 155
0 1

fn=(6746)
0 43416
cob=(2)
cfi=(2)
cfn=(4536)
calls=1206 0 
0 77184
0 8442
cfn=(6748) <slab::Slab<h2::proto::streams::buffer::Slot<h2::frame::Frame<hyper::proto::h2::SendBuf<bytes::bytes::Bytes>>>>>::insert_at
calls=1206 0 
0 105598
0 13287
cfn=(6752)
calls=797 0 
0 129094
0 2454
cfn=(6752)
calls=409 0 
0 35583
0 13266

fn=(6762)
0 19950
cfn=(6764)
calls=798 0 
0 89044
0 3216
cfn=(6764)
calls=804 0 
0 92058
0 13998
cfn=(7172) <http_body_util::combinators::map_err::MapErr<http_body_util::combinators::map_err::MapErr<tonic::service::recover_error::ResponseBody<tonic::body::Body>, <tonic::status::Status as core::convert::Into<alloc::boxed::Box<dyn core::error::Error + core::marker::Send + core::marker::Sync>>>::into>, <tonic::status::Status>::map_error<alloc::boxed::Box<dyn core::error::Error + core::marker::Send + core::marker::Sync>>> as http_body::Body>::poll_frame
calls=596 0 
0 927510
cfn=(6768) <http_body_util::combinators::map_err::MapErr<tonic::codec::encode::EncodeBody<tonic_prost::codec::ProstEncoder<devloop::echo::EchoRequest>, tokio_stream::stream_ext::map::Map<tokio_stream::once::Once<devloop::echo::EchoRequest>, core::result::Result<devloop::echo::EchoRequest, tonic::status::Status>::Ok>>, <tonic::status::Status>::map_error<tonic::status::Status>> as http_body::Body>::poll_frame
calls=402 0 
0 145187
0 19878
cfn=(7158)
calls=201 0 
0 4020
cfn=(6704)
calls=201 0 
0 402
0 2412
cfn=(6776)
calls=402 0 
0 100299
0 5630
cfn=(6784) <h2::proto::streams::streams::StreamRef<hyper::proto::h2::SendBuf<bytes::bytes::Bytes>>>::capacity
calls=604 0 
0 38052
0 2016
cfn=(6786)
calls=202 0 
0 25048
0 5028
cfn=(7020)
calls=402 0 
0 356351
0 5817
cfn=(7020)
calls=201 0 
0 137886
0 1005
cfn=(6776)
calls=201 0 
0 20100
0 16683
cfn=(7222)
calls=201 0 
0 10854
0 5226
cfn=(6734)
calls=201 0 
0 194769
0 1809
cfn=(6824)
calls=201 0 
0 10653
0 12810
cfn=(6900)
calls=201 0 
0 3417
0 2211
cfn=(7068)
calls=201 0 
0 3417
0 603
cfn=(7026)
calls=201 0 
0 5427
0 1809
cob=(2)
cfi=(2)
cfn=(4536)
calls=201 0 
0 12864
0 1407
cfn=(6746)
calls=201 0 
0 62511
0 1206
cfn=(6778)
calls=201 0 
0 10854
0 1005

fn=(6772)
0 72963

fn=(6792)
0 55983
cob=(2)
cfi=(2)
cfn=(4536)
calls=1407 0 
0 40803
0 22410
cob=(2)
cfi=(2)
cfn=(4536)
calls=368 0 
0 10672
0 3117
cob=(2)
cfi=(2)
cfn=(4536)
calls=1039 0 
0 30131
0 26000

fn=(6820) <h2::proto::streams::stream::Stream>::notify_capacity
0 5427
cfn=(6350)
calls=201 0 
0 4020
0 1206

fn=(6824)
0 158575
cfn=(7248)
calls=603 0 
0 31557
0 97672
cfn=(7250)
calls=402 0 
0 134298
0 36984

fn=(6826) <h2::frame::headers::Headers>::encode
0 11457
cfn=(6828)
calls=603 0 
0 1357078
0 3618
cfn=(6854)
calls=603 0 
0 136278
0 19296
cob=(2)
cfi=(2)
cfn=(4536)
calls=603 0 
0 8381
0 37989

fn=(6850)
0 23115

fn=(6852)
0 19296
cfn=(6564)
calls=603 0 
0 7839
0 2412
cob=(2)
cfi=(2)
cfn=(4920)
calls=603 0 
0 44141
0 6030
cfn=(6566)
calls=603 0 
0 10854
0 6432
cfn=(6564)
calls=201 0 
0 2613
0 2412
cfn=(6566)
calls=201 0 
0 3618

fn=(6858)
0 33223
cfn=(6874)
calls=1391 0 
0 87051
0 12291

fn=(6874)
0 29949
cfn=(5802)
calls=200 0 
0 2000
cfn=(5782)
calls=1 0 
0 269
0 4221
cfn=(6876)
calls=201 0 
0 2010
0 12462
cfn=(5802)
calls=991 0 
0 9910
cfn=(5782)
calls=14 0 
0 1833
0 1809
cfn=(5802)
calls=200 0 
0 2000
cfn=(5782)
calls=1 0 
0 269
0 23517

fn=(6896)
0 3015
cfn=(6720)
calls=201 0 
0 17751
0 8243
cfn=(6728)
calls=201 0 
0 5516
0 2620
cfn=(6726)
calls=1 0 
0 327
0 6
cfn=(6898)
calls=1 0 
0 11
0 5

fn=(6910)
0 2211
cfn=(6912) <http::uri::path::PathAndQuery>::from_shared
calls=201 0 
0 67938
0 402

fn=(6954)
0 6030
cfn=(6956)
calls=402 0 
0 51528
0 5628
cfn=(6958) <percent_encoding::PercentDecode>::decode_utf8
calls=201 0 
0 54744
0 3216
cob=(2)
cfi=(2)
cfn=(4210)
calls=201 0 
0 10786
0 3607
cob=(2)
cfi=(2)
cfn=(4536)
calls=200 0 
0 2400
0 9
cob=(2)
cfi=(2)
cfn=(4536)
calls=1 0 
0 12
0 2010
cob=(2)
cfi=(2)
cfn=(4210)
calls=201 0 
0 9197
0 3207
cob=(2)
cfi=(2)
cfn=(4536)
calls=200 0 
0 2800
0 7
cob=(2)
cfi=(2)
cfn=(4536)
calls=1 0 
0 14
0 4221

fn=(6966)
0 3417
cob=(2)
cfi=(2)
cfn=(4536)
calls=201 0 
0 5829
0 3819

fn=(6972)
0 10028
cfn=(6974)
calls=436 0 
0 2383940
0 10254
cfn=(6998)
calls=201 0 
0 2412
0 1608
cob=(2)
cfi=(2)
cfn=(4210)
calls=201 0 
0 8241
0 11529

fn=(6982)
0 7236
cfn=(7134)
calls=804 0 
0 1608
cfn=(6984) <http_body_util::combinators::map_err::MapErr<hyper::body::incoming::Incoming, <tonic::status::Status>::map_error<hyper::error::Error>> as http_body::Body>::is_end_stream
calls=402 0 
0 27800

fn=(7006)
0 21615
cfn=(7008) <http_body_util::combinators::map_err::MapErr<http_body_util::combinators::map_err::MapErr<http_body_util::combinators::map_frame::MapFrame<tonic::body::Body, <tonic::codec::decode::Streaming<pbrs_grpc::codec::prost::Message<pbrs_adoption_corpus::prost_types::EntityList>>>::new<tonic::body::Body, devloop::adoption_rpc::TonicCodec<pbrs_grpc::codec::prost::Message<pbrs_adoption_corpus::prost_types::EntityList>>>::{closure#0}>, <tonic::codec::decode::Streaming<pbrs_grpc::codec::prost::Message<pbrs_adoption_corpus::prost_types::EntityList>>>::new<tonic::body::Body, devloop::adoption_rpc::TonicCodec<pbrs_grpc::codec::prost::Message<pbrs_adoption_corpus::prost_types::EntityList>>>::{closure#1}>, <tonic::status::Status>::map_error<tonic::status::Status>> as http_body::Body>::poll_frame
calls=1441 0 
0 700243
0 19064
cob=(2)
cfi=(2)
cfn=(4536)
calls=402 0 
0 107960
0 4824
cfn=(6862)
calls=402 0 
0 2010
0 804
cfn=(6862)
calls=201 0 
0 1005
0 19803

fn=(7046)
0 4020
cfn=(6782)
calls=201 0 
0 1608
0 3417

fn=(7084)
0 7035
cfn=(7086)
calls=402 0 
0 17286
0 6432
cfn=(7086)
calls=201 0 
0 19497
0 1206
cfn=(7086)
calls=201 0 
0 8241
0 2010
cfn=(6630)
calls=201 0 
0 22065
0 603
cfn=(7090)
calls=201 0 
0 4824
0 603
cfn=(7092)
calls=201 0 
0 61889
0 4221

fn=(7086)
0 60300
cfn=(7088)
calls=1005 0 
0 23115
0 65526

fn=(7092)
0 28140
cob=(2)
cfi=(2)
cfn=(4536)
calls=1005 0 
0 124510
0 15075
cfn=(6862)
calls=1005 0 
0 5025
0 6030
cfn=(5736)
calls=1005 0 
0 171723
0 4020

fn=(7094) <h2::share::RecvStream>::poll_trailers
0 18492
cfn=(6792)
calls=402 0 
0 25728
0 2211
cfn=(6794)
calls=201 0 
0 2412
0 18492

fn=(7100)
0 7236
cfn=(7104)
calls=201 0 
0 252465
cfn=(7232) core::ptr::drop_glue::<http_body_util::combinators::map_err::MapErr<tonic::codec::encode::EncodeBody<tonic_prost::codec::ProstEncoder<devloop::echo::EchoReply>, tokio_stream::wrappers::mpsc_bounded::ReceiverStream<core::result::Result<devloop::echo::EchoReply, tonic::status::Status>>>, <tonic::status::Status>::map_error<tonic::status::Status>>>
calls=201 0 
0 5628
cfn=(7102)
calls=201 0 
0 110436
0 4221
cob=(2)
cfi=(2)
cfn=(4920)
calls=603 0 
0 45039

fn=(7101)
0 2412
cfn=(7104)
calls=201 0 
0 74370
0 1407
cob=(2)
cfi=(2)
cfn=(4920)
calls=201 0 
0 13901

fn=(7128)
0 8643
cfn=(6560)
calls=201 0 
0 6834
0 402
cfn=(6562)
calls=201 0 
0 9849
0 3015
cfn=(6568)
calls=201 0 
0 3417
0 4422
cfn=(6570)
calls=201 0 
0 60899
0 1407
cob=(2)
cfi=(2)
cfn=(4210)
calls=201 0 
0 48453
0 7605
cob=(2)
cfi=(2)
cfn=(4210)
calls=200 0 
0 8452
0 31
cob=(2)
cfi=(2)
cfn=(4210)
calls=1 0 
0 41
0 9646

fn=(7146)
0 2605
cfn=(5192)
calls=201 0 
0 5226
0 1262
cfn=(7150)
calls=28 0 
0 28411
0 1206
cfn=(5782)
calls=201 0 
0 5870
0 2428
cfn=(7148)
calls=4 0 
0 4942
0 12

fn=(7158)
0 3216
cfn=(6998)
calls=402 0 
0 4824

fn=(7190)
0 15276
cfn=(7192) core::ptr::drop_glue::<<devloop::TonicEchod as devloop::echo::echo_server::Echo>::server_stream::{closure#0}::{closure#0}>
calls=201 0 
0 2613
0 3015
cob=(2)
cfi=(2)
cfn=(4536)
calls=603 0 
0 17487
0 7236

fn=(7192)
0 2613

fn=(7214)
0 2613
cfn=(7216)
calls=201 0 
0 13065
0 804
cfn=(6560)
calls=201 0 
0 6834
0 603
cfn=(7218) <http::header::map::HeaderMap as core::iter::traits::collect::Extend<(core::option::Option<http::header::name::HeaderName>, http::header::value::HeaderValue)>>::extend::<http::header::map::HeaderMap>
calls=201 0 
0 27135
0 3417
cfn=(6570)
calls=201 0 
0 44823
0 4020

fn=(7234) core::ptr::drop_glue::<tonic::codec::encode::EncodeBody<tonic_prost::codec::ProstEncoder<devloop::echo::EchoReply>, tokio_stream::wrappers::mpsc_bounded::ReceiverStream<core::result::Result<devloop::echo::EchoReply, tonic::status::Status>>>>
0 5427

fn=(7264)
0 2412

fn=(7272)
0 1005
cfn=(7274) core::ptr::drop_glue::<tower::util::either::EitherResponseFuture<tower::limit::concurrency::future::ResponseFuture<tower::util::either::EitherResponseFuture<tonic::transport::channel::service::reconnect::ResponseFuture<core::pin::Pin<alloc::boxed::Box<dyn core::future::future::Future<Output = core::result::Result<http::response::Response<tonic::body::Body>, alloc::boxed::Box<dyn core::error::Error + core::marker::Send + core::marker::Sync>>> + core::marker::Send>>>, tonic::transport::channel::service::reconnect::ResponseFuture<core::pin::Pin<alloc::boxed::Box<dyn core::future::future::Future<Output = core::result::Result<http::response::Response<tonic::body::Body>, alloc::boxed::Box<dyn core::error::Error + core::marker::Send + core::marker::Sync>>> + core::marker::Send>>>>>, tower::util::either::EitherResponseFuture<tonic::transport::channel::service::reconnect::ResponseFuture<core::pin::Pin<alloc::boxed::Box<dyn core::future::future::Future<Output = core::result::Result<http::response::Response<tonic::body::Body>, alloc::boxed::Box<dyn core::error::Error + core::marker::Send + core::marker::Sync>>> + core::marker::Send>>>, tonic::transport::channel::service::reconnect::ResponseFuture<core::pin::Pin<alloc::boxed::Box<dyn core::future::future::Future<Output = core::result::Result<http::response::Response<tonic::body::Body>, alloc::boxed::Box<dyn core::error::Error + core::marker::Send + core::marker::Sync>>> + core::marker::Send>>>>>>
calls=201 0 
0 53406
0 1407

fn=(7284)
0 4020
cfn=(6740)
calls=402 0 
0 69345
0 1407
cfn=(7324) <tonic::status::Code>::from_bytes
calls=201 0 
0 1809
0 804
cfn=(6740)
calls=201 0 
0 29949
0 2412
cfn=(6740)
calls=201 0 
0 38994
0 2412
cfn=(7216)
calls=201 0 
0 77336
0 804
cfn=(6700) <http::header::map::HeaderMap>::remove::<http::header::name::HeaderName>
calls=201 0 
0 60903
0 1407
cfn=(5776)
calls=201 0 
0 1809
0 804
cfn=(6700)
calls=201 0 
0 5628
0 1206
cfn=(6700)
calls=201 0 
0 5628
0 9045
cob=(2)
cfi=(2)
cfn=(4210)
calls=201 0 
0 8401
0 2405
cob=(2)
cfi=(2)
cfn=(4536)
calls=200 0 
0 5800
0 5
cob=(2)
cfi=(2)
cfn=(4536)
calls=1 0 
0 29
0 3417

fn=(7430)
0 450
cfn=(6340)
calls=50 0 
0 25864

fn=(7556)
0 84
cob=(2)
cfi=(2)
cfn=(7330) write
calls=3 0 
0 177
0 66

fn=(7564)
0 15

fn=(7592)
0 81
cob=(2)
cfi=(2)
cfn=(5174)
calls=3 0 
0 18
0 150
cob=(2)
cfi=(2)
cfn=(5132)
calls=3 0 
0 183
0 27
cfn=(7594) core::ptr::drop_glue::<tokio::runtime::io::registration::Registration>
calls=3 0 
0 213

fn=(7614)
0 13

fn=(7630)
0 26
cob=(2)
cfi=(2)
cfn=(4210)
calls=2 0 
0 82
0 20
cob=(2)
cfi=(2)
cfn=(4536)
calls=2 0 
0 22
0 4
cob=(2)
cfi=(2)
cfn=(4210)
calls=2 0 
0 82
0 22
cob=(2)
cfi=(2)
cfn=(4210)
calls=2 0 
0 82
0 40

fn=(7712) core::ptr::drop_glue::<tokio::sync::mpsc::bounded::Receiver<tower::buffer::message::Message<http::request::Request<tonic::body::Body>, core::pin::Pin<alloc::boxed::Box<dyn core::future::future::Future<Output = core::result::Result<http::response::Response<tonic::body::Body>, alloc::boxed::Box<dyn core::error::Error + core::marker::Send + core::marker::Sync>>> + core::marker::Send>>>>>
0 15
cfn=(7202)
calls=1 0 
0 35
0 20
cfn=(7204)
calls=1 0 
0 33
0 27
cfn=(6670)
calls=1 0 
0 29
0 9
cfn=(6670)
calls=1 0 
0 29
0 7
cfn=(7714)
calls=1 0 
0 518
0 8

fn=(7720)
0 5
cfn=(7722) core::ptr::drop_glue::<tonic::transport::channel::service::connection::MakeSendRequestService<tonic::transport::channel::service::connector::Connector<hyper_util::client::legacy::connect::http::HttpConnector>>>
calls=1 0 
0 392
0 2
cfn=(5820)
calls=1 0 
0 685
0 2
cfn=(5806)
calls=1 0 
0 29
0 7

fn=(7730)
0 48
cfn=(7732) <alloc::sync::Arc<tokio::sync::mpsc::chan::Chan<hyper::client::dispatch::Envelope<http::request::Request<tonic::body::Body>, http::response::Response<hyper::body::incoming::Incoming>>, tokio::sync::mpsc::unbounded::Semaphore>>>::drop_slow
calls=1 0 
0 486

fn=(7732)
0 28
cob=(2)
cfi=(2)
cfn=(4920)
calls=1 0 
0 197
0 2
cob=(2)
cfi=(2)
cfn=(4920)
calls=1 0 
0 173
0 21
cob=(2)
cfi=(2)
cfn=(4920)
calls=1 0 
0 65

fn=(7750) <alloc::collections::btree::node::Handle<alloc::collections::btree::node::NodeRef<alloc::collections::btree::node::marker::Mut, usize, std::sys::pal::unix::stack_overflow::thread_info::ThreadInfo, alloc::collections::btree::node::marker::Leaf>, alloc::collections::btree::node::marker::KV>>::remove_leaf_kv::<<alloc::collections::btree::map::entry::OccupiedEntry<usize, std::sys::pal::unix::stack_overflow::thread_info::ThreadInfo>>::remove_kv::{closure#0}, alloc::alloc::Global>
0 100
cob=(2)
cfi=(2)
cfn=(4536)
calls=4 0 
0 46
0 64
cob=(2)
cfi=(2)
cfn=(4536)
calls=4 0 
0 55
0 180

fn=(7904)
0 89
cfn=(6354)
calls=1 0 
0 141
0 101
cfn=(5298)
calls=1 0 
0 112
0 64
cfn=(6348)
calls=3 0 
0 201
0 12
cfn=(7906) <alloc::sync::Arc<tokio::runtime::io::scheduled_io::ScheduledIo>>::drop_slow
calls=3 0 
0 470
0 7
cfn=(7908)
calls=1 0 
0 92
0 32

fn=(7914)
0 25
cfn=(6692)
calls=1 0 
0 52
0 13
cob=(2)
cfi=(2)
cfn=(4920)
calls=1 0 
0 65

fn=(6540)
0 75375

fn=(6802)
0 2010
cfn=(6804)
calls=201 0 
0 1407
0 1608

fn=(6804)
0 2751

fn=(6808)
0 1564
cfn=(6810)
calls=391 0 
0 313554

fn=(4108)
0 11
cob=(2)
cfi=(2)
cfn=(4110) (below main)
calls=1 0 
0 3884982

fn=(5014)
0 79
cob=(2)
cfi=(2)
cfn=(4198)
calls=4 0 
0 8
0 12
cob=(2)
cfi=(2)
cfn=(4200)
calls=4 0 
0 4156
0 24
cob=(2)
cfi=(2)
cfn=(6152) pthread_attr_getguardsize
calls=4 0 
0 16
0 44
cob=(2)
cfi=(2)
cfn=(5010)
calls=4 0 
0 32
0 28
cob=(2)
cfi=(2)
cfn=(5012)
calls=4 0 
0 640
0 28
cfn=(5024)
calls=4 0 
0 872
0 35
cob=(2)
cfi=(2)
cfn=(5016) sigaltstack
calls=5 0 
0 25
0 20
cob=(2)
cfi=(2)
cfn=(5018) getauxval
calls=5 0 
0 725
0 55
cob=(2)
cfi=(2)
cfn=(5020) mmap
calls=5 0 
0 110
0 35
cob=(2)
cfi=(2)
cfn=(5022) mprotect
calls=5 0 
0 25
0 45
cob=(2)
cfi=(2)
cfn=(5016)
calls=5 0 
0 25
0 45

fn=(5060)
0 119
cob=(2)
cfi=(2)
cfn=(4210)
calls=1 0 
0 41
0 11
cob=(2)
cfi=(2)
cfn=(4536)
calls=1 0 
0 10
0 164
cfn=(5062) <&str as core::str::pattern::Pattern>::is_contained_in
calls=1 0 
0 91
0 7
cfn=(5062)
calls=1 0 
0 101
0 10
cob=(2)
cfi=(2)
cfn=(4920)
calls=1 0 
0 115
0 39
cfn=(5064) <tokio::runtime::builder::Builder>::new
calls=1 0 
0 510
0 4
cfn=(5088)
calls=1 0 
0 37678
0 14
cfn=(5664) core::ptr::drop_glue::<tokio::runtime::builder::Builder>
calls=1 0 
0 31
0 2
cob=(2)
cfi=(2)
cfn=(4210)
calls=1 0 
0 41
0 11
cob=(2)
cfi=(2)
cfn=(4972)
calls=1 0 
0 70
0 11
cfn=(5666)
calls=1 0 
0 63
0 22
cfn=(5222)
calls=1 0 
0 63
0 5
cfn=(5066)
calls=1 0 
0 141
0 9
cfn=(5668)
calls=1 0 
0 33
0 28
cfn=(5670) <tokio::runtime::park::CachedParkThread>::waker
calls=1 0 
0 521
0 6549
cfn=(5674)
calls=594 0 
0 3657950
0 9498
cfn=(6424)
calls=593 0 
0 59893
0 595
cfn=(7566)
calls=1 0 
0 5
0 3
cfn=(6804)
calls=1 0 
0 7
0 2
cfn=(7568)
calls=1 0 
0 72
0 3
cfn=(5662)
calls=1 0 
0 45
0 7
cob=(2)
cfi=(2)
cfn=(4920)
calls=1 0 
0 65
0 2
cfn=(7570) core::ptr::drop_glue::<tokio::runtime::runtime::Runtime>
calls=1 0 
0 3638
0 1

fn=(5070)
0 170
cob=(2)
cfi=(2)
cfn=(5072) getrandom
calls=5 0 
0 434
0 85

fn=(5148) <std::path::Component as core::cmp::PartialEq>::eq
0 170
cob=(2)
cfi=(2)
cfn=(5150)
calls=5 0 
0 90
0 38

fn=(5672) <std::sys::thread_local::native::lazy::Storage<tokio::runtime::park::ParkThread, ()>>::get_or_init_slow::<tokio::runtime::park::CURRENT_PARKER::__rust_std_internal_init_fn>
0 10
cob=(2)
cfi=(2)
cfn=(4210)
calls=1 0 
0 41
0 22
cfn=(5308)
calls=1 0 
0 425
0 4

fn=(5686)
0 25

fn=(5726)
0 27
cfn=(5717)
calls=1 0 
0 1230
0 4

fn=(5732)
0 105

fn=(5838)
0 16
cfn=(5684)
calls=1 0 
0 142
0 11
cob=(2)
cfi=(2)
cfn=(4210)
calls=1 0 
0 41
0 29

fn=(5844)
0 17
cfn=(5300)
calls=1 0 
0 74
0 10

fn=(6182)
0 19
cfn=(6184)
calls=1 0 
0 340
0 22
cfn=(6184)
calls=1 0 
0 340
0 16
cfn=(6186)
calls=1 0 
0 28
0 5
cfn=(6190)
calls=1 0 
0 3409
0 5
cob=(2)
cfi=(2)
cfn=(4536)
calls=1 0 
0 52
0 5
cfn=(6190)
calls=1 0 
0 4411
0 24
cob=(2)
cfi=(2)
cfn=(4210)
calls=1 0 
0 210
0 10
cob=(2)
cfi=(2)
cfn=(4536)
calls=1 0 
0 29
0 3
cfn=(6230)
calls=1 0 
0 172
0 2
cob=(2)
cfi=(2)
cfn=(4210)
calls=1 0 
0 38
0 27
cob=(2)
cfi=(2)
cfn=(4536)
calls=1 0 
0 29
0 4
cob=(2)
cfi=(2)
cfn=(4210)
calls=1 0 
0 41
0 10
cob=(2)
cfi=(2)
cfn=(4536)
calls=1 0 
0 29
0 17
cob=(2)
cfi=(2)
cfn=(4210)
calls=1 0 
0 207
0 13
cob=(2)
cfi=(2)
cfn=(4536)
calls=1 0 
0 29
0 4
cfn=(6230)
calls=1 0 
0 172
0 5
cob=(2)
cfi=(2)
cfn=(4536)
calls=1 0 
0 52
0 3
cfn=(6186)
calls=1 0 
0 366
0 6
cfn=(6190)
calls=1 0 
0 546
0 5
cob=(2)
cfi=(2)
cfn=(4536)
calls=1 0 
0 52
0 5
cfn=(6190)
calls=1 0 
0 598
0 6
cob=(2)
cfi=(2)
cfn=(4536)
calls=1 0 
0 29
0 4
cob=(2)
cfi=(2)
cfn=(4210)
calls=1 0 
0 41
0 10
cob=(2)
cfi=(2)
cfn=(4536)
calls=1 0 
0 29
0 7

fn=(6202)
0 133
cfn=(6204)
calls=5 0 
0 896
0 144

fn=(6210)
0 4669
cfn=(6212)
calls=203 0 
0 5481
0 14011
cfn=(6212)
calls=9 0 
0 243
0 612

fn=(6252) core::ptr::drop_glue::<hashbrown::raw::RawIntoIter<(axum::routing::RouteId, axum::routing::Endpoint<()>)>>
0 48
cob=(2)
cfi=(2)
cfn=(4920)
calls=2 0 
0 346

fn=(6284)
0 15
cfn=(6286)
calls=3 0 
0 9
0 12
cob=(2)
cfi=(2)
cfn=(4920)
calls=3 0 
0 219
0 18

fn=(6310)
0 247072
cfn=(6422)
calls=1 0 
0 5
cfn=(6312)
calls=847 0 
0 5929
0 136824

fn=(6348)
0 64922
cfn=(6446)
calls=1 0 
0 63
cfn=(6350)
calls=844 0 
0 76023
0 14730

fn=(6468)
0 1
cfn=(6470)
calls=1 0 
0 174

fn=(6484)
0 44

fn=(8012)
0 21
cfn=(8014) <std::sync::once::Once>::call_once::<std::rt::cleanup::{closure#0}>::{closure#0}
calls=1 0 
0 108
0 26

fn=(8013)
0 37
cfn=(8018) <std::sync::once::Once>::call_once_force::<<std::sync::once_lock::OnceLock<std::sync::reentrant_lock::ReentrantLock<core::cell::RefCell<alloc::io::buffered::linewriter::LineWriter<std::io::stdio::StdoutRaw>>>>>::initialize<<std::sync::once_lock::OnceLock<std::sync::reentrant_lock::ReentrantLock<core::cell::RefCell<alloc::io::buffered::linewriter::LineWriter<std::io::stdio::StdoutRaw>>>>>::get_or_init<std::io::stdio::cleanup::{closure#0}>::{closure#0}, !>::{closure#0}>::{closure#0}
calls=1 0 
0 14
0 12

fn=(6550)
0 34572
cfn=(6552)
calls=402 0 
0 98349
0 402

fn=(6554)
0 9695
cob=(2)
cfi=(2)
cfn=(4536)
calls=201 0 
0 5829
0 3216
cob=(2)
cfi=(2)
cfn=(4210)
calls=201 0 
0 44370
0 10238
cob=(2)
cfi=(2)
cfn=(4536)
calls=201 0 
0 5829
0 603
cob=(2)
cfi=(2)
cfn=(4210)
calls=201 0 
0 48012
0 2406
cob=(2)
cfi=(2)
cfn=(4536)
calls=200 0 
0 5800
0 4
cob=(2)
cfi=(2)
cfn=(4536)
calls=1 0 
0 29
0 6432
cfn=(6556) <tonic::client::grpc::GrpcConfig>::prepare_request
calls=201 0 
0 199468
0 1005
cfn=(6576)
calls=201 0 
0 154790
0 2211
cfn=(6582)
calls=201 0 
0 16884
0 1564
cfn=(6582)
calls=391 0 
0 366705
0 5975
cfn=(7280)
calls=201 0 
0 74923
0 4623
cfn=(6996)
calls=201 0 
0 68742
0 1407
cfn=(7284)
calls=201 0 
0 33165
0 5628
cob=(2)
cfi=(2)
cfn=(4210)
calls=201 0 
0 8241
0 3214
cfn=(6984)
calls=201 0 
0 13869
0 18190
cob=(2)
cfi=(2)
cfn=(4210)
calls=201 0 
0 8547
0 2806
cob=(2)
cfi=(2)
cfn=(4210)
calls=200 0 
0 57232
0 6
cob=(2)
cfi=(2)
cfn=(4210)
calls=1 0 
0 188
0 402

fn=(6556)
0 2613
cfn=(5790)
calls=201 0 
0 13065
0 7035
cfn=(5786)
calls=201 0 
0 201
0 6231
cfn=(5786)
calls=201 0 
0 201
0 7236
cfn=(6558)
calls=201 0 
0 10653
0 12060
cfn=(6560)
calls=201 0 
0 6834
0 402
cfn=(6562)
calls=201 0 
0 9849
0 3216
cfn=(6568)
calls=201 0 
0 3417
0 1206
cob=(2)
cfi=(2)
cfn=(4536)
calls=201 0 
0 5829
0 2412
cfn=(6570)
calls=201 0 
0 61381
0 2211
cfn=(6570)
calls=201 0 
0 33567
0 1809
cob=(2)
cfi=(2)
cfn=(4536)
calls=201 0 
0 5829
0 2211

fn=(6572)
0 11859
cob=(2)
cfi=(2)
cfn=(4210)
calls=201 0 
0 8241
0 3616
cob=(2)
cfi=(2)
cfn=(4210)
calls=201 0 
0 8241
0 2606
cfn=(6564)
calls=200 0 
0 2600
0 5
cfn=(6564)
calls=1 0 
0 13
0 18291
cob=(2)
cfi=(2)
cfn=(4210)
calls=201 0 
0 8496
0 3616
cob=(2)
cfi=(2)
cfn=(4210)
calls=201 0 
0 8468
0 2606
cfn=(6564)
calls=200 0 
0 2600
0 5
cfn=(6564)
calls=1 0 
0 13
0 6432

fn=(6598)
0 17578

fn=(6616)
0 14658

fn=(6666)
0 2814

fn=(6686) <tonic::transport::channel::service::reconnect::Reconnect<tonic::transport::channel::service::connection::MakeSendRequestService<tonic::transport::channel::service::connector::Connector<hyper_util::client::legacy::connect::http::HttpConnector>>, http::uri::Uri> as tower_service::Service<http::request::Request<tonic::body::Body>>>::call
0 5427
cob=(2)
cfi=(2)
cfn=(4536)
calls=201 0 
0 5829
0 603
cfn=(6688)
calls=201 0 
0 148793
0 2412

fn=(6696)
0 2613

fn=(6698)
0 19698
cfn=(6574)
calls=1608 0 
0 84420
0 63315
cfn=(6700)
calls=201 0 
0 17487
0 1809
cfn=(6574)
calls=201 0 
0 4824
0 10251
cfn=(6700)
calls=402 0 
0 34974
0 4020

fn=(6744)
0 9849

fn=(6748)
0 10868
cfn=(6750)
calls=2 0 
0 672
0 25
cob=(2)
cfi=(2)
cfn=(4536)
calls=5 0 
0 320
0 16849
cob=(2)
cfi=(2)
cfn=(4536)
calls=1201 0 
0 76864

fn=(6758)
0 52260

fn=(6760)
0 4824
cob=(2)
cfi=(2)
cfn=(4210)
calls=201 0 
0 9758
0 7234
cfn=(6762)
calls=201 0 
0 271616
0 4422
cob=(2)
cfi=(2)
cfn=(4210)
calls=201 0 
0 14943
0 8440
cob=(2)
cfi=(2)
cfn=(4210)
calls=201 0 
0 88701
0 3406
cob=(2)
cfi=(2)
cfn=(4536)
calls=200 0 
0 33974
0 9
cob=(2)
cfi=(2)
cfn=(4536)
calls=1 0 
0 160
0 804
cfn=(6494)
calls=201 0 
0 168140
0 8241
cob=(2)
cfi=(2)
cfn=(4210)
calls=201 0 
0 52050
0 3406
cob=(2)
cfi=(2)
cfn=(4536)
calls=200 0 
0 33692
0 9
cob=(2)
cfi=(2)
cfn=(4536)
calls=1 0 
0 172
0 804
cfn=(6494)
calls=201 0 
0 178702
0 2814

fn=(6764)
0 71643
cfn=(6766) <h2::proto::streams::send::Send>::poll_reset
calls=1837 0 
0 102893
0 33066

fn=(6782)
0 28923
cfn=(7260)
calls=364 0 
0 98798
cfn=(7254)
calls=201 0 
0 23036

fn=(6816)
0 3615

fn=(6868)
0 7151
cfn=(6858)
calls=215 0 
0 5401
0 4730
cfn=(6870)
calls=215 0 
0 223679
0 438
cfn=(6870)
calls=2 0 
0 746
0 1079
cfn=(6872) <h2::hpack::decoder::StringMarker>::consume
calls=215 0 
0 9460
0 5024
cfn=(6870)
calls=2 0 
0 617
0 48
cfn=(6872)
calls=2 0 
0 88
0 26
cfn=(6872)
calls=2 0 
0 88
0 24
cfn=(6884) <http::header::name::HeaderName>::from_lowercase
calls=2 0 
0 478
0 808
cfn=(5058)
calls=201 0 
0 23826
0 406
cfn=(5058)
calls=1 0 
0 114
0 2634
cfn=(6886)
calls=13 0 
0 1576
0 234
cfn=(6862)
calls=13 0 
0 65
0 430
cfn=(6834)
calls=215 0 
0 5199
0 819
cfn=(6886)
calls=2 0 
0 350
0 54
cfn=(6862)
calls=2 0 
0 10
0 8
cfn=(6862)
calls=2 0 
0 10
0 2

fn=(6878)
0 24
cfn=(6880) <alloc::raw_vec::RawVec<h2::hpack::header::Header>>::grow_one
calls=4 0 
0 2318
0 46
cob=(2)
cfi=(2)
cfn=(4536)
calls=1 0 
0 64
0 17

fn=(6884)
0 123
cfn=(6682)
calls=2 0 
0 24
0 69
cob=(2)
cfi=(2)
cfn=(4210)
calls=1 0 
0 213
0 10
cob=(2)
cfi=(2)
cfn=(4536)
calls=1 0 
0 12
0 27

fn=(6932)
0 9246
cob=(2)
cfi=(2)
cfn=(4210)
calls=201 0 
0 9345
0 2405
cob=(2)
cfi=(2)
cfn=(4536)
calls=200 0 
0 5800
0 5
cob=(2)
cfi=(2)
cfn=(4536)
calls=1 0 
0 29
0 1005

fn=(7018) <h2::share::RecvStream>::poll_data
0 63404
cfn=(6792)
calls=1441 0 
0 100377
0 7910
cfn=(6794)
calls=637 0 
0 8516
0 9985
cob=(2)
cfi=(2)
cfn=(4536)
calls=201 0 
0 5829
0 1206
cfn=(6914)
calls=201 0 
0 10452
0 4592
cfn=(6422)
calls=201 0 
0 1005
cfn=(6312)
calls=235 0 
0 1645
0 43462
cfn=(7528)
calls=1 0 
0 769
0 9
cob=(2)
cfi=(2)
cfn=(6426)
calls=1 0 
0 11
0 25841

fn=(7024) <tonic::codec::encode::EncodeState>::trailers
0 8442
cob=(2)
cfi=(2)
cfn=(4210)
calls=201 0 
0 9141
0 2406
cob=(2)
cfi=(2)
cfn=(4536)
calls=200 0 
0 5800
0 4
cob=(2)
cfi=(2)
cfn=(4536)
calls=1 0 
0 29
0 804
cfn=(7210)
calls=201 0 
0 156586
0 2814
cfn=(7220)
calls=201 0 
0 14070
0 402
cob=(2)
cfi=(2)
cfn=(4920)
calls=201 0 
0 14673
0 2010

fn=(7030)
0 3232
cob=(2)
cfi=(2)
cfn=(4920)
calls=202 0 
0 15788

fn=(7034)
0 2412
cfn=(7036)
calls=402 0 
0 116580
0 4422
cfn=(7228)
calls=201 0 
0 64472
cfn=(7042)
calls=201 0 
0 5427
0 2814
cob=(2)
cfi=(2)
cfn=(4920)
calls=402 0 
0 56033

fn=(7060)
0 21909
cfn=(6862)
calls=402 0 
0 119272
0 5427

fn=(7072)
0 6432
cfn=(6742)
calls=201 0 
0 804
0 2211
cfn=(6742)
calls=201 0 
0 804
0 2814

fn=(7080)
0 18693

fn=(7114)
0 3819

fn=(7118) <devloop::TonicEchod as devloop::echo::echo_server::Echo>::server_stream::{closure#0}
0 3618
cob=(2)
cfi=(2)
cfn=(4536)
calls=201 0 
0 5829
0 1407
cfn=(6562)
calls=201 0 
0 53559
0 402
cfn=(6568)
calls=201 0 
0 135682
0 402
cob=(2)
cfi=(2)
cfn=(4210)
calls=201 0 
0 15282
0 7005
cob=(2)
cfi=(2)
cfn=(5224)
calls=200 0 
0 72149
0 28
cob=(2)
cfi=(2)
cfn=(5224)
calls=1 0 
0 508
0 3209
cob=(2)
cfi=(2)
cfn=(4536)
calls=200 0 
0 15134
0 5
cob=(2)
cfi=(2)
cfn=(4536)
calls=1 0 
0 76
0 6432
cob=(2)
cfi=(2)
cfn=(4536)
calls=201 0 
0 10452
0 2211
cob=(2)
cfi=(2)
cfn=(4536)
calls=201 0 
0 10452
0 4221
cob=(2)
cfi=(2)
cfn=(4536)
calls=201 0 
0 5829
0 2412
cob=(2)
cfi=(2)
cfn=(4536)
calls=201 0 
0 5829
0 2010
cob=(2)
cfi=(2)
cfn=(5224)
calls=201 0 
0 34281
0 3210
cob=(2)
cfi=(2)
cfn=(4536)
calls=200 0 
0 12800
0 4
cob=(2)
cfi=(2)
cfn=(4536)
calls=1 0 
0 64
0 804
cfn=(5706)
calls=201 0 
0 16682
0 2613
cfn=(5708)
calls=201 0 
0 10452
0 6030

fn=(7120)
0 4623
cfn=(7122)
calls=201 0 
0 17902
0 1005
cfn=(7122)
calls=201 0 
0 16944
0 2010
cob=(2)
cfi=(2)
cfn=(4920)
calls=201 0 
0 15101

fn=(7154)
0 3520
cfn=(5058)
calls=32 0 
0 3552
0 224
cfn=(7156)
calls=32 0 
0 928
0 96

fn=(7166)
0 19095
cfn=(7168) <h2::server::Peer>::convert_send_message
calls=201 0 
0 42813
0 1608
cfn=(6732)
calls=201 0 
0 333355
0 1809
cfn=(6824)
calls=201 0 
0 10653
0 5829
cfn=(6758)
calls=201 0 
0 13065
0 4221

fn=(7168)
0 2814
cfn=(6568)
calls=201 0 
0 3417
0 5427
cfn=(6716)
calls=402 0 
0 2814
0 12261
cob=(2)
cfi=(2)
cfn=(4536)
calls=201 0 
0 5829
0 1608
cob=(2)
cfi=(2)
cfn=(4536)
calls=201 0 
0 5829
0 2814

fn=(7172)
0 7748
cfn=(7010)
calls=596 0 
0 906594
0 13168

fn=(7184)
0 7236

fn=(7196)
0 5226

fn=(7232)
0 201
cfn=(7234)
calls=201 0 
0 5427

fn=(7258)
0 1977
cfn=(6804)
calls=190 0 
0 1330
0 1005
cfn=(6782)
calls=201 0 
0 46065
0 2211
cob=(2)
cfi=(2)
cfn=(4920)
calls=201 0 
0 33939

fn=(7314)
0 2613

fn=(7318)
0 33768
cfn=(7002)
calls=1206 0 
0 3618
0 603
cfn=(7002)
calls=201 0 
0 603
0 7035
cfn=(7004)
calls=1407 0 
0 72963
0 13467
cfn=(7322)
calls=804 0 
0 528204
0 7236
cfn=(7006)
calls=603 0 
0 412881
0 4422
cfn=(7096)
calls=201 0 
0 363112
0 8241

fn=(7324)
0 1809

fn=(7576) <tokio::runtime::blocking::pool::BlockingPool>::shutdown
0 42
cob=(2)
cfi=(2)
cfn=(6426)
calls=1 0 
0 11
0 79
cfn=(7578)
calls=2 0 
0 219
0 26
cfn=(6424)
calls=1 0 
0 101
0 134
cfn=(7936)
calls=4 0 
0 2304
0 19
cob=(2)
cfi=(2)
cfn=(4920)
calls=1 0 
0 65
0 8

fn=(7624)
0 20
cob=(2)
cfi=(2)
cfn=(4920)
calls=2 0 
0 198
0 28
cfn=(7625) core::ptr::drop_glue::<matchit::tree::Node<axum::routing::RouteId>>'2
calls=2 0 
0 262
0 16
cob=(2)
cfi=(2)
cfn=(4920)
calls=2 0 
0 146
0 24

fn=(7625)
0 20
cob=(2)
cfi=(2)
cfn=(4920)
calls=2 0 
0 198
0 44

fn=(7632)
0 56
cfn=(7634) <<alloc::boxed::Box<dyn core::error::Error + core::marker::Send + core::marker::Sync> as core::convert::From<alloc::string::String>>::from::StringError as core::fmt::Display>::fmt
calls=2 0 
0 370
0 22
cfn=(7636) alloc::io::error::custom_owner_from_box::drop_box_raw::<core::io::error::Custom>
calls=2 0 
0 516
0 14

fn=(7670) <alloc::sync::Arc<h2::proto::streams::streams::SendBuffer<hyper::proto::h2::SendBuf<bytes::bytes::Bytes>>>>::drop_slow
0 77
cob=(2)
cfi=(2)
cfn=(4920)
calls=2 0 
0 378
0 26
cob=(2)
cfi=(2)
cfn=(4920)
calls=2 0 
0 138

fn=(7672)
0 54
cob=(2)
cfi=(2)
cfn=(4920)
calls=2 0 
0 242

fn=(7678)
0 57
cfn=(7680)
calls=3 0 
0 12209
0 15
cfn=(7048)
calls=3 0 
0 482

fn=(7722)
0 9
cfn=(7724) <alloc::sync::Arc<hyper_util::client::legacy::connect::http::Config>>::drop_slow
calls=1 0 
0 76
0 8
cfn=(7726)
calls=1 0 
0 144
0 11
cfn=(7672)
calls=1 0 
0 144

fn=(7728)
0 16
cob=(2)
cfi=(2)
cfn=(4920)
calls=1 0 
0 115

fn=(7742) <tokio::runtime::task::harness::Harness<tokio::runtime::blocking::task::BlockingTask<<tokio::runtime::scheduler::multi_thread::worker::Launch>::launch::{closure#0}>, tokio::runtime::blocking::schedule::BlockingSchedule>>::complete
0 88
cfn=(7740)
calls=4 0 
0 160
0 56

fn=(7920) <alloc::sync::Arc<tokio::runtime::scheduler::multi_thread::queue::Inner<alloc::sync::Arc<tokio::runtime::scheduler::multi_thread::handle::Handle>>>>::drop_slow
0 16
cob=(2)
cfi=(2)
cfn=(4920)
calls=4 0 
0 680
0 28
cob=(2)
cfi=(2)
cfn=(4920)
calls=4 0 
0 468

fn=(6526)
0 2919
cob=(2)
cfi=(2)
cfn=(4920)
calls=23 0 
0 1671
0 3756
cob=(2)
cfi=(2)
cfn=(4920)
calls=425 0 
0 30225
0 104

fn=(6534)
0 2625

fn=(6798)
0 106
cfn=(6478)
calls=1 0 
0 19
0 43

fn=(4144) std::sys::args::unix::imp::ARGV_INIT_ARRAY::init_wrapper
0 4

fn=(4170) main
0 9
cfn=(4172)
calls=1 0 
0 3882239
0 2

fn=(5042)
0 39
cob=(2)
cfi=(2)
cfn=(4210)
calls=1 0 
0 187
0 131
cob=(2)
cfi=(2)
cfn=(4582) 0x0000000000165880
calls=7 0 
0 104
0 35
cob=(2)
cfi=(2)
cfn=(4210)
calls=7 0 
0 1157
0 70
cob=(2)
cfi=(2)
cfn=(4536)
calls=7 0 
0 93
0 26

fn=(5062)
0 192

fn=(5134)
0 14
cob=(2)
cfi=(2)
cfn=(4536)
calls=1 0 
0 11
0 61
cfn=(5122)
calls=1 0 
0 123
0 6
cob=(2)
cfi=(2)
cfn=(4536)
calls=1 0 
0 29
0 8

fn=(5136)
0 75
cfn=(5138)
calls=3 0 
0 546
0 18
cfn=(5142)
calls=3 0 
0 413
0 63

fn=(5168)
0 14
cob=(2)
cfi=(2)
cfn=(5170) epoll_create1
calls=1 0 
0 5
0 6
cob=(2)
cfi=(2)
cfn=(5172) eventfd
calls=1 0 
0 5
0 10
cob=(2)
cfi=(2)
cfn=(5174)
calls=1 0 
0 6
0 7
cob=(2)
cfi=(2)
cfn=(5176) fcntl
calls=1 0 
0 35
0 32
cfn=(5192)
calls=1 0 
0 26
0 4
cob=(2)
cfi=(2)
cfn=(4210)
calls=1 0 
0 168
0 12
cob=(2)
cfi=(2)
cfn=(4972)
calls=1 0 
0 2082
0 5
cob=(2)
cfi=(2)
cfn=(4972)
calls=1 0 
0 77
0 5
cob=(2)
cfi=(2)
cfn=(4972)
calls=1 0 
0 77
0 5
cob=(2)
cfi=(2)
cfn=(4972)
calls=1 0 
0 77
0 6
cob=(2)
cfi=(2)
cfn=(4972)
calls=1 0 
0 77
0 44
cob=(2)
cfi=(2)
cfn=(4210)
calls=1 0 
0 173
0 13
cob=(2)
cfi=(2)
cfn=(4210)
calls=1 0 
0 41
0 15

fn=(5300)
0 108
cfn=(5472)
calls=6 0 
0 715
0 203
cfn=(5472)
calls=7 0 
0 1547
0 18
cob=(2)
cfi=(2)
cfn=(4210)
calls=2 0 
0 245
0 27291
cob=(2)
cfi=(2)
cfn=(4506)
calls=2 0 
0 646
0 12063
cob=(2)
cfi=(2)
cfn=(4210)
calls=1005 0 
0 88323
0 12428
cfn=(5472)
calls=4 0 
0 3189
0 92
cob=(2)
cfi=(2)
cfn=(4210)
calls=12 0 
0 2414
0 270
cob=(2)
cfi=(2)
cfn=(4210)
calls=1 0 
0 41
0 139
cob=(2)
cfi=(2)
cfn=(4210)
calls=4 0 
0 482
0 172
cob=(2)
cfi=(2)
cfn=(4210)
calls=4 0 
0 940
0 68

fn=(5304)
0 48
cob=(2)
cfi=(2)
cfn=(4920)
calls=2 0 
0 188

fn=(5660)
0 23
cob=(2)
cfi=(2)
cfn=(4920)
calls=1 0 
0 65

fn=(5664)
0 31

fn=(5670)
0 17
cfn=(5672)
calls=1 0 
0 502
0 2

fn=(5680)
0 14
cfn=(5682)
calls=1 0 
0 211
0 16

fn=(5706)
0 33428

fn=(5710)
0 18470

fn=(5766)
0 47
cfn=(5730)
calls=1 0 
0 114
0 3

fn=(5776)
0 11284
cob=(2)
cfi=(2)
cfn=(4920)
calls=27 0 
0 3147
0 162
cob=(2)
cfi=(2)
cfn=(4920)
calls=27 0 
0 3301
0 8768

fn=(5782)
0 3258
cfn=(5784)
calls=49 0 
0 5217
0 147

fn=(5796)
0 7
cob=(2)
cfi=(2)
cfn=(4210)
calls=1 0 
0 201
0 24
cfn=(5798)
calls=1 0 
0 29
0 4
cfn=(5798)
calls=1 0 
0 29
0 5
cfn=(5798)
calls=1 0 
0 29
0 6
cfn=(5798)
calls=1 0 
0 29
0 6
cfn=(5798)
calls=1 0 
0 29
0 6
cfn=(5798)
calls=1 0 
0 29
0 14
cfn=(5798)
calls=1 0 
0 29
0 14

fn=(5828)
0 22
cfn=(5830)
calls=1 0 
0 304
0 7
cfn=(5836)
calls=1 0 
0 208
0 15

fn=(5848)
0 22
cob=(2)
cfi=(2)
cfn=(5690)
calls=1 0 
0 5
0 8
cob=(2)
cfi=(2)
cfn=(5176)
calls=1 0 
0 35
0 10
cob=(2)
cfi=(2)
cfn=(5176)
calls=1 0 
0 35
0 51

fn=(6178)
0 50
cob=(2)
cfi=(2)
cfn=(4210)
calls=1 0 
0 213
0 14
cfn=(6180)
calls=1 0 
0 17783
0 11
cob=(2)
cfi=(2)
cfn=(4536)
calls=1 0 
0 29
0 4
cob=(2)
cfi=(2)
cfn=(4536)
calls=1 0 
0 172
0 6
cfn=(6248)
calls=1 0 
0 4681
0 5
cfn=(6248)
calls=1 0 
0 4130
0 32

fn=(6200)
0 581

fn=(6250)
0 10
cfn=(6230)
calls=1 0 
0 172
0 104
cob=(2)
cfi=(2)
cfn=(4536)
calls=1 0 
0 29
0 12
cob=(2)
cfi=(2)
cfn=(4536)
calls=1 0 
0 29
0 5
cfn=(6220)
calls=1 0 
0 321
0 12
cfn=(6252)
calls=1 0 
0 197
0 138
cob=(2)
cfi=(2)
cfn=(4536)
calls=2 0 
0 58
0 16
cob=(2)
cfi=(2)
cfn=(4536)
calls=2 0 
0 58
0 12
cfn=(6282)
calls=2 0 
0 408
0 24
cob=(2)
cfi=(2)
cfn=(4536)
calls=2 0 
0 58
0 10
cfn=(6220)
calls=2 0 
0 642
0 13
cfn=(6252)
calls=1 0 
0 197
0 20
cfn=(6284)
calls=1 0 
0 91
0 25
cob=(2)
cfi=(2)
cfn=(4210)
calls=1 0 
0 41
0 10
cob=(2)
cfi=(2)
cfn=(4536)
calls=1 0 
0 29
0 13
cfn=(6222)
calls=1 0 
0 304
0 5
cfn=(6222)
calls=1 0 
0 270
0 1

fn=(6350)
0 70446
cfn=(6352)
calls=1674 0 
0 150435
cfn=(6352)
calls=1191 0 
0 98697
0 29474

fn=(6354)
0 42661
cfn=(6342)
calls=1153 0 
0 32284
0 18471
cfn=(6342)
calls=1153 0 
0 32284
0 35743

fn=(6408)
0 135
cfn=(6410) <h2::codec::framed_write::FramedWrite<hyper::common::io::compat::Compat<hyper_util::common::rewind::Rewind<hyper_util::rt::tokio::TokioIo<tonic::transport::server::service::io::ServerIo<tokio::net::tcp::stream::TcpStream>>>>, h2::proto::streams::prioritize::Prioritized<hyper::proto::h2::SendBuf<bytes::bytes::Bytes>>>>::flush
calls=2 0 
0 863
0 29
cob=(2)
cfi=(2)
cfn=(4536)
calls=1 0 
0 124
0 21
cob=(2)
cfi=(2)
cfn=(4536)
calls=1 0 
0 124
0 11
cob=(2)
cfi=(2)
cfn=(4536)
calls=1 0 
0 124
0 10
cob=(2)
cfi=(2)
cfn=(4536)
calls=1 0 
0 124
0 3
cfn=(6436)
calls=1 0 
0 25
0 4
cob=(2)
cfi=(2)
cfn=(4536)
calls=1 0 
0 124
0 20
cob=(2)
cfi=(2)
cfn=(4536)
calls=1 0 
0 124
0 45
cob=(2)
cfi=(2)
cfn=(4536)
calls=1 0 
0 124
0 42
cfn=(6438)
calls=2 0 
0 547
0 26
cob=(2)
cfi=(2)
cfn=(5150)
calls=1 0 
0 24
0 45
cob=(2)
cfi=(2)
cfn=(4536)
calls=1 0 
0 124
0 14
cfn=(6436)
calls=1 0 
0 26
0 5
cob=(2)
cfi=(2)
cfn=(4536)
calls=1 0 
0 124
0 55
cfn=(6476)
calls=1 0 
0 590
0 13
cob=(2)
cfi=(2)
cfn=(4210)
calls=1 0 
0 213
0 24
cfn=(6480)
calls=1 0 
0 37
0 4
cfn=(6484)
calls=1 0 
0 22
0 4
cob=(2)
cfi=(2)
cfn=(4536)
calls=1 0 
0 124
0 37
cob=(2)
cfi=(2)
cfn=(4536)
calls=1 0 
0 160
0 5
cfn=(6594)
calls=1 0 
0 84
0 4
cob=(2)
cfi=(2)
cfn=(4536)
calls=1 0 
0 160
0 27

fn=(6444)
0 52921
cfn=(6310)
calls=3113 0 
0 316509
0 20847
cfn=(6310)
calls=3 0 
0 387
0 17241
cob=(2)
cfi=(2)
cfn=(6584) recv
calls=1077 0 
0 63555
0 2157
cob=(2)
cfi=(2)
cfn=(5034)
calls=3 0 
0 9
0 24
cfn=(6390)
calls=3 0 
0 24
0 63056

fn=(6476)
0 46
cfn=(6478)
calls=2 0 
0 38
0 82
cfn=(6478)
calls=2 0 
0 38
0 30
cob=(2)
cfi=(2)
cfn=(4536)
calls=2 0 
0 58
0 74
cob=(2)
cfi=(2)
cfn=(4536)
calls=2 0 
0 128
0 68
cob=(2)
cfi=(2)
cfn=(4210)
calls=2 0 
0 504
0 20
cob=(2)
cfi=(2)
cfn=(4536)
calls=2 0 
0 176
0 18

fn=(6512)
0 3434

fn=(6514)
0 20
cob=(2)
cfi=(2)
cfn=(4210)
calls=1 0 
0 258
0 34
cob=(2)
cfi=(2)
cfn=(5224)
calls=1 0 
0 610
0 12
cob=(2)
cfi=(2)
cfn=(4536)
calls=1 0 
0 76
0 6
cob=(2)
cfi=(2)
cfn=(4210)
calls=1 0 
0 159
0 30
cob=(2)
cfi=(2)
cfn=(4210)
calls=1 0 
0 41
0 11
cob=(2)
cfi=(2)
cfn=(4536)
calls=1 0 
0 29
0 4
cob=(2)
cfi=(2)
cfn=(4536)
calls=1 0 
0 64
0 15

fn=(8014)
0 19
cfn=(8016)
calls=1 0 
0 86
0 3

fn=(8018)
0 14

fn=(8032) std::sys::thread_local::native::lazy::destroy::<tokio::runtime::park::ParkThread>
0 8
cfn=(8034)
calls=1 0 
0 123

fn=(6596)
0 18
cfn=(6436)
calls=1 0 
0 17
0 7
cfn=(7626)
calls=1 0 
0 7724
0 15

fn=(6602)
0 128216
cfn=(6604)
calls=1034 0 
0 17578
0 84774
cfn=(6400)
calls=1 0 
0 172
0 55
cfn=(6636)
calls=1 0 
0 50
0 113557
cfn=(6628)
calls=606 0 
0 51823
0 35424
cfn=(6438)
calls=1479 0 
0 387080
0 18195
cfn=(6628)
calls=469 0 
0 96363
0 3209
cfn=(6444)
calls=24 0 
0 4872
0 16794
cfn=(6632)
calls=606 0 
0 1005504
0 16684
cob=(2)
cfi=(2)
cfn=(4536)
calls=606 0 
0 17574
0 21604
cob=(2)
cfi=(2)
cfn=(4536)
calls=606 0 
0 17574
0 7878
cob=(2)
cfi=(2)
cfn=(4536)
calls=606 0 
0 17574
0 2424
cfn=(6634)
calls=606 0 
0 912193
0 14647
cfn=(6798)
calls=1 0 
0 48
0 7289
cob=(2)
cfi=(2)
cfn=(4536)
calls=606 0 
0 17574
0 26378
cfn=(6410)
calls=201 0 
0 109545
0 87351
cfn=(6410)
calls=1034 0 
0 228641
0 39292
cfn=(6608)
calls=1034 0 
0 33088
0 35127
cfn=(6608)
calls=1235 0 
0 116283
0 28892
cfn=(6610)
calls=1637 0 
0 62194
0 14733
cfn=(6612)
calls=1637 0 
0 542699
0 5686
cob=(2)
cfi=(2)
cfn=(4536)
calls=603 0 
0 38592
0 5226
cob=(2)
cfi=(2)
cfn=(4536)
calls=201 0 
0 12864
0 2010
cob=(2)
cfi=(2)
cfn=(4536)
calls=402 0 
0 25728
0 2412
cfn=(6400)
calls=603 0 
0 855152
0 4221
cfn=(6608)
calls=603 0 
0 19296
0 609
cfn=(6400)
calls=1 0 
0 118
0 5
cfn=(6478)
calls=1 0 
0 19
0 17580
cfn=(6312)
calls=1034 0 
0 7238
0 6446
cfn=(6782)
calls=638 0 
0 5104
0 29986

fn=(6614)
0 55644

fn=(6620)
0 32962
cfn=(6790)
calls=402 0 
0 97901
0 7839
cfn=(6312)
calls=201 0 
0 1407
0 5438
cfn=(6312)
calls=202 0 
0 1414
0 32949
cfn=(6928)
calls=201 0 
0 2814
0 402
cfn=(6924)
calls=201 0 
0 30954
0 28511
cfn=(6622)
calls=1004 0 
0 39756
0 4016
cfn=(6622)
calls=1004 0 
0 39756
0 5020
cfn=(6624)
calls=1004 0 
0 4970172
0 12048
cfn=(6622)
calls=1004 0 
0 39756
0 6832
cfn=(6930)
calls=201 0 
0 12462
0 2412
cfn=(6930)
calls=201 0 
0 12462
0 4829
cfn=(6782)
calls=1 0 
0 8
0 2020
cfn=(6762)
calls=202 0 
0 403934
0 4024
cfn=(7028)
calls=201 0 
0 23160
0 10655
cfn=(6312)
calls=1 0 
0 7
0 17678
cfn=(7238) <hyper::client::dispatch::Callback<http::request::Request<tonic::body::Body>, http::response::Response<hyper::body::incoming::Incoming>>>::send
calls=201 0 
0 48626
0 13266

fn=(6648)
0 604
cfn=(6412)
calls=604 0 
0 105096

fn=(6726)
0 108
cob=(2)
cfi=(2)
cfn=(4210)
calls=2 0 
0 254
0 40
cob=(2)
cfi=(2)
cfn=(4972)
calls=2 0 
0 20
0 60

fn=(6766)
0 46638
cfn=(6312)
calls=1837 0 
0 12859
0 11251
cfn=(6782)
calls=1033 0 
0 8264
0 23881

fn=(6768)
0 20703
cfn=(6770)
calls=201 0 
0 47410
0 2412
cfn=(6772)
calls=201 0 
0 5628
0 804
cob=(2)
cfi=(2)
cfn=(4920)
calls=201 0 
0 24816
0 1809
cfn=(6774)
calls=201 0 
0 4623
0 3015
cfn=(6630)
calls=201 0 
0 21505
0 2211
cfn=(7024)
calls=201 0 
0 2613
0 7638

fn=(6778)
0 49647
cfn=(6780)
calls=402 0 
0 53667
0 11055

fn=(6780)
0 119193
cfn=(6820)
calls=402 0 
0 10653
0 36180
cfn=(7022)
calls=402 0 
0 19642
0 10452

fn=(6788)
0 7272
cfn=(6312)
calls=202 0 
0 1414
0 1414
cfn=(6782)
calls=202 0 
0 1616
0 1818

fn=(6834)
0 466
cfn=(6526)
calls=1 0 
0 140
cfn=(6862)
calls=1 0 
0 343
0 128
cfn=(5776)
calls=1 0 
0 268
cfn=(5786)
calls=1 0 
0 1
0 240
cfn=(5786)
calls=2 0 
0 2
cfn=(5786)
calls=3 0 
0 3
cfn=(5776)
calls=25 0 
0 6275
0 40172
cfn=(6526)
calls=401 0 
0 34280
cfn=(5786)
calls=403 0 
0 403
0 5616
cfn=(5786)
calls=200 0 
0 200
0 9632
cfn=(5776)
calls=191 0 
0 1719
cfn=(5786)
calls=400 0 
0 400
cfn=(5786)
calls=600 0 
0 600
cfn=(5786)
calls=13 0 
0 13
0 2010

fn=(6872)
0 9636

fn=(6892)
0 5427

fn=(6900)
0 37587

fn=(6920)
0 28944

fn=(6922)
0 4623
cfn=(6792)
calls=201 0 
0 21993
0 1809
cob=(2)
cfi=(2)
cfn=(4536)
calls=201 0 
0 5829
0 1005

fn=(6984)
0 2814
cfn=(6930)
calls=402 0 
0 24986
0 1407
cfn=(6930)
calls=201 0 
0 12462

fn=(6990)
0 4360
cfn=(6992)
calls=436 0 
0 2006152
0 5931
cob=(2)
cfi=(2)
cfn=(4210)
calls=201 0 
0 8241
0 8276

fn=(7016)
0 25703
cfn=(7094)
calls=402 0 
0 67335
0 8176
cfn=(7018)
calls=1441 0 
0 285013
0 20805
cfn=(6928)
calls=402 0 
0 5628
0 6030
cfn=(7076) <h2::share::FlowControl>::release_capacity
calls=603 0 
0 109746
0 24661
cfn=(7082)
calls=603 0 
0 10251
0 4824

fn=(7044)
0 5226

fn=(7048)
0 20664
cfn=(7050)
calls=405 0 
0 28006
0 4533
cfn=(7262)
calls=39 0 
0 1014
0 78
cob=(2)
cfi=(2)
cfn=(4920)
calls=39 0 
0 3971
0 3240

fn=(7050)
0 56006

fn=(7076)
0 21105
cfn=(7078)
calls=603 0 
0 75375
0 13266

fn=(7110)
0 25728
cfn=(6792)
calls=402 0 
0 7638
0 10452

fn=(7126)
0 3417

fn=(7130)
0 3819

fn=(7174)
0 39864
cfn=(7176)
calls=1199 0 
0 40593
0 19275
cfn=(6672)
calls=804 0 
0 52260
0 2190
cfn=(6662)
calls=194 0 
0 8342
0 776
cfn=(7176)
calls=194 0 
0 5820
0 14638
cfn=(7198)
calls=804 0 
0 323901
0 9634
cfn=(7200) core::ptr::drop_glue::<tokio::sync::mpsc::bounded::Receiver<core::result::Result<devloop::echo::EchoReply, tonic::status::Status>>>
calls=201 0 
0 90580
0 2010
cfn=(6630)
calls=201 0 
0 22223
0 2412
cfn=(7024)
calls=201 0 
0 214568
0 4006
cfn=(6664)
calls=194 0 
0 3104
0 12558

fn=(7186)
0 22110

fn=(7218)
0 10452
cfn=(6852)
calls=201 0 
0 15075
0 1608

fn=(7252)
0 2412
cfn=(6742)
calls=402 0 
0 3216
0 2010
cfn=(6782)
calls=402 0 
0 80028
0 4020

fn=(7278)
0 2613

fn=(7328)
0 3406
cob=(2)
cfi=(2)
cfn=(7330)
calls=262 0 
0 15458
0 3406

fn=(7552)
0 20

fn=(7580)
0 20
cfn=(7582)
calls=1 0 
0 1231
0 9
cfn=(7582)
calls=1 0 
0 249
0 2
cfn=(7604) <tokio::runtime::task::harness::Harness<devloop::rpc_tonic_unary::{closure#0}::{closure#0}, alloc::sync::Arc<tokio::runtime::scheduler::multi_thread::handle::Handle>>>::complete
calls=1 0 
0 553
0 4

fn=(7604)
0 22
cfn=(7582)
calls=1 0 
0 253
0 5
cfn=(7050)
calls=1 0 
0 56
0 13
cfn=(7606)
calls=1 0 
0 26
0 2
cob=(2)
cfi=(2)
cfn=(4920)
calls=1 0 
0 170
0 6

fn=(7608)
0 23
cfn=(7610)
calls=1 0 
0 10908
0 9
cfn=(7610)
calls=1 0 
0 285
0 2
cfn=(7674)
calls=1 0 
0 619
0 4

fn=(7634)
0 10
cfn=(6240)
calls=2 0 
0 360

fn=(7650)
0 24
cob=(2)
cfi=(2)
cfn=(4920)
calls=2 0 
0 146
0 53
cfn=(6834)
calls=2 0 
0 62
0 20
cfn=(6834)
calls=10 0 
0 2143
0 46
cfn=(6834)
calls=1 0 
0 290
0 6
cfn=(6834)
calls=3 0 
0 351
0 24
cob=(2)
cfi=(2)
cfn=(4920)
calls=2 0 
0 232
0 38
cob=(2)
cfi=(2)
cfn=(4920)
calls=2 0 
0 146

fn=(7652)
0 67
cfn=(6834)
calls=2 0 
0 580
0 20
cfn=(6834)
calls=10 0 
0 2994
0 46
cfn=(6834)
calls=1 0 
0 292
0 6
cfn=(6834)
calls=3 0 
0 1154
0 24
cob=(2)
cfi=(2)
cfn=(4920)
calls=2 0 
0 311
0 24
cob=(2)
cfi=(2)
cfn=(4920)
calls=2 0 
0 587
0 18
cob=(2)
cfi=(2)
cfn=(4920)
calls=2 0 
0 234

fn=(7662)
0 22
cfn=(7664)
calls=2 0 
0 437
0 4
cfn=(7668) core::ptr::drop_glue::<slab::Slab<h2::proto::streams::stream::Stream>>
calls=2 0 
0 423
0 16
cob=(2)
cfi=(2)
cfn=(4920)
calls=2 0 
0 138
0 14
cob=(2)
cfi=(2)
cfn=(4920)
calls=2 0 
0 146

fn=(7668)
0 77
cob=(2)
cfi=(2)
cfn=(4920)
calls=2 0 
0 346

fn=(7676)
0 26

fn=(7710)
0 10
cfn=(7712)
calls=1 0 
0 730
0 7
cfn=(7716)
calls=1 0 
0 1416
0 4
cob=(2)
cfi=(2)
cfn=(4920)
calls=1 0 
0 65
0 14
cfn=(7734) <alloc::sync::Arc<std::sync::poison::mutex::Mutex<core::option::Option<tower::buffer::error::ServiceError>>>>::drop_slow
calls=1 0 
0 133

fn=(7724)
0 11
cob=(2)
cfi=(2)
cfn=(4920)
calls=1 0 
0 65

fn=(7734)
0 16
cob=(2)
cfi=(2)
cfn=(4920)
calls=1 0 
0 117

fn=(7738)
0 80
cob=(2)
cfi=(2)
cfn=(4920)
calls=4 0 
0 312

fn=(7748)
0 52
cob=(2)
cfi=(2)
cfn=(5018)
calls=4 0 
0 580
0 40
cob=(2)
cfi=(2)
cfn=(5016)
calls=4 0 
0 20
0 20
cob=(2)
cfi=(2)
cfn=(6100) munmap
calls=4 0 
0 20
0 4
cob=(2)
cfi=(2)
cfn=(5034)
calls=4 0 
0 12
0 264
cfn=(7750)
calls=4 0 
0 445
0 44
cob=(2)
cfi=(2)
cfn=(4920)
calls=4 0 
0 364
0 80

fn=(7784) std::sys::thread_local::guard::key::enable::run
0 116

fn=(7918)
0 50
cfn=(7920)
calls=4 0 
0 1192
0 20
cfn=(5306)
calls=4 0 
0 790
0 6
cob=(2)
cfi=(2)
cfn=(4920)
calls=1 0 
0 65
0 4
cob=(2)
cfi=(2)
cfn=(4920)
calls=1 0 
0 65
0 4
cob=(2)
cfi=(2)
cfn=(4920)
calls=1 0 
0 117
0 3
cfn=(5304)
calls=1 0 
0 147
0 2
cfn=(7926)
calls=1 0 
0 20
0 4
cob=(2)
cfi=(2)
cfn=(4920)
calls=1 0 
0 65
0 2
cfn=(7928)
calls=1 0 
0 433
0 17

fn=(7998)
0 104

fn=(8008)
0 27
cob=(2)
cfi=(2)
cfn=(4920)
calls=1 0 
0 117

fn=(6536)
0 11
cfn=(7562)
calls=1 0 
0 187
0 11256

fn=(6544)
0 1809

fn=(5024)
0 65
cob=(2)
cfi=(2)
cfn=(5026) gettid
calls=5 0 
0 15
0 69
cob=(2)
cfi=(2)
cfn=(4210)
calls=1 0 
0 184
0 16
cob=(2)
cfi=(2)
cfn=(4210)
calls=4 0 
0 164
0 40
cob=(2)
cfi=(2)
cfn=(4536)
calls=4 0 
0 48
0 9
cob=(2)
cfi=(2)
cfn=(5034)
calls=5 0 
0 15
0 295
cob=(2)
cfi=(2)
cfn=(4210)
calls=1 0 
0 179
0 159
cob=(2)
cfi=(2)
cfn=(4536)
calls=1 0 
0 12
0 8
cob=(2)
cfi=(2)
cfn=(4536)
calls=1 0 
0 11
0 65

fn=(5064)
0 9
cob=(2)
cfi=(2)
cfn=(4210)
calls=1 0 
0 190
0 12
cfn=(5066)
calls=1 0 
0 270
0 29

fn=(5066)
0 59
cfn=(5086)
calls=1 0 
0 27
0 135
cfn=(5086)
calls=5 0 
0 135
0 485
cfn=(5068)
calls=5 0 
0 759
0 15

fn=(5092)
0 28
cob=(2)
cfi=(2)
cfn=(4536)
calls=2 0 
0 22
0 142
cfn=(5094) std::sys::env::unix::getenv::{closure#0}
calls=2 0 
0 1335
0 30

fn=(5094)
0 34
cob=(2)
cfi=(2)
cfn=(5096) getenv
calls=2 0 
0 1265
0 36

fn=(5116)
0 78
cob=(2)
cfi=(2)
cfn=(5118) open
calls=2 0 
0 92
0 48

fn=(5144)
0 197
cfn=(5146)
calls=9 0 
0 556
0 27
cfn=(5146)
calls=9 0 
0 611
0 206
cfn=(5148)
calls=7 0 
0 298
0 149

fn=(5210)
0 11
cob=(2)
cfi=(2)
cfn=(4210)
calls=1 0 
0 190
0 18
cob=(2)
cfi=(2)
cfn=(4210)
calls=1 0 
0 41
0 88
cob=(2)
cfi=(2)
cfn=(4210)
calls=1 0 
0 187
0 10
cob=(2)
cfi=(2)
cfn=(4536)
calls=1 0 
0 52
0 10

fn=(5302)
0 50

fn=(5428)
0 16
cob=(2)
cfi=(2)
cfn=(4210)
calls=4 0 
0 841
0 60

fn=(5630)
0 161
cfn=(5086)
calls=7 0 
0 385
0 476

fn=(5658)
0 26

fn=(5684)
0 287

fn=(5714)
0 147
cob=(2)
cfi=(2)
cfn=(4210)
calls=2 0 
0 442
0 26
cfn=(5716)
calls=2 0 
0 2231
0 28

fn=(5720)
0 4
cfn=(5722)
calls=1 0 
0 1602

fn=(5728)
0 120
cfn=(5730)
calls=4 0 
0 462
0 12

fn=(5850)
0 57
cob=(2)
cfi=(2)
cfn=(5852) connect
calls=1 0 
0 64
0 3
cob=(2)
cfi=(2)
cfn=(5034)
calls=1 0 
0 3
0 15
cfn=(6420)
calls=1 0 
0 863
0 4
cfn=(6420)
calls=1 0 
0 120
0 42

fn=(6162)
0 196
cfn=(6164)
calls=4 0 
0 25011479
0 32
cfn=(7740)
calls=4 0 
0 172
0 36
cfn=(7740)
calls=4 0 
0 160
0 40
cfn=(7742)
calls=4 0 
0 304

fn=(6208)
0 100
cob=(2)
cfi=(2)
cfn=(4210)
calls=4 0 
0 840
0 40
cob=(2)
cfi=(2)
cfn=(4536)
calls=4 0 
0 51
0 68

fn=(6216)
0 48
cfn=(6212)
calls=2 0 
0 128
0 10
cfn=(6212)
calls=2 0 
0 68
0 138

fn=(6222)
0 224
cob=(2)
cfi=(2)
cfn=(4210)
calls=4 0 
0 742
0 80
cob=(2)
cfi=(2)
cfn=(4972)
calls=4 0 
0 40
0 96

fn=(6236)
0 4646

fn=(6342)
0 96824

fn=(6368)
0 12
cfn=(6370)
calls=1 0 
0 134
0 51
cob=(2)
cfi=(2)
cfn=(4210)
calls=1 0 
0 232
0 40

fn=(6392)
0 43420
cfn=(6394)
calls=835 0 
0 6114147
0 31876
cfn=(5708)
calls=73 0 
0 9815
0 7191

fn=(6400)
0 45023
cfn=(6606)
calls=2 0 
0 114
0 70
cfn=(6402) <h2::frame::settings::Settings>::encode
calls=4 0 
0 723
0 3027
cob=(2)
cfi=(2)
cfn=(4536)
calls=603 0 
0 31356
0 9045
cfn=(6826)
calls=603 0 
0 1574097
0 27354
cfn=(7056)
calls=402 0 
0 58290
0 49938

fn=(6402)
0 410
cfn=(6404)
calls=1 0 
0 39
0 10
cfn=(6404)
calls=2 0 
0 78
0 12
cfn=(6404)
calls=2 0 
0 78
0 12
cfn=(6404)
calls=2 0 
0 78
0 6

fn=(6410)
0 110241
cfn=(6412)
calls=399 0 
0 69417
0 13075
cfn=(6434)
calls=1236 0 
0 32679
0 47727
cfn=(6412)
calls=201 0 
0 34974
0 1407
cfn=(7058)
calls=201 0 
0 5829
0 23700

fn=(6414)
0 18380

fn=(6440)
0 23702
cfn=(5786)
calls=1 0 
0 1
0 4
cfn=(6442)
calls=1 0 
0 189
0 4440
cfn=(6442)
calls=1480 0 
0 297663
0 13329

fn=(6478)
0 15447

fn=(6640)
0 24

fn=(6672)
0 65325

fn=(6680)
0 158388
cfn=(6682)
calls=2010 0 
0 31758
0 135072

fn=(6684)
0 3417
cfn=(6686)
calls=201 0 
0 163064
0 1809

fn=(6700)
0 10251
cfn=(6574)
calls=603 0 
0 14472
0 35175
cfn=(6574)
calls=201 0 
0 16080
0 12864
cob=(2)
cfi=(2)
cfn=(5150)
calls=201 0 
0 3618
0 3216
cfn=(7326)
calls=201 0 
0 13869
0 2814
cfn=(5776)
calls=201 0 
0 1809
0 9849
cfn=(5786)
calls=603 0 
0 603

fn=(6706)
0 11457

fn=(6728)
0 10496
cfn=(5300)
calls=2 0 
0 498
0 22

fn=(6738)
0 14472
cfn=(6680)
calls=1206 0 
0 184518
0 144318

fn=(6784)
0 38052

fn=(6832)
0 8571
cob=(2)
cfi=(2)
cfn=(4536)
calls=228 0 
0 84840
0 953
cob=(2)
cfi=(2)
cfn=(4210)
calls=1 0 
0 595
0 2897
cfn=(5736)
calls=9 0 
0 2278
0 27

fn=(6836)
0 126
cfn=(6838)
calls=7 0 
0 177
0 28
cfn=(6840)
calls=7 0 
0 182
0 160
cfn=(6842)
calls=2 0 
0 819
0 359

fn=(6846)
0 3290
cfn=(6832)
calls=1 0 
0 505
0 136171
cfn=(6832)
calls=6 0 
0 1826
0 7458

fn=(6880)
0 60
cfn=(5300)
calls=4 0 
0 2222
0 36

fn=(6882)
0 3248
cob=(2)
cfi=(2)
cfn=(4536)
calls=203 0 
0 3045
0 2030

fn=(6906)
0 44823

fn=(6912)
0 67938

fn=(6942)
0 3819

fn=(6958)
0 1608
cfn=(6960)
calls=201 0 
0 24321
0 1809
cfn=(5058)
calls=201 0 
0 24393
0 2613

fn=(6962)
0 2814
cob=(2)
cfi=(2)
cfn=(4210)
calls=201 0 
0 10411
0 14872

fn=(6968)
0 9447
cfn=(7136)
calls=201 0 
0 12462
0 1809
cob=(2)
cfi=(2)
cfn=(4920)
calls=201 0 
0 14673
0 1407
cfn=(6970) core::ptr::drop_glue::<tower::util::map_future::MapFuture<tonic::transport::server::service::io::ConnectInfo<tonic::transport::server::Svc<tonic::service::recover_error::RecoverError<tower::util::either::Either<tower::load_shed::LoadShed<tower::util::either::Either<tower::limit::concurrency::service::ConcurrencyLimit<tonic::transport::service::grpc_timeout::GrpcTimeout<tonic::service::router::Routes>>, tonic::transport::service::grpc_timeout::GrpcTimeout<tonic::service::router::Routes>>>, tower::util::either::Either<tower::limit::concurrency::service::ConcurrencyLimit<tonic::transport::service::grpc_timeout::GrpcTimeout<tonic::service::router::Routes>>, tonic::transport::service::grpc_timeout::GrpcTimeout<tonic::service::router::Routes>>>>>, tonic::transport::server::service::io::ServerIoConnectInfo<tokio::net::tcp::stream::TcpStream>>, <tower::util::boxed_clone::BoxCloneService<http::request::Request<tonic::body::Body>, http::response::Response<tonic::body::Body>, alloc::boxed::Box<dyn core::error::Error + core::marker::Send + core::marker::Sync>>>::new<tonic::transport::server::service::io::ConnectInfo<tonic::transport::server::Svc<tonic::service::recover_error::RecoverError<tower::util::either::Either<tower::load_shed::LoadShed<tower::util::either::Either<tower::limit::concurrency::service::ConcurrencyLimit<tonic::transport::service::grpc_timeout::GrpcTimeout<tonic::service::router::Routes>>, tonic::transport::service::grpc_timeout::GrpcTimeout<tonic::service::router::Routes>>>, tower::util::either::Either<tower::limit::concurrency::service::ConcurrencyLimit<tonic::transport::service::grpc_timeout::GrpcTimeout<tonic::service::router::Routes>>, tonic::transport::service::grpc_timeout::GrpcTimeout<tonic::service::router::Routes>>>>>, tonic::transport::server::service::io::ServerIoConnectInfo<tokio::net::tcp::stream::TcpStream>>>::{closure#0}>>
calls=201 0 
0 4221
0 804
cob=(2)
cfi=(2)
cfn=(4920)
calls=201 0 
0 14481
0 2814

fn=(6970)
0 2426
cfn=(7618)
calls=1 0 
0 2539
0 1819

fn=(6996)
0 4020
cfn=(6678)
calls=402 0 
0 132861
0 5226

fn=(7008)
0 15851
cfn=(7014)
calls=603 0 
0 277155
cfn=(7010)
calls=838 0 
0 375405
0 31832

fn=(7038)
0 124218
cfn=(7040)
calls=1206 0 
0 31356
0 33366
cfn=(6792)
calls=402 0 
0 7638
0 4019
cfn=(6350)
calls=200 0 
0 59800
0 14270
cfn=(6616)
calls=402 0 
0 2412
0 4422
cfn=(6824)
calls=402 0 
0 117694
0 4824
cfn=(6824)
calls=804 0 
0 44220
0 22914

fn=(7054)
0 58692

fn=(7074)
0 804

fn=(7116)
0 4221
cob=(2)
cfi=(2)
cfn=(4536)
calls=201 0 
0 5829
0 804
cob=(2)
cfi=(2)
cfn=(4210)
calls=201 0 
0 8241
0 2406
cob=(2)
cfi=(2)
cfn=(4536)
calls=200 0 
0 5800
0 4
cob=(2)
cfi=(2)
cfn=(4536)
calls=1 0 
0 29
0 1608
cfn=(7118)
calls=201 0 
0 451083
0 2010
cfn=(7124)
calls=201 0 
0 1809
0 804
cob=(2)
cfi=(2)
cfn=(4920)
calls=201 0 
0 15506
0 2613

fn=(7140)
0 5025

fn=(7176)
0 63900

fn=(7200)
0 2814
cfn=(7202)
calls=201 0 
0 7035
0 4020
cfn=(7204)
calls=201 0 
0 6633
0 5427
cfn=(7176)
calls=201 0 
0 5829
0 2010
cfn=(7176)
calls=201 0 
0 5829
0 2814
cfn=(7206)
calls=201 0 
0 48169

fn=(7238)
0 4221
cob=(2)
cfi=(2)
cfn=(4536)
calls=201 0 
0 5829
0 1005
cfn=(7240)
calls=201 0 
0 30335
0 804
cfn=(7242)
calls=201 0 
0 5226
0 1206

fn=(7274)
0 2814
cfn=(7276)
calls=201 0 
0 50592

fn=(7538)
0 19
cob=(2)
cfi=(2)
cfn=(4210)
calls=1 0 
0 41
0 10
cob=(2)
cfi=(2)
cfn=(4536)
calls=1 0 
0 10
0 83
cob=(2)
cfi=(2)
cfn=(4210)
calls=1 0 
0 41
0 17
cfn=(7540)
calls=1 0 
0 96
0 13
cfn=(7540)
calls=1 0 
0 225
0 5
cfn=(7542)
calls=1 0 
0 207
0 8
cfn=(7542)
calls=1 0 
0 221
0 8
cfn=(7542)
calls=1 0 
0 271
0 8
cfn=(7542)
calls=1 0 
0 254
0 23
cfn=(7540)
calls=1 0 
0 143
0 23
cfn=(7542)
calls=1 0 
0 624
0 8
cfn=(7542)
calls=1 0 
0 227
0 8
cfn=(7542)
calls=1 0 
0 227
0 8
cfn=(7542)
calls=1 0 
0 227
0 8
cfn=(7542)
calls=1 0 
0 234
0 8
cfn=(7542)
calls=1 0 
0 234
0 8
cfn=(7542)
calls=1 0 
0 241
0 8
cfn=(7542)
calls=1 0 
0 274
0 8
cfn=(7542)
calls=1 0 
0 664
0 8
cfn=(7542)
calls=1 0 
0 241
0 8
cfn=(7542)
calls=1 0 
0 262
0 8
cfn=(7542)
calls=1 0 
0 262
0 8
cfn=(7542)
calls=1 0 
0 262
0 8
cfn=(7542)
calls=1 0 
0 241
0 5
cfn=(7548)
calls=1 0 
0 16
0 21
cob=(2)
cfi=(2)
cfn=(4920)
calls=1 0 
0 65
0 10

fn=(7560)
0 10
cfn=(7562)
calls=1 0 
0 22
0 2
cfn=(6536)
calls=1 0 
0 198
0 7
cfn=(6534)
calls=1 0 
0 13
0 4
cob=(2)
cfi=(2)
cfn=(4920)
calls=1 0 
0 65
0 9

fn=(7570)
0 5
cfn=(7572)
calls=1 0 
0 229
0 12
cfn=(7576)
calls=1 0 
0 3008
0 5
cfn=(8000)
calls=1 0 
0 363
0 6
cfn=(8010)
calls=1 0 
0 10

fn=(7590)
0 15
cfn=(7592)
calls=1 0 
0 224
0 5
cfn=(7598) <alloc::sync::Arc<tokio::sync::watch::Sender<()>>>::drop_slow
calls=1 0 
0 518
0 25
cfn=(7204)
calls=1 0 
0 33
0 4
cfn=(7602)
calls=1 0 
0 78
0 27

fn=(7594)
0 15
cfn=(7596) <tokio::runtime::io::registration::Registration as core::ops::drop::Drop>::drop
calls=3 0 
0 159
0 39

fn=(7596)
0 72
cfn=(6782)
calls=3 0 
0 24
0 63

fn=(7598)
0 10
cfn=(7600)
calls=1 0 
0 424
0 11
cob=(2)
cfi=(2)
cfn=(4920)
calls=1 0 
0 73

fn=(7616)
0 26
cfn=(6970)
calls=1 0 
0 2563
0 4
cob=(2)
cfi=(2)
cfn=(4920)
calls=1 0 
0 73
0 7
cfn=(6596)
calls=1 0 
0 7745

fn=(7620)
0 46
cob=(2)
cfi=(2)
cfn=(4920)
calls=1 0 
0 73
0 59
cfn=(6988)
calls=1 0 
0 82
0 116
cob=(2)
cfi=(2)
cfn=(4920)
calls=2 0 
0 373

fn=(7636)
0 16
cfn=(7638)
calls=2 0 
0 344
0 10
cob=(2)
cfi=(2)
cfn=(4920)
calls=2 0 
0 146

fn=(7654)
0 20

fn=(7656)
0 30
cfn=(7658) core::ptr::drop_glue::<h2::proto::streams::streams::Streams<hyper::proto::h2::SendBuf<bytes::bytes::Bytes>, h2::client::Peer>>
calls=2 0 
0 1111
0 14

fn=(7658)
0 132
cfn=(7660)
calls=2 0 
0 1368
0 29
cfn=(7670)
calls=2 0 
0 619
0 8

fn=(7686)
0 22
cfn=(6350)
calls=1 0 
0 153
0 19

fn=(7690)
0 14
cfn=(7692) core::ptr::drop_glue::<hyper_util::rt::tokio::TokioIo<tokio::net::tcp::stream::TcpStream>>
calls=1 0 
0 225
0 4
cob=(2)
cfi=(2)
cfn=(4920)
calls=1 0 
0 117
0 2
cfn=(7648)
calls=1 0 
0 742
0 12
cob=(2)
cfi=(2)
cfn=(4920)
calls=1 0 
0 202
0 7
cob=(2)
cfi=(2)
cfn=(4920)
calls=1 0 
0 123

fn=(7692)
0 1
cfn=(7592)
calls=1 0 
0 224

fn=(7702)
0 5
cfn=(7658)
calls=1 0 
0 1045
0 6

fn=(7706)
0 32
cfn=(7204)
calls=1 0 
0 33
0 21
cfn=(6782)
calls=1 0 
0 8
0 6
cfn=(6660)
calls=1 0 
0 30
0 8
cfn=(6660)
calls=1 0 
0 30
0 12

fn=(7708)
0 13

fn=(7758) std::sys::thread_local::native::lazy::destroy::<core::cell::RefCell<hyper::common::date::CachedDate>>
0 44
cfn=(6526)
calls=4 0 
0 896
0 8

fn=(7762) std::sys::thread_local::native::eager::destroy::<core::cell::Cell<std::thread::spawnhook::SpawnHooks>>
0 35
cfn=(5480)
calls=5 0 
0 95
0 35

fn=(7906)
0 21
cfn=(6348)
calls=3 0 
0 201
0 45
cob=(2)
cfi=(2)
cfn=(4920)
calls=3 0 
0 203

fn=(7924)
0 13
cob=(2)
cfi=(2)
cfn=(4920)
calls=1 0 
0 170
0 4
cob=(2)
cfi=(2)
cfn=(5132)
calls=1 0 
0 61

ob=(2)
fl=(2)
fn=(4298) 0x00000000000a07f0
0 184
cfn=(4314) __default_morecore
calls=2 0 
0 94
0 61
cfn=(4314)
calls=1 0 
0 25
0 21

fn=(4392) 0x000000000008d060
0 1060

fn=(4420) _IO_file_open
0 25
cfn=(4404) _IO_link_in
calls=1 0 
0 17
0 6
cfn=(4422) __open_nocancel
calls=1 0 
0 23
0 2

fn=(4466) _IO_file_stat
0 2
cfn=(4468) fstat
calls=1 0 
0 5

fn=(4468)
0 5

fn=(4480) _IO_file_read
0 20
cfn=(4482) __read_nocancel
calls=5 0 
0 25

fn=(3300)
0 18

fn=(3316)
0 63

fn=(3366)
0 63

fn=(3904) getrlimit
0 18

fn=(4536)
0 3073003

fn=(5018)
0 1305

fn=(5132)
0 72
cfn=(4176) 0x000000000008f6a0
calls=8 0 
0 338
0 16

fn=(5172)
0 5

fn=(5250) 0x00000000000a27e0
0 10906
cfn=(4258) 0x00000000000a12a0
calls=574 0 
0 132839
0 20784
cfn=(5354) 0x00000000000a0460
calls=506 0 
0 43571
0 15460
cfn=(5266) 0x000000000009f040
calls=574 0 
0 34099
0 6508
cfn=(5274) 0x000000000009ffe0
calls=67 0 
0 4212
0 67

fn=(5318)
0 810

fn=(5500)
0 16
cfn=(5312)
calls=1 0 
0 39
0 3
cfn=(5502) 0x000000000008ecc0
calls=1 0 
0 962
0 5
cfn=(5318)
calls=1 0 
0 36
0 8

fn=(5560)
0 48

fn=(5704)
0 10

fn=(5942) 0x0000000000058900
0 392

fn=(6012) 0x00000000001110c0
0 143
cob=(1)
cfi=(1)
cfn=(218)
calls=1 0 
0 22
0 1
0 5

fn=(6062) 0x000000000009f640
0 148
cfn=(6078) 0x000000000009f5e0
calls=4 0 
0 545
0 3280

fn=(7802) 0x00000000000a59c0
0 1647
cfn=(4920)
calls=319 0 
0 66034
0 3139
cfn=(4920)
calls=4 0 
0 786
0 120
cfn=(7804) 0x00000000001543f0
calls=4 0 
0 44
0 4
cfn=(7810) 0x0000000000128b00
calls=4 0 
0 100
0 4
cfn=(7822) 0x00000000000bbb00
calls=4 0 
0 60
0 4
cfn=(7828) 0x000000000008f4f0
calls=4 0 
0 28
0 8

fn=(7804)
0 44

fn=(4210)
0 595882
cfn=(4252) 0x00000000000a2250
calls=1 0 
0 472
0 45095
cfn=(4258)
calls=3460 0 
0 711522
0 68880
cfn=(4212) 0x000000000009f160
calls=1 0 
0 1112
0 222
cfn=(4258)
calls=55 0 
0 7948
0 385

fn=(4212)
0 793
cob=(1)
cfi=(1)
cfn=(218)
calls=1 0 
0 21
0 1
0 4
cob=(1)
cfi=(1)
cfn=(218)
calls=1 0 
0 22
0 1
0 4
cob=(1)
cfi=(1)
cfn=(218)
calls=1 0 
0 21
0 1
0 4
cob=(1)
cfi=(1)
cfn=(218)
calls=1 0 
0 21
0 1
0 4
cob=(1)
cfi=(1)
cfn=(218)
calls=1 0 
0 22
0 1
0 4
cob=(1)
cfi=(1)
cfn=(218)
calls=1 0 
0 21
0 1
0 4
cob=(1)
cfi=(1)
cfn=(218)
calls=1 0 
0 21
0 1
0 4
cob=(1)
cfi=(1)
cfn=(218)
calls=1 0 
0 21
0 1
0 4
cob=(1)
cfi=(1)
cfn=(218)
calls=1 0 
0 21
0 1
0 4
cob=(1)
cfi=(1)
cfn=(218)
calls=1 0 
0 21
0 1
0 4
cob=(1)
cfi=(1)
cfn=(218)
calls=1 0 
0 21
0 1
0 4
cob=(1)
cfi=(1)
cfn=(218)
calls=1 0 
0 21
0 1
0 9

fn=(4316) sbrk
0 51
cfn=(4318) brk
calls=2 0 
0 16
0 16
cfn=(4318)
calls=1 0 
0 8
0 4

fn=(4364) 0x000000000009e650
0 5456

fn=(4406) 0x000000000008fd60
0 588

fn=(4460) _IO_file_underflow
0 103
cfn=(4478) _IO_switch_to_get_mode
calls=5 0 
0 120
0 80
cfn=(4480)
calls=5 0 
0 45
0 85
cfn=(4462) _IO_doallocbuf
calls=1 0 
0 279
0 4

fn=(4462)
0 17
cfn=(4464) _IO_file_doallocate
calls=1 0 
0 256
0 6

fn=(3284)
0 29

fn=(3304)
0 66

fn=(3324)
0 24

fn=(3326)
0 24

fn=(3330)
0 44

fn=(3344)
0 24

fn=(3352)
0 20

fn=(3364)
0 16

fn=(3376)
0 20

fn=(3902) __ctype_init
0 80

fn=(4964) _IO_file_finish
0 12
cfn=(4966) _IO_default_finish
calls=1 0 
0 15

fn=(5022)
0 65

fn=(5100) 0x0000000000166960
0 105

fn=(5274)
0 2982
cfn=(7376) 0x000000000009ee90
calls=7 0 
0 1051
0 179

fn=(5562)
0 24

fn=(5574) 0x000000000008ff50
0 52

fn=(5588) 0x0000000000110690
0 17
cfn=(5592) 0x00000000001107d0
calls=1 0 
0 15
0 23

fn=(5896) 0x000000000005a2b0
0 220
cfn=(4536)
calls=8 0 
0 96
0 8
0 136

fn=(6052)
0 15

fn=(6078)
0 121
cfn=(5020)
calls=1 0 
0 17
0 23
cfn=(5022)
calls=4 0 
0 20
0 24
cfn=(6012)
calls=4 0 
0 68
0 85
cfn=(5020)
calls=3 0 
0 66
0 43
cfn=(6100)
calls=2 0 
0 10
0 4
cfn=(6100)
calls=1 0 
0 5
0 17
cfn=(6100)
calls=1 0 
0 5
0 37

fn=(7872) 0x0000000000043760
0 12

fn=(7938)
0 180
cfn=(7974) 0x0000000000090320
calls=4 0 
0 208
0 72
cfn=(7958) _pthread_cleanup_push
calls=4 0 
0 24
0 28
cfn=(7966) _pthread_cleanup_pop
calls=4 0 
0 20
0 4

fn=(7974)
0 208

fn=(4568) __isoc23_sscanf
0 1035
cfn=(4390) 0x000000000008d0d0
calls=45 0 
0 2025
0 315
cfn=(4576) 0x000000000008e420
calls=45 0 
0 4832
0 495
cfn=(4604) 0x0000000000065070
calls=45 0 
0 76299
0 360

fn=(4178) 0x000000000008f620
0 74280
cfn=(5860) 0x000000000009a9c0
calls=3711 0 
0 51954
0 26017

fn=(4202)
0 72
cfn=(4196) getpagesize
calls=9 0 
0 45
0 45

fn=(4390)
0 460
cfn=(4392)
calls=46 0 
0 1060
0 559

fn=(4402) 0x0000000000089db0
0 5
cfn=(4404)
calls=1 0 
0 94
0 3

fn=(4422)
0 23

fn=(4458) __underflow
0 141
cfn=(4460)
calls=5 0 
0 716
0 18

fn=(3334)
0 20

fn=(3338)
0 15

fn=(3356)
0 72

fn=(3918) 0x0000000000043620
0 17

fn=(4046) 0x0000000000167730
0 41

fn=(5012)
0 47
cob=(4)
cfi=(4)
cfn=(4918)
calls=5 0 
0 362
0 10
cob=(4)
cfi=(4)
cfn=(4918)
calls=5 0 
0 362
0 23

fn=(5130)
0 28
cfn=(4176)
calls=4 0 
0 76
0 8

fn=(5170)
0 5

fn=(5194)
0 95790

fn=(5564)
0 92
cfn=(4196)
calls=4 0 
0 20
0 688
cfn=(5578) 0x0000000000092630
calls=4 0 
0 491
0 60
cfn=(4192) __libc_sigaction
calls=1 0 
0 48
0 30
cfn=(5576) _IO_enable_locks
calls=1 0 
0 38
0 66
cfn=(5020)
calls=4 0 
0 88
0 84
cfn=(5022)
calls=4 0 
0 20
0 52
cob=(1)
cfi=(1)
cfn=(5568)
calls=4 0 
0 3040
0 4
0 48
cfn=(5574)
calls=4 0 
0 52
0 24

fn=(6254) 0x00000000000a05a0
0 140692
cfn=(5354)
calls=3370 0 
0 371992
0 28750

fn=(7756) __call_tls_dtors
0 75
cob=(7)
cfi=(7)
cfn=(8032)
calls=1 0 
0 131
cob=(7)
cfi=(7)
cfn=(7758)
calls=4 0 
0 948
0 70
cob=(7)
cfi=(7)
cfn=(7762)
calls=5 0 
0 165
cob=(7)
cfi=(7)
cfn=(7760)
calls=5 0 
0 35
0 60
cob=(4)
cfi=(4)
cfn=(4918)
calls=15 0 
0 1798
0 65

fn=(8300) _Exit
0 3

fn=(4174)
0 7
cfn=(4176)
calls=1 0 
0 19
0 2

fn=(4258)
0 336670
cfn=(7376)
calls=355 0 
0 58539
0 323626
cfn=(5408) 0x000000000009edb0
calls=1703 0 
0 40861
0 57002
cfn=(5408)
calls=19 0 
0 437
0 825
cfn=(5408)
calls=165 0 
0 5280
0 1472
cfn=(4364)
calls=184 0 
0 736
0 4720
cfn=(4364)
calls=1180 0 
0 4720
0 21302
cfn=(4298)
calls=2 0 
0 385
0 860

fn=(4418) _IO_file_fopen
0 72
cfn=(4420)
calls=1 0 
0 73
0 6
cfn=(4424) 0x00000000000aacd0
calls=1 0 
0 54
0 30

fn=(4424)
0 17
cfn=(4430) 0x0000000000164cc0
calls=1 0 
0 20
0 1
0 16

fn=(4464)
0 19
cfn=(4466)
calls=1 0 
0 7
0 12
cob=(4)
cfi=(4)
cfn=(4208)
calls=1 0 
0 175
0 7
cfn=(4476) _IO_setb
calls=1 0 
0 27
0 9

fn=(3296)
0 48

fn=(3302)
0 18

fn=(3354)
0 17

fn=(3370)
0 6

fn=(3900)
0 9
cob=(1)
cfi=(1)
cfn=(218)
calls=1 0 
0 22
0 1
0 4
cob=(1)
cfi=(1)
cfn=(218)
calls=1 0 
0 22
0 1
0 4
cob=(1)
cfi=(1)
cfn=(218)
calls=1 0 
0 22
0 1
0 4
cob=(1)
cfi=(1)
cfn=(218)
calls=1 0 
0 22
0 1
0 4
cob=(1)
cfi=(1)
cfn=(218)
calls=1 0 
0 22
0 1
0 16
cfn=(3902)
calls=1 0 
0 16
0 7
cfn=(3904)
calls=1 0 
0 9
0 30
cfn=(3906) 0x0000000000095450
calls=1 0 
0 90
0 2
cfn=(3918)
calls=1 0 
0 17
0 6

fn=(4198)
0 18

fn=(4482)
0 25

fn=(4508) 0x00000000000a2380
0 692
cfn=(4258)
calls=9 0 
0 2513
0 153
cfn=(4536)
calls=9 0 
0 436
0 9
0 393
cfn=(5408)
calls=2 0 
0 40
0 68

fn=(4960) _IO_file_close
0 2
cfn=(4962) __close_nocancel
calls=1 0 
0 5

fn=(4962)
0 5

fn=(4986) pthread_attr_setaffinity_np
0 80
cfn=(4988) 0x0000000000090cb0
calls=5 0 
0 1464
0 40
cfn=(4506)
calls=5 0 
0 1162
0 5
0 45
cfn=(4536)
calls=5 0 
0 55
0 5
0 5

fn=(5072)
0 190
cfn=(4176)
calls=5 0 
0 219
0 25

fn=(5096)
0 34
cfn=(4582)
calls=2 0 
0 26
0 2
0 1062
cfn=(5100)
calls=4 0 
0 105
0 4
0 32

fn=(5576)
0 38

fn=(5878) snprintf
0 72
cfn=(5880) 0x0000000000087d50
calls=4 0 
0 2012
0 20

fn=(8106)
0 176
cfn=(8108) 0x00000000000f8130
calls=4 0 
0 60
0 48

fn=(8108)
0 60

fn=(6584)
0 7539
cfn=(4176)
calls=1077 0 
0 53862
0 2154

fn=(7330)
0 1855
cfn=(4176)
calls=265 0 
0 13250
0 530

fn=(7766) 0x00000000000901c0
0 1904
cob=(7)
cfi=(7)
cfn=(7784)
calls=4 0 
0 116
0 808

fn=(7958)
0 24

fn=(7966)
0 20

fn=(4120) 0x0000000000041a00
0 31

fn=(4314)
0 12
cfn=(4316)
calls=3 0 
0 95
0 12

fn=(3298)
0 6

fn=(3312)
0 24

fn=(3314)
0 17

fn=(3322)
0 22

fn=(3374)
0 21

fn=(4032)
0 30
cfn=(4046)
calls=1 0 
0 41
0 1
0 12

fn=(4968) pthread_getaffinity_np
0 80
cfn=(4972)
calls=5 0 
0 75
0 5
0 15

fn=(5124)
0 30

fn=(5508) 0x000000000015fcf0
0 50
cob=(1)
cfi=(1)
cfn=(5316)
calls=1 0 
0 29
0 1
0 16
cob=(1)
cfi=(1)
cfn=(3074)
calls=1 0 
0 732
0 7

fn=(5592)
0 15

fn=(5696)
0 5

fn=(5870) 0x0000000000092820
0 140
cfn=(5878)
calls=4 0 
0 2104
0 16
cfn=(6012)
calls=4 0 
0 103
0 156

fn=(6100)
0 40

fn=(6426)
0 30415

fn=(6450)
0 6

fn=(6472)
0 7
cfn=(4176)
calls=1 0 
0 50
0 2

fn=(8024) 0x00000000000420d0
0 62
cfn=(8300)
calls=1 0 
0 3
0 13
cob=(1)
cfi=(1)
cfn=(8052)
calls=1 0 
0 1437
0 5
cfn=(8242) 0x000000000008d9f0
calls=1 0 
0 397
0 2
cfn=(7756)
calls=1 0 
0 579
0 1

fn=(7376)
0 77590
cfn=(5408)
calls=174 0 
0 3690
0 3242
cfn=(5408)
calls=211 0 
0 4421
0 422

fn=(7822)
0 16
cob=(4)
cfi=(4)
cfn=(4918)
calls=4 0 
0 16
0 12
cob=(4)
cfi=(4)
cfn=(4918)
calls=4 0 
0 16

fn=(7886) madvise
0 20

fn=(4582)
0 1684

fn=(4194)
0 43
cfn=(4196)
calls=1 0 
0 5
0 4

fn=(4318)
0 24

fn=(4404)
0 43
cfn=(4406)
calls=1 0 
0 12
0 23
cfn=(4410) 0x000000000008fdb0
calls=1 0 
0 9
0 24

fn=(4410)
0 441

fn=(3318)
0 48

fn=(3320)
0 18

fn=(3336)
0 6

fn=(3340)
0 16

fn=(3368)
0 22

fn=(4176)
0 11163
cfn=(4178)
calls=3721 0 
0 152251
0 22346

fn=(4506)
0 480
cfn=(4210)
calls=10 0 
0 2084
0 970
cfn=(4508)
calls=13 0 
0 4035
0 430
cfn=(4508)
calls=1 0 
0 269
0 12

fn=(4604)
0 2250
cfn=(4406)
calls=45 0 
0 540
0 7605
cfn=(4410)
calls=45 0 
0 405
0 5445
cfn=(4654) _IO_sputbackc
calls=90 0 
0 1980
0 30190
cfn=(4654)
calls=90 0 
0 1980
0 1128
cfn=(4720) __strtoul_internal
calls=90 0 
0 23606
0 1170

fn=(4920)
0 1153350
cfn=(6254)
calls=4388 0 
0 541434
0 5385
cfn=(4252)
calls=4 0 
0 4973
0 12

fn=(4924) _IO_un_link
0 13
cfn=(4406)
calls=1 0 
0 12
0 38
cfn=(4410)
calls=1 0 
0 9
0 17

fn=(4966)
0 15

fn=(5266)
0 120976
cfn=(5408)
calls=1759 0 
0 36365
0 51450

fn=(5312)
0 819

fn=(5506)
0 6
cfn=(5508)
calls=1 0 
0 835
0 3

fn=(5616) clone
0 100
cfn=(5864) 0x00000000000928e0
calls=4 0 
0 25115570

fn=(5694)
0 5

fn=(5864)
0 60
cfn=(3902)
calls=4 0 
0 64
0 12
cfn=(5870)
calls=4 0 
0 2355
0 72
cfn=(4158) _setjmp
calls=4 0 
0 112
0 104
cfn=(7756)
calls=4 0 
0 2768
0 4
cfn=(7766)
calls=4 0 
0 2828
0 4
cfn=(7802)
calls=4 0 
0 71978
0 120
cfn=(7872)
calls=4 0 
0 12
0 24
cfn=(4196)
calls=4 0 
0 20
0 80
cfn=(5870)
calls=4 0 
0 164
0 8
cob=(7)
cfi=(7)
cfn=(6046)
calls=4 0 
0 25034737
0 20
cfn=(7886)
calls=4 0 
0 20
0 4

fn=(5880)
0 84
cfn=(5884) 0x0000000000062600
calls=4 0 
0 1812
0 24
cfn=(5994) 0x0000000000059da0
calls=4 0 
0 68
0 24

fn=(5888) 0x0000000000164f00
0 144

fn=(6054)
0 132

fn=(6416)
0 9624
cfn=(4176)
calls=1203 0 
0 60150
0 2406

fn=(4112) __cxa_atexit
0 17
cfn=(4120)
calls=1 0 
0 31
0 22

fn=(4204) fopen
0 10
cob=(4)
cfi=(4)
cfn=(4208)
calls=1 0 
0 1780
0 12
cfn=(4390)
calls=1 0 
0 54
0 4
cfn=(4402)
calls=1 0 
0 102
0 5
cfn=(4418)
calls=1 0 
0 235
0 13

fn=(4252)
0 37
cfn=(4258)
calls=1 0 
0 360
0 483
cfn=(6062)
calls=4 0 
0 3973
0 16
cfn=(4258)
calls=4 0 
0 536
0 40

fn=(4476)
0 1272
cob=(4)
cfi=(4)
cfn=(4918)
calls=1 0 
0 66
0 2

fn=(3308)
0 21

fn=(4188)
0 23
cfn=(4190)
calls=1 0 
0 92
0 9

fn=(4200)
0 65
cfn=(4202)
calls=5 0 
0 90
0 243
cfn=(4506)
calls=5 0 
0 1162
0 5
0 35
cfn=(4968)
calls=5 0 
0 175
0 50
cfn=(4986)
calls=5 0 
0 2861
0 15
cob=(4)
cfi=(4)
cfn=(4918)
calls=5 0 
0 362
0 38
cfn=(4204)
calls=1 0 
0 2215
0 6
cfn=(3904)
calls=1 0 
0 9
0 5
cfn=(4922) fclose
calls=1 0 
0 404
0 250
cfn=(4568)
calls=45 0 
0 85361
0 717
cfn=(4450) getline
calls=45 0 
0 8168
0 137
cob=(4)
cfi=(4)
cfn=(4918)
calls=1 0 
0 66
0 23

fn=(5016)
0 70

fn=(5020)
0 281

fn=(5150)
0 59020

fn=(5178) 0x0000000000104a80
0 45

fn=(5354)
0 19019
cfn=(7376)
calls=106 0 
0 29775
0 116350
cfn=(5408)
calls=734 0 
0 15787
0 23256
cfn=(5266)
calls=3876 0 
0 174692
0 36684

fn=(5692)
0 12

fn=(5852)
0 8
cfn=(4176)
calls=1 0 
0 54
0 2

fn=(5884)
0 96
cfn=(5888)
calls=4 0 
0 72
0 4
0 28
cfn=(5896)
calls=4 0 
0 188
0 248
cfn=(5888)
calls=4 0 
0 72
0 4
0 24
cfn=(5896)
calls=4 0 
0 68
0 76
cfn=(5942)
calls=4 0 
0 392
0 172
cfn=(5896)
calls=4 0 
0 204
0 164

fn=(6152)
0 16

fn=(6346)
0 9216
cfn=(4176)
calls=1152 0 
0 57600
0 2304

fn=(8244) _IO_flush_all
0 15
cfn=(4406)
calls=1 0 
0 12
0 138
cfn=(4410)
calls=1 0 
0 9
0 18

fn=(7812) 0x0000000000130140
0 64

fn=(4110)
0 17
cfn=(4112)
calls=1 0 
0 70
0 12
cob=(1)
cfi=(1)
cfn=(4154)
calls=1 0 
0 4
0 1
0 6
cfn=(4156) 0x0000000000029c30
calls=1 0 
0 3884806
0 11
cob=(4)
cfi=(4)
cfn=(4140)
calls=1 0 
0 6
0 20
cob=(7)
cfi=(7)
cfn=(4146)
calls=1 0 
0 12
0 4
cob=(7)
cfi=(7)
cfn=(4144)
calls=1 0 
0 4
0 9

fn=(4430)
0 20

fn=(4450)
0 135
cfn=(4452) getdelim
calls=45 0 
0 8033

fn=(4452)
0 1789
cfn=(4506)
calls=1 0 
0 347
0 1
0 12
cfn=(4536)
calls=1 0 
0 21
0 1
0 192
cfn=(4536)
calls=48 0 
0 933
0 48
0 155
cfn=(4458)
calls=4 0 
0 472
0 40
cfn=(4486) 0x0000000000162140
calls=4 0 
0 129
0 4
0 180
cfn=(4486)
calls=45 0 
0 1803
0 45
0 1030
cob=(4)
cfi=(4)
cfn=(4208)
calls=1 0 
0 191
0 231
cfn=(4458)
calls=1 0 
0 403
0 6

fn=(4478)
0 120

fn=(3328)
0 18

fn=(3346)
0 92

fn=(3348)
0 36

fn=(3350)
0 16

fn=(3906)
0 8
cob=(1)
cfi=(1)
cfn=(218)
calls=1 0 
0 22
0 1
0 4
cob=(1)
cfi=(1)
cfn=(218)
calls=1 0 
0 21
0 1
0 4
cob=(1)
cfi=(1)
cfn=(218)
calls=1 0 
0 22
0 1
0 6

fn=(4072)
0 22

fn=(4158)
0 10
cfn=(4160) __sigsetjmp
calls=5 0 
0 130

fn=(4190)
0 100
cfn=(4192)
calls=5 0 
0 264

fn=(4196)
0 90

fn=(4654)
0 3960

fn=(4988)
0 35
cfn=(4994)
calls=5 0 
0 1394
0 5
0 30

fn=(4994)
0 1435
cfn=(4258)
calls=4 0 
0 576
0 21
cfn=(4258)
calls=7 0 
0 1141
0 136
cfn=(4972)
calls=9 0 
0 265
0 9
0 356

fn=(5034)
0 45

fn=(5118)
0 40
cfn=(4176)
calls=2 0 
0 38
0 14

fn=(5126)
0 10

fn=(5164)
0 18
cfn=(4972)
calls=1 0 
0 18
0 1
0 3

fn=(5176)
0 45
cfn=(5178)
calls=3 0 
0 45
0 15

fn=(5224)
0 21420
cfn=(5226) 0x00000000000a2ea0
calls=1020 0 
0 359297
0 10200

fn=(5408)
0 106881

fn=(5586) 0x0000000000110700
0 44
cfn=(5588)
calls=4 0 
0 55
0 68
cfn=(5616)
calls=4 0 
0 72
0 32

fn=(5690)
0 10

fn=(5860)
0 51954

fn=(6058) prctl
0 24

fn=(6374)
0 5

fn=(8242)
0 11
cfn=(8244)
calls=1 0 
0 192
0 6
cfn=(4406)
calls=1 0 
0 12
0 149
cfn=(4410)
calls=1 0 
0 9
0 18

fn=(7828)
0 28

fn=(4576)
0 765
cfn=(4582)
calls=45 0 
0 1502
0 45
0 270
cfn=(4476)
calls=45 0 
0 1215
0 1035

fn=(4156)
0 8
cfn=(4158)
calls=1 0 
0 28
0 14
cob=(7)
cfi=(7)
cfn=(4170)
calls=1 0 
0 3882250
0 2
cfn=(8022) exit
calls=1 0 
0 2504

fn=(4160)
0 130

fn=(4192)
0 312

fn=(3306)
0 18

fn=(3310)
0 21

fn=(3332)
0 20

fn=(3342)
0 20

fn=(3358)
0 36

fn=(3360)
0 23

fn=(3362)
0 21

fn=(3372)
0 17

fn=(4064)
0 11

fn=(4486)
0 1932

fn=(4720)
0 23606

fn=(4922)
0 16
cfn=(4964)
calls=1 0 
0 27
0 15
cob=(4)
cfi=(4)
cfn=(4918)
calls=1 0 
0 66
0 6
cfn=(4924)
calls=1 0 
0 86
0 18
cfn=(4956) _IO_file_close_it
calls=1 0 
0 166
0 4

fn=(4956)
0 15
cfn=(4958) _IO_unsave_markers
calls=1 0 
0 8
0 10
cfn=(4960)
calls=1 0 
0 7
0 9
cfn=(4476)
calls=1 0 
0 98
0 6
cfn=(4924)
calls=1 0 
0 3
0 10

fn=(4958)
0 8

fn=(4972)
0 9038

fn=(5010)
0 40

fn=(5026)
0 15

fn=(5174)
0 42

fn=(5226)
0 68570
cfn=(5250)
calls=572 0 
0 267806
0 17657
cfn=(5250)
calls=2 0 
0 640
0 4624

fn=(5310)
0 195
cfn=(4994)
calls=15 0 
0 1441
0 15
0 180
cfn=(5312)
calls=15 0 
0 585
0 75
cfn=(5318)
calls=15 0 
0 579
0 165
cob=(1)
cfi=(1)
cfn=(5316)
calls=15 0 
0 435
0 15
0 75

fn=(5502)
0 19
cob=(1)
cfi=(1)
cfn=(1454)
calls=1 0 
0 924
0 19

fn=(5578)
0 148
cfn=(5586)
calls=4 0 
0 271
0 72

fn=(5994)
0 68

fn=(6050)
0 43

fn=(6056)
0 48
cfn=(4582)
calls=4 0 
0 52
0 4
0 72
cfn=(6058)
calls=4 0 
0 24
0 12

fn=(6360)
0 14
cfn=(4176)
calls=2 0 
0 104
0 4

fn=(8022)
0 5
cfn=(8024)
calls=1 0 
0 2499

fn=(7810)
0 8
cfn=(7812)
calls=4 0 
0 64
0 28

ob=(3)
fl=(3)
fn=(3486)
0 8

fn=(3490)
0 7

fn=(3498)
0 8

fn=(3504)
0 8

fn=(3480)
0 8

fn=(3514)
0 8

fn=(8202) 0x00000000000112f0
0 5

fn=(3488)
0 8

fn=(3506)
0 5

fn=(3522)
0 8

fn=(3526)
0 7

fn=(3476)
0 8

fn=(6318)
0 6965
cfn=(6322) 0x000000000007dcf0
calls=1393 0 
0 146265
0 1393
0 19502

fn=(3482)
0 8

fn=(3516)
0 8

fn=(3492)
0 8

fn=(3510)
0 7

fn=(3478)
0 8

fn=(6322)
0 146265

fn=(8192)
0 9
cob=(4)
cfi=(4)
cfn=(8198)
calls=1 0 
0 72
0 1
cfn=(8202)
calls=1 0 
0 5
0 3

fn=(3502)
0 7

fn=(3508)
0 6

fn=(3518)
0 8

fn=(3472)
0 8

fn=(3494)
0 8

fn=(3524)
0 5

fn=(3484)
0 8

fn=(3520)
0 8

fn=(4084)
0 12

fn=(3474)
0 8

fn=(3500)
0 8

fn=(3512)
0 8

totals: 29484135
