# callgrind format
version: 1
creator: callgrind-3.24.0
pid: 148593
cmd:  /workspace/scratch/work/sv09/work/bin/devloop-before run-cell rpc.tonic_prost.unary --iters 400 --prepare-iters 400
part: 1


desc: I1 cache: 
desc: D1 cache: 
desc: LL cache: 

desc: Timerange: Basic block 0 - 9501602
desc: Trigger: Program termination

positions: line
events: Ir
summary: 52458237


ob=(7) /workspace/scratch/work/sv09/work/bin/devloop-before
fl=(7) ???
fn=(5124) std::sys::fs::metadata
0 14
cob=(2) /usr/lib/x86_64-linux-gnu/libc.so.6
cfi=(2) ???
cfn=(4532) 0x0000000000162b40
calls=1 0 
0 11
0 61
cfn=(5112) std::sys::fs::unix::try_statx
calls=1 0 
0 123
0 6
cob=(2)
cfi=(2)
cfn=(4532)
calls=1 0 
0 29
0 8

fn=(5126) <std::path::PathBuf>::pop
0 75
cfn=(5128) <std::path::Components as core::iter::traits::double_ended::DoubleEndedIterator>::next_back
calls=3 0 
0 546
0 18
cfn=(5132) <std::path::Components>::as_path
calls=3 0 
0 413
0 63

fn=(5158) <tokio::runtime::driver::Driver>::new
0 14
cob=(2)
cfi=(2)
cfn=(5160) epoll_create1
calls=1 0 
0 5
0 6
cob=(2)
cfi=(2)
cfn=(5162) eventfd
calls=1 0 
0 5
0 10
cob=(2)
cfi=(2)
cfn=(5164) epoll_ctl
calls=1 0 
0 6
0 7
cob=(2)
cfi=(2)
cfn=(5166) fcntl
calls=1 0 
0 35
0 32
cfn=(5182) <std::sys::pal::unix::time::Timespec>::now
calls=1 0 
0 26
0 4
cob=(2)
cfi=(2)
cfn=(4206) malloc
calls=1 0 
0 168
0 12
cob=(2)
cfi=(2)
cfn=(4968) 0x0000000000163540
calls=1 0 
0 2082
0 5
cob=(2)
cfi=(2)
cfn=(4968)
calls=1 0 
0 77
0 5
cob=(2)
cfi=(2)
cfn=(4968)
calls=1 0 
0 77
0 5
cob=(2)
cfi=(2)
cfn=(4968)
calls=1 0 
0 77
0 6
cob=(2)
cfi=(2)
cfn=(4968)
calls=1 0 
0 77
0 44
cob=(2)
cfi=(2)
cfn=(4206)
calls=1 0 
0 173
0 13
cob=(2)
cfi=(2)
cfn=(4206)
calls=1 0 
0 41
0 15

fn=(5412) <alloc::raw_vec::RawVec<usize>>::grow_one
0 45
cfn=(5414) <alloc::raw_vec::RawVecInner>::finish_grow
calls=3 0 
0 413
0 27

fn=(5420) <alloc::sync::Arc<tokio::runtime::scheduler::multi_thread::park::Inner>>::drop_slow
0 27
cfn=(7896) <alloc::sync::Arc<tokio::runtime::scheduler::multi_thread::park::Shared>>::drop_slow
calls=1 0 
0 324
0 35
cob=(2)
cfi=(2)
cfn=(4916) free
calls=5 0 
0 531

fn=(5460) <tokio::runtime::blocking::pool::Spawner>::spawn_task
0 158
cfn=(5462) <alloc::collections::vec_deque::VecDeque<tokio::runtime::blocking::pool::Task>>::grow
calls=1 0 
0 277
0 154
cfn=(5466) <tokio::runtime::builder::Builder>::new::{closure#0}
calls=4 0 
0 799
0 151
cfn=(5082) std::sys::env::unix::getenv
calls=1 0 
0 818
0 55
cfn=(5472) <std::thread::thread::thread_name_string::ThreadNameString as core::convert::From<alloc::string::String>>::from
calls=4 0 
0 1002
0 16
cob=(2)
cfi=(2)
cfn=(4206)
calls=4 0 
0 728
0 52
cfn=(5482) std::thread::spawnhook::run_spawn_hooks
calls=4 0 
0 682
0 24
cob=(2)
cfi=(2)
cfn=(4206)
calls=4 0 
0 802
0 164
cob=(2)
cfi=(2)
cfn=(4206)
calls=4 0 
0 802
0 92
cob=(2)
cfi=(2)
cfn=(4206)
calls=4 0 
0 747
0 48
cfn=(5486) <std::sys::thread::unix::Thread>::new
calls=4 0 
0 6401
0 48
cfn=(5618) <std::hash::random::RandomState as core::hash::BuildHasher>::hash_one::<&usize>
calls=4 0 
0 584
0 290
cfn=(5620) <hashbrown::raw::RawTable<(usize, std::thread::join_handle::JoinHandle<()>)>>::reserve_rehash::<hashbrown::map::make_hasher<usize, std::thread::join_handle::JoinHandle<()>, std::hash::random::RandomState>::{closure#0}>
calls=2 0 
0 1116
0 2

fn=(5670) devloop::cmd_run_cell::{closure#1}
0 30684
cfn=(5672) devloop::rpc_tonic_unary::{closure#0}
calls=1 0 
0 14630
0 4712
cfn=(5672)
calls=1178 0 
0 6379774
0 5895
cfn=(7530) core::ptr::drop_glue::<devloop::rpc_tonic_unary::{closure#0}>
calls=1 0 
0 11
0 10614

fn=(5674) <tokio::net::tcp::listener::TcpListener>::bind::<&str>::{closure#0}
0 19
cfn=(5676) <str as tokio::net::addr::sealed::ToSocketAddrsPriv>::to_socket_addrs
calls=1 0 
0 241
0 10
cfn=(5682) <tokio::net::addr::sealed::MaybeReady as core::future::future::Future>::poll
calls=1 0 
0 25
0 28
cfn=(5684) <mio::net::tcp::listener::TcpListener>::bind
calls=1 0 
0 76
0 20
cfn=(5694) <tokio::io::poll_evented::PollEvented<mio::net::tcp::stream::TcpStream>>::new_with_interest
calls=1 0 
0 694
0 7

fn=(5726) <core::net::socket_addr::SocketAddrV4 as core::fmt::Display>::fmt
0 23
cfn=(5721) core::fmt::write'2
calls=1 0 
0 1575
0 4

fn=(5740) <alloc::raw_vec::RawVecInner<_>>::reserve::do_reserve_and_handle::<alloc::alloc::Global>
0 40
cfn=(5414)
calls=2 0 
0 505
0 182
cfn=(5414)
calls=9 0 
0 2291
0 18573
cfn=(5414)
calls=804 0 
0 149990
0 7276
cfn=(5414)
calls=2 0 
0 272
0 18

fn=(5768) <u16 as core::fmt::Display>::fmt
0 47
cfn=(5734) <core::fmt::Formatter>::pad_integral
calls=1 0 
0 114
0 3

fn=(5778) bytes::bytes::shared_drop
0 22403
cob=(2)
cfi=(2)
cfn=(4916)
calls=44 0 
0 5280
0 264
cob=(2)
cfi=(2)
cfn=(4916)
calls=44 0 
0 5378
0 17500

fn=(5784) bytes::bytes::promotable_even_clone
0 6404
cfn=(5786) bytes::bytes::shallow_clone_vec
calls=82 0 
0 8059
0 246

fn=(5798) <tonic::transport::channel::endpoint::Endpoint>::http_connector
0 7
cob=(2)
cfi=(2)
cfn=(4206)
calls=1 0 
0 276
0 24
cfn=(5800) <alloc::sync::Arc<hyper_util::client::legacy::connect::http::Config>>::make_mut
calls=1 0 
0 29
0 4
cfn=(5800)
calls=1 0 
0 29
0 5
cfn=(5800)
calls=1 0 
0 29
0 6
cfn=(5800)
calls=1 0 
0 29
0 6
cfn=(5800)
calls=1 0 
0 29
0 6
cfn=(5800)
calls=1 0 
0 29
0 14
cfn=(5800)
calls=1 0 
0 29
0 14

fn=(6150) <std::thread::lifecycle::spawn_unchecked<<tokio::runtime::blocking::pool::Spawner>::spawn_thread::{closure#0}, ()>::{closure#1} as core::ops::function::FnOnce<()>>::call_once::{shim:vtable#0}
0 84
cfn=(6152) std::sys::backtrace::__rust_begin_short_backtrace::<std::thread::lifecycle::spawn_unchecked<<tokio::runtime::blocking::pool::Spawner>::spawn_thread::{closure#0}, ()>::{closure#1}::{closure#0}::{closure#0}, ()>
calls=4 0 
0 1292
0 8
cfn=(6156) std::sys::backtrace::__rust_begin_short_backtrace::<<tokio::runtime::blocking::pool::Spawner>::spawn_thread::{closure#0}, ()>
calls=4 0 
0 45150304
0 72

fn=(6156)
0 72
cfn=(5664) <tokio::runtime::context::Context>::set_current
calls=4 0 
0 132
0 203
cfn=(7714) <std::sys::sync::condvar::futex::Condvar>::wait_optional_timeout
calls=1 0 
0 109
0 129
cfn=(6158) tokio::runtime::task::raw::poll::<tokio::runtime::blocking::task::BlockingTask<<tokio::runtime::scheduler::multi_thread::worker::Launch>::launch::{closure#0}>, tokio::runtime::blocking::schedule::BlockingSchedule>
calls=4 0 
0 45144298
0 32
cfn=(7710) tokio::runtime::task::raw::dealloc::<tokio::runtime::blocking::task::BlockingTask<<tokio::runtime::scheduler::multi_thread::worker::Launch>::launch::{closure#0}>, tokio::runtime::blocking::schedule::BlockingSchedule>
calls=4 0 
0 404
0 213
cfn=(7888) <alloc::sync::Arc<tokio::sync::oneshot::Sender<()>>>::drop_slow
calls=1 0 
0 207
0 8
cfn=(5658) <tokio::runtime::context::current::SetCurrentGuard as core::ops::drop::Drop>::drop
calls=4 0 
0 180
0 19
cob=(2)
cfi=(2)
cfn=(6418) syscall
calls=1 0 
0 11
0 32
cfn=(7890) <alloc::sync::Arc<tokio::runtime::scheduler::multi_thread::handle::Handle>>::drop_slow
calls=1 0 
0 3214
0 65
cfn=(5422) std::sys::thread_local::destructors::linux_like::register
calls=4 0 
0 960
0 16

fn=(6172) tokio::runtime::task::raw::poll::<devloop::rpc_tonic_unary::{closure#0}::{closure#0}, alloc::sync::Arc<tokio::runtime::scheduler::multi_thread::handle::Handle>>
0 100
cfn=(6174) devloop::rpc_tonic_unary::{closure#0}::{closure#0}
calls=2 0 
0 27119
0 92

fn=(6202) <matchit::tree::Node<axum::routing::RouteId>>::insert_route
0 23
cfn=(6200) matchit::tree::find_wildcard
calls=1 0 
0 310
0 49
cfn=(6204) <matchit::escape::UnescapedRef>::to_owned
calls=1 0 
0 277
0 19
cfn=(6204)
calls=1 0 
0 273
0 16
cfn=(6222) <matchit::tree::Node<axum::routing::RouteId>>::add_child
calls=1 0 
0 331
0 58
cfn=(6200)
calls=2 0 
0 536
0 63
cfn=(6204)
calls=1 0 
0 274
0 22
cfn=(6204)
calls=1 0 
0 275
0 16
cfn=(6222)
calls=1 0 
0 331
0 12

fn=(6226) <axum::routing::Router>::into_inner
0 18
cob=(2)
cfi=(2)
cfn=(4532)
calls=1 0 
0 29
0 6
cob=(2)
cfi=(2)
cfn=(4916)
calls=1 0 
0 73
0 9
cob=(2)
cfi=(2)
cfn=(4532)
calls=1 0 
0 29
0 62
cob=(2)
cfi=(2)
cfn=(4532)
calls=3 0 
0 87
0 18
cob=(2)
cfi=(2)
cfn=(4916)
calls=3 0 
0 219
0 27
cob=(2)
cfi=(2)
cfn=(4532)
calls=3 0 
0 87
0 24

fn=(6228) <axum::boxed::MakeErasedHandler<tonic::service::router::unimplemented, ()> as axum::boxed::ErasedIntoRoute<(), core::convert::Infallible>>::clone_box
0 4
cob=(2)
cfi=(2)
cfn=(4206)
calls=1 0 
0 207
0 9

fn=(6328) <tokio::runtime::scheduler::multi_thread::worker::Context>::park_internal
0 91190
cfn=(7442) <tokio::runtime::driver::Driver>::park_timeout
calls=70 0 
0 36066
0 52845
cfn=(6330) <tokio::runtime::driver::Driver>::park
calls=2255 0 
0 1367933
0 51722
cob=(2)
cfi=(2)
cfn=(6418)
calls=868 0 
0 9548
0 129250
cfn=(5716) <tokio::runtime::scheduler::multi_thread::idle::Idle>::worker_to_notify
calls=7 0 
0 119
0 29057

fn=(6330)
0 20295
cfn=(6332) <tokio::runtime::time::Driver>::park_internal
calls=2255 0 
0 1347638

fn=(6386) tonic::transport::server::serve_connection::<tonic::body::Body, hyper_util::rt::tokio::TokioIo<tonic::transport::server::service::io::ServerIo<tokio::net::tcp::stream::TcpStream>>, hyper_util::service::glue::TowerToHyperService<tower::util::map_request::MapRequest<tower::util::boxed_clone::BoxCloneService<http::request::Request<tonic::body::Body>, http::response::Response<tonic::body::Body>, alloc::boxed::Box<dyn core::error::Error + core::marker::Send + core::marker::Sync>>, <tonic::transport::server::Server>::serve_internal<tonic::service::router::Routes, tokio_stream::wrappers::tcp_listener::TcpListenerStream, core::future::ready::Ready<()>, tokio::net::tcp::stream::TcpStream, core::io::error::Error, tonic::body::Body>::{closure#0}::{closure#1}>>, hyper_util::rt::tokio::TokioExecutor>::{closure#0}
0 31483
cfn=(6388) <hyper::server::conn::http2::Builder<hyper_util::rt::tokio::TokioExecutor>>::serve_connection::<hyper_util::service::glue::TowerToHyperService<tower::util::map_request::MapRequest<tower::util::boxed_clone::BoxCloneService<http::request::Request<tonic::body::Body>, http::response::Response<tonic::body::Body>, alloc::boxed::Box<dyn core::error::Error + core::marker::Send + core::marker::Sync>>, <tonic::transport::server::Server>::serve_internal<tonic::service::router::Routes, tonic::transport::server::incoming::TcpIncoming, core::future::ready::Ready<()>, tokio::net::tcp::stream::TcpStream, core::io::error::Error, tonic::body::Body>::{closure#0}::{closure#1}>>, hyper_util::common::rewind::Rewind<hyper_util::rt::tokio::TokioIo<tonic::transport::server::service::io::ServerIo<tokio::net::tcp::stream::TcpStream>>>, tonic::body::Body>
calls=1 0 
0 2097
0 33
cob=(2)
cfi=(2)
cfn=(4532)
calls=1 0 
0 29
0 5
cob=(2)
cfi=(2)
cfn=(4532)
calls=1 0 
0 148
0 28
cob=(2)
cfi=(2)
cfn=(4532)
calls=1 0 
0 29
0 8
cob=(2)
cfi=(2)
cfn=(4532)
calls=1 0 
0 148
0 138406
cfn=(6404) <core::pin::Pin<&mut tonic::transport::server::connection_timeout_future::{closure#0}> as core::future::future::Future>::poll
calls=1258 0 
0 27686
0 13838
cfn=(6406) <core::pin::Pin<&mut tonic::transport::server::Fuse<<tokio::sync::watch::Receiver<()>>::changed::{closure#0}>> as core::future::future::Future>::poll
calls=1258 0 
0 25160
0 28949
cfn=(6398) <h2::server::Handshake<hyper::common::io::compat::Compat<hyper_util::common::rewind::Rewind<hyper_util::rt::tokio::TokioIo<tonic::transport::server::service::io::ServerIo<tokio::net::tcp::stream::TcpStream>>>>, hyper::proto::h2::SendBuf<bytes::bytes::Bytes>> as core::future::future::Future>::poll
calls=3 0 
0 4574
0 20
cob=(2)
cfi=(2)
cfn=(4532)
calls=1 0 
0 148
0 13
cob=(2)
cfi=(2)
cfn=(4532)
calls=1 0 
0 160
0 10
cob=(2)
cfi=(2)
cfn=(4532)
calls=1 0 
0 160
0 2
cfn=(6580) core::ptr::drop_glue::<hyper::proto::h2::server::State<hyper_util::common::rewind::Rewind<hyper_util::rt::tokio::TokioIo<tonic::transport::server::service::io::ServerIo<tokio::net::tcp::stream::TcpStream>>>, tonic::body::Body>>
calls=1 0 
0 36
0 4
cob=(2)
cfi=(2)
cfn=(4532)
calls=1 0 
0 160
0 16700
cfn=(6582) <hyper::proto::h2::server::Serving<hyper_util::common::rewind::Rewind<hyper_util::rt::tokio::TokioIo<tonic::transport::server::service::io::ServerIo<tokio::net::tcp::stream::TcpStream>>>, tonic::body::Body>>::poll_ping
calls=401 0 
0 6817
0 3768
cfn=(6582)
calls=1256 0 
0 21352
0 6628
cfn=(6584) <h2::server::Connection<hyper::common::io::compat::Compat<hyper_util::common::rewind::Rewind<hyper_util::rt::tokio::TokioIo<tonic::transport::server::service::io::ServerIo<tokio::net::tcp::stream::TcpStream>>>>, hyper::proto::h2::SendBuf<bytes::bytes::Bytes>>>::poll_accept
calls=1657 0 
0 10483515
0 11788
cob=(2)
cfi=(2)
cfn=(4532)
calls=401 0 
0 11629
0 2406
cfn=(6952) hyper::headers::content_length_parse_all
calls=401 0 
0 52932
0 3609
cfn=(6956) <hyper::proto::h2::ping::Recorder>::record_non_data
calls=401 0 
0 5614
0 2406
cob=(2)
cfi=(2)
cfn=(4532)
calls=401 0 
0 11629
0 3609
cob=(2)
cfi=(2)
cfn=(4532)
calls=401 0 
0 11629
0 4010
cfn=(6958) <h2::share::RecvStream>::is_end_stream
calls=401 0 
0 24931
0 3609
cob=(2)
cfi=(2)
cfn=(4532)
calls=401 0 
0 11629
0 4411
cob=(2)
cfi=(2)
cfn=(4532)
calls=401 0 
0 11629
0 8421
cfn=(6688) <http::extensions::Extensions>::remove::<h2::ext::Protocol>
calls=401 0 
0 7619
0 2807
cob=(2)
cfi=(2)
cfn=(4532)
calls=401 0 
0 20852
0 1203
cfn=(6960) <tower::util::map_future::MapFuture<tonic::transport::server::service::io::ConnectInfo<tonic::transport::server::Svc<tonic::service::recover_error::RecoverError<tower::util::either::Either<tower::load_shed::LoadShed<tower::util::either::Either<tower::limit::concurrency::service::ConcurrencyLimit<tonic::transport::service::grpc_timeout::GrpcTimeout<tonic::service::router::Routes>>, tonic::transport::service::grpc_timeout::GrpcTimeout<tonic::service::router::Routes>>>, tower::util::either::Either<tower::limit::concurrency::service::ConcurrencyLimit<tonic::transport::service::grpc_timeout::GrpcTimeout<tonic::service::router::Routes>>, tonic::transport::service::grpc_timeout::GrpcTimeout<tonic::service::router::Routes>>>>>, tonic::transport::server::service::io::ServerIoConnectInfo<tokio::net::tcp::stream::TcpStream>>, <tower::util::boxed_clone::BoxCloneService<http::request::Request<tonic::body::Body>, http::response::Response<tonic::body::Body>, alloc::boxed::Box<dyn core::error::Error + core::marker::Send + core::marker::Sync>>>::new<tonic::transport::server::service::io::ConnectInfo<tonic::transport::server::Svc<tonic::service::recover_error::RecoverError<tower::util::either::Either<tower::load_shed::LoadShed<tower::util::either::Either<tower::limit::concurrency::service::ConcurrencyLimit<tonic::transport::service::grpc_timeout::GrpcTimeout<tonic::service::router::Routes>>, tonic::transport::service::grpc_timeout::GrpcTimeout<tonic::service::router::Routes>>>, tower::util::either::Either<tower::limit::concurrency::service::ConcurrencyLimit<tonic::transport::service::grpc_timeout::GrpcTimeout<tonic::service::router::Routes>>, tonic::transport::service::grpc_timeout::GrpcTimeout<tonic::service::router::Routes>>>>>, tonic::transport::server::service::io::ServerIoConnectInfo<tokio::net::tcp::stream::TcpStream>>>::{closure#0}> as tower::util::boxed_clone::CloneService<http::request::Request<tonic::body::Body>>>::clone_box
calls=401 0 
0 54320
0 6817
cob=(2)
cfi=(2)
cfn=(4532)
calls=401 0 
0 20852
0 10025
cob=(2)
cfi=(2)
cfn=(4532)
calls=401 0 
0 25664
0 4812
cob=(2)
cfi=(2)
cfn=(4532)
calls=401 0 
0 25664
0 8020
cob=(2)
cfi=(2)
cfn=(4532)
calls=401 0 
0 25664
0 4411
cob=(2)
cfi=(2)
cfn=(4532)
calls=401 0 
0 25664
0 4411
cob=(2)
cfi=(2)
cfn=(5214) posix_memalign
calls=401 0 
0 163813
0 6008
cob=(2)
cfi=(2)
cfn=(4532)
calls=400 0 
0 30328
0 5
cob=(2)
cfi=(2)
cfn=(4532)
calls=1 0 
0 76
0 1604
cfn=(5710) <tokio::runtime::task::list::OwnedTasks<alloc::sync::Arc<tokio::runtime::scheduler::current_thread::Handle>>>::bind_inner
calls=401 0 
0 33132
0 4812
cfn=(5712) <tokio::runtime::scheduler::multi_thread::handle::Handle>::schedule_task
calls=401 0 
0 20852
0 22078

fn=(6438) tokio::runtime::park::wake
0 2412
cfn=(6440) <tokio::runtime::park::Inner>::unpark
calls=402 0 
0 20502
0 2412

fn=(6440)
0 47160
cob=(2)
cfi=(2)
cfn=(6418)
calls=1179 0 
0 12969

fn=(6480) <h2::proto::streams::recv::Recv>::set_target_connection_window
0 86

fn=(6548) core::ptr::drop_glue::<[http::header::map::Bucket<http::header::value::HeaderValue>]>
0 24862
cfn=(5778)
calls=400 0 
0 3600
cfn=(6510) bytes::bytes::promotable_even_drop
calls=1 0 
0 12
0 12030
cfn=(5778)
calls=2382 0 
0 21438
cfn=(6510)
calls=24 0 
0 288
0 92230

fn=(6564) core::ptr::drop_glue::<tokio::sync::mpsc::bounded::OwnedPermit<tower::buffer::message::Message<http::request::Request<tonic::body::Body>, core::pin::Pin<alloc::boxed::Box<dyn core::future::future::Future<Output = core::result::Result<http::response::Response<tonic::body::Body>, alloc::boxed::Box<dyn core::error::Error + core::marker::Send + core::marker::Sync>>> + core::marker::Send>>>>>
0 5213

fn=(6578) <h2::server::Connection<hyper::common::io::compat::Compat<hyper_util::common::rewind::Rewind<hyper_util::rt::tokio::TokioIo<tonic::transport::server::service::io::ServerIo<tokio::net::tcp::stream::TcpStream>>>>, hyper::proto::h2::SendBuf<bytes::bytes::Bytes>>>::set_target_window_size
0 25
cfn=(6480)
calls=1 0 
0 43
0 16

fn=(6600) tokio::runtime::task::raw::poll::<core::pin::Pin<alloc::boxed::Box<dyn core::future::future::Future<Output = ()> + core::marker::Send>>, alloc::sync::Arc<tokio::runtime::scheduler::multi_thread::handle::Handle>>
0 228020
cfn=(6650) <tower::buffer::worker::Worker<tonic::transport::channel::service::connection::Connection, http::request::Request<tonic::body::Body>> as core::future::future::Future>::poll
calls=401 0 
0 1326776
cfn=(6632) <core::pin::Pin<alloc::boxed::Box<dyn core::future::future::Future<Output = ()> + core::marker::Send>> as core::future::future::Future>::poll
calls=782 0 
0 4113161
cfn=(6602) <hyper::proto::h2::client::H2ClientFuture<tonic::body::Body, tonic::transport::channel::service::io::BoxedIo, tonic::transport::channel::service::executor::SharedExec> as core::future::future::Future>::poll
calls=3202 0 
0 11496176
0 142340
cfn=(5712)
calls=286 0 
0 48971
0 14834
cfn=(6850) core::ptr::drop_glue::<hyper::proto::h2::client::H2ClientFuture<tonic::body::Body, tonic::transport::channel::service::io::BoxedIo, tonic::transport::channel::service::executor::SharedExec>>
calls=802 0 
0 392168
0 4010
cob=(2)
cfi=(2)
cfn=(4916)
calls=802 0 
0 172011
0 26466
cfn=(6866) <tokio::runtime::task::harness::Harness<core::pin::Pin<alloc::boxed::Box<dyn core::future::future::Future<Output = ()> + core::marker::Send>>, alloc::sync::Arc<tokio::runtime::scheduler::multi_thread::handle::Handle>>>::complete
calls=802 0 
0 116981
0 35080

fn=(6612) <bytes::bytes_mut::BytesMut>::split_to
0 197252
cob=(2)
cfi=(2)
cfn=(4206)
calls=1609 0 
0 80339
0 227794

fn=(6640) <h2::proto::streams::streams::Actions>::ensure_no_conn_error
0 41685

fn=(6672) <tokio::sync::oneshot::Sender<core::result::Result<core::pin::Pin<alloc::boxed::Box<dyn core::future::future::Future<Output = core::result::Result<http::response::Response<tonic::body::Body>, alloc::boxed::Box<dyn core::error::Error + core::marker::Send + core::marker::Sync>>> + core::marker::Send>>, tower::buffer::error::ServiceError>>>::send
0 14801
cfn=(6674) tokio::runtime::park::wake_by_ref
calls=389 0 
0 20228
0 2458
cfn=(6780) <alloc::sync::Arc<tokio::sync::oneshot::Inner<core::result::Result<core::pin::Pin<alloc::boxed::Box<dyn core::future::future::Future<Output = core::result::Result<http::response::Response<tonic::body::Body>, alloc::boxed::Box<dyn core::error::Error + core::marker::Send + core::marker::Sync>>> + core::marker::Send>>, tower::buffer::error::ServiceError>>>>::drop_slow
calls=26 0 
0 3380
0 3609

fn=(6676) core::ptr::drop_glue::<hyper::client::dispatch::Envelope<http::request::Request<tonic::body::Body>, http::response::Response<hyper::body::incoming::Incoming>>>
0 4411
cfn=(6678) core::ptr::drop_glue::<core::option::Option<(http::request::Request<tonic::body::Body>, hyper::client::dispatch::Callback<http::request::Request<tonic::body::Body>, http::response::Response<hyper::body::incoming::Incoming>>)>>
calls=401 0 
0 5213
0 2005

fn=(6690) <hashbrown::raw::RawTable<(core::any::TypeId, alloc::boxed::Box<dyn http::extensions::AnyClone + core::marker::Send + core::marker::Sync>)>>::clear
0 15238
cob=(2)
cfi=(2)
cfn=(4916)
calls=401 0 
0 29325
0 3609
cob=(2)
cfi=(2)
cfn=(4968)
calls=401 0 
0 4010
0 7218

fn=(6700) <h2::proto::streams::store::Store>::insert
0 6015
cfn=(6702) <slab::Slab<h2::proto::streams::stream::Stream>>::insert_at
calls=401 0 
0 35151
0 2005
cfn=(6706) <std::hash::random::RandomState as core::hash::BuildHasher>::hash_one::<&h2::frame::stream_id::StreamId>
calls=401 0 
0 47719
0 24060
cfn=(6710) <indexmap::inner::Core<h2::frame::stream_id::StreamId, h2::proto::streams::store::SlabIndex>>::push_entry
calls=401 0 
0 10544
0 4818
cfn=(6708) <hashbrown::raw::RawTable<usize>>::reserve_rehash::<indexmap::inner::get_hash<h2::frame::stream_id::StreamId, h2::proto::streams::store::SlabIndex>::{closure#0}>
calls=1 0 
0 155
0 1

fn=(6730) <alloc::raw_vec::RawVec<slab::Entry<h2::proto::streams::buffer::Slot<h2::frame::Frame<hyper::proto::h2::SendBuf<bytes::bytes::Bytes>>>>>>::grow_one
0 30
cfn=(5414)
calls=2 0 
0 624
0 18

fn=(6818) <h2::hpack::header::Header>::len
0 112
cfn=(6698) <http::header::name::StandardHeader>::as_str
calls=5 0 
0 35
0 30

fn=(6840) <h2::proto::streams::store::Queue<h2::proto::streams::stream::NextSend>>::push
0 180450

fn=(6844) <h2::proto::streams::state::State>::send_close
0 11228
cfn=(6722) core::ptr::drop_glue::<h2::proto::streams::state::Inner>
calls=401 0 
0 1604
0 5213
cfn=(6722)
calls=401 0 
0 1604
0 2406

fn=(6846) core::ptr::drop_glue::<futures_channel::mpsc::Sender<core::convert::Infallible>>
0 3637
cfn=(6342) tokio::runtime::task::waker::wake_by_val
calls=1 0 
0 20
0 1208
cfn=(7628) <alloc::sync::Arc<futures_channel::mpsc::BoundedInner<core::convert::Infallible>>>::drop_slow
calls=1 0 
0 342
0 3618
cfn=(6848) <alloc::sync::Arc<hyper::common::watch::Shared>>::drop_slow
calls=402 0 
0 42036

fn=(6850)
0 12044
cfn=(6856) <h2::proto::streams::streams::OpaqueStreamRef as core::ops::drop::Drop>::drop
calls=401 0 
0 91428
0 5614
cfn=(7208) core::ptr::drop_glue::<futures_channel::oneshot::Sender<()>>
calls=401 0 
0 57239
0 2005
cfn=(6852) core::ptr::drop_glue::<hyper::proto::h2::PipeToSendStream<tonic::body::Body>>
calls=401 0 
0 197787
0 5614
cfn=(6864) core::ptr::drop_glue::<futures_channel::oneshot::Receiver<()>>
calls=401 0 
0 18045
0 2
cfn=(7612) core::ptr::drop_glue::<futures_channel::mpsc::Receiver<core::convert::Infallible>>
calls=1 0 
0 78
0 4
cfn=(7616) core::ptr::drop_glue::<futures_channel::oneshot::Sender<core::convert::Infallible>>
calls=1 0 
0 194
0 2417
cfn=(7618) core::ptr::drop_glue::<h2::proto::connection::Connection<hyper::common::io::compat::Compat<tonic::transport::channel::service::io::BoxedIo>, h2::client::Peer, hyper::proto::h2::SendBuf<bytes::bytes::Bytes>>>
calls=1 0 
0 9510

fn=(6940) <h2::proto::streams::store::Store>::find_mut
0 36090

fn=(6942) <h2::proto::streams::recv::Recv>::recv_data
0 62155
cfn=(6944) <h2::proto::streams::recv::Recv>::consume_connection_window
calls=1203 0 
0 64160
0 47318
cfn=(6918) <h2::proto::streams::store::Ptr as core::ops::deref::Deref>::deref
calls=401 0 
0 6817
0 1604
cfn=(6946) <h2::proto::streams::store::Ptr as core::ops::deref::DerefMut>::deref_mut
calls=401 0 
0 6817
0 1604
cfn=(7076) <h2::proto::streams::state::State>::recv_close
calls=401 0 
0 13233
0 1604
cfn=(7078) core::ptr::drop_glue::<core::option::Option<h2::proto::error::Error>>
calls=401 0 
0 1604
0 16842
cfn=(6946)
calls=1203 0 
0 20451
0 4812
cfn=(6872) <h2::proto::streams::flow_control::FlowControl>::send_data
calls=1203 0 
0 29273
0 4812
cfn=(6946)
calls=1203 0 
0 20451
0 32481
cfn=(6946)
calls=1203 0 
0 20451
0 6015
cfn=(6948) <h2::proto::streams::buffer::Deque>::push_back::<h2::proto::streams::recv::Event>
calls=1203 0 
0 136728
0 2406
cfn=(6946)
calls=1203 0 
0 20451
0 6462
cfn=(6342)
calls=447 0 
0 40677
0 3609

fn=(6982) <core::iter::adapters::GenericShunt<core::iter::adapters::map::Map<core::iter::adapters::filter::Filter<core::iter::adapters::filter::Filter<matchit::params::ParamsIter, axum::routing::url_params::insert_url_params::{closure#0}>, axum::routing::url_params::insert_url_params::{closure#1}>, axum::routing::url_params::insert_url_params::{closure#2}>, core::result::Result<core::convert::Infallible, alloc::sync::Arc<str>>> as core::iter::traits::iterator::Iterator>::next
0 12030
cfn=(6984) <matchit::params::ParamsIter as core::iter::traits::iterator::Iterator>::next
calls=802 0 
0 85385
0 11228
cfn=(6986) <percent_encoding::PercentDecode>::decode_utf8
calls=401 0 
0 69345
0 6416
cob=(2)
cfi=(2)
cfn=(4206)
calls=401 0 
0 17735
0 7207
cob=(2)
cfi=(2)
cfn=(4532)
calls=400 0 
0 5600
0 9
cob=(2)
cfi=(2)
cfn=(4532)
calls=1 0 
0 14
0 4010
cob=(2)
cfi=(2)
cfn=(4206)
calls=401 0 
0 19380
0 6407
cob=(2)
cfi=(2)
cfn=(4532)
calls=400 0 
0 5600
0 7
cob=(2)
cfi=(2)
cfn=(4532)
calls=1 0 
0 14
0 8421

fn=(7014) <http_body_util::combinators::map_err::MapErr<hyper::body::incoming::Incoming, <tonic::status::Status>::map_error<hyper::error::Error>> as http_body::Body>::is_end_stream
0 5614
cfn=(6958)
calls=802 0 
0 49862
0 2807
cfn=(6958)
calls=401 0 
0 24862

fn=(7022) <devloop::echo::echo_server::EchoServer<devloop::TonicEchod> as tower_service::Service<http::request::Request<tonic::body::Body>>>::call::{closure#0}
0 19136
cob=(2)
cfi=(2)
cfn=(4532)
calls=401 0 
0 11629
0 9190
cob=(2)
cfi=(2)
cfn=(4532)
calls=401 0 
0 11629
0 2406
cob=(2)
cfi=(2)
cfn=(4532)
calls=401 0 
0 11629
0 2807
cfn=(7024) <tonic::server::grpc::Grpc<tonic_prost::codec::ProstCodec<devloop::echo::EchoReply, devloop::echo::EchoRequest>>>::map_request_unary::<tonic::body::Body>::{closure#0}
calls=401 0 
0 964986
0 2235
cfn=(7024)
calls=447 0 
0 1412919
0 11458
cfn=(7100) core::ptr::drop_glue::<<tonic::server::grpc::Grpc<tonic_prost::codec::ProstCodec<devloop::echo::EchoReply, devloop::echo::EchoRequest>>>::map_request_unary<tonic::body::Body>::{closure#0}>
calls=401 0 
0 7619
0 11629
cob=(2)
cfi=(2)
cfn=(4532)
calls=401 0 
0 11629
0 1203
cob=(2)
cfi=(2)
cfn=(4206)
calls=401 0 
0 16441
0 5207
cob=(2)
cfi=(2)
cfn=(4532)
calls=400 0 
0 11600
0 4
cob=(2)
cfi=(2)
cfn=(4532)
calls=1 0 
0 29
0 4102
cfn=(7102) <<devloop::echo::echo_server::EchoServer<_> as tower_service::Service<http::request::Request<_>>>::call::UnarySvc<devloop::TonicEchod> as tonic::server::service::UnaryService<devloop::echo::EchoRequest>>::call::{closure#0}
calls=401 0 
0 510210
0 13509
cfn=(7112) core::ptr::drop_glue::<<<devloop::echo::echo_server::EchoServer<_> as tower_service::Service<http::request::Request<_>>>::call::UnarySvc<devloop::TonicEchod> as tonic::server::service::UnaryService<devloop::echo::EchoRequest>>::call::{closure#0}>
calls=401 0 
0 6817
0 1604
cob=(2)
cfi=(2)
cfn=(4916)
calls=401 0 
0 29273
0 11228
cfn=(7114) <tonic::server::grpc::Grpc<tonic_prost::codec::ProstCodec<devloop::echo::EchoReply, devloop::echo::EchoRequest>>>::map_response::<tokio_stream::once::Once<core::result::Result<devloop::echo::EchoReply, tonic::status::Status>>>
calls=401 0 
0 386314
0 17644
cfn=(7116) core::ptr::drop_glue::<<tonic::server::grpc::Grpc<tonic_prost::codec::ProstCodec<devloop::echo::EchoReply, devloop::echo::EchoRequest>>>::server_streaming<<devloop::echo::echo_server::EchoServer<_> as tower_service::Service<http::request::Request<_>>>::call::ServerStreamSvc<devloop::TonicEchod>, tonic::body::Body>::{closure#0}>
calls=401 0 
0 7619
0 16546

fn=(7030) <tonic::codec::decode::Streaming<devloop::echo::EchoRequest> as futures_core::stream::Stream>::poll_next
0 24980
cfn=(7032) <tonic_prost::codec::ProstDecoder<devloop::echo::EchoRequest> as tonic::codec::Decoder>::buffer_settings
calls=1249 0 
0 3747
0 2406
cfn=(7032)
calls=802 0 
0 2406
0 10255
cfn=(7034) <tonic::codec::decode::StreamingInner>::decode_chunk
calls=2051 0 
0 74178
0 13463
cfn=(7058) <tonic_prost::codec::ProstDecoder<devloop::echo::EchoRequest> as tonic::codec::Decoder>::decode
calls=401 0 
0 267685
0 10209
cfn=(7036) <tonic::codec::decode::StreamingInner>::poll_frame
calls=1650 0 
0 920152
0 11997
cfn=(7082) <tonic::codec::decode::StreamingInner>::response
calls=401 0 
0 5614
0 15205

fn=(7042) <http_body_util::combinators::map_err::MapErr<tonic::body::Body, <axum_core::error::Error>::new<tonic::status::Status>> as http_body::Body>::poll_frame
0 26972
cfn=(7160) <http_body_util::combinators::map_err::MapErr<tonic::codec::encode::EncodeBody<tonic_prost::codec::ProstEncoder<devloop::echo::EchoReply>, tokio_stream::once::Once<core::result::Result<devloop::echo::EchoReply, tonic::status::Status>>>, <tonic::status::Status>::map_error<tonic::status::Status>> as http_body::Body>::poll_frame
calls=802 0 
0 672967
cfn=(7044) <http_body_util::combinators::map_err::MapErr<hyper::body::incoming::Incoming, <tonic::status::Status>::map_error<hyper::error::Error>> as http_body::Body>::poll_frame
calls=1650 0 
0 648336
0 48764

fn=(7068) <bytes::buf::chain::Chain<&mut core::io::cursor::Cursor<bytes::bytes_mut::BytesMut>, &mut h2::proto::streams::prioritize::Prioritized<hyper::proto::h2::SendBuf<bytes::bytes::Bytes>>> as bytes::buf::buf_impl::Buf>::advance
0 23258

fn=(7080) <h2::share::RecvStream>::poll_trailers
0 36892
cfn=(6772) <h2::proto::streams::buffer::Deque>::pop_front::<h2::proto::streams::recv::Event>
calls=802 0 
0 51328
0 4411
cfn=(6774) <h2::proto::streams::state::State>::ensure_recv_open
calls=401 0 
0 4812
0 36892

fn=(7114)
0 18045
cfn=(6544) <tonic::metadata::map::MetadataMap>::into_sanitized_headers
calls=401 0 
0 13634
0 802
cfn=(6546) core::ptr::drop_glue::<http::header::map::HeaderMap>
calls=401 0 
0 19649
0 6015
cfn=(6552) core::ptr::drop_glue::<http::extensions::Extensions>
calls=401 0 
0 6817
0 2406
cob=(2)
cfi=(2)
cfn=(4532)
calls=401 0 
0 11629
0 7619
cfn=(6554) <http::header::map::HeaderMap>::try_insert2::<http::header::name::HeaderName>
calls=401 0 
0 121499
0 2807
cob=(2)
cfi=(2)
cfn=(4206)
calls=401 0 
0 115647
0 16805
cob=(2)
cfi=(2)
cfn=(4206)
calls=400 0 
0 16400
0 35
cob=(2)
cfi=(2)
cfn=(4206)
calls=1 0 
0 41
0 4806
cob=(2)
cfi=(2)
cfn=(4532)
calls=400 0 
0 11600
0 4
cob=(2)
cfi=(2)
cfn=(4532)
calls=1 0 
0 29
0 10025

fn=(7140) <httpdate::date::HttpDate as core::fmt::Display>::fmt
0 6160
cfn=(5048) core::str::converts::from_utf8
calls=56 0 
0 6216
0 392
cfn=(7142) <hyper::common::date::CachedDate as core::fmt::Write>::write_str
calls=56 0 
0 1624
0 168

fn=(7152) <h2::server::SendResponse<hyper::proto::h2::SendBuf<bytes::bytes::Bytes>>>::send_response
0 38095
cfn=(7154) <h2::server::Peer>::convert_send_message
calls=401 0 
0 85413
0 3208
cfn=(6712) <h2::proto::streams::send::Send>::send_headers::<hyper::proto::h2::SendBuf<bytes::bytes::Bytes>>
calls=401 0 
0 607927
0 3609
cfn=(6804) <h2::proto::streams::counts::Counts>::transition_after
calls=401 0 
0 21253
0 11629
cfn=(6738) <h2::proto::streams::streams::OpaqueStreamRef as core::clone::Clone>::clone
calls=401 0 
0 26065
0 8421

fn=(7154)
0 5614
cfn=(6552)
calls=401 0 
0 6817
0 10827
cfn=(6698)
calls=802 0 
0 5614
0 24461
cob=(2)
cfi=(2)
cfn=(4532)
calls=401 0 
0 11629
0 3208
cob=(2)
cfi=(2)
cfn=(4532)
calls=401 0 
0 11629
0 5614

fn=(7158) <http_body_util::combinators::map_err::MapErr<http_body_util::combinators::map_err::MapErr<tonic::service::recover_error::ResponseBody<tonic::body::Body>, <tonic::status::Status as core::convert::Into<alloc::boxed::Box<dyn core::error::Error + core::marker::Send + core::marker::Sync>>>::into>, <tonic::status::Status>::map_error<alloc::boxed::Box<dyn core::error::Error + core::marker::Send + core::marker::Sync>>> as http_body::Body>::poll_frame
0 10426
cfn=(7040) <http_body_util::combinators::map_err::MapErr<axum_core::body::Body, <tonic::status::Status>::map_error<axum_core::error::Error>> as http_body::Body>::poll_frame
calls=802 0 
0 729107
0 20852

fn=(7184) core::ptr::drop_glue::<http_body_util::combinators::map_err::MapErr<axum_core::body::Body, <tonic::status::Status>::map_error<axum_core::error::Error>>>
0 4010
cfn=(7086) core::ptr::drop_glue::<http_body_util::combinators::map_err::MapErr<http_body_util::combinators::map_err::MapErr<http_body_util::combinators::map_frame::MapFrame<tonic::body::Body, <tonic::codec::decode::Streaming<pbrs_grpc::codec::prost::Message<pbrs_adoption_corpus::prost_types::EntityList>>>::new<tonic::body::Body, devloop::adoption_rpc::TonicCodec<pbrs_grpc::codec::prost::Message<pbrs_adoption_corpus::prost_types::EntityList>>>::{closure#0}>, <tonic::codec::decode::Streaming<pbrs_grpc::codec::prost::Message<pbrs_adoption_corpus::prost_types::EntityList>>>::new<tonic::body::Body, devloop::adoption_rpc::TonicCodec<pbrs_grpc::codec::prost::Message<pbrs_adoption_corpus::prost_types::EntityList>>>::{closure#1}>, <tonic::status::Status>::map_error<tonic::status::Status>>>
calls=401 0 
0 45776
0 2807
cob=(2)
cfi=(2)
cfn=(4916)
calls=401 0 
0 29273

fn=(7202) <hyper::client::dispatch::Callback<http::request::Request<tonic::body::Body>, http::response::Response<hyper::body::incoming::Incoming>>>::send
0 8421
cob=(2)
cfi=(2)
cfn=(4532)
calls=401 0 
0 11629
0 2005
cfn=(7204) <tokio::sync::oneshot::Sender<core::result::Result<http::response::Response<hyper::body::incoming::Incoming>, hyper::error::Error>>>::send
calls=401 0 
0 58078
0 1604
cfn=(7206) core::ptr::drop_glue::<hyper::client::dispatch::Callback<http::request::Request<tonic::body::Body>, http::response::Response<hyper::body::incoming::Incoming>>>
calls=401 0 
0 10426
0 2406

fn=(7230) core::ptr::drop_glue::<tower::util::either::EitherResponseFuture<tonic::transport::channel::service::reconnect::ResponseFuture<core::pin::Pin<alloc::boxed::Box<dyn core::future::future::Future<Output = core::result::Result<http::response::Response<tonic::body::Body>, alloc::boxed::Box<dyn core::error::Error + core::marker::Send + core::marker::Sync>>> + core::marker::Send>>>, tonic::transport::channel::service::reconnect::ResponseFuture<core::pin::Pin<alloc::boxed::Box<dyn core::future::future::Future<Output = core::result::Result<http::response::Response<tonic::body::Body>, alloc::boxed::Box<dyn core::error::Error + core::marker::Send + core::marker::Sync>>> + core::marker::Send>>>>>
0 5614
cfn=(7232) core::ptr::drop_glue::<<tonic::transport::channel::service::connection::SendRequest as tower_service::Service<http::request::Request<tonic::body::Body>>>::call::{closure#0}>
calls=401 0 
0 5213
0 3208
cob=(2)
cfi=(2)
cfn=(4916)
calls=401 0 
0 86517

fn=(7470) <std::sys::sync::mutex::futex::Mutex>::lock_contended
0 88854
cob=(2)
cfi=(2)
cfn=(6418)
calls=118 0 
0 1298
0 590

fn=(7524) <alloc::string::String as core::fmt::Display>::fmt
0 5
cfn=(6236) <core::fmt::Formatter>::pad
calls=1 0 
0 131

fn=(7526) core::ptr::drop_glue::<tower::buffer::service::Buffer<http::request::Request<tonic::body::Body>, core::pin::Pin<alloc::boxed::Box<dyn core::future::future::Future<Output = core::result::Result<http::response::Response<tonic::body::Body>, alloc::boxed::Box<dyn core::error::Error + core::marker::Send + core::marker::Sync>>> + core::marker::Send>>>>
0 10
cfn=(7528) core::ptr::drop_glue::<tokio::sync::mpsc::chan::Tx<tower::buffer::message::Message<http::request::Request<tonic::body::Body>, core::pin::Pin<alloc::boxed::Box<dyn core::future::future::Future<Output = core::result::Result<http::response::Response<tonic::body::Body>, alloc::boxed::Box<dyn core::error::Error + core::marker::Send + core::marker::Sync>>> + core::marker::Send>>>, tokio::sync::mpsc::bounded::Semaphore>>
calls=1 0 
0 22
0 2
cfn=(6520) core::ptr::drop_glue::<tokio_util::sync::mpsc::State<tower::buffer::message::Message<http::request::Request<tonic::body::Body>, core::pin::Pin<alloc::boxed::Box<dyn core::future::future::Future<Output = core::result::Result<http::response::Response<tonic::body::Body>, alloc::boxed::Box<dyn core::error::Error + core::marker::Send + core::marker::Sync>>> + core::marker::Send>>>>>
calls=1 0 
0 199
0 7
cfn=(6518) core::ptr::drop_glue::<tokio_util::sync::mpsc::make_acquire_future<tower::buffer::message::Message<http::request::Request<tonic::body::Body>, core::pin::Pin<alloc::boxed::Box<dyn core::future::future::Future<Output = core::result::Result<http::response::Response<tonic::body::Body>, alloc::boxed::Box<dyn core::error::Error + core::marker::Send + core::marker::Sync>>> + core::marker::Send>>>>::{closure#0}>
calls=1 0 
0 13
0 4
cob=(2)
cfi=(2)
cfn=(4916)
calls=1 0 
0 65
0 9

fn=(7570) <h2::proto::streams::store::Queue<h2::proto::streams::stream::NextResetExpire>>::pop::<h2::proto::streams::store::Store>
0 12

fn=(7612)
0 21
cfn=(7614) <futures_channel::mpsc::queue::Queue<alloc::sync::Arc<std::sync::poison::mutex::Mutex<futures_channel::mpsc::SenderTask>>>>::pop_spin
calls=1 0 
0 22
0 35

fn=(7614)
0 22

fn=(7650) core::ptr::drop_glue::<tower::util::map_future::MapFuture<tonic::transport::channel::service::add_origin::AddOrigin<tonic::transport::channel::service::user_agent::UserAgent<tonic::transport::service::grpc_timeout::GrpcTimeout<tower::util::either::Either<tower::limit::concurrency::service::ConcurrencyLimit<tower::util::either::Either<tower::limit::rate::service::RateLimit<tonic::transport::channel::service::reconnect::Reconnect<tonic::transport::channel::service::connection::MakeSendRequestService<tonic::transport::channel::service::connector::Connector<hyper_util::client::legacy::connect::http::HttpConnector>>, http::uri::Uri>>, tonic::transport::channel::service::reconnect::Reconnect<tonic::transport::channel::service::connection::MakeSendRequestService<tonic::transport::channel::service::connector::Connector<hyper_util::client::legacy::connect::http::HttpConnector>>, http::uri::Uri>>>, tower::util::either::Either<tower::limit::rate::service::RateLimit<tonic::transport::channel::service::reconnect::Reconnect<tonic::transport::channel::service::connection::MakeSendRequestService<tonic::transport::channel::service::connector::Connector<hyper_util::client::legacy::connect::http::HttpConnector>>, http::uri::Uri>>, tonic::transport::channel::service::reconnect::Reconnect<tonic::transport::channel::service::connection::MakeSendRequestService<tonic::transport::channel::service::connector::Connector<hyper_util::client::legacy::connect::http::HttpConnector>>, http::uri::Uri>>>>>>, <tower::util::boxed::sync::BoxService<http::request::Request<tonic::body::Body>, http::response::Response<tonic::body::Body>, alloc::boxed::Box<dyn core::error::Error + core::marker::Send + core::marker::Sync>>>::new<tonic::transport::channel::service::add_origin::AddOrigin<tonic::transport::channel::service::user_agent::UserAgent<tonic::transport::service::grpc_timeout::GrpcTimeout<tower::util::either::Either<tower::limit::concurrency::service::ConcurrencyLimit<tower::util::either::Either<tower::limit::rate::service::RateLimit<tonic::transport::channel::service::reconnect::Reconnect<tonic::transport::channel::service::connection::MakeSendRequestService<tonic::transport::channel::service::connector::Connector<hyper_util::client::legacy::connect::http::HttpConnector>>, http::uri::Uri>>, tonic::transport::channel::service::reconnect::Reconnect<tonic::transport::channel::service::connection::MakeSendRequestService<tonic::transport::channel::service::connector::Connector<hyper_util::client::legacy::connect::http::HttpConnector>>, http::uri::Uri>>>, tower::util::either::Either<tower::limit::rate::service::RateLimit<tonic::transport::channel::service::reconnect::Reconnect<tonic::transport::channel::service::connection::MakeSendRequestService<tonic::transport::channel::service::connector::Connector<hyper_util::client::legacy::connect::http::HttpConnector>>, http::uri::Uri>>, tonic::transport::channel::service::reconnect::Reconnect<tonic::transport::channel::service::connection::MakeSendRequestService<tonic::transport::channel::service::connector::Connector<hyper_util::client::legacy::connect::http::HttpConnector>>, http::uri::Uri>>>>>>>::{closure#0}>>
0 5
cfn=(7652) core::ptr::drop_glue::<tonic::transport::service::grpc_timeout::GrpcTimeout<tower::util::either::Either<tower::limit::concurrency::service::ConcurrencyLimit<tower::util::either::Either<tower::limit::rate::service::RateLimit<tonic::transport::channel::service::reconnect::Reconnect<tonic::transport::channel::service::connection::MakeSendRequestService<tonic::transport::channel::service::connector::Connector<hyper_util::client::legacy::connect::http::HttpConnector>>, http::uri::Uri>>, tonic::transport::channel::service::reconnect::Reconnect<tonic::transport::channel::service::connection::MakeSendRequestService<tonic::transport::channel::service::connector::Connector<hyper_util::client::legacy::connect::http::HttpConnector>>, http::uri::Uri>>>, tower::util::either::Either<tower::limit::rate::service::RateLimit<tonic::transport::channel::service::reconnect::Reconnect<tonic::transport::channel::service::connection::MakeSendRequestService<tonic::transport::channel::service::connector::Connector<hyper_util::client::legacy::connect::http::HttpConnector>>, http::uri::Uri>>, tonic::transport::channel::service::reconnect::Reconnect<tonic::transport::channel::service::connection::MakeSendRequestService<tonic::transport::channel::service::connector::Connector<hyper_util::client::legacy::connect::http::HttpConnector>>, http::uri::Uri>>>>>
calls=1 0 
0 2210
0 5
cfn=(5788) bytes::bytes::static_drop
calls=1 0 
0 1
0 12
cfn=(5778)
calls=1 0 
0 252

fn=(7660) <alloc::sync::Arc<dyn core::error::Error + core::marker::Send + core::marker::Sync>>::drop_slow
0 27
cob=(2)
cfi=(2)
cfn=(4916)
calls=1 0 
0 117

fn=(7674) <tokio::runtime::task::core::Core<devloop::rpc_tonic_unary::{closure#0}::{closure#0}, alloc::sync::Arc<tokio::runtime::scheduler::current_thread::Handle>>>::set_stage
0 76
cfn=(7676) core::ptr::drop_glue::<devloop::rpc_tonic_unary::{closure#0}::{closure#0}>
calls=1 0 
0 4062
0 19
cob=(2)
cfi=(2)
cfn=(4532)
calls=3 0 
0 624
0 36

fn=(7686) <tokio::sync::watch::big_notify::BigNotify>::notify_waiters
0 27
cfn=(7638) <tokio::sync::notify::NotifyGuard>::notify_waiters
calls=1 0 
0 33
0 18
cfn=(7638)
calls=1 0 
0 33
0 18
cfn=(7638)
calls=1 0 
0 33
0 18
cfn=(7638)
calls=1 0 
0 33
0 18
cfn=(7638)
calls=1 0 
0 33
0 18
cfn=(7638)
calls=1 0 
0 33
0 18
cfn=(7638)
calls=1 0 
0 33
0 18
cfn=(7638)
calls=1 0 
0 33
0 7

fn=(7692) core::ptr::drop_glue::<hashbrown::raw::RawTable<(axum::routing::RouteId, axum::routing::Endpoint<()>)>>
0 46
cob=(2)
cfi=(2)
cfn=(4916)
calls=1 0 
0 125
0 59
cfn=(7018) core::ptr::drop_glue::<tower::util::map_future::MapFuture<axum::util::MapIntoResponse<tower::util::map_request::MapRequest<devloop::echo::echo_server::EchoServer<devloop::TonicEchod>, <tonic::service::router::Routes>::add_service<devloop::echo::echo_server::EchoServer<devloop::TonicEchod>>::{closure#0}>>, <tower::util::boxed_clone_sync::BoxCloneSyncService<http::request::Request<axum_core::body::Body>, http::response::Response<axum_core::body::Body>, core::convert::Infallible>>::new<axum::util::MapIntoResponse<tower::util::map_request::MapRequest<devloop::echo::echo_server::EchoServer<devloop::TonicEchod>, <tonic::service::router::Routes>::add_service<devloop::echo::echo_server::EchoServer<devloop::TonicEchod>>::{closure#0}>>>::{closure#0}>>
calls=1 0 
0 134
0 116
cob=(2)
cfi=(2)
cfn=(4916)
calls=2 0 
0 400

fn=(7700) core::ptr::drop_glue::<tokio::runtime::task::core::Cell<devloop::rpc_tonic_unary::{closure#0}::{closure#0}, alloc::sync::Arc<tokio::runtime::scheduler::multi_thread::handle::Handle>>>
0 26

fn=(7706) <tokio::runtime::task::core::Core<tokio::runtime::blocking::task::BlockingTask<<tokio::runtime::scheduler::multi_thread::worker::Launch>::launch::{closure#0}>, tokio::runtime::blocking::schedule::BlockingSchedule>>::set_stage
0 492

fn=(7710)
0 20
cfn=(7712) core::ptr::drop_glue::<tokio::runtime::task::core::Cell<tokio::runtime::blocking::task::BlockingTask<<tokio::runtime::scheduler::multi_thread::worker::Launch>::launch::{closure#0}>, tokio::runtime::blocking::schedule::BlockingSchedule>>
calls=4 0 
0 104
0 20
cob=(2)
cfi=(2)
cfn=(4916)
calls=4 0 
0 260

fn=(7718) <&mut tokio::sync::oneshot::Receiver<()> as core::future::future::Future>::poll
0 71
cfn=(6414) tokio::runtime::park::clone
calls=1 0 
0 5
0 32
cfn=(7906) <alloc::sync::Arc<tokio::sync::oneshot::Inner<()>>>::drop_slow
calls=1 0 
0 93
0 18

fn=(7882) core::ptr::drop_glue::<tokio::runtime::scheduler::multi_thread::worker::Core>
0 36
cfn=(7884) core::ptr::drop_glue::<tokio::runtime::scheduler::multi_thread::queue::Local<alloc::sync::Arc<tokio::runtime::scheduler::multi_thread::handle::Handle>>>
calls=4 0 
0 92
0 28

fn=(7890)
0 6
cfn=(7892) core::ptr::drop_glue::<tokio::runtime::scheduler::multi_thread::handle::Handle>
calls=1 0 
0 3134
0 9
cob=(2)
cfi=(2)
cfn=(4916)
calls=1 0 
0 65

fn=(6792) <tonic::transport::service::grpc_timeout::ResponseFuture<tower::util::either::EitherResponseFuture<tower::limit::concurrency::future::ResponseFuture<tower::util::either::EitherResponseFuture<tonic::transport::channel::service::reconnect::ResponseFuture<core::pin::Pin<alloc::boxed::Box<dyn core::future::future::Future<Output = core::result::Result<http::response::Response<tonic::body::Body>, alloc::boxed::Box<dyn core::error::Error + core::marker::Send + core::marker::Sync>>> + core::marker::Send>>>, tonic::transport::channel::service::reconnect::ResponseFuture<core::pin::Pin<alloc::boxed::Box<dyn core::future::future::Future<Output = core::result::Result<http::response::Response<tonic::body::Body>, alloc::boxed::Box<dyn core::error::Error + core::marker::Send + core::marker::Sync>>> + core::marker::Send>>>>>, tower::util::either::EitherResponseFuture<tonic::transport::channel::service::reconnect::ResponseFuture<core::pin::Pin<alloc::boxed::Box<dyn core::future::future::Future<Output = core::result::Result<http::response::Response<tonic::body::Body>, alloc::boxed::Box<dyn core::error::Error + core::marker::Send + core::marker::Sync>>> + core::marker::Send>>>, tonic::transport::channel::service::reconnect::ResponseFuture<core::pin::Pin<alloc::boxed::Box<dyn core::future::future::Future<Output = core::result::Result<http::response::Response<tonic::body::Body>, alloc::boxed::Box<dyn core::error::Error + core::marker::Send + core::marker::Sync>>> + core::marker::Send>>>>>> as core::future::future::Future>::poll
0 15760
cfn=(6794) <tonic::transport::channel::service::connection::SendRequest as tower_service::Service<http::request::Request<tonic::body::Body>>>::call::{closure#0}
calls=788 0 
0 427619
0 24624

fn=(5010) std::sys::pal::unix::stack_overflow::imp::make_handler
0 79
cob=(2)
cfi=(2)
cfn=(4194) pthread_self
calls=4 0 
0 8
0 12
cob=(2)
cfi=(2)
cfn=(4196) pthread_getattr_np
calls=4 0 
0 4156
0 24
cob=(2)
cfi=(2)
cfn=(6148) pthread_attr_getguardsize
calls=4 0 
0 16
0 44
cob=(2)
cfi=(2)
cfn=(5006) pthread_attr_getstack
calls=4 0 
0 32
0 28
cob=(2)
cfi=(2)
cfn=(5008) pthread_attr_destroy
calls=4 0 
0 640
0 28
cfn=(5020) std::sys::pal::unix::stack_overflow::thread_info::set_current_info
calls=4 0 
0 872
0 35
cob=(2)
cfi=(2)
cfn=(5012) sigaltstack
calls=5 0 
0 25
0 20
cob=(2)
cfi=(2)
cfn=(5014) getauxval
calls=5 0 
0 725
0 55
cob=(2)
cfi=(2)
cfn=(5016) mmap
calls=5 0 
0 110
0 35
cob=(2)
cfi=(2)
cfn=(5018) mprotect
calls=5 0 
0 25
0 45
cob=(2)
cfi=(2)
cfn=(5012)
calls=5 0 
0 25
0 45

fn=(5054) <tokio::runtime::builder::Builder>::new
0 9
cob=(2)
cfi=(2)
cfn=(4206)
calls=1 0 
0 190
0 12
cfn=(5056) <tokio::util::rand::RngSeed>::new
calls=1 0 
0 270
0 29

fn=(5056)
0 59
cfn=(5076) <std::hash::random::DefaultHasher as core::hash::Hasher>::write
calls=1 0 
0 27
0 135
cfn=(5076)
calls=5 0 
0 135
0 485
cfn=(5058) std::sys::random::linux::hashmap_random_keys
calls=5 0 
0 759
0 15

fn=(5082)
0 28
cob=(2)
cfi=(2)
cfn=(4532)
calls=2 0 
0 22
0 142
cfn=(5084) std::sys::env::unix::getenv::{closure#0}
calls=2 0 
0 1335
0 30

fn=(5084)
0 34
cob=(2)
cfi=(2)
cfn=(5086) getenv
calls=2 0 
0 1265
0 36

fn=(5106) <std::sys::fs::unix::File>::open_c
0 78
cob=(2)
cfi=(2)
cfn=(5108) open
calls=2 0 
0 92
0 48

fn=(5134) <std::path::Path>::_starts_with
0 197
cfn=(5136) <std::path::Components as core::iter::traits::iterator::Iterator>::next
calls=9 0 
0 556
0 27
cfn=(5136)
calls=9 0 
0 611
0 206
cfn=(5138) <std::path::Component as core::cmp::PartialEq>::eq
calls=7 0 
0 298
0 149

fn=(5462)
0 6
cfn=(5464) <alloc::raw_vec::RawVec<tokio::runtime::blocking::pool::Task>>::grow_one
calls=1 0 
0 261
0 10

fn=(5466)
0 16
cob=(2)
cfi=(2)
cfn=(4206)
calls=4 0 
0 723
0 60

fn=(5620)
0 108
cob=(2)
cfi=(2)
cfn=(4206)
calls=2 0 
0 242
0 40
cob=(2)
cfi=(2)
cfn=(4968)
calls=2 0 
0 20
0 53
cfn=(5618)
calls=3 0 
0 438
0 149
cob=(2)
cfi=(2)
cfn=(4916)
calls=1 0 
0 65
0 1

fn=(5662) <tokio::runtime::runtime::Runtime>::enter
0 17
cfn=(5664)
calls=1 0 
0 33
0 13

fn=(5694)
0 36
cfn=(5458) <tokio::runtime::scheduler::Handle>::current
calls=3 0 
0 87
0 75
cfn=(5696) <tokio::runtime::io::registration_set::RegistrationSet>::allocate
calls=3 0 
0 1738
0 75
cob=(2)
cfi=(2)
cfn=(5164)
calls=3 0 
0 18
0 45

fn=(5712)
0 163391
cfn=(5714) <tokio::runtime::scheduler::multi_thread::handle::Handle>::push_remote_task
calls=1 0 
0 44
0 4
cfn=(5716)
calls=1 0 
0 17
0 3151
cfn=(5714)
calls=787 0 
0 35705
0 3148
cfn=(5716)
calls=787 0 
0 30438
0 6521
cfn=(6496) <tokio::runtime::scheduler::multi_thread::park::Unparker>::unpark
calls=416 0 
0 43562
0 168622
cfn=(5716)
calls=1063 0 
0 26968
0 4079
cfn=(6496)
calls=217 0 
0 17011
0 11416

fn=(5728) <&core::net::ip_addr::Ipv4Addr as core::fmt::Display>::fmt
0 2
cfn=(5730) <core::net::ip_addr::Ipv4Addr as core::fmt::Display>::fmt
calls=1 0 
0 1261

fn=(5830) core::slice::memchr::memrchr_aligned
0 224

fn=(5836) <hyper_util::client::legacy::connect::http::ConnectingTcp>::new
0 72
cfn=(5838) <alloc::raw_vec::RawVec<core::net::socket_addr::SocketAddr>>::grow_one
calls=1 0 
0 108
0 6
cob=(2)
cfi=(2)
cfn=(4916)
calls=1 0 
0 65
0 36

fn=(5838)
0 3
cfn=(5840) <alloc::raw_vec::RawVecInner>::grow_amortized
calls=1 0 
0 101
0 4

fn=(6170) <tokio::runtime::scheduler::multi_thread::worker::Context>::run_task
0 49416
cfn=(5716)
calls=823 0 
0 47734
0 9053
cfn=(6496)
calls=823 0 
0 51421
0 85775
cfn=(6600)
calls=2574 0 
0 11817648
cfn=(6384) tokio::runtime::task::raw::poll::<tonic::transport::server::serve_connection<tonic::body::Body, hyper_util::rt::tokio::TokioIo<tonic::transport::server::service::io::ServerIo<tokio::net::tcp::stream::TcpStream>>, hyper_util::service::glue::TowerToHyperService<tower::util::map_request::MapRequest<tower::util::boxed_clone::BoxCloneService<http::request::Request<tonic::body::Body>, http::response::Response<tonic::body::Body>, alloc::boxed::Box<dyn core::error::Error + core::marker::Send + core::marker::Sync>>, <tonic::transport::server::Server>::serve_internal<tonic::service::router::Routes, tokio_stream::wrappers::tcp_listener::TcpListenerStream, core::future::ready::Ready<()>, tokio::net::tcp::stream::TcpStream, core::io::error::Error, tonic::body::Body>::{closure#0}::{closure#1}>>, hyper_util::rt::tokio::TokioExecutor>::{closure#0}, alloc::sync::Arc<tokio::runtime::scheduler::multi_thread::handle::Handle>>
calls=855 0 
0 7403720
cfn=(6172)
calls=2 0 
0 27311
0 142956
cfn=(6962) tokio::runtime::task::raw::poll::<hyper::proto::h2::server::H2Stream<hyper_util::service::glue::TowerToHyperServiceFuture<tower::util::map_request::MapRequest<tower::util::boxed_clone::BoxCloneService<http::request::Request<tonic::body::Body>, http::response::Response<tonic::body::Body>, alloc::boxed::Box<dyn core::error::Error + core::marker::Send + core::marker::Sync>>, <tonic::transport::server::Server>::serve_internal<tonic::service::router::Routes, tonic::transport::server::incoming::TcpIncoming, core::future::ready::Ready<()>, tokio::net::tcp::stream::TcpStream, core::io::error::Error, tonic::body::Body>::{closure#0}::{closure#1}>, http::request::Request<hyper::body::incoming::Incoming>>, tonic::body::Body, hyper_util::rt::tokio::TokioExecutor>, alloc::sync::Arc<tokio::runtime::scheduler::multi_thread::handle::Handle>>
calls=848 0 
0 10099978
cfn=(6600)
calls=1811 0 
0 6299346
cfn=(6384)
calls=403 0 
0 4249738
0 91530

fn=(6214) <hashbrown::raw::RawTable<(alloc::sync::Arc<str>, axum::routing::RouteId)>>::reserve_rehash::<hashbrown::map::make_hasher<alloc::sync::Arc<str>, axum::routing::RouteId, std::hash::random::RandomState>::{closure#0}>
0 120
cob=(2)
cfi=(2)
cfn=(4206)
calls=2 0 
0 426
0 40
cob=(2)
cfi=(2)
cfn=(4968)
calls=2 0 
0 20
0 46

fn=(6234) <&str as core::fmt::Display>::fmt
0 5
cfn=(6236)
calls=1 0 
0 62

fn=(6278) <axum::boxed::MakeErasedHandler<tonic::service::router::unimplemented, ()> as axum::boxed::ErasedIntoRoute<(), core::convert::Infallible>>::into_route
0 15
cfn=(6280) <<axum::boxed::BoxedIntoRoute<(), core::convert::Infallible>>::from_handler<tonic::service::router::unimplemented, ((),)>::{closure#0} as core::ops::function::FnOnce<(tonic::service::router::unimplemented, ())>>::call_once
calls=3 0 
0 9
0 12
cob=(2)
cfi=(2)
cfn=(4916)
calls=3 0 
0 219
0 18

fn=(6306) <std::sys::pal::unix::time::Timespec>::sub_timespec
0 299196

fn=(6460) <hyper_util::rt::tokio::TokioIo<tokio::net::tcp::stream::TcpStream> as hyper::rt::io::Write>::poll_write
0 1
cfn=(6462) <tokio::net::tcp::stream::TcpStream>::poll_write_priv
calls=1 0 
0 174

fn=(6476) <tracing::span::Span>::follows_from::<tracing::span::Span>
0 44

fn=(6550) core::ptr::drop_glue::<alloc::vec::Vec<http::header::map::ExtraValue<http::header::value::HeaderValue>>>
0 93834

fn=(6554)
0 10426
cfn=(6556) <http::header::map::HeaderMap>::try_reserve_one
calls=802 0 
0 76186
0 5614
cfn=(6558) http::header::map::hash_elem_using::<http::header::name::HeaderName>
calls=802 0 
0 19248
0 92631
cfn=(6556)
calls=1203 0 
0 87332
0 8421
cfn=(6558)
calls=1203 0 
0 51328
0 115488

fn=(6562) <tokio::sync::mpsc::list::Tx<tower::buffer::message::Message<http::request::Request<tonic::body::Body>, core::pin::Pin<alloc::boxed::Box<dyn core::future::future::Future<Output = core::result::Result<http::response::Response<tonic::body::Body>, alloc::boxed::Box<dyn core::error::Error + core::marker::Send + core::marker::Sync>>> + core::marker::Send>>>>>::find_block
0 8969
cob=(2)
cfi=(2)
cfn=(4206)
calls=1 0 
0 329
0 244

fn=(6584)
0 18227
cfn=(6586) <h2::proto::connection::Connection<hyper::common::io::compat::Compat<hyper_util::common::rewind::Rewind<hyper_util::rt::tokio::TokioIo<tonic::transport::server::service::io::ServerIo<tokio::net::tcp::stream::TcpStream>>>>, h2::server::Peer, hyper::proto::h2::SendBuf<bytes::bytes::Bytes>>>::poll
calls=1657 0 
0 10140013
0 53024
cfn=(6776) <h2::proto::streams::store::Queue<h2::proto::streams::stream::NextAccept>>::pop::<h2::proto::streams::store::Store>
calls=1657 0 
0 21972
0 15344
cfn=(6734) <h2::proto::streams::streams::OpaqueStreamRef>::new
calls=401 0 
0 12832
0 51745
cfn=(6950) <h2::proto::streams::recv::Recv>::take_request
calls=401 0 
0 70403
0 5614
cob=(2)
cfi=(2)
cfn=(4532)
calls=401 0 
0 11629
0 1203
cfn=(6738)
calls=401 0 
0 26065
0 3208
cob=(2)
cfi=(2)
cfn=(4532)
calls=401 0 
0 11629
0 3609
cob=(2)
cfi=(2)
cfn=(4532)
calls=401 0 
0 11629
0 1604
cob=(2)
cfi=(2)
cfn=(4532)
calls=401 0 
0 20852
0 2913

fn=(6596) <h2::proto::streams::prioritize::Prioritize>::pop_frame::<hyper::proto::h2::SendBuf<bytes::bytes::Bytes>>
0 247681
cfn=(6598) <h2::proto::streams::store::Queue<h2::proto::streams::stream::NextSend>>::pop::<h2::proto::streams::store::Store>
calls=6041 0 
0 108426
0 113134
cfn=(6802) <h2::proto::streams::buffer::Deque>::pop_front::<h2::frame::Frame<hyper::proto::h2::SendBuf<bytes::bytes::Bytes>>>
calls=2406 0 
0 433080
0 106744
cob=(2)
cfi=(2)
cfn=(4532)
calls=1203 0 
0 76992
0 12030
cob=(2)
cfi=(2)
cfn=(4532)
calls=1203 0 
0 62556
0 33684
cfn=(6870) <h2::proto::streams::stream::Stream>::send_data
calls=1203 0 
0 83408
0 25263
cfn=(6872)
calls=1203 0 
0 29273
0 87418
cfn=(6840)
calls=1203 0 
0 58947
0 9624
cfn=(6804)
calls=2406 0 
0 292329
0 9624
cob=(2)
cfi=(2)
cfn=(4532)
calls=2406 0 
0 153984
0 73669

fn=(6618) <h2::proto::streams::send::Send>::apply_remote_settings::<hyper::proto::h2::SendBuf<bytes::bytes::Bytes>>
0 97

fn=(6648) <want::State as core::convert::From<usize>>::from
0 5474

fn=(6668) <tonic::transport::channel::service::reconnect::Reconnect<tonic::transport::channel::service::connection::MakeSendRequestService<tonic::transport::channel::service::connector::Connector<hyper_util::client::legacy::connect::http::HttpConnector>>, http::uri::Uri> as tower_service::Service<http::request::Request<tonic::body::Body>>>::call
0 10827
cob=(2)
cfi=(2)
cfn=(4532)
calls=401 0 
0 11629
0 1203
cfn=(6670) <tonic::transport::channel::service::connection::SendRequest as tower_service::Service<http::request::Request<tonic::body::Body>>>::call
calls=401 0 
0 330431
0 4812

fn=(6678)
0 5213

fn=(6680) hyper::proto::h2::strip_connection_headers
0 39298
cfn=(6558)
calls=3208 0 
0 168420
0 126315
cfn=(6682) <http::header::map::HeaderMap>::remove::<http::header::name::HeaderName>
calls=401 0 
0 34887
0 3609
cfn=(6558)
calls=401 0 
0 9624
0 20451
cfn=(6682)
calls=802 0 
0 69774
0 8020

fn=(6750) prost::encoding::bytes::encode::<alloc::vec::Vec<u8>, tonic::codec::buffer::EncodeBuf>
0 9624
cfn=(6752) prost::encoding::varint::encode_varint::<tonic::codec::buffer::EncodeBuf>
calls=802 0 
0 22456
0 2406
cfn=(6752)
calls=802 0 
0 31278
0 12030
cob=(2)
cfi=(2)
cfn=(4532)
calls=802 0 
0 99378
0 12030

fn=(6796) <hyper_util::rt::tokio::TokioIo<tokio::net::tcp::stream::TcpStream> as hyper::rt::io::Write>::poll_flush
0 7137

fn=(6836) <h2::frame::head::Head>::encode::<bytes::buf::limit::Limit<&mut bytes::bytes_mut::BytesMut>>
0 42105
cob=(2)
cfi=(2)
cfn=(4532)
calls=1203 0 
0 20451
0 44511
cob=(2)
cfi=(2)
cfn=(4532)
calls=1203 0 
0 18045
0 43308
cob=(2)
cfi=(2)
cfn=(4532)
calls=1203 0 
0 18045
0 43308
cob=(2)
cfi=(2)
cfn=(4532)
calls=1203 0 
0 16842
0 25263

fn=(6838) <h2::proto::streams::streams::StreamRef<hyper::proto::h2::SendBuf<bytes::bytes::Bytes>>>::send_data
0 174034
cfn=(6760) <h2::proto::streams::prioritize::Prioritize>::try_assign_capacity
calls=802 0 
0 196490
0 9624
cfn=(6844)
calls=401 0 
0 11228
0 2005
cfn=(6758) <h2::proto::streams::prioritize::Prioritize>::reserve_capacity
calls=401 0 
0 21654
0 40902
cfn=(6726) <h2::proto::streams::prioritize::Prioritize>::queue_frame::<hyper::proto::h2::SendBuf<bytes::bytes::Bytes>>
calls=1203 0 
0 393642
0 15639
cfn=(6804)
calls=1203 0 
0 63759
0 36090

fn=(6854) core::ptr::drop_glue::<h2::proto::streams::streams::StreamRef<hyper::proto::h2::SendBuf<bytes::bytes::Bytes>>>
0 6015
cfn=(6856)
calls=1203 0 
0 310374
0 12030

fn=(6880) h2::hpack::decoder::take
0 61754
cfn=(6612)
calls=4411 0 
0 194084
0 154385

fn=(6886) core::ptr::drop_glue::<core::option::Option<http::method::Method>>
0 1604

fn=(6908) <http::header::map::HeaderMap>::try_append2::<http::header::name::HeaderName>
0 61353
cob=(2)
cfi=(2)
cfn=(4206)
calls=1203 0 
0 49946
0 21648
cob=(2)
cfi=(2)
cfn=(4206)
calls=1203 0 
0 118523
0 14418
cfn=(6548)
calls=1200 0 
0 15600
0 12
cfn=(6548)
calls=3 0 
0 39
0 12030
cfn=(6558)
calls=1203 0 
0 51328
0 6015
cfn=(6558)
calls=1203 0 
0 28872
0 226164

fn=(6912) <h2::proto::streams::recv::Recv>::open
0 12832

fn=(6922) <h2::server::Peer as h2::proto::peer::Peer>::convert_poll_message
0 33283
cfn=(6896) bytes::bytes_mut::shared_v_clone
calls=401 0 
0 4010
0 4411
cfn=(6924) <http::uri::authority::Authority>::from_shared
calls=401 0 
0 89423
0 8020
cfn=(6882) bytes::bytes_mut::shared_v_drop
calls=401 0 
0 2005
0 8020
cfn=(6926) <http::uri::scheme::Scheme as core::str::traits::FromStr>::from_str
calls=401 0 
0 12431
0 16441
cfn=(5788)
calls=401 0 
0 401
0 6416
cfn=(6896)
calls=401 0 
0 4010
0 1604
cfn=(6928) <http::uri::path::PathAndQuery>::from_maybe_shared::<bytes::bytes::Bytes>
calls=401 0 
0 112681
0 10426
cfn=(6882)
calls=401 0 
0 2005
0 5213
cob=(2)
cfi=(2)
cfn=(4532)
calls=401 0 
0 11629
0 1604
cob=(2)
cfi=(2)
cfn=(4532)
calls=401 0 
0 11629
0 12431
cfn=(6542) <http::uri::Uri>::from_parts
calls=401 0 
0 22456
0 8020
cfn=(5808) core::ptr::drop_glue::<http::uri::Uri>
calls=401 0 
0 8421
0 8421
cob=(2)
cfi=(2)
cfn=(4532)
calls=401 0 
0 11629
0 2005
cob=(2)
cfi=(2)
cfn=(4532)
calls=401 0 
0 11629
0 1604
cob=(2)
cfi=(2)
cfn=(4532)
calls=401 0 
0 11629
0 2406
cfn=(6546)
calls=401 0 
0 19649
0 8020
cob=(2)
cfi=(2)
cfn=(4532)
calls=401 0 
0 11629
0 2406

fn=(6932) <slab::Slab<h2::proto::streams::buffer::Slot<h2::proto::streams::recv::Event>>>::insert_at
0 25277
cfn=(6934) <alloc::raw_vec::RawVec<slab::Entry<h2::proto::streams::buffer::Slot<h2::proto::streams::recv::Event>>>>::grow_one
calls=2 0 
0 599
0 25
cob=(2)
cfi=(2)
cfn=(4532)
calls=5 0 
0 145
0 39263
cob=(2)
cfi=(2)
cfn=(4532)
calls=2802 0 
0 81258

fn=(6960)
0 18446
cob=(2)
cfi=(2)
cfn=(4206)
calls=401 0 
0 17430
0 4805
cob=(2)
cfi=(2)
cfn=(4532)
calls=400 0 
0 11600
0 5
cob=(2)
cfi=(2)
cfn=(4532)
calls=1 0 
0 29
0 2005

fn=(6992) <http::extensions::Extensions>::insert::<axum::routing::url_params::UrlParams>
0 5614
cob=(2)
cfi=(2)
cfn=(4206)
calls=401 0 
0 21281
0 29672

fn=(6998) core::ptr::drop_glue::<hyper_util::service::oneshot::Oneshot<tower::util::map_request::MapRequest<tower::util::boxed_clone::BoxCloneService<http::request::Request<tonic::body::Body>, http::response::Response<tonic::body::Body>, alloc::boxed::Box<dyn core::error::Error + core::marker::Send + core::marker::Sync>>, <tonic::transport::server::Server>::serve_internal<tonic::service::router::Routes, tonic::transport::server::incoming::TcpIncoming, core::future::ready::Ready<()>, tokio::net::tcp::stream::TcpStream, core::io::error::Error, tonic::body::Body>::{closure#0}::{closure#1}>, http::request::Request<hyper::body::incoming::Incoming>>>
0 18847
cfn=(7122) core::ptr::drop_glue::<tonic::transport::server::SvcFuture<tonic::service::recover_error::ResponseFuture<tower::util::either::EitherResponseFuture<tower::load_shed::future::ResponseFuture<tower::util::either::EitherResponseFuture<tower::limit::concurrency::future::ResponseFuture<tonic::transport::service::grpc_timeout::ResponseFuture<tonic::service::router::RoutesFuture>>, tonic::transport::service::grpc_timeout::ResponseFuture<tonic::service::router::RoutesFuture>>>, tower::util::either::EitherResponseFuture<tower::limit::concurrency::future::ResponseFuture<tonic::transport::service::grpc_timeout::ResponseFuture<tonic::service::router::RoutesFuture>>, tonic::transport::service::grpc_timeout::ResponseFuture<tonic::service::router::RoutesFuture>>>>>>
calls=401 0 
0 24862
0 3609
cob=(2)
cfi=(2)
cfn=(4916)
calls=401 0 
0 29273
0 2807
cfn=(7000) core::ptr::drop_glue::<tower::util::map_future::MapFuture<tonic::transport::server::service::io::ConnectInfo<tonic::transport::server::Svc<tonic::service::recover_error::RecoverError<tower::util::either::Either<tower::load_shed::LoadShed<tower::util::either::Either<tower::limit::concurrency::service::ConcurrencyLimit<tonic::transport::service::grpc_timeout::GrpcTimeout<tonic::service::router::Routes>>, tonic::transport::service::grpc_timeout::GrpcTimeout<tonic::service::router::Routes>>>, tower::util::either::Either<tower::limit::concurrency::service::ConcurrencyLimit<tonic::transport::service::grpc_timeout::GrpcTimeout<tonic::service::router::Routes>>, tonic::transport::service::grpc_timeout::GrpcTimeout<tonic::service::router::Routes>>>>>, tonic::transport::server::service::io::ServerIoConnectInfo<tokio::net::tcp::stream::TcpStream>>, <tower::util::boxed_clone::BoxCloneService<http::request::Request<tonic::body::Body>, http::response::Response<tonic::body::Body>, alloc::boxed::Box<dyn core::error::Error + core::marker::Send + core::marker::Sync>>>::new<tonic::transport::server::service::io::ConnectInfo<tonic::transport::server::Svc<tonic::service::recover_error::RecoverError<tower::util::either::Either<tower::load_shed::LoadShed<tower::util::either::Either<tower::limit::concurrency::service::ConcurrencyLimit<tonic::transport::service::grpc_timeout::GrpcTimeout<tonic::service::router::Routes>>, tonic::transport::service::grpc_timeout::GrpcTimeout<tonic::service::router::Routes>>>, tower::util::either::Either<tower::limit::concurrency::service::ConcurrencyLimit<tonic::transport::service::grpc_timeout::GrpcTimeout<tonic::service::router::Routes>>, tonic::transport::service::grpc_timeout::GrpcTimeout<tonic::service::router::Routes>>>>>, tonic::transport::server::service::io::ServerIoConnectInfo<tokio::net::tcp::stream::TcpStream>>>::{closure#0}>>
calls=401 0 
0 8421
0 1604
cob=(2)
cfi=(2)
cfn=(4916)
calls=401 0 
0 29273
0 5614

fn=(7000)
0 8442

fn=(7036)
0 42795
cfn=(7038) <http_body_util::combinators::map_err::MapErr<http_body_util::combinators::map_err::MapErr<http_body_util::combinators::map_frame::MapFrame<tonic::body::Body, <tonic::codec::decode::Streaming<pbrs_grpc::codec::prost::Message<pbrs_adoption_corpus::prost_types::EntityList>>>::new<tonic::body::Body, devloop::adoption_rpc::TonicCodec<pbrs_grpc::codec::prost::Message<pbrs_adoption_corpus::prost_types::EntityList>>>::{closure#0}>, <tonic::codec::decode::Streaming<pbrs_grpc::codec::prost::Message<pbrs_adoption_corpus::prost_types::EntityList>>>::new<tonic::body::Body, devloop::adoption_rpc::TonicCodec<pbrs_grpc::codec::prost::Message<pbrs_adoption_corpus::prost_types::EntityList>>>::{closure#1}>, <tonic::status::Status>::map_error<tonic::status::Status>> as http_body::Body>::poll_frame
calls=2853 0 
0 1407880
0 37924
cob=(2)
cfi=(2)
cfn=(4532)
calls=802 0 
0 99414
0 9624
cfn=(6882)
calls=802 0 
0 4010
0 1604
cfn=(6882)
calls=401 0 
0 2005
0 39311

fn=(7054) <h2::proto::streams::recv::Recv>::release_connection_capacity
0 31278
cfn=(6342)
calls=1 0 
0 91
0 6015

fn=(7078)
0 1604

fn=(7084) core::ptr::drop_glue::<tonic::codec::decode::StreamingInner>
0 12030
cfn=(7086)
calls=802 0 
0 793396
0 3208
cob=(2)
cfi=(2)
cfn=(4916)
calls=802 0 
0 57484
0 11228
cob=(2)
cfi=(2)
cfn=(4916)
calls=802 0 
0 174948
0 1604
cob=(2)
cfi=(2)
cfn=(4916)
calls=802 0 
0 57446
0 12030

fn=(7092) core::ptr::drop_glue::<hyper::body::incoming::Incoming>
0 7218
cfn=(7094) core::ptr::drop_glue::<h2::share::RecvStream>
calls=401 0 
0 140751
0 7218
cfn=(7094)
calls=401 0 
0 492641

fn=(7106) core::ptr::drop_glue::<axum::routing::url_params::UrlParams>
0 9223
cfn=(7108) <alloc::sync::Arc<str>>::drop_slow
calls=401 0 
0 34684
0 2005
cfn=(7108)
calls=401 0 
0 35576
0 4010
cob=(2)
cfi=(2)
cfn=(4916)
calls=401 0 
0 29273

fn=(7112)
0 6817

fn=(7160)
0 25664
cfn=(7162) tonic::codec::encode::encode_item::<tonic_prost::codec::ProstEncoder<devloop::echo::EchoReply>>
calls=401 0 
0 155404
0 6015
cfn=(6612)
calls=401 0 
0 42905
0 4411
cfn=(6842) <tonic::codec::encode::EncodeState>::trailers
calls=401 0 
0 413706
0 24862

fn=(7168) <tonic::status::Status>::add_header
0 5213
cfn=(7170) <http::header::map::HeaderMap as core::clone::Clone>::clone
calls=401 0 
0 26065
0 1604
cfn=(6544)
calls=401 0 
0 13634
0 1203
cfn=(7172) <http::header::map::HeaderMap as core::iter::traits::collect::Extend<(core::option::Option<http::header::name::HeaderName>, http::header::value::HeaderValue)>>::extend::<http::header::map::HeaderMap>
calls=401 0 
0 54135
0 6817
cfn=(6554)
calls=401 0 
0 89423
0 8020

fn=(7180) core::ptr::drop_glue::<hyper::proto::h2::server::H2Stream<hyper_util::service::glue::TowerToHyperServiceFuture<tower::util::map_request::MapRequest<tower::util::boxed_clone::BoxCloneService<http::request::Request<tonic::body::Body>, http::response::Response<tonic::body::Body>, alloc::boxed::Box<dyn core::error::Error + core::marker::Send + core::marker::Sync>>, <tonic::transport::server::Server>::serve_internal<tonic::service::router::Routes, tonic::transport::server::incoming::TcpIncoming, core::future::ready::Ready<()>, tokio::net::tcp::stream::TcpStream, core::io::error::Error, tonic::body::Body>::{closure#0}::{closure#1}>, http::request::Request<hyper::body::incoming::Incoming>>, tonic::body::Body, hyper_util::rt::tokio::TokioExecutor>>
0 2406
cfn=(6854)
calls=401 0 
0 95839
0 3208
cfn=(6852)
calls=401 0 
0 295198

fn=(7182) core::ptr::drop_glue::<http_body_util::combinators::map_err::MapErr<http_body_util::combinators::map_err::MapErr<tonic::service::recover_error::ResponseBody<tonic::body::Body>, <tonic::status::Status as core::convert::Into<alloc::boxed::Box<dyn core::error::Error + core::marker::Send + core::marker::Sync>>>::into>, <tonic::status::Status>::map_error<alloc::boxed::Box<dyn core::error::Error + core::marker::Send + core::marker::Sync>>>>
0 5614
cfn=(7184)
calls=401 0 
0 81866
0 2807
cob=(2)
cfi=(2)
cfn=(4916)
calls=401 0 
0 29273

fn=(7214) tokio::runtime::task::raw::dealloc::<core::pin::Pin<alloc::boxed::Box<dyn core::future::future::Future<Output = ()> + core::marker::Send>>, alloc::sync::Arc<tokio::runtime::scheduler::multi_thread::handle::Handle>>
0 3765
cfn=(7216) core::ptr::drop_glue::<tokio::runtime::task::core::Cell<core::pin::Pin<alloc::boxed::Box<dyn core::future::future::Future<Output = ()> + core::marker::Send>>, alloc::sync::Arc<tokio::runtime::scheduler::multi_thread::handle::Handle>>>
calls=753 0 
0 19578
0 3765
cob=(2)
cfi=(2)
cfn=(4916)
calls=753 0 
0 177625

fn=(7236) core::ptr::drop_glue::<<tonic::transport::channel::service::add_origin::AddOrigin<tonic::transport::channel::service::user_agent::UserAgent<tonic::transport::service::grpc_timeout::GrpcTimeout<tower::util::either::Either<tower::limit::concurrency::service::ConcurrencyLimit<tower::util::either::Either<tower::limit::rate::service::RateLimit<tonic::transport::channel::service::reconnect::Reconnect<tonic::transport::channel::service::connection::MakeSendRequestService<tonic::transport::channel::service::connector::Connector<tonic::transport::channel::uds_connector::UdsConnector>>, http::uri::Uri>>, tonic::transport::channel::service::reconnect::Reconnect<tonic::transport::channel::service::connection::MakeSendRequestService<tonic::transport::channel::service::connector::Connector<tonic::transport::channel::uds_connector::UdsConnector>>, http::uri::Uri>>>, tower::util::either::Either<tower::limit::rate::service::RateLimit<tonic::transport::channel::service::reconnect::Reconnect<tonic::transport::channel::service::connection::MakeSendRequestService<tonic::transport::channel::service::connector::Connector<tonic::transport::channel::uds_connector::UdsConnector>>, http::uri::Uri>>, tonic::transport::channel::service::reconnect::Reconnect<tonic::transport::channel::service::connection::MakeSendRequestService<tonic::transport::channel::service::connector::Connector<tonic::transport::channel::uds_connector::UdsConnector>>, http::uri::Uri>>>>>> as tower_service::Service<http::request::Request<tonic::body::Body>>>::call::{closure#1}>
0 2406

fn=(7276) <http::header::map::HeaderMap>::remove_found
0 27669

fn=(7280) core::ptr::drop_glue::<<tonic::client::grpc::Grpc<tonic::transport::channel::Channel>>::unary<devloop::echo::EchoRequest, devloop::echo::EchoReply, tonic_prost::codec::ProstCodec<devloop::echo::EchoRequest, devloop::echo::EchoReply>>::{closure#0}>
0 5213

fn=(7510) <u64 as itoa::Unsigned>::fmt
0 378

fn=(7522) <core::io::write::default_write_fmt::Adapter<std::io::stdio::StderrLock> as core::fmt::Write>::write_str
0 84
cob=(2)
cfi=(2)
cfn=(7074) write
calls=3 0 
0 177
0 66

fn=(7528)
0 48
cfn=(6342)
calls=1 0 
0 140
0 22

fn=(7532) core::ptr::drop_glue::<devloop::cmd_run_cell::{closure#1}>
0 5

fn=(7568) <h2::proto::streams::streams::Actions>::clear_queues
0 42
cfn=(7570)
calls=2 0 
0 12
0 20
cfn=(6776)
calls=2 0 
0 12
0 46
cfn=(6622) <h2::proto::streams::store::Queue<h2::proto::streams::stream::NextSendCapacity>>::pop::<h2::proto::streams::store::Store>
calls=2 0 
0 12
0 34
cfn=(6626) <h2::proto::streams::store::Queue<h2::proto::streams::stream::NextOpen>>::pop::<h2::proto::streams::store::Store>
calls=2 0 
0 12
0 22

fn=(7580) core::ptr::drop_glue::<h2::codec::framed_write::Encoder<h2::proto::streams::prioritize::Prioritized<hyper::proto::h2::SendBuf<bytes::bytes::Bytes>>>>
0 10
cfn=(7582) core::ptr::drop_glue::<h2::hpack::encoder::Encoder>
calls=2 0 
0 7150
0 24
cob=(2)
cfi=(2)
cfn=(4916)
calls=2 0 
0 343
0 20

fn=(7592) <alloc::sync::Arc<std::sync::poison::mutex::Mutex<h2::proto::streams::streams::Inner>>>::drop_slow
0 12
cfn=(7594) core::ptr::drop_glue::<std::sync::poison::mutex::Mutex<h2::proto::streams::streams::Inner>>
calls=2 0 
0 1185
0 18
cob=(2)
cfi=(2)
cfn=(4916)
calls=2 0 
0 138

fn=(7618)
0 10
cfn=(7554) <h2::proto::streams::streams::DynStreams<hyper::proto::h2::SendBuf<bytes::bytes::Bytes>>>::recv_eof
calls=1 0 
0 888
0 2
cfn=(7620) core::ptr::drop_glue::<tokio_util::codec::framed_read::FramedRead<h2::codec::framed_write::FramedWrite<hyper::common::io::compat::Compat<tonic::transport::channel::service::io::BoxedIo>, h2::proto::streams::prioritize::Prioritized<hyper::proto::h2::SendBuf<bytes::bytes::Bytes>>>, tokio_util::codec::length_delimited::LengthDelimitedCodec>>
calls=1 0 
0 1450
0 2
cfn=(7584) core::ptr::drop_glue::<h2::hpack::decoder::Decoder>
calls=1 0 
0 7061
0 2
cfn=(7586) core::ptr::drop_glue::<core::option::Option<h2::codec::framed_read::Partial>>
calls=1 0 
0 10
0 6
cfn=(7588) core::ptr::drop_glue::<h2::proto::connection::ConnectionInner<h2::client::Peer, hyper::proto::h2::SendBuf<bytes::bytes::Bytes>>>
calls=1 0 
0 79

fn=(7624) core::ptr::drop_glue::<<tonic::transport::channel::service::connection::MakeSendRequestService<tonic::transport::channel::service::connector::Connector<tonic::transport::channel::uds_connector::UdsConnector>> as tower_service::Service<http::uri::Uri>>::call::{closure#0}::{closure#0}>
0 5
cfn=(7626) core::ptr::drop_glue::<hyper::client::conn::http2::Connection<tonic::transport::channel::service::io::BoxedIo, tonic::body::Body, tonic::transport::channel::service::executor::SharedExec>>
calls=1 0 
0 1919

fn=(7644) core::ptr::drop_glue::<tokio::sync::mpsc::bounded::Receiver<tower::buffer::message::Message<http::request::Request<tonic::body::Body>, core::pin::Pin<alloc::boxed::Box<dyn core::future::future::Future<Output = core::result::Result<http::response::Response<tonic::body::Body>, alloc::boxed::Box<dyn core::error::Error + core::marker::Send + core::marker::Sync>>> + core::marker::Send>>>>>
0 15
cfn=(7646) <tokio::sync::batch_semaphore::Semaphore>::close
calls=1 0 
0 35
0 20
cfn=(7638)
calls=1 0 
0 33
0 27
cfn=(6652) <tokio::sync::mpsc::list::Rx<tower::buffer::message::Message<http::request::Request<tonic::body::Body>, core::pin::Pin<alloc::boxed::Box<dyn core::future::future::Future<Output = core::result::Result<http::response::Response<tonic::body::Body>, alloc::boxed::Box<dyn core::error::Error + core::marker::Send + core::marker::Sync>>> + core::marker::Send>>>>>::pop
calls=1 0 
0 29
0 9
cfn=(6652)
calls=1 0 
0 29
0 7
cfn=(7648) <alloc::sync::Arc<tokio::sync::mpsc::chan::Chan<tower::buffer::message::Message<http::request::Request<tonic::body::Body>, core::pin::Pin<alloc::boxed::Box<dyn core::future::future::Future<Output = core::result::Result<http::response::Response<tonic::body::Body>, alloc::boxed::Box<dyn core::error::Error + core::marker::Send + core::marker::Sync>>> + core::marker::Send>>>, tokio::sync::mpsc::bounded::Semaphore>>>::drop_slow
calls=1 0 
0 489
0 8

fn=(7654) core::ptr::drop_glue::<tonic::transport::channel::service::reconnect::Reconnect<tonic::transport::channel::service::connection::MakeSendRequestService<tonic::transport::channel::service::connector::Connector<hyper_util::client::legacy::connect::http::HttpConnector>>, http::uri::Uri>>
0 5
cfn=(7656) core::ptr::drop_glue::<tonic::transport::channel::service::connection::MakeSendRequestService<tonic::transport::channel::service::connector::Connector<hyper_util::client::legacy::connect::http::HttpConnector>>>
calls=1 0 
0 392
0 2
cfn=(5816) core::ptr::drop_glue::<tonic::transport::channel::service::reconnect::State<core::pin::Pin<alloc::boxed::Box<dyn core::future::future::Future<Output = core::result::Result<tonic::transport::channel::service::connection::SendRequest, alloc::boxed::Box<dyn core::error::Error + core::marker::Send + core::marker::Sync>>> + core::marker::Send>>, tonic::transport::channel::service::connection::SendRequest>>
calls=1 0 
0 1754
0 2
cfn=(5808)
calls=1 0 
0 29
0 7

fn=(7896)
0 4
cfn=(7898) core::ptr::drop_glue::<tokio::runtime::driver::Driver>
calls=1 0 
0 248
0 7
cob=(2)
cfi=(2)
cfn=(4916)
calls=1 0 
0 65

fn=(7904) core::ptr::drop_glue::<alloc::vec::Vec<alloc::sync::Arc<tokio::runtime::io::scheduled_io::ScheduledIo>>>
0 23
cob=(2)
cfi=(2)
cfn=(4916)
calls=1 0 
0 65

fn=(7966) <alloc::sync::Arc<std::thread::thread::Inner, std::alloc::System>>::drop_slow
0 48
cob=(2)
cfi=(2)
cfn=(4916)
calls=4 0 
0 416
0 36
cob=(2)
cfi=(2)
cfn=(4916)
calls=4 0 
0 468

fn=(7978) core::ptr::drop_glue::<alloc::collections::vec_deque::Dropper<tokio::runtime::blocking::pool::Task>>
0 9

fn=(8070) 0x00000000002591e0
0 9
cob=(2)
cfi=(2)
cfn=(8078) __cxa_finalize
calls=1 0 
0 71
0 1
0 1
cfn=(8090) 0x0000000000259170
calls=1 0 
0 5
0 3

fn=(8090)
0 5

fn=(6522) tokio_util::sync::mpsc::make_acquire_future::<tower::buffer::message::Message<http::request::Request<tonic::body::Body>, core::pin::Pin<alloc::boxed::Box<dyn core::future::future::Future<Output = core::result::Result<http::response::Response<tonic::body::Body>, alloc::boxed::Box<dyn core::error::Error + core::marker::Send + core::marker::Sync>>> + core::marker::Send>>>>::{closure#0}
0 23258
cfn=(6524) <tokio::sync::batch_semaphore::Acquire as core::future::future::Future>::poll
calls=401 0 
0 30075
0 2005
cfn=(6530) core::ptr::drop_glue::<<tokio::sync::mpsc::bounded::Sender<tower::buffer::message::Message<http::request::Request<tonic::body::Body>, core::pin::Pin<alloc::boxed::Box<dyn core::future::future::Future<Output = core::result::Result<http::response::Response<tonic::body::Body>, alloc::boxed::Box<dyn core::error::Error + core::marker::Send + core::marker::Sync>>> + core::marker::Send>>>>>::reserve_owned::{closure#0}>
calls=401 0 
0 5213
0 2807
cfn=(6526) <tokio::sync::batch_semaphore::Acquire as core::ops::drop::Drop>::drop
calls=401 0 
0 3609
0 4010
cfn=(6528) core::ptr::drop_glue::<<tokio::sync::mpsc::bounded::Sender<tower::buffer::message::Message<http::request::Request<tonic::body::Body>, core::pin::Pin<alloc::boxed::Box<dyn core::future::future::Future<Output = core::result::Result<http::response::Response<tonic::body::Body>, alloc::boxed::Box<dyn core::error::Error + core::marker::Send + core::marker::Sync>>> + core::marker::Send>>>>>::reserve_inner::{closure#0}>
calls=401 0 
0 3609
0 8020

fn=(6530)
0 5213

fn=(6782) core::ptr::drop_glue::<tokio::sync::oneshot::Inner<core::result::Result<core::pin::Pin<alloc::boxed::Box<dyn core::future::future::Future<Output = core::result::Result<http::response::Response<tonic::body::Body>, alloc::boxed::Box<dyn core::error::Error + core::marker::Send + core::marker::Sync>>> + core::marker::Send>>, tower::buffer::error::ServiceError>>>
0 3974
cfn=(6784) tokio::runtime::park::drop_waker
calls=389 0 
0 2723
0 3208

fn=(6784)
0 5446

fn=(6788) <core::pin::Pin<alloc::boxed::Box<dyn core::future::future::Future<Output = core::result::Result<http::response::Response<tonic::body::Body>, alloc::boxed::Box<dyn core::error::Error + core::marker::Send + core::marker::Sync>>> + core::marker::Send>> as core::future::future::Future>::poll
0 3152
cfn=(6790) <tonic::transport::channel::service::add_origin::AddOrigin<tonic::transport::channel::service::user_agent::UserAgent<tonic::transport::service::grpc_timeout::GrpcTimeout<tower::util::either::Either<tower::limit::concurrency::service::ConcurrencyLimit<tower::util::either::Either<tower::limit::rate::service::RateLimit<tonic::transport::channel::service::reconnect::Reconnect<tonic::transport::channel::service::connection::MakeSendRequestService<tonic::transport::channel::service::connector::Connector<tonic::transport::channel::uds_connector::UdsConnector>>, http::uri::Uri>>, tonic::transport::channel::service::reconnect::Reconnect<tonic::transport::channel::service::connection::MakeSendRequestService<tonic::transport::channel::service::connector::Connector<tonic::transport::channel::uds_connector::UdsConnector>>, http::uri::Uri>>>, tower::util::either::Either<tower::limit::rate::service::RateLimit<tonic::transport::channel::service::reconnect::Reconnect<tonic::transport::channel::service::connection::MakeSendRequestService<tonic::transport::channel::service::connector::Connector<tonic::transport::channel::uds_connector::UdsConnector>>, http::uri::Uri>>, tonic::transport::channel::service::reconnect::Reconnect<tonic::transport::channel::service::connection::MakeSendRequestService<tonic::transport::channel::service::connector::Connector<tonic::transport::channel::uds_connector::UdsConnector>>, http::uri::Uri>>>>>> as tower_service::Service<http::request::Request<tonic::body::Body>>>::call::{closure#1}
calls=788 0 
0 636305

fn=(4142) 0x0000000000259220
0 12

fn=(5038) std::env::args_os
0 39
cob=(2)
cfi=(2)
cfn=(4206)
calls=1 0 
0 187
0 131
cob=(2)
cfi=(2)
cfn=(4578) 0x0000000000165880
calls=7 0 
0 99
0 35
cob=(2)
cfi=(2)
cfn=(4206)
calls=7 0 
0 1306
0 70
cob=(2)
cfi=(2)
cfn=(4532)
calls=7 0 
0 93
0 26

fn=(5076)
0 43855

fn=(5112)
0 111
cob=(2)
cfi=(2)
cfn=(5114) statx
calls=3 0 
0 30
0 229

fn=(5118) alloc::io::read::default_read_to_end::<&std::fs::File>
0 83
cfn=(5152) alloc::io::read::default_read_to_end::small_probe_read::<&std::fs::File>
calls=1 0 
0 92
0 41
cfn=(5152)
calls=1 0 
0 75
0 60
cob=(2)
cfi=(2)
cfn=(5120) read
calls=2 0 
0 56
0 64

fn=(5130) <std::path::Components>::parse_next_component_back
0 566

fn=(5136)
0 1167

fn=(5212) <tokio::util::rand::rt::RngSeedGenerator>::next_seed
0 693

fn=(5658)
0 495

fn=(5664)
0 198

fn=(5716)
0 105276

fn=(5722) <alloc::string::String as core::fmt::Write>::write_str
0 243
cob=(2)
cfi=(2)
cfn=(4532)
calls=13 0 
0 189
0 127
cfn=(5740)
calls=2 0 
0 565
0 38
cob=(2)
cfi=(2)
cfn=(4532)
calls=2 0 
0 22
0 28
cfn=(5740)
calls=2 0 
0 330
0 6

fn=(5770) <devloop::echo::echo_client::EchoClient<tonic::transport::channel::Channel>>::connect::<alloc::string::String>::{closure#0}
0 36
cfn=(5772) <tonic::transport::channel::endpoint::Endpoint as core::convert::TryFrom<alloc::string::String>>::try_from
calls=1 0 
0 1801
0 14
cob=(2)
cfi=(2)
cfn=(4532)
calls=1 0 
0 76
0 13
cob=(2)
cfi=(2)
cfn=(4532)
calls=1 0 
0 76
0 8
cfn=(5796) <tonic::transport::channel::endpoint::Endpoint>::connect::{closure#0}
calls=1 0 
0 7226
0 4
cfn=(5796)
calls=1 0 
0 13777
0 29
cfn=(5806) core::ptr::drop_glue::<tonic::transport::channel::endpoint::Endpoint>
calls=1 0 
0 83
0 55

fn=(5786)
0 1230
cob=(2)
cfi=(2)
cfn=(4206)
calls=82 0 
0 4387
0 2442

fn=(5788)
0 9663

fn=(5812) <tower::util::either::Either<tower::limit::rate::service::RateLimit<tonic::transport::channel::service::reconnect::Reconnect<tonic::transport::channel::service::connection::MakeSendRequestService<tonic::transport::channel::service::connector::Connector<hyper_util::client::legacy::connect::http::HttpConnector>>, http::uri::Uri>>, tonic::transport::channel::service::reconnect::Reconnect<tonic::transport::channel::service::connection::MakeSendRequestService<tonic::transport::channel::service::connector::Connector<hyper_util::client::legacy::connect::http::HttpConnector>>, http::uri::Uri>> as tower_service::Service<http::request::Request<tonic::body::Body>>>::poll_ready
0 5239
cfn=(5814) <tonic::transport::channel::service::reconnect::Reconnect<tonic::transport::channel::service::connection::MakeSendRequestService<tonic::transport::channel::service::connector::Connector<hyper_util::client::legacy::connect::http::HttpConnector>>, http::uri::Uri> as tower_service::Service<http::request::Request<tonic::body::Body>>>::poll_ready
calls=403 0 
0 49427

fn=(5814)
0 16950
cfn=(5818) <tonic::transport::channel::service::connection::MakeSendRequestService<tonic::transport::channel::service::connector::Connector<hyper_util::client::legacy::connect::http::HttpConnector>> as tower_service::Service<http::uri::Uri>>::call::{closure#0}
calls=2 0 
0 13292
0 15
cfn=(5792) <http::uri::Uri as core::clone::Clone>::clone
calls=1 0 
0 71
0 19
cob=(2)
cfi=(2)
cfn=(4206)
calls=1 0 
0 185
0 10
cob=(2)
cfi=(2)
cfn=(4532)
calls=1 0 
0 268
0 6
cob=(2)
cfi=(2)
cfn=(4206)
calls=1 0 
0 235
0 73
cob=(2)
cfi=(2)
cfn=(4206)
calls=1 0 
0 185
0 12
cob=(2)
cfi=(2)
cfn=(4532)
calls=1 0 
0 136
0 2
cfn=(5816)
calls=1 0 
0 10
0 2820
cfn=(6504) <tonic::transport::channel::service::connection::SendRequest as tower_service::Service<http::request::Request<tonic::body::Body>>>::poll_ready
calls=402 0 
0 6834
0 2420
cfn=(5816)
calls=1 0 
0 235
0 5649

fn=(5826) http::uri::authority::host
0 19
cfn=(5828) <core::str::iter::SplitInternal<char>>::next_back
calls=1 0 
0 202
0 83

fn=(5842) <hyper_util::client::legacy::connect::http::ConnectingTcpRemote>::connect::{closure#0}
0 74
cfn=(5844) hyper_util::client::legacy::connect::http::connect
calls=1 0 
0 166
0 17
cob=(2)
cfi=(2)
cfn=(4532)
calls=1 0 
0 52
0 14
cob=(2)
cfi=(2)
cfn=(4532)
calls=1 0 
0 50
0 27
cfn=(5846) <tokio::net::tcp::socket::TcpSocket>::connect::{closure#0}
calls=1 0 
0 1009
0 5
cfn=(5846)
calls=1 0 
0 162
0 22
cfn=(6444) core::ptr::drop_glue::<hyper_util::client::legacy::connect::http::connect::{closure#0}>
calls=1 0 
0 10
0 60

fn=(6184) <tower::util::map_future::MapFuture<axum::util::MapIntoResponse<axum::routing::not_found::NotFound>, <tower::util::boxed_clone_sync::BoxCloneSyncService<http::request::Request<axum_core::body::Body>, http::response::Response<axum_core::body::Body>, core::convert::Infallible>>::new<axum::util::MapIntoResponse<axum::routing::not_found::NotFound>>::{closure#0}> as tower::util::boxed_clone_sync::CloneService<http::request::Request<axum_core::body::Body>>>::clone_box
0 3

fn=(6194) axum::routing::path_router::validate_path
0 520

fn=(6222)
0 14
cfn=(6224) <alloc::raw_vec::RawVec<matchit::tree::Node<axum::routing::RouteId>>>::grow_one
calls=1 0 
0 270
0 9
cob=(2)
cfi=(2)
cfn=(4532)
calls=1 0 
0 29
0 23
cfn=(6224)
calls=1 0 
0 270
0 9
cob=(2)
cfi=(2)
cfn=(4532)
calls=1 0 
0 29
0 9

fn=(6224)
0 30
cfn=(5414)
calls=2 0 
0 492
0 18

fn=(6236)
0 88
cfn=(5722)
calls=2 0 
0 418
cfn=(7522)
calls=1 0 
0 109
cfn=(5722)
calls=1 0 
0 40

fn=(6302) <tokio::runtime::io::registration::Registration>::poll_ready
0 426948
cfn=(6414)
calls=1 0 
0 5
cfn=(6304) tokio::runtime::task::waker::clone_waker
calls=1662 0 
0 11634
0 241238

fn=(6326) <tokio::runtime::scheduler::multi_thread::handle::Handle>::next_remote_task
0 48059

fn=(6336) <tokio::runtime::io::driver::Driver>::turn
0 47200
cob=(2)
cfi=(2)
cfn=(6338) epoll_wait
calls=2255 0 
0 135300
0 280
cob=(2)
cfi=(2)
cfn=(6338)
calls=70 0 
0 4200
0 101943
cfn=(6340) <tokio::runtime::io::scheduled_io::ScheduledIo>::wake
calls=1857 0 
0 300879
0 27882

fn=(6348) <tokio::runtime::scheduler::multi_thread::worker::Core>::maintenance
0 167804

fn=(6406)
0 25160

fn=(6436) <tokio::net::tcp::stream::TcpStream>::poll_read_priv
0 92055
cfn=(6302)
calls=5415 0 
0 557439
0 36104
cfn=(6302)
calls=8 0 
0 1032
0 28616
cob=(2)
cfi=(2)
cfn=(6568) recv
calls=1787 0 
0 105465
0 3582
cob=(2)
cfi=(2)
cfn=(5030) __errno_location
calls=8 0 
0 24
0 64
cfn=(6382) std::sys::io::error::unix::decode_error_kind
calls=8 0 
0 64
0 111277

fn=(6468) <h2::proto::streams::streams::Inner>::new
0 46
cfn=(6470) <h2::proto::streams::flow_control::FlowControl>::inc_window
calls=2 0 
0 38
0 82
cfn=(6470)
calls=2 0 
0 38
0 30
cob=(2)
cfi=(2)
cfn=(4532)
calls=2 0 
0 58
0 74
cob=(2)
cfi=(2)
cfn=(4532)
calls=2 0 
0 128
0 68
cob=(2)
cfi=(2)
cfn=(4206)
calls=2 0 
0 504
0 20
cob=(2)
cfi=(2)
cfn=(4532)
calls=2 0 
0 176
0 18

fn=(6504)
0 6834

fn=(6506) <tower::buffer::service::Buffer<http::request::Request<tonic::body::Body>, core::pin::Pin<alloc::boxed::Box<dyn core::future::future::Future<Output = core::result::Result<http::response::Response<tonic::body::Body>, alloc::boxed::Box<dyn core::error::Error + core::marker::Send + core::marker::Sync>>> + core::marker::Send>>>>::pair::<tonic::transport::channel::service::connection::Connection>
0 20
cob=(2)
cfi=(2)
cfn=(4206)
calls=1 0 
0 258
0 34
cob=(2)
cfi=(2)
cfn=(5214)
calls=1 0 
0 621
0 12
cob=(2)
cfi=(2)
cfn=(4532)
calls=1 0 
0 76
0 6
cob=(2)
cfi=(2)
cfn=(4206)
calls=1 0 
0 133
0 30
cob=(2)
cfi=(2)
cfn=(4206)
calls=1 0 
0 41
0 11
cob=(2)
cfi=(2)
cfn=(4532)
calls=1 0 
0 29
0 4
cob=(2)
cfi=(2)
cfn=(4532)
calls=1 0 
0 64
0 15

fn=(6544)
0 40902

fn=(6546)
0 8822
cob=(2)
cfi=(2)
cfn=(4916)
calls=802 0 
0 56966
0 4812
cfn=(6548)
calls=1203 0 
0 76265
0 4010
cob=(2)
cfi=(2)
cfn=(4916)
calls=802 0 
0 111865
0 7218
cfn=(6550)
calls=1203 0 
0 21654
0 8020
cfn=(6548)
calls=802 0 
0 10426
0 6416
cfn=(6550)
calls=802 0 
0 14436
0 8020
cob=(2)
cfi=(2)
cfn=(4916)
calls=401 0 
0 29115
0 4812
cfn=(6548)
calls=1203 0 
0 15639
0 3208
cob=(2)
cfi=(2)
cfn=(4916)
calls=401 0 
0 26065
0 7218
cfn=(6550)
calls=1203 0 
0 21654

fn=(6566) <tonic::transport::channel::ResponseFuture as core::future::future::Future>::poll
0 41295
cfn=(6414)
calls=389 0 
0 1945
0 10102
cfn=(6788)
calls=387 0 
0 526220
0 1604
cfn=(6788)
calls=401 0 
0 113237
0 18697
cfn=(6780)
calls=375 0 
0 39255
0 3609
cfn=(6786) core::ptr::drop_glue::<tokio::sync::oneshot::Receiver<core::result::Result<core::pin::Pin<alloc::boxed::Box<dyn core::future::future::Future<Output = core::result::Result<http::response::Response<tonic::body::Body>, alloc::boxed::Box<dyn core::error::Error + core::marker::Send + core::marker::Sync>>> + core::marker::Send>>, tower::buffer::error::ServiceError>>>
calls=401 0 
0 6416
0 12197

fn=(6590) <h2::frame::window_update::WindowUpdate>::encode::<bytes::bytes_mut::BytesMut>
0 171

fn=(6604) <h2::proto::streams::streams::Streams<hyper::proto::h2::SendBuf<bytes::bytes::Bytes>, h2::client::Peer>>::has_streams_or_other_references
0 235062
cfn=(7470)
calls=94 0 
0 72286
0 846
cob=(2)
cfi=(2)
cfn=(6418)
calls=94 0 
0 1034
0 188

fn=(6610) <tokio_util::codec::length_delimited::LengthDelimitedCodec as tokio_util::codec::decoder::Decoder>::decode
0 57873
cfn=(6612)
calls=2413 0 
0 106466
0 218000
cob=(2)
cfi=(2)
cfn=(4532)
calls=2413 0 
0 41021
0 99555
cfn=(6812) <bytes::bytes_mut::BytesMut>::reserve_inner
calls=114 0 
0 16620
0 47713

fn=(6614) h2::codec::framed_read::decode_frame
0 254401
cfn=(6876) <h2::frame::headers::HeaderBlock>::load
calls=1203 0 
0 2602622
0 72230
cob=(2)
cfi=(2)
cfn=(4532)
calls=1203 0 
0 34887
0 16842
cfn=(6910) <bytes::bytes_mut::BytesMut as core::ops::drop::Drop>::drop
calls=1203 0 
0 10827
0 61353
cob=(2)
cfi=(2)
cfn=(4532)
calls=1203 0 
0 34887
0 9680
cob=(2)
cfi=(2)
cfn=(4532)
calls=1210 0 
0 35090
0 158474

fn=(6708)
0 108
cob=(2)
cfi=(2)
cfn=(4206)
calls=2 0 
0 381
0 40
cob=(2)
cfi=(2)
cfn=(4968)
calls=2 0 
0 20
0 60

fn=(6726)
0 86616
cob=(2)
cfi=(2)
cfn=(4532)
calls=2406 0 
0 153984
0 16842
cfn=(6728) <slab::Slab<h2::proto::streams::buffer::Slot<h2::frame::Frame<hyper::proto::h2::SendBuf<bytes::bytes::Bytes>>>>>::insert_at
calls=2406 0 
0 209998
0 27669
cfn=(6732) <h2::proto::streams::prioritize::Prioritize>::schedule_send
calls=1203 0 
0 145824
0 7218
cfn=(6732)
calls=1203 0 
0 104661
0 26466

fn=(6742) <hyper::proto::h2::PipeToSendStream<tonic::body::Body> as core::future::future::Future>::poll
0 30600
cfn=(6744) <h2::proto::streams::streams::StreamRef<hyper::proto::h2::SendBuf<bytes::bytes::Bytes>>>::poll_reset
calls=1224 0 
0 134920
0 6416
cfn=(6744)
calls=1604 0 
0 183658
0 23764
cfn=(7158)
calls=802 0 
0 760385
cfn=(6748) <http_body_util::combinators::map_err::MapErr<tonic::codec::encode::EncodeBody<tonic_prost::codec::ProstEncoder<devloop::echo::EchoRequest>, tokio_stream::stream_ext::map::Map<tokio_stream::once::Once<devloop::echo::EchoRequest>, core::result::Result<devloop::echo::EchoRequest, tonic::status::Status>::Ok>>, <tonic::status::Status>::map_error<tonic::status::Status>> as http_body::Body>::poll_frame
calls=802 0 
0 305346
0 38496
cfn=(7144) <http_body_util::combinators::map_err::MapErr<http_body_util::combinators::map_err::MapErr<tonic::service::recover_error::ResponseBody<tonic::body::Body>, <tonic::status::Status as core::convert::Into<alloc::boxed::Box<dyn core::error::Error + core::marker::Send + core::marker::Sync>>>::into>, <tonic::status::Status>::map_error<alloc::boxed::Box<dyn core::error::Error + core::marker::Send + core::marker::Sync>>> as http_body::Body>::is_end_stream
calls=401 0 
0 8020
cfn=(6686) <http_body_util::combinators::map_err::MapErr<tonic::codec::encode::EncodeBody<tonic_prost::codec::ProstEncoder<devloop::echo::EchoRequest>, tokio_stream::stream_ext::map::Map<tokio_stream::once::Once<devloop::echo::EchoRequest>, core::result::Result<devloop::echo::EchoRequest, tonic::status::Status>::Ok>>, <tonic::status::Status>::map_error<tonic::status::Status>> as http_body::Body>::is_end_stream
calls=401 0 
0 802
0 4812
cfn=(6756) <h2::proto::streams::streams::StreamRef<hyper::proto::h2::SendBuf<bytes::bytes::Bytes>>>::reserve_capacity
calls=802 0 
0 200099
0 11270
cfn=(6764) <h2::proto::streams::streams::StreamRef<hyper::proto::h2::SendBuf<bytes::bytes::Bytes>>>::capacity
calls=1224 0 
0 77112
0 4136
cfn=(6766) <h2::share::SendStream<hyper::proto::h2::SendBuf<bytes::bytes::Bytes>>>::poll_capacity
calls=422 0 
0 52328
0 10088
cfn=(6838)
calls=802 0 
0 689981
0 10869
cfn=(6838)
calls=401 0 
0 275086
0 2005
cfn=(6756)
calls=401 0 
0 40100
0 33283
cfn=(7176) h2::frame::headers::calculate_headermap_size
calls=401 0 
0 21654
0 10426
cfn=(6714) <h2::proto::streams::send::Send>::check_headers
calls=401 0 
0 388569
0 3609
cfn=(6804)
calls=401 0 
0 21253
0 22244
cfn=(6918)
calls=401 0 
0 6817
0 4411
cfn=(6946)
calls=401 0 
0 6817
0 1203
cfn=(6844)
calls=401 0 
0 10827
0 3609
cob=(2)
cfi=(2)
cfn=(4532)
calls=401 0 
0 25664
0 2807
cfn=(6726)
calls=401 0 
0 124711
0 2406
cfn=(6758)
calls=401 0 
0 21654
0 2005

fn=(6772)
0 111491
cob=(2)
cfi=(2)
cfn=(4532)
calls=2807 0 
0 81403
0 44774
cob=(2)
cfi=(2)
cfn=(4532)
calls=756 0 
0 21924
0 6153
cob=(2)
cfi=(2)
cfn=(4532)
calls=2051 0 
0 59479
0 51696

fn=(6800) <h2::proto::streams::stream::Stream>::notify_capacity
0 10827
cfn=(6342)
calls=401 0 
0 8020
0 2406

fn=(6804)
0 315587
cfn=(7192) <h2::proto::streams::store::Ptr>::unlink
calls=1203 0 
0 62957
0 194084
cfn=(7194) <h2::proto::streams::store::Ptr>::remove
calls=802 0 
0 265274
0 73784

fn=(6806) <h2::frame::headers::Headers>::encode
0 22857
cfn=(6808) <h2::frame::headers::HeaderBlock>::into_encoding
calls=1203 0 
0 2739645
0 7218
cfn=(6836)
calls=1203 0 
0 271878
0 38496
cob=(2)
cfi=(2)
cfn=(4532)
calls=1203 0 
0 16718
0 75789

fn=(6882)
0 32168
cob=(2)
cfi=(2)
cfn=(4916)
calls=803 0 
0 174722
0 2409
cob=(2)
cfi=(2)
cfn=(4916)
calls=803 0 
0 68319
0 16092

fn=(6916) <hashbrown::raw::RawTableInner>::find_insert_index
0 11

fn=(6948)
0 13233
cob=(2)
cfi=(2)
cfn=(4532)
calls=1203 0 
0 34887
0 7218
cfn=(6932)
calls=1203 0 
0 62556
0 18834

fn=(6994) <tower::util::map_future::MapFuture<axum::util::MapIntoResponse<tower::util::map_request::MapRequest<devloop::echo::echo_server::EchoServer<devloop::TonicEchod>, <tonic::service::router::Routes>::add_service<devloop::echo::echo_server::EchoServer<devloop::TonicEchod>>::{closure#0}>>, <tower::util::boxed_clone_sync::BoxCloneSyncService<http::request::Request<axum_core::body::Body>, http::response::Response<axum_core::body::Body>, core::convert::Infallible>>::new<axum::util::MapIntoResponse<tower::util::map_request::MapRequest<devloop::echo::echo_server::EchoServer<devloop::TonicEchod>, <tonic::service::router::Routes>::add_service<devloop::echo::echo_server::EchoServer<devloop::TonicEchod>>::{closure#0}>>>::{closure#0}> as tower::util::boxed_clone_sync::CloneService<http::request::Request<axum_core::body::Body>>>::clone_box
0 4812
cob=(2)
cfi=(2)
cfn=(4206)
calls=401 0 
0 25655
0 6815

fn=(7048) <h2::share::RecvStream>::poll_data
0 125532
cfn=(6772)
calls=2853 0 
0 199049
0 15606
cfn=(6774)
calls=1249 0 
0 16684
0 19833
cob=(2)
cfi=(2)
cfn=(4532)
calls=401 0 
0 11629
0 2406
cfn=(6932)
calls=401 0 
0 20852
0 9052
cfn=(6414)
calls=401 0 
0 2005
cfn=(6304)
calls=447 0 
0 3129
0 86162
cfn=(7470)
calls=24 0 
0 18456
0 216
cob=(2)
cfi=(2)
cfn=(6418)
calls=24 0 
0 264
0 51336

fn=(7050) <h2::share::FlowControl>::release_capacity
0 42105
cfn=(7052) <h2::proto::streams::recv::Recv>::release_capacity
calls=1203 0 
0 150466
0 26466

fn=(7062) prost::encoding::varint::decode_varint_slice
0 18446

fn=(7116)
0 7619

fn=(7126) core::ptr::drop_glue::<axum::routing::route::RouteFuture<core::convert::Infallible>>
0 10025

fn=(7162)
0 16441
cfn=(6750)
calls=401 0 
0 94582
0 1604
cob=(2)
cfi=(2)
cfn=(4916)
calls=401 0 
0 27138
0 6416
cfn=(6754) tonic::codec::encode::finish_encoding
calls=401 0 
0 9223

fn=(7196) core::ptr::drop_glue::<h2::proto::streams::stream::Stream>
0 4812
cfn=(6722)
calls=802 0 
0 6416
0 4010
cfn=(6762) tokio::runtime::task::waker::drop_waker
calls=802 0 
0 157004
0 8020

fn=(7206)
0 10426

fn=(7210) <alloc::sync::Arc<futures_channel::oneshot::Inner<()>>>::drop_slow
0 7638
cob=(2)
cfi=(2)
cfn=(4916)
calls=402 0 
0 33244

fn=(7270) <tonic_prost::codec::ProstDecoder<devloop::echo::EchoReply> as tonic::codec::Decoder>::decode
0 10827
cfn=(7060) prost::encoding::varint::decode_varint::<&mut &mut tonic::codec::buffer::DecodeBuf>
calls=401 0 
0 18045
0 6817
cfn=(7060)
calls=401 0 
0 38897
0 4010
cfn=(6612)
calls=401 0 
0 54960
0 1203
cfn=(7064) <bytes::bytes_mut::BytesMut>::freeze
calls=401 0 
0 9624
0 1203
cfn=(7066) <alloc::vec::Vec<u8> as prost::encoding::sealed::BytesAdapter>::replace_with::<bytes::bytes::Bytes>
calls=401 0 
0 197661
0 8020

fn=(7278) core::ptr::drop_glue::<<tonic::client::grpc::Grpc<tonic::transport::channel::Channel>>::client_streaming<tokio_stream::once::Once<devloop::echo::EchoRequest>, devloop::echo::EchoRequest, devloop::echo::EchoReply, tonic_prost::codec::ProstCodec<devloop::echo::EchoRequest, devloop::echo::EchoReply>>::{closure#0}>
0 7619

fn=(7534) core::ptr::drop_glue::<tokio::runtime::context::runtime::EnterRuntimeGuard>
0 20
cfn=(5658)
calls=1 0 
0 45
0 87
cfn=(5658)
calls=4 0 
0 180
0 28

fn=(7538) <tokio::runtime::runtime::Runtime as core::ops::drop::Drop>::drop
0 18
cfn=(7540) <tokio::runtime::scheduler::multi_thread::handle::Handle>::shutdown
calls=1 0 
0 249

fn=(7546) core::ptr::drop_glue::<tonic::transport::server::serve_connection<tonic::body::Body, hyper_util::rt::tokio::TokioIo<tonic::transport::server::service::io::ServerIo<tokio::net::tcp::stream::TcpStream>>, hyper_util::service::glue::TowerToHyperService<tower::util::map_request::MapRequest<tower::util::boxed_clone::BoxCloneService<http::request::Request<tonic::body::Body>, http::response::Response<tonic::body::Body>, alloc::boxed::Box<dyn core::error::Error + core::marker::Send + core::marker::Sync>>, <tonic::transport::server::Server>::serve_internal<tonic::service::router::Routes, tonic::transport::server::incoming::TcpIncoming, core::future::ready::Ready<()>, tokio::net::tcp::stream::TcpStream, core::io::error::Error, tonic::body::Body>::{closure#0}::{closure#1}>>, hyper_util::rt::tokio::TokioExecutor>::{closure#0}>
0 13
cfn=(7548) core::ptr::drop_glue::<core::pin::PinMacroHelper<tonic::transport::server::connection_timeout_future::{closure#0}>>
calls=1 0 
0 13
0 2
cfn=(7550) core::ptr::drop_glue::<hyper_util::server::conn::auto::ConnState<hyper_util::rt::tokio::TokioIo<tonic::transport::server::service::io::ServerIo<tokio::net::tcp::stream::TcpStream>>, hyper_util::service::glue::TowerToHyperService<tower::util::map_request::MapRequest<tower::util::boxed_clone::BoxCloneService<http::request::Request<tonic::body::Body>, http::response::Response<tonic::body::Body>, alloc::boxed::Box<dyn core::error::Error + core::marker::Send + core::marker::Sync>>, <tonic::transport::server::Server>::serve_internal<tonic::service::router::Routes, tonic::transport::server::incoming::TcpIncoming, core::future::ready::Ready<()>, tokio::net::tcp::stream::TcpStream, core::io::error::Error, tonic::body::Body>::{closure#0}::{closure#1}>>, hyper_util::rt::tokio::TokioExecutor>>
calls=1 0 
0 11321
0 19

fn=(7564) alloc::io::error::custom_owner_from_box::drop_box_raw::<dyn core::error::Error + core::marker::Send + core::marker::Sync>
0 26
cfn=(7566) core::ptr::drop_glue::<<alloc::boxed::Box<dyn core::error::Error + core::marker::Send + core::marker::Sync> as core::convert::From<alloc::string::String>>::from::StringError>
calls=2 0 
0 154
0 18
cob=(2)
cfi=(2)
cfn=(4916)
calls=2 0 
0 146

fn=(7572) core::ptr::drop_glue::<tokio_util::codec::framed_read::FramedRead<h2::codec::framed_write::FramedWrite<hyper::common::io::compat::Compat<hyper_util::common::rewind::Rewind<hyper_util::rt::tokio::TokioIo<tonic::transport::server::service::io::ServerIo<tokio::net::tcp::stream::TcpStream>>>>, h2::proto::streams::prioritize::Prioritized<hyper::proto::h2::SendBuf<bytes::bytes::Bytes>>>, tokio_util::codec::length_delimited::LengthDelimitedCodec>>
0 9
cfn=(7574) core::ptr::drop_glue::<tokio::net::tcp::stream::TcpStream>
calls=1 0 
0 224
0 2
cfn=(7580)
calls=1 0 
0 6805
0 12
cob=(2)
cfi=(2)
cfn=(4916)
calls=1 0 
0 205
0 5
cob=(2)
cfi=(2)
cfn=(4916)
calls=1 0 
0 123

fn=(7596) core::ptr::drop_glue::<h2::proto::streams::streams::Actions>
0 10
cfn=(7598) core::ptr::drop_glue::<h2::proto::streams::recv::Recv>
calls=2 0 
0 237
0 8
cfn=(6762)
calls=1 0 
0 8
0 28
cob=(2)
cfi=(2)
cfn=(4916)
calls=2 0 
0 146

fn=(7598)
0 91
cob=(2)
cfi=(2)
cfn=(4916)
calls=2 0 
0 146

fn=(7610) tokio::runtime::task::harness::cancel_task::<core::pin::Pin<alloc::boxed::Box<dyn core::future::future::Future<Output = ()> + core::marker::Send>>, alloc::sync::Arc<tokio::runtime::scheduler::current_thread::Handle>>
0 93
cfn=(7642) core::ptr::drop_glue::<tower::buffer::worker::Worker<tonic::transport::channel::service::connection::Connection, http::request::Request<tonic::body::Body>>>
calls=1 0 
0 3419
cfn=(7088) core::ptr::drop_glue::<core::pin::Pin<alloc::boxed::Box<dyn core::future::future::Future<Output = core::result::Result<http::response::Response<tonic::body::Body>, alloc::boxed::Box<dyn core::error::Error + core::marker::Send + core::marker::Sync>>> + core::marker::Send>>>
calls=1 0 
0 2006
cfn=(6850)
calls=1 0 
0 9813
0 15
cob=(2)
cfi=(2)
cfn=(4916)
calls=3 0 
0 384
0 126

fn=(7632) core::ptr::drop_glue::<h2::client::SendRequest<hyper::proto::h2::SendBuf<bytes::bytes::Bytes>>>
0 5
cfn=(7590) core::ptr::drop_glue::<h2::proto::streams::streams::Streams<hyper::proto::h2::SendBuf<bytes::bytes::Bytes>, h2::client::Peer>>
calls=1 0 
0 1054
0 6

fn=(7636) core::ptr::drop_glue::<tokio::sync::mpsc::unbounded::UnboundedReceiver<hyper::client::dispatch::Envelope<http::request::Request<tonic::body::Body>, http::response::Response<hyper::body::incoming::Incoming>>>>
0 32
cfn=(7638)
calls=1 0 
0 33
0 21
cfn=(6762)
calls=1 0 
0 8
0 6
cfn=(6642) <tokio::sync::mpsc::list::Rx<hyper::client::dispatch::Envelope<http::request::Request<tonic::body::Body>, http::response::Response<hyper::body::incoming::Incoming>>>>::pop
calls=1 0 
0 30
0 8
cfn=(6642)
calls=1 0 
0 30
0 12

fn=(7656)
0 9
cfn=(7658) <alloc::sync::Arc<hyper_util::client::legacy::connect::http::Config>>::drop_slow
calls=1 0 
0 76
0 8
cfn=(7660)
calls=1 0 
0 144
0 11
cfn=(7662) <alloc::sync::Arc<dyn hyper::rt::timer::Timer + core::marker::Send + core::marker::Sync>>::drop_slow
calls=1 0 
0 144

fn=(7662)
0 54
cob=(2)
cfi=(2)
cfn=(4916)
calls=2 0 
0 242

fn=(7698) <tokio::runtime::task::harness::Harness<devloop::rpc_tonic_unary::{closure#0}::{closure#0}, alloc::sync::Arc<tokio::runtime::scheduler::multi_thread::handle::Handle>>>::complete
0 22
cfn=(7674)
calls=1 0 
0 253
0 5
cfn=(6868) <alloc::sync::Arc<tokio::runtime::scheduler::multi_thread::handle::Handle> as tokio::runtime::task::Schedule>::release
calls=1 0 
0 56
0 13
cfn=(7700)
calls=1 0 
0 26
0 2
cob=(2)
cfi=(2)
cfn=(4916)
calls=1 0 
0 170
0 6

fn=(7708) <tokio::runtime::task::harness::Harness<tokio::runtime::blocking::task::BlockingTask<<tokio::runtime::scheduler::multi_thread::worker::Launch>::launch::{closure#0}>, tokio::runtime::blocking::schedule::BlockingSchedule>>::complete
0 88
cfn=(7706)
calls=4 0 
0 160
0 56

fn=(7880) core::ptr::drop_glue::<alloc::vec::into_iter::IntoIter<alloc::sync::Arc<tokio::runtime::io::scheduled_io::ScheduledIo>>>
0 19
cob=(2)
cfi=(2)
cfn=(4916)
calls=1 0 
0 65

fn=(7884)
0 92

fn=(7900) core::ptr::drop_glue::<tokio::runtime::config::Config>
0 20

fn=(7908) <std::thread::lifecycle::JoinInner<()>>::join
0 36
cob=(2)
cfi=(2)
cfn=(7910) pthread_join
calls=4 0 
0 536
0 84
cfn=(7966)
calls=4 0 
0 968
0 20
cfn=(7968) <alloc::sync::Arc<std::thread::lifecycle::Packet<()>>>::drop_slow
calls=4 0 
0 632
0 32

fn=(7972) <alloc::sync::Arc<tokio::runtime::blocking::pool::Inner>>::drop_slow
0 6
cfn=(7974) core::ptr::drop_glue::<tokio::runtime::blocking::pool::Inner>
calls=1 0 
0 283
0 9
cob=(2)
cfi=(2)
cfn=(4916)
calls=1 0 
0 65

fn=(7982) core::ptr::drop_glue::<tokio::runtime::blocking::shutdown::Receiver>
0 10

fn=(4104) (below main)
0 11
cob=(2)
cfi=(2)
cfn=(4106) (below main)
calls=1 0 
0 6748634

fn=(5020)
0 65
cob=(2)
cfi=(2)
cfn=(5022) gettid
calls=5 0 
0 15
0 69
cob=(2)
cfi=(2)
cfn=(4206)
calls=1 0 
0 184
0 16
cob=(2)
cfi=(2)
cfn=(4206)
calls=4 0 
0 164
0 40
cob=(2)
cfi=(2)
cfn=(4532)
calls=4 0 
0 48
0 9
cob=(2)
cfi=(2)
cfn=(5030)
calls=5 0 
0 15
0 295
cob=(2)
cfi=(2)
cfn=(4206)
calls=1 0 
0 179
0 159
cob=(2)
cfi=(2)
cfn=(4532)
calls=1 0 
0 12
0 8
cob=(2)
cfi=(2)
cfn=(4532)
calls=1 0 
0 11
0 65

fn=(5080) std::env::var::inner
0 10
cfn=(5082)
calls=1 0 
0 739
0 14

fn=(5128)
0 138
cfn=(5130)
calls=3 0 
0 333
0 75

fn=(5182)
0 93162
cob=(2)
cfi=(2)
cfn=(5184) clock_gettime
calls=15527 0 
0 155270
0 155270

fn=(5486)
0 44
cob=(2)
cfi=(2)
cfn=(4198) pthread_attr_init
calls=4 0 
0 72
0 44
cob=(2)
cfi=(2)
cfn=(5548) __pthread_get_minstack
calls=4 0 
0 48
0 24
cob=(2)
cfi=(2)
cfn=(5550) pthread_attr_setstacksize
calls=4 0 
0 24
0 32
cob=(2)
cfi=(2)
cfn=(5552) pthread_create
calls=4 0 
0 4945
0 24
cob=(2)
cfi=(2)
cfn=(5008)
calls=4 0 
0 20
0 51
cob=(2)
cfi=(2)
cfn=(5488) dlsym
calls=1 0 
0 1069
0 4

fn=(5684)
0 12
cob=(2)
cfi=(2)
cfn=(5686) socket
calls=1 0 
0 5
0 10
cob=(2)
cfi=(2)
cfn=(5688) setsockopt
calls=1 0 
0 6
0 17
cob=(2)
cfi=(2)
cfn=(5690) bind
calls=1 0 
0 5
0 5
cob=(2)
cfi=(2)
cfn=(5692) listen
calls=1 0 
0 5
0 11

fn=(5696)
0 66
cob=(2)
cfi=(2)
cfn=(5214)
calls=3 0 
0 1480
0 36
cob=(2)
cfi=(2)
cfn=(4532)
calls=3 0 
0 87
0 69

fn=(5730)
0 27
cfn=(5721)
calls=1 0 
0 1230
0 4

fn=(5736) <core::fmt::Formatter>::pad_integral::write_prefix
0 105

fn=(5802) <tonic::transport::channel::endpoint::Endpoint as core::clone::Clone>::clone
0 14
cfn=(5792)
calls=1 0 
0 71
0 4
cfn=(5792)
calls=1 0 
0 77
0 177

fn=(5804) bytes::bytes::shared_clone
0 39870

fn=(5816)
0 29
cfn=(6502) core::ptr::drop_glue::<<tonic::transport::channel::service::connection::MakeSendRequestService<tonic::transport::channel::service::connector::Connector<tonic::transport::channel::uds_connector::UdsConnector>> as tower_service::Service<http::uri::Uri>>::call::{closure#0}>
calls=1 0 
0 19
0 7
cob=(2)
cfi=(2)
cfn=(4916)
calls=1 0 
0 194
0 10
cfn=(7664) <alloc::sync::Arc<want::Inner>>::drop_slow
calls=1 0 
0 133
0 6
cfn=(7666) core::ptr::drop_glue::<tokio::sync::mpsc::unbounded::UnboundedSender<hyper::client::dispatch::Envelope<http::request::Request<tonic::body::Body>, http::response::Response<hyper::body::incoming::Incoming>>>>
calls=1 0 
0 1601

fn=(6044) <std::sys::thread_local::key::racy::LazyKey>::lazy_init
0 8
cob=(2)
cfi=(2)
cfn=(6046) pthread_key_create
calls=1 0 
0 17
0 9
cob=(2)
cfi=(2)
cfn=(6046)
calls=1 0 
0 26
0 5
cob=(2)
cfi=(2)
cfn=(6048) pthread_key_delete
calls=1 0 
0 15
0 13

fn=(6200)
0 1742

fn=(6242) <axum::routing::path_router::PathRouter<(), false>>::route_endpoint
0 16
cfn=(6194)
calls=1 0 
0 256
0 32
cob=(2)
cfi=(2)
cfn=(4206)
calls=1 0 
0 213
0 11
cob=(2)
cfi=(2)
cfn=(4532)
calls=1 0 
0 10
0 2
cob=(2)
cfi=(2)
cfn=(4206)
calls=1 0 
0 213
0 11
cob=(2)
cfi=(2)
cfn=(4532)
calls=1 0 
0 10
0 6
cfn=(6196) <matchit::escape::UnescapedRoute>::new
calls=1 0 
0 234
0 3
cfn=(6198) matchit::tree::normalize_params
calls=1 0 
0 434
0 42
cfn=(6202)
calls=1 0 
0 1310
0 7
cob=(2)
cfi=(2)
cfn=(4916)
calls=1 0 
0 73
0 15
cob=(2)
cfi=(2)
cfn=(4206)
calls=1 0 
0 41
0 16
cob=(2)
cfi=(2)
cfn=(4532)
calls=1 0 
0 10
0 4
cob=(2)
cfi=(2)
cfn=(4916)
calls=1 0 
0 73
0 12
cfn=(6206) <std::hash::random::RandomState as core::hash::BuildHasher>::hash_one::<&axum::routing::RouteId>
calls=1 0 
0 118
0 74
cfn=(6208) <core::hash::sip::Hasher<core::hash::sip::Sip13Rounds> as core::hash::Hasher>::write
calls=1 0 
0 82
0 5
cfn=(6208)
calls=1 0 
0 34
0 130
cob=(2)
cfi=(2)
cfn=(4532)
calls=1 0 
0 52
0 4
cfn=(6206)
calls=1 0 
0 118
0 42
cob=(2)
cfi=(2)
cfn=(4532)
calls=1 0 
0 52
0 23
cob=(2)
cfi=(2)
cfn=(4532)
calls=1 0 
0 62
0 34
cfn=(6218) <hashbrown::raw::RawTable<(axum::routing::RouteId, axum::routing::Endpoint<()>)>>::reserve_rehash::<hashbrown::map::make_hasher<axum::routing::RouteId, axum::routing::Endpoint<()>, std::hash::random::RandomState>::{closure#0}>
calls=1 0 
0 304
0 6
cfn=(6210) <hashbrown::raw::RawTable<(axum::routing::RouteId, alloc::sync::Arc<str>)>>::reserve_rehash::<hashbrown::map::make_hasher<axum::routing::RouteId, alloc::sync::Arc<str>, std::hash::random::RandomState>::{closure#0}>
calls=1 0 
0 326
0 6
cfn=(6214)
calls=1 0 
0 326
0 1

fn=(6360) <tonic::transport::server::MakeSvc<tonic::service::router::Routes, tokio::net::tcp::stream::TcpStream> as tower_service::Service<&tonic::transport::server::service::io::ServerIo<tokio::net::tcp::stream::TcpStream>>>::call
0 12
cfn=(6362) <tokio::net::tcp::stream::TcpStream as tonic::transport::server::conn::Connected>::connect_info
calls=1 0 
0 134
0 51
cob=(2)
cfi=(2)
cfn=(4206)
calls=1 0 
0 232
0 40

fn=(6384)
0 65416
cfn=(6386)
calls=1258 0 
0 11529518
0 47812
cfn=(5712)
calls=4 0 
0 620
0 10092

fn=(6392) <h2::codec::framed_write::Encoder<h2::proto::streams::prioritize::Prioritized<hyper::proto::h2::SendBuf<bytes::bytes::Bytes>>>>::buffer
0 89663
cfn=(6590)
calls=3 0 
0 171
0 73
cfn=(6394) <h2::frame::settings::Settings>::encode
calls=4 0 
0 723
0 6027
cob=(2)
cfi=(2)
cfn=(4532)
calls=1203 0 
0 62556
0 18045
cfn=(6806)
calls=1203 0 
0 3172601
0 54557
cfn=(6874) <bytes::bytes_mut::BytesMut as bytes::buf::buf_mut::BufMut>::put::<bytes::buf::take::Take<&mut h2::proto::streams::prioritize::Prioritized<hyper::proto::h2::SendBuf<bytes::bytes::Bytes>>>>
calls=802 0 
0 116290
0 99553

fn=(6394)
0 410
cfn=(6396) <h2::frame::settings::Settings>::encode::{closure#0}
calls=1 0 
0 39
0 10
cfn=(6396)
calls=2 0 
0 78
0 12
cfn=(6396)
calls=2 0 
0 78
0 12
cfn=(6396)
calls=2 0 
0 78
0 6

fn=(6398)
0 135
cfn=(6400) <h2::codec::framed_write::FramedWrite<hyper::common::io::compat::Compat<hyper_util::common::rewind::Rewind<hyper_util::rt::tokio::TokioIo<tonic::transport::server::service::io::ServerIo<tokio::net::tcp::stream::TcpStream>>>>, h2::proto::streams::prioritize::Prioritized<hyper::proto::h2::SendBuf<bytes::bytes::Bytes>>>>::flush
calls=2 0 
0 863
0 29
cob=(2)
cfi=(2)
cfn=(4532)
calls=1 0 
0 124
0 21
cob=(2)
cfi=(2)
cfn=(4532)
calls=1 0 
0 124
0 11
cob=(2)
cfi=(2)
cfn=(4532)
calls=1 0 
0 124
0 10
cob=(2)
cfi=(2)
cfn=(4532)
calls=1 0 
0 124
0 3
cfn=(6428) core::ptr::drop_glue::<h2::server::Handshaking<hyper::common::io::compat::Compat<hyper_util::common::rewind::Rewind<hyper_util::rt::tokio::TokioIo<tonic::transport::server::service::io::ServerIo<tokio::net::tcp::stream::TcpStream>>>>, hyper::proto::h2::SendBuf<bytes::bytes::Bytes>>>
calls=1 0 
0 25
0 4
cob=(2)
cfi=(2)
cfn=(4532)
calls=1 0 
0 124
0 20
cob=(2)
cfi=(2)
cfn=(4532)
calls=1 0 
0 124
0 45
cob=(2)
cfi=(2)
cfn=(4532)
calls=1 0 
0 124
0 42
cfn=(6430) <hyper::common::io::compat::Compat<hyper_util::common::rewind::Rewind<hyper_util::rt::tokio::TokioIo<tonic::transport::server::service::io::ServerIo<tokio::net::tcp::stream::TcpStream>>>> as tokio::io::async_read::AsyncRead>::poll_read
calls=2 0 
0 547
0 26
cob=(2)
cfi=(2)
cfn=(5140) 0x00000000001623e0
calls=1 0 
0 24
0 45
cob=(2)
cfi=(2)
cfn=(4532)
calls=1 0 
0 124
0 14
cfn=(6428)
calls=1 0 
0 26
0 5
cob=(2)
cfi=(2)
cfn=(4532)
calls=1 0 
0 124
0 55
cfn=(6468)
calls=1 0 
0 590
0 13
cob=(2)
cfi=(2)
cfn=(4206)
calls=1 0 
0 213
0 24
cfn=(6472) <tracing::span::Span>::current
calls=1 0 
0 37
0 4
cfn=(6476)
calls=1 0 
0 22
0 4
cob=(2)
cfi=(2)
cfn=(4532)
calls=1 0 
0 124
0 37
cob=(2)
cfi=(2)
cfn=(4532)
calls=1 0 
0 160
0 5
cfn=(6578)
calls=1 0 
0 84
0 4
cob=(2)
cfi=(2)
cfn=(4532)
calls=1 0 
0 160
0 27

fn=(6432) <hyper_util::common::rewind::Rewind<hyper_util::rt::tokio::TokioIo<tonic::transport::server::service::io::ServerIo<tokio::net::tcp::stream::TcpStream>>> as hyper::rt::io::Read>::poll_read
0 40582
cfn=(5788)
calls=1 0 
0 1
0 4
cfn=(6434) <hyper_util::rt::tokio::TokioIo<tonic::transport::server::service::io::ServerIo<tokio::net::tcp::stream::TcpStream>> as hyper::rt::io::Read>::poll_read
calls=1 0 
0 189
0 7605
cfn=(6434)
calls=2535 0 
0 518113
0 22824

fn=(6470)
0 30685

fn=(6542)
0 66165

fn=(6592) <h2::proto::streams::prioritize::Prioritize>::reclaim_frame::<hyper::common::io::compat::Compat<hyper_util::common::rewind::Rewind<hyper_util::rt::tokio::TokioIo<tonic::transport::server::service::io::ServerIo<tokio::net::tcp::stream::TcpStream>>>>, hyper::proto::h2::SendBuf<bytes::bytes::Bytes>>
0 103974
cfn=(7070) <h2::proto::streams::prioritize::Prioritize>::reclaim_frame_inner::<hyper::proto::h2::SendBuf<bytes::bytes::Bytes>>
calls=401 0 
0 145283
0 59417

fn=(6608) <hyper_util::rt::tokio::TokioIo<tokio::net::tcp::stream::TcpStream> as hyper::rt::io::Read>::poll_read
0 48263
cfn=(6436)
calls=2839 0 
0 485776
0 35883

fn=(6620) <h2::proto::streams::send::Send>::recv_connection_window_update
0 42
cfn=(6470)
calls=3 0 
0 57
0 81
cfn=(6622)
calls=3 0 
0 18
0 45

fn=(6628) <h2::codec::framed_write::FramedWrite<hyper::common::io::compat::Compat<tonic::transport::channel::service::io::BoxedIo>, h2::proto::streams::prioritize::Prioritized<hyper::proto::h2::SendBuf<bytes::bytes::Bytes>>>>::flush
0 42047
cfn=(7068)
calls=401 0 
0 11629
0 29530
cfn=(6466) <hyper_util::rt::tokio::TokioIo<tokio::net::tcp::stream::TcpStream> as hyper::rt::io::Write>::is_write_vectored
calls=803 0 
0 1606
0 152570
cfn=(6630) <hyper_util::rt::tokio::TokioIo<tokio::net::tcp::stream::TcpStream> as hyper::rt::io::Write>::poll_write_vectored
calls=803 0 
0 140525
0 17994
cfn=(6426) <h2::codec::framed_write::Encoder<h2::proto::streams::prioritize::Prioritized<hyper::proto::h2::SendBuf<bytes::bytes::Bytes>>>>::unset_frame
calls=2379 0 
0 63111
0 19577
cfn=(6466)
calls=401 0 
0 802
0 85814
cfn=(6630)
calls=401 0 
0 70175
0 20235
cfn=(6796)
calls=2379 0 
0 7137
0 49959

fn=(6654) <tokio::sync::batch_semaphore::Semaphore>::add_permits_locked
0 26065

fn=(6662) http::header::name::parse_hdr
0 315988
cfn=(6664) <http::header::name::StandardHeader>::from_bytes
calls=4010 0 
0 63358
0 269472

fn=(6666) <tower::util::either::Either<tower::limit::rate::service::RateLimit<tonic::transport::channel::service::reconnect::Reconnect<tonic::transport::channel::service::connection::MakeSendRequestService<tonic::transport::channel::service::connector::Connector<hyper_util::client::legacy::connect::http::HttpConnector>>, http::uri::Uri>>, tonic::transport::channel::service::reconnect::Reconnect<tonic::transport::channel::service::connection::MakeSendRequestService<tonic::transport::channel::service::connector::Connector<hyper_util::client::legacy::connect::http::HttpConnector>>, http::uri::Uri>> as tower_service::Service<http::request::Request<tonic::body::Body>>>::call
0 6817
cfn=(6668)
calls=401 0 
0 358902
0 3609

fn=(6682)
0 20451
cfn=(6558)
calls=1203 0 
0 28872
0 70175
cfn=(6558)
calls=401 0 
0 32080
0 25664
cob=(2)
cfi=(2)
cfn=(5140)
calls=401 0 
0 7218
0 6416
cfn=(7276)
calls=401 0 
0 27669
0 5614
cfn=(5778)
calls=401 0 
0 3609
0 19649
cfn=(5788)
calls=1203 0 
0 1203

fn=(6688)
0 22857

fn=(6710)
0 20896
cfn=(5414)
calls=2 0 
0 325
0 22

fn=(6724) <h2::proto::streams::prioritize::Prioritize>::queue_open
0 19649

fn=(6728)
0 21668
cfn=(6730)
calls=2 0 
0 672
0 25
cob=(2)
cfi=(2)
cfn=(4532)
calls=5 0 
0 320
0 33649
cob=(2)
cfi=(2)
cfn=(4532)
calls=2401 0 
0 153664

fn=(6738)
0 104260

fn=(6740) <hyper::proto::h2::client::ClientTask<tonic::body::Body, tonic::transport::channel::service::executor::SharedExec, tonic::transport::channel::service::io::BoxedIo>>::poll_pipe
0 9624
cob=(2)
cfi=(2)
cfn=(4206)
calls=401 0 
0 20372
0 14434
cfn=(6742)
calls=401 0 
0 557575
0 8822
cob=(2)
cfi=(2)
cfn=(4206)
calls=401 0 
0 41290
0 16840
cob=(2)
cfi=(2)
cfn=(4206)
calls=401 0 
0 196251
0 6806
cob=(2)
cfi=(2)
cfn=(4532)
calls=400 0 
0 65582
0 9
cob=(2)
cfi=(2)
cfn=(4532)
calls=1 0 
0 172
0 1604
cfn=(6486) <hyper_util::rt::tokio::TokioExecutor as hyper::rt::Executor<core::pin::Pin<alloc::boxed::Box<dyn core::future::future::Future<Output = ()> + core::marker::Send>>>>::execute
calls=401 0 
0 334331
0 16441
cob=(2)
cfi=(2)
cfn=(4206)
calls=401 0 
0 105168
0 6806
cob=(2)
cfi=(2)
cfn=(4532)
calls=400 0 
0 65676
0 9
cob=(2)
cfi=(2)
cfn=(4532)
calls=1 0 
0 172
0 1604
cfn=(6486)
calls=401 0 
0 349237
0 5614

fn=(6744)
0 127725
cfn=(6746) <h2::proto::streams::send::Send>::poll_reset
calls=3275 0 
0 182223
0 58950

fn=(6762)
0 54312
cfn=(7214)
calls=751 0 
0 204531
cfn=(7198) tokio::runtime::task::raw::dealloc::<hyper::proto::h2::server::H2Stream<hyper_util::service::glue::TowerToHyperServiceFuture<tower::util::map_request::MapRequest<tower::util::boxed_clone::BoxCloneService<http::request::Request<tonic::body::Body>, http::response::Response<tonic::body::Body>, alloc::boxed::Box<dyn core::error::Error + core::marker::Send + core::marker::Sync>>, <tonic::transport::server::Server>::serve_internal<tonic::service::router::Routes, tonic::transport::server::incoming::TcpIncoming, core::future::ready::Ready<()>, tokio::net::tcp::stream::TcpStream, core::io::error::Error, tonic::body::Body>::{closure#0}::{closure#1}>, http::request::Request<hyper::body::incoming::Incoming>>, tonic::body::Body, hyper_util::rt::tokio::TokioExecutor>, alloc::sync::Arc<tokio::runtime::scheduler::multi_thread::handle::Handle>>
calls=401 0 
0 43709

fn=(6860) core::ptr::drop_glue::<http_body_util::combinators::map_err::MapErr<tonic::codec::encode::EncodeBody<tonic_prost::codec::ProstEncoder<devloop::echo::EchoRequest>, tokio_stream::stream_ext::map::Map<tokio_stream::once::Once<devloop::echo::EchoRequest>, core::result::Result<devloop::echo::EchoRequest, tonic::status::Status>::Ok>>, <tonic::status::Status>::map_error<tonic::status::Status>>>
0 401
cfn=(6862) core::ptr::drop_glue::<tonic::codec::encode::EncodeBody<tonic_prost::codec::ProstEncoder<devloop::echo::EchoRequest>, tokio_stream::stream_ext::map::Map<tokio_stream::once::Once<devloop::echo::EchoRequest>, core::result::Result<devloop::echo::EchoRequest, tonic::status::Status>::Ok>>>
calls=401 0 
0 10426

fn=(6876)
0 211353
cfn=(6878) <h2::hpack::decoder::Table>::get
calls=3985 0 
0 254253
0 95640
cfn=(6880)
calls=3985 0 
0 370605
0 19925
cfn=(6882)
calls=3985 0 
0 19925
0 11955
cfn=(6884) <h2::frame::headers::HeaderBlock>::load::{closure#0}
calls=3985 0 
0 966963
0 4185
cfn=(6888) <h2::hpack::decoder::Decoder>::decode_literal
calls=25 0 
0 36637
0 575
cfn=(6894) <h2::hpack::header::Header as core::clone::Clone>::clone
calls=25 0 
0 4626
0 3483
cfn=(6888)
calls=401 0 
0 451383
0 9624
cfn=(6880)
calls=401 0 
0 37293
0 2005
cfn=(6882)
calls=401 0 
0 2005
0 1203
cfn=(6884)
calls=401 0 
0 24060
0 450
cfn=(6698)
calls=23 0 
0 161
0 406
cfn=(6898) <alloc::collections::vec_deque::VecDeque<h2::hpack::header::Header>>::grow
calls=5 0 
0 3570
0 125
cfn=(6880)
calls=5 0 
0 465
0 460
cfn=(6880)
calls=20 0 
0 1860
0 125
cfn=(6882)
calls=25 0 
0 125
0 325
cfn=(6884)
calls=25 0 
0 7504
0 59348

fn=(6890) <h2::hpack::decoder::Decoder>::try_decode_string
0 25683
cfn=(6812)
calls=1 0 
0 462
0 271998
cfn=(6902) <bytes::bytes_mut::BytesMut as bytes::buf::buf_mut::BufMut>::put_slice
calls=403 0 
0 16523
0 2921
cfn=(6612)
calls=428 0 
0 19279
0 14124

fn=(6904) <http::header::name::HeaderName>::from_lowercase
0 123
cfn=(6664)
calls=2 0 
0 24
0 69
cob=(2)
cfi=(2)
cfn=(4206)
calls=1 0 
0 41
0 10
cob=(2)
cfi=(2)
cfn=(4532)
calls=1 0 
0 12
0 27

fn=(6926)
0 12431

fn=(6946)
0 95438

fn=(6970) <tower::util::either::Either<tower::limit::concurrency::service::ConcurrencyLimit<tonic::transport::service::grpc_timeout::GrpcTimeout<tonic::service::router::Routes>>, tonic::transport::service::grpc_timeout::GrpcTimeout<tonic::service::router::Routes>> as tower_service::Service<http::request::Request<tonic::body::Body>>>::poll_ready
0 7619

fn=(6986)
0 3208
cfn=(6988) <alloc::borrow::Cow<[u8]> as core::convert::From<percent_encoding::PercentDecode>>::from
calls=401 0 
0 26065
0 3609
cfn=(5048)
calls=401 0 
0 31250
0 5213

fn=(7004) <tonic::service::router::RoutesFuture as core::future::future::Future>::poll
0 15402
cfn=(7020) <axum::util::MapIntoResponseFuture<core::pin::Pin<alloc::boxed::Box<dyn core::future::future::Future<Output = core::result::Result<http::response::Response<tonic::body::Body>, core::convert::Infallible>> + core::marker::Send>>> as core::future::future::Future>::poll
calls=447 0 
0 2356067
0 3415
cfn=(7006) <tower::util::map_future::MapFuture<axum::util::MapIntoResponse<tower::util::map_request::MapRequest<devloop::adoption_rpc::Echo<pbrs_grpc::codec::prost::Message<pbrs_adoption_corpus::prost_types::EntityList>>, <tonic::service::router::Routes>::add_service<devloop::adoption_rpc::Echo<pbrs_grpc::codec::prost::Message<pbrs_adoption_corpus::prost_types::EntityList>>>::{closure#0}>>, <tower::util::boxed_clone_sync::BoxCloneSyncService<http::request::Request<axum_core::body::Body>, http::response::Response<axum_core::body::Body>, core::convert::Infallible>>::new<axum::util::MapIntoResponse<tower::util::map_request::MapRequest<devloop::adoption_rpc::Echo<pbrs_grpc::codec::prost::Message<pbrs_adoption_corpus::prost_types::EntityList>>, <tonic::service::router::Routes>::add_service<devloop::adoption_rpc::Echo<pbrs_grpc::codec::prost::Message<pbrs_adoption_corpus::prost_types::EntityList>>>::{closure#0}>>>::{closure#0}> as tower_service::Service<http::request::Request<axum_core::body::Body>>>::poll_ready
calls=401 0 
0 802
0 4010
cob=(2)
cfi=(2)
cfn=(4532)
calls=401 0 
0 11629
0 1203
cfn=(7008) <tower::util::map_future::MapFuture<axum::util::MapIntoResponse<tower::util::map_request::MapRequest<devloop::echo::echo_server::EchoServer<devloop::TonicEchod>, <tonic::service::router::Routes>::add_service<devloop::echo::echo_server::EchoServer<devloop::TonicEchod>>::{closure#0}>>, <tower::util::boxed_clone_sync::BoxCloneSyncService<http::request::Request<axum_core::body::Body>, http::response::Response<axum_core::body::Body>, core::convert::Infallible>>::new<axum::util::MapIntoResponse<tower::util::map_request::MapRequest<devloop::echo::echo_server::EchoServer<devloop::TonicEchod>, <tonic::service::router::Routes>::add_service<devloop::echo::echo_server::EchoServer<devloop::TonicEchod>>::{closure#0}>>>::{closure#0}> as tower_service::Service<http::request::Request<axum_core::body::Body>>>::call
calls=401 0 
0 392436
0 1604
cfn=(7016) core::ptr::drop_glue::<tower::util::oneshot::State<tower::util::boxed_clone_sync::BoxCloneSyncService<http::request::Request<axum_core::body::Body>, http::response::Response<axum_core::body::Body>, core::convert::Infallible>, http::request::Request<axum_core::body::Body>>>
calls=401 0 
0 42608
0 2807
cfn=(7020)
calls=401 0 
0 1227232
0 8020
cfn=(7016)
calls=401 0 
0 129490
0 32481
cfn=(7012) <http_body_util::combinators::map_err::MapErr<http_body_util::combinators::map_err::MapErr<http_body_util::combinators::map_frame::MapFrame<tonic::body::Body, <tonic::codec::decode::Streaming<pbrs_grpc::codec::prost::Message<pbrs_adoption_corpus::prost_types::EntityList>>>::new<tonic::body::Body, devloop::adoption_rpc::TonicCodec<pbrs_grpc::codec::prost::Message<pbrs_adoption_corpus::prost_types::EntityList>>>::{closure#0}>, <tonic::codec::decode::Streaming<pbrs_grpc::codec::prost::Message<pbrs_adoption_corpus::prost_types::EntityList>>>::new<tonic::body::Body, devloop::adoption_rpc::TonicCodec<pbrs_grpc::codec::prost::Message<pbrs_adoption_corpus::prost_types::EntityList>>>::{closure#1}>, <tonic::status::Status>::map_error<tonic::status::Status>> as http_body::Body>::is_end_stream
calls=401 0 
0 3208
0 10485
cob=(2)
cfi=(2)
cfn=(4206)
calls=401 0 
0 16441
0 10825

fn=(7006)
0 802

fn=(7010) <http::request::Request<axum_core::body::Body>>::map::<<tonic::body::Body>::new<axum_core::body::Body>, tonic::body::Body>
0 4812
cfn=(7012)
calls=401 0 
0 30144
0 2406
cob=(2)
cfi=(2)
cfn=(4206)
calls=401 0 
0 24620
0 5606
cob=(2)
cfi=(2)
cfn=(4532)
calls=400 0 
0 11600
0 6
cob=(2)
cfi=(2)
cfn=(4532)
calls=1 0 
0 29
0 4010

fn=(7046) <hyper::body::incoming::Incoming as http_body::Body>::poll_frame
0 50907
cfn=(7080)
calls=802 0 
0 134335
0 16224
cfn=(7048)
calls=2853 0 
0 582211
0 41441
cfn=(6956)
calls=802 0 
0 11228
0 12030
cfn=(7050)
calls=1203 0 
0 219037
0 48981
cfn=(7056) <hyper::proto::h2::ping::Recorder>::record_data
calls=1203 0 
0 20451
0 9624

fn=(7064)
0 19248

fn=(7070)
0 43709
cfn=(6882)
calls=802 0 
0 253139
0 10827

fn=(7088)
0 12040
cfn=(7624)
calls=1 0 
0 1924
cfn=(7236)
calls=401 0 
0 2406
cfn=(7118) core::ptr::drop_glue::<<devloop::echo::echo_server::EchoServer<devloop::TonicEchod> as tower_service::Service<http::request::Request<tonic::body::Body>>>::call::{closure#0}>
calls=401 0 
0 5213
cfn=(7087) core::ptr::drop_glue::<http_body_util::combinators::map_err::MapErr<http_body_util::combinators::map_err::MapErr<http_body_util::combinators::map_frame::MapFrame<tonic::body::Body, <tonic::codec::decode::Streaming<pbrs_grpc::codec::prost::Message<pbrs_adoption_corpus::prost_types::EntityList>>>::new<tonic::body::Body, devloop::adoption_rpc::TonicCodec<pbrs_grpc::codec::prost::Message<pbrs_adoption_corpus::prost_types::EntityList>>>::{closure#0}>, <tonic::codec::decode::Streaming<pbrs_grpc::codec::prost::Message<pbrs_adoption_corpus::prost_types::EntityList>>>::new<tonic::body::Body, devloop::adoption_rpc::TonicCodec<pbrs_grpc::codec::prost::Message<pbrs_adoption_corpus::prost_types::EntityList>>>::{closure#1}>, <tonic::status::Status>::map_error<tonic::status::Status>>>'2
calls=401 0 
0 183958
0 8428
cob=(2)
cfi=(2)
cfn=(4916)
calls=1204 0 
0 187488

fn=(7094)
0 2005
cfn=(7096) <h2::share::RecvStream as core::ops::drop::Drop>::drop
calls=401 0 
0 43709
0 802
cfn=(6856)
calls=401 0 
0 91428
0 4812
cfn=(7096)
calls=401 0 
0 43709
0 802
cfn=(6856)
calls=401 0 
0 443318
0 2807

fn=(7128) <http::header::map::HeaderMap>::try_entry2::<http::header::name::HeaderName>
0 4411
cfn=(6556)
calls=401 0 
0 10827
0 2406
cfn=(6558)
calls=401 0 
0 9624
0 17243

fn=(7130) <http::header::map::Entry<http::header::value::HeaderValue>>::or_try_insert_with::<hyper::common::date::update_and_header_value>
0 8822
cfn=(7132) hyper::common::date::update_and_header_value
calls=401 0 
0 94154
0 30075

fn=(7134) <std::sys::thread_local::native::lazy::Storage<core::cell::RefCell<hyper::common::date::CachedDate>, ()>>::get_or_init_slow::<hyper::common::date::CACHED::__rust_std_internal_init_fn>
0 52
cfn=(5182)
calls=4 0 
0 104
0 48
cfn=(7136) <hyper::common::date::CachedDate>::update
calls=4 0 
0 3610
0 152
cfn=(5422)
calls=4 0 
0 960
0 16

fn=(7150) <http_body_util::combinators::map_err::MapErr<tonic::body::Body, <axum_core::error::Error>::new<tonic::status::Status>> as http_body::Body>::size_hint
0 3208
cfn=(6684) <http_body_util::combinators::map_err::MapErr<http_body_util::combinators::map_err::MapErr<http_body_util::combinators::map_frame::MapFrame<tonic::body::Body, <tonic::codec::decode::Streaming<pbrs_grpc::codec::prost::Message<pbrs_adoption_corpus::prost_types::EntityList>>>::new<tonic::body::Body, devloop::adoption_rpc::TonicCodec<pbrs_grpc::codec::prost::Message<pbrs_adoption_corpus::prost_types::EntityList>>>::{closure#0}>, <tonic::codec::decode::Streaming<pbrs_grpc::codec::prost::Message<pbrs_adoption_corpus::prost_types::EntityList>>>::new<tonic::body::Body, devloop::adoption_rpc::TonicCodec<pbrs_grpc::codec::prost::Message<pbrs_adoption_corpus::prost_types::EntityList>>>::{closure#1}>, <tonic::status::Status>::map_error<tonic::status::Status>> as http_body::Body>::size_hint
calls=401 0 
0 1604
0 1203

fn=(7172)
0 20852
cob=(2)
cfi=(2)
cfn=(4916)
calls=401 0 
0 27681
0 24060
cfn=(6834) core::ptr::drop_glue::<http::header::map::IntoIter<http::header::value::HeaderValue>>
calls=802 0 
0 90225
0 17644
cfn=(6556)
calls=401 0 
0 10827
0 3208
cfn=(6558)
calls=401 0 
0 32080
0 45714

fn=(7186) core::ptr::drop_glue::<http_body_util::combinators::map_err::MapErr<tonic::codec::encode::EncodeBody<tonic_prost::codec::ProstEncoder<devloop::echo::EchoReply>, tokio_stream::once::Once<core::result::Result<devloop::echo::EchoReply, tonic::status::Status>>>, <tonic::status::Status>::map_error<tonic::status::Status>>>
0 401
cfn=(7188) core::ptr::drop_glue::<tonic::codec::encode::EncodeBody<tonic_prost::codec::ProstEncoder<devloop::echo::EchoReply>, tokio_stream::once::Once<core::result::Result<devloop::echo::EchoReply, tonic::status::Status>>>>
calls=401 0 
0 10827

fn=(7188)
0 10827

fn=(7218) core::ptr::drop_glue::<tokio::sync::oneshot::Receiver<core::result::Result<http::response::Response<hyper::body::incoming::Incoming>, hyper::error::Error>>>
0 4812

fn=(7226) core::ptr::drop_glue::<tonic::transport::service::grpc_timeout::ResponseFuture<tower::util::either::EitherResponseFuture<tower::limit::concurrency::future::ResponseFuture<tower::util::either::EitherResponseFuture<tonic::transport::channel::service::reconnect::ResponseFuture<core::pin::Pin<alloc::boxed::Box<dyn core::future::future::Future<Output = core::result::Result<http::response::Response<tonic::body::Body>, alloc::boxed::Box<dyn core::error::Error + core::marker::Send + core::marker::Sync>>> + core::marker::Send>>>, tonic::transport::channel::service::reconnect::ResponseFuture<core::pin::Pin<alloc::boxed::Box<dyn core::future::future::Future<Output = core::result::Result<http::response::Response<tonic::body::Body>, alloc::boxed::Box<dyn core::error::Error + core::marker::Send + core::marker::Sync>>> + core::marker::Send>>>>>, tower::util::either::EitherResponseFuture<tonic::transport::channel::service::reconnect::ResponseFuture<core::pin::Pin<alloc::boxed::Box<dyn core::future::future::Future<Output = core::result::Result<http::response::Response<tonic::body::Body>, alloc::boxed::Box<dyn core::error::Error + core::marker::Send + core::marker::Sync>>> + core::marker::Send>>>, tonic::transport::channel::service::reconnect::ResponseFuture<core::pin::Pin<alloc::boxed::Box<dyn core::future::future::Future<Output = core::result::Result<http::response::Response<tonic::body::Body>, alloc::boxed::Box<dyn core::error::Error + core::marker::Send + core::marker::Sync>>> + core::marker::Send>>>>>>>
0 2005
cfn=(7228) core::ptr::drop_glue::<tower::util::either::EitherResponseFuture<tower::limit::concurrency::future::ResponseFuture<tower::util::either::EitherResponseFuture<tonic::transport::channel::service::reconnect::ResponseFuture<core::pin::Pin<alloc::boxed::Box<dyn core::future::future::Future<Output = core::result::Result<http::response::Response<tonic::body::Body>, alloc::boxed::Box<dyn core::error::Error + core::marker::Send + core::marker::Sync>>> + core::marker::Send>>>, tonic::transport::channel::service::reconnect::ResponseFuture<core::pin::Pin<alloc::boxed::Box<dyn core::future::future::Future<Output = core::result::Result<http::response::Response<tonic::body::Body>, alloc::boxed::Box<dyn core::error::Error + core::marker::Send + core::marker::Sync>>> + core::marker::Send>>>>>, tower::util::either::EitherResponseFuture<tonic::transport::channel::service::reconnect::ResponseFuture<core::pin::Pin<alloc::boxed::Box<dyn core::future::future::Future<Output = core::result::Result<http::response::Response<tonic::body::Body>, alloc::boxed::Box<dyn core::error::Error + core::marker::Send + core::marker::Sync>>> + core::marker::Send>>>, tonic::transport::channel::service::reconnect::ResponseFuture<core::pin::Pin<alloc::boxed::Box<dyn core::future::future::Future<Output = core::result::Result<http::response::Response<tonic::body::Body>, alloc::boxed::Box<dyn core::error::Error + core::marker::Send + core::marker::Sync>>> + core::marker::Send>>>>>>
calls=401 0 
0 106166
0 2807

fn=(7238) <tonic::status::Status>::from_header_map
0 8020
cfn=(6720) <http::header::map::HeaderMap>::get::<http::header::name::HeaderName>
calls=802 0 
0 138345
0 2807
cfn=(7274) <tonic::status::Code>::from_bytes
calls=401 0 
0 3609
0 1604
cfn=(6720)
calls=401 0 
0 59749
0 4812
cfn=(6720)
calls=401 0 
0 77794
0 4812
cfn=(7170)
calls=401 0 
0 162514
0 1604
cfn=(6682)
calls=401 0 
0 121503
0 2807
cfn=(5778)
calls=401 0 
0 3609
0 1604
cfn=(6682)
calls=401 0 
0 11228
0 2406
cfn=(6682)
calls=401 0 
0 11228
0 18045
cob=(2)
cfi=(2)
cfn=(4206)
calls=401 0 
0 16601
0 4805
cob=(2)
cfi=(2)
cfn=(4532)
calls=400 0 
0 11600
0 5
cob=(2)
cfi=(2)
cfn=(4532)
calls=1 0 
0 29
0 6817

fn=(7506) <&mut serde_json::ser::Serializer<&mut alloc::vec::Vec<u8>> as serde_core::ser::Serializer>::serialize_str
0 2394
cob=(2)
cfi=(2)
cfn=(4532)
calls=21 0 
0 258
0 365
cfn=(5740)
calls=1 0 
0 660
0 12
cfn=(5740)
calls=1 0 
0 414
0 5

fn=(7508) <serde_json::ser::Compound<&mut alloc::vec::Vec<u8>, serde_json::ser::CompactFormatter> as serde_core::ser::SerializeStruct>::serialize_field::<u64>
0 439
cfn=(7506)
calls=17 0 
0 3562
0 3
cfn=(7506)
calls=1 0 
0 136
0 216
cfn=(7510)
calls=18 0 
0 378
0 252
cob=(2)
cfi=(2)
cfn=(4532)
calls=18 0 
0 265
0 198

fn=(7518) std::io::stdio::print_to_buffer_if_capture_used
0 20

fn=(7530)
0 11

fn=(7540)
0 40
cfn=(6496)
calls=1 0 
0 55
0 9
cfn=(6496)
calls=3 0 
0 127
0 18

fn=(7544) <tokio::runtime::task::core::Core<tonic::transport::server::serve_connection<tonic::body::Body, hyper_util::rt::tokio::TokioIo<tonic::transport::server::service::io::ServerIo<tokio::net::tcp::stream::TcpStream>>, hyper_util::service::glue::TowerToHyperService<tower::util::map_request::MapRequest<tower::util::boxed_clone::BoxCloneService<http::request::Request<tonic::body::Body>, http::response::Response<tonic::body::Body>, alloc::boxed::Box<dyn core::error::Error + core::marker::Send + core::marker::Sync>>, <tonic::transport::server::Server>::serve_internal<tonic::service::router::Routes, tonic::transport::server::incoming::TcpIncoming, core::future::ready::Ready<()>, tokio::net::tcp::stream::TcpStream, core::io::error::Error, tonic::body::Body>::{closure#0}::{closure#1}>>, hyper_util::rt::tokio::TokioExecutor>::{closure#0}, alloc::sync::Arc<tokio::runtime::scheduler::current_thread::Handle>>>::set_stage
0 76
cfn=(7546)
calls=1 0 
0 11368
0 19
cob=(2)
cfi=(2)
cfn=(4532)
calls=3 0 
0 732
0 36

fn=(7552) core::ptr::drop_glue::<h2::proto::connection::Connection<hyper::common::io::compat::Compat<hyper_util::common::rewind::Rewind<hyper_util::rt::tokio::TokioIo<tonic::transport::server::service::io::ServerIo<tokio::net::tcp::stream::TcpStream>>>>, h2::server::Peer, hyper::proto::h2::SendBuf<bytes::bytes::Bytes>>>
0 10
cfn=(7554)
calls=1 0 
0 990
0 2
cfn=(7572)
calls=1 0 
0 7385
0 2
cfn=(7584)
calls=1 0 
0 1686
0 2
cfn=(7586)
calls=1 0 
0 10
0 6
cfn=(7588)
calls=1 0 
0 1076

fn=(7554)
0 84
cfn=(7556) <core::io::error::Error>::new::<&str>
calls=2 0 
0 380
0 6
cfn=(7558) <h2::proto::error::Error as core::convert::From<core::io::error::Error>>::from
calls=2 0 
0 1064
0 66
cfn=(7568)
calls=2 0 
0 212
0 66

fn=(7634) core::ptr::drop_glue::<hyper::client::dispatch::Receiver<http::request::Request<tonic::body::Body>, http::response::Response<hyper::body::incoming::Incoming>>>
0 16
cfn=(7636)
calls=1 0 
0 180
0 16

fn=(7638)
0 363

fn=(7642)
0 10
cfn=(7644)
calls=1 0 
0 701
0 7
cfn=(7650)
calls=1 0 
0 2485
0 4
cob=(2)
cfi=(2)
cfn=(4916)
calls=1 0 
0 65
0 14
cfn=(7670) <alloc::sync::Arc<std::sync::poison::mutex::Mutex<core::option::Option<tower::buffer::error::ServiceError>>>>::drop_slow
calls=1 0 
0 133

fn=(7658)
0 11
cob=(2)
cfi=(2)
cfn=(4916)
calls=1 0 
0 65

fn=(7672) tokio::runtime::task::raw::shutdown::<devloop::rpc_tonic_unary::{closure#0}::{closure#0}, alloc::sync::Arc<tokio::runtime::scheduler::multi_thread::handle::Handle>>
0 20
cfn=(7674)
calls=1 0 
0 4315
0 9
cfn=(7674)
calls=1 0 
0 249
0 2
cfn=(7698)
calls=1 0 
0 553
0 4

fn=(7690) <alloc::sync::Arc<axum::routing::RouterInner<()>>>::drop_slow
0 8
cfn=(7692)
calls=1 0 
0 527
0 5
cfn=(7694) <alloc::sync::Arc<axum::routing::path_router::Node>>::drop_slow
calls=1 0 
0 858
0 2
cfn=(7692)
calls=1 0 
0 353
0 5
cfn=(7694)
calls=1 0 
0 1022
0 23
cob=(2)
cfi=(2)
cfn=(4916)
calls=1 0 
0 73

fn=(7704) <alloc::sync::Arc<tokio::runtime::scheduler::multi_thread::worker::Worker>>::drop_slow
0 80
cob=(2)
cfi=(2)
cfn=(4916)
calls=4 0 
0 310

fn=(7888)
0 25
cfn=(6674)
calls=1 0 
0 52
0 13
cob=(2)
cfi=(2)
cfn=(4916)
calls=1 0 
0 117

fn=(7974)
0 10
cfn=(7976) core::ptr::drop_glue::<alloc::collections::vec_deque::VecDeque<tokio::runtime::blocking::pool::Task>>
calls=1 0 
0 101
0 14
cfn=(7980) <alloc::sync::Arc<dyn core::ops::function::Fn<(), Output = ()> + core::marker::Send + core::marker::Sync>>::drop_slow
calls=1 0 
0 144
0 14

fn=(7988) <std::sync::once_lock::OnceLock<std::sync::reentrant_lock::ReentrantLock<core::cell::RefCell<alloc::io::buffered::linewriter::LineWriter<std::io::stdio::StdoutRaw>>>>>::initialize::<<std::sync::once_lock::OnceLock<std::sync::reentrant_lock::ReentrantLock<core::cell::RefCell<alloc::io::buffered::linewriter::LineWriter<std::io::stdio::StdoutRaw>>>>>::get_or_init<std::io::stdio::cleanup::{closure#0}>::{closure#0}, !>
0 20
cfn=(7985) <std::sys::sync::once::futex::Once>::call'2
calls=1 0 
0 63
0 3

fn=(6524)
0 30075

fn=(4140) std::sys::args::unix::imp::ARGV_INIT_ARRAY::init_wrapper
0 4

fn=(5104) std::thread::functions::available_parallelism
0 10
cob=(2)
cfi=(2)
cfn=(4206)
calls=1 0 
0 187
0 51
cfn=(5106)
calls=1 0 
0 109
0 6
cfn=(5110) std::fs::buffer_capacity_required
calls=1 0 
0 166
0 11
cfn=(5118)
calls=1 0 
0 221
0 4
cob=(2)
cfi=(2)
cfn=(5122) close
calls=1 0 
0 30
0 117
cob=(2)
cfi=(2)
cfn=(4916)
calls=1 0 
0 65
0 15
cob=(2)
cfi=(2)
cfn=(5154) sched_getaffinity
calls=1 0 
0 40
0 158
cob=(2)
cfi=(2)
cfn=(4206)
calls=1 0 
0 187
0 10
cob=(2)
cfi=(2)
cfn=(4206)
calls=1 0 
0 190
0 37
cfn=(5124)
calls=1 0 
0 252
0 4
cfn=(5126)
calls=1 0 
0 425
0 13
cfn=(5134)
calls=1 0 
0 1143
0 7
cfn=(5134)
calls=1 0 
0 901
0 33
cob=(2)
cfi=(2)
cfn=(4532)
calls=1 0 
0 10
0 66
cfn=(5106)
calls=1 0 
0 109
0 10
cfn=(5150) <&std::fs::File as alloc::io::read::Read>::read_to_string
calls=1 0 
0 574
0 4
cob=(2)
cfi=(2)
cfn=(5122)
calls=1 0 
0 30
0 4
cfn=(5126)
calls=1 0 
0 359
0 2
cfn=(5126)
calls=1 0 
0 331
0 395
cob=(2)
cfi=(2)
cfn=(4916)
calls=1 0 
0 65
0 4
cob=(2)
cfi=(2)
cfn=(4916)
calls=1 0 
0 65
0 2

fn=(5472)
0 376
cfn=(5474) <alloc::ffi::c_str::CString>::_from_vec_unchecked
calls=4 0 
0 610
0 16

fn=(5474)
0 92
cfn=(5414)
calls=4 0 
0 494
0 24

fn=(5678) <core::net::socket_addr::SocketAddr>::parse_ascii
0 14
cfn=(5680) <core::net::parser::Parser>::read_ipv4_addr
calls=1 0 
0 145
0 52

fn=(5710)
0 33296

fn=(5714)
0 35749

fn=(5772)
0 15
cob=(2)
cfi=(2)
cfn=(4206)
calls=1 0 
0 250
0 16
cfn=(5048)
calls=1 0 
0 76
0 10
cob=(2)
cfi=(2)
cfn=(4206)
calls=1 0 
0 187
0 10
cob=(2)
cfi=(2)
cfn=(4532)
calls=1 0 
0 10
0 5
cfn=(5778)
calls=1 0 
0 148
0 11
cob=(2)
cfi=(2)
cfn=(4206)
calls=1 0 
0 41
0 10
cob=(2)
cfi=(2)
cfn=(4532)
calls=1 0 
0 10
0 13
cfn=(5780) <http::uri::Uri>::from_shared
calls=1 0 
0 667
0 4
cob=(2)
cfi=(2)
cfn=(4916)
calls=1 0 
0 65
0 36
cfn=(5790) <tonic::transport::channel::endpoint::Endpoint>::new_uri
calls=1 0 
0 207
0 10

fn=(5818)
0 41
cfn=(5820) <tonic::transport::channel::service::connector::Connector<hyper_util::client::legacy::connect::http::HttpConnector> as tower_service::Service<http::uri::Uri>>::call::{closure#0}
calls=1 0 
0 838
0 3
cfn=(5820)
calls=1 0 
0 2723
0 20
cfn=(6452) core::ptr::drop_glue::<<tonic::transport::channel::service::connector::Connector<tonic::transport::channel::uds_connector::UdsConnector> as tower_service::Service<http::uri::Uri>>::call::{closure#0}>
calls=1 0 
0 12
0 4
cob=(2)
cfi=(2)
cfn=(4916)
calls=1 0 
0 65
0 57
cfn=(6454) <hyper::client::conn::http2::Builder<tonic::transport::channel::service::executor::SharedExec>>::handshake::<tonic::transport::channel::service::io::BoxedIo, tonic::body::Body>::{closure#0}
calls=1 0 
0 7978
0 11
cob=(2)
cfi=(2)
cfn=(4532)
calls=1 0 
0 29
0 2
cfn=(6500) core::ptr::drop_glue::<<hyper::client::conn::http2::Builder<tonic::transport::channel::service::executor::SharedExec>>::handshake<tonic::transport::channel::service::io::BoxedIo, tonic::body::Body>::{closure#0}>
calls=1 0 
0 17
0 6
cob=(2)
cfi=(2)
cfn=(4532)
calls=1 0 
0 29
0 8
cob=(2)
cfi=(2)
cfn=(4206)
calls=1 0 
0 328
0 12
cob=(2)
cfi=(2)
cfn=(4532)
calls=1 0 
0 76
0 7
cob=(2)
cfi=(2)
cfn=(4206)
calls=1 0 
0 187
0 15
cfn=(6486)
calls=1 0 
0 783
0 41

fn=(5820)
0 50
cfn=(5822) <hyper_util::client::legacy::connect::http::HttpConnector as tower_service::Service<http::uri::Uri>>::call::{closure#0}
calls=1 0 
0 529
0 2
cfn=(5822)
calls=1 0 
0 2679
0 28
cfn=(6450) core::ptr::drop_glue::<<hyper_util::client::legacy::connect::http::HttpConnector as tower_service::Service<http::uri::Uri>>::call::{closure#0}>
calls=1 0 
0 13
0 4
cob=(2)
cfi=(2)
cfn=(4916)
calls=1 0 
0 170
0 8
cob=(2)
cfi=(2)
cfn=(4206)
calls=1 0 
0 41
0 37

fn=(5832) <http::uri::authority::Authority>::port
0 14
cfn=(5830)
calls=1 0 
0 72
0 122

fn=(6042) <std::sys::thread::unix::Thread>::new::thread_start
0 86
cob=(2)
cfi=(2)
cfn=(6050) pthread_setspecific
calls=3 0 
0 99
0 67
cfn=(6044)
calls=1 0 
0 93
0 3
cob=(2)
cfi=(2)
cfn=(6050)
calls=1 0 
0 33
0 22
cob=(2)
cfi=(2)
cfn=(4532)
calls=4 0 
0 48
0 12
cob=(2)
cfi=(2)
cfn=(4194)
calls=4 0 
0 8
0 12
cob=(2)
cfi=(2)
cfn=(6052) pthread_setname_np
calls=4 0 
0 212
0 24
cob=(2)
cfi=(2)
cfn=(4916)
calls=4 0 
0 5265
0 8
cfn=(5010)
calls=4 0 
0 6844
0 12
cfn=(6150)
calls=4 0 
0 45151760
0 16
cob=(2)
cfi=(2)
cfn=(4916)
calls=4 0 
0 312
0 8
cfn=(7720) <std::sys::pal::unix::stack_overflow::Handler as core::ops::drop::Drop>::drop
calls=4 0 
0 1946
0 32

fn=(6162) <tokio::runtime::metrics::worker::WorkerMetrics>::set_thread_id
0 132

fn=(6176) <tonic::transport::server::Server>::add_service::<devloop::echo::echo_server::EchoServer<devloop::TonicEchod>>
0 77
cfn=(6178) <tonic::service::router::Routes as core::default::Default>::default
calls=1 0 
0 11486
0 12
cfn=(5718) alloc::fmt::format::format_inner
calls=1 0 
0 824
0 14
cfn=(6226)
calls=1 0 
0 172
0 2
cob=(2)
cfi=(2)
cfn=(4206)
calls=1 0 
0 41
0 24
cfn=(6242)
calls=1 0 
0 4853
0 8
cob=(2)
cfi=(2)
cfn=(4532)
calls=1 0 
0 29
0 4
cob=(2)
cfi=(2)
cfn=(4206)
calls=1 0 
0 41
0 10
cob=(2)
cfi=(2)
cfn=(4532)
calls=1 0 
0 29
0 4
cob=(2)
cfi=(2)
cfn=(4916)
calls=1 0 
0 73
0 78

fn=(6182) <axum::routing::Endpoint<()> as core::clone::Clone>::clone
0 65
cfn=(6228)
calls=1 0 
0 220
0 9
cfn=(6184)
calls=1 0 
0 3
0 49
cob=(2)
cfi=(2)
cfn=(4532)
calls=1 0 
0 29
0 19

fn=(6186) <axum::routing::path_router::PathRouter<(), true>>::replace_endpoint
0 68
cfn=(6188) <axum::routing::path_router::Node>::at
calls=4 0 
0 442
0 32
cob=(2)
cfi=(2)
cfn=(4532)
calls=2 0 
0 128
0 10
cfn=(6216) <hashbrown::map::HashMap<axum::routing::RouteId, axum::routing::Endpoint<()>, std::hash::random::RandomState>>::insert
calls=2 0 
0 618
0 18
cob=(2)
cfi=(2)
cfn=(4532)
calls=2 0 
0 104
0 8
cfn=(6194)
calls=2 0 
0 264
0 86
cob=(2)
cfi=(2)
cfn=(4206)
calls=2 0 
0 420
0 22
cob=(2)
cfi=(2)
cfn=(4532)
calls=2 0 
0 25
0 4
cob=(2)
cfi=(2)
cfn=(4206)
calls=2 0 
0 420
0 20
cob=(2)
cfi=(2)
cfn=(4532)
calls=2 0 
0 25
0 12
cfn=(6196)
calls=2 0 
0 347
0 6
cfn=(6198)
calls=2 0 
0 739
0 161
cfn=(6202)
calls=1 0 
0 386
0 21
cfn=(6202)
calls=1 0 
0 1189
0 40
cob=(2)
cfi=(2)
cfn=(4916)
calls=2 0 
0 146
0 52
cob=(2)
cfi=(2)
cfn=(4206)
calls=2 0 
0 254
0 32
cob=(2)
cfi=(2)
cfn=(4532)
calls=2 0 
0 25
0 4
cob=(2)
cfi=(2)
cfn=(4916)
calls=2 0 
0 146
0 20
cfn=(6206)
calls=2 0 
0 236
0 128
cfn=(6212) <std::hash::random::RandomState as core::hash::BuildHasher>::hash_one::<&alloc::sync::Arc<str>>
calls=2 0 
0 392
0 126
cob=(2)
cfi=(2)
cfn=(4532)
calls=2 0 
0 128
0 10
cfn=(6216)
calls=2 0 
0 976
0 11
cfn=(6210)
calls=1 0 
0 326
0 6
cfn=(6214)
calls=1 0 
0 326
0 5

fn=(6188)
0 17813
cob=(2)
cfi=(2)
cfn=(5140)
calls=404 0 
0 7291
0 813
cob=(2)
cfi=(2)
cfn=(5140)
calls=1 0 
0 9
0 20976
cfn=(6232) <matchit::params::Params>::push
calls=402 0 
0 9246
0 13704
cfn=(6230) <matchit::params::Params>::for_each_key_mut::<<matchit::tree::Node<axum::routing::RouteId>>::at::{closure#0}>
calls=1 0 
0 8
0 3

fn=(6230)
0 8

fn=(6244) <tonic::transport::server::Router>::serve_with_incoming::<tokio_stream::wrappers::tcp_listener::TcpListenerStream, tokio::net::tcp::stream::TcpStream, core::io::error::Error, tonic::body::Body>::{closure#0}
0 52
cob=(2)
cfi=(2)
cfn=(4532)
calls=1 0 
0 29
0 13
cfn=(6246) <tonic::service::router::Routes>::prepare
calls=1 0 
0 3334
0 8
cob=(2)
cfi=(2)
cfn=(4532)
calls=1 0 
0 29
0 5
cob=(2)
cfi=(2)
cfn=(4532)
calls=1 0 
0 29
0 30
cob=(2)
cfi=(2)
cfn=(4532)
calls=1 0 
0 29
0 9
cob=(2)
cfi=(2)
cfn=(4532)
calls=1 0 
0 52
0 5
cob=(2)
cfi=(2)
cfn=(4532)
calls=1 0 
0 52
0 11
cob=(2)
cfi=(2)
cfn=(4532)
calls=1 0 
0 29
0 103
cob=(2)
cfi=(2)
cfn=(4532)
calls=1 0 
0 29
0 7
cob=(2)
cfi=(2)
cfn=(4532)
calls=1 0 
0 29
0 2
cob=(2)
cfi=(2)
cfn=(4206)
calls=1 0 
0 41
0 42
cob=(2)
cfi=(2)
cfn=(4532)
calls=1 0 
0 29
0 2
cob=(2)
cfi=(2)
cfn=(4206)
calls=1 0 
0 342
0 17
cob=(2)
cfi=(2)
cfn=(4968)
calls=1 0 
0 35
0 13
cob=(2)
cfi=(2)
cfn=(4206)
calls=1 0 
0 41
0 134
cfn=(6300) <tokio::net::tcp::listener::TcpListener>::poll_accept
calls=1 0 
0 905
0 35
cfn=(6300)
calls=2 0 
0 535
0 38
cfn=(6360)
calls=1 0 
0 469
0 163
cob=(2)
cfi=(2)
cfn=(4532)
calls=1 0 
0 244
0 11
cob=(2)
cfi=(2)
cfn=(4532)
calls=1 0 
0 244
0 21
cob=(2)
cfi=(2)
cfn=(4532)
calls=1 0 
0 244
0 13
cob=(2)
cfi=(2)
cfn=(4532)
calls=1 0 
0 244
0 10
cob=(2)
cfi=(2)
cfn=(5214)
calls=1 0 
0 559
0 12
cob=(2)
cfi=(2)
cfn=(4532)
calls=1 0 
0 256
0 5
cfn=(5710)
calls=1 0 
0 82
0 12
cfn=(5712)
calls=1 0 
0 52
0 66

fn=(6340)
0 126852
cfn=(6438)
calls=1 0 
0 63
cfn=(6342)
calls=1659 0 
0 145573
0 28793

fn=(6388)
0 85
cfn=(6390) <h2::server::Connection<hyper::common::io::compat::Compat<hyper_util::common::rewind::Rewind<hyper_util::rt::tokio::TokioIo<tonic::transport::server::service::io::ServerIo<tokio::net::tcp::stream::TcpStream>>>>, hyper::proto::h2::SendBuf<bytes::bytes::Bytes>>>::handshake2
calls=1 0 
0 1823
0 12
cob=(2)
cfi=(2)
cfn=(4532)
calls=1 0 
0 148
0 29

fn=(6396)
0 273

fn=(6400)
0 130998
cfn=(6402) <tokio::net::tcp::stream::TcpStream>::poll_write_vectored_priv
calls=406 0 
0 70635
0 20212
cfn=(6426)
calls=2059 0 
0 55431
0 93996
cfn=(6402)
calls=401 0 
0 69774
0 2807
cfn=(7068)
calls=401 0 
0 11629
0 39537

fn=(6404)
0 27686

fn=(6458) hyper::proto::h2::client::new_builder
0 69

fn=(6462)
0 18
cfn=(6302)
calls=1 0 
0 60
0 17
cob=(2)
cfi=(2)
cfn=(6464) send
calls=1 0 
0 59
0 20

fn=(6474) <tracing_core::subscriber::NoSubscriber as tracing_core::subscriber::Subscriber>::current_span
0 1209

fn=(6496)
0 45296
cob=(2)
cfi=(2)
cfn=(6418)
calls=868 0 
0 9548
0 2955
cfn=(7072) <mio::sys::unix::waker::Waker>::wake
calls=591 0 
0 50235
0 4142

fn=(6502)
0 19

fn=(6536) <hashbrown::raw::RawTable<(core::any::TypeId, alloc::boxed::Box<dyn http::extensions::AnyClone + core::marker::Send + core::marker::Sync>)>>::reserve_rehash::<hashbrown::map::make_hasher<core::any::TypeId, alloc::boxed::Box<dyn http::extensions::AnyClone + core::marker::Send + core::marker::Sync>, core::hash::BuildHasherDefault<http::extensions::IdHasher>>::{closure#0}>
0 42506
cob=(2)
cfi=(2)
cfn=(4206)
calls=802 0 
0 93732
0 17612
cob=(2)
cfi=(2)
cfn=(4968)
calls=800 0 
0 8000
0 28
cob=(2)
cfi=(2)
cfn=(4968)
calls=2 0 
0 20
0 17644

fn=(6558)
0 736637

fn=(6594) <h2::proto::streams::prioritize::Prioritize>::pop_pending_open
0 114776
cfn=(6626)
calls=6040 0 
0 48270
0 33759
cfn=(6342)
calls=401 0 
0 36491
0 61613

fn=(6606) <h2::proto::connection::Connection<hyper::common::io::compat::Compat<tonic::transport::channel::service::io::BoxedIo>, h2::client::Peer, hyper::proto::h2::SendBuf<bytes::bytes::Bytes>>>::poll
0 233404
cfn=(6588) <h2::proto::streams::recv::Recv>::clear_expired_reset_streams
calls=1978 0 
0 33626
0 164340
cfn=(6392)
calls=1 0 
0 172
0 55
cfn=(6618)
calls=1 0 
0 47
0 220678
cfn=(6610)
calls=1207 0 
0 120184
0 71076
cfn=(6608)
calls=2839 0 
0 569922
0 45098
cfn=(6610)
calls=861 0 
0 172708
0 36894
cfn=(6614)
calls=1207 0 
0 1385631
0 32823
cob=(2)
cfi=(2)
cfn=(4532)
calls=1207 0 
0 35003
0 42378
cob=(2)
cfi=(2)
cfn=(4532)
calls=1207 0 
0 35003
0 15691
cob=(2)
cfi=(2)
cfn=(4532)
calls=1207 0 
0 35003
0 4828
cfn=(6616) <h2::proto::connection::DynConnection<hyper::proto::h2::SendBuf<bytes::bytes::Bytes>>>::recv_frame
calls=1207 0 
0 1311273
0 29071
cfn=(6778) <h2::proto::streams::recv::Recv>::apply_local_settings
calls=1 0 
0 120
0 14501
cob=(2)
cfi=(2)
cfn=(4532)
calls=1207 0 
0 35003
0 50750
cfn=(6628)
calls=401 0 
0 227768
0 168593
cfn=(6628)
calls=1978 0 
0 484943
0 75164
cfn=(6624) <h2::proto::streams::prioritize::Prioritize>::reclaim_frame::<hyper::common::io::compat::Compat<tonic::transport::channel::service::io::BoxedIo>, hyper::proto::h2::SendBuf<bytes::bytes::Bytes>>
calls=1978 0 
0 63296
0 67279
cfn=(6624)
calls=2379 0 
0 226891
0 56028
cfn=(6594)
calls=3181 0 
0 186241
0 8367
cfn=(6798) <h2::proto::streams::store::Queue<h2::proto::streams::stream::NextSend>>::push_front
calls=401 0 
0 19649
0 1203
cfn=(6760)
calls=401 0 
0 84611
0 22267
cfn=(6596)
calls=3181 0 
0 943857
0 11174
cob=(2)
cfi=(2)
cfn=(4532)
calls=1203 0 
0 76992
0 13634
cob=(2)
cfi=(2)
cfn=(4532)
calls=802 0 
0 51328
0 2005
cob=(2)
cfi=(2)
cfn=(4532)
calls=401 0 
0 25664
0 4812
cfn=(6392)
calls=1203 0 
0 1813331
0 8421
cfn=(6624)
calls=1203 0 
0 62155
0 1209
cfn=(6392)
calls=1 0 
0 118
0 5
cfn=(6470)
calls=1 0 
0 19
0 35606
cfn=(6304)
calls=1978 0 
0 13846
0 11480
cfn=(6762)
calls=795 0 
0 6360
0 57362

fn=(6616)
0 91540
cfn=(6940)
calls=1203 0 
0 36090
0 70977
cfn=(6942)
calls=1203 0 
0 572837
0 16662
cob=(2)
cfi=(2)
cfn=(4532)
calls=1203 0 
0 62556
0 9624
cob=(2)
cfi=(2)
cfn=(4532)
calls=1203 0 
0 76992
0 34887
cfn=(6706)
calls=1203 0 
0 143157
0 38909
cfn=(6620)
calls=3 0 
0 243
0 34902
cfn=(6918)
calls=1203 0 
0 20451
0 24461
cfn=(6938) <h2::proto::streams::streams::Actions>::reset_on_recv_stream_err::<hyper::proto::h2::SendBuf<bytes::bytes::Bytes>>
calls=802 0 
0 19248
0 3208
cfn=(6938)
calls=401 0 
0 9624
0 9624
cfn=(6804)
calls=1203 0 
0 68571
0 25263
cfn=(6912)
calls=401 0 
0 12832
0 4010
cfn=(6692) <h2::proto::streams::stream::Stream>::new
calls=401 0 
0 38897
0 1203
cfn=(6914) <h2::proto::streams::store::VacantEntry>::insert
calls=401 0 
0 74101
0 26466
cob=(2)
cfi=(2)
cfn=(4532)
calls=1203 0 
0 62556
0 6015
cfn=(6918)
calls=1203 0 
0 20451
0 9624
cfn=(6918)
calls=1203 0 
0 20451
0 17315
cob=(2)
cfi=(2)
cfn=(4532)
calls=401 0 
0 25664
0 2005
cfn=(7272) <h2::proto::streams::recv::Recv>::recv_trailers
calls=401 0 
0 111879
0 4411
cob=(2)
cfi=(2)
cfn=(4532)
calls=802 0 
0 51328
0 4812
cfn=(6920) <h2::proto::streams::recv::Recv>::recv_headers
calls=802 0 
0 982251
0 12431
cfn=(6938)
calls=1203 0 
0 28872
0 9624
cfn=(6804)
calls=1203 0 
0 121904
0 54255
cob=(2)
cfi=(2)
cfn=(6418)
calls=24 0 
0 264
0 26627

fn=(6624)
0 122428
cfn=(7070)
calls=802 0 
0 162392
0 67522

fn=(6626)
0 48282

fn=(6636) <hyper::client::conn::http2::Connection<tonic::transport::channel::service::io::BoxedIo, tonic::body::Body, tonic::transport::channel::service::executor::SharedExec> as core::future::future::Future>::poll
0 17986
cfn=(6638) <h2::client::SendRequest<hyper::proto::h2::SendBuf<bytes::bytes::Bytes>>>::poll_ready
calls=782 0 
0 65688
0 2406
cfn=(6638)
calls=401 0 
0 33684
0 37856
cfn=(6642)
calls=1183 0 
0 60196
0 9043
cfn=(6644) <tokio::sync::task::atomic_waker::AtomicWaker>::register_by_ref
calls=782 0 
0 37806
0 3128
cfn=(6642)
calls=782 0 
0 23604
0 7098
cob=(2)
cfi=(2)
cfn=(4532)
calls=401 0 
0 11629
0 6416
cob=(2)
cfi=(2)
cfn=(4532)
calls=401 0 
0 11629
0 2807
cfn=(6676)
calls=401 0 
0 11629
0 2005
cob=(2)
cfi=(2)
cfn=(4532)
calls=401 0 
0 11629
0 2807
cob=(2)
cfi=(2)
cfn=(4532)
calls=401 0 
0 11629
0 7218
cob=(2)
cfi=(2)
cfn=(4532)
calls=401 0 
0 11629
0 2807
cfn=(6680)
calls=401 0 
0 241001
0 2406
cfn=(6684)
calls=401 0 
0 1604
0 3609
cfn=(6686)
calls=401 0 
0 802
0 11228
cob=(2)
cfi=(2)
cfn=(4532)
calls=401 0 
0 11629
0 3208
cfn=(6688)
calls=401 0 
0 15238
0 1604
cfn=(6690)
calls=401 0 
0 59400
0 15238
cfn=(6640)
calls=401 0 
0 8421
0 31679
cfn=(6738)
calls=401 0 
0 26065
0 18847
cfn=(6638)
calls=401 0 
0 33684
0 7619
cfn=(6740)
calls=401 0 
0 1824439
0 5213
cfn=(6692)
calls=401 0 
0 38897
0 5614
cfn=(6694) <h2::client::Peer>::convert_send_message
calls=401 0 
0 367384
0 12832
cob=(2)
cfi=(2)
cfn=(4532)
calls=401 0 
0 11629
0 12832
cob=(2)
cfi=(2)
cfn=(4532)
calls=401 0 
0 25664
0 2406
cfn=(6700)
calls=401 0 
0 130468
0 3609
cob=(2)
cfi=(2)
cfn=(4532)
calls=401 0 
0 20852
0 3208
cfn=(6712)
calls=401 0 
0 630944
0 5213
cfn=(6734)
calls=401 0 
0 12832
0 6416
cfn=(6736) core::ptr::drop_glue::<std::sync::poison::mutex::MutexGuard<h2::proto::streams::buffer::Buffer<h2::frame::Frame<hyper::proto::h2::SendBuf<bytes::bytes::Bytes>>>>>
calls=401 0 
0 5614
0 1203
cfn=(6736)
calls=401 0 
0 5614
0 11750
cfn=(6646) <tokio::task::coop::RestoreOnPending as core::ops::drop::Drop>::drop
calls=782 0 
0 12512
0 3910
cfn=(6648)
calls=782 0 
0 5474
0 7820
cfn=(6304)
calls=782 0 
0 5474
0 8600
cfn=(6762)
calls=781 0 
0 6248
0 5474

fn=(6638)
0 50688
cfn=(6640)
calls=1584 0 
0 33264
0 49104

fn=(6646)
0 12512

fn=(6664)
0 63382

fn=(6746)
0 83638
cfn=(6304)
calls=3275 0 
0 22925
0 19717
cfn=(6762)
calls=1671 0 
0 13368
0 42575

fn=(6748)
0 38496
cfn=(6750)
calls=401 0 
0 94620
0 2406
cob=(2)
cfi=(2)
cfn=(4916)
calls=401 0 
0 83038
0 3609
cfn=(6754)
calls=401 0 
0 9223
0 6015
cfn=(6612)
calls=401 0 
0 43077
0 4411
cfn=(6842)
calls=401 0 
0 5213
0 15238

fn=(6758)
0 99047
cfn=(6760)
calls=802 0 
0 107067
0 22055

fn=(6760)
0 237793
cfn=(6800)
calls=802 0 
0 21253
0 72180
cfn=(6840)
calls=802 0 
0 36090
0 20852

fn=(6768) <h2::proto::streams::send::Send>::poll_capacity
0 15192
cfn=(6304)
calls=422 0 
0 2954
0 2954
cfn=(6762)
calls=422 0 
0 3376
0 3798

fn=(6814) core::ptr::drop_glue::<h2::hpack::header::Header>
0 718
cfn=(6510)
calls=1 0 
0 140
cfn=(6882)
calls=1 0 
0 341
0 200
cfn=(5778)
calls=1 0 
0 268
cfn=(5788)
calls=1 0 
0 1
0 384
cfn=(5788)
calls=2 0 
0 2
cfn=(5788)
calls=3 0 
0 3
cfn=(5778)
calls=43 0 
0 10800
0 80172
cfn=(6510)
calls=801 0 
0 71652
cfn=(5788)
calls=803 0 
0 803
0 11216
cfn=(5788)
calls=400 0 
0 400
0 19232
cfn=(5778)
calls=382 0 
0 3438
cfn=(5788)
calls=800 0 
0 800
cfn=(5788)
calls=1200 0 
0 1200
cfn=(5788)
calls=22 0 
0 22
0 4010

fn=(6864)
0 8020
cfn=(6762)
calls=401 0 
0 3208
0 6817

fn=(6872)
0 117092

fn=(6878)
0 66351
cfn=(6894)
calls=2782 0 
0 174102
0 24444

fn=(6894)
0 59749
cfn=(5804)
calls=400 0 
0 4000
cfn=(5784)
calls=1 0 
0 252
0 8421
cfn=(6896)
calls=401 0 
0 4010
0 24862
cfn=(5804)
calls=1982 0 
0 19820
cfn=(5784)
calls=23 0 
0 2734
0 3609
cfn=(5804)
calls=400 0 
0 4000
cfn=(5784)
calls=1 0 
0 354
0 46917

fn=(6914)
0 6015
cfn=(6702)
calls=401 0 
0 35248
0 16443
cfn=(6710)
calls=401 0 
0 10699
0 5220
cfn=(6708)
calls=1 0 
0 454
0 6
cfn=(6916)
calls=1 0 
0 11
0 5

fn=(6928)
0 4411
cfn=(6930) <http::uri::path::PathAndQuery>::from_shared
calls=401 0 
0 107468
0 802

fn=(6944)
0 21654
cfn=(6872)
calls=1203 0 
0 29273
0 13233

fn=(6958)
0 199172

fn=(7008)
0 3208
cfn=(7010)
calls=401 0 
0 83233
0 2807
cob=(2)
cfi=(2)
cfn=(4206)
calls=401 0 
0 31054
0 20048
cob=(2)
cfi=(2)
cfn=(4532)
calls=401 0 
0 11629
0 1203
cob=(2)
cfi=(2)
cfn=(4206)
calls=401 0 
0 155088
0 4806
cob=(2)
cfi=(2)
cfn=(4532)
calls=400 0 
0 78358
0 4
cob=(2)
cfi=(2)
cfn=(4532)
calls=1 0 
0 196
0 802

fn=(7020)
0 8480
cfn=(7022)
calls=848 0 
0 3530251
0 11767
cob=(2)
cfi=(2)
cfn=(4206)
calls=401 0 
0 16441
0 16360

fn=(7026) <tonic::codec::compression::CompressionEncoding>::from_encoding_header
0 8020
cfn=(6660) <http::header::map::HeaderMap>::get::<&str>
calls=802 0 
0 265061
0 10426

fn=(7038)
0 31383
cfn=(7044)
calls=1203 0 
0 569629
cfn=(7040)
calls=1650 0 
0 743668
0 63200

fn=(7090) core::ptr::drop_glue::<http_body_util::combinators::map_err::MapErr<hyper::body::incoming::Incoming, <tonic::status::Status>::map_error<hyper::error::Error>>>
0 401
cfn=(7092)
calls=401 0 
0 147969
0 401
cfn=(7092)
calls=401 0 
0 499859

fn=(7120) <http_body_util::combinators::map_err::MapErr<tonic::codec::encode::EncodeBody<tonic_prost::codec::ProstEncoder<devloop::echo::EchoReply>, tokio_stream::once::Once<core::result::Result<devloop::echo::EchoReply, tonic::status::Status>>>, <tonic::status::Status>::map_error<tonic::status::Status>> as http_body::Body>::is_end_stream
0 3208

fn=(7124) core::ptr::drop_glue::<tonic::transport::service::grpc_timeout::ResponseFuture<tonic::service::router::RoutesFuture>>
0 2406
cfn=(7126)
calls=401 0 
0 10025
0 2807

fn=(7142)
0 728
cob=(2)
cfi=(2)
cfn=(4532)
calls=56 0 
0 560
0 336

fn=(7146) <http_body_util::combinators::map_err::MapErr<http_body_util::combinators::map_err::MapErr<tonic::service::recover_error::ResponseBody<tonic::body::Body>, <tonic::status::Status as core::convert::Into<alloc::boxed::Box<dyn core::error::Error + core::marker::Send + core::marker::Sync>>>::into>, <tonic::status::Status>::map_error<alloc::boxed::Box<dyn core::error::Error + core::marker::Send + core::marker::Sync>>> as http_body::Body>::size_hint
0 4010
cfn=(7148) <http_body_util::combinators::map_err::MapErr<axum_core::body::Body, <tonic::status::Status>::map_error<axum_core::error::Error>> as http_body::Body>::size_hint
calls=401 0 
0 7619
0 1203

fn=(7198)
0 2005
cfn=(7200) core::ptr::drop_glue::<tokio::runtime::task::core::Cell<hyper::proto::h2::server::H2Stream<hyper_util::service::glue::TowerToHyperServiceFuture<tower::util::map_request::MapRequest<tower::util::boxed_clone::BoxCloneService<http::request::Request<tonic::body::Body>, http::response::Response<tonic::body::Body>, alloc::boxed::Box<dyn core::error::Error + core::marker::Send + core::marker::Sync>>, <tonic::transport::server::Server>::serve_internal<tonic::service::router::Routes, tonic::transport::server::incoming::TcpIncoming, core::future::ready::Ready<()>, tokio::net::tcp::stream::TcpStream, core::io::error::Error, tonic::body::Body>::{closure#0}::{closure#1}>, http::request::Request<hyper::body::incoming::Incoming>>, tonic::body::Body, hyper_util::rt::tokio::TokioExecutor>, alloc::sync::Arc<tokio::runtime::scheduler::multi_thread::handle::Handle>>>
calls=401 0 
0 10426
0 2005
cob=(2)
cfi=(2)
cfn=(4916)
calls=401 0 
0 29273

fn=(7200)
0 10426

fn=(7204)
0 7619
cob=(2)
cfi=(2)
cfn=(4532)
calls=401 0 
0 11629
0 6775
cfn=(6674)
calls=387 0 
0 20124
0 2508
cfn=(7212) <alloc::sync::Arc<tokio::sync::oneshot::Inner<core::result::Result<http::response::Response<hyper::body::incoming::Incoming>, hyper::error::Error>>>>::drop_slow
calls=51 0 
0 5814
0 3609

fn=(7208)
0 12431
cfn=(7210)
calls=401 0 
0 40798
0 4010

fn=(7212)
0 3968
cfn=(6784)
calls=387 0 
0 2709
0 2005
cfn=(6762)
calls=401 0 
0 99708
0 4411
cob=(2)
cfi=(2)
cfn=(4916)
calls=401 0 
0 73891

fn=(7274)
0 3609

fn=(7556)
0 26
cob=(2)
cfi=(2)
cfn=(4206)
calls=2 0 
0 82
0 20
cob=(2)
cfi=(2)
cfn=(4532)
calls=2 0 
0 22
0 4
cob=(2)
cfi=(2)
cfn=(4206)
calls=2 0 
0 82
0 22
cob=(2)
cfi=(2)
cfn=(4206)
calls=2 0 
0 82
0 40

fn=(7574)
0 81
cob=(2)
cfi=(2)
cfn=(5164)
calls=3 0 
0 18
0 150
cob=(2)
cfi=(2)
cfn=(5122)
calls=3 0 
0 183
0 27
cfn=(7576) core::ptr::drop_glue::<tokio::runtime::io::registration::Registration>
calls=3 0 
0 213

fn=(7582)
0 24
cob=(2)
cfi=(2)
cfn=(4916)
calls=2 0 
0 146
0 53
cfn=(6814)
calls=2 0 
0 62
0 6
cfn=(6814)
calls=3 0 
0 217
0 25
cfn=(6814)
calls=1 0 
0 35
0 38
cfn=(6814)
calls=19 0 
0 4949
0 88
cob=(2)
cfi=(2)
cfn=(4916)
calls=2 0 
0 1323
0 38
cob=(2)
cfi=(2)
cfn=(4916)
calls=2 0 
0 146

fn=(7630) core::ptr::drop_glue::<futures_channel::oneshot::Receiver<core::convert::Infallible>>
0 37
cfn=(7210)
calls=1 0 
0 84

fn=(7640) core::ptr::drop_glue::<core::option::Option<hyper::proto::h2::client::FutCtx<tonic::body::Body>>>
0 13

fn=(7666)
0 48
cfn=(7668) <alloc::sync::Arc<tokio::sync::mpsc::chan::Chan<hyper::client::dispatch::Envelope<http::request::Request<tonic::body::Body>, http::response::Response<hyper::body::incoming::Incoming>>, tokio::sync::mpsc::unbounded::Semaphore>>>::drop_slow
calls=1 0 
0 1553

fn=(7668)
0 28
cob=(2)
cfi=(2)
cfn=(4916)
calls=1 0 
0 197
0 2
cob=(2)
cfi=(2)
cfn=(4916)
calls=1 0 
0 1240
0 21
cob=(2)
cfi=(2)
cfn=(4916)
calls=1 0 
0 65

fn=(7682) core::ptr::drop_glue::<<tonic::transport::server::Server>::serve_internal<tonic::service::router::Routes, tokio_stream::wrappers::tcp_listener::TcpListenerStream, core::future::ready::Ready<()>, tokio::net::tcp::stream::TcpStream, core::io::error::Error, tonic::body::Body>::{closure#0}>
0 15
cfn=(7574)
calls=1 0 
0 224
0 5
cfn=(7684) <alloc::sync::Arc<tokio::sync::watch::Sender<()>>>::drop_slow
calls=1 0 
0 570
0 25
cfn=(7638)
calls=1 0 
0 33
0 4
cfn=(7688) <alloc::sync::Arc<tokio::sync::watch::Shared<()>>>::drop_slow
calls=1 0 
0 78
0 12
cfn=(7662)
calls=1 0 
0 152
0 5
cfn=(7690)
calls=1 0 
0 2876
0 14

fn=(7694)
0 22
cfn=(7696) core::ptr::drop_glue::<matchit::tree::Node<axum::routing::RouteId>>
calls=2 0 
0 798
0 89
cob=(2)
cfi=(2)
cfn=(4916)
calls=2 0 
0 146
0 76
cfn=(7108)
calls=3 0 
0 406
0 25
cob=(2)
cfi=(2)
cfn=(4916)
calls=2 0 
0 146
0 26
cob=(2)
cfi=(2)
cfn=(4916)
calls=2 0 
0 146

fn=(7716) <tokio::runtime::blocking::pool::BlockingPool>::shutdown
0 42
cob=(2)
cfi=(2)
cfn=(6418)
calls=1 0 
0 11
0 79
cfn=(7718)
calls=2 0 
0 219
0 26
cfn=(6416) <tokio::runtime::park::Inner>::park
calls=1 0 
0 101
0 134
cfn=(7908)
calls=4 0 
0 2308
0 19
cob=(2)
cfi=(2)
cfn=(4916)
calls=1 0 
0 65
0 8

fn=(7722) <alloc::collections::btree::node::Handle<alloc::collections::btree::node::NodeRef<alloc::collections::btree::node::marker::Mut, usize, std::sys::pal::unix::stack_overflow::thread_info::ThreadInfo, alloc::collections::btree::node::marker::Leaf>, alloc::collections::btree::node::marker::KV>>::remove_leaf_kv::<<alloc::collections::btree::map::entry::OccupiedEntry<usize, std::sys::pal::unix::stack_overflow::thread_info::ThreadInfo>>::remove_kv::{closure#0}, alloc::alloc::Global>
0 100
cob=(2)
cfi=(2)
cfn=(4532)
calls=4 0 
0 46
0 64
cob=(2)
cfi=(2)
cfn=(4532)
calls=4 0 
0 56
0 180

fn=(7894) <alloc::sync::Arc<tokio::runtime::scheduler::multi_thread::queue::Inner<alloc::sync::Arc<tokio::runtime::scheduler::multi_thread::handle::Handle>>>>::drop_slow
0 16
cob=(2)
cfi=(2)
cfn=(4916)
calls=4 0 
0 712
0 28
cob=(2)
cfi=(2)
cfn=(4916)
calls=4 0 
0 468

fn=(8006) <alloc::sync::Arc<tokio::runtime::park::Inner>>::drop_slow
0 6
cob=(2)
cfi=(2)
cfn=(4916)
calls=1 0 
0 65

fn=(6510)
0 5663
cob=(2)
cfi=(2)
cfn=(4916)
calls=39 0 
0 2815
0 7452
cob=(2)
cfi=(2)
cfn=(4916)
calls=841 0 
0 62763
0 172

fn=(6518)
0 5225

fn=(6532) <http::extensions::Extensions>::insert::<tonic::extensions::GrpcMethod>
0 5213
cob=(2)
cfi=(2)
cfn=(4206)
calls=401 0 
0 16586
0 6006
cob=(2)
cfi=(2)
cfn=(4206)
calls=400 0 
0 16400
0 7
cob=(2)
cfi=(2)
cfn=(4206)
calls=1 0 
0 186
0 6405
cfn=(6534) <hashbrown::map::HashMap<core::any::TypeId, alloc::boxed::Box<dyn http::extensions::AnyClone + core::marker::Send + core::marker::Sync>, core::hash::BuildHasherDefault<http::extensions::IdHasher>>>::insert
calls=400 0 
0 154675
0 9
cfn=(6534)
calls=1 0 
0 408
0 3609

fn=(6786)
0 6416

fn=(6794)
0 14613
cob=(2)
cfi=(2)
cfn=(4532)
calls=401 0 
0 11629
0 27482
cfn=(6414)
calls=387 0 
0 1935
0 12981
cob=(2)
cfi=(2)
cfn=(4532)
calls=401 0 
0 11629
0 3180
cob=(2)
cfi=(2)
cfn=(4532)
calls=401 0 
0 11629
0 2304
cfn=(7212)
calls=350 0 
0 180878
0 2807
cob=(2)
cfi=(2)
cfn=(4532)
calls=401 0 
0 11629
0 4355
cob=(2)
cfi=(2)
cfn=(4532)
calls=401 0 
0 11629
0 802
cfn=(7218)
calls=401 0 
0 4812
0 4010
cob=(2)
cfi=(2)
cfn=(4532)
calls=401 0 
0 11629
0 3208
cob=(2)
cfi=(2)
cfn=(4532)
calls=401 0 
0 11629
0 20712
cfn=(6958)
calls=401 0 
0 24862
0 5614
cob=(2)
cfi=(2)
cfn=(4206)
calls=401 0 
0 20435
0 11226

fn=(5036) devloop::main
0 9
cfn=(5038)
calls=1 0 
0 1986
0 15
cfn=(5048)
calls=1 0 
0 80
0 21
cob=(2)
cfi=(2)
cfn=(4206)
calls=1 0 
0 187
0 174
cfn=(5048)
calls=6 0 
0 446
0 40
cob=(2)
cfi=(2)
cfn=(4916)
calls=1 0 
0 65
0 24
cfn=(5050) devloop::cmd_run_cell
calls=1 0 
0 6642004
0 54
cob=(2)
cfi=(2)
cfn=(4916)
calls=7 0 
0 819
0 11
cob=(2)
cfi=(2)
cfn=(4916)
calls=1 0 
0 65
0 8

fn=(5050)
0 119
cob=(2)
cfi=(2)
cfn=(4206)
calls=1 0 
0 190
0 11
cob=(2)
cfi=(2)
cfn=(4532)
calls=1 0 
0 10
0 164
cfn=(5052) <&str as core::str::pattern::Pattern>::is_contained_in
calls=1 0 
0 73
0 7
cfn=(5052)
calls=1 0 
0 83
0 10
cob=(2)
cfi=(2)
cfn=(4916)
calls=1 0 
0 117
0 39
cfn=(5054)
calls=1 0 
0 510
0 4
cfn=(5078) <tokio::runtime::builder::Builder>::build
calls=1 0 
0 37374
0 14
cfn=(5660) core::ptr::drop_glue::<tokio::runtime::builder::Builder>
calls=1 0 
0 31
0 2
cob=(2)
cfi=(2)
cfn=(4206)
calls=1 0 
0 41
0 11
cob=(2)
cfi=(2)
cfn=(4968)
calls=1 0 
0 70
0 11
cfn=(5662)
calls=1 0 
0 63
0 22
cfn=(5212)
calls=1 0 
0 63
0 5
cfn=(5056)
calls=1 0 
0 141
0 9
cfn=(5664)
calls=1 0 
0 33
0 28
cfn=(5666) <tokio::runtime::park::CachedParkThread>::waker
calls=1 0 
0 537
0 12984
cfn=(5670)
calls=1179 0 
0 6446320
0 18858
cfn=(6416)
calls=1178 0 
0 118978
0 1180
cfn=(7532)
calls=1 0 
0 5
0 3
cfn=(6784)
calls=1 0 
0 7
0 2
cfn=(7534)
calls=1 0 
0 72
0 3
cfn=(5658)
calls=1 0 
0 45
0 7
cob=(2)
cfi=(2)
cfn=(4916)
calls=1 0 
0 65
0 2
cfn=(7536) core::ptr::drop_glue::<tokio::runtime::runtime::Runtime>
calls=1 0 
0 3680
0 1

fn=(5058)
0 45
cfn=(5060) std::sys::random::linux::getrandom
calls=5 0 
0 689
0 25

fn=(5152)
0 42
cob=(2)
cfi=(2)
cfn=(5120)
calls=2 0 
0 56
0 31
cob=(2)
cfi=(2)
cfn=(4532)
calls=1 0 
0 12
0 26

fn=(5414)
0 108
cfn=(5476) __rustc::__rust_realloc
calls=6 0 
0 813
0 203
cfn=(5476)
calls=7 0 
0 1972
0 18
cob=(2)
cfi=(2)
cfn=(4206)
calls=2 0 
0 76
0 21810
cob=(2)
cfi=(2)
cfn=(4502) realloc
calls=2 0 
0 916
0 9636
cob=(2)
cfi=(2)
cfn=(4206)
calls=802 0 
0 108084
0 10046
cfn=(5476)
calls=6 0 
0 4697
0 96
cob=(2)
cfi=(2)
cfn=(4206)
calls=12 0 
0 2503
0 294
cob=(2)
cfi=(2)
cfn=(4206)
calls=1 0 
0 41
0 139
cob=(2)
cfi=(2)
cfn=(4206)
calls=4 0 
0 462
0 172
cob=(2)
cfi=(2)
cfn=(4206)
calls=4 0 
0 940
0 68

fn=(5418) core::ptr::drop_glue::<alloc::vec::Vec<alloc::boxed::Box<tokio::runtime::scheduler::multi_thread::worker::Core>>>
0 48
cob=(2)
cfi=(2)
cfn=(4916)
calls=2 0 
0 182

fn=(5668) <std::sys::thread_local::native::lazy::Storage<tokio::runtime::park::ParkThread, ()>>::get_or_init_slow::<tokio::runtime::park::CURRENT_PARKER::__rust_std_internal_init_fn>
0 10
cob=(2)
cfi=(2)
cfn=(4206)
calls=1 0 
0 41
0 22
cfn=(5422)
calls=1 0 
0 441
0 4

fn=(5682)
0 25

fn=(5700) <std::sys::net::connection::socket::TcpStream>::socket_addr
0 40
cob=(2)
cfi=(2)
cfn=(5702) getsockname
calls=2 0 
0 10
0 40

fn=(5718)
0 147
cob=(2)
cfi=(2)
cfn=(4206)
calls=2 0 
0 442
0 26
cfn=(5720) core::fmt::write
calls=2 0 
0 2231
0 28

fn=(5724) <core::net::socket_addr::SocketAddr as core::fmt::Display>::fmt
0 4
cfn=(5726)
calls=1 0 
0 1602

fn=(5732) <u8 as core::fmt::Display>::fmt
0 120
cfn=(5734)
calls=4 0 
0 462
0 12

fn=(5794) bytes::bytes::static_clone
0 8463

fn=(5796)
0 37
cfn=(5798)
calls=1 0 
0 565
0 5
cfn=(5802)
calls=1 0 
0 343
0 6
cob=(2)
cfi=(2)
cfn=(4532)
calls=1 0 
0 88
0 5
cob=(2)
cfi=(2)
cfn=(4532)
calls=1 0 
0 88
0 22
cob=(2)
cfi=(2)
cfn=(4532)
calls=1 0 
0 88
0 16
cob=(2)
cfi=(2)
cfn=(4532)
calls=1 0 
0 88
0 11
cob=(2)
cfi=(2)
cfn=(4532)
calls=1 0 
0 88
0 39
cob=(2)
cfi=(2)
cfn=(4206)
calls=1 0 
0 186
0 72
cob=(2)
cfi=(2)
cfn=(4532)
calls=1 0 
0 29
0 10
cfn=(5792)
calls=1 0 
0 71
0 4
cob=(2)
cfi=(2)
cfn=(4532)
calls=1 0 
0 29
0 289
cob=(2)
cfi=(2)
cfn=(4532)
calls=1 0 
0 76
0 4
cob=(2)
cfi=(2)
cfn=(4532)
calls=1 0 
0 76
0 14
cfn=(5792)
calls=1 0 
0 71
0 4
cob=(2)
cfi=(2)
cfn=(4532)
calls=1 0 
0 76
0 59
cfn=(5788)
calls=1 0 
0 1
0 10
cob=(2)
cfi=(2)
cfn=(4532)
calls=1 0 
0 76
0 4
cob=(2)
cfi=(2)
cfn=(4532)
calls=1 0 
0 76
0 24
cob=(2)
cfi=(2)
cfn=(4206)
calls=1 0 
0 193
0 10
cob=(2)
cfi=(2)
cfn=(4532)
calls=1 0 
0 76
0 23
cfn=(5806)
calls=1 0 
0 80
0 9
cfn=(5810) <tower::util::map_future::MapFuture<tonic::transport::channel::service::add_origin::AddOrigin<tonic::transport::channel::service::user_agent::UserAgent<tonic::transport::service::grpc_timeout::GrpcTimeout<tower::util::either::Either<tower::limit::concurrency::service::ConcurrencyLimit<tower::util::either::Either<tower::limit::rate::service::RateLimit<tonic::transport::channel::service::reconnect::Reconnect<tonic::transport::channel::service::connection::MakeSendRequestService<tonic::transport::channel::service::connector::Connector<hyper_util::client::legacy::connect::http::HttpConnector>>, http::uri::Uri>>, tonic::transport::channel::service::reconnect::Reconnect<tonic::transport::channel::service::connection::MakeSendRequestService<tonic::transport::channel::service::connector::Connector<hyper_util::client::legacy::connect::http::HttpConnector>>, http::uri::Uri>>>, tower::util::either::Either<tower::limit::rate::service::RateLimit<tonic::transport::channel::service::reconnect::Reconnect<tonic::transport::channel::service::connection::MakeSendRequestService<tonic::transport::channel::service::connector::Connector<hyper_util::client::legacy::connect::http::HttpConnector>>, http::uri::Uri>>, tonic::transport::channel::service::reconnect::Reconnect<tonic::transport::channel::service::connection::MakeSendRequestService<tonic::transport::channel::service::connector::Connector<hyper_util::client::legacy::connect::http::HttpConnector>>, http::uri::Uri>>>>>>, <tower::util::boxed::sync::BoxService<http::request::Request<tonic::body::Body>, http::response::Response<tonic::body::Body>, alloc::boxed::Box<dyn core::error::Error + core::marker::Send + core::marker::Sync>>>::new<tonic::transport::channel::service::add_origin::AddOrigin<tonic::transport::channel::service::user_agent::UserAgent<tonic::transport::service::grpc_timeout::GrpcTimeout<tower::util::either::Either<tower::limit::concurrency::service::ConcurrencyLimit<tower::util::either::Either<tower::limit::rate::service::RateLimit<tonic::transport::channel::service::reconnect::Reconnect<tonic::transport::channel::service::connection::MakeSendRequestService<tonic::transport::channel::service::connector::Connector<hyper_util::client::legacy::connect::http::HttpConnector>>, http::uri::Uri>>, tonic::transport::channel::service::reconnect::Reconnect<tonic::transport::channel::service::connection::MakeSendRequestService<tonic::transport::channel::service::connector::Connector<hyper_util::client::legacy::connect::http::HttpConnector>>, http::uri::Uri>>>, tower::util::either::Either<tower::limit::rate::service::RateLimit<tonic::transport::channel::service::reconnect::Reconnect<tonic::transport::channel::service::connection::MakeSendRequestService<tonic::transport::channel::service::connector::Connector<hyper_util::client::legacy::connect::http::HttpConnector>>, http::uri::Uri>>, tonic::transport::channel::service::reconnect::Reconnect<tonic::transport::channel::service::connection::MakeSendRequestService<tonic::transport::channel::service::connector::Connector<hyper_util::client::legacy::connect::http::HttpConnector>>, http::uri::Uri>>>>>>>::{closure#0}> as tower_service::Service<http::request::Request<tonic::body::Body>>>::poll_ready
calls=1 0 
0 4097
0 4
cfn=(5810)
calls=1 0 
0 10927
0 39
cfn=(6506)
calls=1 0 
0 1354
0 10
cob=(2)
cfi=(2)
cfn=(4532)
calls=1 0 
0 64
0 4
cob=(2)
cfi=(2)
cfn=(4206)
calls=1 0 
0 258
0 15
cob=(2)
cfi=(2)
cfn=(4532)
calls=1 0 
0 64
0 4
cfn=(6486)
calls=1 0 
0 927
0 46
cfn=(6508) core::ptr::drop_glue::<<tonic::transport::channel::Channel>::connect<tonic::transport::channel::service::connector::Connector<hyper_util::client::legacy::connect::http::HttpConnector>>::{closure#0}>
calls=1 0 
0 17
0 32

fn=(5806)
0 16
cfn=(5808)
calls=2 0 
0 58
0 6
cfn=(5808)
calls=2 0 
0 61
0 22

fn=(5808)
0 77
cfn=(5788)
calls=1 0 
0 1
cfn=(6510)
calls=1 0 
0 12
cfn=(5778)
calls=5 0 
0 45
0 56
cfn=(5788)
calls=1 0 
0 1
cfn=(5788)
calls=6 0 
0 6
0 4411
cfn=(5788)
calls=401 0 
0 401
0 3208
cfn=(5788)
calls=401 0 
0 401

fn=(5810)
0 8054
cfn=(5812)
calls=403 0 
0 54666
0 4434

fn=(5822)
0 77
cfn=(5824) hyper_util::client::legacy::connect::http::get_host_port
calls=1 0 
0 556
0 24
cfn=(5834) <hyper_util::client::legacy::connect::dns::SocketAddrs>::try_parse
calls=1 0 
0 239
0 17
cfn=(5836)
calls=1 0 
0 287
0 5
cob=(2)
cfi=(2)
cfn=(4532)
calls=1 0 
0 29
0 7
cob=(2)
cfi=(2)
cfn=(4532)
calls=1 0 
0 29
0 13
cfn=(5842)
calls=1 0 
0 1405
0 5
cfn=(5842)
calls=1 0 
0 263
0 25
cfn=(6446) core::ptr::drop_glue::<<hyper_util::client::legacy::connect::http::ConnectingTcpRemote>::connect::{closure#0}>
calls=1 0 
0 13
0 12
cob=(2)
cfi=(2)
cfn=(4916)
calls=1 0 
0 65
0 7
cfn=(6448) core::ptr::drop_glue::<<hyper_util::client::legacy::connect::http::ConnectingTcp>::connect::{closure#0}>
calls=1 0 
0 19
0 62
cob=(2)
cfi=(2)
cfn=(5688)
calls=1 0 
0 6
0 6
cfn=(5808)
calls=1 0 
0 29
0 8

fn=(5828)
0 33
cfn=(5830)
calls=1 0 
0 152
0 17

fn=(6152)
0 28
cfn=(6154) <std::thread::spawnhook::ChildSpawnHooks>::inherit_and_run
calls=4 0 
0 1256
0 8

fn=(6154)
0 84
cfn=(5484) <std::thread::spawnhook::SpawnHooks as core::ops::drop::Drop>::drop
calls=4 0 
0 76
0 128
cfn=(5422)
calls=4 0 
0 960
0 8

fn=(6160) tokio::runtime::scheduler::multi_thread::worker::run
0 132
cfn=(6162)
calls=4 0 
0 132
0 92
cfn=(5212)
calls=4 0 
0 252
0 24
cfn=(5056)
calls=4 0 
0 1204
0 204
cfn=(5182)
calls=4 0 
0 104
0 16
cfn=(5182)
calls=4 0 
0 104
0 163
cfn=(7672)
calls=1 0 
0 5152
cfn=(7608) tokio::runtime::task::raw::shutdown::<core::pin::Pin<alloc::boxed::Box<dyn core::future::future::Future<Output = ()> + core::marker::Send>>, alloc::sync::Arc<tokio::runtime::scheduler::multi_thread::handle::Handle>>
calls=3 0 
0 16410
cfn=(7542) tokio::runtime::task::raw::shutdown::<tonic::transport::server::serve_connection<tonic::body::Body, hyper_util::rt::tokio::TokioIo<tonic::transport::server::service::io::ServerIo<tokio::net::tcp::stream::TcpStream>>, hyper_util::service::glue::TowerToHyperService<tower::util::map_request::MapRequest<tower::util::boxed_clone::BoxCloneService<http::request::Request<tonic::body::Body>, http::response::Response<tonic::body::Body>, alloc::boxed::Box<dyn core::error::Error + core::marker::Send + core::marker::Sync>>, <tonic::transport::server::Server>::serve_internal<tonic::service::router::Routes, tonic::transport::server::incoming::TcpIncoming, core::future::ready::Ready<()>, tokio::net::tcp::stream::TcpStream, core::io::error::Error, tonic::body::Body>::{closure#0}::{closure#1}>>, hyper_util::rt::tokio::TokioExecutor>::{closure#0}, alloc::sync::Arc<tokio::runtime::scheduler::multi_thread::handle::Handle>>
calls=1 0 
0 12628
0 2391
cfn=(5412)
calls=1 0 
0 112
0 149
cfn=(7876) <tokio::runtime::driver::Driver>::shutdown
calls=4 0 
0 1313
0 36
cob=(2)
cfi=(2)
cfn=(6418)
calls=4 0 
0 44
0 16
cfn=(7882)
calls=4 0 
0 156
0 8
cob=(2)
cfi=(2)
cfn=(4916)
calls=4 0 
0 260
0 16
cfn=(5416) core::ptr::drop_glue::<alloc::vec::drain::Drain<alloc::boxed::Box<tokio::runtime::scheduler::multi_thread::worker::Core>>>
calls=1 0 
0 25
0 9
cfn=(7214)
calls=2 0 
0 202
0 6
cfn=(6326)
calls=3 0 
0 104
0 110083
cfn=(5182)
calls=104 0 
0 2704
0 832
cfn=(6306)
calls=104 0 
0 3744
0 1876
cfn=(5182)
calls=54 0 
0 1404
0 540
cfn=(6306)
calls=54 0 
0 1944
0 378
cfn=(6308) __floattidf
calls=54 0 
0 2430
0 756
cob=(3) /usr/lib/x86_64-linux-gnu/libm.so.6
cfi=(3) ???
cfn=(6310) pow
calls=54 0 
0 6750
0 756
cfn=(6328)
calls=54 0 
0 22459
0 150
cfn=(6328)
calls=50 0 
0 21629
0 520
cfn=(6348)
calls=104 0 
0 5408
0 208
cfn=(5182)
calls=104 0 
0 2704
0 416
cfn=(5182)
calls=104 0 
0 2704
0 165262
cfn=(6326)
calls=4 0 
0 20
0 6214
cfn=(6326)
calls=3107 0 
0 32815
0 72640
cfn=(6170)
calls=398 0 
0 3296603
0 10836
cfn=(6170)
calls=2709 0 
0 35368133
0 44022
cfn=(5182)
calls=3348 0 
0 87048
0 26784
cfn=(6306)
calls=3348 0 
0 120528
0 61650
cfn=(5182)
calls=2367 0 
0 61542
0 26037
cfn=(6306)
calls=2367 0 
0 85212
0 16569
cfn=(6308)
calls=2367 0 
0 106515
0 33138
cob=(3)
cfi=(3)
cfn=(6310)
calls=2367 0 
0 295875
0 554019
cfn=(6326)
calls=3024 0 
0 15120
0 10044
cfn=(5182)
calls=324 0 
0 8424
0 1296
cfn=(5182)
calls=324 0 
0 8424
0 2268
cfn=(6170)
calls=324 0 
0 1710890
0 60804
cfn=(5182)
calls=3024 0 
0 78624
0 15120
cfn=(5182)
calls=3024 0 
0 78624
0 354604
cfn=(6328)
calls=3123 0 
0 1723642
0 21861
cfn=(6348)
calls=3123 0 
0 162396
0 187054
cfn=(7702) core::ptr::drop_glue::<tokio::runtime::scheduler::Context>
calls=4 0 
0 502
0 8
cfn=(7534)
calls=4 0 
0 288
0 44

fn=(6180) <alloc::sync::Arc<axum::routing::path_router::Node> as core::default::Default>::default
0 18
cob=(2)
cfi=(2)
cfn=(4206)
calls=2 0 
0 420
0 70
cob=(2)
cfi=(2)
cfn=(4532)
calls=2 0 
0 58
0 22
cob=(2)
cfi=(2)
cfn=(4532)
calls=2 0 
0 58
0 34

fn=(6208)
0 11436

fn=(6210)
0 120
cob=(2)
cfi=(2)
cfn=(4206)
calls=2 0 
0 426
0 40
cob=(2)
cfi=(2)
cfn=(4968)
calls=2 0 
0 20
0 46

fn=(6216)
0 98
cfn=(6206)
calls=7 0 
0 826
0 244
cob=(2)
cfi=(2)
cfn=(4532)
calls=2 0 
0 128
0 24
cob=(2)
cfi=(2)
cfn=(4532)
calls=2 0 
0 128
0 35
cob=(2)
cfi=(2)
cfn=(4532)
calls=5 0 
0 284
0 110
cob=(2)
cfi=(2)
cfn=(4532)
calls=5 0 
0 320
0 55
cfn=(6218)
calls=1 0 
0 304
0 1

fn=(6280)
0 9

fn=(6300)
0 45
cfn=(6302)
calls=3 0 
0 249
0 14
cfn=(6302)
calls=1 0 
0 129
0 23
cfn=(6350) <mio::net::tcp::listener::TcpListener>::accept
calls=2 0 
0 196
0 16
cfn=(6382)
calls=1 0 
0 8
0 32
cfn=(5694)
calls=1 0 
0 690
0 38

fn=(6342)
0 122556
cfn=(6344) tokio::runtime::task::raw::schedule::<alloc::sync::Arc<tokio::runtime::scheduler::multi_thread::handle::Handle>>
calls=3297 0 
0 297129
cfn=(6344)
calls=1701 0 
0 100359
0 51380

fn=(6346) <tokio::runtime::time::handle::Handle>::process_at_time
0 86062
cfn=(6334) <tokio::runtime::time::wheel::Wheel>::next_expiration
calls=2326 0 
0 65128
0 37542
cfn=(6334)
calls=2326 0 
0 65128
0 72106

fn=(6416)
0 66024
cob=(2)
cfi=(2)
cfn=(6418)
calls=1179 0 
0 12969
0 40086

fn=(6444)
0 10

fn=(6446)
0 13

fn=(6486)
0 48300
cob=(2)
cfi=(2)
cfn=(5214)
calls=805 0 
0 461468
0 85015
cfn=(5712)
calls=805 0 
0 80977
0 10465

fn=(6498) core::ptr::drop_glue::<hyper::proto::h2::client::handshake<tonic::transport::channel::service::io::BoxedIo, tonic::body::Body, tonic::transport::channel::service::executor::SharedExec>::{closure#0}>
0 17

fn=(6500)
0 17

fn=(6538) <tonic::client::grpc::Grpc<tonic::transport::channel::Channel>>::streaming::<tokio_stream::once::Once<devloop::echo::EchoRequest>, devloop::echo::EchoRequest, devloop::echo::EchoReply, tonic_prost::codec::ProstCodec<devloop::echo::EchoRequest, devloop::echo::EchoReply>>::{closure#0}
0 19285
cob=(2)
cfi=(2)
cfn=(4532)
calls=401 0 
0 11629
0 6416
cob=(2)
cfi=(2)
cfn=(4206)
calls=401 0 
0 92372
0 20423
cob=(2)
cfi=(2)
cfn=(4532)
calls=401 0 
0 11629
0 1203
cob=(2)
cfi=(2)
cfn=(4206)
calls=401 0 
0 80078
0 4806
cob=(2)
cfi=(2)
cfn=(4532)
calls=400 0 
0 11600
0 4
cob=(2)
cfi=(2)
cfn=(4532)
calls=1 0 
0 29
0 12832
cfn=(6540) <tonic::client::grpc::GrpcConfig>::prepare_request
calls=401 0 
0 397305
0 2005
cfn=(6560) <tonic::transport::channel::Channel as tower_service::Service<http::request::Request<tonic::body::Body>>>::call
calls=401 0 
0 312594
0 4411
cfn=(6566)
calls=401 0 
0 39231
0 3104
cfn=(6566)
calls=776 0 
0 735346
0 11900
cfn=(7234) core::ptr::drop_glue::<tonic::transport::channel::ResponseFuture>
calls=401 0 
0 151253
0 9223
cfn=(7026)
calls=401 0 
0 137142
0 2807
cfn=(7238)
calls=401 0 
0 66165
0 11228
cob=(2)
cfi=(2)
cfn=(4206)
calls=401 0 
0 16441
0 6414
cfn=(7014)
calls=401 0 
0 27669
0 36255
cob=(2)
cfi=(2)
cfn=(4206)
calls=401 0 
0 16599
0 5606
cob=(2)
cfi=(2)
cfn=(4206)
calls=400 0 
0 128488
0 6
cob=(2)
cfi=(2)
cfn=(4206)
calls=1 0 
0 188
0 802

fn=(6540)
0 5213
cfn=(5792)
calls=401 0 
0 26065
0 14035
cfn=(5788)
calls=401 0 
0 401
0 12431
cfn=(5788)
calls=401 0 
0 401
0 14436
cfn=(6542)
calls=401 0 
0 21253
0 24060
cfn=(6544)
calls=401 0 
0 13634
0 802
cfn=(6546)
calls=401 0 
0 19649
0 6416
cfn=(6552)
calls=401 0 
0 6817
0 2406
cob=(2)
cfi=(2)
cfn=(4532)
calls=401 0 
0 11629
0 4812
cfn=(6554)
calls=401 0 
0 121818
0 4411
cfn=(6554)
calls=401 0 
0 66967
0 3609
cob=(2)
cfi=(2)
cfn=(4532)
calls=401 0 
0 11629
0 4411

fn=(6556)
0 23659
cob=(2)
cfi=(2)
cfn=(4206)
calls=401 0 
0 16441
0 7216
cob=(2)
cfi=(2)
cfn=(4206)
calls=401 0 
0 16441
0 5206
cfn=(6548)
calls=400 0 
0 5200
0 5
cfn=(6548)
calls=1 0 
0 13
0 43709
cob=(2)
cfi=(2)
cfn=(4206)
calls=401 0 
0 16533
0 7216
cob=(2)
cfi=(2)
cfn=(4206)
calls=401 0 
0 16668
0 5206
cfn=(6548)
calls=400 0 
0 5200
0 5
cfn=(6548)
calls=1 0 
0 13
0 16441

fn=(6582)
0 28169

fn=(6634) <tonic::transport::channel::service::connection::MakeSendRequestService<tonic::transport::channel::service::connector::Connector<tonic::transport::channel::uds_connector::UdsConnector>> as tower_service::Service<http::uri::Uri>>::call::{closure#0}::{closure#0}
0 10171
cob=(2)
cfi=(2)
cfn=(4532)
calls=1 0 
0 29
0 4
cfn=(6636)
calls=1 0 
0 336
0 2343
cfn=(6636)
calls=781 0 
0 4085420
0 11730

fn=(6644)
0 21294
cfn=(6304)
calls=1183 0 
0 8281
0 12590
cfn=(6762)
calls=380 0 
0 3040
0 9844

fn=(6656) <tower::util::map_future::MapFuture<tonic::transport::channel::service::add_origin::AddOrigin<tonic::transport::channel::service::user_agent::UserAgent<tonic::transport::service::grpc_timeout::GrpcTimeout<tower::util::either::Either<tower::limit::concurrency::service::ConcurrencyLimit<tower::util::either::Either<tower::limit::rate::service::RateLimit<tonic::transport::channel::service::reconnect::Reconnect<tonic::transport::channel::service::connection::MakeSendRequestService<tonic::transport::channel::service::connector::Connector<hyper_util::client::legacy::connect::http::HttpConnector>>, http::uri::Uri>>, tonic::transport::channel::service::reconnect::Reconnect<tonic::transport::channel::service::connection::MakeSendRequestService<tonic::transport::channel::service::connector::Connector<hyper_util::client::legacy::connect::http::HttpConnector>>, http::uri::Uri>>>, tower::util::either::Either<tower::limit::rate::service::RateLimit<tonic::transport::channel::service::reconnect::Reconnect<tonic::transport::channel::service::connection::MakeSendRequestService<tonic::transport::channel::service::connector::Connector<hyper_util::client::legacy::connect::http::HttpConnector>>, http::uri::Uri>>, tonic::transport::channel::service::reconnect::Reconnect<tonic::transport::channel::service::connection::MakeSendRequestService<tonic::transport::channel::service::connector::Connector<hyper_util::client::legacy::connect::http::HttpConnector>>, http::uri::Uri>>>>>>, <tower::util::boxed::sync::BoxService<http::request::Request<tonic::body::Body>, http::response::Response<tonic::body::Body>, alloc::boxed::Box<dyn core::error::Error + core::marker::Send + core::marker::Sync>>>::new<tonic::transport::channel::service::add_origin::AddOrigin<tonic::transport::channel::service::user_agent::UserAgent<tonic::transport::service::grpc_timeout::GrpcTimeout<tower::util::either::Either<tower::limit::concurrency::service::ConcurrencyLimit<tower::util::either::Either<tower::limit::rate::service::RateLimit<tonic::transport::channel::service::reconnect::Reconnect<tonic::transport::channel::service::connection::MakeSendRequestService<tonic::transport::channel::service::connector::Connector<hyper_util::client::legacy::connect::http::HttpConnector>>, http::uri::Uri>>, tonic::transport::channel::service::reconnect::Reconnect<tonic::transport::channel::service::connection::MakeSendRequestService<tonic::transport::channel::service::connector::Connector<hyper_util::client::legacy::connect::http::HttpConnector>>, http::uri::Uri>>>, tower::util::either::Either<tower::limit::rate::service::RateLimit<tonic::transport::channel::service::reconnect::Reconnect<tonic::transport::channel::service::connection::MakeSendRequestService<tonic::transport::channel::service::connector::Connector<hyper_util::client::legacy::connect::http::HttpConnector>>, http::uri::Uri>>, tonic::transport::channel::service::reconnect::Reconnect<tonic::transport::channel::service::connection::MakeSendRequestService<tonic::transport::channel::service::connector::Connector<hyper_util::client::legacy::connect::http::HttpConnector>>, http::uri::Uri>>>>>>>::{closure#0}> as tower_service::Service<http::request::Request<tonic::body::Body>>>::call
0 8421
cob=(2)
cfi=(2)
cfn=(4532)
calls=401 0 
0 11629
0 13233
cfn=(5788)
calls=401 0 
0 401
0 9624
cfn=(5804)
calls=401 0 
0 4010
0 13233
cfn=(6542)
calls=401 0 
0 22456
0 7619
cob=(2)
cfi=(2)
cfn=(4532)
calls=401 0 
0 11629
0 4010
cfn=(5794)
calls=401 0 
0 2807
0 4812
cfn=(6554)
calls=401 0 
0 66967
0 3208
cob=(2)
cfi=(2)
cfn=(4532)
calls=401 0 
0 11629
0 1203
cfn=(6658) tonic::transport::service::grpc_timeout::try_parse_grpc_timeout
calls=401 0 
0 123909
0 6416
cfn=(6666)
calls=401 0 
0 369328
0 11228
cob=(2)
cfi=(2)
cfn=(4206)
calls=401 0 
0 111279
0 4806
cob=(2)
cfi=(2)
cfn=(4532)
calls=400 0 
0 25580
0 4
cob=(2)
cfi=(2)
cfn=(4532)
calls=1 0 
0 64
0 2005
cob=(2)
cfi=(2)
cfn=(4206)
calls=401 0 
0 17116
0 7216

fn=(6658)
0 5614
cfn=(6660)
calls=802 0 
0 236590
0 5614

fn=(6660)
0 19248
cfn=(6662)
calls=1604 0 
0 280700
0 201703

fn=(6674)
0 777
cfn=(6440)
calls=777 0 
0 39627

fn=(6696) <h2::frame::headers::Pseudo>::set_scheme
0 15639

fn=(6718) <http::header::map::HeaderMap>::contains_key::<&str>
0 28872
cfn=(6662)
calls=2406 0 
0 368118
0 287918

fn=(6752)
0 53734

fn=(6764)
0 77112

fn=(6776)
0 26796

fn=(6812)
0 4353
cob=(2)
cfi=(2)
cfn=(4532)
calls=114 0 
0 10692
0 611
cob=(2)
cfi=(2)
cfn=(4206)
calls=1 0 
0 392
0 1529
cfn=(5740)
calls=9 0 
0 2534
0 27

fn=(6816) <h2::hpack::table::Table>::index_vacant
0 126
cfn=(6818)
calls=7 0 
0 177
0 28
cfn=(6820) <h2::hpack::table::Table>::converge
calls=7 0 
0 182
0 160
cfn=(6822) <alloc::collections::vec_deque::VecDeque<h2::hpack::table::Slot>>::grow
calls=2 0 
0 723
0 359

fn=(6826) h2::hpack::encoder::encode_str
0 6430
cfn=(6812)
calls=2 0 
0 871
0 205230
cfn=(6812)
calls=5 0 
0 1885
0 9746

fn=(6842)
0 16842
cob=(2)
cfi=(2)
cfn=(4206)
calls=401 0 
0 17716
0 4806
cob=(2)
cfi=(2)
cfn=(4532)
calls=400 0 
0 11600
0 4
cob=(2)
cfi=(2)
cfn=(4532)
calls=1 0 
0 29
0 1604
cfn=(7164) <tonic::status::Status>::to_header_map
calls=401 0 
0 298549
0 5614
cfn=(7174) core::ptr::drop_glue::<tonic::status::StatusInner>
calls=401 0 
0 28070
0 802
cob=(2)
cfi=(2)
cfn=(4916)
calls=401 0 
0 29273
0 4010

fn=(6848)
0 6432
cob=(2)
cfi=(2)
cfn=(4916)
calls=402 0 
0 35604

fn=(6852)
0 4812
cfn=(6854)
calls=802 0 
0 232580
0 8822
cfn=(7182)
calls=401 0 
0 119560
cfn=(6860)
calls=401 0 
0 10827
0 5614
cob=(2)
cfi=(2)
cfn=(4916)
calls=802 0 
0 110770

fn=(6874)
0 69774
cob=(2)
cfi=(2)
cfn=(4532)
calls=802 0 
0 23258
0 23258

fn=(6888)
0 14048
cfn=(6878)
calls=424 0 
0 10644
0 9328
cfn=(6890)
calls=424 0 
0 349627
0 856
cfn=(6890)
calls=2 0 
0 746
0 2124
cfn=(6892) <h2::hpack::decoder::StringMarker>::consume
calls=424 0 
0 18656
0 9858
cfn=(6890)
calls=2 0 
0 617
0 48
cfn=(6892)
calls=2 0 
0 88
0 26
cfn=(6892)
calls=2 0 
0 88
0 24
cfn=(6904)
calls=2 0 
0 306
0 1608
cfn=(5048)
calls=401 0 
0 47449
0 806
cfn=(5048)
calls=1 0 
0 114
0 4954
cfn=(6906) <bytes::bytes::Bytes>::copy_from_slice
calls=22 0 
0 2328
0 396
cfn=(6882)
calls=22 0 
0 110
0 848
cfn=(6814)
calls=424 0 
0 10242
0 1496
cfn=(6906)
calls=2 0 
0 501
0 54
cfn=(6882)
calls=2 0 
0 10
0 8
cfn=(6882)
calls=2 0 
0 10
0 2

fn=(6898)
0 30
cfn=(6900) <alloc::raw_vec::RawVec<h2::hpack::header::Header>>::grow_one
calls=5 0 
0 3333
0 65
cob=(2)
cfi=(2)
cfn=(4532)
calls=1 0 
0 64
0 26
cob=(2)
cfi=(2)
cfn=(4532)
calls=1 0 
0 52

fn=(6952)
0 8822
cfn=(6954) <http::header::map::HeaderMap>::get_all::<http::header::name::HeaderName>
calls=802 0 
0 80200
0 25664

fn=(6964) <hyper::proto::h2::server::H2Stream<hyper_util::service::glue::TowerToHyperServiceFuture<tower::util::map_request::MapRequest<tower::util::boxed_clone::BoxCloneService<http::request::Request<tonic::body::Body>, http::response::Response<tonic::body::Body>, alloc::boxed::Box<dyn core::error::Error + core::marker::Send + core::marker::Sync>>, <tonic::transport::server::Server>::serve_internal<tonic::service::router::Routes, tonic::transport::server::incoming::TcpIncoming, core::future::ready::Ready<()>, tokio::net::tcp::stream::TcpStream, core::io::error::Error, tonic::body::Body>::{closure#0}::{closure#1}>, http::request::Request<hyper::body::incoming::Incoming>>, tonic::body::Body, hyper_util::rt::tokio::TokioExecutor> as core::future::future::Future>::poll
0 10932
cfn=(6742)
calls=401 0 
0 2210112
0 5042
cfn=(6966) <hyper_util::service::glue::TowerToHyperServiceFuture<tower::util::map_request::MapRequest<tower::util::boxed_clone::BoxCloneService<http::request::Request<tonic::body::Body>, http::response::Response<tonic::body::Body>, alloc::boxed::Box<dyn core::error::Error + core::marker::Send + core::marker::Sync>>, <tonic::transport::server::Server>::serve_internal<tonic::service::router::Routes, tonic::transport::server::incoming::TcpIncoming, core::future::ready::Ready<()>, tokio::net::tcp::stream::TcpStream, core::io::error::Error, tonic::body::Body>::{closure#0}::{closure#1}>, http::request::Request<hyper::body::incoming::Incoming>> as core::future::future::Future>::poll
calls=848 0 
0 5865779
0 6475
cfn=(6744)
calls=447 0 
0 50320
0 9762
cfn=(6680)
calls=401 0 
0 239397
0 2005
cfn=(7128)
calls=401 0 
0 44511
0 4812
cfn=(7130)
calls=401 0 
0 133051
0 5706
cfn=(7144)
calls=401 0 
0 8020
0 2406
cfn=(7146)
calls=401 0 
0 12832
0 8822
cfn=(7152)
calls=401 0 
0 805620
0 16684
cfn=(6998)
calls=401 0 
0 8020
0 5213

fn=(6968) <tower::util::map_future::MapFuture<tonic::transport::server::service::io::ConnectInfo<tonic::transport::server::Svc<tonic::service::recover_error::RecoverError<tower::util::either::Either<tower::load_shed::LoadShed<tower::util::either::Either<tower::limit::concurrency::service::ConcurrencyLimit<tonic::transport::service::grpc_timeout::GrpcTimeout<tonic::service::router::Routes>>, tonic::transport::service::grpc_timeout::GrpcTimeout<tonic::service::router::Routes>>>, tower::util::either::Either<tower::limit::concurrency::service::ConcurrencyLimit<tonic::transport::service::grpc_timeout::GrpcTimeout<tonic::service::router::Routes>>, tonic::transport::service::grpc_timeout::GrpcTimeout<tonic::service::router::Routes>>>>>, tonic::transport::server::service::io::ServerIoConnectInfo<tokio::net::tcp::stream::TcpStream>>, <tower::util::boxed_clone::BoxCloneService<http::request::Request<tonic::body::Body>, http::response::Response<tonic::body::Body>, alloc::boxed::Box<dyn core::error::Error + core::marker::Send + core::marker::Sync>>>::new<tonic::transport::server::service::io::ConnectInfo<tonic::transport::server::Svc<tonic::service::recover_error::RecoverError<tower::util::either::Either<tower::load_shed::LoadShed<tower::util::either::Either<tower::limit::concurrency::service::ConcurrencyLimit<tonic::transport::service::grpc_timeout::GrpcTimeout<tonic::service::router::Routes>>, tonic::transport::service::grpc_timeout::GrpcTimeout<tonic::service::router::Routes>>>, tower::util::either::Either<tower::limit::concurrency::service::ConcurrencyLimit<tonic::transport::service::grpc_timeout::GrpcTimeout<tonic::service::router::Routes>>, tonic::transport::service::grpc_timeout::GrpcTimeout<tonic::service::router::Routes>>>>>, tonic::transport::server::service::io::ServerIoConnectInfo<tokio::net::tcp::stream::TcpStream>>>::{closure#0}> as tower_service::Service<http::request::Request<tonic::body::Body>>>::poll_ready
0 4010
cfn=(6970)
calls=401 0 
0 7619
0 4812

fn=(6972) <http::request::Request<hyper::body::incoming::Incoming>>::map::<<tonic::body::Body>::new<hyper::body::incoming::Incoming>, tonic::body::Body>
0 7619
cfn=(6958)
calls=401 0 
0 24931
0 5614
cob=(2)
cfi=(2)
cfn=(4206)
calls=401 0 
0 18070
0 7206
cob=(2)
cfi=(2)
cfn=(4532)
calls=400 0 
0 11600
0 10
cob=(2)
cfi=(2)
cfn=(4532)
calls=1 0 
0 29
0 3208

fn=(7040)
0 16500
cfn=(7042)
calls=1650 0 
0 696002
0 39186
cfn=(7042)
calls=802 0 
0 701037
0 20050

fn=(7086)
0 14436
cfn=(7090)
calls=401 0 
0 500260
cfn=(7186)
calls=401 0 
0 11228
cfn=(7088)
calls=401 0 
0 220398
0 8421
cob=(2)
cfi=(2)
cfn=(4916)
calls=1203 0 
0 84429

fn=(7087)
0 4812
cfn=(7090)
calls=401 0 
0 148370
0 2807
cob=(2)
cfi=(2)
cfn=(4916)
calls=401 0 
0 27969

fn=(7110) core::ptr::drop_glue::<<devloop::TonicEchod as devloop::echo::echo_server::Echo>::server_stream::{closure#0}>
0 3609

fn=(7148)
0 1604
cfn=(7150)
calls=401 0 
0 6015

fn=(7170)
0 12030
cob=(2)
cfi=(2)
cfn=(4206)
calls=401 0 
0 65465
0 4805
cob=(2)
cfi=(2)
cfn=(4532)
calls=400 0 
0 4400
0 5
cob=(2)
cfi=(2)
cfn=(4532)
calls=1 0 
0 11
0 8421
cob=(2)
cfi=(2)
cfn=(4206)
calls=401 0 
0 16441
0 24057
cfn=(5804)
calls=400 0 
0 4000
cfn=(5784)
calls=1 0 
0 16
0 9624
cfn=(5804)
calls=400 0 
0 4000
cfn=(5784)
calls=1 0 
0 16
0 35288

fn=(7232)
0 5213

fn=(7282) core::ptr::drop_glue::<<devloop::echo::echo_client::EchoClient<tonic::transport::channel::Channel>>::unary<devloop::echo::EchoRequest>::{closure#0}>
0 6015

fn=(7514) <serde_json::ser::Compound<&mut alloc::vec::Vec<u8>, serde_json::ser::CompactFormatter> as serde_core::ser::SerializeStruct>::end
0 16

fn=(7548)
0 13

fn=(7558)
0 56
cfn=(7560) <<alloc::boxed::Box<dyn core::error::Error + core::marker::Send + core::marker::Sync> as core::convert::From<alloc::string::String>>::from::StringError as core::fmt::Display>::fmt
calls=2 0 
0 472
0 22
cfn=(7562) alloc::io::error::custom_owner_from_box::drop_box_raw::<core::io::error::Custom>
calls=2 0 
0 500
0 14

fn=(7602) <alloc::sync::Arc<h2::proto::streams::streams::SendBuffer<hyper::proto::h2::SendBuf<bytes::bytes::Bytes>>>>::drop_slow
0 77
cob=(2)
cfi=(2)
cfn=(4916)
calls=2 0 
0 402
0 26
cob=(2)
cfi=(2)
cfn=(4916)
calls=2 0 
0 138

fn=(7628)
0 13
cob=(2)
cfi=(2)
cfn=(4916)
calls=1 0 
0 115
0 11
cob=(2)
cfi=(2)
cfn=(4916)
calls=1 0 
0 117
0 21
cob=(2)
cfi=(2)
cfn=(4916)
calls=1 0 
0 65

fn=(7664)
0 16
cob=(2)
cfi=(2)
cfn=(4916)
calls=1 0 
0 117

fn=(7680) core::ptr::drop_glue::<<tonic::transport::server::Server>::serve_with_incoming<tonic::service::router::Routes, tokio_stream::wrappers::tcp_listener::TcpListenerStream, tokio::net::tcp::stream::TcpStream, core::io::error::Error, tonic::body::Body>::{closure#0}>
0 15
cfn=(7682)
calls=1 0 
0 4013

fn=(7714)
0 22
cfn=(5182)
calls=1 0 
0 26
0 34
cob=(2)
cfi=(2)
cfn=(6418)
calls=1 0 
0 11
0 16

fn=(7876)
0 89
cfn=(6346)
calls=1 0 
0 141
0 101
cfn=(5412)
calls=1 0 
0 112
0 64
cfn=(6340)
calls=3 0 
0 201
0 12
cfn=(7878) <alloc::sync::Arc<tokio::runtime::io::scheduled_io::ScheduledIo>>::drop_slow
calls=3 0 
0 470
0 7
cfn=(7880)
calls=1 0 
0 84
0 32

fn=(7892)
0 50
cfn=(7894)
calls=4 0 
0 1224
0 20
cfn=(5420)
calls=4 0 
0 840
0 6
cob=(2)
cfi=(2)
cfn=(4916)
calls=1 0 
0 117
0 4
cob=(2)
cfi=(2)
cfn=(4916)
calls=1 0 
0 65
0 4
cob=(2)
cfi=(2)
cfn=(4916)
calls=1 0 
0 117
0 3
cfn=(5418)
calls=1 0 
0 141
0 2
cfn=(7900)
calls=1 0 
0 20
0 4
cob=(2)
cfi=(2)
cfn=(4916)
calls=1 0 
0 65
0 2
cfn=(7902) core::ptr::drop_glue::<tokio::runtime::driver::Handle>
calls=1 0 
0 433
0 17

fn=(6514) <devloop::echo::echo_client::EchoClient<tonic::transport::channel::Channel>>::unary::<devloop::echo::EchoRequest>::{closure#0}
0 40705
cfn=(6516) <tonic::transport::channel::Channel as tower_service::Service<http::request::Request<tonic::body::Body>>>::poll_ready
calls=401 0 
0 148369
0 28263
cfn=(6532)
calls=401 0 
0 209504
0 3208
cob=(2)
cfi=(2)
cfn=(4532)
calls=401 0 
0 11629
0 2406
cob=(2)
cfi=(2)
cfn=(4532)
calls=401 0 
0 11629
0 2005
cob=(2)
cfi=(2)
cfn=(4532)
calls=401 0 
0 11629
0 28070
cob=(2)
cfi=(2)
cfn=(4532)
calls=401 0 
0 11629
0 5213
cfn=(6538)
calls=401 0 
0 1023195
0 3880
cfn=(6538)
calls=776 0 
0 1371293
0 5937
cob=(2)
cfi=(2)
cfn=(4532)
calls=401 0 
0 25664
0 1203
cfn=(7266) core::ptr::drop_glue::<<tonic::client::grpc::Grpc<tonic::transport::channel::Channel>>::streaming<tokio_stream::once::Once<devloop::echo::EchoRequest>, devloop::echo::EchoRequest, devloop::echo::EchoReply, tonic_prost::codec::ProstCodec<devloop::echo::EchoRequest, devloop::echo::EchoReply>>::{closure#0}>
calls=401 0 
0 5213
0 4359
cob=(2)
cfi=(2)
cfn=(4532)
calls=401 0 
0 11629
0 9223
cob=(2)
cfi=(2)
cfn=(4532)
calls=401 0 
0 11629
0 4010
cfn=(7268) <tonic::codec::decode::Streaming<devloop::echo::EchoReply> as futures_core::stream::Stream>::poll_next
calls=401 0 
0 727405
0 50032
cfn=(7278)
calls=401 0 
0 7619
0 7218
cfn=(7280)
calls=401 0 
0 5213
0 4010
cfn=(7268)
calls=401 0 
0 130726
0 1203
cfn=(7268)
calls=401 0 
0 1095048
0 28872
cfn=(7172)
calls=401 0 
0 218156
0 11228
cob=(2)
cfi=(2)
cfn=(4916)
calls=401 0 
0 27689
0 1203
cfn=(7084)
calls=401 0 
0 691667
0 8020

fn=(6520)
0 11
cfn=(7528)
calls=1 0 
0 188
0 22456

fn=(6528)
0 3609

fn=(6778)
0 106
cfn=(6470)
calls=1 0 
0 19
0 43

fn=(5052)
0 156

fn=(5078)
0 19
cfn=(5080)
calls=1 0 
0 763
0 5
cfn=(5104)
calls=1 0 
0 6422
0 15
cfn=(5158)
calls=1 0 
0 3027
0 10
cob=(2)
cfi=(2)
cfn=(4532)
calls=1 0 
0 29
0 8
cob=(2)
cfi=(2)
cfn=(4532)
calls=1 0 
0 29
0 6
cfn=(5200) tokio::runtime::blocking::create_blocking_pool
calls=1 0 
0 607
0 9
cfn=(5212)
calls=1 0 
0 63
0 4
cfn=(5212)
calls=1 0 
0 63
0 6
cob=(2)
cfi=(2)
cfn=(4532)
calls=1 0 
0 29
0 57
cob=(2)
cfi=(2)
cfn=(4206)
calls=1 0 
0 190
0 22
cob=(2)
cfi=(2)
cfn=(4206)
calls=1 0 
0 190
0 42
cob=(2)
cfi=(2)
cfn=(4206)
calls=1 0 
0 41
0 25
cob=(2)
cfi=(2)
cfn=(4206)
calls=1 0 
0 190
0 31
cob=(2)
cfi=(2)
cfn=(5214)
calls=1 0 
0 470
0 97
cob=(2)
cfi=(2)
cfn=(4206)
calls=4 0 
0 750
0 32
cob=(2)
cfi=(2)
cfn=(4206)
calls=4 0 
0 540
0 116
cob=(2)
cfi=(2)
cfn=(4206)
calls=4 0 
0 801
0 72
cfn=(5182)
calls=4 0 
0 104
0 16
cfn=(5182)
calls=4 0 
0 104
0 44
cfn=(5212)
calls=4 0 
0 252
0 136
cob=(2)
cfi=(2)
cfn=(4206)
calls=4 0 
0 611
0 186
cob=(2)
cfi=(2)
cfn=(4206)
calls=1 0 
0 190
0 48
cob=(2)
cfi=(2)
cfn=(4206)
calls=1 0 
0 187
0 18
cob=(2)
cfi=(2)
cfn=(4968)
calls=1 0 
0 35
0 92
cob=(2)
cfi=(2)
cfn=(4532)
calls=1 0 
0 29
0 4
cob=(2)
cfi=(2)
cfn=(4206)
calls=1 0 
0 179
0 10
cob=(2)
cfi=(2)
cfn=(4532)
calls=1 0 
0 88
0 122
cob=(2)
cfi=(2)
cfn=(4206)
calls=4 0 
0 760
0 62
cfn=(5412)
calls=1 0 
0 261
0 7
cfn=(5416)
calls=1 0 
0 25
0 7
cfn=(5418)
calls=1 0 
0 89
0 5
cfn=(5420)
calls=1 0 
0 77
0 73
cfn=(5458)
calls=4 0 
0 116
0 156
cob=(2)
cfi=(2)
cfn=(5214)
calls=4 0 
0 1822
0 48
cob=(2)
cfi=(2)
cfn=(4532)
calls=4 0 
0 116
0 20
cfn=(5460)
calls=4 0 
0 16012
0 65
cfn=(5654) core::ptr::drop_glue::<alloc::vec::drain::Drain<alloc::sync::Arc<tokio::runtime::scheduler::multi_thread::worker::Worker>>>
calls=1 0 
0 26
0 2
cfn=(5656) core::ptr::drop_glue::<tokio::runtime::scheduler::multi_thread::worker::Launch>
calls=1 0 
0 88
0 8
cfn=(5658)
calls=1 0 
0 45
0 9
cfn=(5422)
calls=1 0 
0 237
0 3

fn=(5110)
0 22
cfn=(5112)
calls=2 0 
0 247
0 20
cob=(2)
cfi=(2)
cfn=(5116) lseek
calls=2 0 
0 10
0 32

fn=(5132)
0 144
cfn=(5130)
calls=3 0 
0 233
0 36

fn=(5150)
0 12
cfn=(5110)
calls=1 0 
0 165
0 15
cfn=(5118)
calls=1 0 
0 250
0 9
cfn=(5048)
calls=1 0 
0 109
0 14

fn=(5416)
0 50

fn=(5618)
0 161
cfn=(5076)
calls=7 0 
0 385
0 476

fn=(5656)
0 23
cob=(2)
cfi=(2)
cfn=(4916)
calls=1 0 
0 65

fn=(5660)
0 31

fn=(5666)
0 17
cfn=(5668)
calls=1 0 
0 518
0 2

fn=(5676)
0 14
cfn=(5678)
calls=1 0 
0 211
0 16

fn=(5720)
0 1889
cfn=(7522)
calls=2 0 
0 218
cfn=(5722)
calls=3 0 
0 388
0 905
cfn=(7524)
calls=1 0 
0 136
cfn=(7140)
calls=56 0 
0 14560
cfn=(6234)
calls=1 0 
0 67
cfn=(5724)
calls=1 0 
0 1606
0 885

fn=(5721)
0 142
cfn=(5722)
calls=4 0 
0 486
0 106
cfn=(5768)
calls=1 0 
0 164
cfn=(5732)
calls=4 0 
0 594
cfn=(5728)
calls=1 0 
0 1263
0 50

fn=(5790)
0 7
cfn=(5792)
calls=1 0 
0 77
0 26
cob=(2)
cfi=(2)
cfn=(4206)
calls=1 0 
0 41
0 56

fn=(5792)
0 110
cfn=(5784)
calls=1 0 
0 16
cfn=(5804)
calls=4 0 
0 40
0 50
cfn=(5794)
calls=5 0 
0 35
0 7751
cfn=(5794)
calls=401 0 
0 2807
cfn=(5784)
calls=1 0 
0 16
0 4020
cfn=(5794)
calls=401 0 
0 2807
cfn=(5794)
calls=1 0 
0 7
0 8844

fn=(5834)
0 16
cfn=(5680)
calls=1 0 
0 142
0 11
cob=(2)
cfi=(2)
cfn=(4206)
calls=1 0 
0 41
0 29

fn=(5840)
0 17
cfn=(5414)
calls=1 0 
0 74
0 10

fn=(6178)
0 19
cfn=(6180)
calls=1 0 
0 340
0 22
cfn=(6180)
calls=1 0 
0 340
0 16
cfn=(6182)
calls=1 0 
0 28
0 5
cfn=(6186)
calls=1 0 
0 3409
0 5
cob=(2)
cfi=(2)
cfn=(4532)
calls=1 0 
0 52
0 5
cfn=(6186)
calls=1 0 
0 4411
0 24
cob=(2)
cfi=(2)
cfn=(4206)
calls=1 0 
0 210
0 10
cob=(2)
cfi=(2)
cfn=(4532)
calls=1 0 
0 29
0 3
cfn=(6226)
calls=1 0 
0 172
0 2
cob=(2)
cfi=(2)
cfn=(4206)
calls=1 0 
0 38
0 27
cob=(2)
cfi=(2)
cfn=(4532)
calls=1 0 
0 29
0 4
cob=(2)
cfi=(2)
cfn=(4206)
calls=1 0 
0 41
0 10
cob=(2)
cfi=(2)
cfn=(4532)
calls=1 0 
0 29
0 17
cob=(2)
cfi=(2)
cfn=(4206)
calls=1 0 
0 207
0 13
cob=(2)
cfi=(2)
cfn=(4532)
calls=1 0 
0 29
0 4
cfn=(6226)
calls=1 0 
0 172
0 5
cob=(2)
cfi=(2)
cfn=(4532)
calls=1 0 
0 52
0 3
cfn=(6182)
calls=1 0 
0 366
0 6
cfn=(6186)
calls=1 0 
0 546
0 5
cob=(2)
cfi=(2)
cfn=(4532)
calls=1 0 
0 52
0 5
cfn=(6186)
calls=1 0 
0 598
0 6
cob=(2)
cfi=(2)
cfn=(4532)
calls=1 0 
0 29
0 4
cob=(2)
cfi=(2)
cfn=(4206)
calls=1 0 
0 41
0 10
cob=(2)
cfi=(2)
cfn=(4532)
calls=1 0 
0 29
0 7

fn=(6198)
0 133
cfn=(6200)
calls=5 0 
0 896
0 144

fn=(6206)
0 9269
cfn=(6208)
calls=403 0 
0 10881
0 27611
cfn=(6208)
calls=9 0 
0 243
0 612

fn=(6248) core::ptr::drop_glue::<hashbrown::raw::RawIntoIter<(axum::routing::RouteId, axum::routing::Endpoint<()>)>>
0 48
cob=(2)
cfi=(2)
cfn=(4916)
calls=2 0 
0 346

fn=(6304)
0 88417

fn=(6334)
0 195356

fn=(6362)
0 11
cfn=(5700)
calls=1 0 
0 45
0 10
cfn=(6364) <std::sys::net::connection::socket::TcpStream>::peer_addr
calls=1 0 
0 45
0 23

fn=(6430)
0 48184
cfn=(6432)
calls=2536 0 
0 589318
0 35894

fn=(6452)
0 12

fn=(6454)
0 25
cob=(2)
cfi=(2)
cfn=(4206)
calls=1 0 
0 258
0 28
cob=(2)
cfi=(2)
cfn=(5214)
calls=1 0 
0 649
0 12
cob=(2)
cfi=(2)
cfn=(4532)
calls=1 0 
0 76
0 6
cob=(2)
cfi=(2)
cfn=(4206)
calls=1 0 
0 41
0 56
cfn=(6458)
calls=1 0 
0 69
0 6
cob=(2)
cfi=(2)
cfn=(4532)
calls=1 0 
0 29
0 18
cob=(2)
cfi=(2)
cfn=(4532)
calls=1 0 
0 29
0 25
cfn=(6460)
calls=1 0 
0 175
0 24
cfn=(6466)
calls=1 0 
0 2
0 17
cob=(2)
cfi=(2)
cfn=(4206)
calls=1 0 
0 263
0 16
cob=(2)
cfi=(2)
cfn=(4532)
calls=1 0 
0 29
0 4
cob=(2)
cfi=(2)
cfn=(4532)
calls=1 0 
0 29
0 19
cob=(2)
cfi=(2)
cfn=(4206)
calls=1 0 
0 182
0 11
cob=(2)
cfi=(2)
cfn=(4532)
calls=1 0 
0 29
0 12
cob=(2)
cfi=(2)
cfn=(4532)
calls=1 0 
0 29
0 31
cob=(2)
cfi=(2)
cfn=(4206)
calls=1 0 
0 182
0 16
cob=(2)
cfi=(2)
cfn=(4532)
calls=1 0 
0 29
0 108
cfn=(6392)
calls=1 0 
0 345
0 7
cob=(2)
cfi=(2)
cfn=(4532)
calls=1 0 
0 124
0 56
cfn=(6468)
calls=1 0 
0 690
0 13
cob=(2)
cfi=(2)
cfn=(4206)
calls=1 0 
0 41
0 24
cfn=(6472)
calls=1 0 
0 37
0 3
cfn=(6476)
calls=1 0 
0 22
0 4
cob=(2)
cfi=(2)
cfn=(4532)
calls=1 0 
0 124
0 72
cob=(2)
cfi=(2)
cfn=(4532)
calls=1 0 
0 148
0 5
cfn=(6478) <h2::client::Connection<hyper::common::io::compat::Compat<tonic::transport::channel::service::io::BoxedIo>, hyper::proto::h2::SendBuf<bytes::bytes::Bytes>>>::set_target_window_size
calls=1 0 
0 84
0 20
cob=(2)
cfi=(2)
cfn=(4532)
calls=1 0 
0 148
0 17
cob=(2)
cfi=(2)
cfn=(4532)
calls=1 0 
0 148
0 20
cob=(2)
cfi=(2)
cfn=(4532)
calls=1 0 
0 148
0 2
cfn=(6482) core::ptr::drop_glue::<<h2::client::Connection<hyper::common::io::compat::Compat<tonic::transport::channel::service::io::BoxedIo>, hyper::proto::h2::SendBuf<bytes::bytes::Bytes>>>::handshake2::{closure#0}>
calls=1 0 
0 17
0 18
cob=(2)
cfi=(2)
cfn=(4532)
calls=1 0 
0 148
0 6
cob=(2)
cfi=(2)
cfn=(4206)
calls=1 0 
0 183
0 9
cob=(2)
cfi=(2)
cfn=(4206)
calls=1 0 
0 189
0 22
cob=(2)
cfi=(2)
cfn=(4206)
calls=1 0 
0 133
0 24
cob=(2)
cfi=(2)
cfn=(4206)
calls=1 0 
0 189
0 24
cob=(2)
cfi=(2)
cfn=(4206)
calls=1 0 
0 189
0 32
cob=(2)
cfi=(2)
cfn=(4532)
calls=1 0 
0 148
0 6
cob=(2)
cfi=(2)
cfn=(4532)
calls=1 0 
0 148
0 26
cob=(2)
cfi=(2)
cfn=(4206)
calls=1 0 
0 368
0 15
cob=(2)
cfi=(2)
cfn=(4532)
calls=1 0 
0 172
0 4
cfn=(6486)
calls=1 0 
0 947
0 46
cfn=(6498)
calls=1 0 
0 17
0 62

fn=(6466)
0 2410

fn=(6580)
0 18
cfn=(6428)
calls=1 0 
0 17
0 7
cfn=(7552)
calls=1 0 
0 11169
0 15

fn=(6586)
0 205468
cfn=(6588)
calls=1657 0 
0 28169
0 146639
cfn=(6392)
calls=1 0 
0 172
0 55
cfn=(6618)
calls=1 0 
0 50
0 199098
cfn=(6610)
calls=1206 0 
0 106788
0 61875
cfn=(6430)
calls=2534 0 
0 672849
0 34929
cfn=(6610)
calls=917 0 
0 187568
0 6025
cfn=(6436)
calls=40 0 
0 8116
0 33282
cfn=(6614)
calls=1206 0 
0 1905662
0 31199
cob=(2)
cfi=(2)
cfn=(4532)
calls=1206 0 
0 34974
0 39788
cob=(2)
cfi=(2)
cfn=(4532)
calls=1206 0 
0 34974
0 15678
cob=(2)
cfi=(2)
cfn=(4532)
calls=1206 0 
0 34974
0 4824
cfn=(6616)
calls=1206 0 
0 1788801
0 29047
cfn=(6778)
calls=1 0 
0 48
0 14489
cob=(2)
cfi=(2)
cfn=(4532)
calls=1206 0 
0 34974
0 43684
cfn=(6400)
calls=401 0 
0 218545
0 147069
cfn=(6400)
calls=1657 0 
0 275611
0 62966
cfn=(6592)
calls=1657 0 
0 53024
0 56686
cfn=(6592)
calls=2058 0 
0 217154
0 49929
cfn=(6594)
calls=2860 0 
0 108668
0 25740
cfn=(6596)
calls=2860 0 
0 1074009
0 10532
cob=(2)
cfi=(2)
cfn=(4532)
calls=1203 0 
0 76992
0 10426
cob=(2)
cfi=(2)
cfn=(4532)
calls=401 0 
0 25664
0 4010
cob=(2)
cfi=(2)
cfn=(4532)
calls=802 0 
0 51328
0 4812
cfn=(6392)
calls=1203 0 
0 1805583
0 8421
cfn=(6592)
calls=1203 0 
0 38496
0 1215
cfn=(6392)
calls=2 0 
0 236
0 10
cfn=(6470)
calls=2 0 
0 38
0 28173
cfn=(6304)
calls=1657 0 
0 11599
0 10793
cfn=(6762)
calls=1254 0 
0 10032
0 48053

fn=(6598)
0 108426

fn=(6670)
0 6015
cob=(2)
cfi=(2)
cfn=(4206)
calls=401 0 
0 107274
0 4806
cob=(2)
cfi=(2)
cfn=(4532)
calls=400 0 
0 11600
0 4
cob=(2)
cfi=(2)
cfn=(4532)
calls=1 0 
0 29
0 3609
cob=(2)
cfi=(2)
cfn=(4532)
calls=401 0 
0 11629
0 5614
cob=(2)
cfi=(2)
cfn=(4532)
calls=401 0 
0 11629
0 5737
cob=(2)
cfi=(2)
cfn=(4206)
calls=1 0 
0 501
0 376
cob=(2)
cfi=(2)
cfn=(4532)
calls=12 0 
0 348
0 3501
cob=(2)
cfi=(2)
cfn=(4532)
calls=389 0 
0 11281
0 9223
cfn=(6342)
calls=401 0 
0 36491
0 2807
cob=(2)
cfi=(2)
cfn=(4532)
calls=401 0 
0 11629
0 1604
cob=(2)
cfi=(2)
cfn=(4206)
calls=401 0 
0 45526
0 4805
cob=(2)
cfi=(2)
cfn=(4532)
calls=400 0 
0 30302
0 5
cob=(2)
cfi=(2)
cfn=(4532)
calls=1 0 
0 76
0 4010

fn=(6684)
0 3208

fn=(6692)
0 11228
cfn=(6470)
calls=802 0 
0 15238
0 6416
cfn=(6470)
calls=802 0 
0 15238
0 29674

fn=(6704) <alloc::raw_vec::RawVec<slab::Entry<h2::proto::streams::stream::Stream>>>::grow_one
0 30
cfn=(5414)
calls=2 0 
0 573
0 18

fn=(6734)
0 25664

fn=(6736)
0 11228

fn=(6756)
0 34887
cfn=(6758)
calls=1203 0 
0 184861
0 20451

fn=(6798)
0 19649

fn=(6802)
0 67368
cob=(2)
cfi=(2)
cfn=(4532)
calls=2406 0 
0 153984
0 34887
cob=(2)
cfi=(2)
cfn=(4532)
calls=1203 0 
0 76992
0 3609
cob=(2)
cfi=(2)
cfn=(4532)
calls=1203 0 
0 76992
0 19248

fn=(6820)
0 650

fn=(6822)
0 30
cfn=(6824) <alloc::raw_vec::RawVec<h2::hpack::table::Slot>>::grow_one
calls=5 0 
0 3160
0 67
cob=(2)
cfi=(2)
cfn=(4532)
calls=1 0 
0 64
0 27
cob=(2)
cfi=(2)
cfn=(4532)
calls=1 0 
0 64

fn=(6834)
0 38496
cfn=(6548)
calls=1203 0 
0 15639
0 4812
cob=(2)
cfi=(2)
cfn=(4916)
calls=1203 0 
0 87779
0 12030
cfn=(6550)
calls=1203 0 
0 21654
0 25664
cfn=(6548)
calls=802 0 
0 10426
0 2406
cob=(2)
cfi=(2)
cfn=(4916)
calls=401 0 
0 29273
0 8020
cfn=(6550)
calls=802 0 
0 14436

fn=(6862)
0 10426

fn=(6866)
0 41064
cfn=(6868)
calls=805 0 
0 55756
0 8959
cfn=(7216)
calls=52 0 
0 1352
0 104
cob=(2)
cfi=(2)
cfn=(4916)
calls=52 0 
0 3788
0 6440

fn=(6868)
0 83662

fn=(6870)
0 26466
cfn=(6872)
calls=1203 0 
0 29273
0 27669

fn=(6892)
0 18832

fn=(6910)
0 10827

fn=(6918)
0 74987

fn=(6938)
0 57744

fn=(6950)
0 9223
cfn=(6772)
calls=401 0 
0 43937
0 3609
cob=(2)
cfi=(2)
cfn=(4532)
calls=401 0 
0 11629
0 2005

fn=(6966)
0 15402
cfn=(7002) <tonic::transport::server::SvcFuture<tonic::service::recover_error::ResponseFuture<tower::util::either::EitherResponseFuture<tower::load_shed::future::ResponseFuture<tower::util::either::EitherResponseFuture<tower::limit::concurrency::future::ResponseFuture<tonic::transport::service::grpc_timeout::ResponseFuture<tonic::service::router::RoutesFuture>>, tonic::transport::service::grpc_timeout::ResponseFuture<tonic::service::router::RoutesFuture>>>, tower::util::either::EitherResponseFuture<tower::limit::concurrency::future::ResponseFuture<tonic::transport::service::grpc_timeout::ResponseFuture<tonic::service::router::RoutesFuture>>, tonic::transport::service::grpc_timeout::ResponseFuture<tonic::service::router::RoutesFuture>>>>> as core::future::future::Future>::poll
calls=447 0 
0 2599653
0 802
cfn=(7002)
calls=401 0 
0 1757500
0 11767
cfn=(6998)
calls=401 0 
0 66165
0 9624
cfn=(6968)
calls=401 0 
0 16441
0 12891
cob=(2)
cfi=(2)
cfn=(4532)
calls=401 0 
0 11629
0 1604
cfn=(6972)
calls=401 0 
0 78287
0 1203
cfn=(6974) <tower::util::map_future::MapFuture<tonic::transport::server::service::io::ConnectInfo<tonic::transport::server::Svc<tonic::service::recover_error::RecoverError<tower::util::either::Either<tower::load_shed::LoadShed<tower::util::either::Either<tower::limit::concurrency::service::ConcurrencyLimit<tonic::transport::service::grpc_timeout::GrpcTimeout<tonic::service::router::Routes>>, tonic::transport::service::grpc_timeout::GrpcTimeout<tonic::service::router::Routes>>>, tower::util::either::Either<tower::limit::concurrency::service::ConcurrencyLimit<tonic::transport::service::grpc_timeout::GrpcTimeout<tonic::service::router::Routes>>, tonic::transport::service::grpc_timeout::GrpcTimeout<tonic::service::router::Routes>>>>>, tonic::transport::server::service::io::ServerIoConnectInfo<tokio::net::tcp::stream::TcpStream>>, <tower::util::boxed_clone::BoxCloneService<http::request::Request<tonic::body::Body>, http::response::Response<tonic::body::Body>, alloc::boxed::Box<dyn core::error::Error + core::marker::Send + core::marker::Sync>>>::new<tonic::transport::server::service::io::ConnectInfo<tonic::transport::server::Svc<tonic::service::recover_error::RecoverError<tower::util::either::Either<tower::load_shed::LoadShed<tower::util::either::Either<tower::limit::concurrency::service::ConcurrencyLimit<tonic::transport::service::grpc_timeout::GrpcTimeout<tonic::service::router::Routes>>, tonic::transport::service::grpc_timeout::GrpcTimeout<tonic::service::router::Routes>>>, tower::util::either::Either<tower::limit::concurrency::service::ConcurrencyLimit<tonic::transport::service::grpc_timeout::GrpcTimeout<tonic::service::router::Routes>>, tonic::transport::service::grpc_timeout::GrpcTimeout<tonic::service::router::Routes>>>>>, tonic::transport::server::service::io::ServerIoConnectInfo<tokio::net::tcp::stream::TcpStream>>>::{closure#0}> as tower_service::Service<http::request::Request<tonic::body::Body>>>::call
calls=401 0 
0 1228676
0 1604
cfn=(6998)
calls=401 0 
0 50125
0 2406

fn=(6974)
0 8822
cob=(2)
cfi=(2)
cfn=(4206)
calls=401 0 
0 20935
0 6406
cob=(2)
cfi=(2)
cfn=(4206)
calls=400 0 
0 23724
0 8
cob=(2)
cfi=(2)
cfn=(4206)
calls=1 0 
0 421
0 8005
cfn=(6534)
calls=400 0 
0 94000
0 13
cfn=(6534)
calls=1 0 
0 233
0 2406
cob=(2)
cfi=(2)
cfn=(4532)
calls=401 0 
0 11629
0 3609
cfn=(6976) <tower::util::either::Either<tower::limit::concurrency::service::ConcurrencyLimit<tonic::transport::service::grpc_timeout::GrpcTimeout<tonic::service::router::Routes>>, tonic::transport::service::grpc_timeout::GrpcTimeout<tonic::service::router::Routes>> as tower_service::Service<http::request::Request<tonic::body::Body>>>::call
calls=401 0 
0 920380
0 4812
cob=(2)
cfi=(2)
cfn=(4532)
calls=401 0 
0 30476
0 4010
cob=(2)
cfi=(2)
cfn=(4532)
calls=401 0 
0 30476
0 802
cob=(2)
cfi=(2)
cfn=(4206)
calls=401 0 
0 18824
0 4805
cob=(2)
cfi=(2)
cfn=(4532)
calls=400 0 
0 30190
0 5
cob=(2)
cfi=(2)
cfn=(4532)
calls=1 0 
0 76
0 3609

fn=(6980) axum::routing::url_params::insert_url_params
0 20050
cfn=(6982)
calls=401 0 
0 239560
0 2406
cob=(2)
cfi=(2)
cfn=(4206)
calls=401 0 
0 21220
0 12028
cfn=(6982)
calls=401 0 
0 19248
0 11629
cfn=(6992)
calls=401 0 
0 56567
0 5614

fn=(7018)
0 1207
cfn=(7688)
calls=1 0 
0 130
0 401

fn=(7024)
0 15527
cob=(2)
cfi=(2)
cfn=(4532)
calls=401 0 
0 11629
0 802
cfn=(7026)
calls=401 0 
0 146365
0 7593
cob=(2)
cfi=(2)
cfn=(4532)
calls=401 0 
0 11629
0 2005
cob=(2)
cfi=(2)
cfn=(4206)
calls=401 0 
0 49053
0 6414
cfn=(7028) <http_body_util::combinators::map_err::MapErr<axum_core::body::Body, <tonic::status::Status>::map_error<axum_core::error::Error>> as http_body::Body>::is_end_stream
calls=401 0 
0 31748
0 13205
cfn=(7030)
calls=400 0 
0 298111
0 26
cfn=(7030)
calls=1 0 
0 1668
0 861
cfn=(7030)
calls=287 0 
0 481947
0 24980
cfn=(6882)
calls=401 0 
0 2005
0 2005
cfn=(6882)
calls=401 0 
0 2005
0 6736
cob=(2)
cfi=(2)
cfn=(4206)
calls=401 0 
0 75063
0 5606
cob=(2)
cfi=(2)
cfn=(4206)
calls=400 0 
0 89121
0 6
cob=(2)
cfi=(2)
cfn=(4206)
calls=1 0 
0 191
0 4010
cfn=(7030)
calls=401 0 
0 373057
0 480
cfn=(7030)
calls=160 0 
0 207514
0 28307
cob=(2)
cfi=(2)
cfn=(4916)
calls=401 0 
0 29273
0 802
cfn=(7084)
calls=401 0 
0 431707
0 16454

fn=(7028)
0 1604
cfn=(7012)
calls=401 0 
0 30144
0 4812
cfn=(7012)
calls=1203 0 
0 9624

fn=(7032)
0 10965

fn=(7044)
0 9900
cfn=(7046)
calls=1650 0 
0 608920
0 36734
cfn=(7046)
calls=1203 0 
0 537549
0 24862

fn=(7056)
0 20451

fn=(7058)
0 11228
cfn=(7060)
calls=401 0 
0 18045
0 7619
cfn=(7060)
calls=401 0 
0 38897
0 4010
cfn=(6612)
calls=401 0 
0 44614
0 1203
cfn=(7064)
calls=401 0 
0 9624
0 1203
cfn=(7066)
calls=401 0 
0 122821
0 8421

fn=(7060)
0 41704
cfn=(7062)
calls=802 0 
0 18446
0 53734

fn=(7066)
0 22456
cob=(2)
cfi=(2)
cfn=(4532)
calls=802 0 
0 99322
0 12030
cfn=(6882)
calls=802 0 
0 4010
0 4812
cfn=(5740)
calls=802 0 
0 174644
0 3208

fn=(7072)
0 7683
cob=(2)
cfi=(2)
cfn=(7074)
calls=591 0 
0 34869
0 7683

fn=(7082)
0 7218
cfn=(7238)
calls=401 0 
0 611792
0 2807
cfn=(7174)
calls=401 0 
0 84854
0 802
cob=(2)
cfi=(2)
cfn=(4916)
calls=401 0 
0 26065
0 6416

fn=(7100)
0 7619

fn=(7108)
0 8855
cob=(2)
cfi=(2)
cfn=(4916)
calls=805 0 
0 61811

fn=(7118)
0 5213

fn=(7136)
0 1064
cfn=(6306)
calls=56 0 
0 2016
0 336
cfn=(7138) <httpdate::date::HttpDate as core::convert::From<std::time::SystemTime>>::from
calls=56 0 
0 11536
0 504
cfn=(5720)
calls=56 0 
0 17976
0 11592
cob=(2)
cfi=(2)
cfn=(4206)
calls=56 0 
0 2296
0 1384
cfn=(6510)
calls=52 0 
0 5859
cfn=(5788)
calls=3 0 
0 3
0 14
cfn=(5788)
calls=1 0 
0 1
0 1792

fn=(7138)
0 672
cfn=(6306)
calls=56 0 
0 2016
0 8848

fn=(7166) <http::header::map::HeaderMap>::try_with_capacity
0 12832
cob=(2)
cfi=(2)
cfn=(4206)
calls=401 0 
0 16441
0 16840
cob=(2)
cfi=(2)
cfn=(4206)
calls=401 0 
0 17051
0 10023

fn=(7176)
0 21654

fn=(7178) <tokio::runtime::task::core::Core<hyper::proto::h2::server::H2Stream<hyper_util::service::glue::TowerToHyperServiceFuture<tower::util::map_request::MapRequest<tower::util::boxed_clone::BoxCloneService<http::request::Request<tonic::body::Body>, http::response::Response<tonic::body::Body>, alloc::boxed::Box<dyn core::error::Error + core::marker::Send + core::marker::Sync>>, <tonic::transport::server::Server>::serve_internal<tonic::service::router::Routes, tonic::transport::server::incoming::TcpIncoming, core::future::ready::Ready<()>, tokio::net::tcp::stream::TcpStream, core::io::error::Error, tonic::body::Body>::{closure#0}::{closure#1}>, http::request::Request<hyper::body::incoming::Incoming>>, tonic::body::Body, hyper_util::rt::tokio::TokioExecutor>, alloc::sync::Arc<tokio::runtime::scheduler::current_thread::Handle>>>::set_stage
0 30476
cfn=(7180)
calls=401 0 
0 396651
0 6015
cob=(2)
cfi=(2)
cfn=(4532)
calls=1203 0 
0 76850
0 14436

fn=(7192)
0 62957

fn=(7228)
0 5614
cfn=(7230)
calls=401 0 
0 100552

fn=(7516) std::io::stdio::_eprint
0 11
cfn=(7518)
calls=1 0 
0 20
0 10
cfn=(7520) <&std::io::stdio::Stderr as core::io::write::Write>::write_fmt
calls=1 0 
0 501
0 7

fn=(7560)
0 10
cfn=(6236)
calls=2 0 
0 462

fn=(7584)
0 67
cfn=(6814)
calls=2 0 
0 586
0 6
cfn=(6814)
calls=3 0 
0 952
0 25
cfn=(6814)
calls=1 0 
0 286
0 38
cfn=(6814)
calls=19 0 
0 5770
0 88
cob=(2)
cfi=(2)
cfn=(4916)
calls=2 0 
0 270
0 24
cob=(2)
cfi=(2)
cfn=(4916)
calls=2 0 
0 375
0 18
cob=(2)
cfi=(2)
cfn=(4916)
calls=2 0 
0 242

fn=(7594)
0 22
cfn=(7596)
calls=2 0 
0 437
0 4
cfn=(7600) core::ptr::drop_glue::<slab::Slab<h2::proto::streams::stream::Stream>>
calls=2 0 
0 416
0 16
cob=(2)
cfi=(2)
cfn=(4916)
calls=2 0 
0 138
0 14
cob=(2)
cfi=(2)
cfn=(4916)
calls=2 0 
0 138

fn=(7600)
0 70
cob=(2)
cfi=(2)
cfn=(4916)
calls=2 0 
0 346

fn=(7604) <tokio::runtime::task::harness::Harness<tonic::transport::server::serve_connection<tonic::body::Body, hyper_util::rt::tokio::TokioIo<tonic::transport::server::service::io::ServerIo<tokio::net::tcp::stream::TcpStream>>, hyper_util::service::glue::TowerToHyperService<tower::util::map_request::MapRequest<tower::util::boxed_clone::BoxCloneService<http::request::Request<tonic::body::Body>, http::response::Response<tonic::body::Body>, alloc::boxed::Box<dyn core::error::Error + core::marker::Send + core::marker::Sync>>, <tonic::transport::server::Server>::serve_internal<tonic::service::router::Routes, tonic::transport::server::incoming::TcpIncoming, core::future::ready::Ready<()>, tokio::net::tcp::stream::TcpStream, core::io::error::Error, tonic::body::Body>::{closure#0}::{closure#1}>>, hyper_util::rt::tokio::TokioExecutor>::{closure#0}, alloc::sync::Arc<tokio::runtime::scheduler::multi_thread::handle::Handle>>>::complete
0 22
cfn=(7544)
calls=1 0 
0 289
0 5
cfn=(6868)
calls=1 0 
0 56
0 13
cfn=(7606) core::ptr::drop_glue::<tokio::runtime::task::core::Cell<tonic::transport::server::serve_connection<tonic::body::Body, hyper_util::rt::tokio::TokioIo<tonic::transport::server::service::io::ServerIo<tokio::net::tcp::stream::TcpStream>>, hyper_util::service::glue::TowerToHyperService<tower::util::map_request::MapRequest<tower::util::boxed_clone::BoxCloneService<http::request::Request<tonic::body::Body>, http::response::Response<tonic::body::Body>, alloc::boxed::Box<dyn core::error::Error + core::marker::Send + core::marker::Sync>>, <tonic::transport::server::Server>::serve_internal<tonic::service::router::Routes, tonic::transport::server::incoming::TcpIncoming, core::future::ready::Ready<()>, tokio::net::tcp::stream::TcpStream, core::io::error::Error, tonic::body::Body>::{closure#0}::{closure#1}>>, hyper_util::rt::tokio::TokioExecutor>::{closure#0}, alloc::sync::Arc<tokio::runtime::scheduler::multi_thread::handle::Handle>>>
calls=1 0 
0 26
0 2
cob=(2)
cfi=(2)
cfn=(4916)
calls=1 0 
0 229
0 6

fn=(7608)
0 57
cfn=(7610)
calls=3 0 
0 15856
0 15
cfn=(6866)
calls=3 0 
0 482

fn=(7646)
0 35

fn=(7670)
0 16
cob=(2)
cfi=(2)
cfn=(4916)
calls=1 0 
0 117

fn=(7678) core::ptr::drop_glue::<<tonic::transport::server::Router>::serve_with_incoming<tokio_stream::wrappers::tcp_listener::TcpListenerStream, tokio::net::tcp::stream::TcpStream, core::io::error::Error, tonic::body::Body>::{closure#0}>
0 11
cfn=(7680)
calls=1 0 
0 4028
0 5

fn=(7684)
0 10
cfn=(7686)
calls=1 0 
0 424
0 11
cob=(2)
cfi=(2)
cfn=(4916)
calls=1 0 
0 125

fn=(7712)
0 104

fn=(7720)
0 52
cob=(2)
cfi=(2)
cfn=(5014)
calls=4 0 
0 580
0 40
cob=(2)
cfi=(2)
cfn=(5012)
calls=4 0 
0 20
0 20
cob=(2)
cfi=(2)
cfn=(6096) munmap
calls=4 0 
0 20
0 4
cob=(2)
cfi=(2)
cfn=(5030)
calls=4 0 
0 12
0 264
cfn=(7722)
calls=4 0 
0 446
0 44
cob=(2)
cfi=(2)
cfn=(4916)
calls=4 0 
0 364
0 80

fn=(7756) std::sys::thread_local::guard::key::enable::run
0 116

fn=(7898)
0 13
cob=(2)
cfi=(2)
cfn=(4916)
calls=1 0 
0 170
0 4
cob=(2)
cfi=(2)
cfn=(5122)
calls=1 0 
0 61

fn=(7970) core::ptr::drop_glue::<std::thread::lifecycle::Packet<()>>
0 104

fn=(7980)
0 27
cob=(2)
cfi=(2)
cfn=(4916)
calls=1 0 
0 117

fn=(7984) <std::sys::sync::once::futex::Once>::call
0 21
cfn=(7986) <std::sync::once::Once>::call_once::<std::rt::cleanup::{closure#0}>::{closure#0}
calls=1 0 
0 108
0 26

fn=(7985)
0 37
cfn=(7990) <std::sync::once::Once>::call_once_force::<<std::sync::once_lock::OnceLock<std::sync::reentrant_lock::ReentrantLock<core::cell::RefCell<alloc::io::buffered::linewriter::LineWriter<std::io::stdio::StdoutRaw>>>>>::initialize<<std::sync::once_lock::OnceLock<std::sync::reentrant_lock::ReentrantLock<core::cell::RefCell<alloc::io::buffered::linewriter::LineWriter<std::io::stdio::StdoutRaw>>>>>::get_or_init<std::io::stdio::cleanup::{closure#0}>::{closure#0}, !>::{closure#0}>::{closure#0}
calls=1 0 
0 14
0 12

fn=(6516)
0 18045
cfn=(6518)
calls=400 0 
0 5200
cfn=(6518)
calls=1 0 
0 12
0 9223
cfn=(6522)
calls=401 0 
0 82606
0 2406
cfn=(6520)
calls=401 0 
0 5614
0 6015
cfn=(6520)
calls=401 0 
0 5614
0 1604
cfn=(6520)
calls=401 0 
0 5614
0 6416

fn=(4166) main
0 9
cfn=(4168) std::rt::lang_start_internal
calls=1 0 
0 6746047
0 2

fn=(5034) std::sys::backtrace::__rust_begin_short_backtrace::<fn(), ()>
0 2
cfn=(5036)
calls=1 0 
0 6646008
0 2

fn=(5200)
0 11
cob=(2)
cfi=(2)
cfn=(4206)
calls=1 0 
0 190
0 18
cob=(2)
cfi=(2)
cfn=(4206)
calls=1 0 
0 41
0 88
cob=(2)
cfi=(2)
cfn=(4206)
calls=1 0 
0 187
0 10
cob=(2)
cfi=(2)
cfn=(4532)
calls=1 0 
0 52
0 10

fn=(5422)
0 315
cob=(2)
cfi=(2)
cfn=(5424) __cxa_thread_atexit_impl
calls=15 0 
0 3649

fn=(5458)
0 203

fn=(5464)
0 15
cfn=(5414)
calls=1 0 
0 237
0 9

fn=(5654)
0 26

fn=(5680)
0 287

fn=(5780)
0 92
cfn=(5782) <bytes::bytes::Bytes>::split_to
calls=1 0 
0 275
0 5
cfn=(5778)
calls=1 0 
0 9
0 6
cfn=(5788)
calls=1 0 
0 1
0 218
cfn=(5782)
calls=1 0 
0 26
0 35

fn=(5782)
0 41
cfn=(5784)
calls=1 0 
0 243
0 17

fn=(5800)
0 203

fn=(5824)
0 22
cfn=(5826)
calls=1 0 
0 304
0 7
cfn=(5832)
calls=1 0 
0 208
0 15

fn=(5844)
0 22
cob=(2)
cfi=(2)
cfn=(5686)
calls=1 0 
0 5
0 8
cob=(2)
cfi=(2)
cfn=(5166)
calls=1 0 
0 35
0 10
cob=(2)
cfi=(2)
cfn=(5166)
calls=1 0 
0 35
0 51

fn=(6174)
0 50
cob=(2)
cfi=(2)
cfn=(4206)
calls=1 0 
0 213
0 14
cfn=(6176)
calls=1 0 
0 17781
0 11
cob=(2)
cfi=(2)
cfn=(4532)
calls=1 0 
0 29
0 4
cob=(2)
cfi=(2)
cfn=(4532)
calls=1 0 
0 172
0 6
cfn=(6244)
calls=1 0 
0 4680
0 5
cfn=(6244)
calls=1 0 
0 4122
0 32

fn=(6196)
0 581

fn=(6246)
0 10
cfn=(6226)
calls=1 0 
0 172
0 104
cob=(2)
cfi=(2)
cfn=(4532)
calls=1 0 
0 29
0 12
cob=(2)
cfi=(2)
cfn=(4532)
calls=1 0 
0 29
0 5
cfn=(6216)
calls=1 0 
0 321
0 12
cfn=(6248)
calls=1 0 
0 197
0 138
cob=(2)
cfi=(2)
cfn=(4532)
calls=2 0 
0 58
0 16
cob=(2)
cfi=(2)
cfn=(4532)
calls=2 0 
0 58
0 12
cfn=(6276) <axum::routing::method_routing::MethodRouter>::with_state::<()>
calls=2 0 
0 408
0 24
cob=(2)
cfi=(2)
cfn=(4532)
calls=2 0 
0 58
0 10
cfn=(6216)
calls=2 0 
0 642
0 13
cfn=(6248)
calls=1 0 
0 197
0 20
cfn=(6278)
calls=1 0 
0 91
0 25
cob=(2)
cfi=(2)
cfn=(4206)
calls=1 0 
0 41
0 10
cob=(2)
cfi=(2)
cfn=(4532)
calls=1 0 
0 29
0 13
cfn=(6218)
calls=1 0 
0 304
0 5
cfn=(6218)
calls=1 0 
0 270
0 1

fn=(6276)
0 116
cfn=(6278)
calls=2 0 
0 182
0 110

fn=(6308)
0 108945

fn=(6332)
0 69750
cfn=(6334)
calls=2325 0 
0 65100
0 74470
cfn=(6336)
calls=2255 0 
0 605376
0 70
cfn=(6336)
calls=70 0 
0 12308
0 9300
cfn=(5182)
calls=2325 0 
0 60450
0 18600
cfn=(6306)
calls=2325 0 
0 83700
0 58125
cfn=(6346)
calls=2325 0 
0 325825

fn=(6350)
0 18
cob=(2)
cfi=(2)
cfn=(6352) accept4
calls=2 0 
0 122
0 15
cob=(2)
cfi=(2)
cfn=(5030)
calls=1 0 
0 3
0 38

fn=(6364)
0 20
cob=(2)
cfi=(2)
cfn=(6366) getpeername
calls=1 0 
0 5
0 20

fn=(6382)
0 72

fn=(6390)
0 40
cob=(2)
cfi=(2)
cfn=(4206)
calls=1 0 
0 196
0 11
cob=(2)
cfi=(2)
cfn=(4532)
calls=1 0 
0 29
0 12
cob=(2)
cfi=(2)
cfn=(4532)
calls=1 0 
0 29
0 13
cob=(2)
cfi=(2)
cfn=(4206)
calls=1 0 
0 191
0 10
cob=(2)
cfi=(2)
cfn=(4532)
calls=1 0 
0 29
0 33
cob=(2)
cfi=(2)
cfn=(4206)
calls=1 0 
0 191
0 16
cob=(2)
cfi=(2)
cfn=(4532)
calls=1 0 
0 29
0 90
cfn=(6392)
calls=1 0 
0 302
0 6
cob=(2)
cfi=(2)
cfn=(4532)
calls=1 0 
0 124
0 11
cob=(2)
cfi=(2)
cfn=(4532)
calls=1 0 
0 124
0 10
cob=(2)
cfi=(2)
cfn=(4532)
calls=1 0 
0 136
0 8
cob=(2)
cfi=(2)
cfn=(4532)
calls=1 0 
0 136
0 10
cob=(2)
cfi=(2)
cfn=(4532)
calls=1 0 
0 29
0 8

fn=(6412) <tokio::net::tcp::stream::TcpStream>::connect_mio::{closure#0}
0 29
cfn=(5694)
calls=1 0 
0 690
0 18
cfn=(6302)
calls=1 0 
0 127
0 3
cfn=(6302)
calls=1 0 
0 60
0 21
cob=(2)
cfi=(2)
cfn=(6442) getsockopt
calls=1 0 
0 6
0 29

fn=(6414)
0 5895

fn=(6428)
0 68

fn=(6450)
0 13

fn=(6472)
0 8060
cfn=(6474)
calls=403 0 
0 1209
0 5642

fn=(6482)
0 17

fn=(6602)
0 65614
cfn=(6770) <h2::client::ResponseFuture as core::future::future::Future>::poll
calls=802 0 
0 196089
0 15639
cfn=(6304)
calls=401 0 
0 2807
0 11058
cfn=(6304)
calls=422 0 
0 2954
0 65323
cfn=(6956)
calls=401 0 
0 5614
0 802
cfn=(6952)
calls=401 0 
0 61754
0 56235
cfn=(6604)
calls=1978 0 
0 152896
0 7912
cfn=(6604)
calls=1978 0 
0 78260
0 9890
cfn=(6606)
calls=1978 0 
0 9526960
0 23736
cfn=(6604)
calls=1978 0 
0 78260
0 13580
cfn=(6958)
calls=401 0 
0 24862
0 4812
cfn=(6958)
calls=401 0 
0 24862
0 9729
cfn=(6762)
calls=21 0 
0 168
0 4220
cfn=(6742)
calls=422 0 
0 816575
0 8104
cfn=(6846)
calls=401 0 
0 50376
0 21255
cfn=(6304)
calls=1 0 
0 7
0 34836
cfn=(7202)
calls=401 0 
0 94569
0 26418

fn=(6630)
0 1204
cfn=(6402)
calls=1204 0 
0 209496

fn=(6642)
0 43396
cob=(2)
cfi=(2)
cfn=(4532)
calls=401 0 
0 20802
0 19662

fn=(6702)
0 7226
cfn=(6704)
calls=2 0 
0 621
0 10
cob=(2)
cfi=(2)
cfn=(4532)
calls=2 0 
0 128
0 11214
cob=(2)
cfi=(2)
cfn=(4532)
calls=800 0 
0 51200

fn=(6706)
0 38496
cfn=(5076)
calls=1604 0 
0 43308
0 109072

fn=(6712)
0 15238
cfn=(6714)
calls=802 0 
0 780747
0 42105
cfn=(6722)
calls=401 0 
0 1604
0 802
cfn=(6722)
calls=401 0 
0 1604
0 17243
cob=(2)
cfi=(2)
cfn=(4532)
calls=401 0 
0 25664
0 2807
cfn=(6726)
calls=401 0 
0 161614
0 2406
cfn=(6724)
calls=401 0 
0 19649
0 2406
cob=(2)
cfi=(2)
cfn=(4532)
calls=401 0 
0 25664
0 2807
cfn=(6726)
calls=401 0 
0 99311
0 2787
cfn=(6342)
calls=381 0 
0 34032
0 381

fn=(6714)
0 6015
cfn=(6716) <http::header::map::HeaderMap>::contains_key::<http::header::name::HeaderName>
calls=1203 0 
0 108671
0 6015
cfn=(6716)
calls=1203 0 
0 117493
0 6015
cfn=(6716)
calls=1203 0 
0 99849
0 7218
cfn=(6718)
calls=1203 0 
0 341251
0 7218
cfn=(6718)
calls=1203 0 
0 343657
0 9624
cfn=(6720)
calls=1203 0 
0 109072
0 7218

fn=(6722)
0 19248

fn=(6732)
0 75789
cfn=(6840)
calls=2005 0 
0 85413
0 10827
cfn=(6342)
calls=802 0 
0 59208
0 19248

fn=(6770)
0 40902
cfn=(6772)
calls=802 0 
0 52130
0 8822
cfn=(6774)
calls=401 0 
0 5614
0 12832
cfn=(6304)
calls=401 0 
0 2807
0 29273
cfn=(6738)
calls=401 0 
0 26065
0 17644

fn=(6774)
0 27110

fn=(6808)
0 37293
cob=(2)
cfi=(2)
cfn=(4916)
calls=1203 0 
0 98341
0 4812
cob=(2)
cfi=(2)
cfn=(4532)
calls=1203 0 
0 34887
0 37293
cob=(2)
cfi=(2)
cfn=(4532)
calls=1203 0 
0 34887
0 12828
cfn=(6814)
calls=3204 0 
0 145733
0 83809
cfn=(6810) <h2::frame::headers::Iter as core::iter::traits::iterator::Iterator>::next
calls=4411 0 
0 210926
0 3609
cfn=(6810)
calls=1203 0 
0 67769
0 414233
cfn=(6698)
calls=1604 0 
0 11228
0 401
cfn=(6698)
calls=401 0 
0 2807
0 85814
cfn=(6698)
calls=2005 0 
0 14035
0 138802
cob=(2)
cfi=(2)
cfn=(4206)
calls=2 0 
0 660
0 197062
cob=(2)
cfi=(2)
cfn=(5140)
calls=400 0 
0 7200
0 139256
cfn=(6816)
calls=7 0 
0 1755
0 24336
cfn=(6812)
calls=2 0 
0 300
0 19949
cob=(2)
cfi=(2)
cfn=(4206)
calls=2 0 
0 243
0 212
cob=(2)
cfi=(2)
cfn=(4916)
calls=2 0 
0 146
0 118822
cob=(2)
cfi=(2)
cfn=(5140)
calls=400 0 
0 7292
0 5948
cob=(2)
cfi=(2)
cfn=(5140)
calls=5948 0 
0 116432
0 111720
cfn=(6698)
calls=18 0 
0 126
0 234
cfn=(6820)
calls=18 0 
0 468
0 384
cfn=(6822)
calls=3 0 
0 2689
0 8130
cfn=(6828) h2::hpack::encoder::encode_not_indexed
calls=401 0 
0 218588
0 1306
cfn=(6698)
calls=1 0 
0 7
0 4
cfn=(6826)
calls=1 0 
0 548
0 2
cfn=(6826)
calls=1 0 
0 316
0 24
cfn=(6826)
calls=1 0 
0 603
0 96
cfn=(6826)
calls=24 0 
0 17741
0 46580
cfn=(6834)
calls=1203 0 
0 180410
0 14331
cfn=(6814)
calls=1182 0 
0 36970
0 19248

fn=(6856)
0 247818
cfn=(6858) h2::proto::streams::streams::maybe_cancel
calls=2406 0 
0 62556
0 66566
cfn=(6772)
calls=802 0 
0 15238
0 8020
cfn=(6342)
calls=401 0 
0 114598
0 28471
cfn=(6776)
calls=802 0 
0 4812
0 8822
cfn=(6804)
calls=802 0 
0 234397
0 9624
cfn=(6804)
calls=1604 0 
0 88220
0 46278
cob=(2)
cfi=(2)
cfn=(6418)
calls=94 0 
0 1034
0 94

fn=(6900)
0 75
cfn=(5414)
calls=5 0 
0 3213
0 45

fn=(6902)
0 6448
cob=(2)
cfi=(2)
cfn=(4532)
calls=403 0 
0 6045
0 4030

fn=(6906)
0 288
cob=(2)
cfi=(2)
cfn=(4206)
calls=24 0 
0 1608
0 252
cob=(2)
cfi=(2)
cfn=(4532)
calls=18 0 
0 180
0 24
cob=(2)
cfi=(2)
cfn=(4532)
calls=6 0 
0 69
0 408

fn=(6924)
0 89423

fn=(6930)
0 107468

fn=(6954)
0 13634
cfn=(6558)
calls=802 0 
0 19248
0 47318

fn=(6984)
0 14035
cfn=(5048)
calls=401 0 
0 28070
0 3208
cfn=(5048)
calls=401 0 
0 31250
0 8822

fn=(6996) <axum::routing::route::Route>::oneshot_inner_owned
0 6817
cob=(2)
cfi=(2)
cfn=(4532)
calls=401 0 
0 11629
0 7619

fn=(7002)
0 19504
cfn=(7004)
calls=848 0 
0 4270165
0 20326
cfn=(7028)
calls=401 0 
0 4812
0 3208
cob=(2)
cfi=(2)
cfn=(4206)
calls=401 0 
0 16441
0 22697

fn=(7012)
0 14436
cfn=(7120)
calls=1604 0 
0 3208
cfn=(7014)
calls=802 0 
0 55476

fn=(7052)
0 44511
cfn=(7054)
calls=1203 0 
0 37384
0 68571

fn=(7096)
0 51328
cfn=(6772)
calls=802 0 
0 15238
0 20852

fn=(7122)
0 6015
cfn=(7124)
calls=401 0 
0 15238
0 3609

fn=(7174)
0 8822
cfn=(5788)
calls=802 0 
0 802
0 1604
cfn=(6546)
calls=802 0 
0 96082
0 5614

fn=(7216)
0 20930

fn=(7272)
0 11629
cfn=(7076)
calls=401 0 
0 12832
0 6416
cfn=(6832) core::ptr::drop_glue::<h2::frame::headers::Pseudo>
calls=401 0 
0 9223
0 12431
cfn=(6932)
calls=401 0 
0 20852
0 9223
cfn=(6438)
calls=401 0 
0 25263
0 4010

fn=(7504) devloop::child_json_with_input
0 19
cob=(2)
cfi=(2)
cfn=(4206)
calls=1 0 
0 41
0 10
cob=(2)
cfi=(2)
cfn=(4532)
calls=1 0 
0 12
0 83
cob=(2)
cfi=(2)
cfn=(4206)
calls=1 0 
0 41
0 17
cfn=(7506)
calls=1 0 
0 96
0 13
cfn=(7506)
calls=1 0 
0 171
0 5
cfn=(7508)
calls=1 0 
0 207
0 8
cfn=(7508)
calls=1 0 
0 221
0 8
cfn=(7508)
calls=1 0 
0 271
0 8
cfn=(7508)
calls=1 0 
0 259
0 23
cfn=(7506)
calls=1 0 
0 143
0 23
cfn=(7508)
calls=1 0 
0 219
0 8
cfn=(7508)
calls=1 0 
0 900
0 8
cfn=(7508)
calls=1 0 
0 227
0 8
cfn=(7508)
calls=1 0 
0 227
0 8
cfn=(7508)
calls=1 0 
0 234
0 8
cfn=(7508)
calls=1 0 
0 234
0 8
cfn=(7508)
calls=1 0 
0 241
0 8
cfn=(7508)
calls=1 0 
0 274
0 8
cfn=(7508)
calls=1 0 
0 667
0 8
cfn=(7508)
calls=1 0 
0 241
0 8
cfn=(7508)
calls=1 0 
0 262
0 8
cfn=(7508)
calls=1 0 
0 262
0 8
cfn=(7508)
calls=1 0 
0 262
0 8
cfn=(7508)
calls=1 0 
0 241
0 5
cfn=(7514)
calls=1 0 
0 16
0 21
cob=(2)
cfi=(2)
cfn=(4916)
calls=1 0 
0 73
0 10

fn=(7520)
0 33
cfn=(5720)
calls=1 0 
0 447
0 21

fn=(7542)
0 23
cfn=(7544)
calls=1 0 
0 11657
0 9
cfn=(7544)
calls=1 0 
0 285
0 2
cfn=(7604)
calls=1 0 
0 648
0 4

fn=(7562)
0 16
cfn=(7564)
calls=2 0 
0 344
0 10
cob=(2)
cfi=(2)
cfn=(4916)
calls=2 0 
0 130

fn=(7576)
0 15
cfn=(7578) <tokio::runtime::io::registration::Registration as core::ops::drop::Drop>::drop
calls=3 0 
0 159
0 39

fn=(7578)
0 72
cfn=(6762)
calls=3 0 
0 24
0 63

fn=(7586)
0 20

fn=(7588)
0 30
cfn=(7590)
calls=2 0 
0 1111
0 14

fn=(7590)
0 132
cfn=(7592)
calls=2 0 
0 1353
0 29
cfn=(7602)
calls=2 0 
0 643
0 8

fn=(7606)
0 26

fn=(7626)
0 9
cfn=(6846)
calls=1 0 
0 485
0 2
cfn=(7630)
calls=1 0 
0 121
0 5
cfn=(7632)
calls=1 0 
0 1065
0 2
cfn=(7634)
calls=1 0 
0 212
0 5
cfn=(7640)
calls=1 0 
0 13

fn=(7676)
0 11
cfn=(7678)
calls=1 0 
0 4044
0 7

fn=(7688)
0 10
cob=(2)
cfi=(2)
cfn=(4916)
calls=2 0 
0 198

fn=(7696)
0 20
cob=(2)
cfi=(2)
cfn=(4916)
calls=2 0 
0 250
0 28
cfn=(7697) core::ptr::drop_glue::<matchit::tree::Node<axum::routing::RouteId>>'2
calls=2 0 
0 314
0 16
cob=(2)
cfi=(2)
cfn=(4916)
calls=2 0 
0 146
0 24

fn=(7697)
0 20
cob=(2)
cfi=(2)
cfn=(4916)
calls=2 0 
0 250
0 44

fn=(7730) std::sys::thread_local::native::lazy::destroy::<core::cell::RefCell<hyper::common::date::CachedDate>>
0 44
cfn=(6510)
calls=4 0 
0 902
0 8

fn=(7734) std::sys::thread_local::native::eager::destroy::<core::cell::Cell<std::thread::spawnhook::SpawnHooks>>
0 35
cfn=(5484)
calls=5 0 
0 95
0 35

fn=(7902)
0 9
cob=(2)
cfi=(2)
cfn=(5122)
calls=1 0 
0 61
0 2
cfn=(7904)
calls=1 0 
0 88
0 2
cob=(2)
cfi=(2)
cfn=(5122)
calls=1 0 
0 61
0 8
cob=(2)
cfi=(2)
cfn=(4916)
calls=1 0 
0 202

fn=(7986)
0 19
cfn=(7988)
calls=1 0 
0 86
0 3

fn=(7990)
0 14

fn=(8004) std::sys::thread_local::native::lazy::destroy::<tokio::runtime::park::ParkThread>
0 8
cfn=(8006)
calls=1 0 
0 71

fn=(6508)
0 17

fn=(6512) core::ptr::drop_glue::<<devloop::echo::echo_client::EchoClient<tonic::transport::channel::Channel>>::connect<alloc::string::String>::{closure#0}>
0 12

fn=(6526)
0 3609

fn=(6534)
0 68972
cfn=(6536)
calls=802 0 
0 179542
0 802

fn=(6780)
0 2406
cfn=(6782)
calls=401 0 
0 9905
0 3609
cob=(2)
cfi=(2)
cfn=(4916)
calls=401 0 
0 26715

fn=(6790)
0 11461
cob=(2)
cfi=(2)
cfn=(4532)
calls=401 0 
0 11629
0 2005
cfn=(6792)
calls=401 0 
0 80848
0 1548
cfn=(6792)
calls=387 0 
0 387155
0 10743
cfn=(7226)
calls=401 0 
0 110978
0 19938

fn=(4168)
0 37
cob=(2)
cfi=(2)
cfn=(4170) poll
calls=1 0 
0 28
0 37
cob=(2)
cfi=(2)
cfn=(4184) signal
calls=1 0 
0 124
0 4
cob=(2)
cfi=(2)
cfn=(4190) sysconf
calls=1 0 
0 52
0 8
cob=(2)
cfi=(2)
cfn=(4194)
calls=1 0 
0 2
0 3
cob=(2)
cfi=(2)
cfn=(4196)
calls=1 0 
0 98306
0 11
cob=(2)
cfi=(2)
cfn=(5006)
calls=1 0 
0 8
0 6
cob=(2)
cfi=(2)
cfn=(5008)
calls=1 0 
0 144
0 35
cob=(2)
cfi=(2)
cfn=(4186) sigaction
calls=1 0 
0 68
0 8
cfn=(5010)
calls=1 0 
0 240
0 5
cfn=(5020)
calls=1 0 
0 482
0 8
cob=(2)
cfi=(2)
cfn=(4186)
calls=1 0 
0 68
0 4
cob=(2)
cfi=(2)
cfn=(4186)
calls=1 0 
0 68
0 12
cob=(2)
cfi=(2)
cfn=(4186)
calls=1 0 
0 68
0 7
cfn=(5032) std::rt::lang_start::<()>::{closure#0}
calls=1 0 
0 6646018
0 5
cob=(2)
cfi=(2)
cfn=(5030)
calls=1 0 
0 3
0 22
cfn=(7984)
calls=1 0 
0 155
0 1

fn=(5032)
0 3
cfn=(5034)
calls=1 0 
0 6646012
0 3

fn=(5048)
0 145060

fn=(5060)
0 170
cob=(2)
cfi=(2)
cfn=(5062) getrandom
calls=5 0 
0 434
0 85

fn=(5138)
0 170
cob=(2)
cfi=(2)
cfn=(5140)
calls=5 0 
0 90
0 38

fn=(5476)
0 323
cob=(2)
cfi=(2)
cfn=(4502)
calls=19 0 
0 6932
0 227

fn=(5482)
0 96
cfn=(5484)
calls=4 0 
0 76
0 102
cfn=(5422)
calls=1 0 
0 406
0 2

fn=(5484)
0 247

fn=(5672)
0 23593
cfn=(5674)
calls=1 0 
0 1120
0 20
cfn=(5700)
calls=1 0 
0 45
0 34
cob=(2)
cfi=(2)
cfn=(4532)
calls=1 0 
0 208
0 11
cob=(2)
cfi=(2)
cfn=(4532)
calls=1 0 
0 206
0 20
cob=(2)
cfi=(2)
cfn=(4532)
calls=1 0 
0 208
0 12
cob=(2)
cfi=(2)
cfn=(4532)
calls=1 0 
0 206
0 10
cob=(2)
cfi=(2)
cfn=(5214)
calls=1 0 
0 472
0 14
cob=(2)
cfi=(2)
cfn=(4532)
calls=1 0 
0 220
0 4
cfn=(5710)
calls=1 0 
0 82
0 13
cfn=(5712)
calls=1 0 
0 103
0 15
cfn=(5718)
calls=1 0 
0 2050
0 8
cob=(2)
cfi=(2)
cfn=(4532)
calls=1 0 
0 244
0 6
cfn=(5770)
calls=1 0 
0 9251
0 5
cfn=(5770)
calls=1 0 
0 13947
0 14
cob=(2)
cfi=(2)
cfn=(4532)
calls=1 0 
0 29
0 2
cfn=(6512)
calls=1 0 
0 12
0 11
cob=(2)
cfi=(2)
cfn=(4532)
calls=1 0 
0 29
0 6
cob=(2)
cfi=(2)
cfn=(4206)
calls=1 0 
0 188
0 10
cob=(2)
cfi=(2)
cfn=(4532)
calls=1 0 
0 124
0 15
cfn=(6514)
calls=1 0 
0 4414
0 15
cfn=(6514)
calls=3 0 
0 11224
0 35
cfn=(7282)
calls=1 0 
0 15
0 20
cfn=(6546)
calls=1 0 
0 285
0 4
cob=(2)
cfi=(2)
cfn=(4916)
calls=1 0 
0 65
0 2
cfn=(6552)
calls=1 0 
0 17
0 26
cfn=(5182)
calls=1 0 
0 26
0 11
cfn=(5182)
calls=1 0 
0 26
0 11
cfn=(6306)
calls=1 0 
0 36
0 20
cfn=(7504)
calls=1 0 
0 6399
0 7
cfn=(7516)
calls=1 0 
0 549
0 4
cob=(2)
cfi=(2)
cfn=(4916)
calls=1 0 
0 190
0 7
cfn=(7526)
calls=1 0 
0 331
0 2
cfn=(5808)
calls=1 0 
0 21
0 3603
cob=(2)
cfi=(2)
cfn=(4206)
calls=400 0 
0 16400
0 4800
cob=(2)
cfi=(2)
cfn=(4532)
calls=400 0 
0 49216
0 4800
cfn=(6514)
calls=400 0 
0 1507667
0 5870
cfn=(6514)
calls=1174 0 
0 4483498
0 11522
cfn=(7282)
calls=400 0 
0 6000
0 9600
cfn=(6546)
calls=400 0 
0 164535
0 800
cfn=(6552)
calls=400 0 
0 6800
0 2400
cob=(2)
cfi=(2)
cfn=(4916)
calls=400 0 
0 26000
0 14564

fn=(5734)
0 175
cfn=(5736)
calls=5 0 
0 105
0 80
cfn=(5722)
calls=5 0 
0 216

fn=(5846)
0 57
cob=(2)
cfi=(2)
cfn=(5848) connect
calls=1 0 
0 64
0 3
cob=(2)
cfi=(2)
cfn=(5030)
calls=1 0 
0 3
0 15
cfn=(6412)
calls=1 0 
0 863
0 4
cfn=(6412)
calls=1 0 
0 120
0 42

fn=(6158)
0 196
cfn=(6160)
calls=4 0 
0 45143358
0 32
cfn=(7706)
calls=4 0 
0 172
0 36
cfn=(7706)
calls=4 0 
0 160
0 40
cfn=(7708)
calls=4 0 
0 304

fn=(6204)
0 100
cob=(2)
cfi=(2)
cfn=(4206)
calls=4 0 
0 840
0 40
cob=(2)
cfi=(2)
cfn=(4532)
calls=4 0 
0 51
0 68

fn=(6212)
0 48
cfn=(6208)
calls=2 0 
0 128
0 10
cfn=(6208)
calls=2 0 
0 68
0 138

fn=(6218)
0 224
cob=(2)
cfi=(2)
cfn=(4206)
calls=4 0 
0 742
0 80
cob=(2)
cfi=(2)
cfn=(4968)
calls=4 0 
0 40
0 96

fn=(6232)
0 9246

fn=(6344)
0 11907
cfn=(5712)
calls=1701 0 
0 88452
0 23079
cfn=(5712)
calls=3297 0 
0 274050

fn=(6402)
0 36198
cfn=(6302)
calls=2011 0 
0 120729
0 42217
cob=(2)
cfi=(2)
cfn=(6408) writev
calls=2010 0 
0 120600
0 30161

fn=(6426)
0 118542

fn=(6434)
0 43112
cfn=(6436)
calls=2536 0 
0 441830
0 33360

fn=(6448)
0 19

fn=(6478)
0 25
cfn=(6480)
calls=1 0 
0 43
0 16

fn=(6552)
0 30476
cfn=(7106)
calls=401 0 
0 114771
0 3208
cob=(2)
cfi=(2)
cfn=(4916)
calls=802 0 
0 62518
0 5614
cob=(2)
cfi=(2)
cfn=(4916)
calls=401 0 
0 26889
0 3609
cob=(2)
cfi=(2)
cfn=(4916)
calls=401 0 
0 31863
0 21654
cob=(2)
cfi=(2)
cfn=(4916)
calls=401 0 
0 73639
0 3609
cob=(2)
cfi=(2)
cfn=(4916)
calls=401 0 
0 35557
0 10025

fn=(6560)
0 6416
cfn=(6472)
calls=401 0 
0 14837
0 2406
cob=(2)
cfi=(2)
cfn=(4206)
calls=401 0 
0 21410
0 12429
cob=(2)
cfi=(2)
cfn=(4532)
calls=401 0 
0 11629
0 4010
cfn=(6520)
calls=401 0 
0 5614
0 2406
cob=(2)
cfi=(2)
cfn=(4532)
calls=401 0 
0 25664
0 2406
cob=(2)
cfi=(2)
cfn=(4532)
calls=401 0 
0 25664
0 3609
cob=(2)
cfi=(2)
cfn=(4532)
calls=401 0 
0 25664
0 2406
cfn=(6562)
calls=401 0 
0 9542
0 3609
cob=(2)
cfi=(2)
cfn=(4532)
calls=401 0 
0 23310
0 8420
cfn=(6342)
calls=400 0 
0 59439
0 802
cfn=(6564)
calls=401 0 
0 5213
0 1604
cob=(2)
cfi=(2)
cfn=(4532)
calls=401 0 
0 25664
0 8421

fn=(6588)
0 61795

fn=(6622)
0 30

fn=(6632)
0 3128
cfn=(6634)
calls=782 0 
0 4110033

fn=(6650)
0 51328
cfn=(6652)
calls=802 0 
0 48293
0 5213
cfn=(6644)
calls=401 0 
0 17243
0 1604
cfn=(6652)
calls=401 0 
0 12102
0 3609
cob=(2)
cfi=(2)
cfn=(4532)
calls=401 0 
0 25664
0 6416
cfn=(6654)
calls=401 0 
0 26065
0 1604
cob=(2)
cfi=(2)
cfn=(4532)
calls=401 0 
0 25664
0 2807
cob=(2)
cfi=(2)
cfn=(4532)
calls=401 0 
0 25664
0 6817
cob=(2)
cfi=(2)
cfn=(4532)
calls=401 0 
0 25664
0 4010
cob=(2)
cfi=(2)
cfn=(4532)
calls=401 0 
0 20852
0 6015
cfn=(5810)
calls=401 0 
0 52130
0 6416
cob=(2)
cfi=(2)
cfn=(4532)
calls=401 0 
0 11629
0 2005
cfn=(6656)
calls=401 0 
0 875842
0 5614
cfn=(6672)
calls=401 0 
0 44476
0 12030

fn=(6652)
0 27607
cob=(2)
cfi=(2)
cfn=(4532)
calls=401 0 
0 20802
0 12044

fn=(6686)
0 1604

fn=(6694)
0 11228
cfn=(6552)
calls=401 0 
0 124434
0 25664
cob=(2)
cfi=(2)
cfn=(4206)
calls=401 0 
0 17062
0 4806
cob=(2)
cfi=(2)
cfn=(4532)
calls=400 0 
0 4000
0 4
cob=(2)
cfi=(2)
cfn=(4532)
calls=1 0 
0 10
0 2005
cfn=(5788)
calls=401 0 
0 401
0 22456
cfn=(6696)
calls=401 0 
0 15639
0 2406
cob=(2)
cfi=(2)
cfn=(4206)
calls=401 0 
0 18976
0 4807
cob=(2)
cfi=(2)
cfn=(4532)
calls=400 0 
0 4800
0 3
cob=(2)
cfi=(2)
cfn=(4532)
calls=1 0 
0 12
0 7218
cfn=(5778)
calls=401 0 
0 3609
0 1604
cob=(2)
cfi=(2)
cfn=(4532)
calls=401 0 
0 11629
0 30877
cfn=(6698)
calls=1203 0 
0 8421
0 13233
cob=(2)
cfi=(2)
cfn=(4532)
calls=401 0 
0 11629
0 2807
cob=(2)
cfi=(2)
cfn=(4532)
calls=401 0 
0 11629
0 6015

fn=(6698)
0 84539

fn=(6716)
0 54135
cfn=(6558)
calls=3609 0 
0 86616
0 185262

fn=(6720)
0 30075
cfn=(6558)
calls=2005 0 
0 48120
0 129523
cfn=(6558)
calls=1604 0 
0 151177
0 59749
cob=(2)
cfi=(2)
cfn=(5140)
calls=401 0 
0 7218
0 17644
cfn=(5788)
calls=1604 0 
0 1604
0 14436

fn=(6754)
0 18446

fn=(6766)
0 13504
cfn=(6768)
calls=422 0 
0 28274
0 10550

fn=(6810)
0 249823
cfn=(6832)
calls=1203 0 
0 27669
0 1203

fn=(6824)
0 75
cfn=(5414)
calls=5 0 
0 3040
0 45

fn=(6828)
0 13634
cfn=(6826)
calls=401 0 
0 204954

fn=(6832)
0 46115

fn=(6858)
0 62556

fn=(6884)
0 156390
cfn=(6698)
calls=2005 0 
0 14035
0 25263
cfn=(6698)
calls=2005 0 
0 14035
0 52932
cfn=(6698)
calls=401 0 
0 2807
0 3208
cfn=(6698)
calls=1604 0 
0 11228
0 55338
cfn=(6908)
calls=2406 0 
0 605948
0 52531
cfn=(6886)
calls=401 0 
0 1604
0 3208

fn=(6896)
0 12030

fn=(6920)
0 50125
cfn=(6722)
calls=401 0 
0 1604
0 1203
cfn=(6722)
calls=401 0 
0 1604
0 39699
cfn=(6720)
calls=802 0 
0 74586
0 8822
cob=(2)
cfi=(2)
cfn=(4532)
calls=802 0 
0 23258
0 12832
cob=(2)
cfi=(2)
cfn=(4532)
calls=401 0 
0 11629
0 2005
cfn=(6922)
calls=401 0 
0 488017
0 26065
cfn=(6546)
calls=401 0 
0 19649
0 12030
cfn=(6832)
calls=401 0 
0 9223
0 44912
cob=(2)
cfi=(2)
cfn=(4532)
calls=802 0 
0 23258
0 6416
cfn=(6932)
calls=802 0 
0 42307
0 18847
cfn=(6342)
calls=401 0 
0 36491
0 3208
cfn=(6936) <h2::proto::streams::store::Queue<h2::proto::streams::stream::NextAccept>>::push
calls=401 0 
0 19649
0 4812

fn=(6934)
0 30
cfn=(5414)
calls=2 0 
0 551
0 18

fn=(6936)
0 19649

fn=(6956)
0 22456

fn=(6962)
0 42400
cfn=(6964)
calls=848 0 
0 9455521
0 20996
cfn=(7178)
calls=401 0 
0 440300
0 3609
cfn=(7178)
calls=401 0 
0 42033
0 802
cfn=(7190) <tokio::runtime::task::harness::Harness<hyper::proto::h2::server::H2Stream<hyper_util::service::glue::TowerToHyperServiceFuture<tower::util::map_request::MapRequest<tower::util::boxed_clone::BoxCloneService<http::request::Request<tonic::body::Body>, http::response::Response<tonic::body::Body>, alloc::boxed::Box<dyn core::error::Error + core::marker::Send + core::marker::Sync>>, <tonic::transport::server::Server>::serve_internal<tonic::service::router::Routes, tonic::transport::server::incoming::TcpIncoming, core::future::ready::Ready<()>, tokio::net::tcp::stream::TcpStream, core::io::error::Error, tonic::body::Body>::{closure#0}::{closure#1}>, http::request::Request<hyper::body::incoming::Incoming>>, tonic::body::Body, hyper_util::rt::tokio::TokioExecutor>, alloc::sync::Arc<tokio::runtime::scheduler::multi_thread::handle::Handle>>>::complete
calls=401 0 
0 87533
0 6784

fn=(6976)
0 4812
cfn=(6978) <tonic::transport::service::grpc_timeout::GrpcTimeout<tonic::service::router::Routes> as tower_service::Service<http::request::Request<tonic::body::Body>>>::call
calls=401 0 
0 912360
0 3208

fn=(6978)
0 5213
cfn=(6658)
calls=401 0 
0 123909
0 6416
cob=(2)
cfi=(2)
cfn=(4206)
calls=401 0 
0 18743
0 6006
cob=(2)
cfi=(2)
cfn=(4532)
calls=400 0 
0 11600
0 7
cob=(2)
cfi=(2)
cfn=(4532)
calls=1 0 
0 29
0 2807
cob=(2)
cfi=(2)
cfn=(4532)
calls=401 0 
0 11629
0 7619
cfn=(6188)
calls=401 0 
0 69421
0 8421
cfn=(6980)
calls=401 0 
0 388322
0 2406
cfn=(6206)
calls=401 0 
0 47318
0 12030
cob=(2)
cfi=(2)
cfn=(4532)
calls=401 0 
0 11629
0 2807
cfn=(6994)
calls=401 0 
0 37282
0 2807
cob=(2)
cfi=(2)
cfn=(4532)
calls=401 0 
0 11629
0 3609
cfn=(6996)
calls=401 0 
0 26065
0 2005
cob=(2)
cfi=(2)
cfn=(4532)
calls=401 0 
0 25664
0 2807
cob=(2)
cfi=(2)
cfn=(4532)
calls=401 0 
0 25664
0 3609
cob=(2)
cfi=(2)
cfn=(4532)
calls=401 0 
0 25664
0 9223

fn=(6988)
0 26065

fn=(7016)
0 13233
cfn=(7088)
calls=401 0 
0 87786
0 3208
cfn=(7018)
calls=401 0 
0 1604
0 1604
cob=(2)
cfi=(2)
cfn=(4916)
calls=401 0 
0 28573
0 4411
cob=(2)
cfi=(2)
cfn=(4916)
calls=401 0 
0 29273
0 2406

fn=(7034)
0 136734

fn=(7076)
0 12832
cfn=(6722)
calls=401 0 
0 1604
0 4411
cfn=(6722)
calls=401 0 
0 1604
0 5614

fn=(7102)
0 8421
cob=(2)
cfi=(2)
cfn=(4532)
calls=401 0 
0 11629
0 1604
cob=(2)
cfi=(2)
cfn=(4206)
calls=401 0 
0 16441
0 4806
cob=(2)
cfi=(2)
cfn=(4532)
calls=400 0 
0 11600
0 4
cob=(2)
cfi=(2)
cfn=(4532)
calls=1 0 
0 29
0 3208
cfn=(7104) <devloop::TonicEchod as devloop::echo::echo_server::Echo>::unary::{closure#0}
calls=401 0 
0 409349
0 4010
cfn=(7110)
calls=401 0 
0 3609
0 1604
cob=(2)
cfi=(2)
cfn=(4916)
calls=401 0 
0 28683
0 5213

fn=(7104)
0 6416
cob=(2)
cfi=(2)
cfn=(4532)
calls=401 0 
0 11629
0 2005
cfn=(6546)
calls=401 0 
0 107143
0 802
cfn=(6552)
calls=401 0 
0 271730
0 9624

fn=(7132)
0 5205
cfn=(5182)
calls=401 0 
0 10426
0 2510
cfn=(7136)
calls=52 0 
0 52763
0 2406
cfn=(5784)
calls=401 0 
0 11062
0 4828
cfn=(7134)
calls=4 0 
0 4942
0 12

fn=(7144)
0 6416
cfn=(7028)
calls=802 0 
0 9624

fn=(7164)
0 4812
cfn=(7166)
calls=401 0 
0 73187
0 6817
cfn=(7168)
calls=401 0 
0 206114
0 7619

fn=(7190)
0 8822
cfn=(7178)
calls=401 0 
0 42095
0 2005
cfn=(6868)
calls=401 0 
0 27794
0 6817

fn=(7194)
0 18446
cob=(2)
cfi=(2)
cfn=(4532)
calls=802 0 
0 51328
0 8020
cfn=(7196)
calls=802 0 
0 180262
0 7218

fn=(7234)
0 7218
cfn=(7088)
calls=401 0 
0 91267
0 3609
cob=(2)
cfi=(2)
cfn=(4916)
calls=401 0 
0 49159

fn=(7266)
0 5213

fn=(7268)
0 33684
cfn=(7032)
calls=1203 0 
0 3609
0 1203
cfn=(7032)
calls=401 0 
0 1203
0 8020
cfn=(7034)
calls=1604 0 
0 62556
0 11228
cfn=(7270)
calls=401 0 
0 351267
0 7218
cfn=(7036)
calls=1203 0 
0 724415
0 8822
cfn=(7082)
calls=401 0 
0 734340
0 5614

fn=(7442)
0 630
cfn=(6332)
calls=70 0 
0 35436

fn=(7536)
0 5
cfn=(7538)
calls=1 0 
0 267
0 12
cfn=(7716)
calls=1 0 
0 3012
0 5
cfn=(7972)
calls=1 0 
0 363
0 6
cfn=(7982)
calls=1 0 
0 10

fn=(7550)
0 26
cfn=(7000)
calls=1 0 
0 21
0 4
cob=(2)
cfi=(2)
cfn=(4916)
calls=1 0 
0 73
0 7
cfn=(6580)
calls=1 0 
0 11190

fn=(7566)
0 8
cob=(2)
cfi=(2)
cfn=(4916)
calls=2 0 
0 146

fn=(7616)
0 22
cfn=(6342)
calls=1 0 
0 153
0 19

fn=(7620)
0 14
cfn=(7622) core::ptr::drop_glue::<hyper_util::rt::tokio::TokioIo<tokio::net::tcp::stream::TcpStream>>
calls=1 0 
0 225
0 4
cob=(2)
cfi=(2)
cfn=(4916)
calls=1 0 
0 117
0 2
cfn=(7580)
calls=1 0 
0 742
0 12
cob=(2)
cfi=(2)
cfn=(4916)
calls=1 0 
0 202
0 7
cob=(2)
cfi=(2)
cfn=(4916)
calls=1 0 
0 125

fn=(7622)
0 1
cfn=(7574)
calls=1 0 
0 224

fn=(7648)
0 28
cob=(2)
cfi=(2)
cfn=(4916)
calls=1 0 
0 202
0 2
cob=(2)
cfi=(2)
cfn=(4916)
calls=1 0 
0 170
0 15
cob=(2)
cfi=(2)
cfn=(4916)
calls=1 0 
0 65
0 7

fn=(7652)
0 19
cfn=(7654)
calls=1 0 
0 2191

fn=(7702)
0 52
cfn=(7704)
calls=4 0 
0 390
0 60

fn=(7732) std::sys::thread_local::native::eager::destroy::<tokio::runtime::context::Context>
0 35

fn=(7878)
0 21
cfn=(6340)
calls=3 0 
0 201
0 45
cob=(2)
cfi=(2)
cfn=(4916)
calls=3 0 
0 203

fn=(7906)
0 10
cfn=(6784)
calls=1 0 
0 7
0 11
cob=(2)
cfi=(2)
cfn=(4916)
calls=1 0 
0 65

fn=(7968)
0 24
cfn=(7970)
calls=4 0 
0 104
0 36
cob=(2)
cfi=(2)
cfn=(4916)
calls=4 0 
0 468

fn=(7976)
0 16
cfn=(7978)
calls=1 0 
0 9
0 11
cob=(2)
cfi=(2)
cfn=(4916)
calls=1 0 
0 65

ob=(2)
fl=(2)
fn=(4190)
0 43
cfn=(4192) getpagesize
calls=1 0 
0 5
0 4

fn=(4314) brk
0 24

fn=(4400) _IO_link_in
0 43
cfn=(4402) 0x000000000008fd60
calls=1 0 
0 12
0 23
cfn=(4406) 0x000000000008fdb0
calls=1 0 
0 9
0 24

fn=(4406)
0 441

fn=(3318) wcschr
0 48

fn=(3320) index
0 18

fn=(3336) strcspn
0 6

fn=(3340) strcat
0 16

fn=(3368) memchr
0 22

fn=(4650) _IO_sputbackc
0 3960

fn=(4984) 0x0000000000090cb0
0 35
cfn=(4990) calloc
calls=5 0 
0 1394
0 5
0 30

fn=(4990)
0 1435
cfn=(4254) 0x00000000000a12a0
calls=4 0 
0 576
0 21
cfn=(4254)
calls=7 0 
0 1030
0 136
cfn=(4968)
calls=9 0 
0 265
0 9
0 356

fn=(5030)
0 60

fn=(5122)
0 72
cfn=(4172) 0x000000000008f6a0
calls=8 0 
0 338
0 16

fn=(5162)
0 5

fn=(5496) 0x000000000015fcf0
0 50
cob=(1) /usr/lib/x86_64-linux-gnu/ld-linux-x86-64.so.2
cfi=(1) ???
cfn=(5430) _dl_find_dso_for_object
calls=1 0 
0 29
0 1
0 16
cob=(1)
cfi=(1)
cfn=(3074) 0x000000000000ae90
calls=1 0 
0 732
0 7

fn=(5580) 0x00000000001107d0
0 15

fn=(6250) 0x00000000000a05a0
0 68
cfn=(5272) 0x000000000009f040
calls=2 0 
0 116
0 271908
cfn=(5254) 0x00000000000a0460
calls=6396 0 
0 744022
0 56787

fn=(6366)
0 5

fn=(6568)
0 12509
cfn=(4172)
calls=1787 0 
0 89382
0 3574

fn=(7074)
0 4158
cfn=(4172)
calls=594 0 
0 29700
0 1188

fn=(7738) 0x00000000000901c0
0 1904
cob=(7)
cfi=(7)
cfn=(7756)
calls=4 0 
0 116
0 808

fn=(7930) _pthread_cleanup_push
0 24

fn=(7938) _pthread_cleanup_pop
0 20

fn=(4108) __cxa_atexit
0 17
cfn=(4116) 0x0000000000041a00
calls=1 0 
0 31
0 22

fn=(4200) fopen
0 10
cob=(4) ???
cfi=(4) ???
cfn=(4204) 0x00000000049a73d8
calls=1 0 
0 1780
0 12
cfn=(4386) 0x000000000008d0d0
calls=1 0 
0 54
0 4
cfn=(4398) 0x0000000000089db0
calls=1 0 
0 102
0 5
cfn=(4414) _IO_file_fopen
calls=1 0 
0 235
0 13

fn=(4248) 0x00000000000a2250
0 37
cfn=(4254)
calls=1 0 
0 360
0 483
cfn=(6058) 0x000000000009f640
calls=4 0 
0 3973
0 16
cfn=(4254)
calls=4 0 
0 536
0 40

fn=(4472) _IO_setb
0 1272
cob=(4)
cfi=(4)
cfn=(4914) 0x00000000049a73d0
calls=1 0 
0 66
0 2

fn=(3308) __mempcpy_chk
0 21

fn=(4194)
0 18

fn=(4478) __read_nocancel
0 25

fn=(4504) 0x00000000000a2380
0 845
cfn=(4254)
calls=14 0 
0 3554
0 238
cfn=(4532)
calls=14 0 
0 789
0 14
0 546
cfn=(5338) 0x000000000009edb0
calls=1 0 
0 20
0 32
cfn=(6250)
calls=2 0 
0 254
0 2

fn=(4716) __strtoul_internal
0 23606

fn=(4918) fclose
0 16
cfn=(4960) _IO_file_finish
calls=1 0 
0 27
0 15
cob=(4)
cfi=(4)
cfn=(4914)
calls=1 0 
0 66
0 6
cfn=(4920) _IO_un_link
calls=1 0 
0 86
0 18
cfn=(4952) _IO_file_close_it
calls=1 0 
0 166
0 4

fn=(4952)
0 15
cfn=(4954) _IO_unsave_markers
calls=1 0 
0 8
0 10
cfn=(4956) _IO_file_close
calls=1 0 
0 7
0 9
cfn=(4472)
calls=1 0 
0 98
0 6
cfn=(4920)
calls=1 0 
0 3
0 10

fn=(4954)
0 8

fn=(4968)
0 15038

fn=(5006)
0 40

fn=(5022)
0 15

fn=(5090) 0x0000000000166960
0 105

fn=(5272)
0 209622
cfn=(5338)
calls=2989 0 
0 62234
0 92420

fn=(5426) pthread_mutex_lock
0 819

fn=(5494) 0x000000000008f330
0 6
cfn=(5496)
calls=1 0 
0 835
0 3

fn=(5604) clone
0 100
cfn=(5860) 0x00000000000928e0
calls=4 0 
0 45226033

fn=(5692)
0 5

fn=(5874) snprintf
0 72
cfn=(5876) 0x0000000000087d50
calls=4 0 
0 2012
0 20

fn=(6352)
0 14
cfn=(4172)
calls=2 0 
0 104
0 4

fn=(7794) 0x00000000000bbb00
0 16
cob=(4)
cfi=(4)
cfn=(4914)
calls=4 0 
0 16
0 12
cob=(4)
cfi=(4)
cfn=(4914)
calls=4 0 
0 16

fn=(7858) madvise
0 20

fn=(8078)
0 176
cfn=(8080) 0x00000000000f8130
calls=4 0 
0 60
0 48

fn=(8080)
0 60

fn=(4106)
0 17
cfn=(4108)
calls=1 0 
0 70
0 12
cob=(1)
cfi=(1)
cfn=(4150) _dl_audit_preinit
calls=1 0 
0 4
0 1
0 6
cfn=(4152) 0x0000000000029c30
calls=1 0 
0 6748458
0 11
cob=(4)
cfi=(4)
cfn=(4136) 0x0000000000e0b674
calls=1 0 
0 6
0 20
cob=(7)
cfi=(7)
cfn=(4142)
calls=1 0 
0 12
0 4
cob=(7)
cfi=(7)
cfn=(4140)
calls=1 0 
0 4
0 9

fn=(4426) 0x0000000000164cc0
0 20

fn=(4446) getline
0 135
cfn=(4448) getdelim
calls=45 0 
0 8033

fn=(4448)
0 1789
cfn=(4502)
calls=1 0 
0 347
0 1
0 12
cfn=(4532)
calls=1 0 
0 21
0 1
0 192
cfn=(4532)
calls=48 0 
0 933
0 48
0 155
cfn=(4454) __underflow
calls=4 0 
0 472
0 40
cfn=(4482) 0x0000000000162140
calls=4 0 
0 129
0 4
0 180
cfn=(4482)
calls=45 0 
0 1803
0 45
0 1030
cob=(4)
cfi=(4)
cfn=(4204)
calls=1 0 
0 191
0 231
cfn=(4454)
calls=1 0 
0 403
0 6

fn=(4474) _IO_switch_to_get_mode
0 120

fn=(3328) stpncpy
0 18

fn=(3346) bcmp
0 92

fn=(3348) wmemset
0 36

fn=(3350) strcpy
0 16

fn=(3906) 0x0000000000095450
0 8
cob=(1)
cfi=(1)
cfn=(218) __tunable_get_val
calls=1 0 
0 22
0 1
0 4
cob=(1)
cfi=(1)
cfn=(218)
calls=1 0 
0 21
0 1
0 4
cob=(1)
cfi=(1)
cfn=(218)
calls=1 0 
0 22
0 1
0 6

fn=(5014)
0 1305

fn=(5120)
0 28
cfn=(4172)
calls=4 0 
0 76
0 8

fn=(5160)
0 5

fn=(5690)
0 5

fn=(5866) 0x0000000000092820
0 140
cfn=(5874)
calls=4 0 
0 2104
0 16
cfn=(6008) 0x00000000001110c0
calls=4 0 
0 103
0 156

fn=(5880) 0x0000000000062600
0 96
cfn=(5884) 0x0000000000164f00
calls=4 0 
0 72
0 4
0 28
cfn=(5892) 0x000000000005a2b0
calls=4 0 
0 188
0 248
cfn=(5884)
calls=4 0 
0 72
0 4
0 24
cfn=(5892)
calls=4 0 
0 68
0 76
cfn=(5938) 0x0000000000058900
calls=4 0 
0 392
0 172
cfn=(5892)
calls=4 0 
0 204
0 164

fn=(6096)
0 40

fn=(6338)
0 18600
cfn=(4172)
calls=2325 0 
0 116250
0 4650

fn=(7996) 0x00000000000420d0
0 62
cfn=(8272) _Exit
calls=1 0 
0 3
0 13
cob=(1)
cfi=(1)
cfn=(8024) 0x0000000000005aa0
calls=1 0 
0 1437
0 5
cfn=(8214) 0x000000000008d9f0
calls=1 0 
0 397
0 2
cfn=(7728) __call_tls_dtors
calls=1 0 
0 423
0 1

fn=(4578)
0 1679

fn=(4152)
0 8
cfn=(4154) _setjmp
calls=1 0 
0 28
0 14
cob=(7)
cfi=(7)
cfn=(4166)
calls=1 0 
0 6746058
0 2
cfn=(7994) exit
calls=1 0 
0 2348

fn=(4156) __sigsetjmp
0 130

fn=(4188) __libc_sigaction
0 312

fn=(3306) wcslen
0 18

fn=(3310) __memcpy_chk
0 21

fn=(3332) strncmp
0 20

fn=(3342) strncasecmp_l
0 20

fn=(3358) strncpy
0 36

fn=(3360) wmemcmp
0 23

fn=(3362) __memmove_chk
0 21

fn=(3372) wcpncpy
0 17

fn=(4172)
0 20220
cfn=(4174) 0x000000000008f620
calls=6740 0 
0 276030
0 40480

fn=(4502)
0 506
cfn=(4206)
calls=10 0 
0 2084
0 1107
cfn=(4504)
calls=15 0 
0 5968
0 504
cfn=(4504)
calls=2 0 
0 326
0 24

fn=(4960)
0 12
cfn=(4962) _IO_default_finish
calls=1 0 
0 15

fn=(5018)
0 65

fn=(5062)
0 190
cfn=(4172)
calls=5 0 
0 219
0 25

fn=(5086)
0 34
cfn=(4578)
calls=2 0 
0 26
0 2
0 1062
cfn=(5090)
calls=4 0 
0 105
0 4
0 32

fn=(5254)
0 64840
cfn=(7322) 0x000000000009ee90
calls=439 0 
0 72770
0 218966
cfn=(5338)
calls=1410 0 
0 31008
0 42516
cfn=(5272)
calls=7086 0 
0 304809
0 68513

fn=(5338)
0 188377

fn=(5574) 0x0000000000110700
0 44
cfn=(5576) 0x0000000000110690
calls=4 0 
0 55
0 68
cfn=(5604)
calls=4 0 
0 72
0 32

fn=(5688)
0 12

fn=(5860)
0 60
cfn=(3902) __ctype_init
calls=4 0 
0 64
0 12
cfn=(5866)
calls=4 0 
0 2355
0 72
cfn=(4154)
calls=4 0 
0 112
0 104
cfn=(7728)
calls=4 0 
0 2840
0 4
cfn=(7738)
calls=4 0 
0 2828
0 4
cfn=(7774) 0x00000000000a59c0
calls=4 0 
0 50184
0 120
cfn=(7844) 0x0000000000043760
calls=4 0 
0 12
0 24
cfn=(4192)
calls=4 0 
0 20
0 80
cfn=(5866)
calls=4 0 
0 164
0 8
cob=(7)
cfi=(7)
cfn=(6042)
calls=4 0 
0 45166922
0 20
cfn=(7858)
calls=4 0 
0 20
0 4

fn=(5884)
0 144

fn=(6050)
0 132

fn=(7784) 0x0000000000130140
0 64

fn=(4294) 0x00000000000a07f0
0 184
cfn=(4310) __default_morecore
calls=2 0 
0 94
0 61
cfn=(4310)
calls=1 0 
0 25
0 21

fn=(4388) 0x000000000008d060
0 1060

fn=(4416) _IO_file_open
0 25
cfn=(4400)
calls=1 0 
0 17
0 6
cfn=(4418) __open_nocancel
calls=1 0 
0 23
0 2

fn=(4462) _IO_file_stat
0 2
cfn=(4464) fstat
calls=1 0 
0 5

fn=(4464)
0 5

fn=(4476) _IO_file_read
0 20
cfn=(4478)
calls=5 0 
0 25

fn=(3300) strcmp
0 18

fn=(3316) memcpy
0 63

fn=(3366) memmove
0 63

fn=(3904) getrlimit
0 18

fn=(4184)
0 23
cfn=(4186)
calls=1 0 
0 92
0 9

fn=(4196)
0 65
cfn=(4198)
calls=5 0 
0 90
0 243
cfn=(4502)
calls=5 0 
0 1162
0 5
0 35
cfn=(4964) pthread_getaffinity_np
calls=5 0 
0 175
0 50
cfn=(4982) pthread_attr_setaffinity_np
calls=5 0 
0 2861
0 15
cob=(4)
cfi=(4)
cfn=(4914)
calls=5 0 
0 362
0 38
cfn=(4200)
calls=1 0 
0 2215
0 6
cfn=(3904)
calls=1 0 
0 9
0 5
cfn=(4918)
calls=1 0 
0 404
0 250
cfn=(4564) __isoc23_sscanf
calls=45 0 
0 85361
0 717
cfn=(4446)
calls=45 0 
0 8168
0 137
cob=(4)
cfi=(4)
cfn=(4914)
calls=1 0 
0 66
0 23

fn=(5008)
0 47
cob=(4)
cfi=(4)
cfn=(4914)
calls=5 0 
0 362
0 10
cob=(4)
cfi=(4)
cfn=(4914)
calls=5 0 
0 362
0 23

fn=(5114)
0 30

fn=(5214)
0 25578
cfn=(5216) 0x00000000000a2ea0
calls=1218 0 
0 593596
0 12180

fn=(5424)
0 195
cfn=(4990)
calls=15 0 
0 1330
0 15
0 180
cfn=(5426)
calls=15 0 
0 585
0 75
cfn=(5432) pthread_mutex_unlock
calls=15 0 
0 579
0 165
cob=(1)
cfi=(1)
cfn=(5430)
calls=15 0 
0 435
0 15
0 75

fn=(5490) 0x000000000008ecc0
0 19
cob=(1)
cfi=(1)
cfn=(1454) 0x00000000000024a0
calls=1 0 
0 924
0 19

fn=(5566) 0x0000000000092630
0 148
cfn=(5574)
calls=4 0 
0 271
0 72

fn=(5686)
0 10

fn=(5848)
0 8
cfn=(4172)
calls=1 0 
0 54
0 2

fn=(6148)
0 16

fn=(8216) _IO_flush_all
0 15
cfn=(4402)
calls=1 0 
0 12
0 138
cfn=(4406)
calls=1 0 
0 9
0 18

fn=(7322)
0 192481
cfn=(5338)
calls=237 0 
0 5079
0 5551
cfn=(5338)
calls=263 0 
0 5509
0 526

fn=(7800) 0x000000000008f4f0
0 28

fn=(4206)
0 1048473
cfn=(4248)
calls=1 0 
0 472
0 89516
cfn=(4254)
calls=6877 0 
0 1394902
0 136671
cfn=(4208) 0x000000000009f160
calls=1 0 
0 1112
0 222
cfn=(4254)
calls=55 0 
0 7948
0 385

fn=(4208)
0 793
cob=(1)
cfi=(1)
cfn=(218)
calls=1 0 
0 21
0 1
0 4
cob=(1)
cfi=(1)
cfn=(218)
calls=1 0 
0 22
0 1
0 4
cob=(1)
cfi=(1)
cfn=(218)
calls=1 0 
0 21
0 1
0 4
cob=(1)
cfi=(1)
cfn=(218)
calls=1 0 
0 21
0 1
0 4
cob=(1)
cfi=(1)
cfn=(218)
calls=1 0 
0 22
0 1
0 4
cob=(1)
cfi=(1)
cfn=(218)
calls=1 0 
0 21
0 1
0 4
cob=(1)
cfi=(1)
cfn=(218)
calls=1 0 
0 21
0 1
0 4
cob=(1)
cfi=(1)
cfn=(218)
calls=1 0 
0 21
0 1
0 4
cob=(1)
cfi=(1)
cfn=(218)
calls=1 0 
0 21
0 1
0 4
cob=(1)
cfi=(1)
cfn=(218)
calls=1 0 
0 21
0 1
0 4
cob=(1)
cfi=(1)
cfn=(218)
calls=1 0 
0 21
0 1
0 4
cob=(1)
cfi=(1)
cfn=(218)
calls=1 0 
0 21
0 1
0 9

fn=(4312) sbrk
0 51
cfn=(4314)
calls=2 0 
0 16
0 16
cfn=(4314)
calls=1 0 
0 8
0 4

fn=(4360) 0x000000000009e650
0 10932

fn=(4402)
0 588

fn=(4456) _IO_file_underflow
0 103
cfn=(4474)
calls=5 0 
0 120
0 80
cfn=(4476)
calls=5 0 
0 45
0 85
cfn=(4458) _IO_doallocbuf
calls=1 0 
0 279
0 4

fn=(4458)
0 17
cfn=(4460) _IO_file_doallocate
calls=1 0 
0 256
0 6

fn=(3284) 0x00000000000bb960
0 29

fn=(3304) memset
0 66

fn=(3324) rindex
0 24

fn=(3326) wcscmp
0 24

fn=(3330) wmemchr
0 44

fn=(3344) strchrnul
0 24

fn=(3352) strcasecmp_l
0 20

fn=(3364) stpcpy
0 16

fn=(3376) strncasecmp
0 20

fn=(3902)
0 80

fn=(4068) 0x0000000000029b00
0 22

fn=(4154)
0 10
cfn=(4156)
calls=5 0 
0 130

fn=(4186)
0 100
cfn=(4188)
calls=5 0 
0 264

fn=(4192)
0 90

fn=(4564)
0 1035
cfn=(4386)
calls=45 0 
0 2025
0 315
cfn=(4572) 0x000000000008e420
calls=45 0 
0 4832
0 495
cfn=(4600) 0x0000000000065070
calls=45 0 
0 76299
0 360

fn=(4956)
0 2
cfn=(4958) __close_nocancel
calls=1 0 
0 5

fn=(4958)
0 5

fn=(4982)
0 80
cfn=(4984)
calls=5 0 
0 1464
0 40
cfn=(4502)
calls=5 0 
0 1162
0 5
0 45
cfn=(4532)
calls=5 0 
0 55
0 5
0 5

fn=(5216)
0 81405
cfn=(5240) 0x00000000000a27e0
calls=992 0 
0 476956
0 30677
cfn=(5240)
calls=2 0 
0 768
0 3790

fn=(5432)
0 810

fn=(5488)
0 16
cfn=(5426)
calls=1 0 
0 39
0 3
cfn=(5490)
calls=1 0 
0 962
0 5
cfn=(5432)
calls=1 0 
0 36
0 8

fn=(5548)
0 48

fn=(5856) 0x000000000009a9c0
0 94220

fn=(5876)
0 84
cfn=(5880)
calls=4 0 
0 1812
0 24
cfn=(5990) 0x0000000000059da0
calls=4 0 
0 68
0 24

fn=(6054) prctl
0 24

fn=(8214)
0 11
cfn=(8216)
calls=1 0 
0 192
0 6
cfn=(4402)
calls=1 0 
0 12
0 149
cfn=(4406)
calls=1 0 
0 9
0 18

fn=(7782) 0x0000000000128b00
0 8
cfn=(7784)
calls=4 0 
0 64
0 28

fn=(4572)
0 765
cfn=(4578)
calls=45 0 
0 1502
0 45
0 270
cfn=(4472)
calls=45 0 
0 1215
0 1035

fn=(4174)
0 134660
cfn=(5856)
calls=6730 0 
0 94220
0 47150

fn=(4198)
0 72
cfn=(4192)
calls=9 0 
0 45
0 45

fn=(4386)
0 460
cfn=(4388)
calls=46 0 
0 1060
0 559

fn=(4398)
0 5
cfn=(4400)
calls=1 0 
0 94
0 3

fn=(4418)
0 23

fn=(4454)
0 141
cfn=(4456)
calls=5 0 
0 716
0 18

fn=(3334) strcasecmp
0 20

fn=(3338) wcscpy
0 15

fn=(3356) strlen
0 72

fn=(3918) 0x0000000000043620
0 17

fn=(4046) 0x0000000000167730
0 28

fn=(4060) 0x0000000000029a90
0 11

fn=(4482)
0 1932

fn=(4964)
0 80
cfn=(4968)
calls=5 0 
0 75
0 5
0 15

fn=(5140)
0 152774

fn=(5168) 0x0000000000104a80
0 45

fn=(5240)
0 18886
cfn=(4254)
calls=994 0 
0 265541
0 30032
cfn=(5254)
calls=690 0 
0 59400
0 25096
cfn=(5272)
calls=994 0 
0 59351
0 11314
cfn=(5306) 0x000000000009ffe0
calls=134 0 
0 7970
0 134

fn=(5550)
0 24

fn=(5562) 0x000000000008ff50
0 52

fn=(5576)
0 17
cfn=(5580)
calls=1 0 
0 15
0 23

fn=(5990)
0 68

fn=(6046)
0 43

fn=(6052)
0 48
cfn=(4578)
calls=4 0 
0 52
0 4
0 72
cfn=(6054)
calls=4 0 
0 24
0 12

fn=(6418)
0 49005

fn=(6442)
0 6

fn=(6464)
0 7
cfn=(4172)
calls=1 0 
0 50
0 2

fn=(7774)
0 1312
cfn=(4916)
calls=252 0 
0 44944
0 2804
cfn=(4916)
calls=4 0 
0 752
0 120
cfn=(7776) 0x00000000001543f0
calls=4 0 
0 44
0 4
cfn=(7782)
calls=4 0 
0 100
0 4
cfn=(7794)
calls=4 0 
0 60
0 4
cfn=(7800)
calls=4 0 
0 28
0 8

fn=(7776)
0 44

fn=(7994)
0 5
cfn=(7996)
calls=1 0 
0 2343

fn=(4170)
0 7
cfn=(4172)
calls=1 0 
0 19
0 2

fn=(4254)
0 647732
cfn=(7322)
calls=892 0 
0 134856
0 632646
cfn=(5338)
calls=3224 0 
0 77422
0 104145
cfn=(5338)
calls=7 0 
0 161
0 1085
cfn=(5338)
calls=217 0 
0 6944
0 1792
cfn=(4360)
calls=224 0 
0 896
0 10036
cfn=(4360)
calls=2509 0 
0 10036
0 45289
cfn=(4294)
calls=2 0 
0 385
0 1022

fn=(4414)
0 72
cfn=(4416)
calls=1 0 
0 73
0 6
cfn=(4420) 0x00000000000aacd0
calls=1 0 
0 54
0 30

fn=(4420)
0 17
cfn=(4426)
calls=1 0 
0 20
0 1
0 16

fn=(4460)
0 19
cfn=(4462)
calls=1 0 
0 7
0 12
cob=(4)
cfi=(4)
cfn=(4204)
calls=1 0 
0 175
0 7
cfn=(4472)
calls=1 0 
0 27
0 9

fn=(3296) strnlen
0 48

fn=(3302) wcsnlen
0 18

fn=(3354) wcscat
0 17

fn=(3370) strspn
0 6

fn=(3900) __libc_early_init
0 9
cob=(1)
cfi=(1)
cfn=(218)
calls=1 0 
0 22
0 1
0 4
cob=(1)
cfi=(1)
cfn=(218)
calls=1 0 
0 22
0 1
0 4
cob=(1)
cfi=(1)
cfn=(218)
calls=1 0 
0 22
0 1
0 4
cob=(1)
cfi=(1)
cfn=(218)
calls=1 0 
0 22
0 1
0 4
cob=(1)
cfi=(1)
cfn=(218)
calls=1 0 
0 22
0 1
0 16
cfn=(3902)
calls=1 0 
0 16
0 7
cfn=(3904)
calls=1 0 
0 9
0 30
cfn=(3906)
calls=1 0 
0 90
0 2
cfn=(3918)
calls=1 0 
0 17
0 6

fn=(4532)
0 5163058

fn=(4916)
0 1996008
cfn=(6250)
calls=8475 0 
0 1072647
0 9271
cfn=(4248)
calls=4 0 
0 4973
0 12

fn=(4920)
0 13
cfn=(4402)
calls=1 0 
0 12
0 38
cfn=(4406)
calls=1 0 
0 9
0 17

fn=(4962)
0 15

fn=(5108)
0 40
cfn=(4172)
calls=2 0 
0 38
0 14

fn=(5116)
0 10

fn=(5154)
0 18
cfn=(4968)
calls=1 0 
0 18
0 1
0 3

fn=(5166)
0 45
cfn=(5168)
calls=3 0 
0 45
0 15

fn=(5306)
0 6128
cfn=(7322)
calls=10 0 
0 1520
0 322

fn=(5552)
0 92
cfn=(4192)
calls=4 0 
0 20
0 688
cfn=(5566)
calls=4 0 
0 491
0 60
cfn=(4188)
calls=1 0 
0 48
0 30
cfn=(5564) _IO_enable_locks
calls=1 0 
0 38
0 66
cfn=(5016)
calls=4 0 
0 88
0 84
cfn=(5018)
calls=4 0 
0 20
0 52
cob=(1)
cfi=(1)
cfn=(5556) _dl_allocate_tls
calls=4 0 
0 3040
0 4
0 48
cfn=(5562)
calls=4 0 
0 52
0 24

fn=(5702)
0 10

fn=(5938)
0 392

fn=(6008)
0 143
cob=(1)
cfi=(1)
cfn=(218)
calls=1 0 
0 22
0 1
0 5

fn=(6058)
0 148
cfn=(6074) 0x000000000009f5e0
calls=4 0 
0 545
0 3280

fn=(6408)
0 16080
cfn=(4172)
calls=2010 0 
0 100500
0 4020

fn=(7844)
0 12

fn=(7910)
0 180
cfn=(7946) 0x0000000000090320
calls=4 0 
0 208
0 72
cfn=(7930)
calls=4 0 
0 24
0 28
cfn=(7938)
calls=4 0 
0 20
0 4

fn=(7946)
0 208

fn=(4600)
0 2250
cfn=(4402)
calls=45 0 
0 540
0 7605
cfn=(4406)
calls=45 0 
0 405
0 5445
cfn=(4650)
calls=90 0 
0 1980
0 30190
cfn=(4650)
calls=90 0 
0 1980
0 1128
cfn=(4716)
calls=90 0 
0 23606
0 1170

fn=(4116)
0 31

fn=(4310)
0 12
cfn=(4312)
calls=3 0 
0 95
0 12

fn=(3298) strpbrk
0 6

fn=(3312) memrchr
0 24

fn=(3314) wcsncpy
0 17

fn=(3322) __memset_chk
0 22

fn=(3374) mempcpy
0 21

fn=(4032) 0x0000000000029a20
0 30
cfn=(4046)
calls=1 0 
0 28
0 1
0 12

fn=(5012)
0 70

fn=(5016)
0 281

fn=(5164)
0 42

fn=(5184)
0 155270

fn=(5564)
0 38

fn=(5892)
0 220
cfn=(4532)
calls=8 0 
0 96
0 8
0 136

fn=(6048)
0 15

fn=(6074)
0 121
cfn=(5016)
calls=1 0 
0 17
0 23
cfn=(5018)
calls=4 0 
0 20
0 24
cfn=(6008)
calls=4 0 
0 68
0 85
cfn=(5016)
calls=3 0 
0 66
0 43
cfn=(6096)
calls=2 0 
0 10
0 4
cfn=(6096)
calls=1 0 
0 5
0 17
cfn=(6096)
calls=1 0 
0 5
0 37

fn=(8272)
0 3

fn=(7728)
0 75
cob=(7)
cfi=(7)
cfn=(8004)
calls=1 0 
0 79
cob=(7)
cfi=(7)
cfn=(7730)
calls=4 0 
0 954
0 70
cob=(7)
cfi=(7)
cfn=(7734)
calls=5 0 
0 165
cob=(7)
cfi=(7)
cfn=(7732)
calls=5 0 
0 35
0 60
cob=(4)
cfi=(4)
cfn=(4914)
calls=15 0 
0 1760
0 65

ob=(3)
fl=(3)
fn=(3484) log2
0 8

fn=(3520) __atan2_finite
0 8

fn=(3474) __exp_finite
0 8

fn=(8164) 0x0000000000011360
0 9
cob=(4)
cfi=(4)
cfn=(8170) 0x00000000048a0280
calls=1 0 
0 72
0 1
cfn=(8174) 0x00000000000112f0
calls=1 0 
0 5
0 3

fn=(3500) atan
0 8

fn=(3512) expm1
0 8

fn=(3486) sincosf
0 8

fn=(3490) __pow_finite
0 7

fn=(3498) __log_finite
0 8

fn=(3504) sinf
0 8

fn=(3480) logf
0 8

fn=(3514) exp2f
0 8

fn=(4080) 0x00000000000113a0
0 12

fn=(3488) powf
0 8

fn=(3506) fma
0 5

fn=(3522) sin
0 8

fn=(3526) sincos
0 7

fn=(3476) expf
0 8

fn=(3482) tan
0 8

fn=(3516) __sinh_finite
0 8

fn=(6310)
0 12105
cfn=(6314) 0x000000000007dcf0
calls=2421 0 
0 254205
0 2421
0 33894

fn=(3492) log2f
0 8

fn=(3510) __asin_finite
0 7

fn=(3478) cos
0 8

fn=(8174)
0 5

fn=(3502) __acos_finite
0 7

fn=(3508) roundeven
0 6

fn=(3518) __atanh_finite
0 8

fn=(3472) cosf
0 8

fn=(6314)
0 254205

fn=(3494) 0x000000000005b3b0
0 8

fn=(3524) fmaf
0 5

ob=(6) /usr/lib/x86_64-linux-gnu/libgcc_s.so.1
fl=(6) ???
fn=(8134) 0x0000000000004510
0 30

fn=(8146) 0x00000000000056f0
0 9
cob=(4)
cfi=(4)
cfn=(8152) 0x00000000048663b0
calls=1 0 
0 72
0 1
cfn=(8156) 0x0000000000005680
calls=1 0 
0 5
0 3

fn=(8132) 0x0000000000004560
0 4
cfn=(8134)
calls=1 0 
0 15
0 2
cfn=(8134)
calls=1 0 
0 15
0 3

fn=(4090) __cpu_indicator_init
0 321

ob=(4)
fl=(4)
fn=(4076) 0x00000000048a0000
0 6

fn=(4914)
0 41
cob=(2)
cfi=(2)
cfn=(4916)
calls=41 0 
0 3035

fn=(4086) 0x0000000004866000
0 6

fn=(8162) 0x0000000004888f98
0 3

fn=(8130) 0x000000000483b284
0 3

fn=(8152)
0 1
cob=(2)
cfi=(2)
cfn=(8078)
calls=1 0 
0 71

fn=(4136)
0 6

fn=(4204)
0 3
cob=(2)
cfi=(2)
cfn=(4206)
calls=3 0 
0 2143

fn=(8180) 0x000000000491cdc8
0 3

fn=(8120) 0x000000000483b030
0 1
cob=(2)
cfi=(2)
cfn=(8078)
calls=1 0 
0 71

ob=(6)
fl=(6)
fn=(4090)
0 40

fn=(4092) 0x0000000000005730
0 12

fn=(8156)
0 5

ob=(4)
fl=(4)
fn=(3998) 0x000000000483b000
0 6

fn=(8102) 0x0000000000e0b68c
0 3

fn=(8170)
0 1
cob=(2)
cfi=(2)
cfn=(8078)
calls=1 0 
0 71

ob=(1)
fl=(1)
fn=(134) 0x000000000001cc10
0 6
cfn=(136) 0x000000000001be40
calls=1 0 
0 531
0 2
cfn=(158) 0x0000000000013780
calls=1 0 
0 23135
0 1
cfn=(216) 0x0000000000011910
calls=1 0 
0 33
0 2
cfn=(224) 0x0000000000021f30
calls=1 0 
0 7
0 1
cfn=(232) 0x0000000000017e70
calls=1 0 
0 7276
0 4
cfn=(650) 0x0000000000025d60
calls=1 0 
0 16
0 3
cfn=(658) 0x0000000000022710
calls=1 0 
0 14
0 11
cfn=(670) 0x000000000001e600
calls=1 0 
0 450774
0 4

fn=(364) 0x0000000000016170
0 396
cfn=(370) 0x0000000000015f00
calls=12 0 
0 4044
0 84
cfn=(370)
calls=12 0 
0 1322
0 24

fn=(1054) 0x0000000000024520
0 713

fn=(1318) 0x0000000000003510
0 20

fn=(1408) 0x0000000000025b80
0 393

fn=(2462) 0x0000000000022f40
0 76

fn=(3434) 0x0000000000012d50
0 90

fn=(3848) 0x000000000001b140
0 60
cfn=(3074)
calls=4 0 
0 2371
0 104

fn=(5430)
0 464

fn=(5556)
0 16
cfn=(2910) 0x0000000000011f40
calls=4 0 
0 1180
0 16
cfn=(3686) _dl_allocate_tls_init
calls=4 0 
0 1828

fn=(1136) 0x000000000001a900
0 46
cfn=(1148) 0x0000000000023bb0
calls=2 0 
0 24
0 22
cfn=(1032) 0x000000000001af30
calls=2 0 
0 135
0 4
cfn=(1032)
calls=2 0 
0 167
0 20

fn=(1212) 0x000000000001b390
0 246

fn=(1474) 0x000000000000bf50
0 560
cfn=(888) 0x0000000000024740
calls=80 0 
0 2585
0 1079
cfn=(888)
calls=94 0 
0 3472
0 588

fn=(1872) 0x0000000000022d70
0 25

fn=(2818) 0x0000000000025f00
0 31

fn=(2854) 0x000000000001dd60
0 13
cfn=(742) 0x000000000000bda0
calls=1 0 
0 34
0 5
cfn=(2860) 0x0000000000012270
calls=1 0 
0 78
0 1
cfn=(2870) 0x0000000000012470
calls=1 0 
0 224
0 1
cfn=(2900) 0x0000000000012670
calls=1 0 
0 411
0 14
cfn=(2928) 0x0000000000013070
calls=1 0 
0 96
0 6

fn=(3128) 0x000000000000a0a0
0 7827
cfn=(888)
calls=195 0 
0 9886
0 5007
cfn=(888)
calls=250 0 
0 8032
0 2691

fn=(672) 0x0000000000013010
0 16

fn=(742)
0 307
cfn=(1624) 0x0000000000022ff0
calls=2 0 
0 44
0 14
cfn=(1640) 0x00000000000230d0
calls=2 0 
0 49
0 141

fn=(1210) 0x0000000000007190
0 20
cfn=(1212)
calls=1 0 
0 239
0 3
cfn=(1212)
calls=1 0 
0 7
0 11
cfn=(1238) 0x0000000000007090
calls=1 0 
0 125
0 5
cfn=(650)
calls=1 0 
0 16
0 33
cfn=(1300) 0x000000000000bde0
calls=1 0 
0 4
0 9
cfn=(746) 0x000000000000bc70
calls=1 0 
0 24
0 10
cfn=(1148)
calls=1 0 
0 12
0 52

fn=(2318) 0x0000000000012300
0 18

fn=(2368) 0x0000000000007ab0
0 108

fn=(3400) 0x000000000000e710
0 21
cfn=(3406) 0x0000000000023090
calls=1 0 
0 5
0 2

fn=(3952) 0x0000000000018570
0 24

fn=(3958) 0x0000000000015260
0 7
cfn=(3962) 0x00000000000230b0
calls=1 0 
0 5
0 4

fn=(578) 0x0000000000013760
0 264

fn=(650)
0 702

fn=(800) 0x0000000000013000
0 14

fn=(2140) 0x000000000000bec0
0 11
cfn=(1538) 0x0000000000022e60
calls=1 0 
0 16
0 13
cfn=(1592) 0x0000000000022c50
calls=1 0 
0 5
0 8
cfn=(1872)
calls=1 0 
0 5
0 7
cfn=(1624)
calls=1 0 
0 22
0 2

fn=(2870)
0 127
cfn=(218)
calls=1 0 
0 22
0 17
cfn=(218)
calls=1 0 
0 22
0 36

fn=(3074)
0 35965
cfn=(3094) 0x000000000000a220
calls=268 0 
0 123554
0 12711

fn=(798) 0x000000000000c200
0 40
cfn=(800)
calls=5 0 
0 10
0 180

fn=(876) 0x0000000000004c10
0 5
cfn=(218)
calls=1 0 
0 22
0 7

fn=(888)
0 26750

fn=(1072) 0x000000000001ae80
0 24

fn=(1462) 0x00000000000093a0
0 684
cfn=(1474)
calls=34 0 
0 3679
0 351
cfn=(888)
calls=13 0 
0 547
0 172
cfn=(1054)
calls=4 0 
0 92
0 13
cfn=(1238)
calls=1 0 
0 250
0 13
cfn=(1534) 0x00000000000062f0
calls=1 0 
0 103
0 20
cfn=(1588) 0x0000000000007cb0
calls=1 0 
0 1857
0 48
cfn=(1588)
calls=3 0 
0 6200
0 18
cfn=(650)
calls=3 0 
0 48
0 66
cfn=(2052) 0x0000000000006660
calls=3 0 
0 951
0 30
cfn=(2024) 0x0000000000007670
calls=3 0 
0 24
0 27
cfn=(2134) 0x0000000000014f40
calls=3 0 
0 4021
0 48
cfn=(1534)
calls=3 0 
0 331
0 45
cfn=(2024)
calls=3 0 
0 24
0 102
cfn=(2024)
calls=3 0 
0 24
0 51

fn=(3842) 0x000000000001b220
0 85
cfn=(3848)
calls=1 0 
0 662
0 5
cfn=(3848)
calls=1 0 
0 603
0 5
cfn=(3848)
calls=1 0 
0 647
0 5
cfn=(3848)
calls=1 0 
0 623
0 11

fn=(3962)
0 5

fn=(1000) 0x000000000001a9a0
0 16
cfn=(1002) 0x000000000001ad20
calls=1 0 
0 48
0 10
cfn=(1032)
calls=1 0 
0 21
0 23
cfn=(1032)
calls=2 0 
0 135
0 2
cfn=(1032)
calls=1 0 
0 146
0 12
cfn=(746)
calls=1 0 
0 24
0 13
cfn=(1034) 0x000000000001ade0
calls=1 0 
0 11
0 33
cfn=(1032)
calls=2 0 
0 135
0 2
cfn=(1032)
calls=1 0 
0 146
0 38
cfn=(1112) 0x00000000000238e0
calls=1 0 
0 18
0 32
cfn=(746)
calls=1 0 
0 24
0 14
cfn=(1136)
calls=1 0 
0 45
0 5
cfn=(1136)
calls=1 0 
0 373
0 15

fn=(370)
0 5366

fn=(1034)
0 273
cfn=(1054)
calls=9 0 
0 207
0 126
cfn=(650)
calls=3 0 
0 48
0 6

fn=(1588)
0 124
cfn=(730) 0x000000000000c2a0
calls=4 0 
0 1517
0 1771
cfn=(1624)
calls=4 0 
0 96
0 248
cfn=(1170) 0x0000000000023da0
calls=4 0 
0 367
0 276
cfn=(1624)
calls=12 0 
0 204
0 173
cfn=(1592)
calls=4 0 
0 20
0 212
cfn=(2412) 0x0000000000022ed0
calls=1 0 
0 6
0 1713
cfn=(2368)
calls=2 0 
0 108
0 315
cfn=(1624)
calls=1 0 
0 17
0 13
cfn=(1872)
calls=4 0 
0 20
0 48
cfn=(124) 0x0000000000011770
calls=4 0 
0 108
0 101
cfn=(2318)
calls=2 0 
0 18
0 12
cfn=(798)
calls=4 0 
0 196
0 24
cfn=(1914) 0x0000000000006240
calls=4 0 
0 164
0 46
cfn=(888)
calls=3 0 
0 97
0 43

fn=(2008) 0x0000000000003640
0 126
cfn=(1462)
calls=9 0 
0 17219
0 27

fn=(3406)
0 30

fn=(3686)
0 75
cob=(2)
cfi=(2)
cfn=(5426)
calls=4 0 
0 156
cfn=(800)
calls=1 0 
0 2
0 680
cfn=(1148)
calls=15 0 
0 460
0 75
cfn=(1170)
calls=15 0 
0 390
0 163
cob=(2)
cfi=(2)
cfn=(5432)
calls=4 0 
0 156
cfn=(800)
calls=1 0 
0 2
0 55

fn=(3790) 0x000000000001b3f0
0 11
cfn=(3792) 0x000000000000bad0
calls=1 0 
0 204
0 17
cfn=(3792)
calls=1 0 
0 183
0 13

fn=(3984) 0x0000000000005d00
0 191
cob=(4)
cfi=(4)
cfn=(4086)
calls=1 0 
0 6
cob=(4)
cfi=(4)
cfn=(4076)
calls=1 0 
0 6
cob=(4)
cfi=(4)
cfn=(3998)
calls=1 0 
0 6
0 74
cob=(6)
cfi=(6)
cfn=(4092)
calls=1 0 
0 12
cob=(2)
cfi=(2)
cfn=(4068)
calls=1 0 
0 22
cob=(2)
cfi=(2)
cfn=(4060)
calls=1 0 
0 11
0 16
cob=(6)
cfi=(6)
cfn=(4090)
calls=1 0 
0 361
cob=(3)
cfi=(3)
cfn=(4080)
calls=1 0 
0 12
cob=(2)
cfi=(2)
cfn=(4032)
calls=1 0 
0 71
cob=(5) /workspace/pure-protobuf/work/toolchain/deb/usr/libexec/valgrind/vgpreload_core-amd64-linux.so
cfi=(5) ???
cfn=(4010) 0x0000000000001100
calls=1 0 
0 12
0 65

fn=(1388) _dl_debug_state
0 2

fn=(1454)
0 22
cfn=(1456) _dl_catch_exception
calls=2 0 
0 3594
0 22

fn=(1460) 0x000000000001d3c0
0 11
cfn=(1462)
calls=1 0 
0 2620
0 3

fn=(1534)
0 171
cfn=(1538)
calls=9 0 
0 159
0 71
cfn=(1552) 0x0000000000022f00
calls=4 0 
0 20
0 249
cfn=(2412)
calls=1 0 
0 6
0 18

fn=(1916) 0x00000000000034a0
0 30

fn=(1980) 0x0000000000003680
0 159
cfn=(746)
calls=4 0 
0 96
0 36
cfn=(760) 0x0000000000023bc0
calls=4 0 
0 40
0 20
cfn=(760)
calls=4 0 
0 40
0 173
cfn=(1456)
calls=9 0 
0 17894
0 905
cfn=(1240) 0x0000000000006e50
calls=9 0 
0 456
0 412
cfn=(746)
calls=1 0 
0 24
0 110
cfn=(2542) 0x0000000000011940
calls=1 0 
0 394
0 116
cfn=(2462)
calls=4 0 
0 76
0 20
cfn=(760)
calls=1 0 
0 18
0 3

fn=(8024)
0 22
cob=(2)
cfi=(2)
cfn=(5426)
calls=1 0 
0 39
0 34
cfn=(3952)
calls=1 0 
0 8
0 101
cfn=(2542)
calls=1 0 
0 452
0 2
cob=(2)
cfi=(2)
cfn=(5432)
calls=1 0 
0 39
0 79
cfn=(8062) 0x0000000000001f70
calls=6 0 
0 586
0 12
cfn=(8106) 0x0000000000018730
calls=6 0 
0 24
0 29
cfn=(3952)
calls=1 0 
0 8
0 2

fn=(124)
0 162

fn=(218)
0 815

fn=(270) 0x0000000000016260
0 212

fn=(1392) 0x00000000000184e0
0 20

fn=(1640)
0 18
cfn=(218)
calls=1 0 
0 22
0 9

fn=(1914)
0 40
cfn=(1916)
calls=4 0 
0 24
0 100

fn=(2086) 0x0000000000022d50
0 40

fn=(2134)
0 60
cfn=(2180) 0x00000000000148b0
calls=3 0 
0 3373
0 21
cfn=(650)
calls=3 0 
0 102
0 24
cfn=(760)
calls=3 0 
0 38
0 6
cfn=(1250) 0x0000000000025d00
calls=3 0 
0 263
0 14
cfn=(2140)
calls=1 0 
0 89
0 31

fn=(3704) 0x0000000000005310
0 7
cfn=(3720) 0x0000000000004dd0
calls=1 0 
0 128
0 4
cfn=(746)
calls=1 0 
0 24
0 8
cfn=(3720)
calls=1 0 
0 453
0 9
cfn=(3708) 0x0000000000004c80
calls=1 0 
0 64
0 3
cfn=(3758) 0x0000000000005250
calls=1 0 
0 192
0 7

fn=(3758)
0 192

fn=(3784) 0x0000000000017e50
0 5

fn=(670)
0 21
cfn=(672)
calls=1 0 
0 16
0 14
cfn=(678) 0x000000000001a800
calls=1 0 
0 86
0 4
cfn=(678)
calls=2 0 
0 385
0 175
cfn=(730)
calls=1 0 
0 286
0 12
cfn=(798)
calls=1 0 
0 34
0 408
cfn=(876)
calls=1 0 
0 34
0 13
cfn=(888)
calls=1 0 
0 42
0 338
cfn=(124)
calls=1 0 
0 27
0 10
cfn=(998) 0x00000000000076e0
calls=1 0 
0 2369
0 3
cfn=(1318)
calls=1 0 
0 20
0 148
cfn=(1374) 0x00000000000123f0
calls=1 0 
0 5
0 8
cfn=(1382) 0x00000000000034e0
calls=1 0 
0 9
0 3
cfn=(1392)
calls=1 0 
0 20
0 12
cfn=(1960) 0x0000000000022c30
calls=1 0 
0 8
0 21
cfn=(1980)
calls=1 0 
0 20992
0 119
cfn=(2624) 0x0000000000002290
calls=1 0 
0 19546
0 135
cfn=(2976) 0x00000000000110a0
calls=1 0 
0 76829
0 113
cfn=(2976)
calls=6 0 
0 318124
0 30
cfn=(3434)
calls=3 0 
0 90
0 12
cfn=(3668) 0x0000000000012d00
calls=1 0 
0 42
0 10
cfn=(3686)
calls=1 0 
0 386
0 6
cfn=(3704)
calls=1 0 
0 899
0 11
cfn=(2980) 0x000000000000e870
calls=1 0 
0 275
0 6
cfn=(3790)
calls=1 0 
0 428
0 2
cfn=(3842)
calls=1 0 
0 2646
0 2
cfn=(3874) 0x0000000000003420
calls=1 0 
0 628
0 2
cfn=(3400)
calls=1 0 
0 28
0 3
cfn=(3890) 0x0000000000001f00
calls=1 0 
0 578
0 1
cfn=(3944) 0x000000000001ccd0
calls=1 0 
0 1
0 2
cfn=(1916)
calls=1 0 
0 6
0 3
cfn=(1382)
calls=1 0 
0 9
0 3
cfn=(3952)
calls=1 0 
0 8
0 1
cfn=(3958)
calls=1 0 
0 16
0 106
cfn=(2854)
calls=1 0 
0 883
0 41
cfn=(1402) 0x000000000001e500
calls=1 0 
0 3214
0 7

fn=(730)
0 87
cfn=(650)
calls=4 0 
0 108
0 36
cfn=(742)
calls=4 0 
0 227
0 3
cfn=(742)
calls=1 0 
0 40
0 70
cfn=(760)
calls=5 0 
0 69
0 362
cfn=(650)
calls=4 0 
0 170
0 40
cfn=(1148)
calls=4 0 
0 72
0 388
cfn=(746)
calls=4 0 
0 96
0 35

fn=(760)
0 277

fn=(1374)
0 5

fn=(1592)
0 25

fn=(2052)
0 126
cfn=(1148)
calls=3 0 
0 36
0 71
cfn=(1148)
calls=5 0 
0 60
0 20
cfn=(1148)
calls=5 0 
0 60
0 60
cfn=(1534)
calls=5 0 
0 260
0 191
cfn=(2086)
calls=3 0 
0 40
0 27

fn=(2556) 0x0000000000011840
0 486

fn=(2624)
0 12
cfn=(2628) 0x000000000001db20
calls=1 0 
0 19526
0 8

fn=(2630) 0x0000000000014740
0 48
cfn=(2638) 0x0000000000013e00
calls=6 0 
0 19437
0 31

fn=(158)
0 23135

fn=(224)
0 7

fn=(1382)
0 10
cfn=(1388)
calls=2 0 
0 2
0 6

fn=(1452) 0x000000000001d8d0
0 17
cfn=(1454)
calls=1 0 
0 2714
0 11

fn=(1538)
0 175

fn=(2180)
0 556
cfn=(2188) 0x00000000000147c0
calls=32 0 
0 2252
0 183
cfn=(2188)
calls=3 0 
0 238
0 144

fn=(3890)
0 12
cfn=(3792)
calls=1 0 
0 222
0 11
cob=(2)
cfi=(2)
cfn=(3900)
calls=1 0 
0 333

fn=(3944)
0 1

fn=(3980) 0x0000000000005e20
0 32
cfn=(3984)
calls=1 0 
0 36
0 35
cfn=(3984)
calls=5 0 
0 751
0 21
cfn=(3984)
calls=1 0 
0 78
0 2

fn=(1112)
0 18

fn=(1250)
0 53
cfn=(650)
calls=3 0 
0 102
0 9
cfn=(746)
calls=3 0 
0 72
0 27

fn=(1624)
0 383

fn=(2024)
0 72

fn=(2412)
0 12

fn=(2976)
0 105
cfn=(3406)
calls=5 0 
0 25
0 41
cfn=(2980)
calls=5 0 
0 394767
0 15

fn=(8106)
0 24

fn=(2) 0x000000000001de30
0 666
cfn=(120) 0x000000000001af80
calls=1 0 
0 9
0 8
cfn=(124)
calls=1 0 
0 27
0 8
cfn=(134)
calls=1 0 
0 481820
0 23

fn=(136)
0 531

fn=(216)
0 5
cfn=(218)
calls=1 0 
0 22
0 6

fn=(232)
0 27
cfn=(244) 0x0000000000015890
calls=1 0 
0 71
0 28
cfn=(270)
calls=1 0 
0 212
0 101
cfn=(218)
calls=1 0 
0 21
0 7
cfn=(218)
calls=1 0 
0 21
0 10
cfn=(218)
calls=1 0 
0 21
0 12
cfn=(218)
calls=1 0 
0 21
0 13
cfn=(218)
calls=1 0 
0 21
0 12
cfn=(218)
calls=1 0 
0 21
0 14
cfn=(578)
calls=1 0 
0 44
0 11
cfn=(578)
calls=1 0 
0 44
0 9
cfn=(578)
calls=1 0 
0 44
0 10
cfn=(578)
calls=1 0 
0 44
0 11
cfn=(578)
calls=1 0 
0 44
0 10
cfn=(578)
calls=1 0 
0 44
0 15
cfn=(218)
calls=1 0 
0 20
0 4
cfn=(218)
calls=1 0 
0 22
0 10
cfn=(218)
calls=1 0 
0 22
0 55
cfn=(364)
calls=1 0 
0 459
0 3
cfn=(364)
calls=1 0 
0 526
0 5
cfn=(364)
calls=1 0 
0 476
0 3
cfn=(364)
calls=1 0 
0 468
0 4
cfn=(364)
calls=1 0 
0 450
0 3
cfn=(364)
calls=1 0 
0 451
0 3
cfn=(364)
calls=1 0 
0 501
0 3
cfn=(364)
calls=1 0 
0 492
0 3
cfn=(364)
calls=1 0 
0 493
0 3
cfn=(364)
calls=1 0 
0 517
0 3
cfn=(364)
calls=1 0 
0 518
0 3
cfn=(364)
calls=1 0 
0 519
0 7
cfn=(472) 0x0000000000015a30
calls=1 0 
0 228
0 39

fn=(244)
0 71

fn=(1002)
0 48

fn=(1238)
0 18
cfn=(1240)
calls=2 0 
0 145
0 64
cfn=(650)
calls=2 0 
0 76
0 6
cfn=(746)
calls=2 0 
0 48
0 18

fn=(1300)
0 4

fn=(2628)
0 6
cfn=(2630)
calls=1 0 
0 19516
0 4

fn=(3708)
0 364

fn=(3720)
0 261
cfn=(3708)
calls=5 0 
0 300
0 20

fn=(678)
0 471

fn=(2928)
0 32
cfn=(218)
calls=1 0 
0 22
0 21
cfn=(1170)
calls=1 0 
0 12
0 9

fn=(2980)
0 206775
cfn=(3074)
calls=10 0 
0 5417
0 1722
cfn=(3074)
calls=246 0 
0 159691
0 12304
cfn=(3784)
calls=1 0 
0 5
cob=(3)
cfi=(3)
cfn=(3526)
calls=1 0 
0 7
cob=(3)
cfi=(3)
cfn=(3524)
calls=1 0 
0 5
cob=(3)
cfi=(3)
cfn=(3522)
calls=1 0 
0 8
cob=(3)
cfi=(3)
cfn=(3520)
calls=1 0 
0 8
cob=(3)
cfi=(3)
cfn=(3518)
calls=1 0 
0 8
cob=(3)
cfi=(3)
cfn=(3516)
calls=1 0 
0 8
cob=(3)
cfi=(3)
cfn=(3514)
calls=1 0 
0 8
cob=(3)
cfi=(3)
cfn=(3512)
calls=1 0 
0 8
cob=(3)
cfi=(3)
cfn=(3510)
calls=1 0 
0 7
cob=(3)
cfi=(3)
cfn=(3508)
calls=1 0 
0 6
cob=(3)
cfi=(3)
cfn=(3506)
calls=1 0 
0 5
cob=(3)
cfi=(3)
cfn=(3504)
calls=1 0 
0 8
cob=(3)
cfi=(3)
cfn=(3502)
calls=1 0 
0 7
cob=(3)
cfi=(3)
cfn=(3500)
calls=1 0 
0 8
cob=(3)
cfi=(3)
cfn=(3498)
calls=1 0 
0 8
cob=(3)
cfi=(3)
cfn=(3494)
calls=1 0 
0 8
cob=(3)
cfi=(3)
cfn=(3492)
calls=1 0 
0 8
cob=(3)
cfi=(3)
cfn=(3490)
calls=1 0 
0 7
cob=(3)
cfi=(3)
cfn=(3488)
calls=1 0 
0 8
cob=(3)
cfi=(3)
cfn=(3486)
calls=1 0 
0 8
cob=(3)
cfi=(3)
cfn=(3484)
calls=1 0 
0 8
cob=(3)
cfi=(3)
cfn=(3482)
calls=1 0 
0 8
cob=(3)
cfi=(3)
cfn=(3480)
calls=1 0 
0 8
cob=(3)
cfi=(3)
cfn=(3478)
calls=1 0 
0 8
cob=(3)
cfi=(3)
cfn=(3476)
calls=1 0 
0 8
cob=(3)
cfi=(3)
cfn=(3474)
calls=1 0 
0 8
cob=(3)
cfi=(3)
cfn=(3472)
calls=1 0 
0 8
cob=(2)
cfi=(2)
cfn=(3376)
calls=1 0 
0 20
cob=(2)
cfi=(2)
cfn=(3374)
calls=1 0 
0 21
cob=(2)
cfi=(2)
cfn=(3372)
calls=1 0 
0 17
cob=(2)
cfi=(2)
cfn=(3370)
calls=1 0 
0 6
cob=(2)
cfi=(2)
cfn=(3368)
calls=1 0 
0 22
cob=(2)
cfi=(2)
cfn=(3366)
calls=1 0 
0 21
cob=(2)
cfi=(2)
cfn=(3364)
calls=1 0 
0 16
cob=(2)
cfi=(2)
cfn=(3362)
calls=1 0 
0 21
cob=(2)
cfi=(2)
cfn=(3360)
calls=1 0 
0 23
cob=(2)
cfi=(2)
cfn=(3358)
calls=1 0 
0 18
cob=(2)
cfi=(2)
cfn=(3356)
calls=1 0 
0 24
cob=(2)
cfi=(2)
cfn=(3354)
calls=1 0 
0 17
cob=(2)
cfi=(2)
cfn=(3352)
calls=1 0 
0 20
cob=(2)
cfi=(2)
cfn=(3350)
calls=1 0 
0 16
cob=(2)
cfi=(2)
cfn=(3348)
calls=2 0 
0 36
cob=(2)
cfi=(2)
cfn=(3346)
calls=1 0 
0 23
cob=(2)
cfi=(2)
cfn=(3344)
calls=1 0 
0 24
cob=(2)
cfi=(2)
cfn=(3342)
calls=1 0 
0 20
cob=(2)
cfi=(2)
cfn=(3340)
calls=1 0 
0 16
cob=(2)
cfi=(2)
cfn=(3338)
calls=1 0 
0 15
cob=(2)
cfi=(2)
cfn=(3336)
calls=1 0 
0 6
cob=(2)
cfi=(2)
cfn=(3334)
calls=1 0 
0 20
cob=(2)
cfi=(2)
cfn=(3332)
calls=1 0 
0 20
cob=(2)
cfi=(2)
cfn=(3330)
calls=2 0 
0 44
cob=(2)
cfi=(2)
cfn=(3328)
calls=1 0 
0 18
cob=(2)
cfi=(2)
cfn=(3326)
calls=1 0 
0 24
cob=(2)
cfi=(2)
cfn=(3324)
calls=1 0 
0 24
cob=(2)
cfi=(2)
cfn=(3322)
calls=1 0 
0 22
cob=(2)
cfi=(2)
cfn=(3320)
calls=1 0 
0 18
cob=(2)
cfi=(2)
cfn=(3318)
calls=2 0 
0 48
cob=(2)
cfi=(2)
cfn=(3316)
calls=1 0 
0 21
cob=(2)
cfi=(2)
cfn=(3314)
calls=1 0 
0 17
cob=(2)
cfi=(2)
cfn=(3312)
calls=1 0 
0 24
cob=(2)
cfi=(2)
cfn=(3310)
calls=1 0 
0 21
cob=(2)
cfi=(2)
cfn=(3308)
calls=1 0 
0 21
cob=(2)
cfi=(2)
cfn=(3306)
calls=1 0 
0 18
cob=(2)
cfi=(2)
cfn=(3304)
calls=1 0 
0 22
cob=(2)
cfi=(2)
cfn=(3302)
calls=1 0 
0 18
cob=(2)
cfi=(2)
cfn=(3300)
calls=1 0 
0 18
cob=(2)
cfi=(2)
cfn=(3298)
calls=1 0 
0 6
cob=(2)
cfi=(2)
cfn=(3296)
calls=2 0 
0 48
cob=(2)
cfi=(2)
cfn=(3284)
calls=1 0 
0 29
0 1401
cob=(2)
cfi=(2)
cfn=(3358)
calls=1 0 
0 18
cob=(2)
cfi=(2)
cfn=(3304)
calls=2 0 
0 44
cob=(2)
cfi=(2)
cfn=(3346)
calls=3 0 
0 69
cob=(2)
cfi=(2)
cfn=(3366)
calls=2 0 
0 42
cob=(2)
cfi=(2)
cfn=(3356)
calls=2 0 
0 48
cob=(2)
cfi=(2)
cfn=(3316)
calls=2 0 
0 42
0 2711
cfn=(3074)
calls=6 0 
0 3418
0 228

fn=(8062)
0 104
cob=(3)
cfi=(3)
cfn=(8164)
calls=1 0 
0 90
cob=(6)
cfi=(6)
cfn=(8132)
calls=1 0 
0 39
cob=(5)
cfi=(5)
cfn=(8114) 0x00000000000010c0
calls=1 0 
0 90
cob=(7)
cfi=(7)
cfn=(8070)
calls=1 0 
0 90
0 1
cob=(6)
cfi=(6)
cfn=(8146)
calls=1 0 
0 90
0 62
cob=(4)
cfi=(4)
cfn=(8180)
calls=1 0 
0 3
cob=(4)
cfi=(4)
cfn=(8162)
calls=1 0 
0 3
cob=(4)
cfi=(4)
cfn=(8130)
calls=1 0 
0 3
cob=(4)
cfi=(4)
cfn=(8102)
calls=1 0 
0 3
0 8

fn=(0) 0x000000000001d2c0
0 2
cfn=(2)
calls=1 0 
0 482561
0 10
cfn=(3980)
calls=1 0 
0 955
0 3
cob=(7)
cfi=(7)
cfn=(4104)
calls=1 0 
0 6748645

fn=(1456)
0 161
cfn=(1458) 0x00000000000232a0
calls=1 0 
0 19
0 30
cfn=(1458)
calls=10 0 
0 190
0 55
cob=(2)
cfi=(2)
cfn=(5494)
calls=1 0 
0 844
cfn=(2008)
calls=9 0 
0 17372
cfn=(1460)
calls=1 0 
0 2634
0 183

fn=(2542)
0 244
cfn=(2556)
calls=12 0 
0 486
0 78
cfn=(760)
calls=2 0 
0 36
0 2

fn=(2638)
0 505
cfn=(1474)
calls=46 0 
0 4605
0 7586
cfn=(888)
calls=41 0 
0 1745
0 290
cfn=(888)
calls=1 0 
0 57
0 841
cfn=(742)
calls=5 0 
0 220
0 3555
cfn=(2818)
calls=1 0 
0 31
0 2

fn=(3792)
0 127
cfn=(3804) 0x000000000000ba00
calls=3 0 
0 440
0 42

fn=(3874)
0 11
cfn=(3074)
calls=1 0 
0 601
0 16

fn=(472)
0 228

fn=(1240)
0 88
cfn=(1054)
calls=11 0 
0 414
0 99

fn=(1402)
0 28
cfn=(1452)
calls=1 0 
0 2742
0 6
cfn=(1408)
calls=1 0 
0 393
0 8
cfn=(760)
calls=1 0 
0 26
0 11

fn=(1552)
0 20

fn=(2900)
0 9
cfn=(746)
calls=1 0 
0 24
0 318
cfn=(2910)
calls=1 0 
0 53
0 7

fn=(120)
0 9

fn=(4150)
0 4

fn=(658)
0 14

fn=(998)
0 15
cfn=(1000)
calls=1 0 
0 1341
0 3
cfn=(746)
calls=1 0 
0 24
0 13
cfn=(746)
calls=1 0 
0 24
0 42
cfn=(1170)
calls=4 0 
0 52
0 91
cfn=(650)
calls=1 0 
0 16
0 8
cfn=(760)
calls=1 0 
0 10
0 108
cfn=(746)
calls=1 0 
0 24
0 10
cfn=(1210)
calls=1 0 
0 570
0 18

fn=(1148)
0 724

fn=(1170)
0 821

fn=(1458)
0 209

fn=(1960)
0 8

fn=(3668)
0 42

fn=(3804)
0 84
cfn=(888)
calls=3 0 
0 191
0 39
cfn=(888)
calls=3 0 
0 96
0 30

fn=(746)
0 528

fn=(1032)
0 66
cfn=(1034)
calls=11 0 
0 469
0 6
cfn=(1034)
calls=3 0 
0 180
0 106
cfn=(1072)
calls=6 0 
0 24
0 34

fn=(2188)
0 2490

fn=(2860)
0 10
cfn=(218)
calls=1 0 
0 21
0 5
cfn=(218)
calls=1 0 
0 21
0 21

fn=(2910)
0 45
cob=(2)
cfi=(2)
cfn=(4990)
calls=4 0 
0 1104
cfn=(742)
calls=1 0 
0 34
0 50

fn=(3094)
0 87197
cfn=(3128)
calls=261 0 
0 33443
0 2914

ob=(5)
fl=(5)
fn=(8124) 0x0000000000001050
0 5

fn=(4010)
0 12

fn=(8114)
0 9
cob=(4)
cfi=(4)
cfn=(8120)
calls=1 0 
0 72
0 1
cfn=(8124)
calls=1 0 
0 5
0 3

totals: 52458237
