# callgrind format
version: 1
creator: callgrind-3.24.0
pid: 148583
cmd:  /workspace/scratch/work/sv09/work/bin/devloop-before run-cell rpc.tonic_prost.unary --iters 200 --prepare-iters 400
part: 1


desc: I1 cache: 
desc: D1 cache: 
desc: LL cache: 

desc: Timerange: Basic block 0 - 4833952
desc: Trigger: Program termination

positions: line
events: Ir
summary: 26665185


ob=(7) /workspace/scratch/work/sv09/work/bin/devloop-before
fl=(7) ???
fn=(6510) bytes::bytes::promotable_even_drop
0 2885
cob=(2) /usr/lib/x86_64-linux-gnu/libc.so.6
cfi=(2) ???
cfn=(4916) free
calls=21 0 
0 1607
0 3744
cob=(2)
cfi=(2)
cfn=(4916)
calls=423 0 
0 31085
0 100

fn=(6518) core::ptr::drop_glue::<tokio_util::sync::mpsc::make_acquire_future<tower::buffer::message::Message<http::request::Request<tonic::body::Body>, core::pin::Pin<alloc::boxed::Box<dyn core::future::future::Future<Output = core::result::Result<http::response::Response<tonic::body::Body>, alloc::boxed::Box<dyn core::error::Error + core::marker::Send + core::marker::Sync>>> + core::marker::Send>>>>::{closure#0}>
0 2625

fn=(6532) <http::extensions::Extensions>::insert::<tonic::extensions::GrpcMethod>
0 2613
cob=(2)
cfi=(2)
cfn=(4206) malloc
calls=201 0 
0 8386
0 3006
cob=(2)
cfi=(2)
cfn=(4206)
calls=200 0 
0 8200
0 7
cob=(2)
cfi=(2)
cfn=(4206)
calls=1 0 
0 186
0 3205
cfn=(6534) <hashbrown::map::HashMap<core::any::TypeId, alloc::boxed::Box<dyn http::extensions::AnyClone + core::marker::Send + core::marker::Sync>, core::hash::BuildHasherDefault<http::extensions::IdHasher>>>::insert
calls=200 0 
0 83662
0 9
cfn=(6534)
calls=1 0 
0 408
0 1809

fn=(5036) devloop::main
0 9
cfn=(5038) std::env::args_os
calls=1 0 
0 1986
0 15
cfn=(5048) core::str::converts::from_utf8
calls=1 0 
0 80
0 21
cob=(2)
cfi=(2)
cfn=(4206)
calls=1 0 
0 187
0 174
cfn=(5048)
calls=6 0 
0 446
0 40
cob=(2)
cfi=(2)
cfn=(4916)
calls=1 0 
0 65
0 24
cfn=(5050) devloop::cmd_run_cell
calls=1 0 
0 3353192
0 54
cob=(2)
cfi=(2)
cfn=(4916)
calls=7 0 
0 819
0 11
cob=(2)
cfi=(2)
cfn=(4916)
calls=1 0 
0 65
0 8

fn=(5050)
0 119
cob=(2)
cfi=(2)
cfn=(4206)
calls=1 0 
0 190
0 11
cob=(2)
cfi=(2)
cfn=(4532) 0x0000000000162b40
calls=1 0 
0 10
0 164
cfn=(5052) <&str as core::str::pattern::Pattern>::is_contained_in
calls=1 0 
0 73
0 7
cfn=(5052)
calls=1 0 
0 83
0 10
cob=(2)
cfi=(2)
cfn=(4916)
calls=1 0 
0 117
0 39
cfn=(5054) <tokio::runtime::builder::Builder>::new
calls=1 0 
0 510
0 4
cfn=(5078) <tokio::runtime::builder::Builder>::build
calls=1 0 
0 37374
0 14
cfn=(5660) core::ptr::drop_glue::<tokio::runtime::builder::Builder>
calls=1 0 
0 31
0 2
cob=(2)
cfi=(2)
cfn=(4206)
calls=1 0 
0 41
0 11
cob=(2)
cfi=(2)
cfn=(4968) 0x0000000000163540
calls=1 0 
0 70
0 11
cfn=(5662) <tokio::runtime::runtime::Runtime>::enter
calls=1 0 
0 63
0 22
cfn=(5212) <tokio::util::rand::rt::RngSeedGenerator>::next_seed
calls=1 0 
0 63
0 5
cfn=(5056) <tokio::util::rand::RngSeed>::new
calls=1 0 
0 141
0 9
cfn=(5664) <tokio::runtime::context::Context>::set_current
calls=1 0 
0 33
0 28
cfn=(5666) <tokio::runtime::park::CachedParkThread>::waker
calls=1 0 
0 537
0 6604
cfn=(5670) devloop::cmd_run_cell::{closure#1}
calls=599 0 
0 3232378
0 9578
cfn=(6416) <tokio::runtime::park::Inner>::park
calls=598 0 
0 60398
0 600
cfn=(7524) core::ptr::drop_glue::<devloop::cmd_run_cell::{closure#1}>
calls=1 0 
0 5
0 3
cfn=(6938) tokio::runtime::park::drop_waker
calls=1 0 
0 7
0 2
cfn=(7526) core::ptr::drop_glue::<tokio::runtime::context::runtime::EnterRuntimeGuard>
calls=1 0 
0 72
0 3
cfn=(5658) <tokio::runtime::context::current::SetCurrentGuard as core::ops::drop::Drop>::drop
calls=1 0 
0 45
0 7
cob=(2)
cfi=(2)
cfn=(4916)
calls=1 0 
0 65
0 2
cfn=(7528) core::ptr::drop_glue::<tokio::runtime::runtime::Runtime>
calls=1 0 
0 3630
0 1

fn=(5058) std::sys::random::linux::hashmap_random_keys
0 45
cfn=(5060) std::sys::random::linux::getrandom
calls=5 0 
0 689
0 25

fn=(5152) alloc::io::read::default_read_to_end::small_probe_read::<&std::fs::File>
0 42
cob=(2)
cfi=(2)
cfn=(5120) read
calls=2 0 
0 56
0 31
cob=(2)
cfi=(2)
cfn=(4532)
calls=1 0 
0 12
0 26

fn=(5414) <alloc::raw_vec::RawVecInner>::finish_grow
0 108
cfn=(5476) __rustc::__rust_realloc
calls=6 0 
0 813
0 203
cfn=(5476)
calls=7 0 
0 2198
0 18
cob=(2)
cfi=(2)
cfn=(4206)
calls=2 0 
0 175
0 11010
cob=(2)
cfi=(2)
cfn=(4502) realloc
calls=2 0 
0 710
0 4836
cob=(2)
cfi=(2)
cfn=(4206)
calls=402 0 
0 61219
0 5192
cfn=(5476)
calls=4 0 
0 2345
0 92
cob=(2)
cfi=(2)
cfn=(4206)
calls=12 0 
0 2145
0 270
cob=(2)
cfi=(2)
cfn=(4206)
calls=1 0 
0 41
0 139
cob=(2)
cfi=(2)
cfn=(4206)
calls=4 0 
0 462
0 172
cob=(2)
cfi=(2)
cfn=(4206)
calls=4 0 
0 792
0 68

fn=(5418) core::ptr::drop_glue::<alloc::vec::Vec<alloc::boxed::Box<tokio::runtime::scheduler::multi_thread::worker::Core>>>
0 48
cob=(2)
cfi=(2)
cfn=(4916)
calls=2 0 
0 190

fn=(5668) <std::sys::thread_local::native::lazy::Storage<tokio::runtime::park::ParkThread, ()>>::get_or_init_slow::<tokio::runtime::park::CURRENT_PARKER::__rust_std_internal_init_fn>
0 10
cob=(2)
cfi=(2)
cfn=(4206)
calls=1 0 
0 41
0 22
cfn=(5422) std::sys::thread_local::destructors::linux_like::register
calls=1 0 
0 441
0 4

fn=(5682) <tokio::net::addr::sealed::MaybeReady as core::future::future::Future>::poll
0 25

fn=(5700) <std::sys::net::connection::socket::TcpStream>::socket_addr
0 40
cob=(2)
cfi=(2)
cfn=(5702) getsockname
calls=2 0 
0 10
0 40

fn=(5718) alloc::fmt::format::format_inner
0 147
cob=(2)
cfi=(2)
cfn=(4206)
calls=2 0 
0 442
0 26
cfn=(5720) core::fmt::write
calls=2 0 
0 2231
0 28

fn=(5724) <core::net::socket_addr::SocketAddr as core::fmt::Display>::fmt
0 4
cfn=(5726) <core::net::socket_addr::SocketAddrV4 as core::fmt::Display>::fmt
calls=1 0 
0 1602

fn=(5732) <u8 as core::fmt::Display>::fmt
0 120
cfn=(5734) <core::fmt::Formatter>::pad_integral
calls=4 0 
0 462
0 12

fn=(5794) bytes::bytes::static_clone
0 4263

fn=(5796) <tonic::transport::channel::endpoint::Endpoint>::connect::{closure#0}
0 37
cfn=(5798) <tonic::transport::channel::endpoint::Endpoint>::http_connector
calls=1 0 
0 565
0 5
cfn=(5802) <tonic::transport::channel::endpoint::Endpoint as core::clone::Clone>::clone
calls=1 0 
0 343
0 6
cob=(2)
cfi=(2)
cfn=(4532)
calls=1 0 
0 88
0 5
cob=(2)
cfi=(2)
cfn=(4532)
calls=1 0 
0 88
0 22
cob=(2)
cfi=(2)
cfn=(4532)
calls=1 0 
0 88
0 16
cob=(2)
cfi=(2)
cfn=(4532)
calls=1 0 
0 88
0 11
cob=(2)
cfi=(2)
cfn=(4532)
calls=1 0 
0 88
0 39
cob=(2)
cfi=(2)
cfn=(4206)
calls=1 0 
0 186
0 72
cob=(2)
cfi=(2)
cfn=(4532)
calls=1 0 
0 29
0 10
cfn=(5792) <http::uri::Uri as core::clone::Clone>::clone
calls=1 0 
0 71
0 4
cob=(2)
cfi=(2)
cfn=(4532)
calls=1 0 
0 29
0 289
cob=(2)
cfi=(2)
cfn=(4532)
calls=1 0 
0 76
0 4
cob=(2)
cfi=(2)
cfn=(4532)
calls=1 0 
0 76
0 14
cfn=(5792)
calls=1 0 
0 71
0 4
cob=(2)
cfi=(2)
cfn=(4532)
calls=1 0 
0 76
0 59
cfn=(5788) bytes::bytes::static_drop
calls=1 0 
0 1
0 10
cob=(2)
cfi=(2)
cfn=(4532)
calls=1 0 
0 76
0 4
cob=(2)
cfi=(2)
cfn=(4532)
calls=1 0 
0 76
0 24
cob=(2)
cfi=(2)
cfn=(4206)
calls=1 0 
0 193
0 10
cob=(2)
cfi=(2)
cfn=(4532)
calls=1 0 
0 76
0 23
cfn=(5806) core::ptr::drop_glue::<tonic::transport::channel::endpoint::Endpoint>
calls=1 0 
0 80
0 9
cfn=(5810) <tower::util::map_future::MapFuture<tonic::transport::channel::service::add_origin::AddOrigin<tonic::transport::channel::service::user_agent::UserAgent<tonic::transport::service::grpc_timeout::GrpcTimeout<tower::util::either::Either<tower::limit::concurrency::service::ConcurrencyLimit<tower::util::either::Either<tower::limit::rate::service::RateLimit<tonic::transport::channel::service::reconnect::Reconnect<tonic::transport::channel::service::connection::MakeSendRequestService<tonic::transport::channel::service::connector::Connector<hyper_util::client::legacy::connect::http::HttpConnector>>, http::uri::Uri>>, tonic::transport::channel::service::reconnect::Reconnect<tonic::transport::channel::service::connection::MakeSendRequestService<tonic::transport::channel::service::connector::Connector<hyper_util::client::legacy::connect::http::HttpConnector>>, http::uri::Uri>>>, tower::util::either::Either<tower::limit::rate::service::RateLimit<tonic::transport::channel::service::reconnect::Reconnect<tonic::transport::channel::service::connection::MakeSendRequestService<tonic::transport::channel::service::connector::Connector<hyper_util::client::legacy::connect::http::HttpConnector>>, http::uri::Uri>>, tonic::transport::channel::service::reconnect::Reconnect<tonic::transport::channel::service::connection::MakeSendRequestService<tonic::transport::channel::service::connector::Connector<hyper_util::client::legacy::connect::http::HttpConnector>>, http::uri::Uri>>>>>>, <tower::util::boxed::sync::BoxService<http::request::Request<tonic::body::Body>, http::response::Response<tonic::body::Body>, alloc::boxed::Box<dyn core::error::Error + core::marker::Send + core::marker::Sync>>>::new<tonic::transport::channel::service::add_origin::AddOrigin<tonic::transport::channel::service::user_agent::UserAgent<tonic::transport::service::grpc_timeout::GrpcTimeout<tower::util::either::Either<tower::limit::concurrency::service::ConcurrencyLimit<tower::util::either::Either<tower::limit::rate::service::RateLimit<tonic::transport::channel::service::reconnect::Reconnect<tonic::transport::channel::service::connection::MakeSendRequestService<tonic::transport::channel::service::connector::Connector<hyper_util::client::legacy::connect::http::HttpConnector>>, http::uri::Uri>>, tonic::transport::channel::service::reconnect::Reconnect<tonic::transport::channel::service::connection::MakeSendRequestService<tonic::transport::channel::service::connector::Connector<hyper_util::client::legacy::connect::http::HttpConnector>>, http::uri::Uri>>>, tower::util::either::Either<tower::limit::rate::service::RateLimit<tonic::transport::channel::service::reconnect::Reconnect<tonic::transport::channel::service::connection::MakeSendRequestService<tonic::transport::channel::service::connector::Connector<hyper_util::client::legacy::connect::http::HttpConnector>>, http::uri::Uri>>, tonic::transport::channel::service::reconnect::Reconnect<tonic::transport::channel::service::connection::MakeSendRequestService<tonic::transport::channel::service::connector::Connector<hyper_util::client::legacy::connect::http::HttpConnector>>, http::uri::Uri>>>>>>>::{closure#0}> as tower_service::Service<http::request::Request<tonic::body::Body>>>::poll_ready
calls=1 0 
0 4097
0 4
cfn=(5810)
calls=1 0 
0 10927
0 39
cfn=(6506) <tower::buffer::service::Buffer<http::request::Request<tonic::body::Body>, core::pin::Pin<alloc::boxed::Box<dyn core::future::future::Future<Output = core::result::Result<http::response::Response<tonic::body::Body>, alloc::boxed::Box<dyn core::error::Error + core::marker::Send + core::marker::Sync>>> + core::marker::Send>>>>::pair::<tonic::transport::channel::service::connection::Connection>
calls=1 0 
0 1354
0 10
cob=(2)
cfi=(2)
cfn=(4532)
calls=1 0 
0 64
0 4
cob=(2)
cfi=(2)
cfn=(4206)
calls=1 0 
0 258
0 15
cob=(2)
cfi=(2)
cfn=(4532)
calls=1 0 
0 64
0 4
cfn=(6486) <hyper_util::rt::tokio::TokioExecutor as hyper::rt::Executor<core::pin::Pin<alloc::boxed::Box<dyn core::future::future::Future<Output = ()> + core::marker::Send>>>>::execute
calls=1 0 
0 927
0 46
cfn=(6508) core::ptr::drop_glue::<<tonic::transport::channel::Channel>::connect<tonic::transport::channel::service::connector::Connector<hyper_util::client::legacy::connect::http::HttpConnector>>::{closure#0}>
calls=1 0 
0 17
0 32

fn=(5806)
0 16
cfn=(5808) core::ptr::drop_glue::<http::uri::Uri>
calls=2 0 
0 58
0 6
cfn=(5808)
calls=2 0 
0 61
0 22

fn=(5808)
0 77
cfn=(5788)
calls=1 0 
0 1
cfn=(6510)
calls=1 0 
0 12
cfn=(5778) bytes::bytes::shared_drop
calls=5 0 
0 45
0 56
cfn=(5788)
calls=1 0 
0 1
cfn=(5788)
calls=6 0 
0 6
0 2211
cfn=(5788)
calls=201 0 
0 201
0 1608
cfn=(5788)
calls=201 0 
0 201

fn=(5810)
0 4054
cfn=(5812) <tower::util::either::Either<tower::limit::rate::service::RateLimit<tonic::transport::channel::service::reconnect::Reconnect<tonic::transport::channel::service::connection::MakeSendRequestService<tonic::transport::channel::service::connector::Connector<hyper_util::client::legacy::connect::http::HttpConnector>>, http::uri::Uri>>, tonic::transport::channel::service::reconnect::Reconnect<tonic::transport::channel::service::connection::MakeSendRequestService<tonic::transport::channel::service::connector::Connector<hyper_util::client::legacy::connect::http::HttpConnector>>, http::uri::Uri>> as tower_service::Service<http::request::Request<tonic::body::Body>>>::poll_ready
calls=203 0 
0 34866
0 2234

fn=(5822) <hyper_util::client::legacy::connect::http::HttpConnector as tower_service::Service<http::uri::Uri>>::call::{closure#0}
0 77
cfn=(5824) hyper_util::client::legacy::connect::http::get_host_port
calls=1 0 
0 556
0 24
cfn=(5834) <hyper_util::client::legacy::connect::dns::SocketAddrs>::try_parse
calls=1 0 
0 239
0 17
cfn=(5836) <hyper_util::client::legacy::connect::http::ConnectingTcp>::new
calls=1 0 
0 287
0 5
cob=(2)
cfi=(2)
cfn=(4532)
calls=1 0 
0 29
0 7
cob=(2)
cfi=(2)
cfn=(4532)
calls=1 0 
0 29
0 13
cfn=(5842) <hyper_util::client::legacy::connect::http::ConnectingTcpRemote>::connect::{closure#0}
calls=1 0 
0 1405
0 5
cfn=(5842)
calls=1 0 
0 263
0 25
cfn=(6446) core::ptr::drop_glue::<<hyper_util::client::legacy::connect::http::ConnectingTcpRemote>::connect::{closure#0}>
calls=1 0 
0 13
0 12
cob=(2)
cfi=(2)
cfn=(4916)
calls=1 0 
0 65
0 7
cfn=(6448) core::ptr::drop_glue::<<hyper_util::client::legacy::connect::http::ConnectingTcp>::connect::{closure#0}>
calls=1 0 
0 19
0 62
cob=(2)
cfi=(2)
cfn=(5688) setsockopt
calls=1 0 
0 6
0 6
cfn=(5808)
calls=1 0 
0 29
0 8

fn=(5828) <core::str::iter::SplitInternal<char>>::next_back
0 33
cfn=(5830) core::slice::memchr::memrchr_aligned
calls=1 0 
0 152
0 17

fn=(6152) std::sys::backtrace::__rust_begin_short_backtrace::<std::thread::lifecycle::spawn_unchecked<<tokio::runtime::blocking::pool::Spawner>::spawn_thread::{closure#0}, ()>::{closure#1}::{closure#0}::{closure#0}, ()>
0 28
cfn=(6154) <std::thread::spawnhook::ChildSpawnHooks>::inherit_and_run
calls=4 0 
0 1256
0 8

fn=(6154)
0 84
cfn=(5484) <std::thread::spawnhook::SpawnHooks as core::ops::drop::Drop>::drop
calls=4 0 
0 76
0 128
cfn=(5422)
calls=4 0 
0 960
0 8

fn=(6160) tokio::runtime::scheduler::multi_thread::worker::run
0 132
cfn=(6162) <tokio::runtime::metrics::worker::WorkerMetrics>::set_thread_id
calls=4 0 
0 132
0 92
cfn=(5212)
calls=4 0 
0 252
0 24
cfn=(5056)
calls=4 0 
0 1204
0 204
cfn=(5182) <std::sys::pal::unix::time::Timespec>::now
calls=4 0 
0 104
0 16
cfn=(5182)
calls=4 0 
0 104
0 163
cfn=(7634) tokio::runtime::task::raw::shutdown::<core::pin::Pin<alloc::boxed::Box<dyn core::future::future::Future<Output = ()> + core::marker::Send>>, alloc::sync::Arc<tokio::runtime::scheduler::multi_thread::handle::Handle>>
calls=3 0 
0 13477
cfn=(7564) tokio::runtime::task::raw::shutdown::<tonic::transport::server::serve_connection<tonic::body::Body, hyper_util::rt::tokio::TokioIo<tonic::transport::server::service::io::ServerIo<tokio::net::tcp::stream::TcpStream>>, hyper_util::service::glue::TowerToHyperService<tower::util::map_request::MapRequest<tower::util::boxed_clone::BoxCloneService<http::request::Request<tonic::body::Body>, http::response::Response<tonic::body::Body>, alloc::boxed::Box<dyn core::error::Error + core::marker::Send + core::marker::Sync>>, <tonic::transport::server::Server>::serve_internal<tonic::service::router::Routes, tonic::transport::server::incoming::TcpIncoming, core::future::ready::Ready<()>, tokio::net::tcp::stream::TcpStream, core::io::error::Error, tonic::body::Body>::{closure#0}::{closure#1}>>, hyper_util::rt::tokio::TokioExecutor>::{closure#0}, alloc::sync::Arc<tokio::runtime::scheduler::multi_thread::handle::Handle>>
calls=1 0 
0 11104
cfn=(7534) tokio::runtime::task::raw::shutdown::<devloop::rpc_tonic_unary::{closure#0}::{closure#0}, alloc::sync::Arc<tokio::runtime::scheduler::multi_thread::handle::Handle>>
calls=1 0 
0 2068
0 2391
cfn=(5412) <alloc::raw_vec::RawVec<usize>>::grow_one
calls=1 0 
0 112
0 149
cfn=(7870) <tokio::runtime::driver::Driver>::shutdown
calls=4 0 
0 1321
0 36
cob=(2)
cfi=(2)
cfn=(6418) syscall
calls=4 0 
0 44
0 16
cfn=(7876) core::ptr::drop_glue::<tokio::runtime::scheduler::multi_thread::worker::Core>
calls=4 0 
0 156
0 8
cob=(2)
cfi=(2)
cfn=(4916)
calls=4 0 
0 260
0 16
cfn=(5416) core::ptr::drop_glue::<alloc::vec::drain::Drain<alloc::boxed::Box<tokio::runtime::scheduler::multi_thread::worker::Core>>>
calls=1 0 
0 25
0 6
cfn=(7220) tokio::runtime::task::raw::dealloc::<core::pin::Pin<alloc::boxed::Box<dyn core::future::future::Future<Output = ()> + core::marker::Send>>, alloc::sync::Arc<tokio::runtime::scheduler::multi_thread::handle::Handle>>
calls=1 0 
0 101
0 4
cfn=(6326) <tokio::runtime::scheduler::multi_thread::handle::Handle>::next_remote_task
calls=2 0 
0 55
0 56560
cfn=(5182)
calls=53 0 
0 1378
0 424
cfn=(6306) <std::sys::pal::unix::time::Timespec>::sub_timespec
calls=53 0 
0 1908
0 947
cfn=(5182)
calls=23 0 
0 598
0 230
cfn=(6306)
calls=23 0 
0 828
0 161
cfn=(6308) __floattidf
calls=23 0 
0 1035
0 322
cob=(3) /usr/lib/x86_64-linux-gnu/libm.so.6
cfi=(3) ???
cfn=(6310) pow
calls=23 0 
0 2875
0 322
cfn=(6328) <tokio::runtime::scheduler::multi_thread::worker::Context>::park_internal
calls=23 0 
0 10384
0 90
cfn=(6328)
calls=30 0 
0 15340
0 265
cfn=(6348) <tokio::runtime::scheduler::multi_thread::worker::Core>::maintenance
calls=53 0 
0 2756
0 106
cfn=(5182)
calls=53 0 
0 1378
0 212
cfn=(5182)
calls=53 0 
0 1378
0 84151
cfn=(6326)
calls=4 0 
0 20
0 3074
cfn=(6326)
calls=1537 0 
0 16055
0 37564
cfn=(6170) <tokio::runtime::scheduler::multi_thread::worker::Context>::run_task
calls=217 0 
0 1611637
0 5660
cfn=(6170)
calls=1415 0 
0 17993639
0 22510
cfn=(5182)
calls=1684 0 
0 43784
0 13472
cfn=(6306)
calls=1684 0 
0 60624
0 30990
cfn=(5182)
calls=1181 0 
0 30706
0 12991
cfn=(6306)
calls=1181 0 
0 42516
0 8267
cfn=(6308)
calls=1181 0 
0 53145
0 16534
cob=(3)
cfi=(3)
cfn=(6310)
calls=1181 0 
0 147625
0 278716
cfn=(6326)
calls=1529 0 
0 7645
0 5052
cfn=(5182)
calls=155 0 
0 4030
0 620
cfn=(5182)
calls=155 0 
0 4030
0 1085
cfn=(6170)
calls=155 0 
0 629966
0 30735
cfn=(5182)
calls=1529 0 
0 39754
0 7645
cfn=(5182)
calls=1529 0 
0 39754
0 181817
cfn=(6328)
calls=1563 0 
0 852150
0 10941
cfn=(6348)
calls=1563 0 
0 81276
0 92866
cfn=(7694) core::ptr::drop_glue::<tokio::runtime::scheduler::Context>
calls=4 0 
0 556
0 8
cfn=(7526)
calls=4 0 
0 288
0 44

fn=(6180) <alloc::sync::Arc<axum::routing::path_router::Node> as core::default::Default>::default
0 18
cob=(2)
cfi=(2)
cfn=(4206)
calls=2 0 
0 420
0 70
cob=(2)
cfi=(2)
cfn=(4532)
calls=2 0 
0 58
0 22
cob=(2)
cfi=(2)
cfn=(4532)
calls=2 0 
0 58
0 34

fn=(6208) <core::hash::sip::Hasher<core::hash::sip::Sip13Rounds> as core::hash::Hasher>::write
0 6036

fn=(6210) <hashbrown::raw::RawTable<(axum::routing::RouteId, alloc::sync::Arc<str>)>>::reserve_rehash::<hashbrown::map::make_hasher<axum::routing::RouteId, alloc::sync::Arc<str>, std::hash::random::RandomState>::{closure#0}>
0 120
cob=(2)
cfi=(2)
cfn=(4206)
calls=2 0 
0 426
0 40
cob=(2)
cfi=(2)
cfn=(4968)
calls=2 0 
0 20
0 46

fn=(6216) <hashbrown::map::HashMap<axum::routing::RouteId, axum::routing::Endpoint<()>, std::hash::random::RandomState>>::insert
0 98
cfn=(6206) <std::hash::random::RandomState as core::hash::BuildHasher>::hash_one::<&axum::routing::RouteId>
calls=7 0 
0 826
0 244
cob=(2)
cfi=(2)
cfn=(4532)
calls=2 0 
0 128
0 24
cob=(2)
cfi=(2)
cfn=(4532)
calls=2 0 
0 128
0 35
cob=(2)
cfi=(2)
cfn=(4532)
calls=5 0 
0 284
0 110
cob=(2)
cfi=(2)
cfn=(4532)
calls=5 0 
0 320
0 55
cfn=(6218) <hashbrown::raw::RawTable<(axum::routing::RouteId, axum::routing::Endpoint<()>)>>::reserve_rehash::<hashbrown::map::make_hasher<axum::routing::RouteId, axum::routing::Endpoint<()>, std::hash::random::RandomState>::{closure#0}>
calls=1 0 
0 304
0 1

fn=(6280) <<axum::boxed::BoxedIntoRoute<(), core::convert::Infallible>>::from_handler<tonic::service::router::unimplemented, ((),)>::{closure#0} as core::ops::function::FnOnce<(tonic::service::router::unimplemented, ())>>::call_once
0 9

fn=(6300) <tokio::net::tcp::listener::TcpListener>::poll_accept
0 45
cfn=(6302) <tokio::runtime::io::registration::Registration>::poll_ready
calls=3 0 
0 249
0 14
cfn=(6302)
calls=1 0 
0 129
0 23
cfn=(6350) <mio::net::tcp::listener::TcpListener>::accept
calls=2 0 
0 196
0 16
cfn=(6382) std::sys::io::error::unix::decode_error_kind
calls=1 0 
0 8
0 32
cfn=(5694) <tokio::io::poll_evented::PollEvented<mio::net::tcp::stream::TcpStream>>::new_with_interest
calls=1 0 
0 690
0 38

fn=(6342) tokio::runtime::task::waker::wake_by_val
0 62343
cfn=(6344) tokio::runtime::task::raw::schedule::<alloc::sync::Arc<tokio::runtime::scheduler::multi_thread::handle::Handle>>
calls=1671 0 
0 150307
cfn=(6344)
calls=882 0 
0 52038
0 26217
cfn=(7220)
calls=1 0 
0 101

fn=(6346) <tokio::runtime::time::handle::Handle>::process_at_time
0 41847
cfn=(6334) <tokio::runtime::time::wheel::Wheel>::next_expiration
calls=1131 0 
0 31668
0 18003
cfn=(6334)
calls=1131 0 
0 31668
0 35061

fn=(6416)
0 33544
cob=(2)
cfi=(2)
cfn=(6418)
calls=599 0 
0 6589
0 20366

fn=(6444) core::ptr::drop_glue::<hyper_util::client::legacy::connect::http::connect::{closure#0}>
0 10

fn=(6446)
0 13

fn=(6486)
0 24300
cob=(2)
cfi=(2)
cfn=(5214) posix_memalign
calls=405 0 
0 240130
0 42761
cfn=(5712) <tokio::runtime::scheduler::multi_thread::handle::Handle>::schedule_task
calls=405 0 
0 41946
0 5265

fn=(6498) core::ptr::drop_glue::<hyper::proto::h2::client::handshake<tonic::transport::channel::service::io::BoxedIo, tonic::body::Body, tonic::transport::channel::service::executor::SharedExec>::{closure#0}>
0 17

fn=(6500) core::ptr::drop_glue::<<hyper::client::conn::http2::Builder<tonic::transport::channel::service::executor::SharedExec>>::handshake<tonic::transport::channel::service::io::BoxedIo, tonic::body::Body>::{closure#0}>
0 17

fn=(6538) <tonic::client::grpc::Grpc<tonic::transport::channel::Channel>>::streaming::<tokio_stream::once::Once<devloop::echo::EchoRequest>, devloop::echo::EchoRequest, devloop::echo::EchoReply, tonic_prost::codec::ProstCodec<devloop::echo::EchoRequest, devloop::echo::EchoReply>>::{closure#0}
0 9765
cob=(2)
cfi=(2)
cfn=(4532)
calls=201 0 
0 5829
0 3216
cob=(2)
cfi=(2)
cfn=(4206)
calls=201 0 
0 39559
0 10243
cob=(2)
cfi=(2)
cfn=(4532)
calls=201 0 
0 5829
0 603
cob=(2)
cfi=(2)
cfn=(4206)
calls=201 0 
0 50481
0 2406
cob=(2)
cfi=(2)
cfn=(4532)
calls=200 0 
0 5800
0 4
cob=(2)
cfi=(2)
cfn=(4532)
calls=1 0 
0 29
0 6432
cfn=(6540) <tonic::client::grpc::GrpcConfig>::prepare_request
calls=201 0 
0 199305
0 1005
cfn=(6560) <tonic::transport::channel::Channel as tower_service::Service<http::request::Request<tonic::body::Body>>>::call
calls=201 0 
0 153319
0 2211
cfn=(6566) <tonic::transport::channel::ResponseFuture as core::future::future::Future>::poll
calls=201 0 
0 16884
0 1584
cfn=(6566)
calls=396 0 
0 371293
0 6000
cfn=(7234) core::ptr::drop_glue::<tonic::transport::channel::ResponseFuture>
calls=201 0 
0 75091
0 4623
cfn=(7030) <tonic::codec::compression::CompressionEncoding>::from_encoding_header
calls=201 0 
0 68742
0 1407
cfn=(7238) <tonic::status::Status>::from_header_map
calls=201 0 
0 33165
0 5628
cob=(2)
cfi=(2)
cfn=(4206)
calls=201 0 
0 8241
0 3214
cfn=(7018) <http_body_util::combinators::map_err::MapErr<hyper::body::incoming::Incoming, <tonic::status::Status>::map_error<hyper::error::Error>> as http_body::Body>::is_end_stream
calls=201 0 
0 13869
0 18235
cob=(2)
cfi=(2)
cfn=(4206)
calls=201 0 
0 8399
0 2806
cob=(2)
cfi=(2)
cfn=(4206)
calls=200 0 
0 57119
0 6
cob=(2)
cfi=(2)
cfn=(4206)
calls=1 0 
0 188
0 402

fn=(6540)
0 2613
cfn=(5792)
calls=201 0 
0 13065
0 7035
cfn=(5788)
calls=201 0 
0 201
0 6231
cfn=(5788)
calls=201 0 
0 201
0 7236
cfn=(6542) <http::uri::Uri>::from_parts
calls=201 0 
0 10653
0 12060
cfn=(6544) <tonic::metadata::map::MetadataMap>::into_sanitized_headers
calls=201 0 
0 6834
0 402
cfn=(6546) core::ptr::drop_glue::<http::header::map::HeaderMap>
calls=201 0 
0 9849
0 3216
cfn=(6552) core::ptr::drop_glue::<http::extensions::Extensions>
calls=201 0 
0 3417
0 1206
cob=(2)
cfi=(2)
cfn=(4532)
calls=201 0 
0 5829
0 2412
cfn=(6554) <http::header::map::HeaderMap>::try_insert2::<http::header::name::HeaderName>
calls=201 0 
0 61218
0 2211
cfn=(6554)
calls=201 0 
0 33567
0 1809
cob=(2)
cfi=(2)
cfn=(4532)
calls=201 0 
0 5829
0 2211

fn=(6556) <http::header::map::HeaderMap>::try_reserve_one
0 11859
cob=(2)
cfi=(2)
cfn=(4206)
calls=201 0 
0 8241
0 3616
cob=(2)
cfi=(2)
cfn=(4206)
calls=201 0 
0 8241
0 2606
cfn=(6548) core::ptr::drop_glue::<[http::header::map::Bucket<http::header::value::HeaderValue>]>
calls=200 0 
0 2600
0 5
cfn=(6548)
calls=1 0 
0 13
0 21909
cob=(2)
cfi=(2)
cfn=(4206)
calls=201 0 
0 8333
0 3616
cob=(2)
cfi=(2)
cfn=(4206)
calls=201 0 
0 8468
0 2606
cfn=(6548)
calls=200 0 
0 2600
0 5
cfn=(6548)
calls=1 0 
0 13
0 8241

fn=(6582) <hyper::proto::h2::server::Serving<hyper_util::common::rewind::Rewind<hyper_util::rt::tokio::TokioIo<tonic::transport::server::service::io::ServerIo<tokio::net::tcp::stream::TcpStream>>>, tonic::body::Body>>::poll_ping
0 14331

fn=(6642) <h2::proto::streams::streams::Actions>::ensure_no_conn_error
0 21126

fn=(6658) <tower::util::map_future::MapFuture<tonic::transport::channel::service::add_origin::AddOrigin<tonic::transport::channel::service::user_agent::UserAgent<tonic::transport::service::grpc_timeout::GrpcTimeout<tower::util::either::Either<tower::limit::concurrency::service::ConcurrencyLimit<tower::util::either::Either<tower::limit::rate::service::RateLimit<tonic::transport::channel::service::reconnect::Reconnect<tonic::transport::channel::service::connection::MakeSendRequestService<tonic::transport::channel::service::connector::Connector<hyper_util::client::legacy::connect::http::HttpConnector>>, http::uri::Uri>>, tonic::transport::channel::service::reconnect::Reconnect<tonic::transport::channel::service::connection::MakeSendRequestService<tonic::transport::channel::service::connector::Connector<hyper_util::client::legacy::connect::http::HttpConnector>>, http::uri::Uri>>>, tower::util::either::Either<tower::limit::rate::service::RateLimit<tonic::transport::channel::service::reconnect::Reconnect<tonic::transport::channel::service::connection::MakeSendRequestService<tonic::transport::channel::service::connector::Connector<hyper_util::client::legacy::connect::http::HttpConnector>>, http::uri::Uri>>, tonic::transport::channel::service::reconnect::Reconnect<tonic::transport::channel::service::connection::MakeSendRequestService<tonic::transport::channel::service::connector::Connector<hyper_util::client::legacy::connect::http::HttpConnector>>, http::uri::Uri>>>>>>, <tower::util::boxed::sync::BoxService<http::request::Request<tonic::body::Body>, http::response::Response<tonic::body::Body>, alloc::boxed::Box<dyn core::error::Error + core::marker::Send + core::marker::Sync>>>::new<tonic::transport::channel::service::add_origin::AddOrigin<tonic::transport::channel::service::user_agent::UserAgent<tonic::transport::service::grpc_timeout::GrpcTimeout<tower::util::either::Either<tower::limit::concurrency::service::ConcurrencyLimit<tower::util::either::Either<tower::limit::rate::service::RateLimit<tonic::transport::channel::service::reconnect::Reconnect<tonic::transport::channel::service::connection::MakeSendRequestService<tonic::transport::channel::service::connector::Connector<hyper_util::client::legacy::connect::http::HttpConnector>>, http::uri::Uri>>, tonic::transport::channel::service::reconnect::Reconnect<tonic::transport::channel::service::connection::MakeSendRequestService<tonic::transport::channel::service::connector::Connector<hyper_util::client::legacy::connect::http::HttpConnector>>, http::uri::Uri>>>, tower::util::either::Either<tower::limit::rate::service::RateLimit<tonic::transport::channel::service::reconnect::Reconnect<tonic::transport::channel::service::connection::MakeSendRequestService<tonic::transport::channel::service::connector::Connector<hyper_util::client::legacy::connect::http::HttpConnector>>, http::uri::Uri>>, tonic::transport::channel::service::reconnect::Reconnect<tonic::transport::channel::service::connection::MakeSendRequestService<tonic::transport::channel::service::connector::Connector<hyper_util::client::legacy::connect::http::HttpConnector>>, http::uri::Uri>>>>>>>::{closure#0}> as tower_service::Service<http::request::Request<tonic::body::Body>>>::call
0 4221
cob=(2)
cfi=(2)
cfn=(4532)
calls=201 0 
0 5829
0 6633
cfn=(5788)
calls=201 0 
0 201
0 4824
cfn=(5804) bytes::bytes::shared_clone
calls=201 0 
0 2010
0 6633
cfn=(6542)
calls=201 0 
0 11256
0 3819
cob=(2)
cfi=(2)
cfn=(4532)
calls=201 0 
0 5829
0 2010
cfn=(5794)
calls=201 0 
0 1407
0 2412
cfn=(6554)
calls=201 0 
0 33567
0 1608
cob=(2)
cfi=(2)
cfn=(4532)
calls=201 0 
0 5829
0 603
cfn=(6660) tonic::transport::service::grpc_timeout::try_parse_grpc_timeout
calls=201 0 
0 62109
0 3216
cfn=(6668) <tower::util::either::Either<tower::limit::rate::service::RateLimit<tonic::transport::channel::service::reconnect::Reconnect<tonic::transport::channel::service::connection::MakeSendRequestService<tonic::transport::channel::service::connector::Connector<hyper_util::client::legacy::connect::http::HttpConnector>>, http::uri::Uri>>, tonic::transport::channel::service::reconnect::Reconnect<tonic::transport::channel::service::connection::MakeSendRequestService<tonic::transport::channel::service::connector::Connector<hyper_util::client::legacy::connect::http::HttpConnector>>, http::uri::Uri>> as tower_service::Service<http::request::Request<tonic::body::Body>>>::call
calls=201 0 
0 172790
0 5628
cob=(2)
cfi=(2)
cfn=(4206)
calls=201 0 
0 48220
0 2406
cob=(2)
cfi=(2)
cfn=(4532)
calls=200 0 
0 12772
0 4
cob=(2)
cfi=(2)
cfn=(4532)
calls=1 0 
0 64
0 1005
cob=(2)
cfi=(2)
cfn=(4206)
calls=201 0 
0 8398
0 3616

fn=(6660)
0 2814
cfn=(6662) <http::header::map::HeaderMap>::get::<&str>
calls=402 0 
0 118590
0 2814

fn=(6662)
0 9648
cfn=(6664) http::header::name::parse_hdr
calls=804 0 
0 140700
0 101103

fn=(6676) tokio::runtime::park::wake_by_ref
0 397
cfn=(6440) <tokio::runtime::park::Inner>::unpark
calls=397 0 
0 20247

fn=(6698) <h2::frame::headers::Pseudo>::set_scheme
0 7839

fn=(6720) <http::header::map::HeaderMap>::contains_key::<&str>
0 14472
cfn=(6664)
calls=1206 0 
0 184518
0 144318

fn=(6756) prost::encoding::varint::encode_varint::<tonic::codec::buffer::EncodeBuf>
0 26934

fn=(6768) <h2::proto::streams::streams::StreamRef<hyper::proto::h2::SendBuf<bytes::bytes::Bytes>>>::capacity
0 37989

fn=(6820) <h2::proto::streams::store::Queue<h2::proto::streams::stream::NextSend>>::push
0 90450

fn=(6822) <tonic::codec::encode::EncodeState>::trailers
0 8442
cob=(2)
cfi=(2)
cfn=(4206)
calls=201 0 
0 9425
0 2406
cob=(2)
cfi=(2)
cfn=(4532)
calls=200 0 
0 5800
0 4
cob=(2)
cfi=(2)
cfn=(4532)
calls=1 0 
0 29
0 804
cfn=(7156) <tonic::status::Status>::to_header_map
calls=201 0 
0 150274
0 2814
cfn=(7166) core::ptr::drop_glue::<tonic::status::StatusInner>
calls=201 0 
0 14070
0 402
cob=(2)
cfi=(2)
cfn=(4916)
calls=201 0 
0 14673
0 2010

fn=(6842) core::ptr::drop_glue::<tonic::codec::encode::EncodeBody<tonic_prost::codec::ProstEncoder<devloop::echo::EchoRequest>, tokio_stream::stream_ext::map::Map<tokio_stream::once::Once<devloop::echo::EchoRequest>, core::result::Result<devloop::echo::EchoRequest, tonic::status::Status>::Ok>>>
0 5226

fn=(6846) <tokio::runtime::task::harness::Harness<core::pin::Pin<alloc::boxed::Box<dyn core::future::future::Future<Output = ()> + core::marker::Send>>, alloc::sync::Arc<tokio::runtime::scheduler::multi_thread::handle::Handle>>>::complete
0 20664
cfn=(6848) <alloc::sync::Arc<tokio::runtime::scheduler::multi_thread::handle::Handle> as tokio::runtime::task::Schedule>::release
calls=405 0 
0 28029
0 4501
cfn=(7222) core::ptr::drop_glue::<tokio::runtime::task::core::Cell<core::pin::Pin<alloc::boxed::Box<dyn core::future::future::Future<Output = ()> + core::marker::Send>>, alloc::sync::Arc<tokio::runtime::scheduler::multi_thread::handle::Handle>>>
calls=23 0 
0 598
0 46
cob=(2)
cfi=(2)
cfn=(4916)
calls=23 0 
0 1841
0 3240

fn=(6848)
0 42072

fn=(6868) <h2::frame::headers::HeaderBlock>::load::{closure#0}
0 78390
cfn=(6700) <http::header::name::StandardHeader>::as_str
calls=1005 0 
0 7035
0 12663
cfn=(6700)
calls=1005 0 
0 7035
0 26532
cfn=(6700)
calls=201 0 
0 1407
0 1608
cfn=(6700)
calls=804 0 
0 5628
0 27738
cfn=(6892) <http::header::map::HeaderMap>::try_append2::<http::header::name::HeaderName>
calls=1206 0 
0 325971
0 26331
cfn=(6870) core::ptr::drop_glue::<core::option::Option<http::method::Method>>
calls=201 0 
0 804
0 1608

fn=(6880) bytes::bytes_mut::shared_v_clone
0 6030

fn=(6904) <h2::proto::streams::recv::Recv>::recv_headers
0 25125
cfn=(6724) core::ptr::drop_glue::<h2::proto::streams::state::Inner>
calls=201 0 
0 804
0 603
cfn=(6724)
calls=201 0 
0 804
0 19899
cfn=(6722) <http::header::map::HeaderMap>::get::<http::header::name::HeaderName>
calls=402 0 
0 37386
0 4422
cob=(2)
cfi=(2)
cfn=(4532)
calls=402 0 
0 11658
0 6432
cob=(2)
cfi=(2)
cfn=(4532)
calls=201 0 
0 5829
0 1005
cfn=(6906) <h2::server::Peer as h2::proto::peer::Peer>::convert_poll_message
calls=201 0 
0 244617
0 13065
cfn=(6546)
calls=201 0 
0 9849
0 6030
cfn=(6812) core::ptr::drop_glue::<h2::frame::headers::Pseudo>
calls=201 0 
0 4623
0 22512
cob=(2)
cfi=(2)
cfn=(4532)
calls=402 0 
0 11658
0 3216
cfn=(6916) <slab::Slab<h2::proto::streams::buffer::Slot<h2::proto::streams::recv::Event>>>::insert_at
calls=402 0 
0 21433
0 9447
cfn=(6342)
calls=201 0 
0 18291
0 1608
cfn=(6920) <h2::proto::streams::store::Queue<h2::proto::streams::stream::NextAccept>>::push
calls=201 0 
0 9849
0 2412

fn=(6918) <alloc::raw_vec::RawVec<slab::Entry<h2::proto::streams::buffer::Slot<h2::proto::streams::recv::Event>>>>::grow_one
0 30
cfn=(5414)
calls=2 0 
0 477
0 18

fn=(6920)
0 9849

fn=(6940) core::ptr::drop_glue::<tokio::sync::oneshot::Receiver<core::result::Result<core::pin::Pin<alloc::boxed::Box<dyn core::future::future::Future<Output = core::result::Result<http::response::Response<tonic::body::Body>, alloc::boxed::Box<dyn core::error::Error + core::marker::Send + core::marker::Sync>>> + core::marker::Send>>, tower::buffer::error::ServiceError>>>
0 3216

fn=(6948) <tonic::transport::channel::service::connection::SendRequest as tower_service::Service<http::request::Request<tonic::body::Body>>>::call::{closure#0}
0 7341
cob=(2)
cfi=(2)
cfn=(4532)
calls=201 0 
0 5829
0 13818
cfn=(6414) tokio::runtime::park::clone
calls=195 0 
0 975
0 6525
cob=(2)
cfi=(2)
cfn=(4532)
calls=201 0 
0 5829
0 1596
cob=(2)
cfi=(2)
cfn=(4532)
calls=201 0 
0 5829
0 1162
cfn=(7218) <alloc::sync::Arc<tokio::sync::oneshot::Inner<core::result::Result<http::response::Response<hyper::body::incoming::Incoming>, hyper::error::Error>>>>::drop_slow
calls=179 0 
0 91092
0 1407
cob=(2)
cfi=(2)
cfn=(4532)
calls=201 0 
0 5829
0 2187
cob=(2)
cfi=(2)
cfn=(4532)
calls=201 0 
0 5829
0 402
cfn=(7224) core::ptr::drop_glue::<tokio::sync::oneshot::Receiver<core::result::Result<http::response::Response<hyper::body::incoming::Incoming>, hyper::error::Error>>>
calls=201 0 
0 2412
0 2010
cob=(2)
cfi=(2)
cfn=(4532)
calls=201 0 
0 5829
0 1608
cob=(2)
cfi=(2)
cfn=(4532)
calls=201 0 
0 5829
0 10392
cfn=(6962) <h2::share::RecvStream>::is_end_stream
calls=201 0 
0 12462
0 2814
cob=(2)
cfi=(2)
cfn=(4206)
calls=201 0 
0 8510
0 5626

fn=(6952) <h2::proto::streams::prioritize::Prioritize>::reclaim_frame_inner::<hyper::proto::h2::SendBuf<bytes::bytes::Bytes>>
0 21909
cfn=(6866) bytes::bytes_mut::shared_v_drop
calls=402 0 
0 120446
0 5427

fn=(6954) <h2::proto::streams::recv::Recv>::take_request
0 4623
cfn=(6776) <h2::proto::streams::buffer::Deque>::pop_front::<h2::proto::streams::recv::Event>
calls=201 0 
0 22017
0 1809
cob=(2)
cfi=(2)
cfn=(4532)
calls=201 0 
0 5829
0 1005

fn=(6970) <hyper_util::service::glue::TowerToHyperServiceFuture<tower::util::map_request::MapRequest<tower::util::boxed_clone::BoxCloneService<http::request::Request<tonic::body::Body>, http::response::Response<tonic::body::Body>, alloc::boxed::Box<dyn core::error::Error + core::marker::Send + core::marker::Sync>>, <tonic::transport::server::Server>::serve_internal<tonic::service::router::Routes, tonic::transport::server::incoming::TcpIncoming, core::future::ready::Ready<()>, tokio::net::tcp::stream::TcpStream, core::io::error::Error, tonic::body::Body>::{closure#0}::{closure#1}>, http::request::Request<hyper::body::incoming::Incoming>> as core::future::future::Future>::poll
0 8034
cfn=(7006) <tonic::transport::server::SvcFuture<tonic::service::recover_error::ResponseFuture<tower::util::either::EitherResponseFuture<tower::load_shed::future::ResponseFuture<tower::util::either::EitherResponseFuture<tower::limit::concurrency::future::ResponseFuture<tonic::transport::service::grpc_timeout::ResponseFuture<tonic::service::router::RoutesFuture>>, tonic::transport::service::grpc_timeout::ResponseFuture<tonic::service::router::RoutesFuture>>>, tower::util::either::EitherResponseFuture<tower::limit::concurrency::future::ResponseFuture<tonic::transport::service::grpc_timeout::ResponseFuture<tonic::service::router::RoutesFuture>>, tonic::transport::service::grpc_timeout::ResponseFuture<tonic::service::router::RoutesFuture>>>>> as core::future::future::Future>::poll
calls=239 0 
0 1327110
0 402
cfn=(7006)
calls=201 0 
0 876698
0 5943
cfn=(7002) core::ptr::drop_glue::<hyper_util::service::oneshot::Oneshot<tower::util::map_request::MapRequest<tower::util::boxed_clone::BoxCloneService<http::request::Request<tonic::body::Body>, http::response::Response<tonic::body::Body>, alloc::boxed::Box<dyn core::error::Error + core::marker::Send + core::marker::Sync>>, <tonic::transport::server::Server>::serve_internal<tonic::service::router::Routes, tonic::transport::server::incoming::TcpIncoming, core::future::ready::Ready<()>, tokio::net::tcp::stream::TcpStream, core::io::error::Error, tonic::body::Body>::{closure#0}::{closure#1}>, http::request::Request<hyper::body::incoming::Incoming>>>
calls=201 0 
0 33301
0 4824
cfn=(6972) <tower::util::map_future::MapFuture<tonic::transport::server::service::io::ConnectInfo<tonic::transport::server::Svc<tonic::service::recover_error::RecoverError<tower::util::either::Either<tower::load_shed::LoadShed<tower::util::either::Either<tower::limit::concurrency::service::ConcurrencyLimit<tonic::transport::service::grpc_timeout::GrpcTimeout<tonic::service::router::Routes>>, tonic::transport::service::grpc_timeout::GrpcTimeout<tonic::service::router::Routes>>>, tower::util::either::Either<tower::limit::concurrency::service::ConcurrencyLimit<tonic::transport::service::grpc_timeout::GrpcTimeout<tonic::service::router::Routes>>, tonic::transport::service::grpc_timeout::GrpcTimeout<tonic::service::router::Routes>>>>>, tonic::transport::server::service::io::ServerIoConnectInfo<tokio::net::tcp::stream::TcpStream>>, <tower::util::boxed_clone::BoxCloneService<http::request::Request<tonic::body::Body>, http::response::Response<tonic::body::Body>, alloc::boxed::Box<dyn core::error::Error + core::marker::Send + core::marker::Sync>>>::new<tonic::transport::server::service::io::ConnectInfo<tonic::transport::server::Svc<tonic::service::recover_error::RecoverError<tower::util::either::Either<tower::load_shed::LoadShed<tower::util::either::Either<tower::limit::concurrency::service::ConcurrencyLimit<tonic::transport::service::grpc_timeout::GrpcTimeout<tonic::service::router::Routes>>, tonic::transport::service::grpc_timeout::GrpcTimeout<tonic::service::router::Routes>>>, tower::util::either::Either<tower::limit::concurrency::service::ConcurrencyLimit<tonic::transport::service::grpc_timeout::GrpcTimeout<tonic::service::router::Routes>>, tonic::transport::service::grpc_timeout::GrpcTimeout<tonic::service::router::Routes>>>>>, tonic::transport::server::service::io::ServerIoConnectInfo<tokio::net::tcp::stream::TcpStream>>>::{closure#0}> as tower_service::Service<http::request::Request<tonic::body::Body>>>::poll_ready
calls=201 0 
0 8241
0 6611
cob=(2)
cfi=(2)
cfn=(4532)
calls=201 0 
0 5829
0 804
cfn=(6976) <http::request::Request<hyper::body::incoming::Incoming>>::map::<<tonic::body::Body>::new<hyper::body::incoming::Incoming>, tonic::body::Body>
calls=201 0 
0 39411
0 603
cfn=(6978) <tower::util::map_future::MapFuture<tonic::transport::server::service::io::ConnectInfo<tonic::transport::server::Svc<tonic::service::recover_error::RecoverError<tower::util::either::Either<tower::load_shed::LoadShed<tower::util::either::Either<tower::limit::concurrency::service::ConcurrencyLimit<tonic::transport::service::grpc_timeout::GrpcTimeout<tonic::service::router::Routes>>, tonic::transport::service::grpc_timeout::GrpcTimeout<tonic::service::router::Routes>>>, tower::util::either::Either<tower::limit::concurrency::service::ConcurrencyLimit<tonic::transport::service::grpc_timeout::GrpcTimeout<tonic::service::router::Routes>>, tonic::transport::service::grpc_timeout::GrpcTimeout<tonic::service::router::Routes>>>>>, tonic::transport::server::service::io::ServerIoConnectInfo<tokio::net::tcp::stream::TcpStream>>, <tower::util::boxed_clone::BoxCloneService<http::request::Request<tonic::body::Body>, http::response::Response<tonic::body::Body>, alloc::boxed::Box<dyn core::error::Error + core::marker::Send + core::marker::Sync>>>::new<tonic::transport::server::service::io::ConnectInfo<tonic::transport::server::Svc<tonic::service::recover_error::RecoverError<tower::util::either::Either<tower::load_shed::LoadShed<tower::util::either::Either<tower::limit::concurrency::service::ConcurrencyLimit<tonic::transport::service::grpc_timeout::GrpcTimeout<tonic::service::router::Routes>>, tonic::transport::service::grpc_timeout::GrpcTimeout<tonic::service::router::Routes>>>, tower::util::either::Either<tower::limit::concurrency::service::ConcurrencyLimit<tonic::transport::service::grpc_timeout::GrpcTimeout<tonic::service::router::Routes>>, tonic::transport::service::grpc_timeout::GrpcTimeout<tonic::service::router::Routes>>>>>, tonic::transport::server::service::io::ServerIoConnectInfo<tokio::net::tcp::stream::TcpStream>>>::{closure#0}> as tower_service::Service<http::request::Request<tonic::body::Body>>>::call
calls=201 0 
0 619430
0 804
cfn=(7002)
calls=201 0 
0 24437
0 1206

fn=(6978)
0 4422
cob=(2)
cfi=(2)
cfn=(4206)
calls=201 0 
0 9958
0 3206
cob=(2)
cfi=(2)
cfn=(4206)
calls=200 0 
0 11289
0 8
cob=(2)
cfi=(2)
cfn=(4206)
calls=1 0 
0 319
0 4005
cfn=(6534)
calls=200 0 
0 47000
0 13
cfn=(6534)
calls=1 0 
0 233
0 1206
cob=(2)
cfi=(2)
cfn=(4532)
calls=201 0 
0 5829
0 1809
cfn=(6980) <tower::util::either::Either<tower::limit::concurrency::service::ConcurrencyLimit<tonic::transport::service::grpc_timeout::GrpcTimeout<tonic::service::router::Routes>>, tonic::transport::service::grpc_timeout::GrpcTimeout<tonic::service::router::Routes>> as tower_service::Service<http::request::Request<tonic::body::Body>>>::call
calls=201 0 
0 462123
0 2412
cob=(2)
cfi=(2)
cfn=(4532)
calls=201 0 
0 15276
0 2010
cob=(2)
cfi=(2)
cfn=(4532)
calls=201 0 
0 15276
0 402
cob=(2)
cfi=(2)
cfn=(4206)
calls=201 0 
0 13155
0 2405
cob=(2)
cfi=(2)
cfn=(4532)
calls=200 0 
0 15184
0 5
cob=(2)
cfi=(2)
cfn=(4532)
calls=1 0 
0 76
0 1809

fn=(6994) <alloc::borrow::Cow<[u8]> as core::convert::From<percent_encoding::PercentDecode>>::from
0 13065

fn=(7016) <http_body_util::combinators::map_err::MapErr<http_body_util::combinators::map_err::MapErr<http_body_util::combinators::map_frame::MapFrame<tonic::body::Body, <tonic::codec::decode::Streaming<pbrs_grpc::codec::prost::Message<pbrs_adoption_corpus::prost_types::EntityList>>>::new<tonic::body::Body, devloop::adoption_rpc::TonicCodec<pbrs_grpc::codec::prost::Message<pbrs_adoption_corpus::prost_types::EntityList>>>::{closure#0}>, <tonic::codec::decode::Streaming<pbrs_grpc::codec::prost::Message<pbrs_adoption_corpus::prost_types::EntityList>>>::new<tonic::body::Body, devloop::adoption_rpc::TonicCodec<pbrs_grpc::codec::prost::Message<pbrs_adoption_corpus::prost_types::EntityList>>>::{closure#1}>, <tonic::status::Status>::map_error<tonic::status::Status>> as http_body::Body>::is_end_stream
0 7236
cfn=(7114) <http_body_util::combinators::map_err::MapErr<tonic::codec::encode::EncodeBody<tonic_prost::codec::ProstEncoder<devloop::echo::EchoReply>, tokio_stream::once::Once<core::result::Result<devloop::echo::EchoReply, tonic::status::Status>>>, <tonic::status::Status>::map_error<tonic::status::Status>> as http_body::Body>::is_end_stream
calls=804 0 
0 1608
cfn=(7018)
calls=402 0 
0 27806

fn=(7028) <tonic::server::grpc::Grpc<tonic_prost::codec::ProstCodec<devloop::echo::EchoReply, devloop::echo::EchoRequest>>>::map_request_unary::<tonic::body::Body>::{closure#0}
0 8007
cob=(2)
cfi=(2)
cfn=(4532)
calls=201 0 
0 5829
0 402
cfn=(7030)
calls=201 0 
0 73365
0 3957
cob=(2)
cfi=(2)
cfn=(4532)
calls=201 0 
0 5829
0 1005
cob=(2)
cfi=(2)
cfn=(4206)
calls=201 0 
0 29420
0 3214
cfn=(7032) <http_body_util::combinators::map_err::MapErr<axum_core::body::Body, <tonic::status::Status>::map_error<axum_core::error::Error>> as http_body::Body>::is_end_stream
calls=201 0 
0 15913
0 6605
cfn=(7034) <tonic::codec::decode::Streaming<devloop::echo::EchoRequest> as futures_core::stream::Stream>::poll_next
calls=200 0 
0 144503
0 26
cfn=(7034)
calls=1 0 
0 1822
0 441
cfn=(7034)
calls=147 0 
0 246751
0 12540
cfn=(6866)
calls=201 0 
0 1005
0 1005
cfn=(6866)
calls=201 0 
0 1005
0 3400
cob=(2)
cfi=(2)
cfn=(4206)
calls=201 0 
0 34231
0 2806
cob=(2)
cfi=(2)
cfn=(4206)
calls=200 0 
0 44234
0 6
cob=(2)
cfi=(2)
cfn=(4206)
calls=1 0 
0 191
0 2010
cfn=(7034)
calls=201 0 
0 176149
0 276
cfn=(7034)
calls=92 0 
0 119324
0 14295
cob=(2)
cfi=(2)
cfn=(4916)
calls=201 0 
0 14823
0 402
cfn=(7080) core::ptr::drop_glue::<tonic::codec::decode::StreamingInner>
calls=201 0 
0 218218
0 8382

fn=(7032)
0 804
cfn=(7016)
calls=201 0 
0 15109
0 2412
cfn=(7016)
calls=603 0 
0 4824

fn=(7036) <tonic_prost::codec::ProstDecoder<devloop::echo::EchoRequest> as tonic::codec::Decoder>::buffer_settings
0 5541

fn=(7048) <http_body_util::combinators::map_err::MapErr<hyper::body::incoming::Incoming, <tonic::status::Status>::map_error<hyper::error::Error>> as http_body::Body>::poll_frame
0 5052
cfn=(7050) <hyper::body::incoming::Incoming as http_body::Body>::poll_frame
calls=842 0 
0 307765
0 18622
cfn=(7050)
calls=603 0 
0 259893
0 12462

fn=(7060) <hyper::proto::h2::ping::Recorder>::record_data
0 10251

fn=(7062) <tonic_prost::codec::ProstDecoder<devloop::echo::EchoRequest> as tonic::codec::Decoder>::decode
0 5628
cfn=(7064) prost::encoding::varint::decode_varint::<&mut &mut tonic::codec::buffer::DecodeBuf>
calls=201 0 
0 9045
0 3819
cfn=(7064)
calls=201 0 
0 19497
0 2010
cfn=(6612) <bytes::bytes_mut::BytesMut>::split_to
calls=201 0 
0 21945
0 603
cfn=(7068) <bytes::bytes_mut::BytesMut>::freeze
calls=201 0 
0 4824
0 603
cfn=(7070) <alloc::vec::Vec<u8> as prost::encoding::sealed::BytesAdapter>::replace_with::<bytes::bytes::Bytes>
calls=201 0 
0 62105
0 4221

fn=(7064)
0 20904
cfn=(7066) prost::encoding::varint::decode_varint_slice
calls=402 0 
0 9246
0 26934

fn=(7070)
0 11256
cob=(2)
cfi=(2)
cfn=(4532)
calls=402 0 
0 49810
0 6030
cfn=(6866)
calls=402 0 
0 2010
0 2412
cfn=(5740) <alloc::raw_vec::RawVecInner<_>>::reserve::do_reserve_and_handle::<alloc::alloc::Global>
calls=402 0 
0 94579
0 1608

fn=(7092) <h2::share::RecvStream as core::ops::drop::Drop>::drop
0 25728
cfn=(6776)
calls=402 0 
0 7638
0 10452

fn=(7104) core::ptr::drop_glue::<<devloop::TonicEchod as devloop::echo::echo_server::Echo>::server_stream::{closure#0}>
0 1809

fn=(7142) <http_body_util::combinators::map_err::MapErr<axum_core::body::Body, <tonic::status::Status>::map_error<axum_core::error::Error>> as http_body::Body>::size_hint
0 804
cfn=(7144) <http_body_util::combinators::map_err::MapErr<tonic::body::Body, <axum_core::error::Error>::new<tonic::status::Status>> as http_body::Body>::size_hint
calls=201 0 
0 3015

fn=(7166)
0 4422
cfn=(5788)
calls=402 0 
0 402
0 804
cfn=(6546)
calls=402 0 
0 46632
0 2814

fn=(7200) <h2::proto::streams::store::Ptr>::remove
0 9246
cob=(2)
cfi=(2)
cfn=(4532)
calls=402 0 
0 25728
0 4020
cfn=(7202) core::ptr::drop_glue::<h2::proto::streams::stream::Stream>
calls=402 0 
0 90687
0 3618

fn=(7220)
0 1910
cfn=(7222)
calls=382 0 
0 9932
0 1910
cob=(2)
cfi=(2)
cfn=(4916)
calls=382 0 
0 89800

fn=(7228) core::ptr::drop_glue::<tower::util::either::EitherResponseFuture<tower::limit::concurrency::future::ResponseFuture<tower::util::either::EitherResponseFuture<tonic::transport::channel::service::reconnect::ResponseFuture<core::pin::Pin<alloc::boxed::Box<dyn core::future::future::Future<Output = core::result::Result<http::response::Response<tonic::body::Body>, alloc::boxed::Box<dyn core::error::Error + core::marker::Send + core::marker::Sync>>> + core::marker::Send>>>, tonic::transport::channel::service::reconnect::ResponseFuture<core::pin::Pin<alloc::boxed::Box<dyn core::future::future::Future<Output = core::result::Result<http::response::Response<tonic::body::Body>, alloc::boxed::Box<dyn core::error::Error + core::marker::Send + core::marker::Sync>>> + core::marker::Send>>>>>, tower::util::either::EitherResponseFuture<tonic::transport::channel::service::reconnect::ResponseFuture<core::pin::Pin<alloc::boxed::Box<dyn core::future::future::Future<Output = core::result::Result<http::response::Response<tonic::body::Body>, alloc::boxed::Box<dyn core::error::Error + core::marker::Send + core::marker::Sync>>> + core::marker::Send>>>, tonic::transport::channel::service::reconnect::ResponseFuture<core::pin::Pin<alloc::boxed::Box<dyn core::future::future::Future<Output = core::result::Result<http::response::Response<tonic::body::Body>, alloc::boxed::Box<dyn core::error::Error + core::marker::Send + core::marker::Sync>>> + core::marker::Send>>>>>>
0 2814
cfn=(7230) core::ptr::drop_glue::<tower::util::either::EitherResponseFuture<tonic::transport::channel::service::reconnect::ResponseFuture<core::pin::Pin<alloc::boxed::Box<dyn core::future::future::Future<Output = core::result::Result<http::response::Response<tonic::body::Body>, alloc::boxed::Box<dyn core::error::Error + core::marker::Send + core::marker::Sync>>> + core::marker::Send>>>, tonic::transport::channel::service::reconnect::ResponseFuture<core::pin::Pin<alloc::boxed::Box<dyn core::future::future::Future<Output = core::result::Result<http::response::Response<tonic::body::Body>, alloc::boxed::Box<dyn core::error::Error + core::marker::Send + core::marker::Sync>>> + core::marker::Send>>>>>
calls=201 0 
0 49776

fn=(7508) std::io::stdio::_eprint
0 11
cfn=(7510) std::io::stdio::print_to_buffer_if_capture_used
calls=1 0 
0 20
0 10
cfn=(7512) <&std::io::stdio::Stderr as core::io::write::Write>::write_fmt
calls=1 0 
0 501
0 7

fn=(7536) <tokio::runtime::task::core::Core<devloop::rpc_tonic_unary::{closure#0}::{closure#0}, alloc::sync::Arc<tokio::runtime::scheduler::current_thread::Handle>>>::set_stage
0 76
cfn=(7538) core::ptr::drop_glue::<devloop::rpc_tonic_unary::{closure#0}::{closure#0}>
calls=1 0 
0 978
0 19
cob=(2)
cfi=(2)
cfn=(4532)
calls=3 0 
0 624
0 36

fn=(7568) core::ptr::drop_glue::<tonic::transport::server::serve_connection<tonic::body::Body, hyper_util::rt::tokio::TokioIo<tonic::transport::server::service::io::ServerIo<tokio::net::tcp::stream::TcpStream>>, hyper_util::service::glue::TowerToHyperService<tower::util::map_request::MapRequest<tower::util::boxed_clone::BoxCloneService<http::request::Request<tonic::body::Body>, http::response::Response<tonic::body::Body>, alloc::boxed::Box<dyn core::error::Error + core::marker::Send + core::marker::Sync>>, <tonic::transport::server::Server>::serve_internal<tonic::service::router::Routes, tonic::transport::server::incoming::TcpIncoming, core::future::ready::Ready<()>, tokio::net::tcp::stream::TcpStream, core::io::error::Error, tonic::body::Body>::{closure#0}::{closure#1}>>, hyper_util::rt::tokio::TokioExecutor>::{closure#0}>
0 13
cfn=(7570) core::ptr::drop_glue::<core::pin::PinMacroHelper<tonic::transport::server::connection_timeout_future::{closure#0}>>
calls=1 0 
0 13
0 2
cfn=(7572) core::ptr::drop_glue::<hyper_util::server::conn::auto::ConnState<hyper_util::rt::tokio::TokioIo<tonic::transport::server::service::io::ServerIo<tokio::net::tcp::stream::TcpStream>>, hyper_util::service::glue::TowerToHyperService<tower::util::map_request::MapRequest<tower::util::boxed_clone::BoxCloneService<http::request::Request<tonic::body::Body>, http::response::Response<tonic::body::Body>, alloc::boxed::Box<dyn core::error::Error + core::marker::Send + core::marker::Sync>>, <tonic::transport::server::Server>::serve_internal<tonic::service::router::Routes, tonic::transport::server::incoming::TcpIncoming, core::future::ready::Ready<()>, tokio::net::tcp::stream::TcpStream, core::io::error::Error, tonic::body::Body>::{closure#0}::{closure#1}>>, hyper_util::rt::tokio::TokioExecutor>>
calls=1 0 
0 9672
0 21
cfn=(7628) <alloc::sync::Arc<dyn hyper::rt::timer::Timer + core::marker::Send + core::marker::Sync>>::drop_slow
calls=1 0 
0 152

fn=(7574) <alloc::sync::Arc<axum::routing::RouterInner<()>>>::drop_slow
0 8
cfn=(7576) core::ptr::drop_glue::<hashbrown::raw::RawTable<(axum::routing::RouteId, axum::routing::Endpoint<()>)>>
calls=1 0 
0 396
0 5
cfn=(7578) <alloc::sync::Arc<axum::routing::path_router::Node>>::drop_slow
calls=1 0 
0 702
0 2
cfn=(7576)
calls=1 0 
0 353
0 5
cfn=(7578)
calls=1 0 
0 816
0 23
cob=(2)
cfi=(2)
cfn=(4916)
calls=1 0 
0 73

fn=(7598) <h2::proto::streams::streams::Actions>::clear_queues
0 42
cfn=(7600) <h2::proto::streams::store::Queue<h2::proto::streams::stream::NextResetExpire>>::pop::<h2::proto::streams::store::Store>
calls=2 0 
0 12
0 20
cfn=(6856) <h2::proto::streams::store::Queue<h2::proto::streams::stream::NextAccept>>::pop::<h2::proto::streams::store::Store>
calls=2 0 
0 12
0 46
cfn=(6622) <h2::proto::streams::store::Queue<h2::proto::streams::stream::NextSendCapacity>>::pop::<h2::proto::streams::store::Store>
calls=2 0 
0 12
0 34
cfn=(6626) <h2::proto::streams::store::Queue<h2::proto::streams::stream::NextOpen>>::pop::<h2::proto::streams::store::Store>
calls=2 0 
0 12
0 22

fn=(7616) <alloc::sync::Arc<std::sync::poison::mutex::Mutex<h2::proto::streams::streams::Inner>>>::drop_slow
0 12
cfn=(7618) core::ptr::drop_glue::<std::sync::poison::mutex::Mutex<h2::proto::streams::streams::Inner>>
calls=2 0 
0 1387
0 18
cob=(2)
cfi=(2)
cfn=(4916)
calls=2 0 
0 138

fn=(7636) tokio::runtime::task::harness::cancel_task::<core::pin::Pin<alloc::boxed::Box<dyn core::future::future::Future<Output = ()> + core::marker::Send>>, alloc::sync::Arc<tokio::runtime::scheduler::current_thread::Handle>>
0 93
cfn=(7666) core::ptr::drop_glue::<tower::buffer::worker::Worker<tonic::transport::channel::service::connection::Connection, http::request::Request<tonic::body::Body>>>
calls=1 0 
0 2864
cfn=(7084) core::ptr::drop_glue::<core::pin::Pin<alloc::boxed::Box<dyn core::future::future::Future<Output = core::result::Result<http::response::Response<tonic::body::Body>, alloc::boxed::Box<dyn core::error::Error + core::marker::Send + core::marker::Sync>>> + core::marker::Send>>>
calls=1 0 
0 2239
cfn=(6830) core::ptr::drop_glue::<hyper::proto::h2::client::H2ClientFuture<tonic::body::Body, tonic::transport::channel::service::io::BoxedIo, tonic::transport::channel::service::executor::SharedExec>>
calls=1 0 
0 7202
0 15
cob=(2)
cfi=(2)
cfn=(4916)
calls=3 0 
0 384
0 126

fn=(7650) core::ptr::drop_glue::<<tonic::transport::channel::service::connection::MakeSendRequestService<tonic::transport::channel::service::connector::Connector<tonic::transport::channel::uds_connector::UdsConnector>> as tower_service::Service<http::uri::Uri>>::call::{closure#0}::{closure#0}>
0 5
cfn=(7652) core::ptr::drop_glue::<hyper::client::conn::http2::Connection<tonic::transport::channel::service::io::BoxedIo, tonic::body::Body, tonic::transport::channel::service::executor::SharedExec>>
calls=1 0 
0 2152

fn=(7656) core::ptr::drop_glue::<futures_channel::oneshot::Receiver<core::convert::Infallible>>
0 37
cfn=(7216) <alloc::sync::Arc<futures_channel::oneshot::Inner<()>>>::drop_slow
calls=1 0 
0 84

fn=(7670) <tokio::sync::batch_semaphore::Semaphore>::close
0 35

fn=(7704) core::ptr::drop_glue::<tokio::runtime::task::core::Cell<tokio::runtime::blocking::task::BlockingTask<<tokio::runtime::scheduler::multi_thread::worker::Launch>::launch::{closure#0}>, tokio::runtime::blocking::schedule::BlockingSchedule>>
0 104

fn=(7712) <std::sys::pal::unix::stack_overflow::Handler as core::ops::drop::Drop>::drop
0 52
cob=(2)
cfi=(2)
cfn=(5014) getauxval
calls=4 0 
0 580
0 40
cob=(2)
cfi=(2)
cfn=(5012) sigaltstack
calls=4 0 
0 20
0 20
cob=(2)
cfi=(2)
cfn=(6096) munmap
calls=4 0 
0 20
0 4
cob=(2)
cfi=(2)
cfn=(5030) __errno_location
calls=4 0 
0 12
0 272
cfn=(7714) <alloc::collections::btree::node::Handle<alloc::collections::btree::node::NodeRef<alloc::collections::btree::node::marker::Mut, usize, std::sys::pal::unix::stack_overflow::thread_info::ThreadInfo, alloc::collections::btree::node::marker::Leaf>, alloc::collections::btree::node::marker::KV>>::remove_leaf_kv::<<alloc::collections::btree::map::entry::OccupiedEntry<usize, std::sys::pal::unix::stack_overflow::thread_info::ThreadInfo>>::remove_kv::{closure#0}, alloc::alloc::Global>
calls=4 0 
0 446
0 44
cob=(2)
cfi=(2)
cfn=(4916)
calls=4 0 
0 362
0 80

fn=(7724) std::sys::thread_local::native::lazy::destroy::<core::cell::RefCell<hyper::common::date::CachedDate>>
0 44
cfn=(6510)
calls=4 0 
0 952
0 8

fn=(7728) std::sys::thread_local::native::eager::destroy::<core::cell::Cell<std::thread::spawnhook::SpawnHooks>>
0 35
cfn=(5484)
calls=5 0 
0 95
0 35

fn=(7876)
0 36
cfn=(7878) core::ptr::drop_glue::<tokio::runtime::scheduler::multi_thread::queue::Local<alloc::sync::Arc<tokio::runtime::scheduler::multi_thread::handle::Handle>>>
calls=4 0 
0 92
0 28

fn=(7880) <alloc::sync::Arc<tokio::sync::oneshot::Sender<()>>>::drop_slow
0 25
cfn=(6676)
calls=1 0 
0 52
0 13
cob=(2)
cfi=(2)
cfn=(4916)
calls=1 0 
0 65

fn=(7998) <alloc::sync::Arc<tokio::runtime::park::Inner>>::drop_slow
0 6
cob=(2)
cfi=(2)
cfn=(4916)
calls=1 0 
0 117

fn=(6514) <devloop::echo::echo_client::EchoClient<tonic::transport::channel::Channel>>::unary::<devloop::echo::EchoRequest>::{closure#0}
0 20565
cfn=(6516) <tonic::transport::channel::Channel as tower_service::Service<http::request::Request<tonic::body::Body>>>::poll_ready
calls=201 0 
0 74369
0 14223
cfn=(6532)
calls=201 0 
0 111491
0 1608
cob=(2)
cfi=(2)
cfn=(4532)
calls=201 0 
0 5829
0 1206
cob=(2)
cfi=(2)
cfn=(4532)
calls=201 0 
0 5829
0 1005
cob=(2)
cfi=(2)
cfn=(4532)
calls=201 0 
0 5829
0 14070
cob=(2)
cfi=(2)
cfn=(4532)
calls=201 0 
0 5829
0 2613
cfn=(6538)
calls=201 0 
0 509794
0 1980
cfn=(6538)
calls=396 0 
0 683138
0 2997
cob=(2)
cfi=(2)
cfn=(4532)
calls=201 0 
0 12864
0 603
cfn=(7266) core::ptr::drop_glue::<<tonic::client::grpc::Grpc<tonic::transport::channel::Channel>>::streaming<tokio_stream::once::Once<devloop::echo::EchoRequest>, devloop::echo::EchoRequest, devloop::echo::EchoReply, tonic_prost::codec::ProstCodec<devloop::echo::EchoRequest, devloop::echo::EchoReply>>::{closure#0}>
calls=201 0 
0 2613
0 2199
cob=(2)
cfi=(2)
cfn=(4532)
calls=201 0 
0 5829
0 4623
cob=(2)
cfi=(2)
cfn=(4532)
calls=201 0 
0 5829
0 2010
cfn=(7268) <tonic::codec::decode::Streaming<devloop::echo::EchoReply> as futures_core::stream::Stream>::poll_next
calls=201 0 
0 366507
0 25212
cfn=(7282) core::ptr::drop_glue::<<tonic::client::grpc::Grpc<tonic::transport::channel::Channel>>::client_streaming<tokio_stream::once::Once<devloop::echo::EchoRequest>, devloop::echo::EchoRequest, devloop::echo::EchoReply, tonic_prost::codec::ProstCodec<devloop::echo::EchoRequest, devloop::echo::EchoReply>>::{closure#0}>
calls=201 0 
0 3819
0 3618
cfn=(7284) core::ptr::drop_glue::<<tonic::client::grpc::Grpc<tonic::transport::channel::Channel>>::unary<devloop::echo::EchoRequest, devloop::echo::EchoReply, tonic_prost::codec::ProstCodec<devloop::echo::EchoRequest, devloop::echo::EchoReply>>::{closure#0}>
calls=201 0 
0 2613
0 2010
cfn=(7268)
calls=201 0 
0 65526
0 603
cfn=(7268)
calls=201 0 
0 535199
0 14472
cfn=(7164) <http::header::map::HeaderMap as core::iter::traits::collect::Extend<(core::option::Option<http::header::name::HeaderName>, http::header::value::HeaderValue)>>::extend::<http::header::map::HeaderMap>
calls=201 0 
0 109020
0 5628
cob=(2)
cfi=(2)
cfn=(4916)
calls=201 0 
0 13889
0 603
cfn=(7080)
calls=201 0 
0 341372
0 4020

fn=(6520) core::ptr::drop_glue::<tokio_util::sync::mpsc::State<tower::buffer::message::Message<http::request::Request<tonic::body::Body>, core::pin::Pin<alloc::boxed::Box<dyn core::future::future::Future<Output = core::result::Result<http::response::Response<tonic::body::Body>, alloc::boxed::Box<dyn core::error::Error + core::marker::Send + core::marker::Sync>>> + core::marker::Send>>>>>
0 11
cfn=(7520) core::ptr::drop_glue::<tokio::sync::mpsc::chan::Tx<tower::buffer::message::Message<http::request::Request<tonic::body::Body>, core::pin::Pin<alloc::boxed::Box<dyn core::future::future::Future<Output = core::result::Result<http::response::Response<tonic::body::Body>, alloc::boxed::Box<dyn core::error::Error + core::marker::Send + core::marker::Sync>>> + core::marker::Send>>>, tokio::sync::mpsc::bounded::Semaphore>>
calls=1 0 
0 187
0 11256

fn=(6528) core::ptr::drop_glue::<<tokio::sync::mpsc::bounded::Sender<tower::buffer::message::Message<http::request::Request<tonic::body::Body>, core::pin::Pin<alloc::boxed::Box<dyn core::future::future::Future<Output = core::result::Result<http::response::Response<tonic::body::Body>, alloc::boxed::Box<dyn core::error::Error + core::marker::Send + core::marker::Sync>>> + core::marker::Send>>>>>::reserve_inner::{closure#0}>
0 1809

fn=(5052)
0 156

fn=(5078)
0 19
cfn=(5080) std::env::var::inner
calls=1 0 
0 763
0 5
cfn=(5104) std::thread::functions::available_parallelism
calls=1 0 
0 6422
0 15
cfn=(5158) <tokio::runtime::driver::Driver>::new
calls=1 0 
0 3027
0 10
cob=(2)
cfi=(2)
cfn=(4532)
calls=1 0 
0 29
0 8
cob=(2)
cfi=(2)
cfn=(4532)
calls=1 0 
0 29
0 6
cfn=(5200) tokio::runtime::blocking::create_blocking_pool
calls=1 0 
0 607
0 9
cfn=(5212)
calls=1 0 
0 63
0 4
cfn=(5212)
calls=1 0 
0 63
0 6
cob=(2)
cfi=(2)
cfn=(4532)
calls=1 0 
0 29
0 57
cob=(2)
cfi=(2)
cfn=(4206)
calls=1 0 
0 190
0 22
cob=(2)
cfi=(2)
cfn=(4206)
calls=1 0 
0 190
0 42
cob=(2)
cfi=(2)
cfn=(4206)
calls=1 0 
0 41
0 25
cob=(2)
cfi=(2)
cfn=(4206)
calls=1 0 
0 190
0 31
cob=(2)
cfi=(2)
cfn=(5214)
calls=1 0 
0 470
0 97
cob=(2)
cfi=(2)
cfn=(4206)
calls=4 0 
0 750
0 32
cob=(2)
cfi=(2)
cfn=(4206)
calls=4 0 
0 540
0 116
cob=(2)
cfi=(2)
cfn=(4206)
calls=4 0 
0 801
0 72
cfn=(5182)
calls=4 0 
0 104
0 16
cfn=(5182)
calls=4 0 
0 104
0 44
cfn=(5212)
calls=4 0 
0 252
0 136
cob=(2)
cfi=(2)
cfn=(4206)
calls=4 0 
0 611
0 186
cob=(2)
cfi=(2)
cfn=(4206)
calls=1 0 
0 190
0 48
cob=(2)
cfi=(2)
cfn=(4206)
calls=1 0 
0 187
0 18
cob=(2)
cfi=(2)
cfn=(4968)
calls=1 0 
0 35
0 92
cob=(2)
cfi=(2)
cfn=(4532)
calls=1 0 
0 29
0 4
cob=(2)
cfi=(2)
cfn=(4206)
calls=1 0 
0 179
0 10
cob=(2)
cfi=(2)
cfn=(4532)
calls=1 0 
0 88
0 122
cob=(2)
cfi=(2)
cfn=(4206)
calls=4 0 
0 760
0 62
cfn=(5412)
calls=1 0 
0 261
0 7
cfn=(5416)
calls=1 0 
0 25
0 7
cfn=(5418)
calls=1 0 
0 89
0 5
cfn=(5420) <alloc::sync::Arc<tokio::runtime::scheduler::multi_thread::park::Inner>>::drop_slow
calls=1 0 
0 77
0 73
cfn=(5458) <tokio::runtime::scheduler::Handle>::current
calls=4 0 
0 116
0 156
cob=(2)
cfi=(2)
cfn=(5214)
calls=4 0 
0 1822
0 48
cob=(2)
cfi=(2)
cfn=(4532)
calls=4 0 
0 116
0 20
cfn=(5460) <tokio::runtime::blocking::pool::Spawner>::spawn_task
calls=4 0 
0 16012
0 65
cfn=(5654) core::ptr::drop_glue::<alloc::vec::drain::Drain<alloc::sync::Arc<tokio::runtime::scheduler::multi_thread::worker::Worker>>>
calls=1 0 
0 26
0 2
cfn=(5656) core::ptr::drop_glue::<tokio::runtime::scheduler::multi_thread::worker::Launch>
calls=1 0 
0 88
0 8
cfn=(5658)
calls=1 0 
0 45
0 9
cfn=(5422)
calls=1 0 
0 237
0 3

fn=(5110) std::fs::buffer_capacity_required
0 22
cfn=(5112) std::sys::fs::unix::try_statx
calls=2 0 
0 247
0 20
cob=(2)
cfi=(2)
cfn=(5116) lseek
calls=2 0 
0 10
0 32

fn=(5132) <std::path::Components>::as_path
0 144
cfn=(5130) <std::path::Components>::parse_next_component_back
calls=3 0 
0 233
0 36

fn=(5150) <&std::fs::File as alloc::io::read::Read>::read_to_string
0 12
cfn=(5110)
calls=1 0 
0 165
0 15
cfn=(5118) alloc::io::read::default_read_to_end::<&std::fs::File>
calls=1 0 
0 250
0 9
cfn=(5048)
calls=1 0 
0 109
0 14

fn=(5416)
0 50

fn=(5618) <std::hash::random::RandomState as core::hash::BuildHasher>::hash_one::<&usize>
0 161
cfn=(5076) <std::hash::random::DefaultHasher as core::hash::Hasher>::write
calls=7 0 
0 385
0 476

fn=(5656)
0 23
cob=(2)
cfi=(2)
cfn=(4916)
calls=1 0 
0 65

fn=(5660)
0 31

fn=(5666)
0 17
cfn=(5668)
calls=1 0 
0 518
0 2

fn=(5676) <str as tokio::net::addr::sealed::ToSocketAddrsPriv>::to_socket_addrs
0 14
cfn=(5678) <core::net::socket_addr::SocketAddr>::parse_ascii
calls=1 0 
0 211
0 16

fn=(5720)
0 1052
cfn=(7514) <core::io::write::default_write_fmt::Adapter<std::io::stdio::StderrLock> as core::fmt::Write>::write_str
calls=2 0 
0 218
cfn=(5722) <alloc::string::String as core::fmt::Write>::write_str
calls=3 0 
0 388
0 500
cfn=(7516) <alloc::string::String as core::fmt::Display>::fmt
calls=1 0 
0 136
cfn=(7134) <httpdate::date::HttpDate as core::fmt::Display>::fmt
calls=29 0 
0 7540
cfn=(6234) <&str as core::fmt::Display>::fmt
calls=1 0 
0 67
cfn=(5724)
calls=1 0 
0 1606
0 480

fn=(5721) core::fmt::write'2
0 142
cfn=(5722)
calls=4 0 
0 486
0 106
cfn=(5768) <u16 as core::fmt::Display>::fmt
calls=1 0 
0 164
cfn=(5732)
calls=4 0 
0 594
cfn=(5728) <&core::net::ip_addr::Ipv4Addr as core::fmt::Display>::fmt
calls=1 0 
0 1263
0 50

fn=(5790) <tonic::transport::channel::endpoint::Endpoint>::new_uri
0 7
cfn=(5792)
calls=1 0 
0 77
0 26
cob=(2)
cfi=(2)
cfn=(4206)
calls=1 0 
0 41
0 56

fn=(5792)
0 110
cfn=(5784) bytes::bytes::promotable_even_clone
calls=1 0 
0 16
cfn=(5804)
calls=4 0 
0 40
0 50
cfn=(5794)
calls=5 0 
0 35
0 3951
cfn=(5794)
calls=201 0 
0 1407
cfn=(5784)
calls=1 0 
0 16
0 2020
cfn=(5794)
calls=201 0 
0 1407
cfn=(5794)
calls=1 0 
0 7
0 4444

fn=(5834)
0 16
cfn=(5680) <core::net::parser::Parser>::read_ipv4_addr
calls=1 0 
0 142
0 11
cob=(2)
cfi=(2)
cfn=(4206)
calls=1 0 
0 41
0 29

fn=(5840) <alloc::raw_vec::RawVecInner>::grow_amortized
0 17
cfn=(5414)
calls=1 0 
0 74
0 10

fn=(6178) <tonic::service::router::Routes as core::default::Default>::default
0 19
cfn=(6180)
calls=1 0 
0 340
0 22
cfn=(6180)
calls=1 0 
0 340
0 16
cfn=(6182) <axum::routing::Endpoint<()> as core::clone::Clone>::clone
calls=1 0 
0 28
0 5
cfn=(6186) <axum::routing::path_router::PathRouter<(), true>>::replace_endpoint
calls=1 0 
0 3409
0 5
cob=(2)
cfi=(2)
cfn=(4532)
calls=1 0 
0 52
0 5
cfn=(6186)
calls=1 0 
0 4411
0 24
cob=(2)
cfi=(2)
cfn=(4206)
calls=1 0 
0 210
0 10
cob=(2)
cfi=(2)
cfn=(4532)
calls=1 0 
0 29
0 3
cfn=(6226) <axum::routing::Router>::into_inner
calls=1 0 
0 172
0 2
cob=(2)
cfi=(2)
cfn=(4206)
calls=1 0 
0 38
0 27
cob=(2)
cfi=(2)
cfn=(4532)
calls=1 0 
0 29
0 4
cob=(2)
cfi=(2)
cfn=(4206)
calls=1 0 
0 41
0 10
cob=(2)
cfi=(2)
cfn=(4532)
calls=1 0 
0 29
0 17
cob=(2)
cfi=(2)
cfn=(4206)
calls=1 0 
0 207
0 13
cob=(2)
cfi=(2)
cfn=(4532)
calls=1 0 
0 29
0 4
cfn=(6226)
calls=1 0 
0 172
0 5
cob=(2)
cfi=(2)
cfn=(4532)
calls=1 0 
0 52
0 3
cfn=(6182)
calls=1 0 
0 366
0 6
cfn=(6186)
calls=1 0 
0 546
0 5
cob=(2)
cfi=(2)
cfn=(4532)
calls=1 0 
0 52
0 5
cfn=(6186)
calls=1 0 
0 598
0 6
cob=(2)
cfi=(2)
cfn=(4532)
calls=1 0 
0 29
0 4
cob=(2)
cfi=(2)
cfn=(4206)
calls=1 0 
0 41
0 10
cob=(2)
cfi=(2)
cfn=(4532)
calls=1 0 
0 29
0 7

fn=(6198) matchit::tree::normalize_params
0 133
cfn=(6200) matchit::tree::find_wildcard
calls=5 0 
0 896
0 144

fn=(6206)
0 4669
cfn=(6208)
calls=203 0 
0 5481
0 14011
cfn=(6208)
calls=9 0 
0 243
0 612

fn=(6248) core::ptr::drop_glue::<hashbrown::raw::RawIntoIter<(axum::routing::RouteId, axum::routing::Endpoint<()>)>>
0 48
cob=(2)
cfi=(2)
cfn=(4916)
calls=2 0 
0 346

fn=(6304) tokio::runtime::task::waker::clone_waker
0 44758

fn=(6334)
0 94976

fn=(6362) <tokio::net::tcp::stream::TcpStream as tonic::transport::server::conn::Connected>::connect_info
0 11
cfn=(5700)
calls=1 0 
0 45
0 10
cfn=(6364) <std::sys::net::connection::socket::TcpStream>::peer_addr
calls=1 0 
0 45
0 23

fn=(6430) <hyper::common::io::compat::Compat<hyper_util::common::rewind::Rewind<hyper_util::rt::tokio::TokioIo<tonic::transport::server::service::io::ServerIo<tokio::net::tcp::stream::TcpStream>>>> as tokio::io::async_read::AsyncRead>::poll_read
0 24947
cfn=(6432) <hyper_util::common::rewind::Rewind<hyper_util::rt::tokio::TokioIo<tonic::transport::server::service::io::ServerIo<tokio::net::tcp::stream::TcpStream>>> as hyper::rt::io::Read>::poll_read
calls=1313 0 
0 305563
0 18756

fn=(6452) core::ptr::drop_glue::<<tonic::transport::channel::service::connector::Connector<tonic::transport::channel::uds_connector::UdsConnector> as tower_service::Service<http::uri::Uri>>::call::{closure#0}>
0 12

fn=(6454) <hyper::client::conn::http2::Builder<tonic::transport::channel::service::executor::SharedExec>>::handshake::<tonic::transport::channel::service::io::BoxedIo, tonic::body::Body>::{closure#0}
0 25
cob=(2)
cfi=(2)
cfn=(4206)
calls=1 0 
0 258
0 28
cob=(2)
cfi=(2)
cfn=(5214)
calls=1 0 
0 649
0 12
cob=(2)
cfi=(2)
cfn=(4532)
calls=1 0 
0 76
0 6
cob=(2)
cfi=(2)
cfn=(4206)
calls=1 0 
0 41
0 56
cfn=(6458) hyper::proto::h2::client::new_builder
calls=1 0 
0 69
0 6
cob=(2)
cfi=(2)
cfn=(4532)
calls=1 0 
0 29
0 18
cob=(2)
cfi=(2)
cfn=(4532)
calls=1 0 
0 29
0 25
cfn=(6460) <hyper_util::rt::tokio::TokioIo<tokio::net::tcp::stream::TcpStream> as hyper::rt::io::Write>::poll_write
calls=1 0 
0 175
0 24
cfn=(6466) <hyper_util::rt::tokio::TokioIo<tokio::net::tcp::stream::TcpStream> as hyper::rt::io::Write>::is_write_vectored
calls=1 0 
0 2
0 17
cob=(2)
cfi=(2)
cfn=(4206)
calls=1 0 
0 263
0 16
cob=(2)
cfi=(2)
cfn=(4532)
calls=1 0 
0 29
0 4
cob=(2)
cfi=(2)
cfn=(4532)
calls=1 0 
0 29
0 19
cob=(2)
cfi=(2)
cfn=(4206)
calls=1 0 
0 182
0 11
cob=(2)
cfi=(2)
cfn=(4532)
calls=1 0 
0 29
0 12
cob=(2)
cfi=(2)
cfn=(4532)
calls=1 0 
0 29
0 31
cob=(2)
cfi=(2)
cfn=(4206)
calls=1 0 
0 182
0 16
cob=(2)
cfi=(2)
cfn=(4532)
calls=1 0 
0 29
0 108
cfn=(6392) <h2::codec::framed_write::Encoder<h2::proto::streams::prioritize::Prioritized<hyper::proto::h2::SendBuf<bytes::bytes::Bytes>>>>::buffer
calls=1 0 
0 345
0 7
cob=(2)
cfi=(2)
cfn=(4532)
calls=1 0 
0 124
0 56
cfn=(6468) <h2::proto::streams::streams::Inner>::new
calls=1 0 
0 690
0 13
cob=(2)
cfi=(2)
cfn=(4206)
calls=1 0 
0 41
0 24
cfn=(6472) <tracing::span::Span>::current
calls=1 0 
0 37
0 3
cfn=(6476) <tracing::span::Span>::follows_from::<tracing::span::Span>
calls=1 0 
0 22
0 4
cob=(2)
cfi=(2)
cfn=(4532)
calls=1 0 
0 124
0 72
cob=(2)
cfi=(2)
cfn=(4532)
calls=1 0 
0 148
0 5
cfn=(6478) <h2::client::Connection<hyper::common::io::compat::Compat<tonic::transport::channel::service::io::BoxedIo>, hyper::proto::h2::SendBuf<bytes::bytes::Bytes>>>::set_target_window_size
calls=1 0 
0 84
0 20
cob=(2)
cfi=(2)
cfn=(4532)
calls=1 0 
0 148
0 17
cob=(2)
cfi=(2)
cfn=(4532)
calls=1 0 
0 148
0 20
cob=(2)
cfi=(2)
cfn=(4532)
calls=1 0 
0 148
0 2
cfn=(6482) core::ptr::drop_glue::<<h2::client::Connection<hyper::common::io::compat::Compat<tonic::transport::channel::service::io::BoxedIo>, hyper::proto::h2::SendBuf<bytes::bytes::Bytes>>>::handshake2::{closure#0}>
calls=1 0 
0 17
0 18
cob=(2)
cfi=(2)
cfn=(4532)
calls=1 0 
0 148
0 6
cob=(2)
cfi=(2)
cfn=(4206)
calls=1 0 
0 183
0 9
cob=(2)
cfi=(2)
cfn=(4206)
calls=1 0 
0 189
0 22
cob=(2)
cfi=(2)
cfn=(4206)
calls=1 0 
0 133
0 24
cob=(2)
cfi=(2)
cfn=(4206)
calls=1 0 
0 189
0 24
cob=(2)
cfi=(2)
cfn=(4206)
calls=1 0 
0 189
0 32
cob=(2)
cfi=(2)
cfn=(4532)
calls=1 0 
0 148
0 6
cob=(2)
cfi=(2)
cfn=(4532)
calls=1 0 
0 148
0 26
cob=(2)
cfi=(2)
cfn=(4206)
calls=1 0 
0 368
0 15
cob=(2)
cfi=(2)
cfn=(4532)
calls=1 0 
0 172
0 4
cfn=(6486)
calls=1 0 
0 947
0 46
cfn=(6498)
calls=1 0 
0 17
0 62

fn=(6466)
0 1210

fn=(6580) core::ptr::drop_glue::<hyper::proto::h2::server::State<hyper_util::common::rewind::Rewind<hyper_util::rt::tokio::TokioIo<tonic::transport::server::service::io::ServerIo<tokio::net::tcp::stream::TcpStream>>>, tonic::body::Body>>
0 18
cfn=(6428) core::ptr::drop_glue::<h2::server::Handshaking<hyper::common::io::compat::Compat<hyper_util::common::rewind::Rewind<hyper_util::rt::tokio::TokioIo<tonic::transport::server::service::io::ServerIo<tokio::net::tcp::stream::TcpStream>>>>, hyper::proto::h2::SendBuf<bytes::bytes::Bytes>>>
calls=1 0 
0 17
0 7
cfn=(7582) core::ptr::drop_glue::<h2::proto::connection::Connection<hyper::common::io::compat::Compat<hyper_util::common::rewind::Rewind<hyper_util::rt::tokio::TokioIo<tonic::transport::server::service::io::ServerIo<tokio::net::tcp::stream::TcpStream>>>>, h2::server::Peer, hyper::proto::h2::SendBuf<bytes::bytes::Bytes>>>
calls=1 0 
0 7134
0 15

fn=(6586) <h2::proto::connection::Connection<hyper::common::io::compat::Compat<hyper_util::common::rewind::Rewind<hyper_util::rt::tokio::TokioIo<tonic::transport::server::service::io::ServerIo<tokio::net::tcp::stream::TcpStream>>>>, h2::server::Peer, hyper::proto::h2::SendBuf<bytes::bytes::Bytes>>>::poll
0 104532
cfn=(6588) <h2::proto::streams::recv::Recv>::clear_expired_reset_streams
calls=843 0 
0 14331
0 74269
cfn=(6392)
calls=1 0 
0 172
0 55
cfn=(6618) <h2::proto::streams::send::Send>::apply_remote_settings::<hyper::proto::h2::SendBuf<bytes::bytes::Bytes>>
calls=1 0 
0 50
0 100760
cfn=(6610) <tokio_util::codec::length_delimited::LengthDelimitedCodec as tokio_util::codec::decoder::Decoder>::decode
calls=606 0 
0 48671
0 31965
cfn=(6430)
calls=1311 0 
0 348719
0 18549
cfn=(6610)
calls=489 0 
0 100365
0 3201
cfn=(6436) <tokio::net::tcp::stream::TcpStream>::poll_read_priv
calls=21 0 
0 4251
0 16740
cfn=(6614) h2::codec::framed_read::decode_frame
calls=606 0 
0 962869
0 15729
cob=(2)
cfi=(2)
cfn=(4532)
calls=606 0 
0 17574
0 20076
cob=(2)
cfi=(2)
cfn=(4532)
calls=606 0 
0 17574
0 7878
cob=(2)
cfi=(2)
cfn=(4532)
calls=606 0 
0 17574
0 2424
cfn=(6616) <h2::proto::connection::DynConnection<hyper::proto::h2::SendBuf<bytes::bytes::Bytes>>>::recv_frame
calls=606 0 
0 898455
0 14647
cfn=(6858) <h2::proto::streams::recv::Recv>::apply_local_settings
calls=1 0 
0 48
0 7289
cob=(2)
cfi=(2)
cfn=(4532)
calls=606 0 
0 17574
0 22176
cfn=(6400) <h2::codec::framed_write::FramedWrite<hyper::common::io::compat::Compat<hyper_util::common::rewind::Rewind<hyper_util::rt::tokio::TokioIo<tonic::transport::server::service::io::ServerIo<tokio::net::tcp::stream::TcpStream>>>>, h2::proto::streams::prioritize::Prioritized<hyper::proto::h2::SendBuf<bytes::bytes::Bytes>>>>::flush
calls=201 0 
0 109545
0 74566
cfn=(6400)
calls=843 0 
0 139226
0 32034
cfn=(6592) <h2::proto::streams::prioritize::Prioritize>::reclaim_frame::<hyper::common::io::compat::Compat<hyper_util::common::rewind::Rewind<hyper_util::rt::tokio::TokioIo<tonic::transport::server::service::io::ServerIo<tokio::net::tcp::stream::TcpStream>>>>, hyper::proto::h2::SendBuf<bytes::bytes::Bytes>>
calls=843 0 
0 26976
0 28824
cfn=(6592)
calls=1044 0 
0 106938
0 25263
cfn=(6594) <h2::proto::streams::prioritize::Prioritize>::pop_pending_open
calls=1446 0 
0 54936
0 13014
cfn=(6596) <h2::proto::streams::prioritize::Prioritize>::pop_frame::<hyper::proto::h2::SendBuf<bytes::bytes::Bytes>>
calls=1446 0 
0 539127
0 5304
cob=(2)
cfi=(2)
cfn=(4532)
calls=603 0 
0 38592
0 5226
cob=(2)
cfi=(2)
cfn=(4532)
calls=201 0 
0 12864
0 2010
cob=(2)
cfi=(2)
cfn=(4532)
calls=402 0 
0 25728
0 2412
cfn=(6392)
calls=603 0 
0 849367
0 4221
cfn=(6592)
calls=603 0 
0 19296
0 609
cfn=(6392)
calls=1 0 
0 118
0 5
cfn=(6470) <h2::proto::streams::flow_control::FlowControl>::inc_window
calls=1 0 
0 19
0 14333
cfn=(6304)
calls=843 0 
0 5901
0 5497
cfn=(6766) tokio::runtime::task::waker::drop_waker
calls=641 0 
0 5128
0 24447

fn=(6598) <h2::proto::streams::store::Queue<h2::proto::streams::stream::NextSend>>::pop::<h2::proto::streams::store::Store>
0 54510

fn=(6650) <want::State as core::convert::From<usize>>::from
0 2821

fn=(6672) <tonic::transport::channel::service::connection::SendRequest as tower_service::Service<http::request::Request<tonic::body::Body>>>::call
0 3015
cob=(2)
cfi=(2)
cfn=(4206)
calls=201 0 
0 44151
0 2406
cob=(2)
cfi=(2)
cfn=(4532)
calls=200 0 
0 5800
0 4
cob=(2)
cfi=(2)
cfn=(4532)
calls=1 0 
0 29
0 1809
cob=(2)
cfi=(2)
cfn=(4532)
calls=201 0 
0 5829
0 2814
cob=(2)
cfi=(2)
cfn=(4532)
calls=201 0 
0 5829
0 2877
cob=(2)
cfi=(2)
cfn=(4206)
calls=1 0 
0 267
0 196
cob=(2)
cfi=(2)
cfn=(4532)
calls=6 0 
0 174
0 1755
cob=(2)
cfi=(2)
cfn=(4532)
calls=195 0 
0 5655
0 4623
cfn=(6342)
calls=201 0 
0 18291
0 1407
cob=(2)
cfi=(2)
cfn=(4532)
calls=201 0 
0 5829
0 804
cob=(2)
cfi=(2)
cfn=(4206)
calls=201 0 
0 20051
0 2405
cob=(2)
cfi=(2)
cfn=(4532)
calls=200 0 
0 15182
0 5
cob=(2)
cfi=(2)
cfn=(4532)
calls=1 0 
0 76
0 2010

fn=(6686) <http_body_util::combinators::map_err::MapErr<http_body_util::combinators::map_err::MapErr<http_body_util::combinators::map_frame::MapFrame<tonic::body::Body, <tonic::codec::decode::Streaming<pbrs_grpc::codec::prost::Message<pbrs_adoption_corpus::prost_types::EntityList>>>::new<tonic::body::Body, devloop::adoption_rpc::TonicCodec<pbrs_grpc::codec::prost::Message<pbrs_adoption_corpus::prost_types::EntityList>>>::{closure#0}>, <tonic::codec::decode::Streaming<pbrs_grpc::codec::prost::Message<pbrs_adoption_corpus::prost_types::EntityList>>>::new<tonic::body::Body, devloop::adoption_rpc::TonicCodec<pbrs_grpc::codec::prost::Message<pbrs_adoption_corpus::prost_types::EntityList>>>::{closure#1}>, <tonic::status::Status>::map_error<tonic::status::Status>> as http_body::Body>::size_hint
0 1608

fn=(6694) <h2::proto::streams::stream::Stream>::new
0 5628
cfn=(6470)
calls=402 0 
0 7638
0 3216
cfn=(6470)
calls=402 0 
0 7638
0 14874

fn=(6706) <alloc::raw_vec::RawVec<slab::Entry<h2::proto::streams::stream::Stream>>>::grow_one
0 30
cfn=(5414)
calls=2 0 
0 476
0 18

fn=(6760) <h2::proto::streams::streams::StreamRef<hyper::proto::h2::SendBuf<bytes::bytes::Bytes>>>::reserve_capacity
0 17487
cfn=(6762) <h2::proto::streams::prioritize::Prioritize>::reserve_capacity
calls=603 0 
0 92661
0 10251

fn=(6806) <alloc::raw_vec::RawVec<h2::hpack::table::Slot>>::grow_one
0 60
cfn=(5414)
calls=4 0 
0 1774
0 36

fn=(6810) h2::hpack::encoder::encode_not_indexed
0 6834
cfn=(6808) h2::hpack::encoder::encode_str
calls=201 0 
0 102954

fn=(6818) <h2::proto::streams::streams::StreamRef<hyper::proto::h2::SendBuf<bytes::bytes::Bytes>>>::send_data
0 87234
cfn=(6764) <h2::proto::streams::prioritize::Prioritize>::try_assign_capacity
calls=402 0 
0 98490
0 4824
cfn=(6824) <h2::proto::streams::state::State>::send_close
calls=201 0 
0 5628
0 1005
cfn=(6762)
calls=201 0 
0 10854
0 20502
cfn=(6728) <h2::proto::streams::prioritize::Prioritize>::queue_frame::<hyper::proto::h2::SendBuf<bytes::bytes::Bytes>>
calls=603 0 
0 194631
0 7839
cfn=(6786) <h2::proto::streams::counts::Counts>::transition_after
calls=603 0 
0 31959
0 18090

fn=(6836) <h2::proto::streams::streams::OpaqueStreamRef as core::ops::drop::Drop>::drop
0 124218
cfn=(6838) h2::proto::streams::streams::maybe_cancel
calls=1206 0 
0 31356
0 33366
cfn=(6776)
calls=402 0 
0 7638
0 4020
cfn=(6342)
calls=201 0 
0 60099
0 14271
cfn=(6856)
calls=402 0 
0 2412
0 4422
cfn=(6786)
calls=402 0 
0 117822
0 4824
cfn=(6786)
calls=804 0 
0 44220
0 22914

fn=(6924) <h2::proto::streams::store::Store>::find_mut
0 18090

fn=(6926) <h2::proto::streams::recv::Recv>::recv_data
0 31155
cfn=(6928) <h2::proto::streams::recv::Recv>::consume_connection_window
calls=603 0 
0 32160
0 23718
cfn=(6902) <h2::proto::streams::store::Ptr as core::ops::deref::Deref>::deref
calls=201 0 
0 3417
0 804
cfn=(6930) <h2::proto::streams::store::Ptr as core::ops::deref::DerefMut>::deref_mut
calls=201 0 
0 3417
0 804
cfn=(7072) <h2::proto::streams::state::State>::recv_close
calls=201 0 
0 6633
0 804
cfn=(7074) core::ptr::drop_glue::<core::option::Option<h2::proto::error::Error>>
calls=201 0 
0 804
0 8442
cfn=(6930)
calls=603 0 
0 10251
0 2412
cfn=(6852) <h2::proto::streams::flow_control::FlowControl>::send_data
calls=603 0 
0 14673
0 2412
cfn=(6930)
calls=603 0 
0 10251
0 16281
cfn=(6930)
calls=603 0 
0 10251
0 3015
cfn=(6932) <h2::proto::streams::buffer::Deque>::push_back::<h2::proto::streams::recv::Event>
calls=603 0 
0 68400
0 1206
cfn=(6930)
calls=603 0 
0 10251
0 3254
cfn=(6342)
calls=239 0 
0 21749
0 1809

fn=(6958) <http::header::map::HeaderMap>::get_all::<http::header::name::HeaderName>
0 6834
cfn=(6558) http::header::map::hash_elem_using::<http::header::name::HeaderName>
calls=402 0 
0 9648
0 23718

fn=(6988) <core::iter::adapters::GenericShunt<core::iter::adapters::map::Map<core::iter::adapters::filter::Filter<core::iter::adapters::filter::Filter<matchit::params::ParamsIter, axum::routing::url_params::insert_url_params::{closure#0}>, axum::routing::url_params::insert_url_params::{closure#1}>, axum::routing::url_params::insert_url_params::{closure#2}>, core::result::Result<core::convert::Infallible, alloc::sync::Arc<str>>> as core::iter::traits::iterator::Iterator>::next
0 6030
cfn=(6990) <matchit::params::ParamsIter as core::iter::traits::iterator::Iterator>::next
calls=402 0 
0 42792
0 5628
cfn=(6992) <percent_encoding::PercentDecode>::decode_utf8
calls=201 0 
0 34752
0 3216
cob=(2)
cfi=(2)
cfn=(4206)
calls=201 0 
0 9467
0 3607
cob=(2)
cfi=(2)
cfn=(4532)
calls=200 0 
0 2800
0 9
cob=(2)
cfi=(2)
cfn=(4532)
calls=1 0 
0 14
0 2010
cob=(2)
cfi=(2)
cfn=(4206)
calls=201 0 
0 9244
0 3207
cob=(2)
cfi=(2)
cfn=(4532)
calls=200 0 
0 2800
0 7
cob=(2)
cfi=(2)
cfn=(4532)
calls=1 0 
0 14
0 4221

fn=(7000) <axum::routing::route::Route>::oneshot_inner_owned
0 3417
cob=(2)
cfi=(2)
cfn=(4532)
calls=201 0 
0 5829
0 3819

fn=(7006)
0 10120
cfn=(7008) <tonic::service::router::RoutesFuture as core::future::future::Future>::poll
calls=440 0 
0 2159564
0 10278
cfn=(7032)
calls=201 0 
0 2412
0 1608
cob=(2)
cfi=(2)
cfn=(4206)
calls=201 0 
0 8241
0 11585

fn=(7020) core::ptr::drop_glue::<tower::util::oneshot::State<tower::util::boxed_clone_sync::BoxCloneSyncService<http::request::Request<axum_core::body::Body>, http::response::Response<axum_core::body::Body>, core::convert::Infallible>, http::request::Request<axum_core::body::Body>>>
0 6633
cfn=(7084)
calls=201 0 
0 46668
0 1608
cfn=(7022) core::ptr::drop_glue::<tower::util::map_future::MapFuture<axum::util::MapIntoResponse<tower::util::map_request::MapRequest<devloop::echo::echo_server::EchoServer<devloop::TonicEchod>, <tonic::service::router::Routes>::add_service<devloop::echo::echo_server::EchoServer<devloop::TonicEchod>>::{closure#0}>>, <tower::util::boxed_clone_sync::BoxCloneSyncService<http::request::Request<axum_core::body::Body>, http::response::Response<axum_core::body::Body>, core::convert::Infallible>>::new<axum::util::MapIntoResponse<tower::util::map_request::MapRequest<devloop::echo::echo_server::EchoServer<devloop::TonicEchod>, <tonic::service::router::Routes>::add_service<devloop::echo::echo_server::EchoServer<devloop::TonicEchod>>::{closure#0}>>>::{closure#0}>>
calls=201 0 
0 804
0 804
cob=(2)
cfi=(2)
cfn=(4916)
calls=201 0 
0 13761
0 2211
cob=(2)
cfi=(2)
cfn=(4916)
calls=201 0 
0 14673
0 1206

fn=(7056) <h2::proto::streams::recv::Recv>::release_capacity
0 22311
cfn=(7058) <h2::proto::streams::recv::Recv>::release_connection_capacity
calls=603 0 
0 18693
0 34371

fn=(7072)
0 6432
cfn=(6724)
calls=201 0 
0 804
0 2211
cfn=(6724)
calls=201 0 
0 804
0 2814

fn=(7094) core::ptr::drop_glue::<<tonic::server::grpc::Grpc<tonic_prost::codec::ProstCodec<devloop::echo::EchoReply, devloop::echo::EchoRequest>>>::map_request_unary<tonic::body::Body>::{closure#0}>
0 3819

fn=(7102) <alloc::sync::Arc<str>>::drop_slow
0 4455
cob=(2)
cfi=(2)
cfn=(4916)
calls=405 0 
0 31803

fn=(7112) core::ptr::drop_glue::<<devloop::echo::echo_server::EchoServer<devloop::TonicEchod> as tower_service::Service<http::request::Request<tonic::body::Body>>>::call::{closure#0}>
0 2613

fn=(7130) <hyper::common::date::CachedDate>::update
0 551
cfn=(6306)
calls=29 0 
0 1044
0 174
cfn=(7132) <httpdate::date::HttpDate as core::convert::From<std::time::SystemTime>>::from
calls=29 0 
0 5974
0 261
cfn=(5720)
calls=29 0 
0 9309
0 6003
cob=(2)
cfi=(2)
cfn=(4206)
calls=29 0 
0 1189
0 709
cfn=(6510)
calls=25 0 
0 2837
cfn=(5788)
calls=3 0 
0 3
0 14
cfn=(5788)
calls=1 0 
0 1
0 928

fn=(7132)
0 348
cfn=(6306)
calls=29 0 
0 1044
0 4582

fn=(7156)
0 2412
cfn=(7158) <http::header::map::HeaderMap>::try_with_capacity
calls=201 0 
0 37312
0 3417
cfn=(7160) <tonic::status::Status>::add_header
calls=201 0 
0 103314
0 3819

fn=(7182) <tokio::runtime::task::harness::Harness<hyper::proto::h2::server::H2Stream<hyper_util::service::glue::TowerToHyperServiceFuture<tower::util::map_request::MapRequest<tower::util::boxed_clone::BoxCloneService<http::request::Request<tonic::body::Body>, http::response::Response<tonic::body::Body>, alloc::boxed::Box<dyn core::error::Error + core::marker::Send + core::marker::Sync>>, <tonic::transport::server::Server>::serve_internal<tonic::service::router::Routes, tonic::transport::server::incoming::TcpIncoming, core::future::ready::Ready<()>, tokio::net::tcp::stream::TcpStream, core::io::error::Error, tonic::body::Body>::{closure#0}::{closure#1}>, http::request::Request<hyper::body::incoming::Incoming>>, tonic::body::Body, hyper_util::rt::tokio::TokioExecutor>, alloc::sync::Arc<tokio::runtime::scheduler::multi_thread::handle::Handle>>>::complete
0 4422
cfn=(7170) <tokio::runtime::task::core::Core<hyper::proto::h2::server::H2Stream<hyper_util::service::glue::TowerToHyperServiceFuture<tower::util::map_request::MapRequest<tower::util::boxed_clone::BoxCloneService<http::request::Request<tonic::body::Body>, http::response::Response<tonic::body::Body>, alloc::boxed::Box<dyn core::error::Error + core::marker::Send + core::marker::Sync>>, <tonic::transport::server::Server>::serve_internal<tonic::service::router::Routes, tonic::transport::server::incoming::TcpIncoming, core::future::ready::Ready<()>, tokio::net::tcp::stream::TcpStream, core::io::error::Error, tonic::body::Body>::{closure#0}::{closure#1}>, http::request::Request<hyper::body::incoming::Incoming>>, tonic::body::Body, hyper_util::rt::tokio::TokioExecutor>, alloc::sync::Arc<tokio::runtime::scheduler::current_thread::Handle>>>::set_stage
calls=201 0 
0 21099
0 1005
cfn=(6848)
calls=201 0 
0 13931
0 3417

fn=(7212) core::ptr::drop_glue::<hyper::client::dispatch::Callback<http::request::Request<tonic::body::Body>, http::response::Response<hyper::body::incoming::Incoming>>>
0 5226

fn=(7216)
0 3838
cob=(2)
cfi=(2)
cfn=(4916)
calls=202 0 
0 14838

fn=(7272) <h2::proto::streams::recv::Recv>::recv_trailers
0 5829
cfn=(7072)
calls=201 0 
0 6432
0 3216
cfn=(6812)
calls=201 0 
0 4623
0 6231
cfn=(6916)
calls=201 0 
0 10452
0 4623
cfn=(6438) tokio::runtime::park::wake
calls=201 0 
0 12663
0 2010

fn=(7284)
0 2613

fn=(7500) <&mut serde_json::ser::Serializer<&mut alloc::vec::Vec<u8>> as serde_core::ser::Serializer>::serialize_str
0 2394
cob=(2)
cfi=(2)
cfn=(4532)
calls=21 0 
0 258
0 364
cfn=(5740)
calls=1 0 
0 443
0 5

fn=(7502) <serde_json::ser::Compound<&mut alloc::vec::Vec<u8>, serde_json::ser::CompactFormatter> as serde_core::ser::SerializeStruct>::serialize_field::<u64>
0 439
cfn=(7500)
calls=17 0 
0 2918
0 3
cfn=(7500)
calls=1 0 
0 136
0 216
cfn=(7504) <u64 as itoa::Unsigned>::fmt
calls=18 0 
0 363
0 252
cob=(2)
cfi=(2)
cfn=(4532)
calls=18 0 
0 267
0 203
cfn=(5740)
calls=1 0 
0 425
0 2

fn=(7512)
0 33
cfn=(5720)
calls=1 0 
0 447
0 21

fn=(7546) core::ptr::drop_glue::<tokio::net::tcp::stream::TcpStream>
0 81
cob=(2)
cfi=(2)
cfn=(5164) epoll_ctl
calls=3 0 
0 18
0 150
cob=(2)
cfi=(2)
cfn=(5122) close
calls=3 0 
0 183
0 27
cfn=(7548) core::ptr::drop_glue::<tokio::runtime::io::registration::Registration>
calls=3 0 
0 213

fn=(7566) <tokio::runtime::task::core::Core<tonic::transport::server::serve_connection<tonic::body::Body, hyper_util::rt::tokio::TokioIo<tonic::transport::server::service::io::ServerIo<tokio::net::tcp::stream::TcpStream>>, hyper_util::service::glue::TowerToHyperService<tower::util::map_request::MapRequest<tower::util::boxed_clone::BoxCloneService<http::request::Request<tonic::body::Body>, http::response::Response<tonic::body::Body>, alloc::boxed::Box<dyn core::error::Error + core::marker::Send + core::marker::Sync>>, <tonic::transport::server::Server>::serve_internal<tonic::service::router::Routes, tonic::transport::server::incoming::TcpIncoming, core::future::ready::Ready<()>, tokio::net::tcp::stream::TcpStream, core::io::error::Error, tonic::body::Body>::{closure#0}::{closure#1}>>, hyper_util::rt::tokio::TokioExecutor>::{closure#0}, alloc::sync::Arc<tokio::runtime::scheduler::current_thread::Handle>>>::set_stage
0 76
cfn=(7568)
calls=1 0 
0 9873
0 19
cob=(2)
cfi=(2)
cfn=(4532)
calls=3 0 
0 732
0 36

fn=(7578)
0 22
cfn=(7580) core::ptr::drop_glue::<matchit::tree::Node<axum::routing::RouteId>>
calls=2 0 
0 590
0 89
cob=(2)
cfi=(2)
cfn=(4916)
calls=2 0 
0 146
0 76
cfn=(7102)
calls=3 0 
0 252
0 25
cob=(2)
cfi=(2)
cfn=(4916)
calls=2 0 
0 146
0 26
cob=(2)
cfi=(2)
cfn=(4916)
calls=2 0 
0 146

fn=(7594) alloc::io::error::custom_owner_from_box::drop_box_raw::<dyn core::error::Error + core::marker::Send + core::marker::Sync>
0 26
cfn=(7596) core::ptr::drop_glue::<<alloc::boxed::Box<dyn core::error::Error + core::marker::Send + core::marker::Sync> as core::convert::From<alloc::string::String>>::from::StringError>
calls=2 0 
0 154
0 18
cob=(2)
cfi=(2)
cfn=(4916)
calls=2 0 
0 146

fn=(7602) core::ptr::drop_glue::<tokio_util::codec::framed_read::FramedRead<h2::codec::framed_write::FramedWrite<hyper::common::io::compat::Compat<hyper_util::common::rewind::Rewind<hyper_util::rt::tokio::TokioIo<tonic::transport::server::service::io::ServerIo<tokio::net::tcp::stream::TcpStream>>>>, h2::proto::streams::prioritize::Prioritized<hyper::proto::h2::SendBuf<bytes::bytes::Bytes>>>, tokio_util::codec::length_delimited::LengthDelimitedCodec>>
0 9
cfn=(7546)
calls=1 0 
0 224
0 2
cfn=(7604) core::ptr::drop_glue::<h2::codec::framed_write::Encoder<h2::proto::streams::prioritize::Prioritized<hyper::proto::h2::SendBuf<bytes::bytes::Bytes>>>>
calls=1 0 
0 3077
0 12
cob=(2)
cfi=(2)
cfn=(4916)
calls=1 0 
0 205
0 5
cob=(2)
cfi=(2)
cfn=(4916)
calls=1 0 
0 125

fn=(7620) core::ptr::drop_glue::<h2::proto::streams::streams::Actions>
0 10
cfn=(7622) core::ptr::drop_glue::<h2::proto::streams::recv::Recv>
calls=2 0 
0 237
0 8
cfn=(6766)
calls=1 0 
0 8
0 28
cob=(2)
cfi=(2)
cfn=(4916)
calls=2 0 
0 196

fn=(7622)
0 91
cob=(2)
cfi=(2)
cfn=(4916)
calls=2 0 
0 146

fn=(7654) <alloc::sync::Arc<futures_channel::mpsc::BoundedInner<core::convert::Infallible>>>::drop_slow
0 13
cob=(2)
cfi=(2)
cfn=(4916)
calls=1 0 
0 115
0 11
cob=(2)
cfi=(2)
cfn=(4916)
calls=1 0 
0 117
0 21
cob=(2)
cfi=(2)
cfn=(4916)
calls=1 0 
0 65

fn=(7726) std::sys::thread_local::native::eager::destroy::<tokio::runtime::context::Context>
0 35

fn=(7886) <alloc::sync::Arc<tokio::runtime::scheduler::multi_thread::queue::Inner<alloc::sync::Arc<tokio::runtime::scheduler::multi_thread::handle::Handle>>>>::drop_slow
0 16
cob=(2)
cfi=(2)
cfn=(4916)
calls=4 0 
0 712
0 28
cob=(2)
cfi=(2)
cfn=(4916)
calls=4 0 
0 468

fn=(6516)
0 9045
cfn=(6518)
calls=200 0 
0 2600
cfn=(6518)
calls=1 0 
0 12
0 4623
cfn=(6522) tokio_util::sync::mpsc::make_acquire_future::<tower::buffer::message::Message<http::request::Request<tonic::body::Body>, core::pin::Pin<alloc::boxed::Box<dyn core::future::future::Future<Output = core::result::Result<http::response::Response<tonic::body::Body>, alloc::boxed::Box<dyn core::error::Error + core::marker::Send + core::marker::Sync>>> + core::marker::Send>>>>::{closure#0}
calls=201 0 
0 41406
0 1206
cfn=(6520)
calls=201 0 
0 2814
0 3015
cfn=(6520)
calls=201 0 
0 2814
0 804
cfn=(6520)
calls=201 0 
0 2814
0 3216

fn=(6794) <bytes::bytes_mut::BytesMut>::reserve_inner
0 2189
cob=(2)
cfi=(2)
cfn=(4532)
calls=56 0 
0 5240
0 1218
cfn=(5740)
calls=9 0 
0 2859
0 27

fn=(4166) main
0 9
cfn=(4168) std::rt::lang_start_internal
calls=1 0 
0 3457235
0 2

fn=(5034) std::sys::backtrace::__rust_begin_short_backtrace::<fn(), ()>
0 2
cfn=(5036)
calls=1 0 
0 3357196
0 2

fn=(5200)
0 11
cob=(2)
cfi=(2)
cfn=(4206)
calls=1 0 
0 190
0 18
cob=(2)
cfi=(2)
cfn=(4206)
calls=1 0 
0 41
0 88
cob=(2)
cfi=(2)
cfn=(4206)
calls=1 0 
0 187
0 10
cob=(2)
cfi=(2)
cfn=(4532)
calls=1 0 
0 52
0 10

fn=(5422)
0 315
cob=(2)
cfi=(2)
cfn=(5424) __cxa_thread_atexit_impl
calls=15 0 
0 3649

fn=(5458)
0 203

fn=(5464) <alloc::raw_vec::RawVec<tokio::runtime::blocking::pool::Task>>::grow_one
0 15
cfn=(5414)
calls=1 0 
0 237
0 9

fn=(5654)
0 26

fn=(5680)
0 287

fn=(5780) <http::uri::Uri>::from_shared
0 92
cfn=(5782) <bytes::bytes::Bytes>::split_to
calls=1 0 
0 275
0 5
cfn=(5778)
calls=1 0 
0 9
0 6
cfn=(5788)
calls=1 0 
0 1
0 218
cfn=(5782)
calls=1 0 
0 26
0 35

fn=(5782)
0 41
cfn=(5784)
calls=1 0 
0 243
0 17

fn=(5800) <alloc::sync::Arc<hyper_util::client::legacy::connect::http::Config>>::make_mut
0 203

fn=(5824)
0 22
cfn=(5826) http::uri::authority::host
calls=1 0 
0 304
0 7
cfn=(5832) <http::uri::authority::Authority>::port
calls=1 0 
0 208
0 15

fn=(5844) hyper_util::client::legacy::connect::http::connect
0 22
cob=(2)
cfi=(2)
cfn=(5686) socket
calls=1 0 
0 5
0 8
cob=(2)
cfi=(2)
cfn=(5166) fcntl
calls=1 0 
0 35
0 10
cob=(2)
cfi=(2)
cfn=(5166)
calls=1 0 
0 35
0 51

fn=(6174) devloop::rpc_tonic_unary::{closure#0}::{closure#0}
0 50
cob=(2)
cfi=(2)
cfn=(4206)
calls=1 0 
0 213
0 14
cfn=(6176) <tonic::transport::server::Server>::add_service::<devloop::echo::echo_server::EchoServer<devloop::TonicEchod>>
calls=1 0 
0 17783
0 11
cob=(2)
cfi=(2)
cfn=(4532)
calls=1 0 
0 29
0 4
cob=(2)
cfi=(2)
cfn=(4532)
calls=1 0 
0 172
0 6
cfn=(6244) <tonic::transport::server::Router>::serve_with_incoming::<tokio_stream::wrappers::tcp_listener::TcpListenerStream, tokio::net::tcp::stream::TcpStream, core::io::error::Error, tonic::body::Body>::{closure#0}
calls=1 0 
0 4680
0 5
cfn=(6244)
calls=1 0 
0 4122
0 32

fn=(6196) <matchit::escape::UnescapedRoute>::new
0 581

fn=(6246) <tonic::service::router::Routes>::prepare
0 10
cfn=(6226)
calls=1 0 
0 172
0 104
cob=(2)
cfi=(2)
cfn=(4532)
calls=1 0 
0 29
0 12
cob=(2)
cfi=(2)
cfn=(4532)
calls=1 0 
0 29
0 5
cfn=(6216)
calls=1 0 
0 321
0 12
cfn=(6248)
calls=1 0 
0 197
0 138
cob=(2)
cfi=(2)
cfn=(4532)
calls=2 0 
0 58
0 16
cob=(2)
cfi=(2)
cfn=(4532)
calls=2 0 
0 58
0 12
cfn=(6276) <axum::routing::method_routing::MethodRouter>::with_state::<()>
calls=2 0 
0 408
0 24
cob=(2)
cfi=(2)
cfn=(4532)
calls=2 0 
0 58
0 10
cfn=(6216)
calls=2 0 
0 642
0 13
cfn=(6248)
calls=1 0 
0 197
0 20
cfn=(6278) <axum::boxed::MakeErasedHandler<tonic::service::router::unimplemented, ()> as axum::boxed::ErasedIntoRoute<(), core::convert::Infallible>>::into_route
calls=1 0 
0 91
0 25
cob=(2)
cfi=(2)
cfn=(4206)
calls=1 0 
0 41
0 10
cob=(2)
cfi=(2)
cfn=(4532)
calls=1 0 
0 29
0 13
cfn=(6218)
calls=1 0 
0 304
0 5
cfn=(6218)
calls=1 0 
0 270
0 1

fn=(6276)
0 116
cfn=(6278)
calls=2 0 
0 182
0 110

fn=(6308)
0 54180

fn=(6332) <tokio::runtime::time::Driver>::park_internal
0 33900
cfn=(6334)
calls=1130 0 
0 31640
0 36203
cfn=(6336) <tokio::runtime::io::driver::Driver>::turn
calls=1087 0 
0 303956
0 43
cfn=(6336)
calls=43 0 
0 6988
0 4520
cfn=(5182)
calls=1130 0 
0 29380
0 9040
cfn=(6306)
calls=1130 0 
0 40680
0 28250
cfn=(6346)
calls=1130 0 
0 158106

fn=(6350)
0 18
cob=(2)
cfi=(2)
cfn=(6352) accept4
calls=2 0 
0 122
0 15
cob=(2)
cfi=(2)
cfn=(5030)
calls=1 0 
0 3
0 38

fn=(6364)
0 20
cob=(2)
cfi=(2)
cfn=(6366) getpeername
calls=1 0 
0 5
0 20

fn=(6382)
0 24

fn=(6390) <h2::server::Connection<hyper::common::io::compat::Compat<hyper_util::common::rewind::Rewind<hyper_util::rt::tokio::TokioIo<tonic::transport::server::service::io::ServerIo<tokio::net::tcp::stream::TcpStream>>>>, hyper::proto::h2::SendBuf<bytes::bytes::Bytes>>>::handshake2
0 40
cob=(2)
cfi=(2)
cfn=(4206)
calls=1 0 
0 196
0 11
cob=(2)
cfi=(2)
cfn=(4532)
calls=1 0 
0 29
0 12
cob=(2)
cfi=(2)
cfn=(4532)
calls=1 0 
0 29
0 13
cob=(2)
cfi=(2)
cfn=(4206)
calls=1 0 
0 191
0 10
cob=(2)
cfi=(2)
cfn=(4532)
calls=1 0 
0 29
0 33
cob=(2)
cfi=(2)
cfn=(4206)
calls=1 0 
0 191
0 16
cob=(2)
cfi=(2)
cfn=(4532)
calls=1 0 
0 29
0 90
cfn=(6392)
calls=1 0 
0 302
0 6
cob=(2)
cfi=(2)
cfn=(4532)
calls=1 0 
0 124
0 11
cob=(2)
cfi=(2)
cfn=(4532)
calls=1 0 
0 124
0 10
cob=(2)
cfi=(2)
cfn=(4532)
calls=1 0 
0 136
0 8
cob=(2)
cfi=(2)
cfn=(4532)
calls=1 0 
0 136
0 10
cob=(2)
cfi=(2)
cfn=(4532)
calls=1 0 
0 29
0 8

fn=(6412) <tokio::net::tcp::stream::TcpStream>::connect_mio::{closure#0}
0 29
cfn=(5694)
calls=1 0 
0 690
0 18
cfn=(6302)
calls=1 0 
0 127
0 3
cfn=(6302)
calls=1 0 
0 60
0 21
cob=(2)
cfi=(2)
cfn=(6442) getsockopt
calls=1 0 
0 6
0 29

fn=(6414)
0 2995

fn=(6428)
0 68

fn=(6450) core::ptr::drop_glue::<<hyper_util::client::legacy::connect::http::HttpConnector as tower_service::Service<http::uri::Uri>>::call::{closure#0}>
0 13

fn=(6472)
0 4060
cfn=(6474) <tracing_core::subscriber::NoSubscriber as tracing_core::subscriber::Subscriber>::current_span
calls=203 0 
0 609
0 2842

fn=(6482)
0 17

fn=(6602) <hyper::proto::h2::client::H2ClientFuture<tonic::body::Body, tonic::transport::channel::service::io::BoxedIo, tonic::transport::channel::service::executor::SharedExec> as core::future::future::Future>::poll
0 32982
cfn=(6774) <h2::client::ResponseFuture as core::future::future::Future>::poll
calls=402 0 
0 98289
0 7839
cfn=(6304)
calls=201 0 
0 1407
0 5427
cfn=(6304)
calls=201 0 
0 1407
0 32985
cfn=(6960) <hyper::proto::h2::ping::Recorder>::record_non_data
calls=201 0 
0 2814
0 402
cfn=(6956) hyper::headers::content_length_parse_all
calls=201 0 
0 30954
0 28563
cfn=(6604) <h2::proto::streams::streams::Streams<hyper::proto::h2::SendBuf<bytes::bytes::Bytes>, h2::client::Peer>>::has_streams_or_other_references
calls=1006 0 
0 39840
0 4024
cfn=(6604)
calls=1006 0 
0 39840
0 5030
cfn=(6606) <h2::proto::connection::Connection<hyper::common::io::compat::Compat<tonic::transport::channel::service::io::BoxedIo>, h2::client::Peer, hyper::proto::h2::SendBuf<bytes::bytes::Bytes>>>::poll
calls=1006 0 
0 4808161
0 12072
cfn=(6604)
calls=1006 0 
0 39840
0 6836
cfn=(6962)
calls=201 0 
0 12462
0 2412
cfn=(6962)
calls=201 0 
0 12462
0 6834
cfn=(6746) <hyper::proto::h2::PipeToSendStream<tonic::body::Body> as core::future::future::Future>::poll
calls=201 0 
0 402867
0 4020
cfn=(6826) core::ptr::drop_glue::<futures_channel::mpsc::Sender<core::convert::Infallible>>
calls=201 0 
0 22810
0 10655
cfn=(6304)
calls=1 0 
0 7
0 17712
cfn=(7208) <hyper::client::dispatch::Callback<http::request::Request<tonic::body::Body>, http::response::Response<hyper::body::incoming::Incoming>>>::send
calls=201 0 
0 47045
0 13274

fn=(6630) <hyper_util::rt::tokio::TokioIo<tokio::net::tcp::stream::TcpStream> as hyper::rt::io::Write>::poll_write_vectored
0 604
cfn=(6402) <tokio::net::tcp::stream::TcpStream>::poll_write_vectored_priv
calls=604 0 
0 105096

fn=(6704) <slab::Slab<h2::proto::streams::stream::Stream>>::insert_at
0 3626
cfn=(6706)
calls=2 0 
0 524
0 10
cob=(2)
cfi=(2)
cfn=(4532)
calls=2 0 
0 128
0 5614
cob=(2)
cfi=(2)
cfn=(4532)
calls=400 0 
0 25600

fn=(6708) <std::hash::random::RandomState as core::hash::BuildHasher>::hash_one::<&h2::frame::stream_id::StreamId>
0 19296
cfn=(5076)
calls=804 0 
0 21708
0 54672

fn=(6714) <h2::proto::streams::send::Send>::send_headers::<hyper::proto::h2::SendBuf<bytes::bytes::Bytes>>
0 7638
cfn=(6716) <h2::proto::streams::send::Send>::check_headers
calls=402 0 
0 391347
0 21105
cfn=(6724)
calls=201 0 
0 804
0 402
cfn=(6724)
calls=201 0 
0 804
0 8643
cob=(2)
cfi=(2)
cfn=(4532)
calls=201 0 
0 12864
0 1407
cfn=(6728)
calls=201 0 
0 81066
0 1206
cfn=(6726) <h2::proto::streams::prioritize::Prioritize>::queue_open
calls=201 0 
0 9849
0 1206
cob=(2)
cfi=(2)
cfn=(4532)
calls=201 0 
0 12864
0 1407
cfn=(6728)
calls=201 0 
0 49911
0 1407
cfn=(6342)
calls=201 0 
0 18291
0 201

fn=(6716)
0 3015
cfn=(6718) <http::header::map::HeaderMap>::contains_key::<http::header::name::HeaderName>
calls=603 0 
0 54471
0 3015
cfn=(6718)
calls=603 0 
0 58893
0 3015
cfn=(6718)
calls=603 0 
0 50049
0 3618
cfn=(6720)
calls=603 0 
0 171051
0 3618
cfn=(6720)
calls=603 0 
0 172257
0 4824
cfn=(6722)
calls=603 0 
0 54672
0 3618

fn=(6724)
0 9648

fn=(6734) <h2::proto::streams::prioritize::Prioritize>::schedule_send
0 37989
cfn=(6820)
calls=1005 0 
0 42813
0 5427
cfn=(6342)
calls=402 0 
0 26997
0 9648

fn=(6774)
0 20502
cfn=(6776)
calls=402 0 
0 26130
0 4422
cfn=(6778) <h2::proto::streams::state::State>::ensure_recv_open
calls=201 0 
0 2814
0 6432
cfn=(6304)
calls=201 0 
0 1407
0 14673
cfn=(6740) <h2::proto::streams::streams::OpaqueStreamRef as core::clone::Clone>::clone
calls=201 0 
0 13065
0 8844

fn=(6778)
0 13798

fn=(6800) <h2::hpack::header::Header>::len
0 112
cfn=(6700)
calls=5 0 
0 35
0 30

fn=(6838)
0 31356

fn=(6852)
0 58692

fn=(6858)
0 106
cfn=(6470)
calls=1 0 
0 19
0 43

fn=(6864) h2::hpack::decoder::take
0 30954
cfn=(6612)
calls=2211 0 
0 97284
0 77385

fn=(6870)
0 804

fn=(6892)
0 30753
cob=(2)
cfi=(2)
cfn=(4206)
calls=603 0 
0 26106
0 10848
cob=(2)
cfi=(2)
cfn=(4206)
calls=603 0 
0 80586
0 7218
cfn=(6548)
calls=600 0 
0 7800
0 12
cfn=(6548)
calls=3 0 
0 39
0 6030
cfn=(6558)
calls=603 0 
0 25728
0 3015
cfn=(6558)
calls=603 0 
0 14472
0 113364

fn=(6896) <h2::proto::streams::recv::Recv>::open
0 6432

fn=(6906)
0 16683
cfn=(6880)
calls=201 0 
0 2010
0 2211
cfn=(6908) <http::uri::authority::Authority>::from_shared
calls=201 0 
0 44823
0 4020
cfn=(6866)
calls=201 0 
0 1005
0 4020
cfn=(6910) <http::uri::scheme::Scheme as core::str::traits::FromStr>::from_str
calls=201 0 
0 6231
0 8241
cfn=(5788)
calls=201 0 
0 201
0 3216
cfn=(6880)
calls=201 0 
0 2010
0 804
cfn=(6912) <http::uri::path::PathAndQuery>::from_maybe_shared::<bytes::bytes::Bytes>
calls=201 0 
0 56481
0 5226
cfn=(6866)
calls=201 0 
0 1005
0 2613
cob=(2)
cfi=(2)
cfn=(4532)
calls=201 0 
0 5829
0 804
cob=(2)
cfi=(2)
cfn=(4532)
calls=201 0 
0 5829
0 6231
cfn=(6542)
calls=201 0 
0 11256
0 4020
cfn=(5808)
calls=201 0 
0 4221
0 4221
cob=(2)
cfi=(2)
cfn=(4532)
calls=201 0 
0 5829
0 1005
cob=(2)
cfi=(2)
cfn=(4532)
calls=201 0 
0 5829
0 804
cob=(2)
cfi=(2)
cfn=(4532)
calls=201 0 
0 5829
0 1206
cfn=(6546)
calls=201 0 
0 9849
0 4020
cob=(2)
cfi=(2)
cfn=(4532)
calls=201 0 
0 5829
0 1206

fn=(6916)
0 12677
cfn=(6918)
calls=2 0 
0 525
0 25
cob=(2)
cfi=(2)
cfn=(4532)
calls=5 0 
0 145
0 19663
cob=(2)
cfi=(2)
cfn=(4532)
calls=1402 0 
0 40658

fn=(6960)
0 11256

fn=(6966) tokio::runtime::task::raw::poll::<hyper::proto::h2::server::H2Stream<hyper_util::service::glue::TowerToHyperServiceFuture<tower::util::map_request::MapRequest<tower::util::boxed_clone::BoxCloneService<http::request::Request<tonic::body::Body>, http::response::Response<tonic::body::Body>, alloc::boxed::Box<dyn core::error::Error + core::marker::Send + core::marker::Sync>>, <tonic::transport::server::Server>::serve_internal<tonic::service::router::Routes, tonic::transport::server::incoming::TcpIncoming, core::future::ready::Ready<()>, tokio::net::tcp::stream::TcpStream, core::io::error::Error, tonic::body::Body>::{closure#0}::{closure#1}>, http::request::Request<hyper::body::incoming::Incoming>>, tonic::body::Body, hyper_util::rt::tokio::TokioExecutor>, alloc::sync::Arc<tokio::runtime::scheduler::multi_thread::handle::Handle>>
0 22000
cfn=(6968) <hyper::proto::h2::server::H2Stream<hyper_util::service::glue::TowerToHyperServiceFuture<tower::util::map_request::MapRequest<tower::util::boxed_clone::BoxCloneService<http::request::Request<tonic::body::Body>, http::response::Response<tonic::body::Body>, alloc::boxed::Box<dyn core::error::Error + core::marker::Send + core::marker::Sync>>, <tonic::transport::server::Server>::serve_internal<tonic::service::router::Routes, tonic::transport::server::incoming::TcpIncoming, core::future::ready::Ready<()>, tokio::net::tcp::stream::TcpStream, core::io::error::Error, tonic::body::Body>::{closure#0}::{closure#1}>, http::request::Request<hyper::body::incoming::Incoming>>, tonic::body::Body, hyper_util::rt::tokio::TokioExecutor> as core::future::future::Future>::poll
calls=440 0 
0 4768738
0 11092
cfn=(7170)
calls=201 0 
0 220296
0 1809
cfn=(7170)
calls=201 0 
0 21079
0 402
cfn=(7182)
calls=201 0 
0 43874
0 3520

fn=(6980)
0 2412
cfn=(6982) <tonic::transport::service::grpc_timeout::GrpcTimeout<tonic::service::router::Routes> as tower_service::Service<http::request::Request<tonic::body::Body>>>::call
calls=201 0 
0 458103
0 1608

fn=(6982)
0 2613
cfn=(6660)
calls=201 0 
0 62109
0 3216
cob=(2)
cfi=(2)
cfn=(4206)
calls=201 0 
0 11112
0 3006
cob=(2)
cfi=(2)
cfn=(4532)
calls=200 0 
0 5800
0 7
cob=(2)
cfi=(2)
cfn=(4532)
calls=1 0 
0 29
0 1407
cob=(2)
cfi=(2)
cfn=(4532)
calls=201 0 
0 5829
0 3819
cfn=(6188) <axum::routing::path_router::Node>::at
calls=201 0 
0 34789
0 4221
cfn=(6986) axum::routing::url_params::insert_url_params
calls=201 0 
0 195338
0 1206
cfn=(6206)
calls=201 0 
0 23718
0 6030
cob=(2)
cfi=(2)
cfn=(4532)
calls=201 0 
0 5829
0 1407
cfn=(6998) <tower::util::map_future::MapFuture<axum::util::MapIntoResponse<tower::util::map_request::MapRequest<devloop::echo::echo_server::EchoServer<devloop::TonicEchod>, <tonic::service::router::Routes>::add_service<devloop::echo::echo_server::EchoServer<devloop::TonicEchod>>::{closure#0}>>, <tower::util::boxed_clone_sync::BoxCloneSyncService<http::request::Request<axum_core::body::Body>, http::response::Response<axum_core::body::Body>, core::convert::Infallible>>::new<axum::util::MapIntoResponse<tower::util::map_request::MapRequest<devloop::echo::echo_server::EchoServer<devloop::TonicEchod>, <tonic::service::router::Routes>::add_service<devloop::echo::echo_server::EchoServer<devloop::TonicEchod>>::{closure#0}>>>::{closure#0}> as tower::util::boxed_clone_sync::CloneService<http::request::Request<axum_core::body::Body>>>::clone_box
calls=201 0 
0 17072
0 1407
cob=(2)
cfi=(2)
cfn=(4532)
calls=201 0 
0 5829
0 1809
cfn=(7000)
calls=201 0 
0 13065
0 1005
cob=(2)
cfi=(2)
cfn=(4532)
calls=201 0 
0 12864
0 1407
cob=(2)
cfi=(2)
cfn=(4532)
calls=201 0 
0 12864
0 1809
cob=(2)
cfi=(2)
cfn=(4532)
calls=201 0 
0 12864
0 4623

fn=(7018)
0 2814
cfn=(6962)
calls=402 0 
0 24992
0 1407
cfn=(6962)
calls=201 0 
0 12462

fn=(7026) <devloop::echo::echo_server::EchoServer<devloop::TonicEchod> as tower_service::Service<http::request::Request<tonic::body::Body>>>::call::{closure#0}
0 9816
cob=(2)
cfi=(2)
cfn=(4532)
calls=201 0 
0 5829
0 4726
cob=(2)
cfi=(2)
cfn=(4532)
calls=201 0 
0 5829
0 1206
cob=(2)
cfi=(2)
cfn=(4532)
calls=201 0 
0 5829
0 1407
cfn=(7028)
calls=201 0 
0 478005
0 1195
cfn=(7028)
calls=239 0 
0 723386
0 5818
cfn=(7094)
calls=201 0 
0 3819
0 5829
cob=(2)
cfi=(2)
cfn=(4532)
calls=201 0 
0 5829
0 603
cob=(2)
cfi=(2)
cfn=(4206)
calls=201 0 
0 8410
0 2607
cob=(2)
cfi=(2)
cfn=(4532)
calls=200 0 
0 5800
0 4
cob=(2)
cfi=(2)
cfn=(4532)
calls=1 0 
0 29
0 2086
cfn=(7096) <<devloop::echo::echo_server::EchoServer<_> as tower_service::Service<http::request::Request<_>>>::call::UnarySvc<devloop::TonicEchod> as tonic::server::service::UnaryService<devloop::echo::EchoRequest>>::call::{closure#0}
calls=201 0 
0 260018
0 6861
cfn=(7106) core::ptr::drop_glue::<<<devloop::echo::echo_server::EchoServer<_> as tower_service::Service<http::request::Request<_>>>::call::UnarySvc<devloop::TonicEchod> as tonic::server::service::UnaryService<devloop::echo::EchoRequest>>::call::{closure#0}>
calls=201 0 
0 3417
0 804
cob=(2)
cfi=(2)
cfn=(4916)
calls=201 0 
0 14001
0 5628
cfn=(7108) <tonic::server::grpc::Grpc<tonic_prost::codec::ProstCodec<devloop::echo::EchoReply, devloop::echo::EchoRequest>>>::map_response::<tokio_stream::once::Once<core::result::Result<devloop::echo::EchoReply, tonic::status::Status>>>
calls=201 0 
0 191803
0 8844
cfn=(7110) core::ptr::drop_glue::<<tonic::server::grpc::Grpc<tonic_prost::codec::ProstCodec<devloop::echo::EchoReply, devloop::echo::EchoRequest>>>::server_streaming<<devloop::echo::echo_server::EchoServer<_> as tower_service::Service<http::request::Request<_>>>::call::ServerStreamSvc<devloop::TonicEchod>, tonic::body::Body>::{closure#0}>
calls=201 0 
0 3819
0 8458

fn=(7038) <tonic::codec::decode::StreamingInner>::decode_chunk
0 68926

fn=(7076) <h2::share::RecvStream>::poll_trailers
0 18492
cfn=(6776)
calls=402 0 
0 25728
0 2211
cfn=(6778)
calls=201 0 
0 2412
0 18492

fn=(7116) core::ptr::drop_glue::<tonic::transport::server::SvcFuture<tonic::service::recover_error::ResponseFuture<tower::util::either::EitherResponseFuture<tower::load_shed::future::ResponseFuture<tower::util::either::EitherResponseFuture<tower::limit::concurrency::future::ResponseFuture<tonic::transport::service::grpc_timeout::ResponseFuture<tonic::service::router::RoutesFuture>>, tonic::transport::service::grpc_timeout::ResponseFuture<tonic::service::router::RoutesFuture>>>, tower::util::either::EitherResponseFuture<tower::limit::concurrency::future::ResponseFuture<tonic::transport::service::grpc_timeout::ResponseFuture<tonic::service::router::RoutesFuture>>, tonic::transport::service::grpc_timeout::ResponseFuture<tonic::service::router::RoutesFuture>>>>>>
0 3015
cfn=(7118) core::ptr::drop_glue::<tonic::transport::service::grpc_timeout::ResponseFuture<tonic::service::router::RoutesFuture>>
calls=201 0 
0 7638
0 1809

fn=(7150) <http_body_util::combinators::map_err::MapErr<http_body_util::combinators::map_err::MapErr<tonic::service::recover_error::ResponseBody<tonic::body::Body>, <tonic::status::Status as core::convert::Into<alloc::boxed::Box<dyn core::error::Error + core::marker::Send + core::marker::Sync>>>::into>, <tonic::status::Status>::map_error<alloc::boxed::Box<dyn core::error::Error + core::marker::Send + core::marker::Sync>>> as http_body::Body>::poll_frame
0 5226
cfn=(7044) <http_body_util::combinators::map_err::MapErr<axum_core::body::Body, <tonic::status::Status>::map_error<axum_core::error::Error>> as http_body::Body>::poll_frame
calls=402 0 
0 367354
0 10452

fn=(7176) core::ptr::drop_glue::<http_body_util::combinators::map_err::MapErr<axum_core::body::Body, <tonic::status::Status>::map_error<axum_core::error::Error>>>
0 2010
cfn=(7082) core::ptr::drop_glue::<http_body_util::combinators::map_err::MapErr<http_body_util::combinators::map_err::MapErr<http_body_util::combinators::map_frame::MapFrame<tonic::body::Body, <tonic::codec::decode::Streaming<pbrs_grpc::codec::prost::Message<pbrs_adoption_corpus::prost_types::EntityList>>>::new<tonic::body::Body, devloop::adoption_rpc::TonicCodec<pbrs_grpc::codec::prost::Message<pbrs_adoption_corpus::prost_types::EntityList>>>::{closure#0}>, <tonic::codec::decode::Streaming<pbrs_grpc::codec::prost::Message<pbrs_adoption_corpus::prost_types::EntityList>>>::new<tonic::body::Body, devloop::adoption_rpc::TonicCodec<pbrs_grpc::codec::prost::Message<pbrs_adoption_corpus::prost_types::EntityList>>>::{closure#1}>, <tonic::status::Status>::map_error<tonic::status::Status>>>
calls=201 0 
0 22528
0 1407
cob=(2)
cfi=(2)
cfn=(4916)
calls=201 0 
0 14673

fn=(7224)
0 2412

fn=(7234)
0 3618
cfn=(7084)
calls=201 0 
0 45203
0 1809
cob=(2)
cfi=(2)
cfn=(4916)
calls=201 0 
0 24461

fn=(7266)
0 2613

fn=(7268)
0 16884
cfn=(7036)
calls=603 0 
0 1809
0 603
cfn=(7036)
calls=201 0 
0 603
0 4020
cfn=(7038)
calls=804 0 
0 31356
0 5628
cfn=(7270) <tonic_prost::codec::ProstDecoder<devloop::echo::EchoReply> as tonic::codec::Decoder>::decode
calls=201 0 
0 177969
0 3618
cfn=(7040) <tonic::codec::decode::StreamingInner>::poll_frame
calls=603 0 
0 353559
0 4422
cfn=(7078) <tonic::codec::decode::StreamingInner>::response
calls=201 0 
0 363947
0 2814

fn=(7282)
0 3819

fn=(7528)
0 5
cfn=(7530) <tokio::runtime::runtime::Runtime as core::ops::drop::Drop>::drop
calls=1 0 
0 321
0 12
cfn=(7708) <tokio::runtime::blocking::pool::BlockingPool>::shutdown
calls=1 0 
0 2908
0 5
cfn=(7964) <alloc::sync::Arc<tokio::runtime::blocking::pool::Inner>>::drop_slow
calls=1 0 
0 363
0 6
cfn=(7974) core::ptr::drop_glue::<tokio::runtime::blocking::shutdown::Receiver>
calls=1 0 
0 10

fn=(7582)
0 10
cfn=(7584) <h2::proto::streams::streams::DynStreams<hyper::proto::h2::SendBuf<bytes::bytes::Bytes>>>::recv_eof
calls=1 0 
0 896
0 2
cfn=(7602)
calls=1 0 
0 3659
0 2
cfn=(7608) core::ptr::drop_glue::<h2::hpack::decoder::Decoder>
calls=1 0 
0 1392
0 2
cfn=(7610) core::ptr::drop_glue::<core::option::Option<h2::codec::framed_read::Partial>>
calls=1 0 
0 10
0 6
cfn=(7612) core::ptr::drop_glue::<h2::proto::connection::ConnectionInner<h2::client::Peer, hyper::proto::h2::SendBuf<bytes::bytes::Bytes>>>
calls=1 0 
0 1155

fn=(7584)
0 84
cfn=(7586) <core::io::error::Error>::new::<&str>
calls=2 0 
0 380
0 6
cfn=(7588) <h2::proto::error::Error as core::convert::From<core::io::error::Error>>::from
calls=2 0 
0 978
0 66
cfn=(7598)
calls=2 0 
0 212
0 66

fn=(7604)
0 10
cfn=(7606) core::ptr::drop_glue::<h2::hpack::encoder::Encoder>
calls=2 0 
0 3422
0 24
cob=(2)
cfi=(2)
cfn=(4916)
calls=2 0 
0 343
0 20

fn=(7672) <alloc::sync::Arc<tokio::sync::mpsc::chan::Chan<tower::buffer::message::Message<http::request::Request<tonic::body::Body>, core::pin::Pin<alloc::boxed::Box<dyn core::future::future::Future<Output = core::result::Result<http::response::Response<tonic::body::Body>, alloc::boxed::Box<dyn core::error::Error + core::marker::Send + core::marker::Sync>>> + core::marker::Send>>>, tokio::sync::mpsc::bounded::Semaphore>>>::drop_slow
0 28
cob=(2)
cfi=(2)
cfn=(4916)
calls=1 0 
0 202
0 2
cob=(2)
cfi=(2)
cfn=(4916)
calls=1 0 
0 170
0 15
cob=(2)
cfi=(2)
cfn=(4916)
calls=1 0 
0 65
0 7

fn=(7676) core::ptr::drop_glue::<tonic::transport::service::grpc_timeout::GrpcTimeout<tower::util::either::Either<tower::limit::concurrency::service::ConcurrencyLimit<tower::util::either::Either<tower::limit::rate::service::RateLimit<tonic::transport::channel::service::reconnect::Reconnect<tonic::transport::channel::service::connection::MakeSendRequestService<tonic::transport::channel::service::connector::Connector<hyper_util::client::legacy::connect::http::HttpConnector>>, http::uri::Uri>>, tonic::transport::channel::service::reconnect::Reconnect<tonic::transport::channel::service::connection::MakeSendRequestService<tonic::transport::channel::service::connector::Connector<hyper_util::client::legacy::connect::http::HttpConnector>>, http::uri::Uri>>>, tower::util::either::Either<tower::limit::rate::service::RateLimit<tonic::transport::channel::service::reconnect::Reconnect<tonic::transport::channel::service::connection::MakeSendRequestService<tonic::transport::channel::service::connector::Connector<hyper_util::client::legacy::connect::http::HttpConnector>>, http::uri::Uri>>, tonic::transport::channel::service::reconnect::Reconnect<tonic::transport::channel::service::connection::MakeSendRequestService<tonic::transport::channel::service::connector::Connector<hyper_util::client::legacy::connect::http::HttpConnector>>, http::uri::Uri>>>>>
0 19
cfn=(7678) core::ptr::drop_glue::<tonic::transport::channel::service::reconnect::Reconnect<tonic::transport::channel::service::connection::MakeSendRequestService<tonic::transport::channel::service::connector::Connector<hyper_util::client::legacy::connect::http::HttpConnector>>, http::uri::Uri>>
calls=1 0 
0 1636

fn=(7694)
0 52
cfn=(7696) <alloc::sync::Arc<tokio::runtime::scheduler::multi_thread::worker::Worker>>::drop_slow
calls=4 0 
0 444
0 60

fn=(7874) core::ptr::drop_glue::<alloc::vec::into_iter::IntoIter<alloc::sync::Arc<tokio::runtime::io::scheduled_io::ScheduledIo>>>
0 19
cob=(2)
cfi=(2)
cfn=(4916)
calls=1 0 
0 73

fn=(7878)
0 92

fn=(7884) core::ptr::drop_glue::<tokio::runtime::scheduler::multi_thread::handle::Handle>
0 50
cfn=(7886)
calls=4 0 
0 1224
0 20
cfn=(5420)
calls=4 0 
0 686
0 6
cob=(2)
cfi=(2)
cfn=(4916)
calls=1 0 
0 65
0 4
cob=(2)
cfi=(2)
cfn=(4916)
calls=1 0 
0 65
0 4
cob=(2)
cfi=(2)
cfn=(4916)
calls=1 0 
0 117
0 3
cfn=(5418)
calls=1 0 
0 149
0 2
cfn=(7892) core::ptr::drop_glue::<tokio::runtime::config::Config>
calls=1 0 
0 20
0 4
cob=(2)
cfi=(2)
cfn=(4916)
calls=1 0 
0 65
0 2
cfn=(7894) core::ptr::drop_glue::<tokio::runtime::driver::Handle>
calls=1 0 
0 433
0 17

fn=(7962) core::ptr::drop_glue::<std::thread::lifecycle::Packet<()>>
0 104

fn=(7972) <alloc::sync::Arc<dyn core::ops::function::Fn<(), Output = ()> + core::marker::Send + core::marker::Sync>>::drop_slow
0 27
cob=(2)
cfi=(2)
cfn=(4916)
calls=1 0 
0 117

fn=(7976) <std::sys::sync::once::futex::Once>::call
0 21
cfn=(7978) <std::sync::once::Once>::call_once::<std::rt::cleanup::{closure#0}>::{closure#0}
calls=1 0 
0 108
0 26

fn=(7977) <std::sys::sync::once::futex::Once>::call'2
0 37
cfn=(7982) <std::sync::once::Once>::call_once_force::<<std::sync::once_lock::OnceLock<std::sync::reentrant_lock::ReentrantLock<core::cell::RefCell<alloc::io::buffered::linewriter::LineWriter<std::io::stdio::StdoutRaw>>>>>::initialize<<std::sync::once_lock::OnceLock<std::sync::reentrant_lock::ReentrantLock<core::cell::RefCell<alloc::io::buffered::linewriter::LineWriter<std::io::stdio::StdoutRaw>>>>>::get_or_init<std::io::stdio::cleanup::{closure#0}>::{closure#0}, !>::{closure#0}>::{closure#0}
calls=1 0 
0 14
0 12

fn=(6508)
0 17

fn=(6512) core::ptr::drop_glue::<<devloop::echo::echo_client::EchoClient<tonic::transport::channel::Channel>>::connect<alloc::string::String>::{closure#0}>
0 12

fn=(6526) <tokio::sync::batch_semaphore::Acquire as core::ops::drop::Drop>::drop
0 1809

fn=(6534)
0 34572
cfn=(6536) <hashbrown::raw::RawTable<(core::any::TypeId, alloc::boxed::Box<dyn http::extensions::AnyClone + core::marker::Send + core::marker::Sync>)>>::reserve_rehash::<hashbrown::map::make_hasher<core::any::TypeId, alloc::boxed::Box<dyn http::extensions::AnyClone + core::marker::Send + core::marker::Sync>, core::hash::BuildHasherDefault<http::extensions::IdHasher>>::{closure#0}>
calls=402 0 
0 96329
0 402

fn=(6780) <h2::proto::streams::store::Queue<h2::proto::streams::stream::NextSend>>::push_front
0 9849

fn=(6784) <h2::proto::streams::buffer::Deque>::pop_front::<h2::frame::Frame<hyper::proto::h2::SendBuf<bytes::bytes::Bytes>>>
0 33768
cob=(2)
cfi=(2)
cfn=(4532)
calls=1206 0 
0 77184
0 17487
cob=(2)
cfi=(2)
cfn=(4532)
calls=603 0 
0 38592
0 1809
cob=(2)
cfi=(2)
cfn=(4532)
calls=603 0 
0 38592
0 9648

fn=(4168)
0 37
cob=(2)
cfi=(2)
cfn=(4170) poll
calls=1 0 
0 28
0 37
cob=(2)
cfi=(2)
cfn=(4184) signal
calls=1 0 
0 124
0 4
cob=(2)
cfi=(2)
cfn=(4190) sysconf
calls=1 0 
0 52
0 8
cob=(2)
cfi=(2)
cfn=(4194) pthread_self
calls=1 0 
0 2
0 3
cob=(2)
cfi=(2)
cfn=(4196) pthread_getattr_np
calls=1 0 
0 98306
0 11
cob=(2)
cfi=(2)
cfn=(5006) pthread_attr_getstack
calls=1 0 
0 8
0 6
cob=(2)
cfi=(2)
cfn=(5008) pthread_attr_destroy
calls=1 0 
0 144
0 35
cob=(2)
cfi=(2)
cfn=(4186) sigaction
calls=1 0 
0 68
0 8
cfn=(5010) std::sys::pal::unix::stack_overflow::imp::make_handler
calls=1 0 
0 240
0 5
cfn=(5020) std::sys::pal::unix::stack_overflow::thread_info::set_current_info
calls=1 0 
0 482
0 8
cob=(2)
cfi=(2)
cfn=(4186)
calls=1 0 
0 68
0 4
cob=(2)
cfi=(2)
cfn=(4186)
calls=1 0 
0 68
0 12
cob=(2)
cfi=(2)
cfn=(4186)
calls=1 0 
0 68
0 7
cfn=(5032) std::rt::lang_start::<()>::{closure#0}
calls=1 0 
0 3357206
0 5
cob=(2)
cfi=(2)
cfn=(5030)
calls=1 0 
0 3
0 22
cfn=(7976)
calls=1 0 
0 155
0 1

fn=(5032)
0 3
cfn=(5034)
calls=1 0 
0 3357200
0 3

fn=(5048)
0 73195

fn=(5060)
0 170
cob=(2)
cfi=(2)
cfn=(5062) getrandom
calls=5 0 
0 434
0 85

fn=(5138) <std::path::Component as core::cmp::PartialEq>::eq
0 170
cob=(2)
cfi=(2)
cfn=(5140) 0x00000000001623e0
calls=5 0 
0 90
0 38

fn=(5476)
0 289
cob=(2)
cfi=(2)
cfn=(4502)
calls=17 0 
0 4868
0 199

fn=(5482) std::thread::spawnhook::run_spawn_hooks
0 96
cfn=(5484)
calls=4 0 
0 76
0 102
cfn=(5422)
calls=1 0 
0 406
0 2

fn=(5484)
0 247

fn=(5672) devloop::rpc_tonic_unary::{closure#0}
0 11993
cfn=(5674) <tokio::net::tcp::listener::TcpListener>::bind::<&str>::{closure#0}
calls=1 0 
0 1120
0 20
cfn=(5700)
calls=1 0 
0 45
0 34
cob=(2)
cfi=(2)
cfn=(4532)
calls=1 0 
0 208
0 11
cob=(2)
cfi=(2)
cfn=(4532)
calls=1 0 
0 206
0 20
cob=(2)
cfi=(2)
cfn=(4532)
calls=1 0 
0 208
0 12
cob=(2)
cfi=(2)
cfn=(4532)
calls=1 0 
0 206
0 10
cob=(2)
cfi=(2)
cfn=(5214)
calls=1 0 
0 472
0 14
cob=(2)
cfi=(2)
cfn=(4532)
calls=1 0 
0 220
0 4
cfn=(5710) <tokio::runtime::task::list::OwnedTasks<alloc::sync::Arc<tokio::runtime::scheduler::current_thread::Handle>>>::bind_inner
calls=1 0 
0 82
0 13
cfn=(5712)
calls=1 0 
0 103
0 15
cfn=(5718)
calls=1 0 
0 2050
0 8
cob=(2)
cfi=(2)
cfn=(4532)
calls=1 0 
0 244
0 6
cfn=(5770) <devloop::echo::echo_client::EchoClient<tonic::transport::channel::Channel>>::connect::<alloc::string::String>::{closure#0}
calls=1 0 
0 9251
0 5
cfn=(5770)
calls=1 0 
0 13947
0 14
cob=(2)
cfi=(2)
cfn=(4532)
calls=1 0 
0 29
0 2
cfn=(6512)
calls=1 0 
0 12
0 11
cob=(2)
cfi=(2)
cfn=(4532)
calls=1 0 
0 29
0 6
cob=(2)
cfi=(2)
cfn=(4206)
calls=1 0 
0 188
0 10
cob=(2)
cfi=(2)
cfn=(4532)
calls=1 0 
0 124
0 15
cfn=(6514)
calls=1 0 
0 4414
0 15
cfn=(6514)
calls=3 0 
0 11224
0 35
cfn=(7286) core::ptr::drop_glue::<<devloop::echo::echo_client::EchoClient<tonic::transport::channel::Channel>>::unary<devloop::echo::EchoRequest>::{closure#0}>
calls=1 0 
0 15
0 20
cfn=(6546)
calls=1 0 
0 293
0 4
cob=(2)
cfi=(2)
cfn=(4916)
calls=1 0 
0 65
0 2
cfn=(6552)
calls=1 0 
0 17
0 26
cfn=(5182)
calls=1 0 
0 26
0 11
cfn=(5182)
calls=1 0 
0 26
0 11
cfn=(6306)
calls=1 0 
0 36
0 20
cfn=(7498) devloop::child_json_with_input
calls=1 0 
0 6174
0 7
cfn=(7508)
calls=1 0 
0 549
0 4
cob=(2)
cfi=(2)
cfn=(4916)
calls=1 0 
0 214
0 7
cfn=(7518) core::ptr::drop_glue::<tower::buffer::service::Buffer<http::request::Request<tonic::body::Body>, core::pin::Pin<alloc::boxed::Box<dyn core::future::future::Future<Output = core::result::Result<http::response::Response<tonic::body::Body>, alloc::boxed::Box<dyn core::error::Error + core::marker::Send + core::marker::Sync>>> + core::marker::Send>>>>
calls=1 0 
0 330
0 2
cfn=(5808)
calls=1 0 
0 21
0 1803
cob=(2)
cfi=(2)
cfn=(4206)
calls=200 0 
0 8200
0 2400
cob=(2)
cfi=(2)
cfn=(4532)
calls=200 0 
0 24786
0 2400
cfn=(6514)
calls=200 0 
0 755761
0 2970
cfn=(6514)
calls=594 0 
0 2221657
0 5782
cfn=(7286)
calls=200 0 
0 3000
0 4800
cfn=(6546)
calls=200 0 
0 82504
0 400
cfn=(6552)
calls=200 0 
0 3400
0 1200
cob=(2)
cfi=(2)
cfn=(4916)
calls=200 0 
0 13000
0 7384

fn=(5734)
0 175
cfn=(5736) <core::fmt::Formatter>::pad_integral::write_prefix
calls=5 0 
0 105
0 80
cfn=(5722)
calls=5 0 
0 216

fn=(5846) <tokio::net::tcp::socket::TcpSocket>::connect::{closure#0}
0 57
cob=(2)
cfi=(2)
cfn=(5848) connect
calls=1 0 
0 64
0 3
cob=(2)
cfi=(2)
cfn=(5030)
calls=1 0 
0 3
0 15
cfn=(6412)
calls=1 0 
0 863
0 4
cfn=(6412)
calls=1 0 
0 120
0 42

fn=(6158) tokio::runtime::task::raw::poll::<tokio::runtime::blocking::task::BlockingTask<<tokio::runtime::scheduler::multi_thread::worker::Launch>::launch::{closure#0}>, tokio::runtime::blocking::schedule::BlockingSchedule>
0 196
cfn=(6160)
calls=4 0 
0 22637215
0 32
cfn=(7698) <tokio::runtime::task::core::Core<tokio::runtime::blocking::task::BlockingTask<<tokio::runtime::scheduler::multi_thread::worker::Launch>::launch::{closure#0}>, tokio::runtime::blocking::schedule::BlockingSchedule>>::set_stage
calls=4 0 
0 172
0 36
cfn=(7698)
calls=4 0 
0 160
0 40
cfn=(7700) <tokio::runtime::task::harness::Harness<tokio::runtime::blocking::task::BlockingTask<<tokio::runtime::scheduler::multi_thread::worker::Launch>::launch::{closure#0}>, tokio::runtime::blocking::schedule::BlockingSchedule>>::complete
calls=4 0 
0 304

fn=(6204) <matchit::escape::UnescapedRef>::to_owned
0 100
cob=(2)
cfi=(2)
cfn=(4206)
calls=4 0 
0 840
0 40
cob=(2)
cfi=(2)
cfn=(4532)
calls=4 0 
0 51
0 68

fn=(6212) <std::hash::random::RandomState as core::hash::BuildHasher>::hash_one::<&alloc::sync::Arc<str>>
0 48
cfn=(6208)
calls=2 0 
0 128
0 10
cfn=(6208)
calls=2 0 
0 68
0 138

fn=(6218)
0 224
cob=(2)
cfi=(2)
cfn=(4206)
calls=4 0 
0 742
0 80
cob=(2)
cfi=(2)
cfn=(4968)
calls=4 0 
0 40
0 96

fn=(6232) <matchit::params::Params>::push
0 4646

fn=(6344)
0 6174
cfn=(5712)
calls=882 0 
0 45864
0 11697
cfn=(5712)
calls=1671 0 
0 138610

fn=(6402)
0 18180
cfn=(6302)
calls=1010 0 
0 60669
0 21196
cob=(2)
cfi=(2)
cfn=(6408) writev
calls=1009 0 
0 60540
0 15146

fn=(6426) <h2::codec::framed_write::Encoder<h2::proto::streams::prioritize::Prioritized<hyper::proto::h2::SendBuf<bytes::bytes::Bytes>>>>::unset_frame
0 60078

fn=(6434) <hyper_util::rt::tokio::TokioIo<tonic::transport::server::service::io::ServerIo<tokio::net::tcp::stream::TcpStream>> as hyper::rt::io::Read>::poll_read
0 22321
cfn=(6436)
calls=1313 0 
0 229025
0 17445

fn=(6448)
0 19

fn=(6478)
0 25
cfn=(6480) <h2::proto::streams::recv::Recv>::set_target_connection_window
calls=1 0 
0 43
0 16

fn=(6552)
0 15276
cfn=(7100) core::ptr::drop_glue::<axum::routing::url_params::UrlParams>
calls=201 0 
0 58317
0 1608
cob=(2)
cfi=(2)
cfn=(4916)
calls=402 0 
0 31794
0 2814
cob=(2)
cfi=(2)
cfn=(4916)
calls=201 0 
0 13073
0 1809
cob=(2)
cfi=(2)
cfn=(4916)
calls=201 0 
0 17431
0 10854
cob=(2)
cfi=(2)
cfn=(4916)
calls=201 0 
0 36241
0 1809
cob=(2)
cfi=(2)
cfn=(4916)
calls=201 0 
0 14931
0 5025

fn=(6560)
0 3216
cfn=(6472)
calls=201 0 
0 7437
0 1206
cob=(2)
cfi=(2)
cfn=(4206)
calls=201 0 
0 9063
0 6229
cob=(2)
cfi=(2)
cfn=(4532)
calls=201 0 
0 5829
0 2010
cfn=(6520)
calls=201 0 
0 2814
0 1206
cob=(2)
cfi=(2)
cfn=(4532)
calls=201 0 
0 12864
0 1206
cob=(2)
cfi=(2)
cfn=(4532)
calls=201 0 
0 12864
0 1809
cob=(2)
cfi=(2)
cfn=(4532)
calls=201 0 
0 12864
0 1206
cfn=(6562) <tokio::sync::mpsc::list::Tx<tower::buffer::message::Message<http::request::Request<tonic::body::Body>, core::pin::Pin<alloc::boxed::Box<dyn core::future::future::Future<Output = core::result::Result<http::response::Response<tonic::body::Body>, alloc::boxed::Box<dyn core::error::Error + core::marker::Send + core::marker::Sync>>> + core::marker::Send>>>>>::find_block
calls=201 0 
0 4875
0 1809
cob=(2)
cfi=(2)
cfn=(4532)
calls=201 0 
0 11688
0 4220
cfn=(6342)
calls=200 0 
0 28000
0 402
cfn=(6564) core::ptr::drop_glue::<tokio::sync::mpsc::bounded::OwnedPermit<tower::buffer::message::Message<http::request::Request<tonic::body::Body>, core::pin::Pin<alloc::boxed::Box<dyn core::future::future::Future<Output = core::result::Result<http::response::Response<tonic::body::Body>, alloc::boxed::Box<dyn core::error::Error + core::marker::Send + core::marker::Sync>>> + core::marker::Send>>>>>
calls=201 0 
0 2613
0 804
cob=(2)
cfi=(2)
cfn=(4532)
calls=201 0 
0 12864
0 4221

fn=(6588)
0 31433

fn=(6622)
0 24

fn=(6652) <tower::buffer::worker::Worker<tonic::transport::channel::service::connection::Connection, http::request::Request<tonic::body::Body>> as core::future::future::Future>::poll
0 25728
cfn=(6654) <tokio::sync::mpsc::list::Rx<tower::buffer::message::Message<http::request::Request<tonic::body::Body>, core::pin::Pin<alloc::boxed::Box<dyn core::future::future::Future<Output = core::result::Result<http::response::Response<tonic::body::Body>, alloc::boxed::Box<dyn core::error::Error + core::marker::Send + core::marker::Sync>>> + core::marker::Send>>>>>::pop
calls=402 0 
0 24205
0 2613
cfn=(6646) <tokio::sync::task::atomic_waker::AtomicWaker>::register_by_ref
calls=201 0 
0 8643
0 804
cfn=(6654)
calls=201 0 
0 6060
0 1809
cob=(2)
cfi=(2)
cfn=(4532)
calls=201 0 
0 12864
0 3216
cfn=(6656) <tokio::sync::batch_semaphore::Semaphore>::add_permits_locked
calls=201 0 
0 13065
0 804
cob=(2)
cfi=(2)
cfn=(4532)
calls=201 0 
0 12864
0 1407
cob=(2)
cfi=(2)
cfn=(4532)
calls=201 0 
0 12864
0 3417
cob=(2)
cfi=(2)
cfn=(4532)
calls=201 0 
0 12864
0 2010
cob=(2)
cfi=(2)
cfn=(4532)
calls=201 0 
0 10452
0 3015
cfn=(5810)
calls=201 0 
0 26130
0 3216
cob=(2)
cfi=(2)
cfn=(4532)
calls=201 0 
0 5829
0 1005
cfn=(6658)
calls=201 0 
0 418919
0 2814
cfn=(6674) <tokio::sync::oneshot::Sender<core::result::Result<core::pin::Pin<alloc::boxed::Box<dyn core::future::future::Future<Output = core::result::Result<http::response::Response<tonic::body::Body>, alloc::boxed::Box<dyn core::error::Error + core::marker::Send + core::marker::Sync>>> + core::marker::Send>>, tower::buffer::error::ServiceError>>>::send
calls=201 0 
0 21225
0 6030

fn=(6654)
0 13847
cob=(2)
cfi=(2)
cfn=(4532)
calls=201 0 
0 10432
0 6044

fn=(6688) <http_body_util::combinators::map_err::MapErr<tonic::codec::encode::EncodeBody<tonic_prost::codec::ProstEncoder<devloop::echo::EchoRequest>, tokio_stream::stream_ext::map::Map<tokio_stream::once::Once<devloop::echo::EchoRequest>, core::result::Result<devloop::echo::EchoRequest, tonic::status::Status>::Ok>>, <tonic::status::Status>::map_error<tonic::status::Status>> as http_body::Body>::is_end_stream
0 804

fn=(6696) <h2::client::Peer>::convert_send_message
0 5628
cfn=(6552)
calls=201 0 
0 58810
0 12864
cob=(2)
cfi=(2)
cfn=(4206)
calls=201 0 
0 8398
0 2406
cob=(2)
cfi=(2)
cfn=(4532)
calls=200 0 
0 2000
0 4
cob=(2)
cfi=(2)
cfn=(4532)
calls=1 0 
0 10
0 1005
cfn=(5788)
calls=201 0 
0 201
0 11256
cfn=(6698)
calls=201 0 
0 7839
0 1206
cob=(2)
cfi=(2)
cfn=(4206)
calls=201 0 
0 8660
0 2407
cob=(2)
cfi=(2)
cfn=(4532)
calls=200 0 
0 2400
0 3
cob=(2)
cfi=(2)
cfn=(4532)
calls=1 0 
0 12
0 3618
cfn=(5778)
calls=201 0 
0 1809
0 804
cob=(2)
cfi=(2)
cfn=(4532)
calls=201 0 
0 5829
0 15477
cfn=(6700)
calls=603 0 
0 4221
0 6633
cob=(2)
cfi=(2)
cfn=(4532)
calls=201 0 
0 5829
0 1407
cob=(2)
cfi=(2)
cfn=(4532)
calls=201 0 
0 5829
0 3015

fn=(6700)
0 42413

fn=(6718)
0 27135
cfn=(6558)
calls=1809 0 
0 43416
0 92862

fn=(6722)
0 15075
cfn=(6558)
calls=1005 0 
0 24120
0 64923
cfn=(6558)
calls=804 0 
0 75777
0 29949
cob=(2)
cfi=(2)
cfn=(5140)
calls=201 0 
0 3618
0 8844
cfn=(5788)
calls=804 0 
0 804
0 7236

fn=(6740)
0 52260

fn=(6742) <hyper::proto::h2::client::ClientTask<tonic::body::Body, tonic::transport::channel::service::executor::SharedExec, tonic::transport::channel::service::io::BoxedIo>>::poll_pipe
0 4824
cob=(2)
cfi=(2)
cfn=(4206)
calls=201 0 
0 8343
0 7234
cfn=(6746)
calls=201 0 
0 270837
0 4422
cob=(2)
cfi=(2)
cfn=(4206)
calls=201 0 
0 12862
0 8440
cob=(2)
cfi=(2)
cfn=(4206)
calls=201 0 
0 92689
0 3406
cob=(2)
cfi=(2)
cfn=(4532)
calls=200 0 
0 32792
0 9
cob=(2)
cfi=(2)
cfn=(4532)
calls=1 0 
0 160
0 804
cfn=(6486)
calls=201 0 
0 175591
0 8241
cob=(2)
cfi=(2)
cfn=(4206)
calls=201 0 
0 52596
0 3406
cob=(2)
cfi=(2)
cfn=(4532)
calls=200 0 
0 32726
0 9
cob=(2)
cfi=(2)
cfn=(4532)
calls=1 0 
0 172
0 804
cfn=(6486)
calls=201 0 
0 176154
0 2814

fn=(6758) tonic::codec::encode::finish_encoding
0 9246

fn=(6770) <h2::share::SendStream<hyper::proto::h2::SendBuf<bytes::bytes::Bytes>>>::poll_capacity
0 6432
cfn=(6772) <h2::proto::streams::send::Send>::poll_capacity
calls=201 0 
0 13467
0 5025

fn=(6826)
0 1837
cfn=(6342)
calls=1 0 
0 125
0 608
cfn=(7654)
calls=1 0 
0 342
0 1818
cfn=(6828) <alloc::sync::Arc<hyper::common::watch::Shared>>::drop_slow
calls=202 0 
0 18670

fn=(6830)
0 6044
cfn=(6836)
calls=201 0 
0 45828
0 2814
cfn=(7214) core::ptr::drop_glue::<futures_channel::oneshot::Sender<()>>
calls=201 0 
0 26833
0 1005
cfn=(6832) core::ptr::drop_glue::<hyper::proto::h2::PipeToSendStream<tonic::body::Body>>
calls=201 0 
0 98918
0 2814
cfn=(6844) core::ptr::drop_glue::<futures_channel::oneshot::Receiver<()>>
calls=201 0 
0 9045
0 2
cfn=(7638) core::ptr::drop_glue::<futures_channel::mpsc::Receiver<core::convert::Infallible>>
calls=1 0 
0 78
0 4
cfn=(7642) core::ptr::drop_glue::<futures_channel::oneshot::Sender<core::convert::Infallible>>
calls=1 0 
0 194
0 1217
cfn=(7644) core::ptr::drop_glue::<h2::proto::connection::Connection<hyper::common::io::compat::Compat<tonic::transport::channel::service::io::BoxedIo>, h2::client::Peer, hyper::proto::h2::SendBuf<bytes::bytes::Bytes>>>
calls=1 0 
0 6899

fn=(6854) <bytes::bytes_mut::BytesMut as bytes::buf::buf_mut::BufMut>::put::<bytes::buf::take::Take<&mut h2::proto::streams::prioritize::Prioritized<hyper::proto::h2::SendBuf<bytes::bytes::Bytes>>>>
0 34974
cob=(2)
cfi=(2)
cfn=(4532)
calls=402 0 
0 11658
0 11658

fn=(6866)
0 16134
cob=(2)
cfi=(2)
cfn=(4916)
calls=402 0 
0 80656
0 1206
cob=(2)
cfi=(2)
cfn=(4916)
calls=402 0 
0 34564
0 8076

fn=(6900) <hashbrown::raw::RawTableInner>::find_insert_index
0 11

fn=(6932)
0 6633
cob=(2)
cfi=(2)
cfn=(4532)
calls=603 0 
0 17487
0 3618
cfn=(6916)
calls=603 0 
0 31356
0 9306

fn=(6934) <alloc::sync::Arc<tokio::sync::oneshot::Inner<core::result::Result<core::pin::Pin<alloc::boxed::Box<dyn core::future::future::Future<Output = core::result::Result<http::response::Response<tonic::body::Body>, alloc::boxed::Box<dyn core::error::Error + core::marker::Send + core::marker::Sync>>> + core::marker::Send>>, tower::buffer::error::ServiceError>>>>::drop_slow
0 1206
cfn=(6936) core::ptr::drop_glue::<tokio::sync::oneshot::Inner<core::result::Result<core::pin::Pin<alloc::boxed::Box<dyn core::future::future::Future<Output = core::result::Result<http::response::Response<tonic::body::Body>, alloc::boxed::Box<dyn core::error::Error + core::marker::Send + core::marker::Sync>>> + core::marker::Send>>, tower::buffer::error::ServiceError>>>
calls=201 0 
0 5025
0 1809
cob=(2)
cfi=(2)
cfn=(4916)
calls=201 0 
0 13065

fn=(6944) <tonic::transport::channel::service::add_origin::AddOrigin<tonic::transport::channel::service::user_agent::UserAgent<tonic::transport::service::grpc_timeout::GrpcTimeout<tower::util::either::Either<tower::limit::concurrency::service::ConcurrencyLimit<tower::util::either::Either<tower::limit::rate::service::RateLimit<tonic::transport::channel::service::reconnect::Reconnect<tonic::transport::channel::service::connection::MakeSendRequestService<tonic::transport::channel::service::connector::Connector<tonic::transport::channel::uds_connector::UdsConnector>>, http::uri::Uri>>, tonic::transport::channel::service::reconnect::Reconnect<tonic::transport::channel::service::connection::MakeSendRequestService<tonic::transport::channel::service::connector::Connector<tonic::transport::channel::uds_connector::UdsConnector>>, http::uri::Uri>>>, tower::util::either::Either<tower::limit::rate::service::RateLimit<tonic::transport::channel::service::reconnect::Reconnect<tonic::transport::channel::service::connection::MakeSendRequestService<tonic::transport::channel::service::connector::Connector<tonic::transport::channel::uds_connector::UdsConnector>>, http::uri::Uri>>, tonic::transport::channel::service::reconnect::Reconnect<tonic::transport::channel::service::connection::MakeSendRequestService<tonic::transport::channel::service::connector::Connector<tonic::transport::channel::uds_connector::UdsConnector>>, http::uri::Uri>>>>>> as tower_service::Service<http::request::Request<tonic::body::Body>>>::call::{closure#1}
0 5757
cob=(2)
cfi=(2)
cfn=(4532)
calls=201 0 
0 5829
0 1005
cfn=(6946) <tonic::transport::service::grpc_timeout::ResponseFuture<tower::util::either::EitherResponseFuture<tower::limit::concurrency::future::ResponseFuture<tower::util::either::EitherResponseFuture<tonic::transport::channel::service::reconnect::ResponseFuture<core::pin::Pin<alloc::boxed::Box<dyn core::future::future::Future<Output = core::result::Result<http::response::Response<tonic::body::Body>, alloc::boxed::Box<dyn core::error::Error + core::marker::Send + core::marker::Sync>>> + core::marker::Send>>>, tonic::transport::channel::service::reconnect::ResponseFuture<core::pin::Pin<alloc::boxed::Box<dyn core::future::future::Future<Output = core::result::Result<http::response::Response<tonic::body::Body>, alloc::boxed::Box<dyn core::error::Error + core::marker::Send + core::marker::Sync>>> + core::marker::Send>>>>>, tower::util::either::EitherResponseFuture<tonic::transport::channel::service::reconnect::ResponseFuture<core::pin::Pin<alloc::boxed::Box<dyn core::future::future::Future<Output = core::result::Result<http::response::Response<tonic::body::Body>, alloc::boxed::Box<dyn core::error::Error + core::marker::Send + core::marker::Sync>>> + core::marker::Send>>>, tonic::transport::channel::service::reconnect::ResponseFuture<core::pin::Pin<alloc::boxed::Box<dyn core::future::future::Future<Output = core::result::Result<http::response::Response<tonic::body::Body>, alloc::boxed::Box<dyn core::error::Error + core::marker::Send + core::marker::Sync>>> + core::marker::Send>>>>>> as core::future::future::Future>::poll
calls=201 0 
0 39484
0 780
cfn=(6946)
calls=195 0 
0 193938
0 5391
cfn=(7226) core::ptr::drop_glue::<tonic::transport::service::grpc_timeout::ResponseFuture<tower::util::either::EitherResponseFuture<tower::limit::concurrency::future::ResponseFuture<tower::util::either::EitherResponseFuture<tonic::transport::channel::service::reconnect::ResponseFuture<core::pin::Pin<alloc::boxed::Box<dyn core::future::future::Future<Output = core::result::Result<http::response::Response<tonic::body::Body>, alloc::boxed::Box<dyn core::error::Error + core::marker::Send + core::marker::Sync>>> + core::marker::Send>>>, tonic::transport::channel::service::reconnect::ResponseFuture<core::pin::Pin<alloc::boxed::Box<dyn core::future::future::Future<Output = core::result::Result<http::response::Response<tonic::body::Body>, alloc::boxed::Box<dyn core::error::Error + core::marker::Send + core::marker::Sync>>> + core::marker::Send>>>>>, tower::util::either::EitherResponseFuture<tonic::transport::channel::service::reconnect::ResponseFuture<core::pin::Pin<alloc::boxed::Box<dyn core::future::future::Future<Output = core::result::Result<http::response::Response<tonic::body::Body>, alloc::boxed::Box<dyn core::error::Error + core::marker::Send + core::marker::Sync>>> + core::marker::Send>>>, tonic::transport::channel::service::reconnect::ResponseFuture<core::pin::Pin<alloc::boxed::Box<dyn core::future::future::Future<Output = core::result::Result<http::response::Response<tonic::body::Body>, alloc::boxed::Box<dyn core::error::Error + core::marker::Send + core::marker::Sync>>> + core::marker::Send>>>>>>>
calls=201 0 
0 55002
0 10002

fn=(7034)
0 12820
cfn=(7036)
calls=641 0 
0 1923
0 1206
cfn=(7036)
calls=402 0 
0 1206
0 5215
cfn=(7038)
calls=1043 0 
0 37570
0 6823
cfn=(7062)
calls=201 0 
0 134300
0 5177
cfn=(7040)
calls=842 0 
0 465621
0 6133
cfn=(7078)
calls=201 0 
0 2814
0 7741

fn=(7046) <http_body_util::combinators::map_err::MapErr<tonic::body::Body, <axum_core::error::Error>::new<tonic::status::Status>> as http_body::Body>::poll_frame
0 13684
cfn=(7152) <http_body_util::combinators::map_err::MapErr<tonic::codec::encode::EncodeBody<tonic_prost::codec::ProstEncoder<devloop::echo::EchoReply>, tokio_stream::once::Once<core::result::Result<devloop::echo::EchoReply, tonic::status::Status>>>, <tonic::status::Status>::map_error<tonic::status::Status>> as http_body::Body>::poll_frame
calls=402 0 
0 339214
cfn=(7048)
calls=842 0 
0 327821
0 24652

fn=(7074)
0 804

fn=(7080)
0 6030
cfn=(7082)
calls=402 0 
0 400494
0 1608
cob=(2)
cfi=(2)
cfn=(4916)
calls=402 0 
0 29398
0 5628
cob=(2)
cfi=(2)
cfn=(4916)
calls=402 0 
0 81888
0 804
cob=(2)
cfi=(2)
cfn=(4916)
calls=402 0 
0 27710
0 6030

fn=(7088) core::ptr::drop_glue::<hyper::body::incoming::Incoming>
0 3618
cfn=(7090) core::ptr::drop_glue::<h2::share::RecvStream>
calls=201 0 
0 70551
0 3618
cfn=(7090)
calls=201 0 
0 249075

fn=(7096)
0 4221
cob=(2)
cfi=(2)
cfn=(4532)
calls=201 0 
0 5829
0 804
cob=(2)
cfi=(2)
cfn=(4206)
calls=201 0 
0 8613
0 2406
cob=(2)
cfi=(2)
cfn=(4532)
calls=200 0 
0 5800
0 4
cob=(2)
cfi=(2)
cfn=(4532)
calls=1 0 
0 29
0 1608
cfn=(7098) <devloop::TonicEchod as devloop::echo::echo_server::Echo>::unary::{closure#0}
calls=201 0 
0 207781
0 2010
cfn=(7104)
calls=201 0 
0 1809
0 804
cob=(2)
cfi=(2)
cfn=(4916)
calls=201 0 
0 15687
0 2613

fn=(7098)
0 3216
cob=(2)
cfi=(2)
cfn=(4532)
calls=201 0 
0 5829
0 1005
cfn=(6546)
calls=201 0 
0 54001
0 402
cfn=(6552)
calls=201 0 
0 138504
0 4824

fn=(7126) hyper::common::date::update_and_header_value
0 2605
cfn=(5182)
calls=201 0 
0 5226
0 1256
cfn=(7130)
calls=25 0 
0 25387
0 1206
cfn=(5784)
calls=201 0 
0 5621
0 2428
cfn=(7128) <std::sys::thread_local::native::lazy::Storage<core::cell::RefCell<hyper::common::date::CachedDate>, ()>>::get_or_init_slow::<hyper::common::date::CACHED::__rust_std_internal_init_fn>
calls=4 0 
0 4942
0 12

fn=(7138) <http_body_util::combinators::map_err::MapErr<http_body_util::combinators::map_err::MapErr<tonic::service::recover_error::ResponseBody<tonic::body::Body>, <tonic::status::Status as core::convert::Into<alloc::boxed::Box<dyn core::error::Error + core::marker::Send + core::marker::Sync>>>::into>, <tonic::status::Status>::map_error<alloc::boxed::Box<dyn core::error::Error + core::marker::Send + core::marker::Sync>>> as http_body::Body>::is_end_stream
0 3216
cfn=(7032)
calls=402 0 
0 4824

fn=(7152)
0 12864
cfn=(7154) tonic::codec::encode::encode_item::<tonic_prost::codec::ProstEncoder<devloop::echo::EchoReply>>
calls=201 0 
0 78617
0 3015
cfn=(6612)
calls=201 0 
0 21505
0 2211
cfn=(6822)
calls=201 0 
0 208540
0 12462

fn=(7160)
0 2613
cfn=(7162) <http::header::map::HeaderMap as core::clone::Clone>::clone
calls=201 0 
0 13065
0 804
cfn=(6544)
calls=201 0 
0 6834
0 603
cfn=(7164)
calls=201 0 
0 27135
0 3417
cfn=(6554)
calls=201 0 
0 44823
0 4020

fn=(7172) core::ptr::drop_glue::<hyper::proto::h2::server::H2Stream<hyper_util::service::glue::TowerToHyperServiceFuture<tower::util::map_request::MapRequest<tower::util::boxed_clone::BoxCloneService<http::request::Request<tonic::body::Body>, http::response::Response<tonic::body::Body>, alloc::boxed::Box<dyn core::error::Error + core::marker::Send + core::marker::Sync>>, <tonic::transport::server::Server>::serve_internal<tonic::service::router::Routes, tonic::transport::server::incoming::TcpIncoming, core::future::ready::Ready<()>, tokio::net::tcp::stream::TcpStream, core::io::error::Error, tonic::body::Body>::{closure#0}::{closure#1}>, http::request::Request<hyper::body::incoming::Incoming>>, tonic::body::Body, hyper_util::rt::tokio::TokioExecutor>>
0 1206
cfn=(6834) core::ptr::drop_glue::<h2::proto::streams::streams::StreamRef<hyper::proto::h2::SendBuf<bytes::bytes::Bytes>>>
calls=201 0 
0 48039
0 1608
cfn=(6832)
calls=201 0 
0 147550

fn=(7174) core::ptr::drop_glue::<http_body_util::combinators::map_err::MapErr<http_body_util::combinators::map_err::MapErr<tonic::service::recover_error::ResponseBody<tonic::body::Body>, <tonic::status::Status as core::convert::Into<alloc::boxed::Box<dyn core::error::Error + core::marker::Send + core::marker::Sync>>>::into>, <tonic::status::Status>::map_error<alloc::boxed::Box<dyn core::error::Error + core::marker::Send + core::marker::Sync>>>>
0 2814
cfn=(7176)
calls=201 0 
0 40618
0 1407
cob=(2)
cfi=(2)
cfn=(4916)
calls=201 0 
0 14673

fn=(7202)
0 2412
cfn=(6724)
calls=402 0 
0 3216
0 2010
cfn=(6766)
calls=402 0 
0 79029
0 4020

fn=(7210) <tokio::sync::oneshot::Sender<core::result::Result<http::response::Response<hyper::body::incoming::Incoming>, hyper::error::Error>>>::send
0 3819
cob=(2)
cfi=(2)
cfn=(4532)
calls=201 0 
0 5829
0 3399
cfn=(6676)
calls=195 0 
0 10140
0 1250
cfn=(7218)
calls=22 0 
0 2508
0 1809

fn=(7214)
0 6231
cfn=(7216)
calls=201 0 
0 18592
0 2010

fn=(7218)
0 1992
cfn=(6938)
calls=195 0 
0 1365
0 1005
cfn=(6766)
calls=201 0 
0 50473
0 2211
cob=(2)
cfi=(2)
cfn=(4916)
calls=201 0 
0 36554

fn=(7230)
0 2814
cfn=(7232) core::ptr::drop_glue::<<tonic::transport::channel::service::connection::SendRequest as tower_service::Service<http::request::Request<tonic::body::Body>>>::call::{closure#0}>
calls=201 0 
0 2613
0 1608
cob=(2)
cfi=(2)
cfn=(4916)
calls=201 0 
0 42741

fn=(7516)
0 5
cfn=(6236) <core::fmt::Formatter>::pad
calls=1 0 
0 131

fn=(7518)
0 10
cfn=(7520)
calls=1 0 
0 22
0 2
cfn=(6520)
calls=1 0 
0 198
0 7
cfn=(6518)
calls=1 0 
0 13
0 4
cob=(2)
cfi=(2)
cfn=(4916)
calls=1 0 
0 65
0 9

fn=(7534)
0 20
cfn=(7536)
calls=1 0 
0 1231
0 9
cfn=(7536)
calls=1 0 
0 249
0 2
cfn=(7560) <tokio::runtime::task::harness::Harness<devloop::rpc_tonic_unary::{closure#0}::{closure#0}, alloc::sync::Arc<tokio::runtime::scheduler::multi_thread::handle::Handle>>>::complete
calls=1 0 
0 553
0 4

fn=(7556) <tokio::sync::notify::NotifyGuard>::notify_waiters
0 363

fn=(7570)
0 13

fn=(7586)
0 26
cob=(2)
cfi=(2)
cfn=(4206)
calls=2 0 
0 82
0 20
cob=(2)
cfi=(2)
cfn=(4532)
calls=2 0 
0 22
0 4
cob=(2)
cfi=(2)
cfn=(4206)
calls=2 0 
0 82
0 22
cob=(2)
cfi=(2)
cfn=(4206)
calls=2 0 
0 82
0 40

fn=(7674) core::ptr::drop_glue::<tower::util::map_future::MapFuture<tonic::transport::channel::service::add_origin::AddOrigin<tonic::transport::channel::service::user_agent::UserAgent<tonic::transport::service::grpc_timeout::GrpcTimeout<tower::util::either::Either<tower::limit::concurrency::service::ConcurrencyLimit<tower::util::either::Either<tower::limit::rate::service::RateLimit<tonic::transport::channel::service::reconnect::Reconnect<tonic::transport::channel::service::connection::MakeSendRequestService<tonic::transport::channel::service::connector::Connector<hyper_util::client::legacy::connect::http::HttpConnector>>, http::uri::Uri>>, tonic::transport::channel::service::reconnect::Reconnect<tonic::transport::channel::service::connection::MakeSendRequestService<tonic::transport::channel::service::connector::Connector<hyper_util::client::legacy::connect::http::HttpConnector>>, http::uri::Uri>>>, tower::util::either::Either<tower::limit::rate::service::RateLimit<tonic::transport::channel::service::reconnect::Reconnect<tonic::transport::channel::service::connection::MakeSendRequestService<tonic::transport::channel::service::connector::Connector<hyper_util::client::legacy::connect::http::HttpConnector>>, http::uri::Uri>>, tonic::transport::channel::service::reconnect::Reconnect<tonic::transport::channel::service::connection::MakeSendRequestService<tonic::transport::channel::service::connector::Connector<hyper_util::client::legacy::connect::http::HttpConnector>>, http::uri::Uri>>>>>>, <tower::util::boxed::sync::BoxService<http::request::Request<tonic::body::Body>, http::response::Response<tonic::body::Body>, alloc::boxed::Box<dyn core::error::Error + core::marker::Send + core::marker::Sync>>>::new<tonic::transport::channel::service::add_origin::AddOrigin<tonic::transport::channel::service::user_agent::UserAgent<tonic::transport::service::grpc_timeout::GrpcTimeout<tower::util::either::Either<tower::limit::concurrency::service::ConcurrencyLimit<tower::util::either::Either<tower::limit::rate::service::RateLimit<tonic::transport::channel::service::reconnect::Reconnect<tonic::transport::channel::service::connection::MakeSendRequestService<tonic::transport::channel::service::connector::Connector<hyper_util::client::legacy::connect::http::HttpConnector>>, http::uri::Uri>>, tonic::transport::channel::service::reconnect::Reconnect<tonic::transport::channel::service::connection::MakeSendRequestService<tonic::transport::channel::service::connector::Connector<hyper_util::client::legacy::connect::http::HttpConnector>>, http::uri::Uri>>>, tower::util::either::Either<tower::limit::rate::service::RateLimit<tonic::transport::channel::service::reconnect::Reconnect<tonic::transport::channel::service::connection::MakeSendRequestService<tonic::transport::channel::service::connector::Connector<hyper_util::client::legacy::connect::http::HttpConnector>>, http::uri::Uri>>, tonic::transport::channel::service::reconnect::Reconnect<tonic::transport::channel::service::connection::MakeSendRequestService<tonic::transport::channel::service::connector::Connector<hyper_util::client::legacy::connect::http::HttpConnector>>, http::uri::Uri>>>>>>>::{closure#0}>>
0 5
cfn=(7676)
calls=1 0 
0 1655
0 5
cfn=(5788)
calls=1 0 
0 1
0 12
cfn=(5778)
calls=1 0 
0 252

fn=(7684) <alloc::sync::Arc<dyn core::error::Error + core::marker::Send + core::marker::Sync>>::drop_slow
0 27
cob=(2)
cfi=(2)
cfn=(4916)
calls=1 0 
0 117

fn=(7698)
0 492

fn=(7702) tokio::runtime::task::raw::dealloc::<tokio::runtime::blocking::task::BlockingTask<<tokio::runtime::scheduler::multi_thread::worker::Launch>::launch::{closure#0}>, tokio::runtime::blocking::schedule::BlockingSchedule>
0 20
cfn=(7704)
calls=4 0 
0 104
0 20
cob=(2)
cfi=(2)
cfn=(4916)
calls=4 0 
0 260

fn=(7710) <&mut tokio::sync::oneshot::Receiver<()> as core::future::future::Future>::poll
0 71
cfn=(6414)
calls=1 0 
0 5
0 32
cfn=(7898) <alloc::sync::Arc<tokio::sync::oneshot::Inner<()>>>::drop_slow
calls=1 0 
0 93
0 18

fn=(7890) core::ptr::drop_glue::<tokio::runtime::driver::Driver>
0 13
cob=(2)
cfi=(2)
cfn=(4916)
calls=1 0 
0 170
0 4
cob=(2)
cfi=(2)
cfn=(5122)
calls=1 0 
0 61

fn=(7978)
0 19
cfn=(7980) <std::sync::once_lock::OnceLock<std::sync::reentrant_lock::ReentrantLock<core::cell::RefCell<alloc::io::buffered::linewriter::LineWriter<std::io::stdio::StdoutRaw>>>>>::initialize::<<std::sync::once_lock::OnceLock<std::sync::reentrant_lock::ReentrantLock<core::cell::RefCell<alloc::io::buffered::linewriter::LineWriter<std::io::stdio::StdoutRaw>>>>>::get_or_init<std::io::stdio::cleanup::{closure#0}>::{closure#0}, !>
calls=1 0 
0 86
0 3

fn=(7982)
0 14

fn=(7996) std::sys::thread_local::native::lazy::destroy::<tokio::runtime::park::ParkThread>
0 8
cfn=(7998)
calls=1 0 
0 123

fn=(6790) <h2::frame::headers::HeaderBlock>::into_encoding
0 18693
cob=(2)
cfi=(2)
cfn=(4916)
calls=603 0 
0 47809
0 2412
cob=(2)
cfi=(2)
cfn=(4532)
calls=603 0 
0 17487
0 18693
cob=(2)
cfi=(2)
cfn=(4532)
calls=603 0 
0 17487
0 6428
cfn=(6796) core::ptr::drop_glue::<h2::hpack::header::Header>
calls=1604 0 
0 72369
0 42009
cfn=(6792) <h2::frame::headers::Iter as core::iter::traits::iterator::Iterator>::next
calls=2211 0 
0 105726
0 1809
cfn=(6792)
calls=603 0 
0 33969
0 207633
cfn=(6700)
calls=804 0 
0 5628
0 201
cfn=(6700)
calls=201 0 
0 1407
0 43014
cfn=(6700)
calls=1005 0 
0 7035
0 69602
cob=(2)
cfi=(2)
cfn=(4206)
calls=2 0 
0 420
0 98662
cob=(2)
cfi=(2)
cfn=(5140)
calls=200 0 
0 3600
0 69656
cfn=(6798) <h2::hpack::table::Table>::index_vacant
calls=7 0 
0 1620
0 12199
cfn=(6794)
calls=2 0 
0 399
0 9994
cob=(2)
cfi=(2)
cfn=(4206)
calls=2 0 
0 694
0 212
cob=(2)
cfi=(2)
cfn=(4916)
calls=2 0 
0 146
0 33766
cob=(2)
cfi=(2)
cfn=(5140)
calls=200 0 
0 3636
0 2020
cob=(2)
cfi=(2)
cfn=(5140)
calls=2020 0 
0 38349
0 45366
cfn=(6700)
calls=9 0 
0 63
0 117
cfn=(6802) <h2::hpack::table::Table>::converge
calls=9 0 
0 234
0 193
cfn=(6804) <alloc::collections::vec_deque::VecDeque<h2::hpack::table::Slot>>::grow
calls=2 0 
0 1435
0 4076
cfn=(6810)
calls=201 0 
0 109788
0 782
cfn=(6700)
calls=1 0 
0 7
0 4
cfn=(6808)
calls=1 0 
0 548
0 2
cfn=(6808)
calls=1 0 
0 316
0 24
cfn=(6808)
calls=1 0 
0 603
0 60
cfn=(6808)
calls=15 0 
0 11109
0 23353
cfn=(6814) core::ptr::drop_glue::<http::header::map::IntoIter<http::header::value::HeaderValue>>
calls=603 0 
0 90410
0 7176
cfn=(6796)
calls=591 0 
0 18485
0 9648

fn=(5124) std::sys::fs::metadata
0 14
cob=(2)
cfi=(2)
cfn=(4532)
calls=1 0 
0 11
0 61
cfn=(5112)
calls=1 0 
0 123
0 6
cob=(2)
cfi=(2)
cfn=(4532)
calls=1 0 
0 29
0 8

fn=(5126) <std::path::PathBuf>::pop
0 75
cfn=(5128) <std::path::Components as core::iter::traits::double_ended::DoubleEndedIterator>::next_back
calls=3 0 
0 546
0 18
cfn=(5132)
calls=3 0 
0 413
0 63

fn=(5158)
0 14
cob=(2)
cfi=(2)
cfn=(5160) epoll_create1
calls=1 0 
0 5
0 6
cob=(2)
cfi=(2)
cfn=(5162) eventfd
calls=1 0 
0 5
0 10
cob=(2)
cfi=(2)
cfn=(5164)
calls=1 0 
0 6
0 7
cob=(2)
cfi=(2)
cfn=(5166)
calls=1 0 
0 35
0 32
cfn=(5182)
calls=1 0 
0 26
0 4
cob=(2)
cfi=(2)
cfn=(4206)
calls=1 0 
0 168
0 12
cob=(2)
cfi=(2)
cfn=(4968)
calls=1 0 
0 2082
0 5
cob=(2)
cfi=(2)
cfn=(4968)
calls=1 0 
0 77
0 5
cob=(2)
cfi=(2)
cfn=(4968)
calls=1 0 
0 77
0 5
cob=(2)
cfi=(2)
cfn=(4968)
calls=1 0 
0 77
0 6
cob=(2)
cfi=(2)
cfn=(4968)
calls=1 0 
0 77
0 44
cob=(2)
cfi=(2)
cfn=(4206)
calls=1 0 
0 173
0 13
cob=(2)
cfi=(2)
cfn=(4206)
calls=1 0 
0 41
0 15

fn=(5412)
0 45
cfn=(5414)
calls=3 0 
0 413
0 27

fn=(5420)
0 27
cfn=(7888) <alloc::sync::Arc<tokio::runtime::scheduler::multi_thread::park::Shared>>::drop_slow
calls=1 0 
0 324
0 35
cob=(2)
cfi=(2)
cfn=(4916)
calls=5 0 
0 377

fn=(5460)
0 158
cfn=(5462) <alloc::collections::vec_deque::VecDeque<tokio::runtime::blocking::pool::Task>>::grow
calls=1 0 
0 277
0 154
cfn=(5466) <tokio::runtime::builder::Builder>::new::{closure#0}
calls=4 0 
0 799
0 151
cfn=(5082) std::sys::env::unix::getenv
calls=1 0 
0 818
0 55
cfn=(5472) <std::thread::thread::thread_name_string::ThreadNameString as core::convert::From<alloc::string::String>>::from
calls=4 0 
0 1002
0 16
cob=(2)
cfi=(2)
cfn=(4206)
calls=4 0 
0 728
0 52
cfn=(5482)
calls=4 0 
0 682
0 24
cob=(2)
cfi=(2)
cfn=(4206)
calls=4 0 
0 802
0 164
cob=(2)
cfi=(2)
cfn=(4206)
calls=4 0 
0 802
0 92
cob=(2)
cfi=(2)
cfn=(4206)
calls=4 0 
0 747
0 48
cfn=(5486) <std::sys::thread::unix::Thread>::new
calls=4 0 
0 6401
0 48
cfn=(5618)
calls=4 0 
0 584
0 290
cfn=(5620) <hashbrown::raw::RawTable<(usize, std::thread::join_handle::JoinHandle<()>)>>::reserve_rehash::<hashbrown::map::make_hasher<usize, std::thread::join_handle::JoinHandle<()>, std::hash::random::RandomState>::{closure#0}>
calls=2 0 
0 1116
0 2

fn=(5670)
0 15604
cfn=(5672)
calls=1 0 
0 14630
0 2392
cfn=(5672)
calls=598 0 
0 3191352
0 2995
cfn=(7522) core::ptr::drop_glue::<devloop::rpc_tonic_unary::{closure#0}>
calls=1 0 
0 11
0 5394

fn=(5674)
0 19
cfn=(5676)
calls=1 0 
0 241
0 10
cfn=(5682)
calls=1 0 
0 25
0 28
cfn=(5684) <mio::net::tcp::listener::TcpListener>::bind
calls=1 0 
0 76
0 20
cfn=(5694)
calls=1 0 
0 694
0 7

fn=(5726)
0 23
cfn=(5721)
calls=1 0 
0 1575
0 4

fn=(5740)
0 40
cfn=(5414)
calls=2 0 
0 505
0 182
cfn=(5414)
calls=9 0 
0 2616
0 9373
cfn=(5414)
calls=404 0 
0 82519
0 3676
cfn=(5414)
calls=2 0 
0 170
0 18

fn=(5768)
0 47
cfn=(5734)
calls=1 0 
0 114
0 3

fn=(5778)
0 11277
cob=(2)
cfi=(2)
cfn=(4916)
calls=26 0 
0 3066
0 156
cob=(2)
cfi=(2)
cfn=(4916)
calls=26 0 
0 3182
0 8772

fn=(5784)
0 3276
cfn=(5786) bytes::bytes::shallow_clone_vec
calls=46 0 
0 5307
0 138

fn=(5798)
0 7
cob=(2)
cfi=(2)
cfn=(4206)
calls=1 0 
0 276
0 24
cfn=(5800)
calls=1 0 
0 29
0 4
cfn=(5800)
calls=1 0 
0 29
0 5
cfn=(5800)
calls=1 0 
0 29
0 6
cfn=(5800)
calls=1 0 
0 29
0 6
cfn=(5800)
calls=1 0 
0 29
0 6
cfn=(5800)
calls=1 0 
0 29
0 14
cfn=(5800)
calls=1 0 
0 29
0 14

fn=(6150) <std::thread::lifecycle::spawn_unchecked<<tokio::runtime::blocking::pool::Spawner>::spawn_thread::{closure#0}, ()>::{closure#1} as core::ops::function::FnOnce<()>>::call_once::{shim:vtable#0}
0 84
cfn=(6152)
calls=4 0 
0 1292
0 8
cfn=(6156) std::sys::backtrace::__rust_begin_short_backtrace::<<tokio::runtime::blocking::pool::Spawner>::spawn_thread::{closure#0}, ()>
calls=4 0 
0 22643911
0 72

fn=(6156)
0 72
cfn=(5664)
calls=4 0 
0 132
0 203
cfn=(7706) <std::sys::sync::condvar::futex::Condvar>::wait_optional_timeout
calls=1 0 
0 109
0 129
cfn=(6158)
calls=4 0 
0 22638155
0 32
cfn=(7702)
calls=4 0 
0 404
0 213
cfn=(7880)
calls=1 0 
0 155
0 8
cfn=(5658)
calls=4 0 
0 180
0 19
cob=(2)
cfi=(2)
cfn=(6418)
calls=1 0 
0 11
0 32
cfn=(7882) <alloc::sync::Arc<tokio::runtime::scheduler::multi_thread::handle::Handle>>::drop_slow
calls=1 0 
0 3016
0 65
cfn=(5422)
calls=4 0 
0 960
0 16

fn=(6172) tokio::runtime::task::raw::poll::<devloop::rpc_tonic_unary::{closure#0}::{closure#0}, alloc::sync::Arc<tokio::runtime::scheduler::multi_thread::handle::Handle>>
0 100
cfn=(6174)
calls=2 0 
0 27121
0 92

fn=(6202) <matchit::tree::Node<axum::routing::RouteId>>::insert_route
0 23
cfn=(6200)
calls=1 0 
0 310
0 49
cfn=(6204)
calls=1 0 
0 277
0 19
cfn=(6204)
calls=1 0 
0 273
0 16
cfn=(6222) <matchit::tree::Node<axum::routing::RouteId>>::add_child
calls=1 0 
0 331
0 58
cfn=(6200)
calls=2 0 
0 536
0 63
cfn=(6204)
calls=1 0 
0 274
0 22
cfn=(6204)
calls=1 0 
0 275
0 16
cfn=(6222)
calls=1 0 
0 331
0 12

fn=(6226)
0 18
cob=(2)
cfi=(2)
cfn=(4532)
calls=1 0 
0 29
0 6
cob=(2)
cfi=(2)
cfn=(4916)
calls=1 0 
0 73
0 9
cob=(2)
cfi=(2)
cfn=(4532)
calls=1 0 
0 29
0 62
cob=(2)
cfi=(2)
cfn=(4532)
calls=3 0 
0 87
0 18
cob=(2)
cfi=(2)
cfn=(4916)
calls=3 0 
0 219
0 27
cob=(2)
cfi=(2)
cfn=(4532)
calls=3 0 
0 87
0 24

fn=(6228) <axum::boxed::MakeErasedHandler<tonic::service::router::unimplemented, ()> as axum::boxed::ErasedIntoRoute<(), core::convert::Infallible>>::clone_box
0 4
cob=(2)
cfi=(2)
cfn=(4206)
calls=1 0 
0 207
0 9

fn=(6328)
0 45695
cfn=(7390) <tokio::runtime::driver::Driver>::park_timeout
calls=43 0 
0 21579
0 26134
cfn=(6330) <tokio::runtime::driver::Driver>::park
calls=1087 0 
0 671297
0 27466
cob=(2)
cfi=(2)
cfn=(6418)
calls=476 0 
0 5236
0 65847
cfn=(5716) <tokio::runtime::scheduler::multi_thread::idle::Idle>::worker_to_notify
calls=4 0 
0 68
0 14552

fn=(6330)
0 9783
cfn=(6332)
calls=1087 0 
0 661514

fn=(6386) tonic::transport::server::serve_connection::<tonic::body::Body, hyper_util::rt::tokio::TokioIo<tonic::transport::server::service::io::ServerIo<tokio::net::tcp::stream::TcpStream>>, hyper_util::service::glue::TowerToHyperService<tower::util::map_request::MapRequest<tower::util::boxed_clone::BoxCloneService<http::request::Request<tonic::body::Body>, http::response::Response<tonic::body::Body>, alloc::boxed::Box<dyn core::error::Error + core::marker::Send + core::marker::Sync>>, <tonic::transport::server::Server>::serve_internal<tonic::service::router::Routes, tokio_stream::wrappers::tcp_listener::TcpListenerStream, core::future::ready::Ready<()>, tokio::net::tcp::stream::TcpStream, core::io::error::Error, tonic::body::Body>::{closure#0}::{closure#1}>>, hyper_util::rt::tokio::TokioExecutor>::{closure#0}
0 16133
cfn=(6388) <hyper::server::conn::http2::Builder<hyper_util::rt::tokio::TokioExecutor>>::serve_connection::<hyper_util::service::glue::TowerToHyperService<tower::util::map_request::MapRequest<tower::util::boxed_clone::BoxCloneService<http::request::Request<tonic::body::Body>, http::response::Response<tonic::body::Body>, alloc::boxed::Box<dyn core::error::Error + core::marker::Send + core::marker::Sync>>, <tonic::transport::server::Server>::serve_internal<tonic::service::router::Routes, tonic::transport::server::incoming::TcpIncoming, core::future::ready::Ready<()>, tokio::net::tcp::stream::TcpStream, core::io::error::Error, tonic::body::Body>::{closure#0}::{closure#1}>>, hyper_util::common::rewind::Rewind<hyper_util::rt::tokio::TokioIo<tonic::transport::server::service::io::ServerIo<tokio::net::tcp::stream::TcpStream>>>, tonic::body::Body>
calls=1 0 
0 2097
0 33
cob=(2)
cfi=(2)
cfn=(4532)
calls=1 0 
0 29
0 5
cob=(2)
cfi=(2)
cfn=(4532)
calls=1 0 
0 148
0 28
cob=(2)
cfi=(2)
cfn=(4532)
calls=1 0 
0 29
0 8
cob=(2)
cfi=(2)
cfn=(4532)
calls=1 0 
0 148
0 70866
cfn=(6404) <core::pin::Pin<&mut tonic::transport::server::connection_timeout_future::{closure#0}> as core::future::future::Future>::poll
calls=644 0 
0 14178
0 7084
cfn=(6406) <core::pin::Pin<&mut tonic::transport::server::Fuse<<tokio::sync::watch::Receiver<()>>::changed::{closure#0}>> as core::future::future::Future>::poll
calls=644 0 
0 12880
0 14827
cfn=(6398) <h2::server::Handshake<hyper::common::io::compat::Compat<hyper_util::common::rewind::Rewind<hyper_util::rt::tokio::TokioIo<tonic::transport::server::service::io::ServerIo<tokio::net::tcp::stream::TcpStream>>>>, hyper::proto::h2::SendBuf<bytes::bytes::Bytes>> as core::future::future::Future>::poll
calls=3 0 
0 4574
0 20
cob=(2)
cfi=(2)
cfn=(4532)
calls=1 0 
0 148
0 13
cob=(2)
cfi=(2)
cfn=(4532)
calls=1 0 
0 160
0 10
cob=(2)
cfi=(2)
cfn=(4532)
calls=1 0 
0 160
0 2
cfn=(6580)
calls=1 0 
0 36
0 4
cob=(2)
cfi=(2)
cfn=(4532)
calls=1 0 
0 160
0 8532
cfn=(6582)
calls=201 0 
0 3417
0 1926
cfn=(6582)
calls=642 0 
0 10914
0 3372
cfn=(6584) <h2::server::Connection<hyper::common::io::compat::Compat<hyper_util::common::rewind::Rewind<hyper_util::rt::tokio::TokioIo<tonic::transport::server::service::io::ServerIo<tokio::net::tcp::stream::TcpStream>>>>, hyper::proto::h2::SendBuf<bytes::bytes::Bytes>>>::poll_accept
calls=843 0 
0 5233161
0 5946
cob=(2)
cfi=(2)
cfn=(4532)
calls=201 0 
0 5829
0 1206
cfn=(6956)
calls=201 0 
0 26532
0 1809
cfn=(6960)
calls=201 0 
0 2814
0 1206
cob=(2)
cfi=(2)
cfn=(4532)
calls=201 0 
0 5829
0 1809
cob=(2)
cfi=(2)
cfn=(4532)
calls=201 0 
0 5829
0 2010
cfn=(6962)
calls=201 0 
0 12496
0 1809
cob=(2)
cfi=(2)
cfn=(4532)
calls=201 0 
0 5829
0 2211
cob=(2)
cfi=(2)
cfn=(4532)
calls=201 0 
0 5829
0 4221
cfn=(6690) <http::extensions::Extensions>::remove::<h2::ext::Protocol>
calls=201 0 
0 3819
0 1407
cob=(2)
cfi=(2)
cfn=(4532)
calls=201 0 
0 10452
0 603
cfn=(6964) <tower::util::map_future::MapFuture<tonic::transport::server::service::io::ConnectInfo<tonic::transport::server::Svc<tonic::service::recover_error::RecoverError<tower::util::either::Either<tower::load_shed::LoadShed<tower::util::either::Either<tower::limit::concurrency::service::ConcurrencyLimit<tonic::transport::service::grpc_timeout::GrpcTimeout<tonic::service::router::Routes>>, tonic::transport::service::grpc_timeout::GrpcTimeout<tonic::service::router::Routes>>>, tower::util::either::Either<tower::limit::concurrency::service::ConcurrencyLimit<tonic::transport::service::grpc_timeout::GrpcTimeout<tonic::service::router::Routes>>, tonic::transport::service::grpc_timeout::GrpcTimeout<tonic::service::router::Routes>>>>>, tonic::transport::server::service::io::ServerIoConnectInfo<tokio::net::tcp::stream::TcpStream>>, <tower::util::boxed_clone::BoxCloneService<http::request::Request<tonic::body::Body>, http::response::Response<tonic::body::Body>, alloc::boxed::Box<dyn core::error::Error + core::marker::Send + core::marker::Sync>>>::new<tonic::transport::server::service::io::ConnectInfo<tonic::transport::server::Svc<tonic::service::recover_error::RecoverError<tower::util::either::Either<tower::load_shed::LoadShed<tower::util::either::Either<tower::limit::concurrency::service::ConcurrencyLimit<tonic::transport::service::grpc_timeout::GrpcTimeout<tonic::service::router::Routes>>, tonic::transport::service::grpc_timeout::GrpcTimeout<tonic::service::router::Routes>>>, tower::util::either::Either<tower::limit::concurrency::service::ConcurrencyLimit<tonic::transport::service::grpc_timeout::GrpcTimeout<tonic::service::router::Routes>>, tonic::transport::service::grpc_timeout::GrpcTimeout<tonic::service::router::Routes>>>>>, tonic::transport::server::service::io::ServerIoConnectInfo<tokio::net::tcp::stream::TcpStream>>>::{closure#0}> as tower::util::boxed_clone::CloneService<http::request::Request<tonic::body::Body>>>::clone_box
calls=201 0 
0 27472
0 3417
cob=(2)
cfi=(2)
cfn=(4532)
calls=201 0 
0 10452
0 5025
cob=(2)
cfi=(2)
cfn=(4532)
calls=201 0 
0 12864
0 2412
cob=(2)
cfi=(2)
cfn=(4532)
calls=201 0 
0 12864
0 4020
cob=(2)
cfi=(2)
cfn=(4532)
calls=201 0 
0 12864
0 2211
cob=(2)
cfi=(2)
cfn=(4532)
calls=201 0 
0 12864
0 2211
cob=(2)
cfi=(2)
cfn=(5214)
calls=201 0 
0 99922
0 3008
cob=(2)
cfi=(2)
cfn=(4532)
calls=200 0 
0 15174
0 5
cob=(2)
cfi=(2)
cfn=(4532)
calls=1 0 
0 76
0 804
cfn=(5710)
calls=201 0 
0 16606
0 2412
cfn=(5712)
calls=201 0 
0 10452
0 11268

fn=(6438)
0 1212
cfn=(6440)
calls=202 0 
0 10302
0 1212

fn=(6440)
0 23960
cob=(2)
cfi=(2)
cfn=(6418)
calls=599 0 
0 6589

fn=(6480)
0 86

fn=(6548)
0 12462
cfn=(5778)
calls=200 0 
0 1800
cfn=(6510)
calls=1 0 
0 12
0 6030
cfn=(5778)
calls=1191 0 
0 10719
cfn=(6510)
calls=15 0 
0 180
0 46230

fn=(6564)
0 2613

fn=(6578) <h2::server::Connection<hyper::common::io::compat::Compat<hyper_util::common::rewind::Rewind<hyper_util::rt::tokio::TokioIo<tonic::transport::server::service::io::ServerIo<tokio::net::tcp::stream::TcpStream>>>>, hyper::proto::h2::SendBuf<bytes::bytes::Bytes>>>::set_target_window_size
0 25
cfn=(6480)
calls=1 0 
0 43
0 16

fn=(6600) tokio::runtime::task::raw::poll::<core::pin::Pin<alloc::boxed::Box<dyn core::future::future::Future<Output = ()> + core::marker::Send>>, alloc::sync::Arc<tokio::runtime::scheduler::multi_thread::handle::Handle>>
0 115076
cfn=(6652)
calls=201 0 
0 643872
cfn=(6634) <core::pin::Pin<alloc::boxed::Box<dyn core::future::future::Future<Output = ()> + core::marker::Send>> as core::future::future::Future>::poll
calls=403 0 
0 2046306
cfn=(6602)
calls=1609 0 
0 5751272
0 71910
cfn=(5712)
calls=139 0 
0 25241
0 7405
cfn=(6830)
calls=402 0 
0 194493
0 2010
cob=(2)
cfi=(2)
cfn=(4916)
calls=402 0 
0 88491
0 13266
cfn=(6846)
calls=402 0 
0 58437
0 17704

fn=(6612)
0 99026
cob=(2)
cfi=(2)
cfn=(4206)
calls=808 0 
0 35432
0 114358

fn=(6632) <hyper_util::rt::tokio::TokioIo<tokio::net::tcp::stream::TcpStream> as hyper::rt::io::Write>::poll_flush
0 3621

fn=(6638) <hyper::client::conn::http2::Connection<tonic::transport::channel::service::io::BoxedIo, tonic::body::Body, tonic::transport::channel::service::executor::SharedExec> as core::future::future::Future>::poll
0 9269
cfn=(6640) <h2::client::SendRequest<hyper::proto::h2::SendBuf<bytes::bytes::Bytes>>>::poll_ready
calls=403 0 
0 33852
0 1206
cfn=(6640)
calls=201 0 
0 16884
0 19328
cfn=(6644) <tokio::sync::mpsc::list::Rx<hyper::client::dispatch::Envelope<http::request::Request<tonic::body::Body>, http::response::Response<hyper::body::incoming::Incoming>>>>::pop
calls=604 0 
0 30492
0 4632
cfn=(6646)
calls=403 0 
0 19540
0 1612
cfn=(6644)
calls=403 0 
0 12150
0 3624
cob=(2)
cfi=(2)
cfn=(4532)
calls=201 0 
0 5829
0 3216
cob=(2)
cfi=(2)
cfn=(4532)
calls=201 0 
0 5829
0 1407
cfn=(6678) core::ptr::drop_glue::<hyper::client::dispatch::Envelope<http::request::Request<tonic::body::Body>, http::response::Response<hyper::body::incoming::Incoming>>>
calls=201 0 
0 5829
0 1005
cob=(2)
cfi=(2)
cfn=(4532)
calls=201 0 
0 5829
0 1407
cob=(2)
cfi=(2)
cfn=(4532)
calls=201 0 
0 5829
0 3618
cob=(2)
cfi=(2)
cfn=(4532)
calls=201 0 
0 5829
0 1407
cfn=(6682) hyper::proto::h2::strip_connection_headers
calls=201 0 
0 120801
0 1206
cfn=(6686)
calls=201 0 
0 804
0 1809
cfn=(6688)
calls=201 0 
0 402
0 5628
cob=(2)
cfi=(2)
cfn=(4532)
calls=201 0 
0 5829
0 1608
cfn=(6690)
calls=201 0 
0 7638
0 804
cfn=(6692) <hashbrown::raw::RawTable<(core::any::TypeId, alloc::boxed::Box<dyn http::extensions::AnyClone + core::marker::Send + core::marker::Sync>)>>::clear
calls=201 0 
0 28140
0 7638
cfn=(6642)
calls=201 0 
0 4221
0 15879
cfn=(6740)
calls=201 0 
0 13065
0 9447
cfn=(6640)
calls=201 0 
0 16884
0 3819
cfn=(6742)
calls=201 0 
0 899335
0 2613
cfn=(6694)
calls=201 0 
0 19497
0 2814
cfn=(6696)
calls=201 0 
0 179580
0 6432
cob=(2)
cfi=(2)
cfn=(4532)
calls=201 0 
0 5829
0 6432
cob=(2)
cfi=(2)
cfn=(4532)
calls=201 0 
0 12864
0 1206
cfn=(6702) <h2::proto::streams::store::Store>::insert
calls=201 0 
0 65668
0 1809
cob=(2)
cfi=(2)
cfn=(4532)
calls=201 0 
0 10452
0 1608
cfn=(6714)
calls=201 0 
0 317643
0 2613
cfn=(6736) <h2::proto::streams::streams::OpaqueStreamRef>::new
calls=201 0 
0 6432
0 3216
cfn=(6738) core::ptr::drop_glue::<std::sync::poison::mutex::MutexGuard<h2::proto::streams::buffer::Buffer<h2::frame::Frame<hyper::proto::h2::SendBuf<bytes::bytes::Bytes>>>>>
calls=201 0 
0 2814
0 603
cfn=(6738)
calls=201 0 
0 2814
0 6044
cfn=(6648) <tokio::task::coop::RestoreOnPending as core::ops::drop::Drop>::drop
calls=403 0 
0 6448
0 2015
cfn=(6650)
calls=403 0 
0 2821
0 4030
cfn=(6304)
calls=403 0 
0 2821
0 4431
cfn=(6766)
calls=402 0 
0 3216
0 2821

fn=(6640)
0 25760
cfn=(6642)
calls=805 0 
0 16905
0 24955

fn=(6648)
0 6448

fn=(6674)
0 7437
cfn=(6676)
calls=201 0 
0 10452
0 1212
cfn=(6934)
calls=3 0 
0 315
0 1809

fn=(6678)
0 2211
cfn=(6680) core::ptr::drop_glue::<core::option::Option<(http::request::Request<tonic::body::Body>, hyper::client::dispatch::Callback<http::request::Request<tonic::body::Body>, http::response::Response<hyper::body::incoming::Incoming>>)>>
calls=201 0 
0 2613
0 1005

fn=(6692)
0 7638
cob=(2)
cfi=(2)
cfn=(4916)
calls=201 0 
0 13065
0 1809
cob=(2)
cfi=(2)
cfn=(4968)
calls=201 0 
0 2010
0 3618

fn=(6702)
0 3015
cfn=(6704)
calls=201 0 
0 17751
0 1005
cfn=(6708)
calls=201 0 
0 23919
0 12060
cfn=(6712) <indexmap::inner::Core<h2::frame::stream_id::StreamId, h2::proto::streams::store::SlabIndex>>::push_entry
calls=201 0 
0 5344
0 2418
cfn=(6710) <hashbrown::raw::RawTable<usize>>::reserve_rehash::<indexmap::inner::get_hash<h2::frame::stream_id::StreamId, h2::proto::streams::store::SlabIndex>::{closure#0}>
calls=1 0 
0 155
0 1

fn=(6732) <alloc::raw_vec::RawVec<slab::Entry<h2::proto::streams::buffer::Slot<h2::frame::Frame<hyper::proto::h2::SendBuf<bytes::bytes::Bytes>>>>>>::grow_one
0 30
cfn=(5414)
calls=2 0 
0 476
0 18

fn=(6814)
0 19296
cfn=(6548)
calls=603 0 
0 7839
0 2412
cob=(2)
cfi=(2)
cfn=(4916)
calls=603 0 
0 43979
0 6030
cfn=(6550) core::ptr::drop_glue::<alloc::vec::Vec<http::header::map::ExtraValue<http::header::value::HeaderValue>>>
calls=603 0 
0 10854
0 12864
cfn=(6548)
calls=402 0 
0 5226
0 1206
cob=(2)
cfi=(2)
cfn=(4916)
calls=201 0 
0 14673
0 4020
cfn=(6550)
calls=402 0 
0 7236

fn=(6824)
0 5628
cfn=(6724)
calls=201 0 
0 804
0 2613
cfn=(6724)
calls=201 0 
0 804
0 1206

fn=(6834)
0 3015
cfn=(6836)
calls=603 0 
0 155574
0 6030

fn=(6850) <h2::proto::streams::stream::Stream>::send_data
0 13266
cfn=(6852)
calls=603 0 
0 14673
0 13869

fn=(6860) <h2::frame::headers::HeaderBlock>::load
0 105888
cfn=(6862) <h2::hpack::decoder::Table>::get
calls=1994 0 
0 127164
0 47856
cfn=(6864)
calls=1994 0 
0 185442
0 9970
cfn=(6866)
calls=1994 0 
0 9970
0 5982
cfn=(6868)
calls=1994 0 
0 505646
0 2122
cfn=(6872) <h2::hpack::decoder::Decoder>::decode_literal
calls=16 0 
0 22606
0 368
cfn=(6878) <h2::hpack::header::Header as core::clone::Clone>::clone
calls=16 0 
0 3620
0 1784
cfn=(6872)
calls=201 0 
0 225973
0 4824
cfn=(6864)
calls=201 0 
0 18693
0 1005
cfn=(6866)
calls=201 0 
0 1005
0 603
cfn=(6868)
calls=201 0 
0 12060
0 232
cfn=(6700)
calls=14 0 
0 98
0 260
cfn=(6882) <alloc::collections::vec_deque::VecDeque<h2::hpack::header::Header>>::grow
calls=4 0 
0 2190
0 100
cfn=(6864)
calls=4 0 
0 372
0 276
cfn=(6864)
calls=12 0 
0 1116
0 80
cfn=(6866)
calls=16 0 
0 80
0 208
cfn=(6868)
calls=16 0 
0 5044
0 29748

fn=(6874) <h2::hpack::decoder::Decoder>::try_decode_string
0 151307
cfn=(6886) <bytes::bytes_mut::BytesMut as bytes::buf::buf_mut::BufMut>::put_slice
calls=203 0 
0 8323
0 1485
cfn=(6612)
calls=219 0 
0 9930
0 7227

fn=(6888) <http::header::name::HeaderName>::from_lowercase
0 123
cfn=(6666) <http::header::name::StandardHeader>::from_bytes
calls=2 0 
0 24
0 69
cob=(2)
cfi=(2)
cfn=(4206)
calls=1 0 
0 41
0 10
cob=(2)
cfi=(2)
cfn=(4532)
calls=1 0 
0 12
0 27

fn=(6910)
0 6231

fn=(6930)
0 47838

fn=(6964)
0 9246
cob=(2)
cfi=(2)
cfn=(4206)
calls=201 0 
0 8982
0 2405
cob=(2)
cfi=(2)
cfn=(4532)
calls=200 0 
0 5800
0 5
cob=(2)
cfi=(2)
cfn=(4532)
calls=1 0 
0 29
0 1005

fn=(6992)
0 1608
cfn=(6994)
calls=201 0 
0 13065
0 1809
cfn=(5048)
calls=201 0 
0 15657
0 2613

fn=(6996) <http::extensions::Extensions>::insert::<axum::routing::url_params::UrlParams>
0 2814
cob=(2)
cfi=(2)
cfn=(4206)
calls=201 0 
0 10822
0 14872

fn=(7002)
0 9447
cfn=(7116)
calls=201 0 
0 12462
0 1809
cob=(2)
cfi=(2)
cfn=(4916)
calls=201 0 
0 14809
0 1407
cfn=(7004) core::ptr::drop_glue::<tower::util::map_future::MapFuture<tonic::transport::server::service::io::ConnectInfo<tonic::transport::server::Svc<tonic::service::recover_error::RecoverError<tower::util::either::Either<tower::load_shed::LoadShed<tower::util::either::Either<tower::limit::concurrency::service::ConcurrencyLimit<tonic::transport::service::grpc_timeout::GrpcTimeout<tonic::service::router::Routes>>, tonic::transport::service::grpc_timeout::GrpcTimeout<tonic::service::router::Routes>>>, tower::util::either::Either<tower::limit::concurrency::service::ConcurrencyLimit<tonic::transport::service::grpc_timeout::GrpcTimeout<tonic::service::router::Routes>>, tonic::transport::service::grpc_timeout::GrpcTimeout<tonic::service::router::Routes>>>>>, tonic::transport::server::service::io::ServerIoConnectInfo<tokio::net::tcp::stream::TcpStream>>, <tower::util::boxed_clone::BoxCloneService<http::request::Request<tonic::body::Body>, http::response::Response<tonic::body::Body>, alloc::boxed::Box<dyn core::error::Error + core::marker::Send + core::marker::Sync>>>::new<tonic::transport::server::service::io::ConnectInfo<tonic::transport::server::Svc<tonic::service::recover_error::RecoverError<tower::util::either::Either<tower::load_shed::LoadShed<tower::util::either::Either<tower::limit::concurrency::service::ConcurrencyLimit<tonic::transport::service::grpc_timeout::GrpcTimeout<tonic::service::router::Routes>>, tonic::transport::service::grpc_timeout::GrpcTimeout<tonic::service::router::Routes>>>, tower::util::either::Either<tower::limit::concurrency::service::ConcurrencyLimit<tonic::transport::service::grpc_timeout::GrpcTimeout<tonic::service::router::Routes>>, tonic::transport::service::grpc_timeout::GrpcTimeout<tonic::service::router::Routes>>>>>, tonic::transport::server::service::io::ServerIoConnectInfo<tokio::net::tcp::stream::TcpStream>>>::{closure#0}>>
calls=201 0 
0 4221
0 804
cob=(2)
cfi=(2)
cfn=(4916)
calls=201 0 
0 13985
0 2814

fn=(7004)
0 2426
cfn=(7574)
calls=1 0 
0 2383
0 1819

fn=(7040)
0 21675
cfn=(7042) <http_body_util::combinators::map_err::MapErr<http_body_util::combinators::map_err::MapErr<http_body_util::combinators::map_frame::MapFrame<tonic::body::Body, <tonic::codec::decode::Streaming<pbrs_grpc::codec::prost::Message<pbrs_adoption_corpus::prost_types::EntityList>>>::new<tonic::body::Body, devloop::adoption_rpc::TonicCodec<pbrs_grpc::codec::prost::Message<pbrs_adoption_corpus::prost_types::EntityList>>>::{closure#0}>, <tonic::codec::decode::Streaming<pbrs_grpc::codec::prost::Message<pbrs_adoption_corpus::prost_types::EntityList>>>::new<tonic::body::Body, devloop::adoption_rpc::TonicCodec<pbrs_grpc::codec::prost::Message<pbrs_adoption_corpus::prost_types::EntityList>>>::{closure#1}>, <tonic::status::Status>::map_error<tonic::status::Status>> as http_body::Body>::poll_frame
calls=1445 0 
0 700109
0 19084
cob=(2)
cfi=(2)
cfn=(4532)
calls=402 0 
0 49830
0 4824
cfn=(6866)
calls=402 0 
0 2010
0 804
cfn=(6866)
calls=201 0 
0 1005
0 19839

fn=(7058)
0 18693

fn=(7108)
0 9045
cfn=(6544)
calls=201 0 
0 6834
0 402
cfn=(6546)
calls=201 0 
0 9849
0 3015
cfn=(6552)
calls=201 0 
0 3417
0 1206
cob=(2)
cfi=(2)
cfn=(4532)
calls=201 0 
0 5829
0 3819
cfn=(6554)
calls=201 0 
0 60899
0 1407
cob=(2)
cfi=(2)
cfn=(4206)
calls=201 0 
0 56136
0 8405
cob=(2)
cfi=(2)
cfn=(4206)
calls=200 0 
0 8200
0 35
cob=(2)
cfi=(2)
cfn=(4206)
calls=1 0 
0 41
0 2406
cob=(2)
cfi=(2)
cfn=(4532)
calls=200 0 
0 5800
0 4
cob=(2)
cfi=(2)
cfn=(4532)
calls=1 0 
0 29
0 5025

fn=(7134)
0 3190
cfn=(5048)
calls=29 0 
0 3219
0 203
cfn=(7136) <hyper::common::date::CachedDate as core::fmt::Write>::write_str
calls=29 0 
0 841
0 87

fn=(7146) <h2::server::SendResponse<hyper::proto::h2::SendBuf<bytes::bytes::Bytes>>>::send_response
0 19095
cfn=(7148) <h2::server::Peer>::convert_send_message
calls=201 0 
0 42813
0 1608
cfn=(6714)
calls=201 0 
0 304779
0 1809
cfn=(6786)
calls=201 0 
0 10653
0 5829
cfn=(6740)
calls=201 0 
0 13065
0 4221

fn=(7148)
0 2814
cfn=(6552)
calls=201 0 
0 3417
0 5427
cfn=(6700)
calls=402 0 
0 2814
0 12261
cob=(2)
cfi=(2)
cfn=(4532)
calls=201 0 
0 5829
0 1608
cob=(2)
cfi=(2)
cfn=(4532)
calls=201 0 
0 5829
0 2814

fn=(7154)
0 8241
cfn=(6754) prost::encoding::bytes::encode::<alloc::vec::Vec<u8>, tonic::codec::buffer::EncodeBuf>
calls=201 0 
0 47426
0 804
cob=(2)
cfi=(2)
cfn=(4916)
calls=201 0 
0 14307
0 3216
cfn=(6758)
calls=201 0 
0 4623

fn=(7236) core::ptr::drop_glue::<<tonic::transport::channel::service::add_origin::AddOrigin<tonic::transport::channel::service::user_agent::UserAgent<tonic::transport::service::grpc_timeout::GrpcTimeout<tower::util::either::Either<tower::limit::concurrency::service::ConcurrencyLimit<tower::util::either::Either<tower::limit::rate::service::RateLimit<tonic::transport::channel::service::reconnect::Reconnect<tonic::transport::channel::service::connection::MakeSendRequestService<tonic::transport::channel::service::connector::Connector<tonic::transport::channel::uds_connector::UdsConnector>>, http::uri::Uri>>, tonic::transport::channel::service::reconnect::Reconnect<tonic::transport::channel::service::connection::MakeSendRequestService<tonic::transport::channel::service::connector::Connector<tonic::transport::channel::uds_connector::UdsConnector>>, http::uri::Uri>>>, tower::util::either::Either<tower::limit::rate::service::RateLimit<tonic::transport::channel::service::reconnect::Reconnect<tonic::transport::channel::service::connection::MakeSendRequestService<tonic::transport::channel::service::connector::Connector<tonic::transport::channel::uds_connector::UdsConnector>>, http::uri::Uri>>, tonic::transport::channel::service::reconnect::Reconnect<tonic::transport::channel::service::connection::MakeSendRequestService<tonic::transport::channel::service::connector::Connector<tonic::transport::channel::uds_connector::UdsConnector>>, http::uri::Uri>>>>>> as tower_service::Service<http::request::Request<tonic::body::Body>>>::call::{closure#1}>
0 1206

fn=(7276) <http::header::map::HeaderMap>::remove_found
0 13869

fn=(7514)
0 84
cob=(2)
cfi=(2)
cfn=(7280) write
calls=3 0 
0 177
0 66

fn=(7520)
0 48
cfn=(6342)
calls=1 0 
0 139
0 22

fn=(7524)
0 5

fn=(7544) core::ptr::drop_glue::<<tonic::transport::server::Server>::serve_internal<tonic::service::router::Routes, tokio_stream::wrappers::tcp_listener::TcpListenerStream, core::future::ready::Ready<()>, tokio::net::tcp::stream::TcpStream, core::io::error::Error, tonic::body::Body>::{closure#0}>
0 15
cfn=(7546)
calls=1 0 
0 224
0 5
cfn=(7552) <alloc::sync::Arc<tokio::sync::watch::Sender<()>>>::drop_slow
calls=1 0 
0 518
0 25
cfn=(7556)
calls=1 0 
0 33
0 4
cfn=(7558) <alloc::sync::Arc<tokio::sync::watch::Shared<()>>>::drop_slow
calls=1 0 
0 78
0 27

fn=(7548)
0 15
cfn=(7550) <tokio::runtime::io::registration::Registration as core::ops::drop::Drop>::drop
calls=3 0 
0 159
0 39

fn=(7550)
0 72
cfn=(6766)
calls=3 0 
0 24
0 63

fn=(7552)
0 10
cfn=(7554) <tokio::sync::watch::big_notify::BigNotify>::notify_waiters
calls=1 0 
0 424
0 11
cob=(2)
cfi=(2)
cfn=(4916)
calls=1 0 
0 73

fn=(7580)
0 20
cob=(2)
cfi=(2)
cfn=(4916)
calls=2 0 
0 146
0 28
cfn=(7581) core::ptr::drop_glue::<matchit::tree::Node<axum::routing::RouteId>>'2
calls=2 0 
0 210
0 16
cob=(2)
cfi=(2)
cfn=(4916)
calls=2 0 
0 146
0 24

fn=(7581)
0 20
cob=(2)
cfi=(2)
cfn=(4916)
calls=2 0 
0 146
0 44

fn=(7588)
0 56
cfn=(7590) <<alloc::boxed::Box<dyn core::error::Error + core::marker::Send + core::marker::Sync> as core::convert::From<alloc::string::String>>::from::StringError as core::fmt::Display>::fmt
calls=2 0 
0 370
0 22
cfn=(7592) alloc::io::error::custom_owner_from_box::drop_box_raw::<core::io::error::Custom>
calls=2 0 
0 516
0 14

fn=(7626) <alloc::sync::Arc<h2::proto::streams::streams::SendBuffer<hyper::proto::h2::SendBuf<bytes::bytes::Bytes>>>>::drop_slow
0 77
cob=(2)
cfi=(2)
cfn=(4916)
calls=2 0 
0 407
0 26
cob=(2)
cfi=(2)
cfn=(4916)
calls=2 0 
0 138

fn=(7628)
0 54
cob=(2)
cfi=(2)
cfn=(4916)
calls=2 0 
0 242

fn=(7634)
0 57
cfn=(7636)
calls=3 0 
0 12923
0 15
cfn=(6846)
calls=3 0 
0 482

fn=(7668) core::ptr::drop_glue::<tokio::sync::mpsc::bounded::Receiver<tower::buffer::message::Message<http::request::Request<tonic::body::Body>, core::pin::Pin<alloc::boxed::Box<dyn core::future::future::Future<Output = core::result::Result<http::response::Response<tonic::body::Body>, alloc::boxed::Box<dyn core::error::Error + core::marker::Send + core::marker::Sync>>> + core::marker::Send>>>>>
0 15
cfn=(7670)
calls=1 0 
0 35
0 20
cfn=(7556)
calls=1 0 
0 33
0 27
cfn=(6654)
calls=1 0 
0 29
0 9
cfn=(6654)
calls=1 0 
0 29
0 7
cfn=(7672)
calls=1 0 
0 489
0 8

fn=(7678)
0 5
cfn=(7680) core::ptr::drop_glue::<tonic::transport::channel::service::connection::MakeSendRequestService<tonic::transport::channel::service::connector::Connector<hyper_util::client::legacy::connect::http::HttpConnector>>>
calls=1 0 
0 392
0 2
cfn=(5816) core::ptr::drop_glue::<tonic::transport::channel::service::reconnect::State<core::pin::Pin<alloc::boxed::Box<dyn core::future::future::Future<Output = core::result::Result<tonic::transport::channel::service::connection::SendRequest, alloc::boxed::Box<dyn core::error::Error + core::marker::Send + core::marker::Sync>>> + core::marker::Send>>, tonic::transport::channel::service::connection::SendRequest>>
calls=1 0 
0 1199
0 2
cfn=(5808)
calls=1 0 
0 29
0 7

fn=(7688) core::ptr::drop_glue::<tokio::sync::mpsc::unbounded::UnboundedSender<hyper::client::dispatch::Envelope<http::request::Request<tonic::body::Body>, http::response::Response<hyper::body::incoming::Incoming>>>>
0 48
cfn=(7690) <alloc::sync::Arc<tokio::sync::mpsc::chan::Chan<hyper::client::dispatch::Envelope<http::request::Request<tonic::body::Body>, http::response::Response<hyper::body::incoming::Incoming>>, tokio::sync::mpsc::unbounded::Semaphore>>>::drop_slow
calls=1 0 
0 998

fn=(7690)
0 28
cob=(2)
cfi=(2)
cfn=(4916)
calls=1 0 
0 197
0 2
cob=(2)
cfi=(2)
cfn=(4916)
calls=1 0 
0 685
0 21
cob=(2)
cfi=(2)
cfn=(4916)
calls=1 0 
0 65

fn=(7894)
0 9
cob=(2)
cfi=(2)
cfn=(5122)
calls=1 0 
0 61
0 2
cfn=(7896) core::ptr::drop_glue::<alloc::vec::Vec<alloc::sync::Arc<tokio::runtime::io::scheduled_io::ScheduledIo>>>
calls=1 0 
0 88
0 2
cob=(2)
cfi=(2)
cfn=(5122)
calls=1 0 
0 61
0 8
cob=(2)
cfi=(2)
cfn=(4916)
calls=1 0 
0 202

fn=(7898)
0 10
cfn=(6938)
calls=1 0 
0 7
0 11
cob=(2)
cfi=(2)
cfn=(4916)
calls=1 0 
0 65

fn=(7960) <alloc::sync::Arc<std::thread::lifecycle::Packet<()>>>::drop_slow
0 24
cfn=(7962)
calls=4 0 
0 104
0 36
cob=(2)
cfi=(2)
cfn=(4916)
calls=4 0 
0 416

fn=(7968) core::ptr::drop_glue::<alloc::collections::vec_deque::VecDeque<tokio::runtime::blocking::pool::Task>>
0 16
cfn=(7970) core::ptr::drop_glue::<alloc::collections::vec_deque::Dropper<tokio::runtime::blocking::pool::Task>>
calls=1 0 
0 9
0 11
cob=(2)
cfi=(2)
cfn=(4916)
calls=1 0 
0 65

fn=(6792)
0 125223
cfn=(6812)
calls=603 0 
0 13869
0 603

fn=(5010)
0 79
cob=(2)
cfi=(2)
cfn=(4194)
calls=4 0 
0 8
0 12
cob=(2)
cfi=(2)
cfn=(4196)
calls=4 0 
0 4156
0 24
cob=(2)
cfi=(2)
cfn=(6148) pthread_attr_getguardsize
calls=4 0 
0 16
0 44
cob=(2)
cfi=(2)
cfn=(5006)
calls=4 0 
0 32
0 28
cob=(2)
cfi=(2)
cfn=(5008)
calls=4 0 
0 640
0 28
cfn=(5020)
calls=4 0 
0 872
0 35
cob=(2)
cfi=(2)
cfn=(5012)
calls=5 0 
0 25
0 20
cob=(2)
cfi=(2)
cfn=(5014)
calls=5 0 
0 725
0 55
cob=(2)
cfi=(2)
cfn=(5016) mmap
calls=5 0 
0 110
0 35
cob=(2)
cfi=(2)
cfn=(5018) mprotect
calls=5 0 
0 25
0 45
cob=(2)
cfi=(2)
cfn=(5012)
calls=5 0 
0 25
0 45

fn=(5054)
0 9
cob=(2)
cfi=(2)
cfn=(4206)
calls=1 0 
0 190
0 12
cfn=(5056)
calls=1 0 
0 270
0 29

fn=(5056)
0 59
cfn=(5076)
calls=1 0 
0 27
0 135
cfn=(5076)
calls=5 0 
0 135
0 485
cfn=(5058)
calls=5 0 
0 759
0 15

fn=(5082)
0 28
cob=(2)
cfi=(2)
cfn=(4532)
calls=2 0 
0 22
0 142
cfn=(5084) std::sys::env::unix::getenv::{closure#0}
calls=2 0 
0 1335
0 30

fn=(5084)
0 34
cob=(2)
cfi=(2)
cfn=(5086) getenv
calls=2 0 
0 1265
0 36

fn=(5106) <std::sys::fs::unix::File>::open_c
0 78
cob=(2)
cfi=(2)
cfn=(5108) open
calls=2 0 
0 92
0 48

fn=(5134) <std::path::Path>::_starts_with
0 197
cfn=(5136) <std::path::Components as core::iter::traits::iterator::Iterator>::next
calls=9 0 
0 556
0 27
cfn=(5136)
calls=9 0 
0 611
0 206
cfn=(5138)
calls=7 0 
0 298
0 149

fn=(5462)
0 6
cfn=(5464)
calls=1 0 
0 261
0 10

fn=(5466)
0 16
cob=(2)
cfi=(2)
cfn=(4206)
calls=4 0 
0 723
0 60

fn=(5620)
0 108
cob=(2)
cfi=(2)
cfn=(4206)
calls=2 0 
0 242
0 40
cob=(2)
cfi=(2)
cfn=(4968)
calls=2 0 
0 20
0 53
cfn=(5618)
calls=3 0 
0 438
0 149
cob=(2)
cfi=(2)
cfn=(4916)
calls=1 0 
0 65
0 1

fn=(5662)
0 17
cfn=(5664)
calls=1 0 
0 33
0 13

fn=(5694)
0 36
cfn=(5458)
calls=3 0 
0 87
0 75
cfn=(5696) <tokio::runtime::io::registration_set::RegistrationSet>::allocate
calls=3 0 
0 1738
0 75
cob=(2)
cfi=(2)
cfn=(5164)
calls=3 0 
0 18
0 45

fn=(5712)
0 82988
cfn=(5714) <tokio::runtime::scheduler::multi_thread::handle::Handle>::push_remote_task
calls=1 0 
0 44
0 4
cfn=(5716)
calls=1 0 
0 17
0 1627
cfn=(5714)
calls=406 0 
0 18472
0 1624
cfn=(5716)
calls=406 0 
0 15187
0 3238
cfn=(6496) <tokio::runtime::scheduler::multi_thread::park::Unparker>::unpark
calls=202 0 
0 21964
0 85692
cfn=(5716)
calls=542 0 
0 14790
0 2308
cfn=(6496)
calls=136 0 
0 8614
0 5788

fn=(5728)
0 2
cfn=(5730) <core::net::ip_addr::Ipv4Addr as core::fmt::Display>::fmt
calls=1 0 
0 1261

fn=(5830)
0 224

fn=(5836)
0 72
cfn=(5838) <alloc::raw_vec::RawVec<core::net::socket_addr::SocketAddr>>::grow_one
calls=1 0 
0 108
0 6
cob=(2)
cfi=(2)
cfn=(4916)
calls=1 0 
0 65
0 36

fn=(5838)
0 3
cfn=(5840)
calls=1 0 
0 101
0 4

fn=(6170)
0 25045
cfn=(5716)
calls=358 0 
0 20764
0 3938
cfn=(6496)
calls=358 0 
0 19690
0 44675
cfn=(6600)
calls=1343 0 
0 6133196
cfn=(6384) tokio::runtime::task::raw::poll::<tonic::transport::server::serve_connection<tonic::body::Body, hyper_util::rt::tokio::TokioIo<tonic::transport::server::service::io::ServerIo<tokio::net::tcp::stream::TcpStream>>, hyper_util::service::glue::TowerToHyperService<tower::util::map_request::MapRequest<tower::util::boxed_clone::BoxCloneService<http::request::Request<tonic::body::Body>, http::response::Response<tonic::body::Body>, alloc::boxed::Box<dyn core::error::Error + core::marker::Send + core::marker::Sync>>, <tonic::transport::server::Server>::serve_internal<tonic::service::router::Routes, tokio_stream::wrappers::tcp_listener::TcpListenerStream, core::future::ready::Ready<()>, tokio::net::tcp::stream::TcpStream, core::io::error::Error, tonic::body::Body>::{closure#0}::{closure#1}>>, hyper_util::rt::tokio::TokioExecutor>::{closure#0}, alloc::sync::Arc<tokio::runtime::scheduler::multi_thread::handle::Handle>>
calls=442 0 
0 3773609
cfn=(6172)
calls=2 0 
0 27313
0 71890
cfn=(6966)
calls=440 0 
0 5092810
cfn=(6600)
calls=870 0 
0 2902287
cfn=(6384)
calls=202 0 
0 2072601
0 47424

fn=(6214) <hashbrown::raw::RawTable<(alloc::sync::Arc<str>, axum::routing::RouteId)>>::reserve_rehash::<hashbrown::map::make_hasher<alloc::sync::Arc<str>, axum::routing::RouteId, std::hash::random::RandomState>::{closure#0}>
0 120
cob=(2)
cfi=(2)
cfn=(4206)
calls=2 0 
0 426
0 40
cob=(2)
cfi=(2)
cfn=(4968)
calls=2 0 
0 20
0 46

fn=(6234)
0 5
cfn=(6236)
calls=1 0 
0 62

fn=(6278)
0 15
cfn=(6280)
calls=3 0 
0 9
0 12
cob=(2)
cfi=(2)
cfn=(4916)
calls=3 0 
0 219
0 18

fn=(6306)
0 148680

fn=(6460)
0 1
cfn=(6462) <tokio::net::tcp::stream::TcpStream>::poll_write_priv
calls=1 0 
0 174

fn=(6476)
0 44

fn=(6550)
0 47034

fn=(6554)
0 5226
cfn=(6556)
calls=402 0 
0 38186
0 2814
cfn=(6558)
calls=402 0 
0 9648
0 46431
cfn=(6556)
calls=603 0 
0 43932
0 4221
cfn=(6558)
calls=603 0 
0 25728
0 57888

fn=(6562)
0 4497
cob=(2)
cfi=(2)
cfn=(4206)
calls=1 0 
0 248
0 130

fn=(6584)
0 9273
cfn=(6586)
calls=843 0 
0 5060043
0 26976
cfn=(6856)
calls=843 0 
0 11088
0 7716
cfn=(6736)
calls=201 0 
0 6432
0 26223
cfn=(6954)
calls=201 0 
0 35283
0 2814
cob=(2)
cfi=(2)
cfn=(4532)
calls=201 0 
0 5829
0 603
cfn=(6740)
calls=201 0 
0 13065
0 1608
cob=(2)
cfi=(2)
cfn=(4532)
calls=201 0 
0 5829
0 1809
cob=(2)
cfi=(2)
cfn=(4532)
calls=201 0 
0 5829
0 804
cob=(2)
cfi=(2)
cfn=(4532)
calls=201 0 
0 10452
0 1485

fn=(6596)
0 125255
cfn=(6598)
calls=3055 0 
0 54510
0 56762
cfn=(6784)
calls=1206 0 
0 217080
0 53586
cob=(2)
cfi=(2)
cfn=(4532)
calls=603 0 
0 38592
0 6030
cob=(2)
cfi=(2)
cfn=(4532)
calls=603 0 
0 31356
0 16884
cfn=(6850)
calls=603 0 
0 41808
0 12663
cfn=(6852)
calls=603 0 
0 14673
0 43818
cfn=(6820)
calls=603 0 
0 29547
0 4824
cfn=(6786)
calls=1206 0 
0 146529
0 4824
cob=(2)
cfi=(2)
cfn=(4532)
calls=1206 0 
0 77184
0 37223

fn=(6618)
0 97

fn=(6636) <tonic::transport::channel::service::connection::MakeSendRequestService<tonic::transport::channel::service::connector::Connector<tonic::transport::channel::uds_connector::UdsConnector>> as tower_service::Service<http::uri::Uri>>::call::{closure#0}::{closure#0}
0 5244
cob=(2)
cfi=(2)
cfn=(4532)
calls=1 0 
0 29
0 4
cfn=(6638)
calls=1 0 
0 336
0 1206
cfn=(6638)
calls=402 0 
0 2031830
0 6045

fn=(6646)
0 10872
cfn=(6304)
calls=604 0 
0 4228
0 6442
cfn=(6766)
calls=201 0 
0 1608
0 5033

fn=(6670) <tonic::transport::channel::service::reconnect::Reconnect<tonic::transport::channel::service::connection::MakeSendRequestService<tonic::transport::channel::service::connector::Connector<hyper_util::client::legacy::connect::http::HttpConnector>>, http::uri::Uri> as tower_service::Service<http::request::Request<tonic::body::Body>>>::call
0 5427
cob=(2)
cfi=(2)
cfn=(4532)
calls=201 0 
0 5829
0 603
cfn=(6672)
calls=201 0 
0 153293
0 2412

fn=(6680)
0 2613

fn=(6682)
0 19698
cfn=(6558)
calls=1608 0 
0 84420
0 63315
cfn=(6684) <http::header::map::HeaderMap>::remove::<http::header::name::HeaderName>
calls=201 0 
0 17487
0 1809
cfn=(6558)
calls=201 0 
0 4824
0 10251
cfn=(6684)
calls=402 0 
0 34974
0 4020

fn=(6754)
0 4824
cfn=(6756)
calls=402 0 
0 11256
0 1206
cfn=(6756)
calls=402 0 
0 15678
0 6030
cob=(2)
cfi=(2)
cfn=(4532)
calls=402 0 
0 49820
0 6030

fn=(6862)
0 33223
cfn=(6878)
calls=1391 0 
0 87051
0 12291

fn=(6878)
0 29949
cfn=(5804)
calls=200 0 
0 2000
cfn=(5784)
calls=1 0 
0 97
0 4221
cfn=(6880)
calls=201 0 
0 2010
0 12462
cfn=(5804)
calls=991 0 
0 9910
cfn=(5784)
calls=14 0 
0 2442
0 1809
cfn=(5804)
calls=200 0 
0 2000
cfn=(5784)
calls=1 0 
0 254
0 23517

fn=(6898) <h2::proto::streams::store::VacantEntry>::insert
0 3015
cfn=(6704)
calls=201 0 
0 17751
0 8243
cfn=(6712)
calls=201 0 
0 5516
0 2620
cfn=(6710)
calls=1 0 
0 327
0 6
cfn=(6900)
calls=1 0 
0 11
0 5

fn=(6912)
0 2211
cfn=(6914) <http::uri::path::PathAndQuery>::from_shared
calls=201 0 
0 53868
0 402

fn=(6928)
0 10854
cfn=(6852)
calls=603 0 
0 14673
0 6633

fn=(6946)
0 7920
cfn=(6948)
calls=396 0 
0 213142
0 12360

fn=(6998)
0 2412
cob=(2)
cfi=(2)
cfn=(4206)
calls=201 0 
0 11245
0 3415

fn=(7014) <http::request::Request<axum_core::body::Body>>::map::<<tonic::body::Body>::new<axum_core::body::Body>, tonic::body::Body>
0 2412
cfn=(7016)
calls=201 0 
0 15109
0 1206
cob=(2)
cfi=(2)
cfn=(4206)
calls=201 0 
0 12422
0 2806
cob=(2)
cfi=(2)
cfn=(4532)
calls=200 0 
0 5800
0 6
cob=(2)
cfi=(2)
cfn=(4532)
calls=1 0 
0 29
0 2010

fn=(7052) <h2::share::RecvStream>::poll_data
0 63580
cfn=(6776)
calls=1445 0 
0 100033
0 7942
cfn=(6778)
calls=641 0 
0 8572
0 10001
cob=(2)
cfi=(2)
cfn=(4532)
calls=201 0 
0 5829
0 1206
cfn=(6916)
calls=201 0 
0 10452
0 4612
cfn=(6414)
calls=201 0 
0 1005
cfn=(6304)
calls=239 0 
0 1673
0 69458

fn=(7054) <h2::share::FlowControl>::release_capacity
0 21105
cfn=(7056)
calls=603 0 
0 75375
0 13266

fn=(7066)
0 9246

fn=(7084)
0 6040
cfn=(7650)
calls=1 0 
0 2157
cfn=(7236)
calls=201 0 
0 1206
cfn=(7112)
calls=201 0 
0 2613
cfn=(7083) core::ptr::drop_glue::<http_body_util::combinators::map_err::MapErr<http_body_util::combinators::map_err::MapErr<http_body_util::combinators::map_frame::MapFrame<tonic::body::Body, <tonic::codec::decode::Streaming<pbrs_grpc::codec::prost::Message<pbrs_adoption_corpus::prost_types::EntityList>>>::new<tonic::body::Body, devloop::adoption_rpc::TonicCodec<pbrs_grpc::codec::prost::Message<pbrs_adoption_corpus::prost_types::EntityList>>>::{closure#0}>, <tonic::codec::decode::Streaming<pbrs_grpc::codec::prost::Message<pbrs_adoption_corpus::prost_types::EntityList>>>::new<tonic::body::Body, devloop::adoption_rpc::TonicCodec<pbrs_grpc::codec::prost::Message<pbrs_adoption_corpus::prost_types::EntityList>>>::{closure#1}>, <tonic::status::Status>::map_error<tonic::status::Status>>>'2
calls=201 0 
0 92074
0 4228
cob=(2)
cfi=(2)
cfn=(4916)
calls=604 0 
0 96610

fn=(7090)
0 1005
cfn=(7092)
calls=201 0 
0 21909
0 402
cfn=(6836)
calls=201 0 
0 45828
0 2412
cfn=(7092)
calls=201 0 
0 21909
0 402
cfn=(6836)
calls=201 0 
0 224352
0 1407

fn=(7100)
0 4623
cfn=(7102)
calls=201 0 
0 17784
0 1005
cfn=(7102)
calls=201 0 
0 18222
0 2010
cob=(2)
cfi=(2)
cfn=(4916)
calls=201 0 
0 14673

fn=(7106)
0 3417

fn=(7164)
0 10452
cob=(2)
cfi=(2)
cfn=(4916)
calls=201 0 
0 13545
0 12060
cfn=(6814)
calls=402 0 
0 45225
0 8844
cfn=(6556)
calls=201 0 
0 5427
0 1608
cfn=(6558)
calls=201 0 
0 16080
0 22914

fn=(7178) core::ptr::drop_glue::<http_body_util::combinators::map_err::MapErr<tonic::codec::encode::EncodeBody<tonic_prost::codec::ProstEncoder<devloop::echo::EchoReply>, tokio_stream::once::Once<core::result::Result<devloop::echo::EchoReply, tonic::status::Status>>>, <tonic::status::Status>::map_error<tonic::status::Status>>>
0 201
cfn=(7180) core::ptr::drop_glue::<tonic::codec::encode::EncodeBody<tonic_prost::codec::ProstEncoder<devloop::echo::EchoReply>, tokio_stream::once::Once<core::result::Result<devloop::echo::EchoReply, tonic::status::Status>>>>
calls=201 0 
0 5427

fn=(7180)
0 5427

fn=(7204) tokio::runtime::task::raw::dealloc::<hyper::proto::h2::server::H2Stream<hyper_util::service::glue::TowerToHyperServiceFuture<tower::util::map_request::MapRequest<tower::util::boxed_clone::BoxCloneService<http::request::Request<tonic::body::Body>, http::response::Response<tonic::body::Body>, alloc::boxed::Box<dyn core::error::Error + core::marker::Send + core::marker::Sync>>, <tonic::transport::server::Server>::serve_internal<tonic::service::router::Routes, tonic::transport::server::incoming::TcpIncoming, core::future::ready::Ready<()>, tokio::net::tcp::stream::TcpStream, core::io::error::Error, tonic::body::Body>::{closure#0}::{closure#1}>, http::request::Request<hyper::body::incoming::Incoming>>, tonic::body::Body, hyper_util::rt::tokio::TokioExecutor>, alloc::sync::Arc<tokio::runtime::scheduler::multi_thread::handle::Handle>>
0 1005
cfn=(7206) core::ptr::drop_glue::<tokio::runtime::task::core::Cell<hyper::proto::h2::server::H2Stream<hyper_util::service::glue::TowerToHyperServiceFuture<tower::util::map_request::MapRequest<tower::util::boxed_clone::BoxCloneService<http::request::Request<tonic::body::Body>, http::response::Response<tonic::body::Body>, alloc::boxed::Box<dyn core::error::Error + core::marker::Send + core::marker::Sync>>, <tonic::transport::server::Server>::serve_internal<tonic::service::router::Routes, tonic::transport::server::incoming::TcpIncoming, core::future::ready::Ready<()>, tokio::net::tcp::stream::TcpStream, core::io::error::Error, tonic::body::Body>::{closure#0}::{closure#1}>, http::request::Request<hyper::body::incoming::Incoming>>, tonic::body::Body, hyper_util::rt::tokio::TokioExecutor>, alloc::sync::Arc<tokio::runtime::scheduler::multi_thread::handle::Handle>>>
calls=201 0 
0 5226
0 1005
cob=(2)
cfi=(2)
cfn=(4916)
calls=201 0 
0 14673

fn=(7206)
0 5226

fn=(7270)
0 5427
cfn=(7064)
calls=201 0 
0 9045
0 3417
cfn=(7064)
calls=201 0 
0 19497
0 2010
cfn=(6612)
calls=201 0 
0 22923
0 603
cfn=(7068)
calls=201 0 
0 4824
0 603
cfn=(7070)
calls=201 0 
0 105600
0 4020

fn=(7286)
0 3015

fn=(7390)
0 387
cfn=(6332)
calls=43 0 
0 21192

fn=(7498)
0 19
cob=(2)
cfi=(2)
cfn=(4206)
calls=1 0 
0 41
0 10
cob=(2)
cfi=(2)
cfn=(4532)
calls=1 0 
0 12
0 83
cob=(2)
cfi=(2)
cfn=(4206)
calls=1 0 
0 41
0 17
cfn=(7500)
calls=1 0 
0 96
0 13
cfn=(7500)
calls=1 0 
0 171
0 5
cfn=(7502)
calls=1 0 
0 207
0 8
cfn=(7502)
calls=1 0 
0 221
0 8
cfn=(7502)
calls=1 0 
0 263
0 8
cfn=(7502)
calls=1 0 
0 254
0 23
cfn=(7500)
calls=1 0 
0 143
0 23
cfn=(7502)
calls=1 0 
0 219
0 8
cfn=(7502)
calls=1 0 
0 682
0 8
cfn=(7502)
calls=1 0 
0 227
0 8
cfn=(7502)
calls=1 0 
0 227
0 8
cfn=(7502)
calls=1 0 
0 234
0 8
cfn=(7502)
calls=1 0 
0 234
0 8
cfn=(7502)
calls=1 0 
0 241
0 8
cfn=(7502)
calls=1 0 
0 274
0 8
cfn=(7502)
calls=1 0 
0 673
0 8
cfn=(7502)
calls=1 0 
0 241
0 8
cfn=(7502)
calls=1 0 
0 262
0 8
cfn=(7502)
calls=1 0 
0 262
0 8
cfn=(7502)
calls=1 0 
0 262
0 8
cfn=(7502)
calls=1 0 
0 241
0 5
cfn=(7506) <serde_json::ser::Compound<&mut alloc::vec::Vec<u8>, serde_json::ser::CompactFormatter> as serde_core::ser::SerializeStruct>::end
calls=1 0 
0 16
0 21
cob=(2)
cfi=(2)
cfn=(4916)
calls=1 0 
0 73
0 10

fn=(7526)
0 20
cfn=(5658)
calls=1 0 
0 45
0 87
cfn=(5658)
calls=4 0 
0 180
0 28

fn=(7530)
0 18
cfn=(7532) <tokio::runtime::scheduler::multi_thread::handle::Handle>::shutdown
calls=1 0 
0 303

fn=(7542) core::ptr::drop_glue::<<tonic::transport::server::Server>::serve_with_incoming<tonic::service::router::Routes, tokio_stream::wrappers::tcp_listener::TcpListenerStream, tokio::net::tcp::stream::TcpStream, core::io::error::Error, tonic::body::Body>::{closure#0}>
0 15
cfn=(7544)
calls=1 0 
0 929

fn=(7560)
0 22
cfn=(7536)
calls=1 0 
0 253
0 5
cfn=(6848)
calls=1 0 
0 56
0 13
cfn=(7562) core::ptr::drop_glue::<tokio::runtime::task::core::Cell<devloop::rpc_tonic_unary::{closure#0}::{closure#0}, alloc::sync::Arc<tokio::runtime::scheduler::multi_thread::handle::Handle>>>
calls=1 0 
0 26
0 2
cob=(2)
cfi=(2)
cfn=(4916)
calls=1 0 
0 170
0 6

fn=(7564)
0 23
cfn=(7566)
calls=1 0 
0 10162
0 9
cfn=(7566)
calls=1 0 
0 285
0 2
cfn=(7630) <tokio::runtime::task::harness::Harness<tonic::transport::server::serve_connection<tonic::body::Body, hyper_util::rt::tokio::TokioIo<tonic::transport::server::service::io::ServerIo<tokio::net::tcp::stream::TcpStream>>, hyper_util::service::glue::TowerToHyperService<tower::util::map_request::MapRequest<tower::util::boxed_clone::BoxCloneService<http::request::Request<tonic::body::Body>, http::response::Response<tonic::body::Body>, alloc::boxed::Box<dyn core::error::Error + core::marker::Send + core::marker::Sync>>, <tonic::transport::server::Server>::serve_internal<tonic::service::router::Routes, tonic::transport::server::incoming::TcpIncoming, core::future::ready::Ready<()>, tokio::net::tcp::stream::TcpStream, core::io::error::Error, tonic::body::Body>::{closure#0}::{closure#1}>>, hyper_util::rt::tokio::TokioExecutor>::{closure#0}, alloc::sync::Arc<tokio::runtime::scheduler::multi_thread::handle::Handle>>>::complete
calls=1 0 
0 619
0 4

fn=(7590)
0 10
cfn=(6236)
calls=2 0 
0 360

fn=(7606)
0 24
cob=(2)
cfi=(2)
cfn=(4916)
calls=2 0 
0 146
0 53
cfn=(6796)
calls=2 0 
0 62
0 20
cfn=(6796)
calls=10 0 
0 1974
0 46
cfn=(6796)
calls=1 0 
0 286
0 6
cfn=(6796)
calls=3 0 
0 351
0 24
cob=(2)
cfi=(2)
cfn=(4916)
calls=2 0 
0 246
0 38
cob=(2)
cfi=(2)
cfn=(4916)
calls=2 0 
0 146

fn=(7608)
0 67
cfn=(6796)
calls=2 0 
0 580
0 20
cfn=(6796)
calls=10 0 
0 2626
0 46
cfn=(6796)
calls=1 0 
0 286
0 6
cfn=(6796)
calls=3 0 
0 1154
0 24
cob=(2)
cfi=(2)
cfn=(4916)
calls=2 0 
0 305
0 24
cob=(2)
cfi=(2)
cfn=(4916)
calls=2 0 
0 407
0 18
cob=(2)
cfi=(2)
cfn=(4916)
calls=2 0 
0 250

fn=(7618)
0 22
cfn=(7620)
calls=2 0 
0 487
0 4
cfn=(7624) core::ptr::drop_glue::<slab::Slab<h2::proto::streams::stream::Stream>>
calls=2 0 
0 416
0 16
cob=(2)
cfi=(2)
cfn=(4916)
calls=2 0 
0 188
0 14
cob=(2)
cfi=(2)
cfn=(4916)
calls=2 0 
0 240

fn=(7624)
0 70
cob=(2)
cfi=(2)
cfn=(4916)
calls=2 0 
0 346

fn=(7632) core::ptr::drop_glue::<tokio::runtime::task::core::Cell<tonic::transport::server::serve_connection<tonic::body::Body, hyper_util::rt::tokio::TokioIo<tonic::transport::server::service::io::ServerIo<tokio::net::tcp::stream::TcpStream>>, hyper_util::service::glue::TowerToHyperService<tower::util::map_request::MapRequest<tower::util::boxed_clone::BoxCloneService<http::request::Request<tonic::body::Body>, http::response::Response<tonic::body::Body>, alloc::boxed::Box<dyn core::error::Error + core::marker::Send + core::marker::Sync>>, <tonic::transport::server::Server>::serve_internal<tonic::service::router::Routes, tonic::transport::server::incoming::TcpIncoming, core::future::ready::Ready<()>, tokio::net::tcp::stream::TcpStream, core::io::error::Error, tonic::body::Body>::{closure#0}::{closure#1}>>, hyper_util::rt::tokio::TokioExecutor>::{closure#0}, alloc::sync::Arc<tokio::runtime::scheduler::multi_thread::handle::Handle>>>
0 26

fn=(7680)
0 9
cfn=(7682) <alloc::sync::Arc<hyper_util::client::legacy::connect::http::Config>>::drop_slow
calls=1 0 
0 76
0 8
cfn=(7684)
calls=1 0 
0 144
0 11
cfn=(7628)
calls=1 0 
0 144

fn=(7686) <alloc::sync::Arc<want::Inner>>::drop_slow
0 16
cob=(2)
cfi=(2)
cfn=(4916)
calls=1 0 
0 117

fn=(7700)
0 88
cfn=(7698)
calls=4 0 
0 160
0 56

fn=(7870)
0 89
cfn=(6346)
calls=1 0 
0 141
0 101
cfn=(5412)
calls=1 0 
0 112
0 64
cfn=(6340) <tokio::runtime::io::scheduled_io::ScheduledIo>::wake
calls=3 0 
0 201
0 12
cfn=(7872) <alloc::sync::Arc<tokio::runtime::io::scheduled_io::ScheduledIo>>::drop_slow
calls=3 0 
0 470
0 7
cfn=(7874)
calls=1 0 
0 92
0 32

fn=(6522)
0 11658
cfn=(6524) <tokio::sync::batch_semaphore::Acquire as core::future::future::Future>::poll
calls=201 0 
0 15075
0 1005
cfn=(6530) core::ptr::drop_glue::<<tokio::sync::mpsc::bounded::Sender<tower::buffer::message::Message<http::request::Request<tonic::body::Body>, core::pin::Pin<alloc::boxed::Box<dyn core::future::future::Future<Output = core::result::Result<http::response::Response<tonic::body::Body>, alloc::boxed::Box<dyn core::error::Error + core::marker::Send + core::marker::Sync>>> + core::marker::Send>>>>>::reserve_owned::{closure#0}>
calls=201 0 
0 2613
0 1407
cfn=(6526)
calls=201 0 
0 1809
0 2010
cfn=(6528)
calls=201 0 
0 1809
0 4020

fn=(6530)
0 2613

fn=(4142) 0x0000000000259220
0 12

fn=(5038)
0 39
cob=(2)
cfi=(2)
cfn=(4206)
calls=1 0 
0 187
0 131
cob=(2)
cfi=(2)
cfn=(4578) 0x0000000000165880
calls=7 0 
0 99
0 35
cob=(2)
cfi=(2)
cfn=(4206)
calls=7 0 
0 1306
0 70
cob=(2)
cfi=(2)
cfn=(4532)
calls=7 0 
0 93
0 26

fn=(5076)
0 22255

fn=(5112)
0 111
cob=(2)
cfi=(2)
cfn=(5114) statx
calls=3 0 
0 30
0 229

fn=(5118)
0 83
cfn=(5152)
calls=1 0 
0 92
0 41
cfn=(5152)
calls=1 0 
0 75
0 60
cob=(2)
cfi=(2)
cfn=(5120)
calls=2 0 
0 56
0 64

fn=(5130)
0 566

fn=(5136)
0 1167

fn=(5212)
0 693

fn=(5658)
0 495

fn=(5664)
0 198

fn=(5716)
0 50826

fn=(5722)
0 243
cob=(2)
cfi=(2)
cfn=(4532)
calls=13 0 
0 189
0 127
cfn=(5740)
calls=2 0 
0 565
0 38
cob=(2)
cfi=(2)
cfn=(4532)
calls=2 0 
0 22
0 28
cfn=(5740)
calls=2 0 
0 228
0 6

fn=(5770)
0 36
cfn=(5772) <tonic::transport::channel::endpoint::Endpoint as core::convert::TryFrom<alloc::string::String>>::try_from
calls=1 0 
0 1801
0 14
cob=(2)
cfi=(2)
cfn=(4532)
calls=1 0 
0 76
0 13
cob=(2)
cfi=(2)
cfn=(4532)
calls=1 0 
0 76
0 8
cfn=(5796)
calls=1 0 
0 7226
0 4
cfn=(5796)
calls=1 0 
0 13777
0 29
cfn=(5806)
calls=1 0 
0 83
0 55

fn=(5786)
0 690
cob=(2)
cfi=(2)
cfn=(4206)
calls=46 0 
0 3255
0 1362

fn=(5788)
0 4854

fn=(5812)
0 2639
cfn=(5814) <tonic::transport::channel::service::reconnect::Reconnect<tonic::transport::channel::service::connection::MakeSendRequestService<tonic::transport::channel::service::connector::Connector<hyper_util::client::legacy::connect::http::HttpConnector>>, http::uri::Uri> as tower_service::Service<http::request::Request<tonic::body::Body>>>::poll_ready
calls=203 0 
0 32227

fn=(5814)
0 8550
cfn=(5818) <tonic::transport::channel::service::connection::MakeSendRequestService<tonic::transport::channel::service::connector::Connector<hyper_util::client::legacy::connect::http::HttpConnector>> as tower_service::Service<http::uri::Uri>>::call::{closure#0}
calls=2 0 
0 13292
0 15
cfn=(5792)
calls=1 0 
0 71
0 19
cob=(2)
cfi=(2)
cfn=(4206)
calls=1 0 
0 185
0 10
cob=(2)
cfi=(2)
cfn=(4532)
calls=1 0 
0 268
0 6
cob=(2)
cfi=(2)
cfn=(4206)
calls=1 0 
0 235
0 73
cob=(2)
cfi=(2)
cfn=(4206)
calls=1 0 
0 185
0 12
cob=(2)
cfi=(2)
cfn=(4532)
calls=1 0 
0 136
0 2
cfn=(5816)
calls=1 0 
0 10
0 1420
cfn=(6504) <tonic::transport::channel::service::connection::SendRequest as tower_service::Service<http::request::Request<tonic::body::Body>>>::poll_ready
calls=202 0 
0 3434
0 1220
cfn=(5816)
calls=1 0 
0 235
0 2849

fn=(5826)
0 19
cfn=(5828)
calls=1 0 
0 202
0 83

fn=(5842)
0 74
cfn=(5844)
calls=1 0 
0 166
0 17
cob=(2)
cfi=(2)
cfn=(4532)
calls=1 0 
0 52
0 14
cob=(2)
cfi=(2)
cfn=(4532)
calls=1 0 
0 50
0 27
cfn=(5846)
calls=1 0 
0 1009
0 5
cfn=(5846)
calls=1 0 
0 162
0 22
cfn=(6444)
calls=1 0 
0 10
0 60

fn=(6184) <tower::util::map_future::MapFuture<axum::util::MapIntoResponse<axum::routing::not_found::NotFound>, <tower::util::boxed_clone_sync::BoxCloneSyncService<http::request::Request<axum_core::body::Body>, http::response::Response<axum_core::body::Body>, core::convert::Infallible>>::new<axum::util::MapIntoResponse<axum::routing::not_found::NotFound>>::{closure#0}> as tower::util::boxed_clone_sync::CloneService<http::request::Request<axum_core::body::Body>>>::clone_box
0 3

fn=(6194) axum::routing::path_router::validate_path
0 520

fn=(6222)
0 14
cfn=(6224) <alloc::raw_vec::RawVec<matchit::tree::Node<axum::routing::RouteId>>>::grow_one
calls=1 0 
0 270
0 9
cob=(2)
cfi=(2)
cfn=(4532)
calls=1 0 
0 29
0 23
cfn=(6224)
calls=1 0 
0 270
0 9
cob=(2)
cfi=(2)
cfn=(4532)
calls=1 0 
0 29
0 9

fn=(6224)
0 30
cfn=(5414)
calls=2 0 
0 492
0 18

fn=(6236)
0 88
cfn=(5722)
calls=2 0 
0 316
cfn=(7514)
calls=1 0 
0 109
cfn=(5722)
calls=1 0 
0 40

fn=(6302)
0 217450
cfn=(6414)
calls=1 0 
0 5
cfn=(6304)
calls=848 0 
0 5936
0 122888

fn=(6326)
0 23775

fn=(6336)
0 23030
cob=(2)
cfi=(2)
cfn=(6338) epoll_wait
calls=1087 0 
0 65220
0 172
cob=(2)
cfi=(2)
cfn=(6338)
calls=43 0 
0 2580
0 50628
cfn=(6340)
calls=943 0 
0 155562
0 13752

fn=(6348)
0 84032

fn=(6406)
0 12880

fn=(6436)
0 47107
cfn=(6302)
calls=2771 0 
0 284727
0 18482
cfn=(6302)
calls=2 0 
0 258
0 14774
cob=(2)
cfi=(2)
cfn=(6568) recv
calls=923 0 
0 54465
0 1848
cob=(2)
cfi=(2)
cfn=(5030)
calls=2 0 
0 6
0 16
cfn=(6382)
calls=2 0 
0 16
0 57201

fn=(6468)
0 46
cfn=(6470)
calls=2 0 
0 38
0 82
cfn=(6470)
calls=2 0 
0 38
0 30
cob=(2)
cfi=(2)
cfn=(4532)
calls=2 0 
0 58
0 74
cob=(2)
cfi=(2)
cfn=(4532)
calls=2 0 
0 128
0 68
cob=(2)
cfi=(2)
cfn=(4206)
calls=2 0 
0 504
0 20
cob=(2)
cfi=(2)
cfn=(4532)
calls=2 0 
0 176
0 18

fn=(6504)
0 3434

fn=(6506)
0 20
cob=(2)
cfi=(2)
cfn=(4206)
calls=1 0 
0 258
0 34
cob=(2)
cfi=(2)
cfn=(5214)
calls=1 0 
0 621
0 12
cob=(2)
cfi=(2)
cfn=(4532)
calls=1 0 
0 76
0 6
cob=(2)
cfi=(2)
cfn=(4206)
calls=1 0 
0 133
0 30
cob=(2)
cfi=(2)
cfn=(4206)
calls=1 0 
0 41
0 11
cob=(2)
cfi=(2)
cfn=(4532)
calls=1 0 
0 29
0 4
cob=(2)
cfi=(2)
cfn=(4532)
calls=1 0 
0 64
0 15

fn=(6544)
0 20502

fn=(6546)
0 4422
cob=(2)
cfi=(2)
cfn=(4916)
calls=402 0 
0 28692
0 2412
cfn=(6548)
calls=603 0 
0 38238
0 2010
cob=(2)
cfi=(2)
cfn=(4916)
calls=402 0 
0 56401
0 3618
cfn=(6550)
calls=603 0 
0 10854
0 4020
cfn=(6548)
calls=402 0 
0 5226
0 3216
cfn=(6550)
calls=402 0 
0 7236
0 4020
cob=(2)
cfi=(2)
cfn=(4916)
calls=201 0 
0 13065
0 2412
cfn=(6548)
calls=603 0 
0 7839
0 1608
cob=(2)
cfi=(2)
cfn=(4916)
calls=201 0 
0 13065
0 3618
cfn=(6550)
calls=603 0 
0 10854

fn=(6566)
0 21015
cfn=(6414)
calls=201 0 
0 1005
0 5190
cfn=(6942) <core::pin::Pin<alloc::boxed::Box<dyn core::future::future::Future<Output = core::result::Result<http::response::Response<tonic::body::Body>, alloc::boxed::Box<dyn core::error::Error + core::marker::Send + core::marker::Sync>>> + core::marker::Send>> as core::future::future::Future>::poll
calls=195 0 
0 263484
0 804
cfn=(6942)
calls=201 0 
0 55288
0 9399
cfn=(6934)
calls=198 0 
0 20790
0 1809
cfn=(6940)
calls=201 0 
0 3216
0 6177

fn=(6590) <h2::frame::window_update::WindowUpdate>::encode::<bytes::bytes_mut::BytesMut>
0 114

fn=(6604)
0 119520

fn=(6610)
0 29388
cfn=(6612)
calls=1212 0 
0 53622
0 109920
cob=(2)
cfi=(2)
cfn=(4532)
calls=1212 0 
0 20604
0 50084
cfn=(6794)
calls=56 0 
0 8152
0 24204

fn=(6614)
0 127705
cfn=(6860)
calls=603 0 
0 1332385
0 36230
cob=(2)
cfi=(2)
cfn=(4532)
calls=603 0 
0 17487
0 8442
cfn=(6894) <bytes::bytes_mut::BytesMut as core::ops::drop::Drop>::drop
calls=603 0 
0 5427
0 30753
cob=(2)
cfi=(2)
cfn=(4532)
calls=603 0 
0 17487
0 4872
cob=(2)
cfi=(2)
cfn=(4532)
calls=609 0 
0 17661
0 79806

fn=(6710)
0 108
cob=(2)
cfi=(2)
cfn=(4206)
calls=2 0 
0 254
0 40
cob=(2)
cfi=(2)
cfn=(4968)
calls=2 0 
0 20
0 60

fn=(6728)
0 43416
cob=(2)
cfi=(2)
cfn=(4532)
calls=1206 0 
0 77184
0 8442
cfn=(6730) <slab::Slab<h2::proto::streams::buffer::Slot<h2::frame::Frame<hyper::proto::h2::SendBuf<bytes::bytes::Bytes>>>>>::insert_at
calls=1206 0 
0 105250
0 13869
cfn=(6734)
calls=603 0 
0 70413
0 3618
cfn=(6734)
calls=603 0 
0 52461
0 13266

fn=(6736)
0 12864

fn=(6738)
0 5628

fn=(6746)
0 15075
cfn=(6748) <h2::proto::streams::streams::StreamRef<hyper::proto::h2::SendBuf<bytes::bytes::Bytes>>>::poll_reset
calls=603 0 
0 66392
0 3216
cfn=(6748)
calls=804 0 
0 92058
0 11859
cfn=(7150)
calls=402 0 
0 383032
cfn=(6752) <http_body_util::combinators::map_err::MapErr<tonic::codec::encode::EncodeBody<tonic_prost::codec::ProstEncoder<devloop::echo::EchoRequest>, tokio_stream::stream_ext::map::Map<tokio_stream::once::Once<devloop::echo::EchoRequest>, core::result::Result<devloop::echo::EchoRequest, tonic::status::Status>::Ok>>, <tonic::status::Status>::map_error<tonic::status::Status>> as http_body::Body>::poll_frame
calls=402 0 
0 144408
0 19296
cfn=(7138)
calls=201 0 
0 4020
cfn=(6688)
calls=201 0 
0 402
0 2412
cfn=(6760)
calls=402 0 
0 100299
0 5628
cfn=(6768)
calls=603 0 
0 37989
0 2010
cfn=(6770)
calls=201 0 
0 24924
0 5025
cfn=(6818)
calls=402 0 
0 343170
0 5427
cfn=(6818)
calls=201 0 
0 137886
0 1005
cfn=(6760)
calls=201 0 
0 20100
0 16683
cfn=(7168) h2::frame::headers::calculate_headermap_size
calls=201 0 
0 10854
0 5226
cfn=(6716)
calls=201 0 
0 194769
0 1809
cfn=(6786)
calls=201 0 
0 10653
0 11055
cfn=(6902)
calls=201 0 
0 3417
0 2211
cfn=(6930)
calls=201 0 
0 3417
0 603
cfn=(6824)
calls=201 0 
0 5427
0 1809
cob=(2)
cfi=(2)
cfn=(4532)
calls=201 0 
0 12864
0 1407
cfn=(6728)
calls=201 0 
0 62311
0 1206
cfn=(6762)
calls=201 0 
0 10854
0 1005

fn=(6776)
0 56019
cob=(2)
cfi=(2)
cfn=(4532)
calls=1407 0 
0 40803
0 22398
cob=(2)
cfi=(2)
cfn=(4532)
calls=364 0 
0 10556
0 3129
cob=(2)
cfi=(2)
cfn=(4532)
calls=1043 0 
0 30247
0 26032

fn=(6796)
0 466
cfn=(6510)
calls=1 0 
0 140
cfn=(6866)
calls=1 0 
0 5
0 128
cfn=(5778)
calls=1 0 
0 268
cfn=(5788)
calls=1 0 
0 1
0 240
cfn=(5788)
calls=2 0 
0 2
cfn=(5788)
calls=3 0 
0 3
cfn=(5778)
calls=25 0 
0 6066
0 40172
cfn=(6510)
calls=401 0 
0 35288
cfn=(5788)
calls=403 0 
0 403
0 5616
cfn=(5788)
calls=200 0 
0 200
0 9632
cfn=(5778)
calls=191 0 
0 1719
cfn=(5788)
calls=400 0 
0 400
cfn=(5788)
calls=600 0 
0 600
cfn=(5788)
calls=13 0 
0 13
0 2010

fn=(6812)
0 23115

fn=(6840) core::ptr::drop_glue::<http_body_util::combinators::map_err::MapErr<tonic::codec::encode::EncodeBody<tonic_prost::codec::ProstEncoder<devloop::echo::EchoRequest>, tokio_stream::stream_ext::map::Map<tokio_stream::once::Once<devloop::echo::EchoRequest>, core::result::Result<devloop::echo::EchoRequest, tonic::status::Status>::Ok>>, <tonic::status::Status>::map_error<tonic::status::Status>>>
0 201
cfn=(6842)
calls=201 0 
0 5226

fn=(6872)
0 7151
cfn=(6862)
calls=215 0 
0 5401
0 4730
cfn=(6874)
calls=215 0 
0 176909
0 438
cfn=(6874)
calls=2 0 
0 746
0 1079
cfn=(6876) <h2::hpack::decoder::StringMarker>::consume
calls=215 0 
0 9460
0 5024
cfn=(6874)
calls=2 0 
0 617
0 48
cfn=(6876)
calls=2 0 
0 88
0 26
cfn=(6876)
calls=2 0 
0 88
0 24
cfn=(6888)
calls=2 0 
0 306
0 808
cfn=(5048)
calls=201 0 
0 23767
0 406
cfn=(5048)
calls=1 0 
0 114
0 2634
cfn=(6890) <bytes::bytes::Bytes>::copy_from_slice
calls=13 0 
0 1534
0 234
cfn=(6866)
calls=13 0 
0 65
0 430
cfn=(6796)
calls=215 0 
0 5199
0 819
cfn=(6890)
calls=2 0 
0 350
0 54
cfn=(6866)
calls=2 0 
0 10
0 8
cfn=(6866)
calls=2 0 
0 10
0 2

fn=(6882)
0 24
cfn=(6884) <alloc::raw_vec::RawVec<h2::hpack::header::Header>>::grow_one
calls=4 0 
0 2039
0 46
cob=(2)
cfi=(2)
cfn=(4532)
calls=1 0 
0 64
0 17

fn=(6936)
0 2010
cfn=(6938)
calls=201 0 
0 1407
0 1608

fn=(6938)
0 2786

fn=(6942)
0 1584
cfn=(6944)
calls=396 0 
0 317188

fn=(6950) <bytes::buf::chain::Chain<&mut core::io::cursor::Cursor<bytes::bytes_mut::BytesMut>, &mut h2::proto::streams::prioritize::Prioritized<hyper::proto::h2::SendBuf<bytes::bytes::Bytes>>> as bytes::buf::buf_impl::Buf>::advance
0 11658

fn=(6974) <tower::util::either::Either<tower::limit::concurrency::service::ConcurrencyLimit<tonic::transport::service::grpc_timeout::GrpcTimeout<tonic::service::router::Routes>>, tonic::transport::service::grpc_timeout::GrpcTimeout<tonic::service::router::Routes>> as tower_service::Service<http::request::Request<tonic::body::Body>>>::poll_ready
0 3819

fn=(7008)
0 8034
cfn=(7024) <axum::util::MapIntoResponseFuture<core::pin::Pin<alloc::boxed::Box<dyn core::future::future::Future<Output = core::result::Result<http::response::Response<tonic::body::Body>, core::convert::Infallible>> + core::marker::Send>>> as core::future::future::Future>::poll
calls=239 0 
0 1201019
0 1756
cfn=(7010) <tower::util::map_future::MapFuture<axum::util::MapIntoResponse<tower::util::map_request::MapRequest<devloop::adoption_rpc::Echo<pbrs_grpc::codec::prost::Message<pbrs_adoption_corpus::prost_types::EntityList>>, <tonic::service::router::Routes>::add_service<devloop::adoption_rpc::Echo<pbrs_grpc::codec::prost::Message<pbrs_adoption_corpus::prost_types::EntityList>>>::{closure#0}>>, <tower::util::boxed_clone_sync::BoxCloneSyncService<http::request::Request<axum_core::body::Body>, http::response::Response<axum_core::body::Body>, core::convert::Infallible>>::new<axum::util::MapIntoResponse<tower::util::map_request::MapRequest<devloop::adoption_rpc::Echo<pbrs_grpc::codec::prost::Message<pbrs_adoption_corpus::prost_types::EntityList>>, <tonic::service::router::Routes>::add_service<devloop::adoption_rpc::Echo<pbrs_grpc::codec::prost::Message<pbrs_adoption_corpus::prost_types::EntityList>>>::{closure#0}>>>::{closure#0}> as tower_service::Service<http::request::Request<axum_core::body::Body>>>::poll_ready
calls=201 0 
0 402
0 2010
cob=(2)
cfi=(2)
cfn=(4532)
calls=201 0 
0 5829
0 603
cfn=(7012) <tower::util::map_future::MapFuture<axum::util::MapIntoResponse<tower::util::map_request::MapRequest<devloop::echo::echo_server::EchoServer<devloop::TonicEchod>, <tonic::service::router::Routes>::add_service<devloop::echo::echo_server::EchoServer<devloop::TonicEchod>>::{closure#0}>>, <tower::util::boxed_clone_sync::BoxCloneSyncService<http::request::Request<axum_core::body::Body>, http::response::Response<axum_core::body::Body>, core::convert::Infallible>>::new<axum::util::MapIntoResponse<tower::util::map_request::MapRequest<devloop::echo::echo_server::EchoServer<devloop::TonicEchod>, <tonic::service::router::Routes>::add_service<devloop::echo::echo_server::EchoServer<devloop::TonicEchod>>::{closure#0}>>>::{closure#0}> as tower_service::Service<http::request::Request<axum_core::body::Body>>>::call
calls=201 0 
0 200768
0 804
cfn=(7020)
calls=201 0 
0 20796
0 1407
cfn=(7024)
calls=201 0 
0 607584
0 4020
cfn=(7020)
calls=201 0 
0 67572
0 16281
cfn=(7016)
calls=201 0 
0 1608
0 5405
cob=(2)
cfi=(2)
cfn=(4206)
calls=201 0 
0 8241
0 5425

fn=(7010)
0 402

fn=(7012)
0 1608
cfn=(7014)
calls=201 0 
0 41800
0 1407
cob=(2)
cfi=(2)
cfn=(4206)
calls=201 0 
0 16362
0 10048
cob=(2)
cfi=(2)
cfn=(4532)
calls=201 0 
0 5829
0 603
cob=(2)
cfi=(2)
cfn=(4206)
calls=201 0 
0 80965
0 2406
cob=(2)
cfi=(2)
cfn=(4532)
calls=200 0 
0 39138
0 4
cob=(2)
cfi=(2)
cfn=(4532)
calls=1 0 
0 196
0 402

fn=(7024)
0 4400
cfn=(7026)
calls=440 0 
0 1781715
0 5943
cob=(2)
cfi=(2)
cfn=(4206)
calls=201 0 
0 8241
0 8304

fn=(7050)
0 25771
cfn=(7076)
calls=402 0 
0 67335
0 8192
cfn=(7052)
calls=1445 0 
0 284363
0 20817
cfn=(6960)
calls=402 0 
0 5628
0 6030
cfn=(7054)
calls=603 0 
0 109746
0 24701
cfn=(7060)
calls=603 0 
0 10251
0 4824

fn=(7068)
0 9648

fn=(7086) core::ptr::drop_glue::<http_body_util::combinators::map_err::MapErr<hyper::body::incoming::Incoming, <tonic::status::Status>::map_error<hyper::error::Error>>>
0 201
cfn=(7088)
calls=201 0 
0 74169
0 201
cfn=(7088)
calls=201 0 
0 252693

fn=(7110)
0 3819

fn=(7120) core::ptr::drop_glue::<axum::routing::route::RouteFuture<core::convert::Infallible>>
0 5025

fn=(7222)
0 10530

fn=(7226)
0 1005
cfn=(7228)
calls=201 0 
0 52590
0 1407

fn=(7238)
0 4020
cfn=(6722)
calls=402 0 
0 69345
0 1407
cfn=(7274) <tonic::status::Code>::from_bytes
calls=201 0 
0 1809
0 804
cfn=(6722)
calls=201 0 
0 29949
0 2412
cfn=(6722)
calls=201 0 
0 38994
0 2412
cfn=(7162)
calls=201 0 
0 78771
0 804
cfn=(6684)
calls=201 0 
0 60903
0 1407
cfn=(5778)
calls=201 0 
0 1809
0 804
cfn=(6684)
calls=201 0 
0 5628
0 1206
cfn=(6684)
calls=201 0 
0 5628
0 9045
cob=(2)
cfi=(2)
cfn=(4206)
calls=201 0 
0 8401
0 2405
cob=(2)
cfi=(2)
cfn=(4532)
calls=200 0 
0 5800
0 5
cob=(2)
cfi=(2)
cfn=(4532)
calls=1 0 
0 29
0 3417

fn=(7510)
0 20

fn=(7522)
0 11

fn=(7532)
0 40
cfn=(6496)
calls=1 0 
0 55
0 9
cfn=(6496)
calls=3 0 
0 181
0 18

fn=(7540) core::ptr::drop_glue::<<tonic::transport::server::Router>::serve_with_incoming<tokio_stream::wrappers::tcp_listener::TcpListenerStream, tokio::net::tcp::stream::TcpStream, core::io::error::Error, tonic::body::Body>::{closure#0}>
0 11
cfn=(7542)
calls=1 0 
0 944
0 5

fn=(7572)
0 26
cfn=(7004)
calls=1 0 
0 2407
0 4
cob=(2)
cfi=(2)
cfn=(4916)
calls=1 0 
0 73
0 7
cfn=(6580)
calls=1 0 
0 7155

fn=(7576)
0 46
cob=(2)
cfi=(2)
cfn=(4916)
calls=1 0 
0 73
0 59
cfn=(7022)
calls=1 0 
0 82
0 116
cob=(2)
cfi=(2)
cfn=(4916)
calls=2 0 
0 373

fn=(7592)
0 16
cfn=(7594)
calls=2 0 
0 344
0 10
cob=(2)
cfi=(2)
cfn=(4916)
calls=2 0 
0 146

fn=(7610)
0 20

fn=(7612)
0 30
cfn=(7614) core::ptr::drop_glue::<h2::proto::streams::streams::Streams<hyper::proto::h2::SendBuf<bytes::bytes::Bytes>, h2::client::Peer>>
calls=2 0 
0 1211
0 14

fn=(7614)
0 93
cfn=(6342)
calls=1 0 
0 20
0 40
cfn=(7616)
calls=2 0 
0 1555
0 29
cfn=(7626)
calls=2 0 
0 648
0 8

fn=(7642)
0 22
cfn=(6342)
calls=1 0 
0 153
0 19

fn=(7646) core::ptr::drop_glue::<tokio_util::codec::framed_read::FramedRead<h2::codec::framed_write::FramedWrite<hyper::common::io::compat::Compat<tonic::transport::channel::service::io::BoxedIo>, h2::proto::streams::prioritize::Prioritized<hyper::proto::h2::SendBuf<bytes::bytes::Bytes>>>, tokio_util::codec::length_delimited::LengthDelimitedCodec>>
0 14
cfn=(7648) core::ptr::drop_glue::<hyper_util::rt::tokio::TokioIo<tokio::net::tcp::stream::TcpStream>>
calls=1 0 
0 225
0 4
cob=(2)
cfi=(2)
cfn=(4916)
calls=1 0 
0 117
0 2
cfn=(7604)
calls=1 0 
0 742
0 12
cob=(2)
cfi=(2)
cfn=(4916)
calls=1 0 
0 202
0 7
cob=(2)
cfi=(2)
cfn=(4916)
calls=1 0 
0 125

fn=(7648)
0 1
cfn=(7546)
calls=1 0 
0 224

fn=(7652)
0 9
cfn=(6826)
calls=1 0 
0 590
0 2
cfn=(7656)
calls=1 0 
0 121
0 5
cfn=(7658) core::ptr::drop_glue::<h2::client::SendRequest<hyper::proto::h2::SendBuf<bytes::bytes::Bytes>>>
calls=1 0 
0 1193
0 2
cfn=(7660) core::ptr::drop_glue::<hyper::client::dispatch::Receiver<http::request::Request<tonic::body::Body>, http::response::Response<hyper::body::incoming::Incoming>>>
calls=1 0 
0 212
0 5
cfn=(7664) core::ptr::drop_glue::<core::option::Option<hyper::proto::h2::client::FutCtx<tonic::body::Body>>>
calls=1 0 
0 13

fn=(7666)
0 10
cfn=(7668)
calls=1 0 
0 701
0 7
cfn=(7674)
calls=1 0 
0 1930
0 4
cob=(2)
cfi=(2)
cfn=(4916)
calls=1 0 
0 65
0 14
cfn=(7692) <alloc::sync::Arc<std::sync::poison::mutex::Mutex<core::option::Option<tower::buffer::error::ServiceError>>>>::drop_slow
calls=1 0 
0 133

fn=(7682)
0 11
cob=(2)
cfi=(2)
cfn=(4916)
calls=1 0 
0 65

fn=(7692)
0 16
cob=(2)
cfi=(2)
cfn=(4916)
calls=1 0 
0 117

fn=(7696)
0 80
cob=(2)
cfi=(2)
cfn=(4916)
calls=4 0 
0 364

fn=(7882)
0 6
cfn=(7884)
calls=1 0 
0 2936
0 9
cob=(2)
cfi=(2)
cfn=(4916)
calls=1 0 
0 65

fn=(7958) <alloc::sync::Arc<std::thread::thread::Inner, std::alloc::System>>::drop_slow
0 48
cob=(2)
cfi=(2)
cfn=(4916)
calls=4 0 
0 416
0 36
cob=(2)
cfi=(2)
cfn=(4916)
calls=4 0 
0 416

fn=(7970)
0 9

fn=(8062) 0x00000000002591e0
0 9
cob=(2)
cfi=(2)
cfn=(8070) __cxa_finalize
calls=1 0 
0 71
0 1
0 1
cfn=(8082) 0x0000000000259170
calls=1 0 
0 5
0 3

fn=(8082)
0 5

fn=(4104) (below main)
0 11
cob=(2)
cfi=(2)
cfn=(4106) (below main)
calls=1 0 
0 3459978

fn=(5020)
0 65
cob=(2)
cfi=(2)
cfn=(5022) gettid
calls=5 0 
0 15
0 69
cob=(2)
cfi=(2)
cfn=(4206)
calls=1 0 
0 184
0 16
cob=(2)
cfi=(2)
cfn=(4206)
calls=4 0 
0 164
0 40
cob=(2)
cfi=(2)
cfn=(4532)
calls=4 0 
0 48
0 9
cob=(2)
cfi=(2)
cfn=(5030)
calls=5 0 
0 15
0 295
cob=(2)
cfi=(2)
cfn=(4206)
calls=1 0 
0 179
0 159
cob=(2)
cfi=(2)
cfn=(4532)
calls=1 0 
0 12
0 8
cob=(2)
cfi=(2)
cfn=(4532)
calls=1 0 
0 11
0 65

fn=(5080)
0 10
cfn=(5082)
calls=1 0 
0 739
0 14

fn=(5128)
0 138
cfn=(5130)
calls=3 0 
0 333
0 75

fn=(5182)
0 46620
cob=(2)
cfi=(2)
cfn=(5184) clock_gettime
calls=7770 0 
0 77700
0 77700

fn=(5486)
0 44
cob=(2)
cfi=(2)
cfn=(4198) pthread_attr_init
calls=4 0 
0 72
0 44
cob=(2)
cfi=(2)
cfn=(5548) __pthread_get_minstack
calls=4 0 
0 48
0 24
cob=(2)
cfi=(2)
cfn=(5550) pthread_attr_setstacksize
calls=4 0 
0 24
0 32
cob=(2)
cfi=(2)
cfn=(5552) pthread_create
calls=4 0 
0 4945
0 24
cob=(2)
cfi=(2)
cfn=(5008)
calls=4 0 
0 20
0 51
cob=(2)
cfi=(2)
cfn=(5488) dlsym
calls=1 0 
0 1069
0 4

fn=(5684)
0 12
cob=(2)
cfi=(2)
cfn=(5686)
calls=1 0 
0 5
0 10
cob=(2)
cfi=(2)
cfn=(5688)
calls=1 0 
0 6
0 17
cob=(2)
cfi=(2)
cfn=(5690) bind
calls=1 0 
0 5
0 5
cob=(2)
cfi=(2)
cfn=(5692) listen
calls=1 0 
0 5
0 11

fn=(5696)
0 66
cob=(2)
cfi=(2)
cfn=(5214)
calls=3 0 
0 1480
0 36
cob=(2)
cfi=(2)
cfn=(4532)
calls=3 0 
0 87
0 69

fn=(5730)
0 27
cfn=(5721)
calls=1 0 
0 1230
0 4

fn=(5736)
0 105

fn=(5802)
0 14
cfn=(5792)
calls=1 0 
0 71
0 4
cfn=(5792)
calls=1 0 
0 77
0 177

fn=(5804)
0 19960

fn=(5816)
0 29
cfn=(6502) core::ptr::drop_glue::<<tonic::transport::channel::service::connection::MakeSendRequestService<tonic::transport::channel::service::connector::Connector<tonic::transport::channel::uds_connector::UdsConnector>> as tower_service::Service<http::uri::Uri>>::call::{closure#0}>
calls=1 0 
0 19
0 7
cob=(2)
cfi=(2)
cfn=(4916)
calls=1 0 
0 194
0 10
cfn=(7686)
calls=1 0 
0 133
0 6
cfn=(7688)
calls=1 0 
0 1046

fn=(6044) <std::sys::thread_local::key::racy::LazyKey>::lazy_init
0 8
cob=(2)
cfi=(2)
cfn=(6046) pthread_key_create
calls=1 0 
0 17
0 9
cob=(2)
cfi=(2)
cfn=(6046)
calls=1 0 
0 26
0 5
cob=(2)
cfi=(2)
cfn=(6048) pthread_key_delete
calls=1 0 
0 15
0 13

fn=(6200)
0 1742

fn=(6242) <axum::routing::path_router::PathRouter<(), false>>::route_endpoint
0 16
cfn=(6194)
calls=1 0 
0 256
0 32
cob=(2)
cfi=(2)
cfn=(4206)
calls=1 0 
0 213
0 11
cob=(2)
cfi=(2)
cfn=(4532)
calls=1 0 
0 10
0 2
cob=(2)
cfi=(2)
cfn=(4206)
calls=1 0 
0 213
0 11
cob=(2)
cfi=(2)
cfn=(4532)
calls=1 0 
0 10
0 6
cfn=(6196)
calls=1 0 
0 234
0 3
cfn=(6198)
calls=1 0 
0 434
0 42
cfn=(6202)
calls=1 0 
0 1310
0 7
cob=(2)
cfi=(2)
cfn=(4916)
calls=1 0 
0 73
0 15
cob=(2)
cfi=(2)
cfn=(4206)
calls=1 0 
0 41
0 16
cob=(2)
cfi=(2)
cfn=(4532)
calls=1 0 
0 10
0 4
cob=(2)
cfi=(2)
cfn=(4916)
calls=1 0 
0 73
0 12
cfn=(6206)
calls=1 0 
0 118
0 74
cfn=(6208)
calls=1 0 
0 82
0 5
cfn=(6208)
calls=1 0 
0 34
0 130
cob=(2)
cfi=(2)
cfn=(4532)
calls=1 0 
0 52
0 4
cfn=(6206)
calls=1 0 
0 118
0 42
cob=(2)
cfi=(2)
cfn=(4532)
calls=1 0 
0 52
0 23
cob=(2)
cfi=(2)
cfn=(4532)
calls=1 0 
0 64
0 34
cfn=(6218)
calls=1 0 
0 304
0 6
cfn=(6210)
calls=1 0 
0 326
0 6
cfn=(6214)
calls=1 0 
0 326
0 1

fn=(6360) <tonic::transport::server::MakeSvc<tonic::service::router::Routes, tokio::net::tcp::stream::TcpStream> as tower_service::Service<&tonic::transport::server::service::io::ServerIo<tokio::net::tcp::stream::TcpStream>>>::call
0 12
cfn=(6362)
calls=1 0 
0 134
0 51
cob=(2)
cfi=(2)
cfn=(4206)
calls=1 0 
0 232
0 40

fn=(6384)
0 33488
cfn=(6386)
calls=644 0 
0 5783000
0 24474
cfn=(5712)
calls=1 0 
0 89
0 5159

fn=(6392)
0 45023
cfn=(6590)
calls=2 0 
0 114
0 70
cfn=(6394) <h2::frame::settings::Settings>::encode
calls=4 0 
0 723
0 3027
cob=(2)
cfi=(2)
cfn=(4532)
calls=603 0 
0 31356
0 9045
cfn=(6788) <h2::frame::headers::Headers>::encode
calls=603 0 
0 1535602
0 27354
cfn=(6854)
calls=402 0 
0 58290
0 49938

fn=(6394)
0 410
cfn=(6396) <h2::frame::settings::Settings>::encode::{closure#0}
calls=1 0 
0 39
0 10
cfn=(6396)
calls=2 0 
0 78
0 12
cfn=(6396)
calls=2 0 
0 78
0 12
cfn=(6396)
calls=2 0 
0 78
0 6

fn=(6398)
0 135
cfn=(6400)
calls=2 0 
0 863
0 29
cob=(2)
cfi=(2)
cfn=(4532)
calls=1 0 
0 124
0 21
cob=(2)
cfi=(2)
cfn=(4532)
calls=1 0 
0 124
0 11
cob=(2)
cfi=(2)
cfn=(4532)
calls=1 0 
0 124
0 10
cob=(2)
cfi=(2)
cfn=(4532)
calls=1 0 
0 124
0 3
cfn=(6428)
calls=1 0 
0 25
0 4
cob=(2)
cfi=(2)
cfn=(4532)
calls=1 0 
0 124
0 20
cob=(2)
cfi=(2)
cfn=(4532)
calls=1 0 
0 124
0 45
cob=(2)
cfi=(2)
cfn=(4532)
calls=1 0 
0 124
0 42
cfn=(6430)
calls=2 0 
0 547
0 26
cob=(2)
cfi=(2)
cfn=(5140)
calls=1 0 
0 24
0 45
cob=(2)
cfi=(2)
cfn=(4532)
calls=1 0 
0 124
0 14
cfn=(6428)
calls=1 0 
0 26
0 5
cob=(2)
cfi=(2)
cfn=(4532)
calls=1 0 
0 124
0 55
cfn=(6468)
calls=1 0 
0 590
0 13
cob=(2)
cfi=(2)
cfn=(4206)
calls=1 0 
0 213
0 24
cfn=(6472)
calls=1 0 
0 37
0 4
cfn=(6476)
calls=1 0 
0 22
0 4
cob=(2)
cfi=(2)
cfn=(4532)
calls=1 0 
0 124
0 37
cob=(2)
cfi=(2)
cfn=(4532)
calls=1 0 
0 160
0 5
cfn=(6578)
calls=1 0 
0 84
0 4
cob=(2)
cfi=(2)
cfn=(4532)
calls=1 0 
0 160
0 27

fn=(6432)
0 21014
cfn=(5788)
calls=1 0 
0 1
0 4
cfn=(6434)
calls=1 0 
0 189
0 3936
cfn=(6434)
calls=1312 0 
0 268602
0 11817

fn=(6470)
0 15447

fn=(6542)
0 33165

fn=(6592)
0 52614
cfn=(6952)
calls=201 0 
0 70515
0 30081

fn=(6608) <hyper_util::rt::tokio::TokioIo<tokio::net::tcp::stream::TcpStream> as hyper::rt::io::Read>::poll_read
0 24429
cfn=(6436)
calls=1437 0 
0 245624
0 18105

fn=(6620) <h2::proto::streams::send::Send>::recv_connection_window_update
0 28
cfn=(6470)
calls=2 0 
0 38
0 54
cfn=(6622)
calls=2 0 
0 12
0 30

fn=(6628) <h2::codec::framed_write::FramedWrite<hyper::common::io::compat::Compat<tonic::transport::channel::service::io::BoxedIo>, h2::proto::streams::prioritize::Prioritized<hyper::proto::h2::SendBuf<bytes::bytes::Bytes>>>>::flush
0 21323
cfn=(6950)
calls=201 0 
0 5829
0 14898
cfn=(6466)
calls=403 0 
0 806
0 76570
cfn=(6630)
calls=403 0 
0 70525
0 9050
cfn=(6426)
calls=1207 0 
0 31983
0 9861
cfn=(6466)
calls=201 0 
0 402
0 43014
cfn=(6630)
calls=201 0 
0 35175
0 10259
cfn=(6632)
calls=1207 0 
0 3621
0 25347

fn=(6644)
0 22192
cob=(2)
cfi=(2)
cfn=(4532)
calls=201 0 
0 10428
0 10082

fn=(6656)
0 13065

fn=(6664)
0 158388
cfn=(6666)
calls=2010 0 
0 31758
0 135072

fn=(6668)
0 3417
cfn=(6670)
calls=201 0 
0 167564
0 1809

fn=(6684)
0 10251
cfn=(6558)
calls=603 0 
0 14472
0 35175
cfn=(6558)
calls=201 0 
0 16080
0 12864
cob=(2)
cfi=(2)
cfn=(5140)
calls=201 0 
0 3618
0 3216
cfn=(7276)
calls=201 0 
0 13869
0 2814
cfn=(5778)
calls=201 0 
0 1809
0 9849
cfn=(5788)
calls=603 0 
0 603

fn=(6690)
0 11457

fn=(6712)
0 10496
cfn=(5414)
calls=2 0 
0 342
0 22

fn=(6726)
0 9849

fn=(6730)
0 10868
cfn=(6732)
calls=2 0 
0 524
0 25
cob=(2)
cfi=(2)
cfn=(4532)
calls=5 0 
0 320
0 16849
cob=(2)
cfi=(2)
cfn=(4532)
calls=1201 0 
0 76664

fn=(6748)
0 64194
cfn=(6750) <h2::proto::streams::send::Send>::poll_reset
calls=1646 0 
0 91638
0 29628

fn=(6766)
0 27403
cfn=(7220)
calls=380 0 
0 103350
cfn=(7204)
calls=201 0 
0 21909

fn=(6798)
0 126
cfn=(6800)
calls=7 0 
0 177
0 28
cfn=(6802)
calls=7 0 
0 182
0 160
cfn=(6804)
calls=2 0 
0 588
0 359

fn=(6808)
0 3295
cfn=(6794)
calls=2 0 
0 871
0 104213
cfn=(6794)
calls=5 0 
0 2111
0 5040

fn=(6844)
0 4020
cfn=(6766)
calls=201 0 
0 1608
0 3417

fn=(6856)
0 13512

fn=(6876)
0 9636

fn=(6894)
0 5427

fn=(6902)
0 37587

fn=(6922) <h2::proto::streams::streams::Actions>::reset_on_recv_stream_err::<hyper::proto::h2::SendBuf<bytes::bytes::Bytes>>
0 28944

fn=(6962)
0 99832

fn=(6986)
0 10050
cfn=(6988)
calls=201 0 
0 120170
0 1206
cob=(2)
cfi=(2)
cfn=(4206)
calls=201 0 
0 11085
0 6028
cfn=(6988)
calls=201 0 
0 9648
0 5829
cfn=(6996)
calls=201 0 
0 28508
0 2814

fn=(7030)
0 4020
cfn=(6662)
calls=402 0 
0 132861
0 5226

fn=(7042)
0 15895
cfn=(7048)
calls=603 0 
0 275973
cfn=(7044)
calls=842 0 
0 376353
0 31888

fn=(7082)
0 7236
cfn=(7086)
calls=201 0 
0 252894
cfn=(7178)
calls=201 0 
0 5628
cfn=(7084)
calls=201 0 
0 110818
0 4221
cob=(2)
cfi=(2)
cfn=(4916)
calls=603 0 
0 42225

fn=(7083)
0 2412
cfn=(7086)
calls=201 0 
0 74370
0 1407
cob=(2)
cfi=(2)
cfn=(4916)
calls=201 0 
0 13885

fn=(7122) <http::header::map::HeaderMap>::try_entry2::<http::header::name::HeaderName>
0 2211
cfn=(6556)
calls=201 0 
0 5427
0 1206
cfn=(6558)
calls=201 0 
0 4824
0 8643

fn=(7124) <http::header::map::Entry<http::header::value::HeaderValue>>::or_try_insert_with::<hyper::common::date::update_and_header_value>
0 4422
cfn=(7126)
calls=201 0 
0 48683
0 15075

fn=(7128)
0 52
cfn=(5182)
calls=4 0 
0 104
0 48
cfn=(7130)
calls=4 0 
0 3610
0 152
cfn=(5422)
calls=4 0 
0 960
0 16

fn=(7144)
0 1608
cfn=(6686)
calls=201 0 
0 804
0 603

fn=(7162)
0 6030
cob=(2)
cfi=(2)
cfn=(4206)
calls=201 0 
0 30122
0 2405
cob=(2)
cfi=(2)
cfn=(4532)
calls=200 0 
0 2200
0 5
cob=(2)
cfi=(2)
cfn=(4532)
calls=1 0 
0 11
0 4221
cob=(2)
cfi=(2)
cfn=(4206)
calls=201 0 
0 8241
0 12057
cfn=(5804)
calls=200 0 
0 2000
cfn=(5784)
calls=1 0 
0 16
0 4824
cfn=(5804)
calls=200 0 
0 2000
cfn=(5784)
calls=1 0 
0 16
0 17688

fn=(7198) <h2::proto::streams::store::Ptr>::unlink
0 31557

fn=(7274)
0 1809

fn=(7278) <mio::sys::unix::waker::Waker>::wake
0 2899
cob=(2)
cfi=(2)
cfn=(7280)
calls=223 0 
0 13157
0 2899

fn=(7538)
0 11
cfn=(7540)
calls=1 0 
0 960
0 7

fn=(7554)
0 27
cfn=(7556)
calls=1 0 
0 33
0 18
cfn=(7556)
calls=1 0 
0 33
0 18
cfn=(7556)
calls=1 0 
0 33
0 18
cfn=(7556)
calls=1 0 
0 33
0 18
cfn=(7556)
calls=1 0 
0 33
0 18
cfn=(7556)
calls=1 0 
0 33
0 18
cfn=(7556)
calls=1 0 
0 33
0 18
cfn=(7556)
calls=1 0 
0 33
0 7

fn=(7558)
0 10
cob=(2)
cfi=(2)
cfn=(4916)
calls=2 0 
0 146

fn=(7562)
0 26

fn=(7596)
0 8
cob=(2)
cfi=(2)
cfn=(4916)
calls=2 0 
0 146

fn=(7638)
0 21
cfn=(7640) <futures_channel::mpsc::queue::Queue<alloc::sync::Arc<std::sync::poison::mutex::Mutex<futures_channel::mpsc::SenderTask>>>>::pop_spin
calls=1 0 
0 22
0 35

fn=(7640)
0 22

fn=(7658)
0 5
cfn=(7614)
calls=1 0 
0 1182
0 6

fn=(7662) core::ptr::drop_glue::<tokio::sync::mpsc::unbounded::UnboundedReceiver<hyper::client::dispatch::Envelope<http::request::Request<tonic::body::Body>, http::response::Response<hyper::body::incoming::Incoming>>>>
0 32
cfn=(7556)
calls=1 0 
0 33
0 21
cfn=(6766)
calls=1 0 
0 8
0 6
cfn=(6644)
calls=1 0 
0 30
0 8
cfn=(6644)
calls=1 0 
0 30
0 12

fn=(7664)
0 13

fn=(7708)
0 42
cob=(2)
cfi=(2)
cfn=(6418)
calls=1 0 
0 11
0 79
cfn=(7710)
calls=2 0 
0 219
0 26
cfn=(6416)
calls=1 0 
0 101
0 134
cfn=(7900) <std::thread::lifecycle::JoinInner<()>>::join
calls=4 0 
0 2204
0 19
cob=(2)
cfi=(2)
cfn=(4916)
calls=1 0 
0 65
0 8

fn=(7714)
0 100
cob=(2)
cfi=(2)
cfn=(4532)
calls=4 0 
0 46
0 64
cob=(2)
cfi=(2)
cfn=(4532)
calls=4 0 
0 56
0 180

fn=(7888)
0 4
cfn=(7890)
calls=1 0 
0 248
0 7
cob=(2)
cfi=(2)
cfn=(4916)
calls=1 0 
0 65

fn=(7896)
0 23
cob=(2)
cfi=(2)
cfn=(4916)
calls=1 0 
0 65

fn=(7900)
0 36
cob=(2)
cfi=(2)
cfn=(7902) pthread_join
calls=4 0 
0 536
0 84
cfn=(7958)
calls=4 0 
0 916
0 20
cfn=(7960)
calls=4 0 
0 580
0 32

fn=(7964)
0 6
cfn=(7966) core::ptr::drop_glue::<tokio::runtime::blocking::pool::Inner>
calls=1 0 
0 283
0 9
cob=(2)
cfi=(2)
cfn=(4916)
calls=1 0 
0 65

fn=(7974)
0 10

fn=(6524)
0 15075

fn=(6782) <h2::proto::streams::stream::Stream>::notify_capacity
0 5427
cfn=(6342)
calls=201 0 
0 4020
0 1206

fn=(6786)
0 158187
cfn=(7198)
calls=603 0 
0 31557
0 97284
cfn=(7200)
calls=402 0 
0 133299
0 36984

fn=(6788)
0 11457
cfn=(6790)
calls=603 0 
0 1318583
0 3618
cfn=(6816) <h2::frame::head::Head>::encode::<bytes::buf::limit::Limit<&mut bytes::bytes_mut::BytesMut>>
calls=603 0 
0 136278
0 19296
cob=(2)
cfi=(2)
cfn=(4532)
calls=603 0 
0 8381
0 37989

fn=(4140) std::sys::args::unix::imp::ARGV_INIT_ARRAY::init_wrapper
0 4

fn=(5104)
0 10
cob=(2)
cfi=(2)
cfn=(4206)
calls=1 0 
0 187
0 51
cfn=(5106)
calls=1 0 
0 109
0 6
cfn=(5110)
calls=1 0 
0 166
0 11
cfn=(5118)
calls=1 0 
0 221
0 4
cob=(2)
cfi=(2)
cfn=(5122)
calls=1 0 
0 30
0 117
cob=(2)
cfi=(2)
cfn=(4916)
calls=1 0 
0 65
0 15
cob=(2)
cfi=(2)
cfn=(5154) sched_getaffinity
calls=1 0 
0 40
0 158
cob=(2)
cfi=(2)
cfn=(4206)
calls=1 0 
0 187
0 10
cob=(2)
cfi=(2)
cfn=(4206)
calls=1 0 
0 190
0 37
cfn=(5124)
calls=1 0 
0 252
0 4
cfn=(5126)
calls=1 0 
0 425
0 13
cfn=(5134)
calls=1 0 
0 1143
0 7
cfn=(5134)
calls=1 0 
0 901
0 33
cob=(2)
cfi=(2)
cfn=(4532)
calls=1 0 
0 10
0 66
cfn=(5106)
calls=1 0 
0 109
0 10
cfn=(5150)
calls=1 0 
0 574
0 4
cob=(2)
cfi=(2)
cfn=(5122)
calls=1 0 
0 30
0 4
cfn=(5126)
calls=1 0 
0 359
0 2
cfn=(5126)
calls=1 0 
0 331
0 395
cob=(2)
cfi=(2)
cfn=(4916)
calls=1 0 
0 65
0 4
cob=(2)
cfi=(2)
cfn=(4916)
calls=1 0 
0 65
0 2

fn=(5472)
0 376
cfn=(5474) <alloc::ffi::c_str::CString>::_from_vec_unchecked
calls=4 0 
0 610
0 16

fn=(5474)
0 92
cfn=(5414)
calls=4 0 
0 494
0 24

fn=(5678)
0 14
cfn=(5680)
calls=1 0 
0 145
0 52

fn=(5710)
0 16770

fn=(5714)
0 18516

fn=(5772)
0 15
cob=(2)
cfi=(2)
cfn=(4206)
calls=1 0 
0 250
0 16
cfn=(5048)
calls=1 0 
0 76
0 10
cob=(2)
cfi=(2)
cfn=(4206)
calls=1 0 
0 187
0 10
cob=(2)
cfi=(2)
cfn=(4532)
calls=1 0 
0 10
0 5
cfn=(5778)
calls=1 0 
0 148
0 11
cob=(2)
cfi=(2)
cfn=(4206)
calls=1 0 
0 41
0 10
cob=(2)
cfi=(2)
cfn=(4532)
calls=1 0 
0 10
0 13
cfn=(5780)
calls=1 0 
0 667
0 4
cob=(2)
cfi=(2)
cfn=(4916)
calls=1 0 
0 65
0 36
cfn=(5790)
calls=1 0 
0 207
0 10

fn=(5818)
0 41
cfn=(5820) <tonic::transport::channel::service::connector::Connector<hyper_util::client::legacy::connect::http::HttpConnector> as tower_service::Service<http::uri::Uri>>::call::{closure#0}
calls=1 0 
0 838
0 3
cfn=(5820)
calls=1 0 
0 2723
0 20
cfn=(6452)
calls=1 0 
0 12
0 4
cob=(2)
cfi=(2)
cfn=(4916)
calls=1 0 
0 65
0 57
cfn=(6454)
calls=1 0 
0 7978
0 11
cob=(2)
cfi=(2)
cfn=(4532)
calls=1 0 
0 29
0 2
cfn=(6500)
calls=1 0 
0 17
0 6
cob=(2)
cfi=(2)
cfn=(4532)
calls=1 0 
0 29
0 8
cob=(2)
cfi=(2)
cfn=(4206)
calls=1 0 
0 328
0 12
cob=(2)
cfi=(2)
cfn=(4532)
calls=1 0 
0 76
0 7
cob=(2)
cfi=(2)
cfn=(4206)
calls=1 0 
0 187
0 15
cfn=(6486)
calls=1 0 
0 783
0 41

fn=(5820)
0 50
cfn=(5822)
calls=1 0 
0 529
0 2
cfn=(5822)
calls=1 0 
0 2679
0 28
cfn=(6450)
calls=1 0 
0 13
0 4
cob=(2)
cfi=(2)
cfn=(4916)
calls=1 0 
0 170
0 8
cob=(2)
cfi=(2)
cfn=(4206)
calls=1 0 
0 41
0 37

fn=(5832)
0 14
cfn=(5830)
calls=1 0 
0 72
0 122

fn=(6042) <std::sys::thread::unix::Thread>::new::thread_start
0 86
cob=(2)
cfi=(2)
cfn=(6050) pthread_setspecific
calls=3 0 
0 99
0 67
cfn=(6044)
calls=1 0 
0 93
0 3
cob=(2)
cfi=(2)
cfn=(6050)
calls=1 0 
0 33
0 22
cob=(2)
cfi=(2)
cfn=(4532)
calls=4 0 
0 48
0 12
cob=(2)
cfi=(2)
cfn=(4194)
calls=4 0 
0 8
0 12
cob=(2)
cfi=(2)
cfn=(6052) pthread_setname_np
calls=4 0 
0 212
0 24
cob=(2)
cfi=(2)
cfn=(4916)
calls=4 0 
0 5265
0 8
cfn=(5010)
calls=4 0 
0 6844
0 12
cfn=(6150)
calls=4 0 
0 22645367
0 16
cob=(2)
cfi=(2)
cfn=(4916)
calls=4 0 
0 260
0 8
cfn=(7712)
calls=4 0 
0 1952
0 32

fn=(6162)
0 132

fn=(6176)
0 77
cfn=(6178)
calls=1 0 
0 11486
0 12
cfn=(5718)
calls=1 0 
0 824
0 14
cfn=(6226)
calls=1 0 
0 172
0 2
cob=(2)
cfi=(2)
cfn=(4206)
calls=1 0 
0 41
0 24
cfn=(6242)
calls=1 0 
0 4855
0 8
cob=(2)
cfi=(2)
cfn=(4532)
calls=1 0 
0 29
0 4
cob=(2)
cfi=(2)
cfn=(4206)
calls=1 0 
0 41
0 10
cob=(2)
cfi=(2)
cfn=(4532)
calls=1 0 
0 29
0 4
cob=(2)
cfi=(2)
cfn=(4916)
calls=1 0 
0 73
0 78

fn=(6182)
0 65
cfn=(6228)
calls=1 0 
0 220
0 9
cfn=(6184)
calls=1 0 
0 3
0 49
cob=(2)
cfi=(2)
cfn=(4532)
calls=1 0 
0 29
0 19

fn=(6186)
0 68
cfn=(6188)
calls=4 0 
0 442
0 32
cob=(2)
cfi=(2)
cfn=(4532)
calls=2 0 
0 128
0 10
cfn=(6216)
calls=2 0 
0 618
0 18
cob=(2)
cfi=(2)
cfn=(4532)
calls=2 0 
0 104
0 8
cfn=(6194)
calls=2 0 
0 264
0 86
cob=(2)
cfi=(2)
cfn=(4206)
calls=2 0 
0 420
0 22
cob=(2)
cfi=(2)
cfn=(4532)
calls=2 0 
0 25
0 4
cob=(2)
cfi=(2)
cfn=(4206)
calls=2 0 
0 420
0 20
cob=(2)
cfi=(2)
cfn=(4532)
calls=2 0 
0 25
0 12
cfn=(6196)
calls=2 0 
0 347
0 6
cfn=(6198)
calls=2 0 
0 739
0 161
cfn=(6202)
calls=1 0 
0 386
0 21
cfn=(6202)
calls=1 0 
0 1189
0 40
cob=(2)
cfi=(2)
cfn=(4916)
calls=2 0 
0 146
0 52
cob=(2)
cfi=(2)
cfn=(4206)
calls=2 0 
0 254
0 32
cob=(2)
cfi=(2)
cfn=(4532)
calls=2 0 
0 25
0 4
cob=(2)
cfi=(2)
cfn=(4916)
calls=2 0 
0 146
0 20
cfn=(6206)
calls=2 0 
0 236
0 128
cfn=(6212)
calls=2 0 
0 392
0 126
cob=(2)
cfi=(2)
cfn=(4532)
calls=2 0 
0 128
0 10
cfn=(6216)
calls=2 0 
0 976
0 11
cfn=(6210)
calls=1 0 
0 326
0 6
cfn=(6214)
calls=1 0 
0 326
0 5

fn=(6188)
0 9013
cob=(2)
cfi=(2)
cfn=(5140)
calls=204 0 
0 3659
0 413
cob=(2)
cfi=(2)
cfn=(5140)
calls=1 0 
0 9
0 10576
cfn=(6232)
calls=202 0 
0 4646
0 6904
cfn=(6230) <matchit::params::Params>::for_each_key_mut::<<matchit::tree::Node<axum::routing::RouteId>>::at::{closure#0}>
calls=1 0 
0 8
0 3

fn=(6230)
0 8

fn=(6244)
0 52
cob=(2)
cfi=(2)
cfn=(4532)
calls=1 0 
0 29
0 13
cfn=(6246)
calls=1 0 
0 3334
0 8
cob=(2)
cfi=(2)
cfn=(4532)
calls=1 0 
0 29
0 5
cob=(2)
cfi=(2)
cfn=(4532)
calls=1 0 
0 29
0 30
cob=(2)
cfi=(2)
cfn=(4532)
calls=1 0 
0 29
0 9
cob=(2)
cfi=(2)
cfn=(4532)
calls=1 0 
0 52
0 5
cob=(2)
cfi=(2)
cfn=(4532)
calls=1 0 
0 52
0 11
cob=(2)
cfi=(2)
cfn=(4532)
calls=1 0 
0 29
0 103
cob=(2)
cfi=(2)
cfn=(4532)
calls=1 0 
0 29
0 7
cob=(2)
cfi=(2)
cfn=(4532)
calls=1 0 
0 29
0 2
cob=(2)
cfi=(2)
cfn=(4206)
calls=1 0 
0 41
0 42
cob=(2)
cfi=(2)
cfn=(4532)
calls=1 0 
0 29
0 2
cob=(2)
cfi=(2)
cfn=(4206)
calls=1 0 
0 342
0 17
cob=(2)
cfi=(2)
cfn=(4968)
calls=1 0 
0 35
0 13
cob=(2)
cfi=(2)
cfn=(4206)
calls=1 0 
0 41
0 134
cfn=(6300)
calls=1 0 
0 905
0 35
cfn=(6300)
calls=2 0 
0 535
0 38
cfn=(6360)
calls=1 0 
0 469
0 163
cob=(2)
cfi=(2)
cfn=(4532)
calls=1 0 
0 244
0 11
cob=(2)
cfi=(2)
cfn=(4532)
calls=1 0 
0 244
0 21
cob=(2)
cfi=(2)
cfn=(4532)
calls=1 0 
0 244
0 13
cob=(2)
cfi=(2)
cfn=(4532)
calls=1 0 
0 244
0 10
cob=(2)
cfi=(2)
cfn=(5214)
calls=1 0 
0 559
0 12
cob=(2)
cfi=(2)
cfn=(4532)
calls=1 0 
0 256
0 5
cfn=(5710)
calls=1 0 
0 82
0 12
cfn=(5712)
calls=1 0 
0 52
0 66

fn=(6340)
0 64692
cfn=(6438)
calls=1 0 
0 63
cfn=(6342)
calls=845 0 
0 76540
0 14669

fn=(6388)
0 85
cfn=(6390)
calls=1 0 
0 1823
0 12
cob=(2)
cfi=(2)
cfn=(4532)
calls=1 0 
0 148
0 29

fn=(6396)
0 273

fn=(6400)
0 66272
cfn=(6402)
calls=205 0 
0 35661
0 10171
cfn=(6426)
calls=1045 0 
0 28095
0 47154
cfn=(6402)
calls=201 0 
0 34974
0 1407
cfn=(6950)
calls=201 0 
0 5829
0 20071

fn=(6404)
0 14178

fn=(6458)
0 69

fn=(6462)
0 18
cfn=(6302)
calls=1 0 
0 60
0 17
cob=(2)
cfi=(2)
cfn=(6464) send
calls=1 0 
0 59
0 20

fn=(6474)
0 609

fn=(6496)
0 23632
cob=(2)
cfi=(2)
cfn=(6418)
calls=476 0 
0 5236
0 1115
cfn=(7278)
calls=223 0 
0 18955
0 1566

fn=(6502)
0 19

fn=(6536)
0 21306
cob=(2)
cfi=(2)
cfn=(4206)
calls=402 0 
0 53319
0 8812
cob=(2)
cfi=(2)
cfn=(4968)
calls=400 0 
0 4000
0 28
cob=(2)
cfi=(2)
cfn=(4968)
calls=2 0 
0 20
0 8844

fn=(6558)
0 369237

fn=(6594)
0 58042
cfn=(6626)
calls=3054 0 
0 24354
0 17001
cfn=(6342)
calls=201 0 
0 18291
0 31153

fn=(6606)
0 118708
cfn=(6588)
calls=1006 0 
0 17102
0 83234
cfn=(6392)
calls=1 0 
0 172
0 55
cfn=(6618)
calls=1 0 
0 47
0 111681
cfn=(6610)
calls=606 0 
0 60393
0 35937
cfn=(6608)
calls=1437 0 
0 288158
0 22702
cfn=(6610)
calls=431 0 
0 86545
0 18517
cfn=(6614)
calls=606 0 
0 715386
0 16544
cob=(2)
cfi=(2)
cfn=(4532)
calls=606 0 
0 17574
0 21380
cob=(2)
cfi=(2)
cfn=(4532)
calls=606 0 
0 17574
0 7878
cob=(2)
cfi=(2)
cfn=(4532)
calls=606 0 
0 17574
0 2424
cfn=(6616)
calls=606 0 
0 657210
0 14647
cfn=(6858)
calls=1 0 
0 120
0 7289
cob=(2)
cfi=(2)
cfn=(4532)
calls=606 0 
0 17574
0 25762
cfn=(6628)
calls=201 0 
0 114168
0 85475
cfn=(6628)
calls=1006 0 
0 244495
0 38228
cfn=(6624) <h2::proto::streams::prioritize::Prioritize>::reclaim_frame::<hyper::common::io::compat::Compat<tonic::transport::channel::service::io::BoxedIo>, hyper::proto::h2::SendBuf<bytes::bytes::Bytes>>
calls=1006 0 
0 32192
0 34203
cfn=(6624)
calls=1207 0 
0 110062
0 28360
cfn=(6594)
calls=1609 0 
0 93905
0 4223
cfn=(6780)
calls=201 0 
0 9849
0 603
cfn=(6764)
calls=201 0 
0 42411
0 11263
cfn=(6596)
calls=1609 0 
0 474021
0 5630
cob=(2)
cfi=(2)
cfn=(4532)
calls=603 0 
0 38592
0 6834
cob=(2)
cfi=(2)
cfn=(4532)
calls=402 0 
0 25728
0 1005
cob=(2)
cfi=(2)
cfn=(4532)
calls=201 0 
0 12864
0 2412
cfn=(6392)
calls=603 0 
0 909948
0 4221
cfn=(6624)
calls=603 0 
0 31155
0 609
cfn=(6392)
calls=1 0 
0 118
0 5
cfn=(6470)
calls=1 0 
0 19
0 18110
cfn=(6304)
calls=1006 0 
0 7042
0 5834
cfn=(6766)
calls=402 0 
0 3216
0 29174

fn=(6616)
0 45924
cfn=(6924)
calls=603 0 
0 18090
0 35577
cfn=(6926)
calls=603 0 
0 288373
0 8419
cob=(2)
cfi=(2)
cfn=(4532)
calls=603 0 
0 31356
0 4824
cob=(2)
cfi=(2)
cfn=(4532)
calls=603 0 
0 38592
0 17487
cfn=(6708)
calls=603 0 
0 71757
0 19505
cfn=(6620)
calls=2 0 
0 162
0 17497
cfn=(6902)
calls=603 0 
0 10251
0 12261
cfn=(6922)
calls=402 0 
0 9648
0 1608
cfn=(6922)
calls=201 0 
0 4824
0 4824
cfn=(6786)
calls=603 0 
0 34371
0 12663
cfn=(6896)
calls=201 0 
0 6432
0 2010
cfn=(6694)
calls=201 0 
0 19497
0 603
cfn=(6898)
calls=201 0 
0 37494
0 13266
cob=(2)
cfi=(2)
cfn=(4532)
calls=603 0 
0 31356
0 3015
cfn=(6902)
calls=603 0 
0 10251
0 4824
cfn=(6902)
calls=603 0 
0 10251
0 8691
cob=(2)
cfi=(2)
cfn=(4532)
calls=201 0 
0 12864
0 1005
cfn=(7272)
calls=201 0 
0 56079
0 2211
cob=(2)
cfi=(2)
cfn=(4532)
calls=402 0 
0 25728
0 2412
cfn=(6904)
calls=402 0 
0 492577
0 6231
cfn=(6922)
calls=603 0 
0 14472
0 4824
cfn=(6786)
calls=603 0 
0 61104
0 40455

fn=(6624)
0 61948
cfn=(6952)
calls=402 0 
0 77267
0 34194

fn=(6626)
0 24366

fn=(6634)
0 1612
cfn=(6636)
calls=403 0 
0 2044694

fn=(6666)
0 31782

fn=(6750)
0 42068
cfn=(6304)
calls=1646 0 
0 11522
0 9914
cfn=(6766)
calls=842 0 
0 6736
0 21398

fn=(6752)
0 19296
cfn=(6754)
calls=201 0 
0 47418
0 1206
cob=(2)
cfi=(2)
cfn=(4916)
calls=201 0 
0 32972
0 1809
cfn=(6758)
calls=201 0 
0 4623
0 3015
cfn=(6612)
calls=201 0 
0 21607
0 2211
cfn=(6822)
calls=201 0 
0 2613
0 7638

fn=(6762)
0 49647
cfn=(6764)
calls=402 0 
0 53667
0 11055

fn=(6764)
0 119193
cfn=(6782)
calls=402 0 
0 10653
0 36180
cfn=(6820)
calls=402 0 
0 18090
0 10452

fn=(6772)
0 7236
cfn=(6304)
calls=201 0 
0 1407
0 1407
cfn=(6766)
calls=201 0 
0 1608
0 1809

fn=(6802)
0 416

fn=(6804)
0 24
cfn=(6806)
calls=4 0 
0 1870
0 48
cob=(2)
cfi=(2)
cfn=(4532)
calls=1 0 
0 64
0 17

fn=(6816)
0 21105
cob=(2)
cfi=(2)
cfn=(4532)
calls=603 0 
0 10251
0 22311
cob=(2)
cfi=(2)
cfn=(4532)
calls=603 0 
0 9045
0 21708
cob=(2)
cfi=(2)
cfn=(4532)
calls=603 0 
0 9045
0 21708
cob=(2)
cfi=(2)
cfn=(4532)
calls=603 0 
0 8442
0 12663

fn=(6828)
0 3232
cob=(2)
cfi=(2)
cfn=(4916)
calls=202 0 
0 15438

fn=(6832)
0 2412
cfn=(6834)
calls=402 0 
0 116580
0 4422
cfn=(7174)
calls=201 0 
0 59512
cfn=(6840)
calls=201 0 
0 5427
0 2814
cob=(2)
cfi=(2)
cfn=(4916)
calls=402 0 
0 55301

fn=(6884)
0 60
cfn=(5414)
calls=4 0 
0 1943
0 36

fn=(6886)
0 3248
cob=(2)
cfi=(2)
cfn=(4532)
calls=203 0 
0 3045
0 2030

fn=(6890)
0 180
cob=(2)
cfi=(2)
cfn=(4206)
calls=15 0 
0 1122
0 144
cob=(2)
cfi=(2)
cfn=(4532)
calls=9 0 
0 90
0 24
cob=(2)
cfi=(2)
cfn=(4532)
calls=6 0 
0 69
0 255

fn=(6908)
0 44823

fn=(6914)
0 53868

fn=(6956)
0 4422
cfn=(6958)
calls=402 0 
0 40200
0 12864

fn=(6968)
0 5644
cfn=(6746)
calls=201 0 
0 1109509
0 2602
cfn=(6970)
calls=440 0 
0 2963688
0 3395
cfn=(6748)
calls=239 0 
0 27010
0 4938
cfn=(6682)
calls=201 0 
0 119997
0 1005
cfn=(7122)
calls=201 0 
0 22311
0 2412
cfn=(7124)
calls=201 0 
0 68180
0 2890
cfn=(7138)
calls=201 0 
0 4020
0 1206
cfn=(7140) <http_body_util::combinators::map_err::MapErr<http_body_util::combinators::map_err::MapErr<tonic::service::recover_error::ResponseBody<tonic::body::Body>, <tonic::status::Status as core::convert::Into<alloc::boxed::Box<dyn core::error::Error + core::marker::Send + core::marker::Sync>>>::into>, <tonic::status::Status>::map_error<alloc::boxed::Box<dyn core::error::Error + core::marker::Send + core::marker::Sync>>> as http_body::Body>::size_hint
calls=201 0 
0 6432
0 4422
cfn=(7146)
calls=201 0 
0 403872
0 8572
cfn=(7002)
calls=201 0 
0 4020
0 2613

fn=(6972)
0 2010
cfn=(6974)
calls=201 0 
0 3819
0 2412

fn=(6976)
0 3819
cfn=(6962)
calls=201 0 
0 12496
0 2814
cob=(2)
cfi=(2)
cfn=(4206)
calls=201 0 
0 9229
0 3606
cob=(2)
cfi=(2)
cfn=(4532)
calls=200 0 
0 5800
0 10
cob=(2)
cfi=(2)
cfn=(4532)
calls=1 0 
0 29
0 1608

fn=(6990)
0 7035
cfn=(5048)
calls=201 0 
0 14070
0 1608
cfn=(5048)
calls=201 0 
0 15657
0 4422

fn=(7022)
0 607
cfn=(7558)
calls=1 0 
0 78
0 201

fn=(7044)
0 8420
cfn=(7046)
calls=842 0 
0 352087
0 19866
cfn=(7046)
calls=402 0 
0 353284
0 10050

fn=(7078)
0 3618
cfn=(7238)
calls=201 0 
0 304049
0 1407
cfn=(7166)
calls=201 0 
0 41004
0 402
cob=(2)
cfi=(2)
cfn=(4916)
calls=201 0 
0 13065
0 3216

fn=(7114)
0 1608

fn=(7118)
0 1206
cfn=(7120)
calls=201 0 
0 5025
0 1407

fn=(7136)
0 377
cob=(2)
cfi=(2)
cfn=(4532)
calls=29 0 
0 290
0 174

fn=(7140)
0 2010
cfn=(7142)
calls=201 0 
0 3819
0 603

fn=(7158)
0 6432
cob=(2)
cfi=(2)
cfn=(4206)
calls=201 0 
0 8241
0 8440
cob=(2)
cfi=(2)
cfn=(4206)
calls=201 0 
0 9176
0 5023

fn=(7168)
0 10854

fn=(7170)
0 15276
cfn=(7172)
calls=201 0 
0 198403
0 3015
cob=(2)
cfi=(2)
cfn=(4532)
calls=603 0 
0 38544
0 7236

fn=(7208)
0 4221
cob=(2)
cfi=(2)
cfn=(4532)
calls=201 0 
0 5829
0 1005
cfn=(7210)
calls=201 0 
0 28754
0 804
cfn=(7212)
calls=201 0 
0 5226
0 1206

fn=(7232)
0 2613

fn=(7504)
0 363

fn=(7506)
0 16

fn=(7600)
0 12

fn=(7630)
0 22
cfn=(7566)
calls=1 0 
0 289
0 5
cfn=(6848)
calls=1 0 
0 56
0 13
cfn=(7632)
calls=1 0 
0 26
0 2
cob=(2)
cfi=(2)
cfn=(4916)
calls=1 0 
0 200
0 6

fn=(7644)
0 10
cfn=(7584)
calls=1 0 
0 896
0 2
cfn=(7646)
calls=1 0 
0 1450
0 2
cfn=(7608)
calls=1 0 
0 4421
0 2
cfn=(7610)
calls=1 0 
0 10
0 6
cfn=(7612)
calls=1 0 
0 100

fn=(7660)
0 16
cfn=(7662)
calls=1 0 
0 180
0 16

fn=(7706)
0 22
cfn=(5182)
calls=1 0 
0 26
0 34
cob=(2)
cfi=(2)
cfn=(6418)
calls=1 0 
0 11
0 16

fn=(7750) std::sys::thread_local::guard::key::enable::run
0 116

fn=(7872)
0 21
cfn=(6340)
calls=3 0 
0 201
0 45
cob=(2)
cfi=(2)
cfn=(4916)
calls=3 0 
0 203

fn=(7892)
0 20

fn=(7966)
0 10
cfn=(7968)
calls=1 0 
0 101
0 14
cfn=(7972)
calls=1 0 
0 144
0 14

fn=(7980)
0 20
cfn=(7977)
calls=1 0 
0 63
0 3

ob=(2)
fl=(2)
fn=(4294) 0x00000000000a07f0
0 184
cfn=(4310) __default_morecore
calls=2 0 
0 94
0 61
cfn=(4310)
calls=1 0 
0 25
0 21

fn=(4388) 0x000000000008d060
0 1060

fn=(4416) _IO_file_open
0 25
cfn=(4400) _IO_link_in
calls=1 0 
0 17
0 6
cfn=(4418) __open_nocancel
calls=1 0 
0 23
0 2

fn=(4462) _IO_file_stat
0 2
cfn=(4464) fstat
calls=1 0 
0 5

fn=(4464)
0 5

fn=(4476) _IO_file_read
0 20
cfn=(4478) __read_nocancel
calls=5 0 
0 25

fn=(3300) strcmp
0 18

fn=(3316) memcpy
0 63

fn=(3366) memmove
0 63

fn=(3904) getrlimit
0 18

fn=(4184)
0 23
cfn=(4186)
calls=1 0 
0 92
0 9

fn=(4196)
0 65
cfn=(4198)
calls=5 0 
0 90
0 243
cfn=(4502)
calls=5 0 
0 1162
0 5
0 35
cfn=(4964) pthread_getaffinity_np
calls=5 0 
0 175
0 50
cfn=(4982) pthread_attr_setaffinity_np
calls=5 0 
0 2861
0 15
cob=(4) ???
cfi=(4) ???
cfn=(4914) 0x00000000049a73d0
calls=5 0 
0 362
0 38
cfn=(4200) fopen
calls=1 0 
0 2215
0 6
cfn=(3904)
calls=1 0 
0 9
0 5
cfn=(4918) fclose
calls=1 0 
0 404
0 250
cfn=(4564) __isoc23_sscanf
calls=45 0 
0 85361
0 717
cfn=(4446) getline
calls=45 0 
0 8168
0 137
cob=(4)
cfi=(4)
cfn=(4914)
calls=1 0 
0 66
0 23

fn=(5008)
0 47
cob=(4)
cfi=(4)
cfn=(4914)
calls=5 0 
0 362
0 10
cob=(4)
cfi=(4)
cfn=(4914)
calls=5 0 
0 362
0 23

fn=(5114)
0 30

fn=(5214)
0 12978
cfn=(5216) 0x00000000000a2ea0
calls=618 0 
0 326967
0 6180

fn=(5424)
0 195
cfn=(4990) calloc
calls=15 0 
0 1330
0 15
0 180
cfn=(5426) pthread_mutex_lock
calls=15 0 
0 585
0 75
cfn=(5432) pthread_mutex_unlock
calls=15 0 
0 579
0 165
cob=(1) /usr/lib/x86_64-linux-gnu/ld-linux-x86-64.so.2
cfi=(1) ???
cfn=(5430) _dl_find_dso_for_object
calls=15 0 
0 435
0 15
0 75

fn=(5490) 0x000000000008ecc0
0 19
cob=(1)
cfi=(1)
cfn=(1454) 0x00000000000024a0
calls=1 0 
0 924
0 19

fn=(5566) 0x0000000000092630
0 148
cfn=(5574) 0x0000000000110700
calls=4 0 
0 271
0 72

fn=(5686)
0 10

fn=(5848)
0 8
cfn=(4172) 0x000000000008f6a0
calls=1 0 
0 54
0 2

fn=(6148)
0 16

fn=(7768) 0x00000000000a59c0
0 1292
cfn=(4916)
calls=248 0 
0 47141
0 2784
cfn=(4916)
calls=4 0 
0 742
0 120
cfn=(7770) 0x00000000001543f0
calls=4 0 
0 44
0 4
cfn=(7776) 0x0000000000128b00
calls=4 0 
0 100
0 4
cfn=(7788) 0x00000000000bbb00
calls=4 0 
0 60
0 4
cfn=(7794) 0x000000000008f4f0
calls=4 0 
0 28
0 8

fn=(7770)
0 44

fn=(4206)
0 529882
cfn=(4248) 0x00000000000a2250
calls=1 0 
0 472
0 44796
cfn=(4254) 0x00000000000a12a0
calls=3437 0 
0 702981
0 68234
cfn=(4208) 0x000000000009f160
calls=1 0 
0 1112
0 222
cfn=(4254)
calls=55 0 
0 7948
0 385

fn=(4208)
0 793
cob=(1)
cfi=(1)
cfn=(218) __tunable_get_val
calls=1 0 
0 21
0 1
0 4
cob=(1)
cfi=(1)
cfn=(218)
calls=1 0 
0 22
0 1
0 4
cob=(1)
cfi=(1)
cfn=(218)
calls=1 0 
0 21
0 1
0 4
cob=(1)
cfi=(1)
cfn=(218)
calls=1 0 
0 21
0 1
0 4
cob=(1)
cfi=(1)
cfn=(218)
calls=1 0 
0 22
0 1
0 4
cob=(1)
cfi=(1)
cfn=(218)
calls=1 0 
0 21
0 1
0 4
cob=(1)
cfi=(1)
cfn=(218)
calls=1 0 
0 21
0 1
0 4
cob=(1)
cfi=(1)
cfn=(218)
calls=1 0 
0 21
0 1
0 4
cob=(1)
cfi=(1)
cfn=(218)
calls=1 0 
0 21
0 1
0 4
cob=(1)
cfi=(1)
cfn=(218)
calls=1 0 
0 21
0 1
0 4
cob=(1)
cfi=(1)
cfn=(218)
calls=1 0 
0 21
0 1
0 4
cob=(1)
cfi=(1)
cfn=(218)
calls=1 0 
0 21
0 1
0 9

fn=(4312) sbrk
0 51
cfn=(4314) brk
calls=2 0 
0 16
0 16
cfn=(4314)
calls=1 0 
0 8
0 4

fn=(4360) 0x000000000009e650
0 6036

fn=(4402) 0x000000000008fd60
0 588

fn=(4456) _IO_file_underflow
0 103
cfn=(4474) _IO_switch_to_get_mode
calls=5 0 
0 120
0 80
cfn=(4476)
calls=5 0 
0 45
0 85
cfn=(4458) _IO_doallocbuf
calls=1 0 
0 279
0 4

fn=(4458)
0 17
cfn=(4460) _IO_file_doallocate
calls=1 0 
0 256
0 6

fn=(3284) 0x00000000000bb960
0 29

fn=(3304) memset
0 66

fn=(3324) rindex
0 24

fn=(3326) wcscmp
0 24

fn=(3330) wmemchr
0 44

fn=(3344) strchrnul
0 24

fn=(3352) strcasecmp_l
0 20

fn=(3364) stpcpy
0 16

fn=(3376) strncasecmp
0 20

fn=(3902) __ctype_init
0 80

fn=(4068) 0x0000000000029b00
0 22

fn=(4154) _setjmp
0 10
cfn=(4156) __sigsetjmp
calls=5 0 
0 130

fn=(4186)
0 100
cfn=(4188) __libc_sigaction
calls=5 0 
0 264

fn=(4192) getpagesize
0 90

fn=(4564)
0 1035
cfn=(4386) 0x000000000008d0d0
calls=45 0 
0 2025
0 315
cfn=(4572) 0x000000000008e420
calls=45 0 
0 4832
0 495
cfn=(4600) 0x0000000000065070
calls=45 0 
0 76299
0 360

fn=(4956) _IO_file_close
0 2
cfn=(4958) __close_nocancel
calls=1 0 
0 5

fn=(4958)
0 5

fn=(4982)
0 80
cfn=(4984) 0x0000000000090cb0
calls=5 0 
0 1464
0 40
cfn=(4502)
calls=5 0 
0 1162
0 5
0 45
cfn=(4532)
calls=5 0 
0 55
0 5
0 5

fn=(5216)
0 45044
cfn=(5240) 0x00000000000a27e0
calls=534 0 
0 262932
0 16479
cfn=(5240)
calls=2 0 
0 768
0 1744

fn=(5432)
0 810

fn=(5488)
0 16
cfn=(5426)
calls=1 0 
0 39
0 3
cfn=(5490)
calls=1 0 
0 962
0 5
cfn=(5432)
calls=1 0 
0 36
0 8

fn=(5548)
0 48

fn=(5856) 0x000000000009a9c0
0 46228

fn=(5876) 0x0000000000087d50
0 84
cfn=(5880) 0x0000000000062600
calls=4 0 
0 1812
0 24
cfn=(5990) 0x0000000000059da0
calls=4 0 
0 68
0 24

fn=(6054) prctl
0 24

fn=(7838) 0x0000000000043760
0 12

fn=(8208) _IO_flush_all
0 15
cfn=(4402)
calls=1 0 
0 12
0 138
cfn=(4406) 0x000000000008fdb0
calls=1 0 
0 9
0 18

fn=(4572)
0 765
cfn=(4578)
calls=45 0 
0 1502
0 45
0 270
cfn=(4472) _IO_setb
calls=45 0 
0 1215
0 1035

fn=(4174) 0x000000000008f620
0 66100
cfn=(5856)
calls=3302 0 
0 46228
0 23154

fn=(4198)
0 72
cfn=(4192)
calls=9 0 
0 45
0 45

fn=(4386)
0 460
cfn=(4388)
calls=46 0 
0 1060
0 559

fn=(4398) 0x0000000000089db0
0 5
cfn=(4400)
calls=1 0 
0 94
0 3

fn=(4418)
0 23

fn=(4454) __underflow
0 141
cfn=(4456)
calls=5 0 
0 716
0 18

fn=(3334) strcasecmp
0 20

fn=(3338) wcscpy
0 15

fn=(3356) strlen
0 72

fn=(3918) 0x0000000000043620
0 17

fn=(4046) 0x0000000000167730
0 28

fn=(4060) 0x0000000000029a90
0 11

fn=(4482) 0x0000000000162140
0 1932

fn=(4964)
0 80
cfn=(4968)
calls=5 0 
0 75
0 5
0 15

fn=(5140)
0 56603

fn=(5168) 0x0000000000104a80
0 45

fn=(5240)
0 10184
cfn=(4254)
calls=536 0 
0 144044
0 17632
cfn=(5254) 0x00000000000a0460
calls=417 0 
0 35922
0 13937
cfn=(5272) 0x000000000009f040
calls=536 0 
0 33287
0 6146
cfn=(5306) 0x000000000009ffe0
calls=51 0 
0 2497
0 51

fn=(5550)
0 24

fn=(5562) 0x000000000008ff50
0 52

fn=(5576) 0x0000000000110690
0 17
cfn=(5580) 0x00000000001107d0
calls=1 0 
0 15
0 23

fn=(5990)
0 68

fn=(6046)
0 43

fn=(6052)
0 48
cfn=(4578)
calls=4 0 
0 52
0 4
0 72
cfn=(6054)
calls=4 0 
0 24
0 12

fn=(6418)
0 23727

fn=(6442)
0 6

fn=(6464)
0 7
cfn=(4172)
calls=1 0 
0 50
0 2

fn=(7280)
0 1582
cfn=(4172)
calls=226 0 
0 11300
0 452

fn=(7722) __call_tls_dtors
0 75
cob=(7)
cfi=(7)
cfn=(7996)
calls=1 0 
0 131
cob=(7)
cfi=(7)
cfn=(7724)
calls=4 0 
0 1004
0 70
cob=(7)
cfi=(7)
cfn=(7728)
calls=5 0 
0 165
cob=(7)
cfi=(7)
cfn=(7726)
calls=5 0 
0 35
0 60
cob=(4)
cfi=(4)
cfn=(4914)
calls=15 0 
0 1710
0 65

fn=(8206) 0x000000000008d9f0
0 11
cfn=(8208)
calls=1 0 
0 192
0 6
cfn=(4402)
calls=1 0 
0 12
0 149
cfn=(4406)
calls=1 0 
0 9
0 18

fn=(4170)
0 7
cfn=(4172)
calls=1 0 
0 19
0 2

fn=(4254)
0 324643
cfn=(7344) 0x000000000009ee90
calls=444 0 
0 64054
0 340068
cfn=(5338) 0x000000000009edb0
calls=1520 0 
0 37555
0 50430
cfn=(5338)
calls=13 0 
0 299
0 475
cfn=(5338)
calls=95 0 
0 3040
0 864
cfn=(4360)
calls=108 0 
0 432
0 5604
cfn=(4360)
calls=1401 0 
0 5604
0 25619
cfn=(4294)
calls=2 0 
0 385
0 454

fn=(4414) _IO_file_fopen
0 72
cfn=(4416)
calls=1 0 
0 73
0 6
cfn=(4420) 0x00000000000aacd0
calls=1 0 
0 54
0 30

fn=(4420)
0 17
cfn=(4426) 0x0000000000164cc0
calls=1 0 
0 20
0 1
0 16

fn=(4460)
0 19
cfn=(4462)
calls=1 0 
0 7
0 12
cob=(4)
cfi=(4)
cfn=(4204) 0x00000000049a73d8
calls=1 0 
0 175
0 7
cfn=(4472)
calls=1 0 
0 27
0 9

fn=(3296) strnlen
0 48

fn=(3302) wcsnlen
0 18

fn=(3354) wcscat
0 17

fn=(3370) strspn
0 6

fn=(3900) __libc_early_init
0 9
cob=(1)
cfi=(1)
cfn=(218)
calls=1 0 
0 22
0 1
0 4
cob=(1)
cfi=(1)
cfn=(218)
calls=1 0 
0 22
0 1
0 4
cob=(1)
cfi=(1)
cfn=(218)
calls=1 0 
0 22
0 1
0 4
cob=(1)
cfi=(1)
cfn=(218)
calls=1 0 
0 22
0 1
0 4
cob=(1)
cfi=(1)
cfn=(218)
calls=1 0 
0 22
0 1
0 16
cfn=(3902)
calls=1 0 
0 16
0 7
cfn=(3904)
calls=1 0 
0 9
0 30
cfn=(3906) 0x0000000000095450
calls=1 0 
0 90
0 2
cfn=(3918)
calls=1 0 
0 17
0 6

fn=(4532)
0 2597048

fn=(4916)
0 1010477
cfn=(6250) 0x00000000000a05a0
calls=4253 0 
0 535869
0 5037
cfn=(4248)
calls=4 0 
0 4973
0 12

fn=(4920) _IO_un_link
0 13
cfn=(4402)
calls=1 0 
0 12
0 38
cfn=(4406)
calls=1 0 
0 9
0 17

fn=(4962) _IO_default_finish
0 15

fn=(5108)
0 40
cfn=(4172)
calls=2 0 
0 38
0 14

fn=(5116)
0 10

fn=(5154)
0 18
cfn=(4968)
calls=1 0 
0 18
0 1
0 3

fn=(5166)
0 45
cfn=(5168)
calls=3 0 
0 45
0 15

fn=(5306)
0 2236
cfn=(7344)
calls=1 0 
0 132
0 129

fn=(5552)
0 92
cfn=(4192)
calls=4 0 
0 20
0 688
cfn=(5566)
calls=4 0 
0 491
0 60
cfn=(4188)
calls=1 0 
0 48
0 30
cfn=(5564) _IO_enable_locks
calls=1 0 
0 38
0 66
cfn=(5016)
calls=4 0 
0 88
0 84
cfn=(5018)
calls=4 0 
0 20
0 52
cob=(1)
cfi=(1)
cfn=(5556) _dl_allocate_tls
calls=4 0 
0 3040
0 4
0 48
cfn=(5562)
calls=4 0 
0 52
0 24

fn=(5702)
0 10

fn=(5938) 0x0000000000058900
0 392

fn=(6008) 0x00000000001110c0
0 143
cob=(1)
cfi=(1)
cfn=(218)
calls=1 0 
0 22
0 1
0 5

fn=(6058) 0x000000000009f640
0 148
cfn=(6074) 0x000000000009f5e0
calls=4 0 
0 545
0 3280

fn=(6408)
0 8072
cfn=(4172)
calls=1009 0 
0 50450
0 2018

fn=(7732) 0x00000000000901c0
0 1904
cob=(7)
cfi=(7)
cfn=(7750)
calls=4 0 
0 116
0 808

fn=(7986) exit
0 5
cfn=(7988) 0x00000000000420d0
calls=1 0 
0 2499

fn=(4600)
0 2250
cfn=(4402)
calls=45 0 
0 540
0 7605
cfn=(4406)
calls=45 0 
0 405
0 5445
cfn=(4650) _IO_sputbackc
calls=90 0 
0 1980
0 30190
cfn=(4650)
calls=90 0 
0 1980
0 1128
cfn=(4716) __strtoul_internal
calls=90 0 
0 23606
0 1170

fn=(4116) 0x0000000000041a00
0 31

fn=(4310)
0 12
cfn=(4312)
calls=3 0 
0 95
0 12

fn=(3298) strpbrk
0 6

fn=(3312) memrchr
0 24

fn=(3314) wcsncpy
0 17

fn=(3322) __memset_chk
0 22

fn=(3374) mempcpy
0 21

fn=(4032) 0x0000000000029a20
0 30
cfn=(4046)
calls=1 0 
0 28
0 1
0 12

fn=(5012)
0 70

fn=(5016)
0 281

fn=(5164)
0 42

fn=(5184)
0 77700

fn=(5564)
0 38

fn=(5892) 0x000000000005a2b0
0 220
cfn=(4532)
calls=8 0 
0 96
0 8
0 136

fn=(6048)
0 15

fn=(6074)
0 121
cfn=(5016)
calls=1 0 
0 17
0 23
cfn=(5018)
calls=4 0 
0 20
0 24
cfn=(6008)
calls=4 0 
0 68
0 85
cfn=(5016)
calls=3 0 
0 66
0 43
cfn=(6096)
calls=2 0 
0 10
0 4
cfn=(6096)
calls=1 0 
0 5
0 17
cfn=(6096)
calls=1 0 
0 5
0 37

fn=(7788)
0 16
cob=(4)
cfi=(4)
cfn=(4914)
calls=4 0 
0 16
0 12
cob=(4)
cfi=(4)
cfn=(4914)
calls=4 0 
0 16

fn=(7852) madvise
0 20

fn=(7902)
0 180
cfn=(7938) 0x0000000000090320
calls=4 0 
0 208
0 72
cfn=(7922) _pthread_cleanup_push
calls=4 0 
0 24
0 28
cfn=(7930) _pthread_cleanup_pop
calls=4 0 
0 20
0 4

fn=(7938)
0 208

fn=(4190)
0 43
cfn=(4192)
calls=1 0 
0 5
0 4

fn=(4314)
0 24

fn=(4400)
0 43
cfn=(4402)
calls=1 0 
0 12
0 23
cfn=(4406)
calls=1 0 
0 9
0 24

fn=(4406)
0 441

fn=(3318) wcschr
0 48

fn=(3320) index
0 18

fn=(3336) strcspn
0 6

fn=(3340) strcat
0 16

fn=(3368) memchr
0 22

fn=(4650)
0 3960

fn=(4984)
0 35
cfn=(4990)
calls=5 0 
0 1394
0 5
0 30

fn=(4990)
0 1435
cfn=(4254)
calls=4 0 
0 576
0 21
cfn=(4254)
calls=7 0 
0 1030
0 136
cfn=(4968)
calls=9 0 
0 265
0 9
0 356

fn=(5030)
0 42

fn=(5122)
0 72
cfn=(4172)
calls=8 0 
0 338
0 16

fn=(5162)
0 5

fn=(5496) 0x000000000015fcf0
0 50
cob=(1)
cfi=(1)
cfn=(5430)
calls=1 0 
0 29
0 1
0 16
cob=(1)
cfi=(1)
cfn=(3074) 0x000000000000ae90
calls=1 0 
0 732
0 7

fn=(5580)
0 15

fn=(6250)
0 68
cfn=(5272)
calls=2 0 
0 78
0 136252
cfn=(5254)
calls=3262 0 
0 371756
0 27931

fn=(6366)
0 5

fn=(6568)
0 6461
cfn=(4172)
calls=923 0 
0 46158
0 1846

fn=(4108) __cxa_atexit
0 17
cfn=(4116)
calls=1 0 
0 31
0 22

fn=(4200)
0 10
cob=(4)
cfi=(4)
cfn=(4204)
calls=1 0 
0 1780
0 12
cfn=(4386)
calls=1 0 
0 54
0 4
cfn=(4398)
calls=1 0 
0 102
0 5
cfn=(4414)
calls=1 0 
0 235
0 13

fn=(4248)
0 37
cfn=(4254)
calls=1 0 
0 360
0 483
cfn=(6058)
calls=4 0 
0 3973
0 16
cfn=(4254)
calls=4 0 
0 536
0 40

fn=(4472)
0 1272
cob=(4)
cfi=(4)
cfn=(4914)
calls=1 0 
0 66
0 2

fn=(3308) __mempcpy_chk
0 21

fn=(4194)
0 18

fn=(4478)
0 25

fn=(4504) 0x00000000000a2380
0 765
cfn=(4254)
calls=10 0 
0 2051
0 170
cfn=(4532)
calls=10 0 
0 418
0 10
0 497
cfn=(5338)
calls=3 0 
0 63
0 20
cfn=(6250)
calls=2 0 
0 216
0 22

fn=(4716)
0 23606

fn=(4918)
0 16
cfn=(4960) _IO_file_finish
calls=1 0 
0 27
0 15
cob=(4)
cfi=(4)
cfn=(4914)
calls=1 0 
0 66
0 6
cfn=(4920)
calls=1 0 
0 86
0 18
cfn=(4952) _IO_file_close_it
calls=1 0 
0 166
0 4

fn=(4952)
0 15
cfn=(4954) _IO_unsave_markers
calls=1 0 
0 8
0 10
cfn=(4956)
calls=1 0 
0 7
0 9
cfn=(4472)
calls=1 0 
0 98
0 6
cfn=(4920)
calls=1 0 
0 3
0 10

fn=(4954)
0 8

fn=(4968)
0 9038

fn=(5006)
0 40

fn=(5022)
0 15

fn=(5090) 0x0000000000166960
0 105

fn=(5272)
0 112058
cfn=(5338)
calls=1617 0 
0 34272
0 47004

fn=(5426)
0 819

fn=(5494) 0x000000000008f330
0 6
cfn=(5496)
calls=1 0 
0 835
0 3

fn=(5604) clone
0 100
cfn=(5860) 0x00000000000928e0
calls=4 0 
0 22721637

fn=(5692)
0 5

fn=(5874) snprintf
0 72
cfn=(5876)
calls=4 0 
0 2012
0 20

fn=(6352)
0 14
cfn=(4172)
calls=2 0 
0 104
0 4

fn=(7778) 0x0000000000130140
0 64

fn=(7922)
0 24

fn=(7930)
0 20

fn=(4106)
0 17
cfn=(4108)
calls=1 0 
0 70
0 12
cob=(1)
cfi=(1)
cfn=(4150) _dl_audit_preinit
calls=1 0 
0 4
0 1
0 6
cfn=(4152) 0x0000000000029c30
calls=1 0 
0 3459802
0 11
cob=(4)
cfi=(4)
cfn=(4136) 0x0000000000e0b674
calls=1 0 
0 6
0 20
cob=(7)
cfi=(7)
cfn=(4142)
calls=1 0 
0 12
0 4
cob=(7)
cfi=(7)
cfn=(4140)
calls=1 0 
0 4
0 9

fn=(4426)
0 20

fn=(4446)
0 135
cfn=(4448) getdelim
calls=45 0 
0 8033

fn=(4448)
0 1789
cfn=(4502)
calls=1 0 
0 347
0 1
0 12
cfn=(4532)
calls=1 0 
0 21
0 1
0 192
cfn=(4532)
calls=48 0 
0 933
0 48
0 155
cfn=(4454)
calls=4 0 
0 472
0 40
cfn=(4482)
calls=4 0 
0 129
0 4
0 180
cfn=(4482)
calls=45 0 
0 1803
0 45
0 1030
cob=(4)
cfi=(4)
cfn=(4204)
calls=1 0 
0 191
0 231
cfn=(4454)
calls=1 0 
0 403
0 6

fn=(4474)
0 120

fn=(3328) stpncpy
0 18

fn=(3346) bcmp
0 92

fn=(3348) wmemset
0 36

fn=(3350) strcpy
0 16

fn=(3906)
0 8
cob=(1)
cfi=(1)
cfn=(218)
calls=1 0 
0 22
0 1
0 4
cob=(1)
cfi=(1)
cfn=(218)
calls=1 0 
0 21
0 1
0 4
cob=(1)
cfi=(1)
cfn=(218)
calls=1 0 
0 22
0 1
0 6

fn=(5014)
0 1305

fn=(5120)
0 28
cfn=(4172)
calls=4 0 
0 76
0 8

fn=(5160)
0 5

fn=(5690)
0 5

fn=(5866) 0x0000000000092820
0 140
cfn=(5874)
calls=4 0 
0 2104
0 16
cfn=(6008)
calls=4 0 
0 103
0 156

fn=(5880)
0 96
cfn=(5884) 0x0000000000164f00
calls=4 0 
0 72
0 4
0 28
cfn=(5892)
calls=4 0 
0 188
0 248
cfn=(5884)
calls=4 0 
0 72
0 4
0 24
cfn=(5892)
calls=4 0 
0 68
0 76
cfn=(5938)
calls=4 0 
0 392
0 172
cfn=(5892)
calls=4 0 
0 204
0 164

fn=(6096)
0 40

fn=(6338)
0 9040
cfn=(4172)
calls=1130 0 
0 56500
0 2260

fn=(8264) _Exit
0 3

fn=(7344)
0 84613
cfn=(5338)
calls=99 0 
0 2052
0 2460
cfn=(5338)
calls=110 0 
0 2284
0 220

fn=(7794)
0 28

fn=(8070)
0 176
cfn=(8072) 0x00000000000f8130
calls=4 0 
0 60
0 48

fn=(8072)
0 60

fn=(4578)
0 1679

fn=(4152)
0 8
cfn=(4154)
calls=1 0 
0 28
0 14
cob=(7)
cfi=(7)
cfn=(4166)
calls=1 0 
0 3457246
0 2
cfn=(7986)
calls=1 0 
0 2504

fn=(4156)
0 130

fn=(4188)
0 312

fn=(3306) wcslen
0 18

fn=(3310) __memcpy_chk
0 21

fn=(3332) strncmp
0 20

fn=(3342) strncasecmp_l
0 20

fn=(3358) strncpy
0 36

fn=(3360) wmemcmp
0 23

fn=(3362) __memmove_chk
0 21

fn=(3372) wcpncpy
0 17

fn=(4172)
0 9936
cfn=(4174)
calls=3312 0 
0 135482
0 19888

fn=(4502)
0 480
cfn=(4206)
calls=10 0 
0 2084
0 993
cfn=(4504)
calls=13 0 
0 3906
0 436
cfn=(4504)
calls=2 0 
0 326
0 24

fn=(4960)
0 12
cfn=(4962)
calls=1 0 
0 15

fn=(5018)
0 65

fn=(5062)
0 190
cfn=(4172)
calls=5 0 
0 219
0 25

fn=(5086)
0 34
cfn=(4578)
calls=2 0 
0 26
0 2
0 1062
cfn=(5090)
calls=4 0 
0 105
0 4
0 32

fn=(5254)
0 31859
cfn=(7344)
calls=122 0 
0 27443
0 113236
cfn=(5338)
calls=823 0 
0 17672
0 22074
cfn=(5272)
calls=3679 0 
0 159969
0 35425

fn=(5338)
0 97237

fn=(5574)
0 44
cfn=(5576)
calls=4 0 
0 55
0 68
cfn=(5604)
calls=4 0 
0 72
0 32

fn=(5688)
0 12

fn=(5860)
0 60
cfn=(3902)
calls=4 0 
0 64
0 12
cfn=(5866)
calls=4 0 
0 2355
0 72
cfn=(4154)
calls=4 0 
0 112
0 104
cfn=(7722)
calls=4 0 
0 2736
0 4
cfn=(7732)
calls=4 0 
0 2828
0 4
cfn=(7768)
calls=4 0 
0 52331
0 120
cfn=(7838)
calls=4 0 
0 12
0 24
cfn=(4192)
calls=4 0 
0 20
0 80
cfn=(5866)
calls=4 0 
0 164
0 8
cob=(7)
cfi=(7)
cfn=(6042)
calls=4 0 
0 22660483
0 20
cfn=(7852)
calls=4 0 
0 20
0 4

fn=(5884)
0 144

fn=(6050)
0 132

fn=(7776)
0 8
cfn=(7778)
calls=4 0 
0 64
0 28

fn=(7988)
0 62
cfn=(8264)
calls=1 0 
0 3
0 13
cob=(1)
cfi=(1)
cfn=(8016) 0x0000000000005aa0
calls=1 0 
0 1437
0 5
cfn=(8206)
calls=1 0 
0 397
0 2
cfn=(7722)
calls=1 0 
0 579
0 1

ob=(3)
fl=(3)
fn=(3484) log2
0 8

fn=(3520) __atan2_finite
0 8

fn=(3474) __exp_finite
0 8

fn=(3500) atan
0 8

fn=(3512) expm1
0 8

fn=(8156) 0x0000000000011360
0 9
cob=(4)
cfi=(4)
cfn=(8162) 0x00000000048a0280
calls=1 0 
0 72
0 1
cfn=(8166) 0x00000000000112f0
calls=1 0 
0 5
0 3

fn=(3486) sincosf
0 8

fn=(3490) __pow_finite
0 7

fn=(3498) __log_finite
0 8

fn=(3504) sinf
0 8

fn=(3480) logf
0 8

fn=(3514) exp2f
0 8

fn=(4080) 0x00000000000113a0
0 12

fn=(3488) powf
0 8

fn=(3506) fma
0 5

fn=(3522) sin
0 8

fn=(3526) sincos
0 7

fn=(3476) expf
0 8

fn=(3482) tan
0 8

fn=(3516) __sinh_finite
0 8

fn=(6310)
0 6020
cfn=(6314) 0x000000000007dcf0
calls=1204 0 
0 126420
0 1204
0 16856

fn=(3492) log2f
0 8

fn=(3510) __asin_finite
0 7

fn=(3478) cos
0 8

fn=(3502) __acos_finite
0 7

fn=(3508) roundeven
0 6

fn=(3518) __atanh_finite
0 8

fn=(3472) cosf
0 8

fn=(6314)
0 126420

fn=(8166)
0 5

fn=(3494) 0x000000000005b3b0
0 8

fn=(3524) fmaf
0 5

ob=(6) /usr/lib/x86_64-linux-gnu/libgcc_s.so.1
fl=(6) ???
fn=(8126) 0x0000000000004510
0 30

fn=(8138) 0x00000000000056f0
0 9
cob=(4)
cfi=(4)
cfn=(8144) 0x00000000048663b0
calls=1 0 
0 72
0 1
cfn=(8148) 0x0000000000005680
calls=1 0 
0 5
0 3

fn=(8124) 0x0000000000004560
0 4
cfn=(8126)
calls=1 0 
0 15
0 2
cfn=(8126)
calls=1 0 
0 15
0 3

fn=(4090) __cpu_indicator_init
0 354

ob=(4)
fl=(4)
fn=(4076) 0x00000000048a0000
0 6

fn=(4914)
0 41
cob=(2)
cfi=(2)
cfn=(4916)
calls=41 0 
0 2985

fn=(4086) 0x0000000004866000
0 6

fn=(8154) 0x0000000004888f98
0 3

fn=(4136)
0 6

fn=(4204)
0 3
cob=(2)
cfi=(2)
cfn=(4206)
calls=3 0 
0 2143

ob=(6)
fl=(6)
fn=(4090)
0 7

ob=(4)
fl=(4)
fn=(8122) 0x000000000483b284
0 3

fn=(8144)
0 1
cob=(2)
cfi=(2)
cfn=(8070)
calls=1 0 
0 71

fn=(3998) 0x000000000483b000
0 6

fn=(8112) 0x000000000483b030
0 1
cob=(2)
cfi=(2)
cfn=(8070)
calls=1 0 
0 71

fn=(8172) 0x000000000491cdc8
0 3

fn=(8094) 0x0000000000e0b68c
0 3

ob=(6)
fl=(6)
fn=(4092) 0x0000000000005730
0 12

fn=(8148)
0 4

ob=(4)
fl=(4)
fn=(8162)
0 1
cob=(2)
cfi=(2)
cfn=(8070)
calls=1 0 
0 71

ob=(6)
fl=(6)
fn=(8148)
0 1

ob=(1)
fl=(1)
fn=(798) 0x000000000000c200
0 40
cfn=(800) 0x0000000000013000
calls=5 0 
0 10
0 180

fn=(876) 0x0000000000004c10
0 5
cfn=(218)
calls=1 0 
0 22
0 7

fn=(888) 0x0000000000024740
0 26750

fn=(1072) 0x000000000001ae80
0 24

fn=(1462) 0x00000000000093a0
0 684
cfn=(1474) 0x000000000000bf50
calls=34 0 
0 3679
0 351
cfn=(888)
calls=13 0 
0 547
0 172
cfn=(1054) 0x0000000000024520
calls=4 0 
0 92
0 13
cfn=(1238) 0x0000000000007090
calls=1 0 
0 250
0 13
cfn=(1534) 0x00000000000062f0
calls=1 0 
0 103
0 20
cfn=(1588) 0x0000000000007cb0
calls=1 0 
0 1857
0 48
cfn=(1588)
calls=3 0 
0 6200
0 18
cfn=(650) 0x0000000000025d60
calls=3 0 
0 48
0 66
cfn=(2052) 0x0000000000006660
calls=3 0 
0 951
0 30
cfn=(2024) 0x0000000000007670
calls=3 0 
0 24
0 27
cfn=(2134) 0x0000000000014f40
calls=3 0 
0 4021
0 48
cfn=(1534)
calls=3 0 
0 331
0 45
cfn=(2024)
calls=3 0 
0 24
0 102
cfn=(2024)
calls=3 0 
0 24
0 51

fn=(3842) 0x000000000001b220
0 85
cfn=(3848) 0x000000000001b140
calls=1 0 
0 662
0 5
cfn=(3848)
calls=1 0 
0 603
0 5
cfn=(3848)
calls=1 0 
0 647
0 5
cfn=(3848)
calls=1 0 
0 623
0 11

fn=(3962) 0x00000000000230b0
0 5

fn=(1000) 0x000000000001a9a0
0 16
cfn=(1002) 0x000000000001ad20
calls=1 0 
0 48
0 10
cfn=(1032) 0x000000000001af30
calls=1 0 
0 21
0 23
cfn=(1032)
calls=2 0 
0 135
0 2
cfn=(1032)
calls=1 0 
0 146
0 12
cfn=(746) 0x000000000000bc70
calls=1 0 
0 24
0 13
cfn=(1034) 0x000000000001ade0
calls=1 0 
0 11
0 33
cfn=(1032)
calls=2 0 
0 135
0 2
cfn=(1032)
calls=1 0 
0 146
0 38
cfn=(1112) 0x00000000000238e0
calls=1 0 
0 18
0 32
cfn=(746)
calls=1 0 
0 24
0 14
cfn=(1136) 0x000000000001a900
calls=1 0 
0 45
0 5
cfn=(1136)
calls=1 0 
0 373
0 15

fn=(370) 0x0000000000015f00
0 5366

fn=(1034)
0 273
cfn=(1054)
calls=9 0 
0 207
0 126
cfn=(650)
calls=3 0 
0 48
0 6

fn=(1588)
0 124
cfn=(730) 0x000000000000c2a0
calls=4 0 
0 1517
0 1771
cfn=(1624) 0x0000000000022ff0
calls=4 0 
0 96
0 248
cfn=(1170) 0x0000000000023da0
calls=4 0 
0 367
0 276
cfn=(1624)
calls=12 0 
0 204
0 173
cfn=(1592) 0x0000000000022c50
calls=4 0 
0 20
0 212
cfn=(2412) 0x0000000000022ed0
calls=1 0 
0 6
0 1713
cfn=(2368) 0x0000000000007ab0
calls=2 0 
0 108
0 315
cfn=(1624)
calls=1 0 
0 17
0 13
cfn=(1872) 0x0000000000022d70
calls=4 0 
0 20
0 48
cfn=(124) 0x0000000000011770
calls=4 0 
0 108
0 101
cfn=(2318) 0x0000000000012300
calls=2 0 
0 18
0 12
cfn=(798)
calls=4 0 
0 196
0 24
cfn=(1914) 0x0000000000006240
calls=4 0 
0 164
0 46
cfn=(888)
calls=3 0 
0 97
0 43

fn=(2008) 0x0000000000003640
0 126
cfn=(1462)
calls=9 0 
0 17219
0 27

fn=(3406) 0x0000000000023090
0 30

fn=(3686) _dl_allocate_tls_init
0 75
cob=(2)
cfi=(2)
cfn=(5426)
calls=4 0 
0 156
cfn=(800)
calls=1 0 
0 2
0 680
cfn=(1148) 0x0000000000023bb0
calls=15 0 
0 460
0 75
cfn=(1170)
calls=15 0 
0 390
0 163
cob=(2)
cfi=(2)
cfn=(5432)
calls=4 0 
0 156
cfn=(800)
calls=1 0 
0 2
0 55

fn=(3790) 0x000000000001b3f0
0 11
cfn=(3792) 0x000000000000bad0
calls=1 0 
0 204
0 17
cfn=(3792)
calls=1 0 
0 183
0 13

fn=(3984) 0x0000000000005d00
0 191
cob=(4)
cfi=(4)
cfn=(4086)
calls=1 0 
0 6
cob=(4)
cfi=(4)
cfn=(4076)
calls=1 0 
0 6
cob=(4)
cfi=(4)
cfn=(3998)
calls=1 0 
0 6
0 74
cob=(6)
cfi=(6)
cfn=(4092)
calls=1 0 
0 12
cob=(2)
cfi=(2)
cfn=(4068)
calls=1 0 
0 22
cob=(2)
cfi=(2)
cfn=(4060)
calls=1 0 
0 11
0 16
cob=(6)
cfi=(6)
cfn=(4090)
calls=1 0 
0 361
cob=(3)
cfi=(3)
cfn=(4080)
calls=1 0 
0 12
cob=(2)
cfi=(2)
cfn=(4032)
calls=1 0 
0 71
cob=(5) /workspace/pure-protobuf/work/toolchain/deb/usr/libexec/valgrind/vgpreload_core-amd64-linux.so
cfi=(5) ???
cfn=(4010) 0x0000000000001100
calls=1 0 
0 12
0 65

fn=(1388) _dl_debug_state
0 2

fn=(1454)
0 22
cfn=(1456) _dl_catch_exception
calls=2 0 
0 3594
0 22

fn=(1460) 0x000000000001d3c0
0 11
cfn=(1462)
calls=1 0 
0 2620
0 3

fn=(1534)
0 171
cfn=(1538) 0x0000000000022e60
calls=9 0 
0 159
0 71
cfn=(1552) 0x0000000000022f00
calls=4 0 
0 20
0 249
cfn=(2412)
calls=1 0 
0 6
0 18

fn=(1916) 0x00000000000034a0
0 30

fn=(1980) 0x0000000000003680
0 159
cfn=(746)
calls=4 0 
0 96
0 36
cfn=(760) 0x0000000000023bc0
calls=4 0 
0 40
0 20
cfn=(760)
calls=4 0 
0 40
0 173
cfn=(1456)
calls=9 0 
0 17894
0 905
cfn=(1240) 0x0000000000006e50
calls=9 0 
0 456
0 412
cfn=(746)
calls=1 0 
0 24
0 110
cfn=(2542) 0x0000000000011940
calls=1 0 
0 394
0 116
cfn=(2462) 0x0000000000022f40
calls=4 0 
0 76
0 20
cfn=(760)
calls=1 0 
0 18
0 3

fn=(124)
0 162

fn=(218)
0 815

fn=(270) 0x0000000000016260
0 212

fn=(1392) 0x00000000000184e0
0 20

fn=(1640) 0x00000000000230d0
0 18
cfn=(218)
calls=1 0 
0 22
0 9

fn=(1914)
0 40
cfn=(1916)
calls=4 0 
0 24
0 100

fn=(2086) 0x0000000000022d50
0 40

fn=(2134)
0 60
cfn=(2180) 0x00000000000148b0
calls=3 0 
0 3373
0 21
cfn=(650)
calls=3 0 
0 102
0 24
cfn=(760)
calls=3 0 
0 38
0 6
cfn=(1250) 0x0000000000025d00
calls=3 0 
0 263
0 14
cfn=(2140) 0x000000000000bec0
calls=1 0 
0 89
0 31

fn=(3704) 0x0000000000005310
0 7
cfn=(3720) 0x0000000000004dd0
calls=1 0 
0 128
0 4
cfn=(746)
calls=1 0 
0 24
0 8
cfn=(3720)
calls=1 0 
0 453
0 9
cfn=(3708) 0x0000000000004c80
calls=1 0 
0 64
0 3
cfn=(3758) 0x0000000000005250
calls=1 0 
0 192
0 7

fn=(3758)
0 192

fn=(3784) 0x0000000000017e50
0 5

fn=(670) 0x000000000001e600
0 21
cfn=(672) 0x0000000000013010
calls=1 0 
0 16
0 14
cfn=(678) 0x000000000001a800
calls=1 0 
0 86
0 4
cfn=(678)
calls=2 0 
0 385
0 175
cfn=(730)
calls=1 0 
0 286
0 12
cfn=(798)
calls=1 0 
0 34
0 408
cfn=(876)
calls=1 0 
0 34
0 13
cfn=(888)
calls=1 0 
0 42
0 338
cfn=(124)
calls=1 0 
0 27
0 10
cfn=(998) 0x00000000000076e0
calls=1 0 
0 2369
0 3
cfn=(1318) 0x0000000000003510
calls=1 0 
0 20
0 148
cfn=(1374) 0x00000000000123f0
calls=1 0 
0 5
0 8
cfn=(1382) 0x00000000000034e0
calls=1 0 
0 9
0 3
cfn=(1392)
calls=1 0 
0 20
0 12
cfn=(1960) 0x0000000000022c30
calls=1 0 
0 8
0 21
cfn=(1980)
calls=1 0 
0 20992
0 119
cfn=(2624) 0x0000000000002290
calls=1 0 
0 19546
0 135
cfn=(2976) 0x00000000000110a0
calls=1 0 
0 76829
0 113
cfn=(2976)
calls=6 0 
0 318124
0 30
cfn=(3434) 0x0000000000012d50
calls=3 0 
0 90
0 12
cfn=(3668) 0x0000000000012d00
calls=1 0 
0 42
0 10
cfn=(3686)
calls=1 0 
0 386
0 6
cfn=(3704)
calls=1 0 
0 899
0 11
cfn=(2980) 0x000000000000e870
calls=1 0 
0 275
0 6
cfn=(3790)
calls=1 0 
0 428
0 2
cfn=(3842)
calls=1 0 
0 2646
0 2
cfn=(3874) 0x0000000000003420
calls=1 0 
0 628
0 2
cfn=(3400) 0x000000000000e710
calls=1 0 
0 28
0 3
cfn=(3890) 0x0000000000001f00
calls=1 0 
0 578
0 1
cfn=(3944) 0x000000000001ccd0
calls=1 0 
0 1
0 2
cfn=(1916)
calls=1 0 
0 6
0 3
cfn=(1382)
calls=1 0 
0 9
0 3
cfn=(3952) 0x0000000000018570
calls=1 0 
0 8
0 1
cfn=(3958) 0x0000000000015260
calls=1 0 
0 16
0 106
cfn=(2854) 0x000000000001dd60
calls=1 0 
0 883
0 41
cfn=(1402) 0x000000000001e500
calls=1 0 
0 3214
0 7

fn=(730)
0 87
cfn=(650)
calls=4 0 
0 108
0 36
cfn=(742) 0x000000000000bda0
calls=4 0 
0 227
0 3
cfn=(742)
calls=1 0 
0 40
0 70
cfn=(760)
calls=5 0 
0 69
0 362
cfn=(650)
calls=4 0 
0 170
0 40
cfn=(1148)
calls=4 0 
0 72
0 388
cfn=(746)
calls=4 0 
0 96
0 35

fn=(760)
0 277

fn=(1374)
0 5

fn=(1592)
0 25

fn=(2052)
0 126
cfn=(1148)
calls=3 0 
0 36
0 71
cfn=(1148)
calls=5 0 
0 60
0 20
cfn=(1148)
calls=5 0 
0 60
0 60
cfn=(1534)
calls=5 0 
0 260
0 191
cfn=(2086)
calls=3 0 
0 40
0 27

fn=(2556) 0x0000000000011840
0 486

fn=(2624)
0 12
cfn=(2628) 0x000000000001db20
calls=1 0 
0 19526
0 8

fn=(2630) 0x0000000000014740
0 48
cfn=(2638) 0x0000000000013e00
calls=6 0 
0 19437
0 31

fn=(8016)
0 22
cob=(2)
cfi=(2)
cfn=(5426)
calls=1 0 
0 39
0 34
cfn=(3952)
calls=1 0 
0 8
0 101
cfn=(2542)
calls=1 0 
0 452
0 2
cob=(2)
cfi=(2)
cfn=(5432)
calls=1 0 
0 39
0 79
cfn=(8054) 0x0000000000001f70
calls=6 0 
0 586
0 12
cfn=(8098) 0x0000000000018730
calls=6 0 
0 24
0 29
cfn=(3952)
calls=1 0 
0 8
0 2

fn=(158) 0x0000000000013780
0 23135

fn=(224) 0x0000000000021f30
0 7

fn=(1382)
0 10
cfn=(1388)
calls=2 0 
0 2
0 6

fn=(1452) 0x000000000001d8d0
0 17
cfn=(1454)
calls=1 0 
0 2714
0 11

fn=(1538)
0 175

fn=(2180)
0 556
cfn=(2188) 0x00000000000147c0
calls=32 0 
0 2252
0 183
cfn=(2188)
calls=3 0 
0 238
0 144

fn=(3890)
0 12
cfn=(3792)
calls=1 0 
0 222
0 11
cob=(2)
cfi=(2)
cfn=(3900)
calls=1 0 
0 333

fn=(3944)
0 1

fn=(3980) 0x0000000000005e20
0 32
cfn=(3984)
calls=1 0 
0 36
0 35
cfn=(3984)
calls=5 0 
0 751
0 21
cfn=(3984)
calls=1 0 
0 78
0 2

fn=(1112)
0 18

fn=(1250)
0 53
cfn=(650)
calls=3 0 
0 102
0 9
cfn=(746)
calls=3 0 
0 72
0 27

fn=(1624)
0 383

fn=(2024)
0 72

fn=(2412)
0 12

fn=(2976)
0 105
cfn=(3406)
calls=5 0 
0 25
0 41
cfn=(2980)
calls=5 0 
0 394767
0 15

fn=(2) 0x000000000001de30
0 666
cfn=(120) 0x000000000001af80
calls=1 0 
0 9
0 8
cfn=(124)
calls=1 0 
0 27
0 8
cfn=(134) 0x000000000001cc10
calls=1 0 
0 481820
0 23

fn=(136) 0x000000000001be40
0 531

fn=(216) 0x0000000000011910
0 5
cfn=(218)
calls=1 0 
0 22
0 6

fn=(232) 0x0000000000017e70
0 27
cfn=(244) 0x0000000000015890
calls=1 0 
0 71
0 28
cfn=(270)
calls=1 0 
0 212
0 101
cfn=(218)
calls=1 0 
0 21
0 7
cfn=(218)
calls=1 0 
0 21
0 10
cfn=(218)
calls=1 0 
0 21
0 12
cfn=(218)
calls=1 0 
0 21
0 13
cfn=(218)
calls=1 0 
0 21
0 12
cfn=(218)
calls=1 0 
0 21
0 14
cfn=(578) 0x0000000000013760
calls=1 0 
0 44
0 11
cfn=(578)
calls=1 0 
0 44
0 9
cfn=(578)
calls=1 0 
0 44
0 10
cfn=(578)
calls=1 0 
0 44
0 11
cfn=(578)
calls=1 0 
0 44
0 10
cfn=(578)
calls=1 0 
0 44
0 15
cfn=(218)
calls=1 0 
0 20
0 4
cfn=(218)
calls=1 0 
0 22
0 10
cfn=(218)
calls=1 0 
0 22
0 55
cfn=(364) 0x0000000000016170
calls=1 0 
0 459
0 3
cfn=(364)
calls=1 0 
0 526
0 5
cfn=(364)
calls=1 0 
0 476
0 3
cfn=(364)
calls=1 0 
0 468
0 4
cfn=(364)
calls=1 0 
0 450
0 3
cfn=(364)
calls=1 0 
0 451
0 3
cfn=(364)
calls=1 0 
0 501
0 3
cfn=(364)
calls=1 0 
0 492
0 3
cfn=(364)
calls=1 0 
0 493
0 3
cfn=(364)
calls=1 0 
0 517
0 3
cfn=(364)
calls=1 0 
0 518
0 3
cfn=(364)
calls=1 0 
0 519
0 7
cfn=(472) 0x0000000000015a30
calls=1 0 
0 228
0 39

fn=(244)
0 71

fn=(1002)
0 48

fn=(1238)
0 18
cfn=(1240)
calls=2 0 
0 145
0 64
cfn=(650)
calls=2 0 
0 76
0 6
cfn=(746)
calls=2 0 
0 48
0 18

fn=(1300) 0x000000000000bde0
0 4

fn=(2628)
0 6
cfn=(2630)
calls=1 0 
0 19516
0 4

fn=(3708)
0 364

fn=(3720)
0 261
cfn=(3708)
calls=5 0 
0 300
0 20

fn=(678)
0 471

fn=(2928) 0x0000000000013070
0 32
cfn=(218)
calls=1 0 
0 22
0 21
cfn=(1170)
calls=1 0 
0 12
0 9

fn=(2980)
0 206775
cfn=(3074)
calls=10 0 
0 5417
0 1722
cfn=(3074)
calls=246 0 
0 159691
0 12304
cfn=(3784)
calls=1 0 
0 5
cob=(3)
cfi=(3)
cfn=(3526)
calls=1 0 
0 7
cob=(3)
cfi=(3)
cfn=(3524)
calls=1 0 
0 5
cob=(3)
cfi=(3)
cfn=(3522)
calls=1 0 
0 8
cob=(3)
cfi=(3)
cfn=(3520)
calls=1 0 
0 8
cob=(3)
cfi=(3)
cfn=(3518)
calls=1 0 
0 8
cob=(3)
cfi=(3)
cfn=(3516)
calls=1 0 
0 8
cob=(3)
cfi=(3)
cfn=(3514)
calls=1 0 
0 8
cob=(3)
cfi=(3)
cfn=(3512)
calls=1 0 
0 8
cob=(3)
cfi=(3)
cfn=(3510)
calls=1 0 
0 7
cob=(3)
cfi=(3)
cfn=(3508)
calls=1 0 
0 6
cob=(3)
cfi=(3)
cfn=(3506)
calls=1 0 
0 5
cob=(3)
cfi=(3)
cfn=(3504)
calls=1 0 
0 8
cob=(3)
cfi=(3)
cfn=(3502)
calls=1 0 
0 7
cob=(3)
cfi=(3)
cfn=(3500)
calls=1 0 
0 8
cob=(3)
cfi=(3)
cfn=(3498)
calls=1 0 
0 8
cob=(3)
cfi=(3)
cfn=(3494)
calls=1 0 
0 8
cob=(3)
cfi=(3)
cfn=(3492)
calls=1 0 
0 8
cob=(3)
cfi=(3)
cfn=(3490)
calls=1 0 
0 7
cob=(3)
cfi=(3)
cfn=(3488)
calls=1 0 
0 8
cob=(3)
cfi=(3)
cfn=(3486)
calls=1 0 
0 8
cob=(3)
cfi=(3)
cfn=(3484)
calls=1 0 
0 8
cob=(3)
cfi=(3)
cfn=(3482)
calls=1 0 
0 8
cob=(3)
cfi=(3)
cfn=(3480)
calls=1 0 
0 8
cob=(3)
cfi=(3)
cfn=(3478)
calls=1 0 
0 8
cob=(3)
cfi=(3)
cfn=(3476)
calls=1 0 
0 8
cob=(3)
cfi=(3)
cfn=(3474)
calls=1 0 
0 8
cob=(3)
cfi=(3)
cfn=(3472)
calls=1 0 
0 8
cob=(2)
cfi=(2)
cfn=(3376)
calls=1 0 
0 20
cob=(2)
cfi=(2)
cfn=(3374)
calls=1 0 
0 21
cob=(2)
cfi=(2)
cfn=(3372)
calls=1 0 
0 17
cob=(2)
cfi=(2)
cfn=(3370)
calls=1 0 
0 6
cob=(2)
cfi=(2)
cfn=(3368)
calls=1 0 
0 22
cob=(2)
cfi=(2)
cfn=(3366)
calls=1 0 
0 21
cob=(2)
cfi=(2)
cfn=(3364)
calls=1 0 
0 16
cob=(2)
cfi=(2)
cfn=(3362)
calls=1 0 
0 21
cob=(2)
cfi=(2)
cfn=(3360)
calls=1 0 
0 23
cob=(2)
cfi=(2)
cfn=(3358)
calls=1 0 
0 18
cob=(2)
cfi=(2)
cfn=(3356)
calls=1 0 
0 24
cob=(2)
cfi=(2)
cfn=(3354)
calls=1 0 
0 17
cob=(2)
cfi=(2)
cfn=(3352)
calls=1 0 
0 20
cob=(2)
cfi=(2)
cfn=(3350)
calls=1 0 
0 16
cob=(2)
cfi=(2)
cfn=(3348)
calls=2 0 
0 36
cob=(2)
cfi=(2)
cfn=(3346)
calls=1 0 
0 23
cob=(2)
cfi=(2)
cfn=(3344)
calls=1 0 
0 24
cob=(2)
cfi=(2)
cfn=(3342)
calls=1 0 
0 20
cob=(2)
cfi=(2)
cfn=(3340)
calls=1 0 
0 16
cob=(2)
cfi=(2)
cfn=(3338)
calls=1 0 
0 15
cob=(2)
cfi=(2)
cfn=(3336)
calls=1 0 
0 6
cob=(2)
cfi=(2)
cfn=(3334)
calls=1 0 
0 20
cob=(2)
cfi=(2)
cfn=(3332)
calls=1 0 
0 20
cob=(2)
cfi=(2)
cfn=(3330)
calls=2 0 
0 44
cob=(2)
cfi=(2)
cfn=(3328)
calls=1 0 
0 18
cob=(2)
cfi=(2)
cfn=(3326)
calls=1 0 
0 24
cob=(2)
cfi=(2)
cfn=(3324)
calls=1 0 
0 24
cob=(2)
cfi=(2)
cfn=(3322)
calls=1 0 
0 22
cob=(2)
cfi=(2)
cfn=(3320)
calls=1 0 
0 18
cob=(2)
cfi=(2)
cfn=(3318)
calls=2 0 
0 48
cob=(2)
cfi=(2)
cfn=(3316)
calls=1 0 
0 21
cob=(2)
cfi=(2)
cfn=(3314)
calls=1 0 
0 17
cob=(2)
cfi=(2)
cfn=(3312)
calls=1 0 
0 24
cob=(2)
cfi=(2)
cfn=(3310)
calls=1 0 
0 21
cob=(2)
cfi=(2)
cfn=(3308)
calls=1 0 
0 21
cob=(2)
cfi=(2)
cfn=(3306)
calls=1 0 
0 18
cob=(2)
cfi=(2)
cfn=(3304)
calls=1 0 
0 22
cob=(2)
cfi=(2)
cfn=(3302)
calls=1 0 
0 18
cob=(2)
cfi=(2)
cfn=(3300)
calls=1 0 
0 18
cob=(2)
cfi=(2)
cfn=(3298)
calls=1 0 
0 6
cob=(2)
cfi=(2)
cfn=(3296)
calls=2 0 
0 48
cob=(2)
cfi=(2)
cfn=(3284)
calls=1 0 
0 29
0 1401
cob=(2)
cfi=(2)
cfn=(3358)
calls=1 0 
0 18
cob=(2)
cfi=(2)
cfn=(3304)
calls=2 0 
0 44
cob=(2)
cfi=(2)
cfn=(3346)
calls=3 0 
0 69
cob=(2)
cfi=(2)
cfn=(3366)
calls=2 0 
0 42
cob=(2)
cfi=(2)
cfn=(3356)
calls=2 0 
0 48
cob=(2)
cfi=(2)
cfn=(3316)
calls=2 0 
0 42
0 2711
cfn=(3074)
calls=6 0 
0 3418
0 228

fn=(8098)
0 24

fn=(0) 0x000000000001d2c0
0 2
cfn=(2)
calls=1 0 
0 482561
0 10
cfn=(3980)
calls=1 0 
0 955
0 3
cob=(7)
cfi=(7)
cfn=(4104)
calls=1 0 
0 3459989

fn=(1456)
0 161
cfn=(1458) 0x00000000000232a0
calls=1 0 
0 19
0 30
cfn=(1458)
calls=10 0 
0 190
0 55
cob=(2)
cfi=(2)
cfn=(5494)
calls=1 0 
0 844
cfn=(2008)
calls=9 0 
0 17372
cfn=(1460)
calls=1 0 
0 2634
0 183

fn=(2542)
0 244
cfn=(2556)
calls=12 0 
0 486
0 78
cfn=(760)
calls=2 0 
0 36
0 2

fn=(2638)
0 505
cfn=(1474)
calls=46 0 
0 4605
0 7586
cfn=(888)
calls=41 0 
0 1745
0 290
cfn=(888)
calls=1 0 
0 57
0 841
cfn=(742)
calls=5 0 
0 220
0 3555
cfn=(2818) 0x0000000000025f00
calls=1 0 
0 31
0 2

fn=(3792)
0 127
cfn=(3804) 0x000000000000ba00
calls=3 0 
0 440
0 42

fn=(3874)
0 11
cfn=(3074)
calls=1 0 
0 601
0 16

fn=(472)
0 228

fn=(1240)
0 88
cfn=(1054)
calls=11 0 
0 414
0 99

fn=(1402)
0 28
cfn=(1452)
calls=1 0 
0 2742
0 6
cfn=(1408) 0x0000000000025b80
calls=1 0 
0 393
0 8
cfn=(760)
calls=1 0 
0 26
0 11

fn=(1552)
0 20

fn=(2900) 0x0000000000012670
0 9
cfn=(746)
calls=1 0 
0 24
0 318
cfn=(2910) 0x0000000000011f40
calls=1 0 
0 53
0 7

fn=(8054)
0 104
cob=(3)
cfi=(3)
cfn=(8156)
calls=1 0 
0 90
cob=(6)
cfi=(6)
cfn=(8124)
calls=1 0 
0 39
cob=(5)
cfi=(5)
cfn=(8106) 0x00000000000010c0
calls=1 0 
0 90
cob=(7)
cfi=(7)
cfn=(8062)
calls=1 0 
0 90
0 1
cob=(6)
cfi=(6)
cfn=(8138)
calls=1 0 
0 90
0 62
cob=(4)
cfi=(4)
cfn=(8172)
calls=1 0 
0 3
cob=(4)
cfi=(4)
cfn=(8154)
calls=1 0 
0 3
cob=(4)
cfi=(4)
cfn=(8122)
calls=1 0 
0 3
cob=(4)
cfi=(4)
cfn=(8094)
calls=1 0 
0 3
0 8

fn=(120)
0 9

fn=(4150)
0 4

fn=(658) 0x0000000000022710
0 14

fn=(998)
0 15
cfn=(1000)
calls=1 0 
0 1341
0 3
cfn=(746)
calls=1 0 
0 24
0 13
cfn=(746)
calls=1 0 
0 24
0 42
cfn=(1170)
calls=4 0 
0 52
0 91
cfn=(650)
calls=1 0 
0 16
0 8
cfn=(760)
calls=1 0 
0 10
0 108
cfn=(746)
calls=1 0 
0 24
0 10
cfn=(1210) 0x0000000000007190
calls=1 0 
0 570
0 18

fn=(1148)
0 724

fn=(1170)
0 821

fn=(1458)
0 209

fn=(1960)
0 8

fn=(3668)
0 42

fn=(3804)
0 84
cfn=(888)
calls=3 0 
0 191
0 39
cfn=(888)
calls=3 0 
0 96
0 30

fn=(746)
0 528

fn=(1032)
0 66
cfn=(1034)
calls=11 0 
0 469
0 6
cfn=(1034)
calls=3 0 
0 180
0 106
cfn=(1072)
calls=6 0 
0 24
0 34

fn=(2188)
0 2490

fn=(2860) 0x0000000000012270
0 10
cfn=(218)
calls=1 0 
0 21
0 5
cfn=(218)
calls=1 0 
0 21
0 21

fn=(2910)
0 45
cob=(2)
cfi=(2)
cfn=(4990)
calls=4 0 
0 1104
cfn=(742)
calls=1 0 
0 34
0 50

fn=(3094) 0x000000000000a220
0 87197
cfn=(3128) 0x000000000000a0a0
calls=261 0 
0 33443
0 2914

fn=(134)
0 6
cfn=(136)
calls=1 0 
0 531
0 2
cfn=(158)
calls=1 0 
0 23135
0 1
cfn=(216)
calls=1 0 
0 33
0 2
cfn=(224)
calls=1 0 
0 7
0 1
cfn=(232)
calls=1 0 
0 7276
0 4
cfn=(650)
calls=1 0 
0 16
0 3
cfn=(658)
calls=1 0 
0 14
0 11
cfn=(670)
calls=1 0 
0 450774
0 4

fn=(364)
0 396
cfn=(370)
calls=12 0 
0 4044
0 84
cfn=(370)
calls=12 0 
0 1322
0 24

fn=(1054)
0 713

fn=(1318)
0 20

fn=(1408)
0 393

fn=(2462)
0 76

fn=(3434)
0 90

fn=(3848)
0 60
cfn=(3074)
calls=4 0 
0 2371
0 104

fn=(5430)
0 464

fn=(5556)
0 16
cfn=(2910)
calls=4 0 
0 1180
0 16
cfn=(3686)
calls=4 0 
0 1828

fn=(1136)
0 46
cfn=(1148)
calls=2 0 
0 24
0 22
cfn=(1032)
calls=2 0 
0 135
0 4
cfn=(1032)
calls=2 0 
0 167
0 20

fn=(1212) 0x000000000001b390
0 246

fn=(1474)
0 560
cfn=(888)
calls=80 0 
0 2585
0 1079
cfn=(888)
calls=94 0 
0 3472
0 588

fn=(1872)
0 25

fn=(2818)
0 31

fn=(2854)
0 13
cfn=(742)
calls=1 0 
0 34
0 5
cfn=(2860)
calls=1 0 
0 78
0 1
cfn=(2870) 0x0000000000012470
calls=1 0 
0 224
0 1
cfn=(2900)
calls=1 0 
0 411
0 14
cfn=(2928)
calls=1 0 
0 96
0 6

fn=(3128)
0 7827
cfn=(888)
calls=195 0 
0 9886
0 5007
cfn=(888)
calls=250 0 
0 8032
0 2691

fn=(672)
0 16

fn=(742)
0 307
cfn=(1624)
calls=2 0 
0 44
0 14
cfn=(1640)
calls=2 0 
0 49
0 141

fn=(1210)
0 20
cfn=(1212)
calls=1 0 
0 239
0 3
cfn=(1212)
calls=1 0 
0 7
0 11
cfn=(1238)
calls=1 0 
0 125
0 5
cfn=(650)
calls=1 0 
0 16
0 33
cfn=(1300)
calls=1 0 
0 4
0 9
cfn=(746)
calls=1 0 
0 24
0 10
cfn=(1148)
calls=1 0 
0 12
0 52

fn=(2318)
0 18

fn=(2368)
0 108

fn=(3400)
0 21
cfn=(3406)
calls=1 0 
0 5
0 2

fn=(3952)
0 24

fn=(3958)
0 7
cfn=(3962)
calls=1 0 
0 5
0 4

fn=(578)
0 264

fn=(650)
0 702

fn=(800)
0 14

fn=(2140)
0 11
cfn=(1538)
calls=1 0 
0 16
0 13
cfn=(1592)
calls=1 0 
0 5
0 8
cfn=(1872)
calls=1 0 
0 5
0 7
cfn=(1624)
calls=1 0 
0 22
0 2

fn=(2870)
0 127
cfn=(218)
calls=1 0 
0 22
0 17
cfn=(218)
calls=1 0 
0 22
0 36

fn=(3074)
0 35965
cfn=(3094)
calls=268 0 
0 123554
0 12711

ob=(5)
fl=(5)
fn=(4010)
0 12

fn=(8116) 0x0000000000001050
0 5

fn=(8106)
0 9
cob=(4)
cfi=(4)
cfn=(8112)
calls=1 0 
0 72
0 1
cfn=(8116)
calls=1 0 
0 5
0 3

totals: 26665185
