# callgrind format
version: 1
creator: callgrind-3.24.0
pid: 148925
cmd:  /workspace/scratch/work/sv09/work/bin/devloop-before run-cell rpc.tonic_prost.server_stream --iters 400 --prepare-iters 400
part: 1


desc: I1 cache: 
desc: D1 cache: 
desc: LL cache: 

desc: Timerange: Basic block 0 - 10505875
desc: Trigger: Program termination

positions: line
events: Ir
summary: 58138622


ob=(6) /usr/lib/x86_64-linux-gnu/libgcc_s.so.1
fl=(6) ???
fn=(4096) 0x0000000000005730
0 12

fn=(8204) 0x0000000000005680
0 5

fn=(4094) __cpu_indicator_init
0 361

fn=(8182) 0x0000000000004510
0 30

fn=(8194) 0x00000000000056f0
0 9
cob=(4) ???
cfi=(4) ???
cfn=(8200) 0x00000000048663b0
calls=1 0 
0 72
0 1
cfn=(8204)
calls=1 0 
0 5
0 3

ob=(4)
fl=(4)
fn=(8178) 0x000000000483b284
0 3

fn=(8200)
0 1
cob=(2) /usr/lib/x86_64-linux-gnu/libc.so.6
cfi=(2) ???
cfn=(8126) __cxa_finalize
calls=1 0 
0 71

fn=(4140) 0x0000000000e0b674
0 6

fn=(4208) 0x00000000049a73d8
0 3
cob=(2)
cfi=(2)
cfn=(4210) malloc
calls=3 0 
0 2143

fn=(4090) 0x0000000004866000
0 6

fn=(8168) 0x000000000483b030
0 1
cob=(2)
cfi=(2)
cfn=(8126)
calls=1 0 
0 71

fn=(8228) 0x000000000491cdc8
0 3

fn=(4918) 0x00000000049a73d0
0 41
cob=(2)
cfi=(2)
cfn=(4920) free
calls=41 0 
0 3131

fn=(8150) 0x0000000000e0b68c
0 3

fn=(8218) 0x00000000048a0280
0 1
cob=(2)
cfi=(2)
cfn=(8126)
calls=1 0 
0 71

ob=(6)
fl=(6)
fn=(8180) 0x0000000000004560
0 4
cfn=(8182)
calls=1 0 
0 15
0 2
cfn=(8182)
calls=1 0 
0 15
0 3

ob=(4)
fl=(4)
fn=(3998) 0x000000000483b000
0 6

fn=(8210) 0x0000000004888f98
0 3

fn=(4080) 0x00000000048a0000
0 6

ob=(1) /usr/lib/x86_64-linux-gnu/ld-linux-x86-64.so.2
fl=(1) ???
fn=(798) 0x000000000000c200
0 40
cfn=(800) 0x0000000000013000
calls=5 0 
0 10
0 180

fn=(876) 0x0000000000004c10
0 5
cfn=(218) __tunable_get_val
calls=1 0 
0 22
0 7

fn=(888) 0x0000000000024740
0 26750

fn=(1072) 0x000000000001ae80
0 24

fn=(1462) 0x00000000000093a0
0 684
cfn=(1474) 0x000000000000bf50
calls=34 0 
0 3679
0 351
cfn=(888)
calls=13 0 
0 547
0 172
cfn=(1054) 0x0000000000024520
calls=4 0 
0 92
0 13
cfn=(1238) 0x0000000000007090
calls=1 0 
0 250
0 13
cfn=(1534) 0x00000000000062f0
calls=1 0 
0 103
0 20
cfn=(1588) 0x0000000000007cb0
calls=1 0 
0 1857
0 48
cfn=(1588)
calls=3 0 
0 6200
0 18
cfn=(650) 0x0000000000025d60
calls=3 0 
0 48
0 66
cfn=(2052) 0x0000000000006660
calls=3 0 
0 951
0 30
cfn=(2024) 0x0000000000007670
calls=3 0 
0 24
0 27
cfn=(2134) 0x0000000000014f40
calls=3 0 
0 4021
0 48
cfn=(1534)
calls=3 0 
0 331
0 45
cfn=(2024)
calls=3 0 
0 24
0 102
cfn=(2024)
calls=3 0 
0 24
0 51

fn=(3842) 0x000000000001b220
0 85
cfn=(3848) 0x000000000001b140
calls=1 0 
0 662
0 5
cfn=(3848)
calls=1 0 
0 603
0 5
cfn=(3848)
calls=1 0 
0 647
0 5
cfn=(3848)
calls=1 0 
0 623
0 11

fn=(3962) 0x00000000000230b0
0 5

fn=(1000) 0x000000000001a9a0
0 16
cfn=(1002) 0x000000000001ad20
calls=1 0 
0 48
0 10
cfn=(1032) 0x000000000001af30
calls=1 0 
0 21
0 23
cfn=(1032)
calls=2 0 
0 135
0 2
cfn=(1032)
calls=1 0 
0 146
0 12
cfn=(746) 0x000000000000bc70
calls=1 0 
0 24
0 13
cfn=(1034) 0x000000000001ade0
calls=1 0 
0 11
0 33
cfn=(1032)
calls=2 0 
0 135
0 2
cfn=(1032)
calls=1 0 
0 146
0 38
cfn=(1112) 0x00000000000238e0
calls=1 0 
0 18
0 32
cfn=(746)
calls=1 0 
0 24
0 14
cfn=(1136) 0x000000000001a900
calls=1 0 
0 45
0 5
cfn=(1136)
calls=1 0 
0 373
0 15

fn=(8110) 0x0000000000001f70
0 104
cob=(3) /usr/lib/x86_64-linux-gnu/libm.so.6
cfi=(3) ???
cfn=(8212) 0x0000000000011360
calls=1 0 
0 90
cob=(6)
cfi=(6)
cfn=(8180)
calls=1 0 
0 39
cob=(5) /workspace/pure-protobuf/work/toolchain/deb/usr/libexec/valgrind/vgpreload_core-amd64-linux.so
cfi=(5) ???
cfn=(8162) 0x00000000000010c0
calls=1 0 
0 90
cob=(7) /workspace/scratch/work/sv09/work/bin/devloop-before
cfi=(7) ???
cfn=(8118) 0x00000000002591e0
calls=1 0 
0 90
0 1
cob=(6)
cfi=(6)
cfn=(8194)
calls=1 0 
0 90
0 62
cob=(4)
cfi=(4)
cfn=(8228)
calls=1 0 
0 3
cob=(4)
cfi=(4)
cfn=(8210)
calls=1 0 
0 3
cob=(4)
cfi=(4)
cfn=(8178)
calls=1 0 
0 3
cob=(4)
cfi=(4)
cfn=(8150)
calls=1 0 
0 3
0 8

fn=(370) 0x0000000000015f00
0 5366

fn=(1034)
0 273
cfn=(1054)
calls=9 0 
0 207
0 126
cfn=(650)
calls=3 0 
0 48
0 6

fn=(1588)
0 124
cfn=(730) 0x000000000000c2a0
calls=4 0 
0 1517
0 1771
cfn=(1624) 0x0000000000022ff0
calls=4 0 
0 96
0 248
cfn=(1170) 0x0000000000023da0
calls=4 0 
0 367
0 276
cfn=(1624)
calls=12 0 
0 204
0 173
cfn=(1592) 0x0000000000022c50
calls=4 0 
0 20
0 212
cfn=(2412) 0x0000000000022ed0
calls=1 0 
0 6
0 1713
cfn=(2368) 0x0000000000007ab0
calls=2 0 
0 108
0 315
cfn=(1624)
calls=1 0 
0 17
0 13
cfn=(1872) 0x0000000000022d70
calls=4 0 
0 20
0 48
cfn=(124) 0x0000000000011770
calls=4 0 
0 108
0 101
cfn=(2318) 0x0000000000012300
calls=2 0 
0 18
0 12
cfn=(798)
calls=4 0 
0 196
0 24
cfn=(1914) 0x0000000000006240
calls=4 0 
0 164
0 46
cfn=(888)
calls=3 0 
0 97
0 43

fn=(2008) 0x0000000000003640
0 126
cfn=(1462)
calls=9 0 
0 17219
0 27

fn=(3406) 0x0000000000023090
0 30

fn=(3686) _dl_allocate_tls_init
0 75
cob=(2)
cfi=(2)
cfn=(5312) pthread_mutex_lock
calls=4 0 
0 156
cfn=(800)
calls=1 0 
0 2
0 680
cfn=(1148) 0x0000000000023bb0
calls=15 0 
0 460
0 75
cfn=(1170)
calls=15 0 
0 390
0 163
cob=(2)
cfi=(2)
cfn=(5318) pthread_mutex_unlock
calls=4 0 
0 156
cfn=(800)
calls=1 0 
0 2
0 55

fn=(3790) 0x000000000001b3f0
0 11
cfn=(3792) 0x000000000000bad0
calls=1 0 
0 204
0 17
cfn=(3792)
calls=1 0 
0 183
0 13

fn=(3984) 0x0000000000005d00
0 191
cob=(4)
cfi=(4)
cfn=(4090)
calls=1 0 
0 6
cob=(4)
cfi=(4)
cfn=(4080)
calls=1 0 
0 6
cob=(4)
cfi=(4)
cfn=(3998)
calls=1 0 
0 6
0 74
cob=(6)
cfi=(6)
cfn=(4096)
calls=1 0 
0 12
cob=(2)
cfi=(2)
cfn=(4072) 0x0000000000029b00
calls=1 0 
0 22
cob=(2)
cfi=(2)
cfn=(4064) 0x0000000000029a90
calls=1 0 
0 11
0 16
cob=(6)
cfi=(6)
cfn=(4094)
calls=1 0 
0 361
cob=(3)
cfi=(3)
cfn=(4084) 0x00000000000113a0
calls=1 0 
0 12
cob=(2)
cfi=(2)
cfn=(4032) 0x0000000000029a20
calls=1 0 
0 84
cob=(5)
cfi=(5)
cfn=(4010) 0x0000000000001100
calls=1 0 
0 12
0 65

fn=(1388) _dl_debug_state
0 2

fn=(1454) 0x00000000000024a0
0 22
cfn=(1456) _dl_catch_exception
calls=2 0 
0 3594
0 22

fn=(1460) 0x000000000001d3c0
0 11
cfn=(1462)
calls=1 0 
0 2620
0 3

fn=(1534)
0 171
cfn=(1538) 0x0000000000022e60
calls=9 0 
0 159
0 71
cfn=(1552) 0x0000000000022f00
calls=4 0 
0 20
0 249
cfn=(2412)
calls=1 0 
0 6
0 18

fn=(1916) 0x00000000000034a0
0 30

fn=(1980) 0x0000000000003680
0 159
cfn=(746)
calls=4 0 
0 96
0 36
cfn=(760) 0x0000000000023bc0
calls=4 0 
0 40
0 20
cfn=(760)
calls=4 0 
0 40
0 173
cfn=(1456)
calls=9 0 
0 17894
0 905
cfn=(1240) 0x0000000000006e50
calls=9 0 
0 456
0 412
cfn=(746)
calls=1 0 
0 24
0 110
cfn=(2542) 0x0000000000011940
calls=1 0 
0 394
0 116
cfn=(2462) 0x0000000000022f40
calls=4 0 
0 76
0 20
cfn=(760)
calls=1 0 
0 18
0 3

fn=(124)
0 162

fn=(218)
0 815

fn=(270) 0x0000000000016260
0 212

fn=(1392) 0x00000000000184e0
0 20

fn=(1640) 0x00000000000230d0
0 18
cfn=(218)
calls=1 0 
0 22
0 9

fn=(1914)
0 40
cfn=(1916)
calls=4 0 
0 24
0 100

fn=(2086) 0x0000000000022d50
0 40

fn=(2134)
0 60
cfn=(2180) 0x00000000000148b0
calls=3 0 
0 3373
0 21
cfn=(650)
calls=3 0 
0 102
0 24
cfn=(760)
calls=3 0 
0 38
0 6
cfn=(1250) 0x0000000000025d00
calls=3 0 
0 263
0 14
cfn=(2140) 0x000000000000bec0
calls=1 0 
0 89
0 31

fn=(3704) 0x0000000000005310
0 7
cfn=(3720) 0x0000000000004dd0
calls=1 0 
0 128
0 4
cfn=(746)
calls=1 0 
0 24
0 8
cfn=(3720)
calls=1 0 
0 453
0 9
cfn=(3708) 0x0000000000004c80
calls=1 0 
0 64
0 3
cfn=(3758) 0x0000000000005250
calls=1 0 
0 192
0 7

fn=(3758)
0 192

fn=(3784) 0x0000000000017e50
0 5

fn=(670) 0x000000000001e600
0 21
cfn=(672) 0x0000000000013010
calls=1 0 
0 16
0 14
cfn=(678) 0x000000000001a800
calls=1 0 
0 86
0 4
cfn=(678)
calls=2 0 
0 385
0 175
cfn=(730)
calls=1 0 
0 286
0 12
cfn=(798)
calls=1 0 
0 34
0 408
cfn=(876)
calls=1 0 
0 34
0 13
cfn=(888)
calls=1 0 
0 42
0 338
cfn=(124)
calls=1 0 
0 27
0 10
cfn=(998) 0x00000000000076e0
calls=1 0 
0 2369
0 3
cfn=(1318) 0x0000000000003510
calls=1 0 
0 20
0 148
cfn=(1374) 0x00000000000123f0
calls=1 0 
0 5
0 8
cfn=(1382) 0x00000000000034e0
calls=1 0 
0 9
0 3
cfn=(1392)
calls=1 0 
0 20
0 12
cfn=(1960) 0x0000000000022c30
calls=1 0 
0 8
0 21
cfn=(1980)
calls=1 0 
0 20992
0 119
cfn=(2624) 0x0000000000002290
calls=1 0 
0 19546
0 135
cfn=(2976) 0x00000000000110a0
calls=1 0 
0 76829
0 113
cfn=(2976)
calls=6 0 
0 318124
0 30
cfn=(3434) 0x0000000000012d50
calls=3 0 
0 90
0 12
cfn=(3668) 0x0000000000012d00
calls=1 0 
0 42
0 10
cfn=(3686)
calls=1 0 
0 386
0 6
cfn=(3704)
calls=1 0 
0 899
0 11
cfn=(2980) 0x000000000000e870
calls=1 0 
0 275
0 6
cfn=(3790)
calls=1 0 
0 428
0 2
cfn=(3842)
calls=1 0 
0 2646
0 2
cfn=(3874) 0x0000000000003420
calls=1 0 
0 628
0 2
cfn=(3400) 0x000000000000e710
calls=1 0 
0 28
0 3
cfn=(3890) 0x0000000000001f00
calls=1 0 
0 578
0 1
cfn=(3944) 0x000000000001ccd0
calls=1 0 
0 1
0 2
cfn=(1916)
calls=1 0 
0 6
0 3
cfn=(1382)
calls=1 0 
0 9
0 3
cfn=(3952) 0x0000000000018570
calls=1 0 
0 8
0 1
cfn=(3958) 0x0000000000015260
calls=1 0 
0 16
0 106
cfn=(2854) 0x000000000001dd60
calls=1 0 
0 883
0 41
cfn=(1402) 0x000000000001e500
calls=1 0 
0 3214
0 7

fn=(730)
0 87
cfn=(650)
calls=4 0 
0 108
0 36
cfn=(742) 0x000000000000bda0
calls=4 0 
0 227
0 3
cfn=(742)
calls=1 0 
0 40
0 70
cfn=(760)
calls=5 0 
0 69
0 362
cfn=(650)
calls=4 0 
0 170
0 40
cfn=(1148)
calls=4 0 
0 72
0 388
cfn=(746)
calls=4 0 
0 96
0 35

fn=(760)
0 277

fn=(1374)
0 5

fn=(1592)
0 25

fn=(2052)
0 126
cfn=(1148)
calls=3 0 
0 36
0 71
cfn=(1148)
calls=5 0 
0 60
0 20
cfn=(1148)
calls=5 0 
0 60
0 60
cfn=(1534)
calls=5 0 
0 260
0 191
cfn=(2086)
calls=3 0 
0 40
0 27

fn=(2556) 0x0000000000011840
0 486

fn=(2624)
0 12
cfn=(2628) 0x000000000001db20
calls=1 0 
0 19526
0 8

fn=(2630) 0x0000000000014740
0 48
cfn=(2638) 0x0000000000013e00
calls=6 0 
0 19437
0 31

fn=(158) 0x0000000000013780
0 23135

fn=(224) 0x0000000000021f30
0 7

fn=(1382)
0 10
cfn=(1388)
calls=2 0 
0 2
0 6

fn=(1452) 0x000000000001d8d0
0 17
cfn=(1454)
calls=1 0 
0 2714
0 11

fn=(1538)
0 175

fn=(2180)
0 556
cfn=(2188) 0x00000000000147c0
calls=32 0 
0 2252
0 183
cfn=(2188)
calls=3 0 
0 238
0 144

fn=(3890)
0 12
cfn=(3792)
calls=1 0 
0 222
0 11
cob=(2)
cfi=(2)
cfn=(3900) __libc_early_init
calls=1 0 
0 333

fn=(3944)
0 1

fn=(3980) 0x0000000000005e20
0 32
cfn=(3984)
calls=1 0 
0 36
0 35
cfn=(3984)
calls=5 0 
0 764
0 21
cfn=(3984)
calls=1 0 
0 78
0 2

fn=(1112)
0 18

fn=(1250)
0 53
cfn=(650)
calls=3 0 
0 102
0 9
cfn=(746)
calls=3 0 
0 72
0 27

fn=(1624)
0 383

fn=(2024)
0 72

fn=(2412)
0 12

fn=(2976)
0 105
cfn=(3406)
calls=5 0 
0 25
0 41
cfn=(2980)
calls=5 0 
0 394767
0 15

fn=(2) 0x000000000001de30
0 666
cfn=(120) 0x000000000001af80
calls=1 0 
0 9
0 8
cfn=(124)
calls=1 0 
0 27
0 8
cfn=(134) 0x000000000001cc10
calls=1 0 
0 481820
0 23

fn=(136) 0x000000000001be40
0 531

fn=(216) 0x0000000000011910
0 5
cfn=(218)
calls=1 0 
0 22
0 6

fn=(232) 0x0000000000017e70
0 27
cfn=(244) 0x0000000000015890
calls=1 0 
0 71
0 28
cfn=(270)
calls=1 0 
0 212
0 101
cfn=(218)
calls=1 0 
0 21
0 7
cfn=(218)
calls=1 0 
0 21
0 10
cfn=(218)
calls=1 0 
0 21
0 12
cfn=(218)
calls=1 0 
0 21
0 13
cfn=(218)
calls=1 0 
0 21
0 12
cfn=(218)
calls=1 0 
0 21
0 14
cfn=(578) 0x0000000000013760
calls=1 0 
0 44
0 11
cfn=(578)
calls=1 0 
0 44
0 9
cfn=(578)
calls=1 0 
0 44
0 10
cfn=(578)
calls=1 0 
0 44
0 11
cfn=(578)
calls=1 0 
0 44
0 10
cfn=(578)
calls=1 0 
0 44
0 15
cfn=(218)
calls=1 0 
0 20
0 4
cfn=(218)
calls=1 0 
0 22
0 10
cfn=(218)
calls=1 0 
0 22
0 55
cfn=(364) 0x0000000000016170
calls=1 0 
0 459
0 3
cfn=(364)
calls=1 0 
0 526
0 5
cfn=(364)
calls=1 0 
0 476
0 3
cfn=(364)
calls=1 0 
0 468
0 4
cfn=(364)
calls=1 0 
0 450
0 3
cfn=(364)
calls=1 0 
0 451
0 3
cfn=(364)
calls=1 0 
0 501
0 3
cfn=(364)
calls=1 0 
0 492
0 3
cfn=(364)
calls=1 0 
0 493
0 3
cfn=(364)
calls=1 0 
0 517
0 3
cfn=(364)
calls=1 0 
0 518
0 3
cfn=(364)
calls=1 0 
0 519
0 7
cfn=(472) 0x0000000000015a30
calls=1 0 
0 228
0 39

fn=(244)
0 71

fn=(1002)
0 48

fn=(1238)
0 18
cfn=(1240)
calls=2 0 
0 145
0 64
cfn=(650)
calls=2 0 
0 76
0 6
cfn=(746)
calls=2 0 
0 48
0 18

fn=(1300) 0x000000000000bde0
0 4

fn=(2628)
0 6
cfn=(2630)
calls=1 0 
0 19516
0 4

fn=(3708)
0 364

fn=(3720)
0 261
cfn=(3708)
calls=5 0 
0 300
0 20

fn=(678)
0 471

fn=(2928) 0x0000000000013070
0 32
cfn=(218)
calls=1 0 
0 22
0 21
cfn=(1170)
calls=1 0 
0 12
0 9

fn=(2980)
0 206775
cfn=(3074) 0x000000000000ae90
calls=10 0 
0 5417
0 1722
cfn=(3074)
calls=246 0 
0 159691
0 12304
cfn=(3784)
calls=1 0 
0 5
cob=(3)
cfi=(3)
cfn=(3526) sincos
calls=1 0 
0 7
cob=(3)
cfi=(3)
cfn=(3524) fmaf
calls=1 0 
0 5
cob=(3)
cfi=(3)
cfn=(3522) sin
calls=1 0 
0 8
cob=(3)
cfi=(3)
cfn=(3520) __atan2_finite
calls=1 0 
0 8
cob=(3)
cfi=(3)
cfn=(3518) __atanh_finite
calls=1 0 
0 8
cob=(3)
cfi=(3)
cfn=(3516) __sinh_finite
calls=1 0 
0 8
cob=(3)
cfi=(3)
cfn=(3514) exp2f
calls=1 0 
0 8
cob=(3)
cfi=(3)
cfn=(3512) expm1
calls=1 0 
0 8
cob=(3)
cfi=(3)
cfn=(3510) __asin_finite
calls=1 0 
0 7
cob=(3)
cfi=(3)
cfn=(3508) roundeven
calls=1 0 
0 6
cob=(3)
cfi=(3)
cfn=(3506) fma
calls=1 0 
0 5
cob=(3)
cfi=(3)
cfn=(3504) sinf
calls=1 0 
0 8
cob=(3)
cfi=(3)
cfn=(3502) __acos_finite
calls=1 0 
0 7
cob=(3)
cfi=(3)
cfn=(3500) atan
calls=1 0 
0 8
cob=(3)
cfi=(3)
cfn=(3498) __log_finite
calls=1 0 
0 8
cob=(3)
cfi=(3)
cfn=(3494) 0x000000000005b3b0
calls=1 0 
0 8
cob=(3)
cfi=(3)
cfn=(3492) log2f
calls=1 0 
0 8
cob=(3)
cfi=(3)
cfn=(3490) __pow_finite
calls=1 0 
0 7
cob=(3)
cfi=(3)
cfn=(3488) powf
calls=1 0 
0 8
cob=(3)
cfi=(3)
cfn=(3486) sincosf
calls=1 0 
0 8
cob=(3)
cfi=(3)
cfn=(3484) log2
calls=1 0 
0 8
cob=(3)
cfi=(3)
cfn=(3482) tan
calls=1 0 
0 8
cob=(3)
cfi=(3)
cfn=(3480) logf
calls=1 0 
0 8
cob=(3)
cfi=(3)
cfn=(3478) cos
calls=1 0 
0 8
cob=(3)
cfi=(3)
cfn=(3476) expf
calls=1 0 
0 8
cob=(3)
cfi=(3)
cfn=(3474) __exp_finite
calls=1 0 
0 8
cob=(3)
cfi=(3)
cfn=(3472) cosf
calls=1 0 
0 8
cob=(2)
cfi=(2)
cfn=(3376) strncasecmp
calls=1 0 
0 20
cob=(2)
cfi=(2)
cfn=(3374) mempcpy
calls=1 0 
0 21
cob=(2)
cfi=(2)
cfn=(3372) wcpncpy
calls=1 0 
0 17
cob=(2)
cfi=(2)
cfn=(3370) strspn
calls=1 0 
0 6
cob=(2)
cfi=(2)
cfn=(3368) memchr
calls=1 0 
0 22
cob=(2)
cfi=(2)
cfn=(3366) memmove
calls=1 0 
0 21
cob=(2)
cfi=(2)
cfn=(3364) stpcpy
calls=1 0 
0 16
cob=(2)
cfi=(2)
cfn=(3362) __memmove_chk
calls=1 0 
0 21
cob=(2)
cfi=(2)
cfn=(3360) wmemcmp
calls=1 0 
0 23
cob=(2)
cfi=(2)
cfn=(3358) strncpy
calls=1 0 
0 18
cob=(2)
cfi=(2)
cfn=(3356) strlen
calls=1 0 
0 24
cob=(2)
cfi=(2)
cfn=(3354) wcscat
calls=1 0 
0 17
cob=(2)
cfi=(2)
cfn=(3352) strcasecmp_l
calls=1 0 
0 20
cob=(2)
cfi=(2)
cfn=(3350) strcpy
calls=1 0 
0 16
cob=(2)
cfi=(2)
cfn=(3348) wmemset
calls=2 0 
0 36
cob=(2)
cfi=(2)
cfn=(3346) bcmp
calls=1 0 
0 23
cob=(2)
cfi=(2)
cfn=(3344) strchrnul
calls=1 0 
0 24
cob=(2)
cfi=(2)
cfn=(3342) strncasecmp_l
calls=1 0 
0 20
cob=(2)
cfi=(2)
cfn=(3340) strcat
calls=1 0 
0 16
cob=(2)
cfi=(2)
cfn=(3338) wcscpy
calls=1 0 
0 15
cob=(2)
cfi=(2)
cfn=(3336) strcspn
calls=1 0 
0 6
cob=(2)
cfi=(2)
cfn=(3334) strcasecmp
calls=1 0 
0 20
cob=(2)
cfi=(2)
cfn=(3332) strncmp
calls=1 0 
0 20
cob=(2)
cfi=(2)
cfn=(3330) wmemchr
calls=2 0 
0 44
cob=(2)
cfi=(2)
cfn=(3328) stpncpy
calls=1 0 
0 18
cob=(2)
cfi=(2)
cfn=(3326) wcscmp
calls=1 0 
0 24
cob=(2)
cfi=(2)
cfn=(3324) rindex
calls=1 0 
0 24
cob=(2)
cfi=(2)
cfn=(3322) __memset_chk
calls=1 0 
0 22
cob=(2)
cfi=(2)
cfn=(3320) index
calls=1 0 
0 18
cob=(2)
cfi=(2)
cfn=(3318) wcschr
calls=2 0 
0 48
cob=(2)
cfi=(2)
cfn=(3316) memcpy
calls=1 0 
0 21
cob=(2)
cfi=(2)
cfn=(3314) wcsncpy
calls=1 0 
0 17
cob=(2)
cfi=(2)
cfn=(3312) memrchr
calls=1 0 
0 24
cob=(2)
cfi=(2)
cfn=(3310) __memcpy_chk
calls=1 0 
0 21
cob=(2)
cfi=(2)
cfn=(3308) __mempcpy_chk
calls=1 0 
0 21
cob=(2)
cfi=(2)
cfn=(3306) wcslen
calls=1 0 
0 18
cob=(2)
cfi=(2)
cfn=(3304) memset
calls=1 0 
0 22
cob=(2)
cfi=(2)
cfn=(3302) wcsnlen
calls=1 0 
0 18
cob=(2)
cfi=(2)
cfn=(3300) strcmp
calls=1 0 
0 18
cob=(2)
cfi=(2)
cfn=(3298) strpbrk
calls=1 0 
0 6
cob=(2)
cfi=(2)
cfn=(3296) strnlen
calls=2 0 
0 48
cob=(2)
cfi=(2)
cfn=(3284) 0x00000000000bb960
calls=1 0 
0 29
0 1401
cob=(2)
cfi=(2)
cfn=(3358)
calls=1 0 
0 18
cob=(2)
cfi=(2)
cfn=(3304)
calls=2 0 
0 44
cob=(2)
cfi=(2)
cfn=(3346)
calls=3 0 
0 69
cob=(2)
cfi=(2)
cfn=(3366)
calls=2 0 
0 42
cob=(2)
cfi=(2)
cfn=(3356)
calls=2 0 
0 48
cob=(2)
cfi=(2)
cfn=(3316)
calls=2 0 
0 42
0 2711
cfn=(3074)
calls=6 0 
0 3418
0 228

fn=(0) 0x000000000001d2c0
0 2
cfn=(2)
calls=1 0 
0 482561
0 10
cfn=(3980)
calls=1 0 
0 968
0 3
cob=(7)
cfi=(7)
cfn=(4108) (below main)
calls=1 0 
0 7618722

fn=(1456)
0 161
cfn=(1458) 0x00000000000232a0
calls=1 0 
0 19
0 30
cfn=(1458)
calls=10 0 
0 190
0 55
cob=(2)
cfi=(2)
cfn=(5506) 0x000000000008f330
calls=1 0 
0 844
cfn=(2008)
calls=9 0 
0 17372
cfn=(1460)
calls=1 0 
0 2634
0 183

fn=(2542)
0 244
cfn=(2556)
calls=12 0 
0 486
0 78
cfn=(760)
calls=2 0 
0 36
0 2

fn=(2638)
0 505
cfn=(1474)
calls=46 0 
0 4605
0 7586
cfn=(888)
calls=41 0 
0 1745
0 290
cfn=(888)
calls=1 0 
0 57
0 841
cfn=(742)
calls=5 0 
0 220
0 3555
cfn=(2818) 0x0000000000025f00
calls=1 0 
0 31
0 2

fn=(3792)
0 127
cfn=(3804) 0x000000000000ba00
calls=3 0 
0 440
0 42

fn=(3874)
0 11
cfn=(3074)
calls=1 0 
0 601
0 16

fn=(472)
0 228

fn=(1240)
0 88
cfn=(1054)
calls=11 0 
0 414
0 99

fn=(1402)
0 28
cfn=(1452)
calls=1 0 
0 2742
0 6
cfn=(1408) 0x0000000000025b80
calls=1 0 
0 393
0 8
cfn=(760)
calls=1 0 
0 26
0 11

fn=(1552)
0 20

fn=(2900) 0x0000000000012670
0 9
cfn=(746)
calls=1 0 
0 24
0 318
cfn=(2910) 0x0000000000011f40
calls=1 0 
0 53
0 7

fn=(120)
0 9

fn=(4154) _dl_audit_preinit
0 4

fn=(658) 0x0000000000022710
0 14

fn=(998)
0 15
cfn=(1000)
calls=1 0 
0 1341
0 3
cfn=(746)
calls=1 0 
0 24
0 13
cfn=(746)
calls=1 0 
0 24
0 42
cfn=(1170)
calls=4 0 
0 52
0 91
cfn=(650)
calls=1 0 
0 16
0 8
cfn=(760)
calls=1 0 
0 10
0 108
cfn=(746)
calls=1 0 
0 24
0 10
cfn=(1210) 0x0000000000007190
calls=1 0 
0 570
0 18

fn=(1148)
0 724

fn=(1170)
0 821

fn=(1458)
0 209

fn=(1960)
0 8

fn=(3668)
0 42

fn=(3804)
0 84
cfn=(888)
calls=3 0 
0 191
0 39
cfn=(888)
calls=3 0 
0 96
0 30

fn=(5316) _dl_find_dso_for_object
0 464

fn=(5568) _dl_allocate_tls
0 16
cfn=(2910)
calls=4 0 
0 1180
0 16
cfn=(3686)
calls=4 0 
0 1828

fn=(746)
0 528

fn=(1032)
0 66
cfn=(1034)
calls=11 0 
0 469
0 6
cfn=(1034)
calls=3 0 
0 180
0 106
cfn=(1072)
calls=6 0 
0 24
0 34

fn=(2188)
0 2490

fn=(2860) 0x0000000000012270
0 10
cfn=(218)
calls=1 0 
0 21
0 5
cfn=(218)
calls=1 0 
0 21
0 21

fn=(2910)
0 45
cob=(2)
cfi=(2)
cfn=(4994) calloc
calls=4 0 
0 1104
cfn=(742)
calls=1 0 
0 34
0 50

fn=(3094) 0x000000000000a220
0 87197
cfn=(3128) 0x000000000000a0a0
calls=261 0 
0 33443
0 2914

fn=(8072) 0x0000000000005aa0
0 22
cob=(2)
cfi=(2)
cfn=(5312)
calls=1 0 
0 39
0 34
cfn=(3952)
calls=1 0 
0 8
0 101
cfn=(2542)
calls=1 0 
0 452
0 2
cob=(2)
cfi=(2)
cfn=(5318)
calls=1 0 
0 39
0 79
cfn=(8110)
calls=6 0 
0 586
0 12
cfn=(8154) 0x0000000000018730
calls=6 0 
0 24
0 29
cfn=(3952)
calls=1 0 
0 8
0 2

fn=(134)
0 6
cfn=(136)
calls=1 0 
0 531
0 2
cfn=(158)
calls=1 0 
0 23135
0 1
cfn=(216)
calls=1 0 
0 33
0 2
cfn=(224)
calls=1 0 
0 7
0 1
cfn=(232)
calls=1 0 
0 7276
0 4
cfn=(650)
calls=1 0 
0 16
0 3
cfn=(658)
calls=1 0 
0 14
0 11
cfn=(670)
calls=1 0 
0 450774
0 4

fn=(364)
0 396
cfn=(370)
calls=12 0 
0 4044
0 84
cfn=(370)
calls=12 0 
0 1322
0 24

fn=(1054)
0 713

fn=(1318)
0 20

fn=(1408)
0 393

fn=(2462)
0 76

fn=(3434)
0 90

fn=(3848)
0 60
cfn=(3074)
calls=4 0 
0 2371
0 104

fn=(1136)
0 46
cfn=(1148)
calls=2 0 
0 24
0 22
cfn=(1032)
calls=2 0 
0 135
0 4
cfn=(1032)
calls=2 0 
0 167
0 20

fn=(1212) 0x000000000001b390
0 246

fn=(1474)
0 560
cfn=(888)
calls=80 0 
0 2585
0 1079
cfn=(888)
calls=94 0 
0 3472
0 588

fn=(1872)
0 25

fn=(2818)
0 31

fn=(2854)
0 13
cfn=(742)
calls=1 0 
0 34
0 5
cfn=(2860)
calls=1 0 
0 78
0 1
cfn=(2870) 0x0000000000012470
calls=1 0 
0 224
0 1
cfn=(2900)
calls=1 0 
0 411
0 14
cfn=(2928)
calls=1 0 
0 96
0 6

fn=(3128)
0 7827
cfn=(888)
calls=195 0 
0 9886
0 5007
cfn=(888)
calls=250 0 
0 8032
0 2691

fn=(672)
0 16

fn=(742)
0 307
cfn=(1624)
calls=2 0 
0 44
0 14
cfn=(1640)
calls=2 0 
0 49
0 141

fn=(1210)
0 20
cfn=(1212)
calls=1 0 
0 239
0 3
cfn=(1212)
calls=1 0 
0 7
0 11
cfn=(1238)
calls=1 0 
0 125
0 5
cfn=(650)
calls=1 0 
0 16
0 33
cfn=(1300)
calls=1 0 
0 4
0 9
cfn=(746)
calls=1 0 
0 24
0 10
cfn=(1148)
calls=1 0 
0 12
0 52

fn=(2318)
0 18

fn=(2368)
0 108

fn=(3400)
0 21
cfn=(3406)
calls=1 0 
0 5
0 2

fn=(3952)
0 24

fn=(3958)
0 7
cfn=(3962)
calls=1 0 
0 5
0 4

fn=(578)
0 264

fn=(650)
0 702

fn=(800)
0 14

fn=(2140)
0 11
cfn=(1538)
calls=1 0 
0 16
0 13
cfn=(1592)
calls=1 0 
0 5
0 8
cfn=(1872)
calls=1 0 
0 5
0 7
cfn=(1624)
calls=1 0 
0 22
0 2

fn=(2870)
0 127
cfn=(218)
calls=1 0 
0 22
0 17
cfn=(218)
calls=1 0 
0 22
0 36

fn=(3074)
0 35965
cfn=(3094)
calls=268 0 
0 123554
0 12711

fn=(8154)
0 24

ob=(5)
fl=(5)
fn=(8162)
0 9
cob=(4)
cfi=(4)
cfn=(8168)
calls=1 0 
0 72
0 1
cfn=(8172) 0x0000000000001050
calls=1 0 
0 5
0 3

fn=(4010)
0 12

fn=(8172)
0 5

ob=(7)
fl=(7)
fn=(6798) core::ptr::drop_glue::<tokio::sync::oneshot::Inner<core::result::Result<core::pin::Pin<alloc::boxed::Box<dyn core::future::future::Future<Output = core::result::Result<http::response::Response<tonic::body::Body>, alloc::boxed::Box<dyn core::error::Error + core::marker::Send + core::marker::Sync>>> + core::marker::Send>>, tower::buffer::error::ServiceError>>>
0 4010
cfn=(6800) tokio::runtime::park::drop_waker
calls=401 0 
0 2807
0 3208

fn=(6800)
0 5537

fn=(6804) <core::pin::Pin<alloc::boxed::Box<dyn core::future::future::Future<Output = core::result::Result<http::response::Response<tonic::body::Body>, alloc::boxed::Box<dyn core::error::Error + core::marker::Send + core::marker::Sync>>> + core::marker::Send>> as core::future::future::Future>::poll
0 3156
cfn=(6806) <tonic::transport::channel::service::add_origin::AddOrigin<tonic::transport::channel::service::user_agent::UserAgent<tonic::transport::service::grpc_timeout::GrpcTimeout<tower::util::either::Either<tower::limit::concurrency::service::ConcurrencyLimit<tower::util::either::Either<tower::limit::rate::service::RateLimit<tonic::transport::channel::service::reconnect::Reconnect<tonic::transport::channel::service::connection::MakeSendRequestService<tonic::transport::channel::service::connector::Connector<tonic::transport::channel::uds_connector::UdsConnector>>, http::uri::Uri>>, tonic::transport::channel::service::reconnect::Reconnect<tonic::transport::channel::service::connection::MakeSendRequestService<tonic::transport::channel::service::connector::Connector<tonic::transport::channel::uds_connector::UdsConnector>>, http::uri::Uri>>>, tower::util::either::Either<tower::limit::rate::service::RateLimit<tonic::transport::channel::service::reconnect::Reconnect<tonic::transport::channel::service::connection::MakeSendRequestService<tonic::transport::channel::service::connector::Connector<tonic::transport::channel::uds_connector::UdsConnector>>, http::uri::Uri>>, tonic::transport::channel::service::reconnect::Reconnect<tonic::transport::channel::service::connection::MakeSendRequestService<tonic::transport::channel::service::connector::Connector<tonic::transport::channel::uds_connector::UdsConnector>>, http::uri::Uri>>>>>> as tower_service::Service<http::request::Request<tonic::body::Body>>>::call::{closure#1}
calls=789 0 
0 647884

fn=(5024) std::sys::pal::unix::stack_overflow::thread_info::set_current_info
0 65
cob=(2)
cfi=(2)
cfn=(5026) gettid
calls=5 0 
0 15
0 69
cob=(2)
cfi=(2)
cfn=(4210)
calls=1 0 
0 184
0 16
cob=(2)
cfi=(2)
cfn=(4210)
calls=4 0 
0 164
0 40
cob=(2)
cfi=(2)
cfn=(4536) 0x0000000000162b40
calls=4 0 
0 48
0 9
cob=(2)
cfi=(2)
cfn=(5034) __errno_location
calls=5 0 
0 15
0 295
cob=(2)
cfi=(2)
cfn=(4210)
calls=1 0 
0 179
0 159
cob=(2)
cfi=(2)
cfn=(4536)
calls=1 0 
0 12
0 8
cob=(2)
cfi=(2)
cfn=(4536)
calls=1 0 
0 11
0 65

fn=(5064) <tokio::runtime::builder::Builder>::new
0 9
cob=(2)
cfi=(2)
cfn=(4210)
calls=1 0 
0 190
0 12
cfn=(5066) <tokio::util::rand::RngSeed>::new
calls=1 0 
0 270
0 29

fn=(5066)
0 59
cfn=(5086) <std::hash::random::DefaultHasher as core::hash::Hasher>::write
calls=1 0 
0 27
0 135
cfn=(5086)
calls=5 0 
0 135
0 485
cfn=(5068) std::sys::random::linux::hashmap_random_keys
calls=5 0 
0 759
0 15

fn=(5092) std::sys::env::unix::getenv
0 28
cob=(2)
cfi=(2)
cfn=(4536)
calls=2 0 
0 22
0 142
cfn=(5094) std::sys::env::unix::getenv::{closure#0}
calls=2 0 
0 1335
0 30

fn=(5094)
0 34
cob=(2)
cfi=(2)
cfn=(5096) getenv
calls=2 0 
0 1265
0 36

fn=(5116) <std::sys::fs::unix::File>::open_c
0 78
cob=(2)
cfi=(2)
cfn=(5118) open
calls=2 0 
0 92
0 48

fn=(5144) <std::path::Path>::_starts_with
0 197
cfn=(5146) <std::path::Components as core::iter::traits::iterator::Iterator>::next
calls=9 0 
0 556
0 27
cfn=(5146)
calls=9 0 
0 611
0 206
cfn=(5148) <std::path::Component as core::cmp::PartialEq>::eq
calls=7 0 
0 298
0 149

fn=(5210) tokio::runtime::blocking::create_blocking_pool
0 11
cob=(2)
cfi=(2)
cfn=(4210)
calls=1 0 
0 190
0 18
cob=(2)
cfi=(2)
cfn=(4210)
calls=1 0 
0 41
0 88
cob=(2)
cfi=(2)
cfn=(4210)
calls=1 0 
0 187
0 10
cob=(2)
cfi=(2)
cfn=(4536)
calls=1 0 
0 52
0 10

fn=(5302) core::ptr::drop_glue::<alloc::vec::drain::Drain<alloc::boxed::Box<tokio::runtime::scheduler::multi_thread::worker::Core>>>
0 50

fn=(5428) <tokio::runtime::builder::Builder>::new::{closure#0}
0 16
cob=(2)
cfi=(2)
cfn=(4210)
calls=4 0 
0 841
0 60

fn=(5630) <std::hash::random::RandomState as core::hash::BuildHasher>::hash_one::<&usize>
0 161
cfn=(5086)
calls=7 0 
0 385
0 476

fn=(5658) core::ptr::drop_glue::<alloc::vec::drain::Drain<alloc::sync::Arc<tokio::runtime::scheduler::multi_thread::worker::Worker>>>
0 26

fn=(5684) <core::net::parser::Parser>::read_ipv4_addr
0 287

fn=(5714) alloc::fmt::format::format_inner
0 147
cob=(2)
cfi=(2)
cfn=(4210)
calls=2 0 
0 442
0 26
cfn=(5716) core::fmt::write
calls=2 0 
0 2231
0 28

fn=(5720) <core::net::socket_addr::SocketAddr as core::fmt::Display>::fmt
0 4
cfn=(5722) <core::net::socket_addr::SocketAddrV4 as core::fmt::Display>::fmt
calls=1 0 
0 1602

fn=(5728) <u8 as core::fmt::Display>::fmt
0 120
cfn=(5730) <core::fmt::Formatter>::pad_integral
calls=4 0 
0 462
0 12

fn=(5850) <tokio::net::tcp::socket::TcpSocket>::connect::{closure#0}
0 57
cob=(2)
cfi=(2)
cfn=(5852) connect
calls=1 0 
0 64
0 3
cob=(2)
cfi=(2)
cfn=(5034)
calls=1 0 
0 3
0 15
cfn=(6420) <tokio::net::tcp::stream::TcpStream>::connect_mio::{closure#0}
calls=1 0 
0 863
0 4
cfn=(6420)
calls=1 0 
0 120
0 42

fn=(6162) tokio::runtime::task::raw::poll::<tokio::runtime::blocking::task::BlockingTask<<tokio::runtime::scheduler::multi_thread::worker::Launch>::launch::{closure#0}>, tokio::runtime::blocking::schedule::BlockingSchedule>
0 196
cfn=(6164) tokio::runtime::scheduler::multi_thread::worker::run
calls=4 0 
0 49938990
0 32
cfn=(7756) <tokio::runtime::task::core::Core<tokio::runtime::blocking::task::BlockingTask<<tokio::runtime::scheduler::multi_thread::worker::Launch>::launch::{closure#0}>, tokio::runtime::blocking::schedule::BlockingSchedule>>::set_stage
calls=4 0 
0 172
0 36
cfn=(7756)
calls=4 0 
0 160
0 40
cfn=(7758) <tokio::runtime::task::harness::Harness<tokio::runtime::blocking::task::BlockingTask<<tokio::runtime::scheduler::multi_thread::worker::Launch>::launch::{closure#0}>, tokio::runtime::blocking::schedule::BlockingSchedule>>::complete
calls=4 0 
0 304

fn=(6208) <matchit::escape::UnescapedRef>::to_owned
0 100
cob=(2)
cfi=(2)
cfn=(4210)
calls=4 0 
0 840
0 40
cob=(2)
cfi=(2)
cfn=(4536)
calls=4 0 
0 51
0 68

fn=(6216) <std::hash::random::RandomState as core::hash::BuildHasher>::hash_one::<&alloc::sync::Arc<str>>
0 48
cfn=(6212) <core::hash::sip::Hasher<core::hash::sip::Sip13Rounds> as core::hash::Hasher>::write
calls=2 0 
0 128
0 10
cfn=(6212)
calls=2 0 
0 68
0 138

fn=(6222) <hashbrown::raw::RawTable<(axum::routing::RouteId, axum::routing::Endpoint<()>)>>::reserve_rehash::<hashbrown::map::make_hasher<axum::routing::RouteId, axum::routing::Endpoint<()>, std::hash::random::RandomState>::{closure#0}>
0 224
cob=(2)
cfi=(2)
cfn=(4210)
calls=4 0 
0 742
0 80
cob=(2)
cfi=(2)
cfn=(4972) 0x0000000000163540
calls=4 0 
0 40
0 96

fn=(6236) <matchit::params::Params>::push
0 9246

fn=(6314) <std::sys::pal::unix::time::Timespec>::sub_timespec
0 349740

fn=(6468) <hyper_util::rt::tokio::TokioIo<tokio::net::tcp::stream::TcpStream> as hyper::rt::io::Write>::poll_write
0 1
cfn=(6470) <tokio::net::tcp::stream::TcpStream>::poll_write_priv
calls=1 0 
0 174

fn=(6556) core::ptr::drop_glue::<<tonic::transport::channel::Channel>::connect<tonic::transport::channel::service::connector::Connector<hyper_util::client::legacy::connect::http::HttpConnector>>::{closure#0}>
0 17

fn=(6560) core::ptr::drop_glue::<<devloop::echo::echo_client::EchoClient<tonic::transport::channel::Channel>>::connect<alloc::string::String>::{closure#0}>
0 12

fn=(6574) <tokio::sync::batch_semaphore::Acquire as core::ops::drop::Drop>::drop
0 18045

fn=(6596) core::ptr::drop_glue::<[http::header::map::Bucket<http::header::value::HeaderValue>]>
0 30075
cfn=(6558) bytes::bytes::promotable_even_drop
calls=1 0 
0 12
cfn=(5776) bytes::bytes::shared_drop
calls=400 0 
0 3600
0 12030
cfn=(5776)
calls=2383 0 
0 21447
cfn=(6558)
calls=23 0 
0 276
0 89423

fn=(6612) core::ptr::drop_glue::<tokio::sync::mpsc::bounded::OwnedPermit<tower::buffer::message::Message<http::request::Request<tonic::body::Body>, core::pin::Pin<alloc::boxed::Box<dyn core::future::future::Future<Output = core::result::Result<http::response::Response<tonic::body::Body>, alloc::boxed::Box<dyn core::error::Error + core::marker::Send + core::marker::Sync>>> + core::marker::Send>>>>>
0 5213

fn=(6620) <hyper::proto::h2::client::H2ClientFuture<tonic::body::Body, tonic::transport::channel::service::io::BoxedIo, tonic::transport::channel::service::executor::SharedExec> as core::future::future::Future>::poll
0 65792
cfn=(6788) <h2::client::ResponseFuture as core::future::future::Future>::poll
calls=802 0 
0 195313
0 15639
cfn=(6312) tokio::runtime::task::waker::clone_waker
calls=401 0 
0 2807
0 10871
cfn=(6312)
calls=405 0 
0 2835
0 65746
cfn=(6980) <hyper::proto::h2::ping::Recorder>::record_non_data
calls=401 0 
0 5614
0 802
cfn=(6976) hyper::headers::content_length_parse_all
calls=401 0 
0 61754
0 56885
cfn=(6622) <h2::proto::streams::streams::Streams<hyper::proto::h2::SendBuf<bytes::bytes::Bytes>, h2::client::Peer>>::has_streams_or_other_references
calls=2003 0 
0 79314
0 8012
cfn=(6622)
calls=2003 0 
0 79314
0 10015
cfn=(6624) <h2::proto::connection::Connection<hyper::common::io::compat::Compat<tonic::transport::channel::service::io::BoxedIo>, h2::client::Peer, hyper::proto::h2::SendBuf<bytes::bytes::Bytes>>>::poll
calls=2003 0 
0 9916012
0 24036
cfn=(6622)
calls=2003 0 
0 79314
0 13630
cfn=(6982) <h2::share::RecvStream>::is_end_stream
calls=401 0 
0 24863
0 4812
cfn=(6982)
calls=401 0 
0 24863
0 9644
cfn=(6780) tokio::runtime::task::waker::drop_waker
calls=4 0 
0 32
0 4050
cfn=(6760) <hyper::proto::h2::PipeToSendStream<tonic::body::Body> as core::future::future::Future>::poll
calls=405 0 
0 805891
0 8036
cfn=(6864) core::ptr::drop_glue::<futures_channel::mpsc::Sender<core::convert::Infallible>>
calls=401 0 
0 46370
0 21255
cfn=(6312)
calls=1 0 
0 7
0 35261
cfn=(7248) <hyper::client::dispatch::Callback<http::request::Request<tonic::body::Body>, http::response::Response<hyper::body::incoming::Incoming>>>::send
calls=401 0 
0 94044
0 26482

fn=(6648) <hyper_util::rt::tokio::TokioIo<tokio::net::tcp::stream::TcpStream> as hyper::rt::io::Write>::poll_write_vectored
0 1204
cfn=(6412) <tokio::net::tcp::stream::TcpStream>::poll_write_vectored_priv
calls=1204 0 
0 209496

fn=(6726) <hashbrown::raw::RawTable<usize>>::reserve_rehash::<indexmap::inner::get_hash<h2::frame::stream_id::StreamId, h2::proto::streams::store::SlabIndex>::{closure#0}>
0 108
cob=(2)
cfi=(2)
cfn=(4210)
calls=2 0 
0 345
0 40
cob=(2)
cfi=(2)
cfn=(4972)
calls=2 0 
0 20
0 60

fn=(6744) <h2::proto::streams::prioritize::Prioritize>::queue_frame::<hyper::proto::h2::SendBuf<bytes::bytes::Bytes>>
0 86616
cob=(2)
cfi=(2)
cfn=(4536)
calls=2406 0 
0 153984
0 16842
cfn=(6746) <slab::Slab<h2::proto::streams::buffer::Slot<h2::frame::Frame<hyper::proto::h2::SendBuf<bytes::bytes::Bytes>>>>>::insert_at
calls=2406 0 
0 209850
0 26502
cfn=(6750) <h2::proto::streams::prioritize::Prioritize>::schedule_send
calls=1592 0 
0 257017
0 4884
cfn=(6750)
calls=814 0 
0 70818
0 26466

fn=(6760)
0 39900
cfn=(6762) <h2::proto::streams::streams::StreamRef<hyper::proto::h2::SendBuf<bytes::bytes::Bytes>>>::poll_reset
calls=1596 0 
0 177998
0 6416
cfn=(6762)
calls=1604 0 
0 183658
0 27958
cfn=(7176) <http_body_util::combinators::map_err::MapErr<http_body_util::combinators::map_err::MapErr<tonic::service::recover_error::ResponseBody<tonic::body::Body>, <tonic::status::Status as core::convert::Into<alloc::boxed::Box<dyn core::error::Error + core::marker::Send + core::marker::Sync>>>::into>, <tonic::status::Status>::map_error<alloc::boxed::Box<dyn core::error::Error + core::marker::Send + core::marker::Sync>>> as http_body::Body>::poll_frame
calls=1191 0 
0 1848793
cfn=(6766) <http_body_util::combinators::map_err::MapErr<tonic::codec::encode::EncodeBody<tonic_prost::codec::ProstEncoder<devloop::echo::EchoRequest>, tokio_stream::stream_ext::map::Map<tokio_stream::once::Once<devloop::echo::EchoRequest>, core::result::Result<devloop::echo::EchoRequest, tonic::status::Status>::Ok>>, <tonic::status::Status>::map_error<tonic::status::Status>> as http_body::Body>::poll_frame
calls=802 0 
0 287813
0 39663
cfn=(7164) <http_body_util::combinators::map_err::MapErr<http_body_util::combinators::map_err::MapErr<tonic::service::recover_error::ResponseBody<tonic::body::Body>, <tonic::status::Status as core::convert::Into<alloc::boxed::Box<dyn core::error::Error + core::marker::Send + core::marker::Sync>>>::into>, <tonic::status::Status>::map_error<alloc::boxed::Box<dyn core::error::Error + core::marker::Send + core::marker::Sync>>> as http_body::Body>::is_end_stream
calls=401 0 
0 8020
cfn=(6704) <http_body_util::combinators::map_err::MapErr<tonic::codec::encode::EncodeBody<tonic_prost::codec::ProstEncoder<devloop::echo::EchoRequest>, tokio_stream::stream_ext::map::Map<tokio_stream::once::Once<devloop::echo::EchoRequest>, core::result::Result<devloop::echo::EchoRequest, tonic::status::Status>::Ok>>, <tonic::status::Status>::map_error<tonic::status::Status>> as http_body::Body>::is_end_stream
calls=401 0 
0 802
0 4812
cfn=(6774) <h2::proto::streams::streams::StreamRef<hyper::proto::h2::SendBuf<bytes::bytes::Bytes>>>::reserve_capacity
calls=802 0 
0 200099
0 11236
cfn=(6782) <h2::proto::streams::streams::StreamRef<hyper::proto::h2::SendBuf<bytes::bytes::Bytes>>>::capacity
calls=1207 0 
0 76041
0 4034
cfn=(6784) <h2::share::SendStream<hyper::proto::h2::SendBuf<bytes::bytes::Bytes>>>::poll_capacity
calls=405 0 
0 50220
0 10037
cfn=(6856) <h2::proto::streams::streams::StreamRef<hyper::proto::h2::SendBuf<bytes::bytes::Bytes>>>::send_data
calls=802 0 
0 711322
0 11613
cfn=(6856)
calls=401 0 
0 275086
0 2005
cfn=(6774)
calls=401 0 
0 40100
0 33283
cfn=(7232) h2::frame::headers::calculate_headermap_size
calls=401 0 
0 21654
0 10426
cfn=(6732) <h2::proto::streams::send::Send>::check_headers
calls=401 0 
0 388569
0 3609
cfn=(6824) <h2::proto::streams::counts::Counts>::transition_after
calls=401 0 
0 21253
0 25592
cfn=(6942) <h2::proto::streams::store::Ptr as core::ops::deref::Deref>::deref
calls=401 0 
0 6817
0 4411
cfn=(6970) <h2::proto::streams::store::Ptr as core::ops::deref::DerefMut>::deref_mut
calls=401 0 
0 6817
0 1203
cfn=(6862) <h2::proto::streams::state::State>::send_close
calls=401 0 
0 10827
0 3609
cob=(2)
cfi=(2)
cfn=(4536)
calls=401 0 
0 25664
0 2807
cfn=(6744)
calls=401 0 
0 124711
0 2406
cfn=(6776) <h2::proto::streams::prioritize::Prioritize>::reserve_capacity
calls=401 0 
0 21654
0 2005

fn=(6770) prost::encoding::varint::encode_varint::<tonic::codec::buffer::EncodeBuf>
0 145563

fn=(6790) <h2::proto::streams::buffer::Deque>::pop_front::<h2::proto::streams::recv::Event>
0 111482
cob=(2)
cfi=(2)
cfn=(4536)
calls=2807 0 
0 81403
0 44777
cob=(2)
cfi=(2)
cfn=(4536)
calls=757 0 
0 21953
0 6150
cob=(2)
cfi=(2)
cfn=(4536)
calls=2050 0 
0 59450
0 51688

fn=(6838) <h2::hpack::header::Header>::len
0 112
cfn=(6716) <http::header::name::StandardHeader>::as_str
calls=5 0 
0 35
0 30

fn=(6882) core::ptr::drop_glue::<futures_channel::oneshot::Receiver<()>>
0 8020
cfn=(6780)
calls=401 0 
0 3208
0 6817

fn=(6890) <h2::proto::streams::flow_control::FlowControl>::send_data
0 117092

fn=(6896) <h2::hpack::decoder::Table>::get
0 66359
cfn=(6914) <h2::hpack::header::Header as core::clone::Clone>::clone
calls=2783 0 
0 174163
0 24427

fn=(6926) <bytes::bytes::Bytes>::copy_from_slice
0 276
cob=(2)
cfi=(2)
cfn=(4210)
calls=23 0 
0 1757
0 240
cob=(2)
cfi=(2)
cfn=(4536)
calls=17 0 
0 170
0 24
cob=(2)
cfi=(2)
cfn=(4536)
calls=6 0 
0 69
0 391

fn=(6976)
0 8822
cfn=(6978) <http::header::map::HeaderMap>::get_all::<http::header::name::HeaderName>
calls=802 0 
0 80200
0 25664

fn=(7010) <matchit::params::ParamsIter as core::iter::traits::iterator::Iterator>::next
0 14035
cfn=(5058) core::str::converts::from_utf8
calls=401 0 
0 28070
0 3208
cfn=(5058)
calls=401 0 
0 47805
0 8822

fn=(7042) core::ptr::drop_glue::<tower::util::map_future::MapFuture<axum::util::MapIntoResponse<tower::util::map_request::MapRequest<devloop::echo::echo_server::EchoServer<devloop::TonicEchod>, <tonic::service::router::Routes>::add_service<devloop::echo::echo_server::EchoServer<devloop::TonicEchod>>::{closure#0}>>, <tower::util::boxed_clone_sync::BoxCloneSyncService<http::request::Request<axum_core::body::Body>, http::response::Response<axum_core::body::Body>, core::convert::Infallible>>::new<axum::util::MapIntoResponse<tower::util::map_request::MapRequest<devloop::echo::echo_server::EchoServer<devloop::TonicEchod>, <tonic::service::router::Routes>::add_service<devloop::echo::echo_server::EchoServer<devloop::TonicEchod>>::{closure#0}>>>::{closure#0}>>
0 1207
cfn=(7618) <alloc::sync::Arc<tokio::sync::watch::Shared<()>>>::drop_slow
calls=1 0 
0 130
0 401

fn=(7064) <http_body_util::combinators::map_err::MapErr<axum_core::body::Body, <tonic::status::Status>::map_error<axum_core::error::Error>> as http_body::Body>::poll_frame
0 16500
cfn=(7066) <http_body_util::combinators::map_err::MapErr<tonic::body::Body, <axum_core::error::Error>::new<tonic::status::Status>> as http_body::Body>::poll_frame
calls=1650 0 
0 695957
0 43076
cfn=(7066)
calls=1191 0 
0 1769217
0 25885

fn=(7094) <h2::proto::streams::prioritize::Prioritize>::reclaim_frame_inner::<hyper::proto::h2::SendBuf<bytes::bytes::Bytes>>
0 43709
cfn=(6900) bytes::bytes_mut::shared_v_drop
calls=802 0 
0 265441
0 10827

fn=(7106) core::ptr::drop_glue::<http_body_util::combinators::map_err::MapErr<http_body_util::combinators::map_err::MapErr<http_body_util::combinators::map_frame::MapFrame<tonic::body::Body, <tonic::codec::decode::Streaming<pbrs_grpc::codec::prost::Message<pbrs_adoption_corpus::prost_types::EntityList>>>::new<tonic::body::Body, devloop::adoption_rpc::TonicCodec<pbrs_grpc::codec::prost::Message<pbrs_adoption_corpus::prost_types::EntityList>>>::{closure#0}>, <tonic::codec::decode::Streaming<pbrs_grpc::codec::prost::Message<pbrs_adoption_corpus::prost_types::EntityList>>>::new<tonic::body::Body, devloop::adoption_rpc::TonicCodec<pbrs_grpc::codec::prost::Message<pbrs_adoption_corpus::prost_types::EntityList>>>::{closure#1}>, <tonic::status::Status>::map_error<tonic::status::Status>>>
0 14436
cfn=(7110) core::ptr::drop_glue::<http_body_util::combinators::map_err::MapErr<hyper::body::incoming::Incoming, <tonic::status::Status>::map_error<hyper::error::Error>>>
calls=401 0 
0 502440
cfn=(7242) core::ptr::drop_glue::<http_body_util::combinators::map_err::MapErr<tonic::codec::encode::EncodeBody<tonic_prost::codec::ProstEncoder<devloop::echo::EchoReply>, tokio_stream::wrappers::mpsc_bounded::ReceiverStream<core::result::Result<devloop::echo::EchoReply, tonic::status::Status>>>, <tonic::status::Status>::map_error<tonic::status::Status>>>
calls=401 0 
0 11228
cfn=(7108) core::ptr::drop_glue::<core::pin::Pin<alloc::boxed::Box<dyn core::future::future::Future<Output = core::result::Result<http::response::Response<tonic::body::Body>, alloc::boxed::Box<dyn core::error::Error + core::marker::Send + core::marker::Sync>>> + core::marker::Send>>>
calls=401 0 
0 220334
0 8421
cob=(2)
cfi=(2)
cfn=(4920)
calls=1203 0 
0 91630

fn=(7107) core::ptr::drop_glue::<http_body_util::combinators::map_err::MapErr<http_body_util::combinators::map_err::MapErr<http_body_util::combinators::map_frame::MapFrame<tonic::body::Body, <tonic::codec::decode::Streaming<pbrs_grpc::codec::prost::Message<pbrs_adoption_corpus::prost_types::EntityList>>>::new<tonic::body::Body, devloop::adoption_rpc::TonicCodec<pbrs_grpc::codec::prost::Message<pbrs_adoption_corpus::prost_types::EntityList>>>::{closure#0}>, <tonic::codec::decode::Streaming<pbrs_grpc::codec::prost::Message<pbrs_adoption_corpus::prost_types::EntityList>>>::new<tonic::body::Body, devloop::adoption_rpc::TonicCodec<pbrs_grpc::codec::prost::Message<pbrs_adoption_corpus::prost_types::EntityList>>>::{closure#1}>, <tonic::status::Status>::map_error<tonic::status::Status>>>'2
0 4812
cfn=(7110)
calls=401 0 
0 148370
0 2807
cob=(2)
cfi=(2)
cfn=(4920)
calls=401 0 
0 27591

fn=(7134) <tonic::server::grpc::Grpc<tonic_prost::codec::ProstCodec<devloop::echo::EchoReply, devloop::echo::EchoRequest>>>::map_response::<tokio_stream::wrappers::mpsc_bounded::ReceiverStream<core::result::Result<devloop::echo::EchoReply, tonic::status::Status>>>
0 17243
cfn=(6592) <tonic::metadata::map::MetadataMap>::into_sanitized_headers
calls=401 0 
0 13634
0 802
cfn=(6594) core::ptr::drop_glue::<http::header::map::HeaderMap>
calls=401 0 
0 19649
0 6015
cfn=(6600) core::ptr::drop_glue::<http::extensions::Extensions>
calls=401 0 
0 6817
0 8822
cfn=(6602) <http::header::map::HeaderMap>::try_insert2::<http::header::name::HeaderName>
calls=401 0 
0 121689
0 2807
cob=(2)
cfi=(2)
cfn=(4210)
calls=401 0 
0 103342
0 15205
cob=(2)
cfi=(2)
cfn=(4210)
calls=400 0 
0 16816
0 31
cob=(2)
cfi=(2)
cfn=(4210)
calls=1 0 
0 41
0 19246

fn=(7152) hyper::common::date::update_and_header_value
0 5205
cfn=(5192) <std::sys::pal::unix::time::Timespec>::now
calls=401 0 
0 10426
0 2514
cfn=(7156) <hyper::common::date::CachedDate>::update
calls=54 0 
0 54881
0 2406
cfn=(5782) bytes::bytes::promotable_even_clone
calls=401 0 
0 11228
0 4828
cfn=(7154) <std::sys::thread_local::native::lazy::Storage<core::cell::RefCell<hyper::common::date::CachedDate>, ()>>::get_or_init_slow::<hyper::common::date::CACHED::__rust_std_internal_init_fn>
calls=4 0 
0 4942
0 12

fn=(7164)
0 6416
cfn=(7052) <http_body_util::combinators::map_err::MapErr<axum_core::body::Body, <tonic::status::Status>::map_error<axum_core::error::Error>> as http_body::Body>::is_end_stream
calls=802 0 
0 9624

fn=(7178) <http_body_util::combinators::map_err::MapErr<tonic::codec::encode::EncodeBody<tonic_prost::codec::ProstEncoder<devloop::echo::EchoReply>, tokio_stream::wrappers::mpsc_bounded::ReceiverStream<core::result::Result<devloop::echo::EchoReply, tonic::status::Status>>>, <tonic::status::Status>::map_error<tonic::status::Status>> as http_body::Body>::poll_frame
0 79624
cfn=(7180) <tokio::sync::mpsc::list::Rx<core::result::Result<pbrs_grpc::codec::prost::Message<pbrs_adoption_corpus::prost_types::EntityList>, tonic::status::Status>>>::pop
calls=2394 0 
0 81043
0 38460
cfn=(6672) <tokio::sync::batch_semaphore::Semaphore>::add_permits_locked
calls=1604 0 
0 104260
0 4375
cfn=(6662) <tokio::sync::task::atomic_waker::AtomicWaker>::register_by_ref
calls=389 0 
0 16727
0 1556
cfn=(7180)
calls=389 0 
0 11670
0 29213
cfn=(7208) tonic::codec::encode::encode_item::<tonic_prost::codec::ProstEncoder<devloop::echo::EchoReply>>
calls=1604 0 
0 646301
0 19224
cfn=(7210) core::ptr::drop_glue::<tokio::sync::mpsc::bounded::Receiver<core::result::Result<devloop::echo::EchoReply, tonic::status::Status>>>
calls=401 0 
0 182842
0 4010
cfn=(6630) <bytes::bytes_mut::BytesMut>::split_to
calls=401 0 
0 44330
0 4812
cfn=(6860) <tonic::codec::encode::EncodeState>::trailers
calls=401 0 
0 423672
0 7996
cfn=(6664) <tokio::task::coop::RestoreOnPending as core::ops::drop::Drop>::drop
calls=389 0 
0 6224
0 25083

fn=(7200) <tokio::runtime::task::core::Core<<devloop::TonicEchod as devloop::echo::echo_server::Echo>::server_stream::{closure#0}::{closure#0}, alloc::sync::Arc<tokio::runtime::scheduler::current_thread::Handle>>>::set_stage
0 30476
cfn=(7202) core::ptr::drop_glue::<<devloop::TonicEchod as devloop::echo::echo_server::Echo>::server_stream::{closure#0}::{closure#0}>
calls=401 0 
0 5213
0 6015
cob=(2)
cfi=(2)
cfn=(4536)
calls=1203 0 
0 34887
0 14436

fn=(7202)
0 5213

fn=(7224) <tonic::status::Status>::add_header
0 5213
cfn=(7226) <http::header::map::HeaderMap as core::clone::Clone>::clone
calls=401 0 
0 26065
0 1604
cfn=(6592)
calls=401 0 
0 13634
0 1203
cfn=(7228) <http::header::map::HeaderMap as core::iter::traits::collect::Extend<(core::option::Option<http::header::name::HeaderName>, http::header::value::HeaderValue)>>::extend::<http::header::map::HeaderMap>
calls=401 0 
0 54135
0 6817
cfn=(6602)
calls=401 0 
0 89423
0 8020

fn=(7244) core::ptr::drop_glue::<tonic::codec::encode::EncodeBody<tonic_prost::codec::ProstEncoder<devloop::echo::EchoReply>, tokio_stream::wrappers::mpsc_bounded::ReceiverStream<core::result::Result<devloop::echo::EchoReply, tonic::status::Status>>>>
0 10827

fn=(7274) core::ptr::drop_glue::<tokio::sync::oneshot::Receiver<core::result::Result<http::response::Response<hyper::body::incoming::Incoming>, hyper::error::Error>>>
0 4812

fn=(7282) core::ptr::drop_glue::<tonic::transport::service::grpc_timeout::ResponseFuture<tower::util::either::EitherResponseFuture<tower::limit::concurrency::future::ResponseFuture<tower::util::either::EitherResponseFuture<tonic::transport::channel::service::reconnect::ResponseFuture<core::pin::Pin<alloc::boxed::Box<dyn core::future::future::Future<Output = core::result::Result<http::response::Response<tonic::body::Body>, alloc::boxed::Box<dyn core::error::Error + core::marker::Send + core::marker::Sync>>> + core::marker::Send>>>, tonic::transport::channel::service::reconnect::ResponseFuture<core::pin::Pin<alloc::boxed::Box<dyn core::future::future::Future<Output = core::result::Result<http::response::Response<tonic::body::Body>, alloc::boxed::Box<dyn core::error::Error + core::marker::Send + core::marker::Sync>>> + core::marker::Send>>>>>, tower::util::either::EitherResponseFuture<tonic::transport::channel::service::reconnect::ResponseFuture<core::pin::Pin<alloc::boxed::Box<dyn core::future::future::Future<Output = core::result::Result<http::response::Response<tonic::body::Body>, alloc::boxed::Box<dyn core::error::Error + core::marker::Send + core::marker::Sync>>> + core::marker::Send>>>, tonic::transport::channel::service::reconnect::ResponseFuture<core::pin::Pin<alloc::boxed::Box<dyn core::future::future::Future<Output = core::result::Result<http::response::Response<tonic::body::Body>, alloc::boxed::Box<dyn core::error::Error + core::marker::Send + core::marker::Sync>>> + core::marker::Send>>>>>>>
0 2005
cfn=(7284) core::ptr::drop_glue::<tower::util::either::EitherResponseFuture<tower::limit::concurrency::future::ResponseFuture<tower::util::either::EitherResponseFuture<tonic::transport::channel::service::reconnect::ResponseFuture<core::pin::Pin<alloc::boxed::Box<dyn core::future::future::Future<Output = core::result::Result<http::response::Response<tonic::body::Body>, alloc::boxed::Box<dyn core::error::Error + core::marker::Send + core::marker::Sync>>> + core::marker::Send>>>, tonic::transport::channel::service::reconnect::ResponseFuture<core::pin::Pin<alloc::boxed::Box<dyn core::future::future::Future<Output = core::result::Result<http::response::Response<tonic::body::Body>, alloc::boxed::Box<dyn core::error::Error + core::marker::Send + core::marker::Sync>>> + core::marker::Send>>>>>, tower::util::either::EitherResponseFuture<tonic::transport::channel::service::reconnect::ResponseFuture<core::pin::Pin<alloc::boxed::Box<dyn core::future::future::Future<Output = core::result::Result<http::response::Response<tonic::body::Body>, alloc::boxed::Box<dyn core::error::Error + core::marker::Send + core::marker::Sync>>> + core::marker::Send>>>, tonic::transport::channel::service::reconnect::ResponseFuture<core::pin::Pin<alloc::boxed::Box<dyn core::future::future::Future<Output = core::result::Result<http::response::Response<tonic::body::Body>, alloc::boxed::Box<dyn core::error::Error + core::marker::Send + core::marker::Sync>>> + core::marker::Send>>>>>>
calls=401 0 
0 107429
0 2807

fn=(7294) <tonic::status::Status>::from_header_map
0 8020
cfn=(6738) <http::header::map::HeaderMap>::get::<http::header::name::HeaderName>
calls=802 0 
0 138345
0 2807
cfn=(7334) <tonic::status::Code>::from_bytes
calls=401 0 
0 3609
0 1604
cfn=(6738)
calls=401 0 
0 59749
0 4812
cfn=(6738)
calls=401 0 
0 77794
0 4812
cfn=(7226)
calls=401 0 
0 152668
0 1604
cfn=(6700) <http::header::map::HeaderMap>::remove::<http::header::name::HeaderName>
calls=401 0 
0 121503
0 2807
cfn=(5776)
calls=401 0 
0 3609
0 1604
cfn=(6700)
calls=401 0 
0 11228
0 2406
cfn=(6700)
calls=401 0 
0 11228
0 18045
cob=(2)
cfi=(2)
cfn=(4210)
calls=401 0 
0 16601
0 4805
cob=(2)
cfi=(2)
cfn=(4536)
calls=400 0 
0 11600
0 5
cob=(2)
cfi=(2)
cfn=(4536)
calls=1 0 
0 29
0 6817

fn=(7578) <alloc::string::String as core::fmt::Display>::fmt
0 5
cfn=(6240) <core::fmt::Formatter>::pad
calls=1 0 
0 131

fn=(7600) core::ptr::drop_glue::<devloop::rpc_tonic_unary::{closure#0}::{closure#0}>
0 11
cfn=(7602) core::ptr::drop_glue::<<tonic::transport::server::Router>::serve_with_incoming<tokio_stream::wrappers::tcp_listener::TcpListenerStream, tokio::net::tcp::stream::TcpStream, core::io::error::Error, tonic::body::Body>::{closure#0}>
calls=1 0 
0 1010
0 7

fn=(7616) <tokio::sync::watch::big_notify::BigNotify>::notify_waiters
0 27
cfn=(7214) <tokio::sync::notify::NotifyGuard>::notify_waiters
calls=1 0 
0 33
0 18
cfn=(7214)
calls=1 0 
0 33
0 18
cfn=(7214)
calls=1 0 
0 33
0 18
cfn=(7214)
calls=1 0 
0 33
0 18
cfn=(7214)
calls=1 0 
0 33
0 18
cfn=(7214)
calls=1 0 
0 33
0 18
cfn=(7214)
calls=1 0 
0 33
0 18
cfn=(7214)
calls=1 0 
0 33
0 7

fn=(7628) core::ptr::drop_glue::<tonic::transport::server::serve_connection<tonic::body::Body, hyper_util::rt::tokio::TokioIo<tonic::transport::server::service::io::ServerIo<tokio::net::tcp::stream::TcpStream>>, hyper_util::service::glue::TowerToHyperService<tower::util::map_request::MapRequest<tower::util::boxed_clone::BoxCloneService<http::request::Request<tonic::body::Body>, http::response::Response<tonic::body::Body>, alloc::boxed::Box<dyn core::error::Error + core::marker::Send + core::marker::Sync>>, <tonic::transport::server::Server>::serve_internal<tonic::service::router::Routes, tonic::transport::server::incoming::TcpIncoming, core::future::ready::Ready<()>, tokio::net::tcp::stream::TcpStream, core::io::error::Error, tonic::body::Body>::{closure#0}::{closure#1}>>, hyper_util::rt::tokio::TokioExecutor>::{closure#0}>
0 13
cfn=(7630) core::ptr::drop_glue::<core::pin::PinMacroHelper<tonic::transport::server::connection_timeout_future::{closure#0}>>
calls=1 0 
0 13
0 2
cfn=(7632) core::ptr::drop_glue::<hyper_util::server::conn::auto::ConnState<hyper_util::rt::tokio::TokioIo<tonic::transport::server::service::io::ServerIo<tokio::net::tcp::stream::TcpStream>>, hyper_util::service::glue::TowerToHyperService<tower::util::map_request::MapRequest<tower::util::boxed_clone::BoxCloneService<http::request::Request<tonic::body::Body>, http::response::Response<tonic::body::Body>, alloc::boxed::Box<dyn core::error::Error + core::marker::Send + core::marker::Sync>>, <tonic::transport::server::Server>::serve_internal<tonic::service::router::Routes, tonic::transport::server::incoming::TcpIncoming, core::future::ready::Ready<()>, tokio::net::tcp::stream::TcpStream, core::io::error::Error, tonic::body::Body>::{closure#0}::{closure#1}>>, hyper_util::rt::tokio::TokioExecutor>>
calls=1 0 
0 14770
0 21
cfn=(7688) <alloc::sync::Arc<dyn hyper::rt::timer::Timer + core::marker::Send + core::marker::Sync>>::drop_slow
calls=1 0 
0 152

fn=(7634) <alloc::sync::Arc<axum::routing::RouterInner<()>>>::drop_slow
0 8
cfn=(7636) core::ptr::drop_glue::<hashbrown::raw::RawTable<(axum::routing::RouteId, axum::routing::Endpoint<()>)>>
calls=1 0 
0 448
0 5
cfn=(7638) <alloc::sync::Arc<axum::routing::path_router::Node>>::drop_slow
calls=1 0 
0 806
0 2
cfn=(7636)
calls=1 0 
0 353
0 5
cfn=(7638)
calls=1 0 
0 920
0 23
cob=(2)
cfi=(2)
cfn=(4920)
calls=1 0 
0 73

fn=(7658) <h2::proto::streams::streams::Actions>::clear_queues
0 42
cfn=(7660) <h2::proto::streams::store::Queue<h2::proto::streams::stream::NextResetExpire>>::pop::<h2::proto::streams::store::Store>
calls=2 0 
0 12
0 20
cfn=(6616) <h2::proto::streams::store::Queue<h2::proto::streams::stream::NextAccept>>::pop::<h2::proto::streams::store::Store>
calls=2 0 
0 12
0 46
cfn=(6640) <h2::proto::streams::store::Queue<h2::proto::streams::stream::NextSendCapacity>>::pop::<h2::proto::streams::store::Store>
calls=2 0 
0 12
0 34
cfn=(6644) <h2::proto::streams::store::Queue<h2::proto::streams::stream::NextOpen>>::pop::<h2::proto::streams::store::Store>
calls=2 0 
0 12
0 22

fn=(7714) <alloc::sync::Arc<futures_channel::mpsc::BoundedInner<core::convert::Infallible>>>::drop_slow
0 13
cob=(2)
cfi=(2)
cfn=(4920)
calls=1 0 
0 117
0 11
cob=(2)
cfi=(2)
cfn=(4920)
calls=1 0 
0 117
0 21
cob=(2)
cfi=(2)
cfn=(4920)
calls=1 0 
0 65

fn=(7780) std::sys::thread_local::native::lazy::destroy::<core::cell::RefCell<hyper::common::date::CachedDate>>
0 44
cfn=(6558)
calls=4 0 
0 904
0 8

fn=(7784) std::sys::thread_local::native::eager::destroy::<core::cell::Cell<std::thread::spawnhook::SpawnHooks>>
0 35
cfn=(5480) <std::thread::spawnhook::SpawnHooks as core::ops::drop::Drop>::drop
calls=5 0 
0 95
0 35

fn=(7946) core::ptr::drop_glue::<tokio::runtime::driver::Driver>
0 13
cob=(2)
cfi=(2)
cfn=(4920)
calls=1 0 
0 170
0 4
cob=(2)
cfi=(2)
cfn=(5132) close
calls=1 0 
0 61

fn=(5058)
0 177573

fn=(5086)
0 43855

fn=(5122) std::sys::fs::unix::try_statx
0 111
cob=(2)
cfi=(2)
cfn=(5124) statx
calls=3 0 
0 30
0 229

fn=(5128) alloc::io::read::default_read_to_end::<&std::fs::File>
0 83
cfn=(5162) alloc::io::read::default_read_to_end::small_probe_read::<&std::fs::File>
calls=1 0 
0 92
0 41
cfn=(5162)
calls=1 0 
0 75
0 60
cob=(2)
cfi=(2)
cfn=(5130) read
calls=2 0 
0 56
0 64

fn=(5140) <std::path::Components>::parse_next_component_back
0 566

fn=(5146)
0 1167

fn=(5308) std::sys::thread_local::destructors::linux_like::register
0 315
cob=(2)
cfi=(2)
cfn=(5310) __cxa_thread_atexit_impl
calls=15 0 
0 3760

fn=(5344) <tokio::runtime::scheduler::Handle>::current
0 203

fn=(5472) __rustc::__rust_realloc
0 323
cob=(2)
cfi=(2)
cfn=(4506) realloc
calls=19 0 
0 6254
0 227

fn=(5480)
0 247

fn=(5676) devloop::rpc_tonic_server_stream::{closure#0}
0 23833
cfn=(5678) <tokio::net::tcp::listener::TcpListener>::bind::<&str>::{closure#0}
calls=1 0 
0 1116
0 20
cfn=(5702) <std::sys::net::connection::socket::TcpStream>::socket_addr
calls=1 0 
0 45
0 34
cob=(2)
cfi=(2)
cfn=(4536)
calls=1 0 
0 208
0 11
cob=(2)
cfi=(2)
cfn=(4536)
calls=1 0 
0 208
0 20
cob=(2)
cfi=(2)
cfn=(4536)
calls=1 0 
0 208
0 13
cob=(2)
cfi=(2)
cfn=(4536)
calls=1 0 
0 208
0 10
cob=(2)
cfi=(2)
cfn=(5224) posix_memalign
calls=1 0 
0 472
0 13
cob=(2)
cfi=(2)
cfn=(4536)
calls=1 0 
0 220
0 4
cfn=(5706) <tokio::runtime::task::list::OwnedTasks<alloc::sync::Arc<tokio::runtime::scheduler::current_thread::Handle>>>::bind_inner
calls=1 0 
0 82
0 13
cfn=(5708) <tokio::runtime::scheduler::multi_thread::handle::Handle>::schedule_task
calls=1 0 
0 103
0 2415
cfn=(5714)
calls=1 0 
0 2050
0 8
cob=(2)
cfi=(2)
cfn=(4536)
calls=1 0 
0 244
0 6
cfn=(5768) <devloop::echo::echo_client::EchoClient<tonic::transport::channel::Channel>>::connect::<alloc::string::String>::{closure#0}
calls=1 0 
0 9251
0 5
cfn=(5768)
calls=1 0 
0 13847
0 14
cob=(2)
cfi=(2)
cfn=(4536)
calls=1 0 
0 29
0 2
cfn=(6560)
calls=1 0 
0 12
0 11
cob=(2)
cfi=(2)
cfn=(4536)
calls=1 0 
0 29
0 6
cob=(2)
cfi=(2)
cfn=(4210)
calls=1 0 
0 188
0 10
cob=(2)
cfi=(2)
cfn=(4536)
calls=1 0 
0 124
0 15
cfn=(6562) <devloop::echo::echo_client::EchoClient<tonic::transport::channel::Channel>>::server_stream::<devloop::echo::EchoRequest>::{closure#0}
calls=1 0 
0 4114
0 10
cfn=(6562)
calls=2 0 
0 3434
0 14
cob=(2)
cfi=(2)
cfn=(4536)
calls=1 0 
0 64
0 2
cfn=(7326) core::ptr::drop_glue::<<devloop::echo::echo_client::EchoClient<tonic::transport::channel::Channel>>::server_stream<devloop::echo::EchoRequest>::{closure#0}>
calls=1 0 
0 15
0 9
cob=(2)
cfi=(2)
cfn=(4536)
calls=1 0 
0 64
0 4
cob=(2)
cfi=(2)
cfn=(4536)
calls=1 0 
0 29
0 2
cfn=(6594)
calls=1 0 
0 253
0 2
cfn=(6600)
calls=1 0 
0 17
0 825
cfn=(7328) <tonic::codec::decode::Streaming<devloop::echo::EchoReply> as futures_core::stream::Stream>::poll_next
calls=5 0 
0 5590
0 3
cfn=(7328)
calls=1 0 
0 2109
0 60
cob=(2)
cfi=(2)
cfn=(4920)
calls=4 0 
0 260
0 55
cfn=(5192)
calls=1 0 
0 26
0 11
cfn=(5192)
calls=1 0 
0 26
0 11
cfn=(6314)
calls=1 0 
0 36
0 20
cfn=(7560) devloop::child_json_with_input
calls=1 0 
0 6581
0 7
cfn=(7570) std::io::stdio::_eprint
calls=1 0 
0 549
0 4
cob=(2)
cfi=(2)
cfn=(4920)
calls=1 0 
0 214
0 15
cob=(2)
cfi=(2)
cfn=(4920)
calls=1 0 
0 123
0 2
cfn=(7104) core::ptr::drop_glue::<tonic::codec::decode::StreamingInner>
calls=1 0 
0 1850
0 2
cfn=(7580) core::ptr::drop_glue::<tower::buffer::service::Buffer<http::request::Request<tonic::body::Body>, core::pin::Pin<alloc::boxed::Box<dyn core::future::future::Future<Output = core::result::Result<http::response::Response<tonic::body::Body>, alloc::boxed::Box<dyn core::error::Error + core::marker::Send + core::marker::Sync>>> + core::marker::Send>>>>
calls=1 0 
0 331
0 2
cfn=(5806) core::ptr::drop_glue::<http::uri::Uri>
calls=1 0 
0 21
0 3603
cob=(2)
cfi=(2)
cfn=(4210)
calls=400 0 
0 16400
0 4800
cob=(2)
cfi=(2)
cfn=(4536)
calls=400 0 
0 49528
0 4800
cfn=(6562)
calls=400 0 
0 1502068
0 3935
cfn=(6562)
calls=787 0 
0 1499540
0 5561
cob=(2)
cfi=(2)
cfn=(4536)
calls=400 0 
0 25600
0 800
cfn=(7326)
calls=400 0 
0 6000
0 3600
cob=(2)
cfi=(2)
cfn=(4536)
calls=400 0 
0 25600
0 1600
cob=(2)
cfi=(2)
cfn=(4536)
calls=400 0 
0 11600
0 800
cfn=(6594)
calls=400 0 
0 96845
0 800
cfn=(6600)
calls=400 0 
0 6800
0 9974
cfn=(7328)
calls=2000 0 
0 2041586
0 1197
cfn=(7328)
calls=399 0 
0 835059
0 25597
cob=(2)
cfi=(2)
cfn=(4920)
calls=1600 0 
0 104000
0 14400
cob=(2)
cfi=(2)
cfn=(4920)
calls=400 0 
0 27624
0 800
cfn=(7104)
calls=400 0 
0 835528
0 14308

fn=(5716)
0 1951
cfn=(7576) <core::io::write::default_write_fmt::Adapter<std::io::stdio::StderrLock> as core::fmt::Write>::write_str
calls=2 0 
0 218
cfn=(5718) <alloc::string::String as core::fmt::Write>::write_str
calls=3 0 
0 388
0 935
cfn=(7578)
calls=1 0 
0 136
cfn=(7160) <httpdate::date::HttpDate as core::fmt::Display>::fmt
calls=58 0 
0 15080
cfn=(6238) <&str as core::fmt::Display>::fmt
calls=1 0 
0 67
cfn=(5720)
calls=1 0 
0 1606
0 915

fn=(5717) core::fmt::write'2
0 142
cfn=(5718)
calls=4 0 
0 486
0 106
cfn=(5766) <u16 as core::fmt::Display>::fmt
calls=1 0 
0 164
cfn=(5728)
calls=4 0 
0 594
cfn=(5724) <&core::net::ip_addr::Ipv4Addr as core::fmt::Display>::fmt
calls=1 0 
0 1263
0 50

fn=(5768)
0 36
cfn=(5770) <tonic::transport::channel::endpoint::Endpoint as core::convert::TryFrom<alloc::string::String>>::try_from
calls=1 0 
0 1854
0 14
cob=(2)
cfi=(2)
cfn=(4536)
calls=1 0 
0 76
0 13
cob=(2)
cfi=(2)
cfn=(4536)
calls=1 0 
0 76
0 8
cfn=(5794) <tonic::transport::channel::endpoint::Endpoint>::connect::{closure#0}
calls=1 0 
0 7173
0 4
cfn=(5794)
calls=1 0 
0 13677
0 29
cfn=(5804) core::ptr::drop_glue::<tonic::transport::channel::endpoint::Endpoint>
calls=1 0 
0 83
0 55

fn=(5784) bytes::bytes::shallow_clone_vec
0 1245
cob=(2)
cfi=(2)
cfn=(4210)
calls=83 0 
0 4243
0 2472

fn=(5786) bytes::bytes::static_drop
0 9662

fn=(5810) <tower::util::either::Either<tower::limit::rate::service::RateLimit<tonic::transport::channel::service::reconnect::Reconnect<tonic::transport::channel::service::connection::MakeSendRequestService<tonic::transport::channel::service::connector::Connector<hyper_util::client::legacy::connect::http::HttpConnector>>, http::uri::Uri>>, tonic::transport::channel::service::reconnect::Reconnect<tonic::transport::channel::service::connection::MakeSendRequestService<tonic::transport::channel::service::connector::Connector<hyper_util::client::legacy::connect::http::HttpConnector>>, http::uri::Uri>> as tower_service::Service<http::request::Request<tonic::body::Body>>>::poll_ready
0 5239
cfn=(5812) <tonic::transport::channel::service::reconnect::Reconnect<tonic::transport::channel::service::connection::MakeSendRequestService<tonic::transport::channel::service::connector::Connector<hyper_util::client::legacy::connect::http::HttpConnector>>, http::uri::Uri> as tower_service::Service<http::request::Request<tonic::body::Body>>>::poll_ready
calls=403 0 
0 49331

fn=(5812)
0 16950
cfn=(5822) <tonic::transport::channel::service::connection::MakeSendRequestService<tonic::transport::channel::service::connector::Connector<hyper_util::client::legacy::connect::http::HttpConnector>> as tower_service::Service<http::uri::Uri>>::call::{closure#0}
calls=2 0 
0 13253
0 15
cfn=(5790) <http::uri::Uri as core::clone::Clone>::clone
calls=1 0 
0 71
0 19
cob=(2)
cfi=(2)
cfn=(4210)
calls=1 0 
0 185
0 10
cob=(2)
cfi=(2)
cfn=(4536)
calls=1 0 
0 266
0 6
cob=(2)
cfi=(2)
cfn=(4210)
calls=1 0 
0 204
0 73
cob=(2)
cfi=(2)
cfn=(4210)
calls=1 0 
0 185
0 12
cob=(2)
cfi=(2)
cfn=(4536)
calls=1 0 
0 136
0 2
cfn=(5820) core::ptr::drop_glue::<tonic::transport::channel::service::reconnect::State<core::pin::Pin<alloc::boxed::Box<dyn core::future::future::Future<Output = core::result::Result<tonic::transport::channel::service::connection::SendRequest, alloc::boxed::Box<dyn core::error::Error + core::marker::Send + core::marker::Sync>>> + core::marker::Send>>, tonic::transport::channel::service::connection::SendRequest>>
calls=1 0 
0 10
0 2820
cfn=(6544) <tonic::transport::channel::service::connection::SendRequest as tower_service::Service<http::request::Request<tonic::body::Body>>>::poll_ready
calls=402 0 
0 6834
0 2420
cfn=(5820)
calls=1 0 
0 211
0 5649

fn=(6154) <std::thread::lifecycle::spawn_unchecked<<tokio::runtime::blocking::pool::Spawner>::spawn_thread::{closure#0}, ()>::{closure#1} as core::ops::function::FnOnce<()>>::call_once::{shim:vtable#0}
0 84
cfn=(6156) std::sys::backtrace::__rust_begin_short_backtrace::<std::thread::lifecycle::spawn_unchecked<<tokio::runtime::blocking::pool::Spawner>::spawn_thread::{closure#0}, ()>::{closure#1}::{closure#0}::{closure#0}, ()>
calls=4 0 
0 1292
0 8
cfn=(6160) std::sys::backtrace::__rust_begin_short_backtrace::<<tokio::runtime::blocking::pool::Spawner>::spawn_thread::{closure#0}, ()>
calls=4 0 
0 49945847
0 72

fn=(6160)
0 72
cfn=(5668) <tokio::runtime::context::Context>::set_current
calls=4 0 
0 132
0 210
cfn=(7764) <std::sys::sync::condvar::futex::Condvar>::wait_optional_timeout
calls=2 0 
0 218
0 138
cfn=(6162)
calls=4 0 
0 49939930
0 32
cfn=(7760) tokio::runtime::task::raw::dealloc::<tokio::runtime::blocking::task::BlockingTask<<tokio::runtime::scheduler::multi_thread::worker::Launch>::launch::{closure#0}>, tokio::runtime::blocking::schedule::BlockingSchedule>
calls=4 0 
0 404
0 213
cfn=(7936) <alloc::sync::Arc<tokio::sync::oneshot::Sender<()>>>::drop_slow
calls=1 0 
0 155
0 8
cfn=(5662) <tokio::runtime::context::current::SetCurrentGuard as core::ops::drop::Drop>::drop
calls=4 0 
0 180
0 19
cob=(2)
cfi=(2)
cfn=(6426) syscall
calls=1 0 
0 11
0 32
cfn=(7938) <alloc::sync::Arc<tokio::runtime::scheduler::multi_thread::handle::Handle>>::drop_slow
calls=1 0 
0 3052
0 65
cfn=(5308)
calls=4 0 
0 960
0 16

fn=(6176) tokio::runtime::task::raw::poll::<devloop::rpc_tonic_server_stream::{closure#0}::{closure#0}, alloc::sync::Arc<tokio::runtime::scheduler::multi_thread::handle::Handle>>
0 100
cfn=(6178) devloop::rpc_tonic_server_stream::{closure#0}::{closure#0}
calls=2 0 
0 27121
0 92

fn=(6206) <matchit::tree::Node<axum::routing::RouteId>>::insert_route
0 23
cfn=(6204) matchit::tree::find_wildcard
calls=1 0 
0 310
0 49
cfn=(6208)
calls=1 0 
0 277
0 19
cfn=(6208)
calls=1 0 
0 273
0 16
cfn=(6226) <matchit::tree::Node<axum::routing::RouteId>>::add_child
calls=1 0 
0 331
0 58
cfn=(6204)
calls=2 0 
0 536
0 63
cfn=(6208)
calls=1 0 
0 274
0 22
cfn=(6208)
calls=1 0 
0 275
0 16
cfn=(6226)
calls=1 0 
0 331
0 12

fn=(6230) <axum::routing::Router>::into_inner
0 18
cob=(2)
cfi=(2)
cfn=(4536)
calls=1 0 
0 29
0 6
cob=(2)
cfi=(2)
cfn=(4920)
calls=1 0 
0 73
0 9
cob=(2)
cfi=(2)
cfn=(4536)
calls=1 0 
0 29
0 62
cob=(2)
cfi=(2)
cfn=(4536)
calls=3 0 
0 87
0 18
cob=(2)
cfi=(2)
cfn=(4920)
calls=3 0 
0 219
0 27
cob=(2)
cfi=(2)
cfn=(4536)
calls=3 0 
0 87
0 24

fn=(6232) <axum::boxed::MakeErasedHandler<tonic::service::router::unimplemented, ()> as axum::boxed::ErasedIntoRoute<(), core::convert::Infallible>>::clone_box
0 4
cob=(2)
cfi=(2)
cfn=(4210)
calls=1 0 
0 207
0 9

fn=(6310) <tokio::runtime::io::registration::Registration>::poll_ready
0 490474
cfn=(6422) tokio::runtime::park::clone
calls=1 0 
0 5
cfn=(6312)
calls=1660 0 
0 11620
0 271248

fn=(6334) <tokio::runtime::scheduler::multi_thread::handle::Handle>::next_remote_task
0 54860

fn=(6344) <tokio::runtime::io::driver::Driver>::turn
0 46850
cob=(2)
cfi=(2)
cfn=(6346) epoll_wait
calls=2200 0 
0 132000
0 380
cob=(2)
cfi=(2)
cfn=(6346)
calls=95 0 
0 5700
0 101360
cfn=(6348) <tokio::runtime::io::scheduled_io::ScheduledIo>::wake
calls=1862 0 
0 305254
0 27667

fn=(6356) <tokio::runtime::scheduler::multi_thread::worker::Core>::maintenance
0 203060

fn=(6408) <h2::server::Handshake<hyper::common::io::compat::Compat<hyper_util::common::rewind::Rewind<hyper_util::rt::tokio::TokioIo<tonic::transport::server::service::io::ServerIo<tokio::net::tcp::stream::TcpStream>>>>, hyper::proto::h2::SendBuf<bytes::bytes::Bytes>> as core::future::future::Future>::poll
0 135
cfn=(6410) <h2::codec::framed_write::FramedWrite<hyper::common::io::compat::Compat<hyper_util::common::rewind::Rewind<hyper_util::rt::tokio::TokioIo<tonic::transport::server::service::io::ServerIo<tokio::net::tcp::stream::TcpStream>>>>, h2::proto::streams::prioritize::Prioritized<hyper::proto::h2::SendBuf<bytes::bytes::Bytes>>>>::flush
calls=2 0 
0 863
0 29
cob=(2)
cfi=(2)
cfn=(4536)
calls=1 0 
0 124
0 21
cob=(2)
cfi=(2)
cfn=(4536)
calls=1 0 
0 124
0 11
cob=(2)
cfi=(2)
cfn=(4536)
calls=1 0 
0 124
0 10
cob=(2)
cfi=(2)
cfn=(4536)
calls=1 0 
0 124
0 3
cfn=(6436) core::ptr::drop_glue::<h2::server::Handshaking<hyper::common::io::compat::Compat<hyper_util::common::rewind::Rewind<hyper_util::rt::tokio::TokioIo<tonic::transport::server::service::io::ServerIo<tokio::net::tcp::stream::TcpStream>>>>, hyper::proto::h2::SendBuf<bytes::bytes::Bytes>>>
calls=1 0 
0 25
0 4
cob=(2)
cfi=(2)
cfn=(4536)
calls=1 0 
0 124
0 20
cob=(2)
cfi=(2)
cfn=(4536)
calls=1 0 
0 124
0 45
cob=(2)
cfi=(2)
cfn=(4536)
calls=1 0 
0 124
0 42
cfn=(6438) <hyper::common::io::compat::Compat<hyper_util::common::rewind::Rewind<hyper_util::rt::tokio::TokioIo<tonic::transport::server::service::io::ServerIo<tokio::net::tcp::stream::TcpStream>>>> as tokio::io::async_read::AsyncRead>::poll_read
calls=2 0 
0 547
0 26
cob=(2)
cfi=(2)
cfn=(5150) 0x00000000001623e0
calls=1 0 
0 24
0 45
cob=(2)
cfi=(2)
cfn=(4536)
calls=1 0 
0 124
0 14
cfn=(6436)
calls=1 0 
0 26
0 5
cob=(2)
cfi=(2)
cfn=(4536)
calls=1 0 
0 124
0 55
cfn=(6484) <h2::proto::streams::streams::Inner>::new
calls=1 0 
0 590
0 13
cob=(2)
cfi=(2)
cfn=(4210)
calls=1 0 
0 213
0 24
cfn=(6488) <tracing::span::Span>::current
calls=1 0 
0 37
0 4
cfn=(6492) <tracing::span::Span>::follows_from::<tracing::span::Span>
calls=1 0 
0 22
0 4
cob=(2)
cfi=(2)
cfn=(4536)
calls=1 0 
0 124
0 37
cob=(2)
cfi=(2)
cfn=(4536)
calls=1 0 
0 160
0 5
cfn=(6494) <h2::server::Connection<hyper::common::io::compat::Compat<hyper_util::common::rewind::Rewind<hyper_util::rt::tokio::TokioIo<tonic::transport::server::service::io::ServerIo<tokio::net::tcp::stream::TcpStream>>>>, hyper::proto::h2::SendBuf<bytes::bytes::Bytes>>>::set_target_window_size
calls=1 0 
0 84
0 4
cob=(2)
cfi=(2)
cfn=(4536)
calls=1 0 
0 160
0 27

fn=(6444) <tokio::net::tcp::stream::TcpStream>::poll_read_priv
0 104992
cfn=(6310)
calls=6176 0 
0 627750
0 41365
cfn=(6310)
calls=7 0 
0 903
0 34213
cob=(2)
cfi=(2)
cfn=(6474) recv
calls=2137 0 
0 126111
0 4281
cob=(2)
cfi=(2)
cfn=(5034)
calls=7 0 
0 21
0 56
cfn=(6390) std::sys::io::error::unix::decode_error_kind
calls=7 0 
0 56
0 124982

fn=(6492)
0 44

fn=(6502) <h2::server::Connection<hyper::common::io::compat::Compat<hyper_util::common::rewind::Rewind<hyper_util::rt::tokio::TokioIo<tonic::transport::server::service::io::ServerIo<tokio::net::tcp::stream::TcpStream>>>>, hyper::proto::h2::SendBuf<bytes::bytes::Bytes>>>::poll_accept
0 22462
cfn=(6504) <h2::proto::connection::Connection<hyper::common::io::compat::Compat<hyper_util::common::rewind::Rewind<hyper_util::rt::tokio::TokioIo<tonic::transport::server::service::io::ServerIo<tokio::net::tcp::stream::TcpStream>>>>, h2::server::Peer, hyper::proto::h2::SendBuf<bytes::bytes::Bytes>>>::poll
calls=2042 0 
0 10800722
0 65344
cfn=(6616)
calls=2042 0 
0 24282
0 16114
cfn=(6752) <h2::proto::streams::streams::OpaqueStreamRef>::new
calls=401 0 
0 12832
0 60600
cfn=(6974) <h2::proto::streams::recv::Recv>::take_request
calls=401 0 
0 70357
0 5614
cob=(2)
cfi=(2)
cfn=(4536)
calls=401 0 
0 11629
0 1203
cfn=(6756) <h2::proto::streams::streams::OpaqueStreamRef as core::clone::Clone>::clone
calls=401 0 
0 26065
0 3208
cob=(2)
cfi=(2)
cfn=(4536)
calls=401 0 
0 11629
0 3609
cob=(2)
cfi=(2)
cfn=(4536)
calls=401 0 
0 11629
0 1604
cob=(2)
cfi=(2)
cfn=(4536)
calls=401 0 
0 20852
0 3683

fn=(6514) <h2::proto::streams::prioritize::Prioritize>::pop_frame::<hyper::proto::h2::SendBuf<bytes::bytes::Bytes>>
0 264491
cfn=(6516) <h2::proto::streams::store::Queue<h2::proto::streams::stream::NextSend>>::pop::<h2::proto::streams::store::Store>
calls=6451 0 
0 110886
0 113954
cfn=(6822) <h2::proto::streams::buffer::Deque>::pop_front::<h2::frame::Frame<hyper::proto::h2::SendBuf<bytes::bytes::Bytes>>>
calls=2406 0 
0 432302
0 107974
cob=(2)
cfi=(2)
cfn=(4536)
calls=1203 0 
0 76992
0 12030
cob=(2)
cfi=(2)
cfn=(4536)
calls=1203 0 
0 62556
0 33684
cfn=(6888) <h2::proto::streams::stream::Stream>::send_data
calls=1203 0 
0 83408
0 25263
cfn=(6890)
calls=1203 0 
0 29273
0 87029
cfn=(6858) <h2::proto::streams::store::Queue<h2::proto::streams::stream::NextSend>>::push
calls=814 0 
0 39886
0 9624
cfn=(6824)
calls=2406 0 
0 296996
0 9624
cob=(2)
cfi=(2)
cfn=(4536)
calls=2406 0 
0 153984
0 78179

fn=(8026) core::ptr::drop_glue::<alloc::collections::vec_deque::Dropper<tokio::runtime::blocking::pool::Task>>
0 9

fn=(8118)
0 9
cob=(2)
cfi=(2)
cfn=(8126)
calls=1 0 
0 71
0 1
0 1
cfn=(8138) 0x0000000000259170
calls=1 0 
0 5
0 3

fn=(8138)
0 5

fn=(6598) core::ptr::drop_glue::<alloc::vec::Vec<http::header::map::ExtraValue<http::header::value::HeaderValue>>>
0 93834

fn=(6602)
0 10426
cfn=(6604) <http::header::map::HeaderMap>::try_reserve_one
calls=802 0 
0 76376
0 5614
cfn=(6606) http::header::map::hash_elem_using::<http::header::name::HeaderName>
calls=802 0 
0 19248
0 92631
cfn=(6604)
calls=1203 0 
0 88671
0 8421
cfn=(6606)
calls=1203 0 
0 51328
0 115488

fn=(6610) <tokio::sync::mpsc::list::Tx<tower::buffer::message::Message<http::request::Request<tonic::body::Body>, core::pin::Pin<alloc::boxed::Box<dyn core::future::future::Future<Output = core::result::Result<http::response::Response<tonic::body::Body>, alloc::boxed::Box<dyn core::error::Error + core::marker::Send + core::marker::Sync>>> + core::marker::Send>>>>>::find_block
0 8969
cob=(2)
cfi=(2)
cfn=(4210)
calls=1 0 
0 182
0 244

fn=(6640)
0 30

fn=(6672)
0 130325

fn=(6680) http::header::name::parse_hdr
0 315988
cfn=(6682) <http::header::name::StandardHeader>::from_bytes
calls=4010 0 
0 63358
0 269472

fn=(6684) <tower::util::either::Either<tower::limit::rate::service::RateLimit<tonic::transport::channel::service::reconnect::Reconnect<tonic::transport::channel::service::connection::MakeSendRequestService<tonic::transport::channel::service::connector::Connector<hyper_util::client::legacy::connect::http::HttpConnector>>, http::uri::Uri>>, tonic::transport::channel::service::reconnect::Reconnect<tonic::transport::channel::service::connection::MakeSendRequestService<tonic::transport::channel::service::connector::Connector<hyper_util::client::legacy::connect::http::HttpConnector>>, http::uri::Uri>> as tower_service::Service<http::request::Request<tonic::body::Body>>>::call
0 6817
cfn=(6686) <tonic::transport::channel::service::reconnect::Reconnect<tonic::transport::channel::service::connection::MakeSendRequestService<tonic::transport::channel::service::connector::Connector<hyper_util::client::legacy::connect::http::HttpConnector>>, http::uri::Uri> as tower_service::Service<http::request::Request<tonic::body::Body>>>::call
calls=401 0 
0 338999
0 3609

fn=(6700)
0 20451
cfn=(6606)
calls=1203 0 
0 28872
0 70175
cfn=(6606)
calls=401 0 
0 32080
0 25664
cob=(2)
cfi=(2)
cfn=(5150)
calls=401 0 
0 7218
0 6416
cfn=(7336) <http::header::map::HeaderMap>::remove_found
calls=401 0 
0 27669
0 5614
cfn=(5776)
calls=401 0 
0 3609
0 19649
cfn=(5786)
calls=1203 0 
0 1203

fn=(6706) <http::extensions::Extensions>::remove::<h2::ext::Protocol>
0 22857

fn=(6728) <indexmap::inner::Core<h2::frame::stream_id::StreamId, h2::proto::streams::store::SlabIndex>>::push_entry
0 20896
cfn=(5300) <alloc::raw_vec::RawVecInner>::finish_grow
calls=2 0 
0 497
0 22

fn=(6742) <h2::proto::streams::prioritize::Prioritize>::queue_open
0 19649

fn=(6746)
0 21668
cfn=(6748) <alloc::raw_vec::RawVec<slab::Entry<h2::proto::streams::buffer::Slot<h2::frame::Frame<hyper::proto::h2::SendBuf<bytes::bytes::Bytes>>>>>>::grow_one
calls=2 0 
0 524
0 25
cob=(2)
cfi=(2)
cfn=(4536)
calls=5 0 
0 320
0 33649
cob=(2)
cfi=(2)
cfn=(4536)
calls=2401 0 
0 153664

fn=(6756)
0 104260

fn=(6758) <hyper::proto::h2::client::ClientTask<tonic::body::Body, tonic::transport::channel::service::executor::SharedExec, tonic::transport::channel::service::io::BoxedIo>>::poll_pipe
0 9624
cob=(2)
cfi=(2)
cfn=(4210)
calls=401 0 
0 18951
0 14434
cfn=(6760)
calls=401 0 
0 540042
0 8822
cob=(2)
cfi=(2)
cfn=(4210)
calls=401 0 
0 23670
0 16840
cob=(2)
cfi=(2)
cfn=(4210)
calls=401 0 
0 194861
0 6806
cob=(2)
cfi=(2)
cfn=(4536)
calls=400 0 
0 66364
0 9
cob=(2)
cfi=(2)
cfn=(4536)
calls=1 0 
0 172
0 1604
cfn=(6526) <hyper_util::rt::tokio::TokioExecutor as hyper::rt::Executor<core::pin::Pin<alloc::boxed::Box<dyn core::future::future::Future<Output = ()> + core::marker::Send>>>>::execute
calls=401 0 
0 345549
0 16441
cob=(2)
cfi=(2)
cfn=(4210)
calls=401 0 
0 113312
0 6806
cob=(2)
cfi=(2)
cfn=(4536)
calls=400 0 
0 66370
0 9
cob=(2)
cfi=(2)
cfn=(4536)
calls=1 0 
0 172
0 1604
cfn=(6526)
calls=401 0 
0 365390
0 5614

fn=(6762)
0 142233
cfn=(6764) <h2::proto::streams::send::Send>::poll_reset
calls=3647 0 
0 204137
0 65646

fn=(6780)
0 57315
cfn=(7270) tokio::runtime::task::raw::dealloc::<core::pin::Pin<alloc::boxed::Box<dyn core::future::future::Future<Output = ()> + core::marker::Send>>, alloc::sync::Arc<tokio::runtime::scheduler::multi_thread::handle::Handle>>
calls=756 0 
0 203159
cfn=(7264) tokio::runtime::task::raw::dealloc::<hyper::proto::h2::server::H2Stream<hyper_util::service::glue::TowerToHyperServiceFuture<tower::util::map_request::MapRequest<tower::util::boxed_clone::BoxCloneService<http::request::Request<tonic::body::Body>, http::response::Response<tonic::body::Body>, alloc::boxed::Box<dyn core::error::Error + core::marker::Send + core::marker::Sync>>, <tonic::transport::server::Server>::serve_internal<tonic::service::router::Routes, tonic::transport::server::incoming::TcpIncoming, core::future::ready::Ready<()>, tokio::net::tcp::stream::TcpStream, core::io::error::Error, tonic::body::Body>::{closure#0}::{closure#1}>, http::request::Request<hyper::body::incoming::Incoming>>, tonic::body::Body, hyper_util::rt::tokio::TokioExecutor>, alloc::sync::Arc<tokio::runtime::scheduler::multi_thread::handle::Handle>>
calls=401 0 
0 46820

fn=(6860)
0 16842
cob=(2)
cfi=(2)
cfn=(4210)
calls=401 0 
0 17204
0 4806
cob=(2)
cfi=(2)
cfn=(4536)
calls=400 0 
0 11600
0 4
cob=(2)
cfi=(2)
cfn=(4536)
calls=1 0 
0 29
0 1604
cfn=(7220) <tonic::status::Status>::to_header_map
calls=401 0 
0 309027
0 5614
cfn=(7230) core::ptr::drop_glue::<tonic::status::StatusInner>
calls=401 0 
0 28070
0 802
cob=(2)
cfi=(2)
cfn=(4920)
calls=401 0 
0 29273
0 4010

fn=(6866) <alloc::sync::Arc<hyper::common::watch::Shared>>::drop_slow
0 6432
cob=(2)
cfi=(2)
cfn=(4920)
calls=402 0 
0 31598

fn=(6870) core::ptr::drop_glue::<hyper::proto::h2::PipeToSendStream<tonic::body::Body>>
0 4812
cfn=(6872) core::ptr::drop_glue::<h2::proto::streams::streams::StreamRef<hyper::proto::h2::SendBuf<bytes::bytes::Bytes>>>
calls=802 0 
0 232580
0 8822
cfn=(7238) core::ptr::drop_glue::<http_body_util::combinators::map_err::MapErr<http_body_util::combinators::map_err::MapErr<tonic::service::recover_error::ResponseBody<tonic::body::Body>, <tonic::status::Status as core::convert::Into<alloc::boxed::Box<dyn core::error::Error + core::marker::Send + core::marker::Sync>>>::into>, <tonic::status::Status>::map_error<alloc::boxed::Box<dyn core::error::Error + core::marker::Send + core::marker::Sync>>>>
calls=401 0 
0 129803
cfn=(6878) core::ptr::drop_glue::<http_body_util::combinators::map_err::MapErr<tonic::codec::encode::EncodeBody<tonic_prost::codec::ProstEncoder<devloop::echo::EchoRequest>, tokio_stream::stream_ext::map::Map<tokio_stream::once::Once<devloop::echo::EchoRequest>, core::result::Result<devloop::echo::EchoRequest, tonic::status::Status>::Ok>>, <tonic::status::Status>::map_error<tonic::status::Status>>>
calls=401 0 
0 10827
0 5614
cob=(2)
cfi=(2)
cfn=(4920)
calls=802 0 
0 117792

fn=(6892) <bytes::bytes_mut::BytesMut as bytes::buf::buf_mut::BufMut>::put::<bytes::buf::take::Take<&mut h2::proto::streams::prioritize::Prioritized<hyper::proto::h2::SendBuf<bytes::bytes::Bytes>>>>
0 69774
cob=(2)
cfi=(2)
cfn=(4536)
calls=802 0 
0 23258
0 23258

fn=(6906) <h2::hpack::decoder::Decoder>::decode_literal
0 14015
cfn=(6896)
calls=423 0 
0 10617
0 9306
cfn=(6908) <h2::hpack::decoder::Decoder>::try_decode_string
calls=423 0 
0 440516
0 854
cfn=(6908)
calls=2 0 
0 746
0 2119
cfn=(6912) <h2::hpack::decoder::StringMarker>::consume
calls=423 0 
0 18612
0 9832
cfn=(6908)
calls=2 0 
0 617
0 48
cfn=(6912)
calls=2 0 
0 88
0 26
cfn=(6912)
calls=2 0 
0 88
0 24
cfn=(6924) <http::header::name::HeaderName>::from_lowercase
calls=2 0 
0 608
0 1608
cfn=(5058)
calls=401 0 
0 46590
0 806
cfn=(5058)
calls=1 0 
0 114
0 4874
cfn=(6926)
calls=21 0 
0 2468
0 378
cfn=(6900)
calls=21 0 
0 105
0 846
cfn=(6834) core::ptr::drop_glue::<h2::hpack::header::Header>
calls=423 0 
0 10215
0 1443
cfn=(6926)
calls=2 0 
0 459
0 54
cfn=(6900)
calls=2 0 
0 10
0 8
cfn=(6900)
calls=2 0 
0 10
0 2

fn=(6934) <bytes::bytes_mut::BytesMut as core::ops::drop::Drop>::drop
0 10827

fn=(6942)
0 74987

fn=(6962) <h2::proto::streams::streams::Actions>::reset_on_recv_stream_err::<hyper::proto::h2::SendBuf<bytes::bytes::Bytes>>
0 57744

fn=(6974)
0 9223
cfn=(6790)
calls=401 0 
0 43891
0 3609
cob=(2)
cfi=(2)
cfn=(4536)
calls=401 0 
0 11629
0 2005

fn=(6988) tokio::runtime::task::raw::poll::<hyper::proto::h2::server::H2Stream<hyper_util::service::glue::TowerToHyperServiceFuture<tower::util::map_request::MapRequest<tower::util::boxed_clone::BoxCloneService<http::request::Request<tonic::body::Body>, http::response::Response<tonic::body::Body>, alloc::boxed::Box<dyn core::error::Error + core::marker::Send + core::marker::Sync>>, <tonic::transport::server::Server>::serve_internal<tonic::service::router::Routes, tonic::transport::server::incoming::TcpIncoming, core::future::ready::Ready<()>, tokio::net::tcp::stream::TcpStream, core::io::error::Error, tonic::body::Body>::{closure#0}::{closure#1}>, http::request::Request<hyper::body::incoming::Incoming>>, tonic::body::Body, hyper_util::rt::tokio::TokioExecutor>, alloc::sync::Arc<tokio::runtime::scheduler::multi_thread::handle::Handle>>
0 61850
cfn=(6990) <hyper::proto::h2::server::H2Stream<hyper_util::service::glue::TowerToHyperServiceFuture<tower::util::map_request::MapRequest<tower::util::boxed_clone::BoxCloneService<http::request::Request<tonic::body::Body>, http::response::Response<tonic::body::Body>, alloc::boxed::Box<dyn core::error::Error + core::marker::Send + core::marker::Sync>>, <tonic::transport::server::Server>::serve_internal<tonic::service::router::Routes, tonic::transport::server::incoming::TcpIncoming, core::future::ready::Ready<()>, tokio::net::tcp::stream::TcpStream, core::io::error::Error, tonic::body::Body>::{closure#0}::{closure#1}>, http::request::Request<hyper::body::incoming::Incoming>>, tonic::body::Body, hyper_util::rt::tokio::TokioExecutor> as core::future::future::Future>::poll
calls=1237 0 
0 11266424
0 35778
cfn=(7234) <tokio::runtime::task::core::Core<hyper::proto::h2::server::H2Stream<hyper_util::service::glue::TowerToHyperServiceFuture<tower::util::map_request::MapRequest<tower::util::boxed_clone::BoxCloneService<http::request::Request<tonic::body::Body>, http::response::Response<tonic::body::Body>, alloc::boxed::Box<dyn core::error::Error + core::marker::Send + core::marker::Sync>>, <tonic::transport::server::Server>::serve_internal<tonic::service::router::Routes, tonic::transport::server::incoming::TcpIncoming, core::future::ready::Ready<()>, tokio::net::tcp::stream::TcpStream, core::io::error::Error, tonic::body::Body>::{closure#0}::{closure#1}>, http::request::Request<hyper::body::incoming::Incoming>>, tonic::body::Body, hyper_util::rt::tokio::TokioExecutor>, alloc::sync::Arc<tokio::runtime::scheduler::current_thread::Handle>>>::set_stage
calls=401 0 
0 457317
0 3609
cfn=(7234)
calls=401 0 
0 42067
0 802
cfn=(7246) <tokio::runtime::task::harness::Harness<hyper::proto::h2::server::H2Stream<hyper_util::service::glue::TowerToHyperServiceFuture<tower::util::map_request::MapRequest<tower::util::boxed_clone::BoxCloneService<http::request::Request<tonic::body::Body>, http::response::Response<tonic::body::Body>, alloc::boxed::Box<dyn core::error::Error + core::marker::Send + core::marker::Sync>>, <tonic::transport::server::Server>::serve_internal<tonic::service::router::Routes, tonic::transport::server::incoming::TcpIncoming, core::future::ready::Ready<()>, tokio::net::tcp::stream::TcpStream, core::io::error::Error, tonic::body::Body>::{closure#0}::{closure#1}>, http::request::Request<hyper::body::incoming::Incoming>>, tonic::body::Body, hyper_util::rt::tokio::TokioExecutor>, alloc::sync::Arc<tokio::runtime::scheduler::multi_thread::handle::Handle>>>::complete
calls=401 0 
0 87476
0 9896

fn=(7002) <tower::util::either::Either<tower::limit::concurrency::service::ConcurrencyLimit<tonic::transport::service::grpc_timeout::GrpcTimeout<tonic::service::router::Routes>>, tonic::transport::service::grpc_timeout::GrpcTimeout<tonic::service::router::Routes>> as tower_service::Service<http::request::Request<tonic::body::Body>>>::call
0 4812
cfn=(7004) <tonic::transport::service::grpc_timeout::GrpcTimeout<tonic::service::router::Routes> as tower_service::Service<http::request::Request<tonic::body::Body>>>::call
calls=401 0 
0 975532
0 3208

fn=(7004)
0 5213
cfn=(6676) tonic::transport::service::grpc_timeout::try_parse_grpc_timeout
calls=401 0 
0 123909
0 6416
cob=(2)
cfi=(2)
cfn=(4210)
calls=401 0 
0 16750
0 6006
cob=(2)
cfi=(2)
cfn=(4536)
calls=400 0 
0 11600
0 7
cob=(2)
cfi=(2)
cfn=(4536)
calls=1 0 
0 29
0 2807
cob=(2)
cfi=(2)
cfn=(4536)
calls=401 0 
0 11629
0 7619
cfn=(6192) <axum::routing::path_router::Node>::at
calls=401 0 
0 69425
0 8421
cfn=(7006) axum::routing::url_params::insert_url_params
calls=401 0 
0 453416
0 2406
cfn=(6210) <std::hash::random::RandomState as core::hash::BuildHasher>::hash_one::<&axum::routing::RouteId>
calls=401 0 
0 47318
0 12030
cob=(2)
cfi=(2)
cfn=(4536)
calls=401 0 
0 11629
0 2807
cfn=(7018) <tower::util::map_future::MapFuture<axum::util::MapIntoResponse<tower::util::map_request::MapRequest<devloop::echo::echo_server::EchoServer<devloop::TonicEchod>, <tonic::service::router::Routes>::add_service<devloop::echo::echo_server::EchoServer<devloop::TonicEchod>>::{closure#0}>>, <tower::util::boxed_clone_sync::BoxCloneSyncService<http::request::Request<axum_core::body::Body>, http::response::Response<axum_core::body::Body>, core::convert::Infallible>>::new<axum::util::MapIntoResponse<tower::util::map_request::MapRequest<devloop::echo::echo_server::EchoServer<devloop::TonicEchod>, <tonic::service::router::Routes>::add_service<devloop::echo::echo_server::EchoServer<devloop::TonicEchod>>::{closure#0}>>>::{closure#0}> as tower::util::boxed_clone_sync::CloneService<http::request::Request<axum_core::body::Body>>>::clone_box
calls=401 0 
0 37349
0 2807
cob=(2)
cfi=(2)
cfn=(4536)
calls=401 0 
0 11629
0 3609
cfn=(7020) <axum::routing::route::Route>::oneshot_inner_owned
calls=401 0 
0 26065
0 2005
cob=(2)
cfi=(2)
cfn=(4536)
calls=401 0 
0 25664
0 2807
cob=(2)
cfi=(2)
cfn=(4536)
calls=401 0 
0 25664
0 3609
cob=(2)
cfi=(2)
cfn=(4536)
calls=401 0 
0 25664
0 9223

fn=(7014) <alloc::borrow::Cow<[u8]> as core::convert::From<percent_encoding::PercentDecode>>::from
0 48521

fn=(7034) <http::request::Request<axum_core::body::Body>>::map::<<tonic::body::Body>::new<axum_core::body::Body>, tonic::body::Body>
0 4812
cfn=(7036) <http_body_util::combinators::map_err::MapErr<http_body_util::combinators::map_err::MapErr<http_body_util::combinators::map_frame::MapFrame<tonic::body::Body, <tonic::codec::decode::Streaming<pbrs_grpc::codec::prost::Message<pbrs_adoption_corpus::prost_types::EntityList>>>::new<tonic::body::Body, devloop::adoption_rpc::TonicCodec<pbrs_grpc::codec::prost::Message<pbrs_adoption_corpus::prost_types::EntityList>>>::{closure#0}>, <tonic::codec::decode::Streaming<pbrs_grpc::codec::prost::Message<pbrs_adoption_corpus::prost_types::EntityList>>>::new<tonic::body::Body, devloop::adoption_rpc::TonicCodec<pbrs_grpc::codec::prost::Message<pbrs_adoption_corpus::prost_types::EntityList>>>::{closure#1}>, <tonic::status::Status>::map_error<tonic::status::Status>> as http_body::Body>::is_end_stream
calls=401 0 
0 30148
0 2406
cob=(2)
cfi=(2)
cfn=(4210)
calls=401 0 
0 30264
0 5606
cob=(2)
cfi=(2)
cfn=(4536)
calls=400 0 
0 11600
0 6
cob=(2)
cfi=(2)
cfn=(4536)
calls=1 0 
0 29
0 4010

fn=(7048) <tonic::server::grpc::Grpc<tonic_prost::codec::ProstCodec<devloop::echo::EchoReply, devloop::echo::EchoRequest>>>::map_request_unary::<tonic::body::Body>::{closure#0}
0 15527
cob=(2)
cfi=(2)
cfn=(4536)
calls=401 0 
0 11629
0 802
cfn=(7050) <tonic::codec::compression::CompressionEncoding>::from_encoding_header
calls=401 0 
0 146365
0 7386
cob=(2)
cfi=(2)
cfn=(4536)
calls=401 0 
0 11629
0 2005
cob=(2)
cfi=(2)
cfn=(4210)
calls=401 0 
0 48348
0 6414
cfn=(7052)
calls=401 0 
0 31752
0 13205
cfn=(7054) <tonic::codec::decode::Streaming<devloop::echo::EchoRequest> as futures_core::stream::Stream>::poll_next
calls=400 0 
0 277592
0 26
cfn=(7054)
calls=1 0 
0 1776
0 930
cfn=(7054)
calls=310 0 
0 555157
0 25118
cfn=(6900)
calls=401 0 
0 2005
0 2005
cfn=(6900)
calls=401 0 
0 2005
0 6690
cob=(2)
cfi=(2)
cfn=(4210)
calls=401 0 
0 66514
0 5606
cob=(2)
cfi=(2)
cfn=(4210)
calls=400 0 
0 93118
0 6
cob=(2)
cfi=(2)
cfn=(4210)
calls=1 0 
0 191
0 4010
cfn=(7054)
calls=401 0 
0 394194
0 411
cfn=(7054)
calls=137 0 
0 177689
0 28100
cob=(2)
cfi=(2)
cfn=(4920)
calls=401 0 
0 29573
0 802
cfn=(7104)
calls=401 0 
0 426599
0 16454

fn=(7052)
0 1604
cfn=(7036)
calls=401 0 
0 30148
0 4812
cfn=(7036)
calls=1203 0 
0 9624

fn=(7056) <tonic_prost::codec::ProstDecoder<devloop::echo::EchoRequest> as tonic::codec::Decoder>::buffer_settings
0 14571

fn=(7068) <http_body_util::combinators::map_err::MapErr<hyper::body::incoming::Incoming, <tonic::status::Status>::map_error<hyper::error::Error>> as http_body::Body>::poll_frame
0 9900
cfn=(7070) <hyper::body::incoming::Incoming as http_body::Body>::poll_frame
calls=1650 0 
0 608875
0 36728
cfn=(7070)
calls=1202 0 
0 520686
0 24848

fn=(7080) <hyper::proto::h2::ping::Recorder>::record_data
0 20451

fn=(7082) <tonic_prost::codec::ProstDecoder<devloop::echo::EchoRequest> as tonic::codec::Decoder>::decode
0 14035
cfn=(7084) prost::encoding::varint::decode_varint::<&mut &mut tonic::codec::buffer::DecodeBuf>
calls=802 0 
0 34486
0 12832
cfn=(7084)
calls=401 0 
0 38897
0 2406
cfn=(7084)
calls=401 0 
0 16441
0 4010
cfn=(6630)
calls=401 0 
0 44630
0 1203
cfn=(7088) <bytes::bytes_mut::BytesMut>::freeze
calls=401 0 
0 9624
0 1203
cfn=(7090) <alloc::vec::Vec<u8> as prost::encoding::sealed::BytesAdapter>::replace_with::<bytes::bytes::Bytes>
calls=401 0 
0 123661
0 8421

fn=(7084)
0 120300
cfn=(7086) prost::encoding::varint::decode_varint_slice
calls=2005 0 
0 46115
0 130726

fn=(7090)
0 56140
cob=(2)
cfi=(2)
cfn=(4536)
calls=2005 0 
0 248456
0 30075
cfn=(6900)
calls=2005 0 
0 10025
0 12030
cfn=(5736) <alloc::raw_vec::RawVecInner<_>>::reserve::do_reserve_and_handle::<alloc::alloc::Global>
calls=2005 0 
0 320920
0 8020

fn=(7102) <tonic::codec::decode::StreamingInner>::response
0 7218
cfn=(7294)
calls=401 0 
0 601946
0 2807
cfn=(7230)
calls=401 0 
0 84154
0 802
cob=(2)
cfi=(2)
cfn=(4920)
calls=401 0 
0 26065
0 6416

fn=(7120) core::ptr::drop_glue::<<tonic::server::grpc::Grpc<tonic_prost::codec::ProstCodec<devloop::echo::EchoReply, devloop::echo::EchoRequest>>>::map_request_unary<tonic::body::Body>::{closure#0}>
0 7619

fn=(7124) <devloop::TonicEchod as devloop::echo::echo_server::Echo>::server_stream::{closure#0}
0 7218
cob=(2)
cfi=(2)
cfn=(4536)
calls=401 0 
0 11629
0 2807
cfn=(6594)
calls=401 0 
0 106955
0 802
cfn=(6600)
calls=401 0 
0 271629
0 802
cob=(2)
cfi=(2)
cfn=(4210)
calls=401 0 
0 32088
0 14005
cob=(2)
cfi=(2)
cfn=(5224)
calls=400 0 
0 141382
0 28
cob=(2)
cfi=(2)
cfn=(5224)
calls=1 0 
0 505
0 6409
cob=(2)
cfi=(2)
cfn=(4536)
calls=400 0 
0 30328
0 5
cob=(2)
cfi=(2)
cfn=(4536)
calls=1 0 
0 76
0 12832
cob=(2)
cfi=(2)
cfn=(4536)
calls=401 0 
0 20852
0 4411
cob=(2)
cfi=(2)
cfn=(4536)
calls=401 0 
0 20852
0 8421
cob=(2)
cfi=(2)
cfn=(4536)
calls=401 0 
0 11629
0 4812
cob=(2)
cfi=(2)
cfn=(4536)
calls=401 0 
0 11629
0 4010
cob=(2)
cfi=(2)
cfn=(5224)
calls=401 0 
0 69479
0 6410
cob=(2)
cfi=(2)
cfn=(4536)
calls=400 0 
0 25558
0 4
cob=(2)
cfi=(2)
cfn=(4536)
calls=1 0 
0 64
0 1604
cfn=(5706)
calls=401 0 
0 33282
0 5213
cfn=(5708)
calls=401 0 
0 20852
0 12030

fn=(7126) core::ptr::drop_glue::<axum::routing::url_params::UrlParams>
0 9223
cfn=(7128) <alloc::sync::Arc<str>>::drop_slow
calls=401 0 
0 35702
0 2005
cfn=(7128)
calls=401 0 
0 34358
0 4010
cob=(2)
cfi=(2)
cfn=(4920)
calls=401 0 
0 29944

fn=(7160)
0 6380
cfn=(5058)
calls=58 0 
0 6438
0 406
cfn=(7162) <hyper::common::date::CachedDate as core::fmt::Write>::write_str
calls=58 0 
0 1682
0 174

fn=(7172) <h2::server::SendResponse<hyper::proto::h2::SendBuf<bytes::bytes::Bytes>>>::send_response
0 38095
cfn=(7174) <h2::server::Peer>::convert_send_message
calls=401 0 
0 85413
0 3208
cfn=(6730) <h2::proto::streams::send::Send>::send_headers::<hyper::proto::h2::SendBuf<bytes::bytes::Bytes>>
calls=401 0 
0 663399
0 3609
cfn=(6824)
calls=401 0 
0 21253
0 11629
cfn=(6756)
calls=401 0 
0 26065
0 8421

fn=(7174)
0 5614
cfn=(6600)
calls=401 0 
0 6817
0 10827
cfn=(6716)
calls=802 0 
0 5614
0 24461
cob=(2)
cfi=(2)
cfn=(4536)
calls=401 0 
0 11629
0 3208
cob=(2)
cfi=(2)
cfn=(4536)
calls=401 0 
0 11629
0 5614

fn=(7180)
0 127600

fn=(7194) core::ptr::drop_glue::<<tokio::sync::mpsc::bounded::Sender<core::result::Result<pbrs_grpc::stream::Framed<pbrs_grpc::codec::prost::Message<pbrs_adoption_corpus::prost_types::EntityList>>, pbrs_grpc::status::Status>>>::reserve_inner::{closure#0}>
0 14436

fn=(7206) core::ptr::drop_glue::<tokio::runtime::task::core::Cell<<devloop::TonicEchod as devloop::echo::echo_server::Echo>::server_stream::{closure#0}::{closure#0}, alloc::sync::Arc<tokio::runtime::scheduler::multi_thread::handle::Handle>>>
0 10426

fn=(7242)
0 401
cfn=(7244)
calls=401 0 
0 10827

fn=(7268) <alloc::sync::Arc<tokio::sync::oneshot::Inner<core::result::Result<http::response::Response<hyper::body::incoming::Incoming>, hyper::error::Error>>>>::drop_slow
0 3971
cfn=(6800)
calls=388 0 
0 2716
0 2005
cfn=(6780)
calls=401 0 
0 99459
0 4411
cob=(2)
cfi=(2)
cfn=(4920)
calls=401 0 
0 73575

fn=(7324) core::ptr::drop_glue::<<tonic::client::grpc::Grpc<tonic::transport::channel::Channel>>::server_streaming<devloop::echo::EchoRequest, devloop::echo::EchoReply, tonic_prost::codec::ProstCodec<devloop::echo::EchoRequest, devloop::echo::EchoReply>>::{closure#0}>
0 5213

fn=(7328)
0 67340
cfn=(7056)
calls=2405 0 
0 7215
0 1203
cfn=(7056)
calls=401 0 
0 1203
0 14030
cfn=(7058) <tonic::codec::decode::StreamingInner>::decode_chunk
calls=2806 0 
0 145537
0 26862
cfn=(7332) <tonic_prost::codec::ProstDecoder<devloop::echo::EchoReply> as tonic::codec::Decoder>::decode
calls=1604 0 
0 1031975
0 14432
cfn=(7060) <tonic::codec::decode::StreamingInner>::poll_frame
calls=1202 0 
0 825498
0 8814
cfn=(7102)
calls=401 0 
0 723794
0 16441

fn=(7334)
0 3609

fn=(7576)
0 84
cob=(2)
cfi=(2)
cfn=(6816) write
calls=3 0 
0 177
0 66

fn=(7584) core::ptr::drop_glue::<devloop::rpc_tonic_server_stream::{closure#0}>
0 15

fn=(7626) <tokio::runtime::task::core::Core<tonic::transport::server::serve_connection<tonic::body::Body, hyper_util::rt::tokio::TokioIo<tonic::transport::server::service::io::ServerIo<tokio::net::tcp::stream::TcpStream>>, hyper_util::service::glue::TowerToHyperService<tower::util::map_request::MapRequest<tower::util::boxed_clone::BoxCloneService<http::request::Request<tonic::body::Body>, http::response::Response<tonic::body::Body>, alloc::boxed::Box<dyn core::error::Error + core::marker::Send + core::marker::Sync>>, <tonic::transport::server::Server>::serve_internal<tonic::service::router::Routes, tonic::transport::server::incoming::TcpIncoming, core::future::ready::Ready<()>, tokio::net::tcp::stream::TcpStream, core::io::error::Error, tonic::body::Body>::{closure#0}::{closure#1}>>, hyper_util::rt::tokio::TokioExecutor>::{closure#0}, alloc::sync::Arc<tokio::runtime::scheduler::current_thread::Handle>>>::set_stage
0 76
cfn=(7628)
calls=1 0 
0 14971
0 19
cob=(2)
cfi=(2)
cfn=(4536)
calls=3 0 
0 732
0 36

fn=(7638)
0 22
cfn=(7640) core::ptr::drop_glue::<matchit::tree::Node<axum::routing::RouteId>>
calls=2 0 
0 746
0 89
cob=(2)
cfi=(2)
cfn=(4920)
calls=2 0 
0 146
0 76
cfn=(7128)
calls=3 0 
0 304
0 25
cob=(2)
cfi=(2)
cfn=(4920)
calls=2 0 
0 146
0 26
cob=(2)
cfi=(2)
cfn=(4920)
calls=2 0 
0 146

fn=(7654) alloc::io::error::custom_owner_from_box::drop_box_raw::<dyn core::error::Error + core::marker::Send + core::marker::Sync>
0 26
cfn=(7656) core::ptr::drop_glue::<<alloc::boxed::Box<dyn core::error::Error + core::marker::Send + core::marker::Sync> as core::convert::From<alloc::string::String>>::from::StringError>
calls=2 0 
0 154
0 18
cob=(2)
cfi=(2)
cfn=(4920)
calls=2 0 
0 146

fn=(7662) core::ptr::drop_glue::<tokio_util::codec::framed_read::FramedRead<h2::codec::framed_write::FramedWrite<hyper::common::io::compat::Compat<hyper_util::common::rewind::Rewind<hyper_util::rt::tokio::TokioIo<tonic::transport::server::service::io::ServerIo<tokio::net::tcp::stream::TcpStream>>>>, h2::proto::streams::prioritize::Prioritized<hyper::proto::h2::SendBuf<bytes::bytes::Bytes>>>, tokio_util::codec::length_delimited::LengthDelimitedCodec>>
0 9
cfn=(7608) core::ptr::drop_glue::<tokio::net::tcp::stream::TcpStream>
calls=1 0 
0 224
0 2
cfn=(7664) core::ptr::drop_glue::<h2::codec::framed_write::Encoder<h2::proto::streams::prioritize::Prioritized<hyper::proto::h2::SendBuf<bytes::bytes::Bytes>>>>
calls=1 0 
0 6308
0 12
cob=(2)
cfi=(2)
cfn=(4920)
calls=1 0 
0 205
0 5
cob=(2)
cfi=(2)
cfn=(4920)
calls=1 0 
0 125

fn=(7710) core::ptr::drop_glue::<<tonic::transport::channel::service::connection::MakeSendRequestService<tonic::transport::channel::service::connector::Connector<tonic::transport::channel::uds_connector::UdsConnector>> as tower_service::Service<http::uri::Uri>>::call::{closure#0}::{closure#0}>
0 5
cfn=(7712) core::ptr::drop_glue::<hyper::client::conn::http2::Connection<tonic::transport::channel::service::io::BoxedIo, tonic::body::Body, tonic::transport::channel::service::executor::SharedExec>>
calls=1 0 
0 1990

fn=(7730) <alloc::sync::Arc<tokio::sync::mpsc::chan::Chan<tower::buffer::message::Message<http::request::Request<tonic::body::Body>, core::pin::Pin<alloc::boxed::Box<dyn core::future::future::Future<Output = core::result::Result<http::response::Response<tonic::body::Body>, alloc::boxed::Box<dyn core::error::Error + core::marker::Send + core::marker::Sync>>> + core::marker::Send>>>, tokio::sync::mpsc::bounded::Semaphore>>>::drop_slow
0 28
cob=(2)
cfi=(2)
cfn=(4920)
calls=1 0 
0 202
0 2
cob=(2)
cfi=(2)
cfn=(4920)
calls=1 0 
0 170
0 15
cob=(2)
cfi=(2)
cfn=(4920)
calls=1 0 
0 65
0 7

fn=(7734) core::ptr::drop_glue::<tonic::transport::service::grpc_timeout::GrpcTimeout<tower::util::either::Either<tower::limit::concurrency::service::ConcurrencyLimit<tower::util::either::Either<tower::limit::rate::service::RateLimit<tonic::transport::channel::service::reconnect::Reconnect<tonic::transport::channel::service::connection::MakeSendRequestService<tonic::transport::channel::service::connector::Connector<hyper_util::client::legacy::connect::http::HttpConnector>>, http::uri::Uri>>, tonic::transport::channel::service::reconnect::Reconnect<tonic::transport::channel::service::connection::MakeSendRequestService<tonic::transport::channel::service::connector::Connector<hyper_util::client::legacy::connect::http::HttpConnector>>, http::uri::Uri>>>, tower::util::either::Either<tower::limit::rate::service::RateLimit<tonic::transport::channel::service::reconnect::Reconnect<tonic::transport::channel::service::connection::MakeSendRequestService<tonic::transport::channel::service::connector::Connector<hyper_util::client::legacy::connect::http::HttpConnector>>, http::uri::Uri>>, tonic::transport::channel::service::reconnect::Reconnect<tonic::transport::channel::service::connection::MakeSendRequestService<tonic::transport::channel::service::connector::Connector<hyper_util::client::legacy::connect::http::HttpConnector>>, http::uri::Uri>>>>>
0 19
cfn=(7736) core::ptr::drop_glue::<tonic::transport::channel::service::reconnect::Reconnect<tonic::transport::channel::service::connection::MakeSendRequestService<tonic::transport::channel::service::connector::Connector<hyper_util::client::legacy::connect::http::HttpConnector>>, http::uri::Uri>>
calls=1 0 
0 1122

fn=(7752) core::ptr::drop_glue::<tokio::runtime::scheduler::Context>
0 52
cfn=(7754) <alloc::sync::Arc<tokio::runtime::scheduler::multi_thread::worker::Worker>>::drop_slow
calls=4 0 
0 496
0 60

fn=(7782) std::sys::thread_local::native::eager::destroy::<tokio::runtime::context::Context>
0 35

fn=(7950) core::ptr::drop_glue::<tokio::runtime::driver::Handle>
0 9
cob=(2)
cfi=(2)
cfn=(5132)
calls=1 0 
0 61
0 2
cfn=(7952) core::ptr::drop_glue::<alloc::vec::Vec<alloc::sync::Arc<tokio::runtime::io::scheduled_io::ScheduledIo>>>
calls=1 0 
0 210
0 2
cob=(2)
cfi=(2)
cfn=(5132)
calls=1 0 
0 61
0 8
cob=(2)
cfi=(2)
cfn=(4920)
calls=1 0 
0 202

fn=(8014) <alloc::sync::Arc<std::thread::thread::Inner, std::alloc::System>>::drop_slow
0 48
cob=(2)
cfi=(2)
cfn=(4920)
calls=4 0 
0 468
0 36
cob=(2)
cfi=(2)
cfn=(4920)
calls=4 0 
0 416

fn=(5040) devloop::main
0 9
cfn=(5042) std::env::args_os
calls=1 0 
0 1842
0 15
cfn=(5058)
calls=1 0 
0 80
0 21
cob=(2)
cfi=(2)
cfn=(4210)
calls=1 0 
0 187
0 174
cfn=(5058)
calls=6 0 
0 486
0 40
cob=(2)
cfi=(2)
cfn=(4920)
calls=1 0 
0 65
0 24
cfn=(5060) devloop::cmd_run_cell
calls=1 0 
0 7512029
0 54
cob=(2)
cfi=(2)
cfn=(4920)
calls=7 0 
0 819
0 11
cob=(2)
cfi=(2)
cfn=(4920)
calls=1 0 
0 65
0 8

fn=(5090) std::env::var::inner
0 10
cfn=(5092)
calls=1 0 
0 739
0 14

fn=(5138) <std::path::Components as core::iter::traits::double_ended::DoubleEndedIterator>::next_back
0 138
cfn=(5140)
calls=3 0 
0 333
0 75

fn=(5474) std::thread::spawnhook::run_spawn_hooks
0 96
cfn=(5480)
calls=4 0 
0 76
0 102
cfn=(5308)
calls=1 0 
0 533
0 2

fn=(5674) devloop::cmd_run_cell::{closure#1}
0 30996
cfn=(5676)
calls=1 0 
0 14630
0 4760
cfn=(5676)
calls=1190 0 
0 7247596
0 5955
cfn=(7584)
calls=1 0 
0 15
0 10722

fn=(5678)
0 19
cfn=(5680) <str as tokio::net::addr::sealed::ToSocketAddrsPriv>::to_socket_addrs
calls=1 0 
0 241
0 10
cfn=(5686) <tokio::net::addr::sealed::MaybeReady as core::future::future::Future>::poll
calls=1 0 
0 25
0 28
cfn=(5688) <mio::net::tcp::listener::TcpListener>::bind
calls=1 0 
0 76
0 20
cfn=(5698) <tokio::io::poll_evented::PollEvented<mio::net::tcp::stream::TcpStream>>::new_with_interest
calls=1 0 
0 690
0 7

fn=(5800) <tonic::transport::channel::endpoint::Endpoint as core::clone::Clone>::clone
0 14
cfn=(5790)
calls=1 0 
0 71
0 4
cfn=(5790)
calls=1 0 
0 77
0 177

fn=(5802) bytes::bytes::shared_clone
0 39880

fn=(5834) core::slice::memchr::memrchr_aligned
0 224

fn=(5840) <hyper_util::client::legacy::connect::http::ConnectingTcp>::new
0 72
cfn=(5842) <alloc::raw_vec::RawVec<core::net::socket_addr::SocketAddr>>::grow_one
calls=1 0 
0 108
0 6
cob=(2)
cfi=(2)
cfn=(4920)
calls=1 0 
0 65
0 36

fn=(5842)
0 3
cfn=(5844) <alloc::raw_vec::RawVecInner>::grow_amortized
calls=1 0 
0 101
0 4

fn=(6174) <tokio::runtime::scheduler::multi_thread::worker::Context>::run_task
0 59499
cfn=(5712) <tokio::runtime::scheduler::multi_thread::idle::Idle>::worker_to_notify
calls=1014 0 
0 58812
0 11154
cfn=(6536) <tokio::runtime::scheduler::multi_thread::park::Unparker>::unpark
calls=1014 0 
0 56472
0 101300
cfn=(7188) tokio::runtime::task::raw::poll::<<devloop::TonicEchod as devloop::echo::echo_server::Echo>::server_stream::{closure#0}::{closure#0}, alloc::sync::Arc<tokio::runtime::scheduler::multi_thread::handle::Handle>>
calls=401 0 
0 1023729
cfn=(6618) tokio::runtime::task::raw::poll::<core::pin::Pin<alloc::boxed::Box<dyn core::future::future::Future<Output = ()> + core::marker::Send>>, alloc::sync::Arc<tokio::runtime::scheduler::multi_thread::handle::Handle>>
calls=2664 0 
0 12503204
cfn=(6392) tokio::runtime::task::raw::poll::<tonic::transport::server::serve_connection<tonic::body::Body, hyper_util::rt::tokio::TokioIo<tonic::transport::server::service::io::ServerIo<tokio::net::tcp::stream::TcpStream>>, hyper_util::service::glue::TowerToHyperService<tower::util::map_request::MapRequest<tower::util::boxed_clone::BoxCloneService<http::request::Request<tonic::body::Body>, http::response::Response<tonic::body::Body>, alloc::boxed::Box<dyn core::error::Error + core::marker::Send + core::marker::Sync>>, <tonic::transport::server::Server>::serve_internal<tonic::service::router::Routes, tokio_stream::wrappers::tcp_listener::TcpListenerStream, core::future::ready::Ready<()>, tokio::net::tcp::stream::TcpStream, core::io::error::Error, tonic::body::Body>::{closure#0}::{closure#1}>>, hyper_util::rt::tokio::TokioExecutor>::{closure#0}, alloc::sync::Arc<tokio::runtime::scheduler::multi_thread::handle::Handle>>
calls=985 0 
0 8403444
cfn=(6176)
calls=2 0 
0 27313
0 169599
cfn=(6988)
calls=1237 0 
0 11965219
cfn=(6618)
calls=1746 0 
0 5882774
cfn=(6392)
calls=658 0 
0 4035625
0 108171

fn=(6218) <hashbrown::raw::RawTable<(alloc::sync::Arc<str>, axum::routing::RouteId)>>::reserve_rehash::<hashbrown::map::make_hasher<alloc::sync::Arc<str>, axum::routing::RouteId, std::hash::random::RandomState>::{closure#0}>
0 120
cob=(2)
cfi=(2)
cfn=(4210)
calls=2 0 
0 426
0 40
cob=(2)
cfi=(2)
cfn=(4972)
calls=2 0 
0 20
0 46

fn=(6238)
0 5
cfn=(6240)
calls=1 0 
0 62

fn=(6286) <<axum::boxed::BoxedIntoRoute<(), core::convert::Infallible>>::from_handler<tonic::service::router::unimplemented, ((),)>::{closure#0} as core::ops::function::FnOnce<(tonic::service::router::unimplemented, ())>>::call_once
0 9

fn=(6368) <tonic::transport::server::MakeSvc<tonic::service::router::Routes, tokio::net::tcp::stream::TcpStream> as tower_service::Service<&tonic::transport::server::service::io::ServerIo<tokio::net::tcp::stream::TcpStream>>>::call
0 12
cfn=(6370) <tokio::net::tcp::stream::TcpStream as tonic::transport::server::conn::Connected>::connect_info
calls=1 0 
0 134
0 51
cob=(2)
cfi=(2)
cfn=(4210)
calls=1 0 
0 232
0 40

fn=(6392)
0 85436
cfn=(6394) tonic::transport::server::serve_connection::<tonic::body::Body, hyper_util::rt::tokio::TokioIo<tonic::transport::server::service::io::ServerIo<tokio::net::tcp::stream::TcpStream>>, hyper_util::service::glue::TowerToHyperService<tower::util::map_request::MapRequest<tower::util::boxed_clone::BoxCloneService<http::request::Request<tonic::body::Body>, http::response::Response<tonic::body::Body>, alloc::boxed::Box<dyn core::error::Error + core::marker::Send + core::marker::Sync>>, <tonic::transport::server::Server>::serve_internal<tonic::service::router::Routes, tokio_stream::wrappers::tcp_listener::TcpListenerStream, core::future::ready::Ready<()>, tokio::net::tcp::stream::TcpStream, core::io::error::Error, tonic::body::Body>::{closure#0}::{closure#1}>>, hyper_util::rt::tokio::TokioExecutor>::{closure#0}
calls=1643 0 
0 12258291
0 62704
cfn=(5708)
calls=135 0 
0 18549
0 14089

fn=(6400) <h2::codec::framed_write::Encoder<h2::proto::streams::prioritize::Prioritized<hyper::proto::h2::SendBuf<bytes::bytes::Bytes>>>>::buffer
0 89663
cfn=(6508) <h2::frame::window_update::WindowUpdate>::encode::<bytes::bytes_mut::BytesMut>
calls=3 0 
0 171
0 73
cfn=(6402) <h2::frame::settings::Settings>::encode
calls=4 0 
0 723
0 6027
cob=(2)
cfi=(2)
cfn=(4536)
calls=1203 0 
0 62556
0 18045
cfn=(6826) <h2::frame::headers::Headers>::encode
calls=1203 0 
0 3223700
0 54557
cfn=(6892)
calls=802 0 
0 116290
0 99553

fn=(6402)
0 410
cfn=(6404) <h2::frame::settings::Settings>::encode::{closure#0}
calls=1 0 
0 39
0 10
cfn=(6404)
calls=2 0 
0 78
0 12
cfn=(6404)
calls=2 0 
0 78
0 12
cfn=(6404)
calls=2 0 
0 78
0 6

fn=(6410)
0 219209
cfn=(6412)
calls=795 0 
0 138321
0 26039
cfn=(6434) <h2::codec::framed_write::Encoder<h2::proto::streams::prioritize::Prioritized<hyper::proto::h2::SendBuf<bytes::bytes::Bytes>>>>::unset_frame
calls=2444 0 
0 64671
0 95151
cfn=(6412)
calls=401 0 
0 69774
0 2807
cfn=(7092) <bytes::buf::chain::Chain<&mut core::io::cursor::Cursor<bytes::bytes_mut::BytesMut>, &mut h2::proto::streams::prioritize::Prioritized<hyper::proto::h2::SendBuf<bytes::bytes::Bytes>>> as bytes::buf::buf_impl::Buf>::advance
calls=401 0 
0 11629
0 46852

fn=(6414) <core::pin::Pin<&mut tonic::transport::server::connection_timeout_future::{closure#0}> as core::future::future::Future>::poll
0 36156

fn=(6440) <hyper_util::common::rewind::Rewind<hyper_util::rt::tokio::TokioIo<tonic::transport::server::service::io::ServerIo<tokio::net::tcp::stream::TcpStream>>> as hyper::rt::io::Read>::poll_read
0 46774
cfn=(5786)
calls=1 0 
0 1
0 4
cfn=(6442) <hyper_util::rt::tokio::TokioIo<tonic::transport::server::service::io::ServerIo<tokio::net::tcp::stream::TcpStream>> as hyper::rt::io::Read>::poll_read
calls=1 0 
0 189
0 8766
cfn=(6442)
calls=2922 0 
0 587675
0 26307

fn=(6508)
0 171

fn=(8030) core::ptr::drop_glue::<tokio::runtime::blocking::shutdown::Receiver>
0 10

fn=(6544)
0 6834

fn=(6546) <tower::buffer::service::Buffer<http::request::Request<tonic::body::Body>, core::pin::Pin<alloc::boxed::Box<dyn core::future::future::Future<Output = core::result::Result<http::response::Response<tonic::body::Body>, alloc::boxed::Box<dyn core::error::Error + core::marker::Send + core::marker::Sync>>> + core::marker::Send>>>>::pair::<tonic::transport::channel::service::connection::Connection>
0 20
cob=(2)
cfi=(2)
cfn=(4210)
calls=1 0 
0 258
0 34
cob=(2)
cfi=(2)
cfn=(5224)
calls=1 0 
0 610
0 12
cob=(2)
cfi=(2)
cfn=(4536)
calls=1 0 
0 76
0 6
cob=(2)
cfi=(2)
cfn=(4210)
calls=1 0 
0 159
0 30
cob=(2)
cfi=(2)
cfn=(4210)
calls=1 0 
0 41
0 11
cob=(2)
cfi=(2)
cfn=(4536)
calls=1 0 
0 29
0 4
cob=(2)
cfi=(2)
cfn=(4536)
calls=1 0 
0 64
0 15

fn=(6580) <http::extensions::Extensions>::insert::<tonic::extensions::GrpcMethod>
0 5213
cob=(2)
cfi=(2)
cfn=(4210)
calls=401 0 
0 16441
0 6006
cob=(2)
cfi=(2)
cfn=(4210)
calls=400 0 
0 16563
0 7
cob=(2)
cfi=(2)
cfn=(4210)
calls=1 0 
0 186
0 6405
cfn=(6582) <hashbrown::map::HashMap<core::any::TypeId, alloc::boxed::Box<dyn http::extensions::AnyClone + core::marker::Send + core::marker::Sync>, core::hash::BuildHasherDefault<http::extensions::IdHasher>>>::insert
calls=400 0 
0 178998
0 9
cfn=(6582)
calls=1 0 
0 408
0 3609

fn=(6592)
0 40902

fn=(6594)
0 12030
cob=(2)
cfi=(2)
cfn=(4920)
calls=1203 0 
0 83549
0 6416
cfn=(6596)
calls=1604 0 
0 83881
0 5614
cob=(2)
cfi=(2)
cfn=(4920)
calls=1203 0 
0 137959
0 9624
cfn=(6598)
calls=1604 0 
0 28872
0 8020
cfn=(6596)
calls=802 0 
0 10426
0 6416
cfn=(6598)
calls=802 0 
0 14436
0 8020
cob=(2)
cfi=(2)
cfn=(4920)
calls=401 0 
0 28415
0 4812
cfn=(6596)
calls=1203 0 
0 15639
0 3208
cob=(2)
cfi=(2)
cfn=(4920)
calls=401 0 
0 26065
0 7218
cfn=(6598)
calls=1203 0 
0 21654

fn=(6614) <tonic::transport::channel::ResponseFuture as core::future::future::Future>::poll
0 41910
cfn=(6422)
calls=401 0 
0 2005
0 10348
cfn=(6804)
calls=388 0 
0 538955
0 1604
cfn=(6804)
calls=401 0 
0 112085
0 18714
cfn=(6796) <alloc::sync::Arc<tokio::sync::oneshot::Inner<core::result::Result<core::pin::Pin<alloc::boxed::Box<dyn core::future::future::Future<Output = core::result::Result<http::response::Response<tonic::body::Body>, alloc::boxed::Box<dyn core::error::Error + core::marker::Send + core::marker::Sync>>> + core::marker::Send>>, tower::buffer::error::ServiceError>>>>::drop_slow
calls=380 0 
0 39900
0 3609
cfn=(6802) core::ptr::drop_glue::<tokio::sync::oneshot::Receiver<core::result::Result<core::pin::Pin<alloc::boxed::Box<dyn core::future::future::Future<Output = core::result::Result<http::response::Response<tonic::body::Body>, alloc::boxed::Box<dyn core::error::Error + core::marker::Send + core::marker::Sync>>> + core::marker::Send>>, tower::buffer::error::ServiceError>>>
calls=401 0 
0 6416
0 12314

fn=(6618)
0 229320
cfn=(6668) <tower::buffer::worker::Worker<tonic::transport::channel::service::connection::Connection, http::request::Request<tonic::body::Body>> as core::future::future::Future>::poll
calls=401 0 
0 1298479
cfn=(6650) <core::pin::Pin<alloc::boxed::Box<dyn core::future::future::Future<Output = ()> + core::marker::Send>> as core::future::future::Future>::poll
calls=799 0 
0 4113144
cfn=(6620)
calls=3210 0 
0 11799315
0 143262
cfn=(5708)
calls=272 0 
0 47473
0 14736
cfn=(6868) core::ptr::drop_glue::<hyper::proto::h2::client::H2ClientFuture<tonic::body::Body, tonic::transport::channel::service::io::BoxedIo, tonic::transport::channel::service::executor::SharedExec>>
calls=802 0 
0 389922
0 4010
cob=(2)
cfi=(2)
cfn=(4920)
calls=802 0 
0 167475
0 26466
cfn=(6884) <tokio::runtime::task::harness::Harness<core::pin::Pin<alloc::boxed::Box<dyn core::future::future::Future<Output = ()> + core::marker::Send>>, alloc::sync::Arc<tokio::runtime::scheduler::multi_thread::handle::Handle>>>::complete
calls=802 0 
0 117096
0 35280

fn=(6630)
0 224898
cob=(2)
cfi=(2)
cfn=(4210)
calls=1609 0 
0 70125
0 253036

fn=(6654) <hyper::client::conn::http2::Connection<tonic::transport::channel::service::io::BoxedIo, tonic::body::Body, tonic::transport::channel::service::executor::SharedExec> as core::future::future::Future>::poll
0 18377
cfn=(6656) <h2::client::SendRequest<hyper::proto::h2::SendBuf<bytes::bytes::Bytes>>>::poll_ready
calls=799 0 
0 67116
0 2406
cfn=(6656)
calls=401 0 
0 33684
0 38400
cfn=(6660) <tokio::sync::mpsc::list::Rx<hyper::client::dispatch::Envelope<http::request::Request<tonic::body::Body>, http::response::Response<hyper::body::incoming::Incoming>>>>::pop
calls=1200 0 
0 60711
0 9196
cfn=(6662)
calls=799 0 
0 38724
0 3196
cfn=(6660)
calls=799 0 
0 24107
0 7200
cob=(2)
cfi=(2)
cfn=(4536)
calls=401 0 
0 11629
0 6416
cob=(2)
cfi=(2)
cfn=(4536)
calls=401 0 
0 11629
0 2807
cfn=(6694) core::ptr::drop_glue::<hyper::client::dispatch::Envelope<http::request::Request<tonic::body::Body>, http::response::Response<hyper::body::incoming::Incoming>>>
calls=401 0 
0 11629
0 2005
cob=(2)
cfi=(2)
cfn=(4536)
calls=401 0 
0 11629
0 2807
cob=(2)
cfi=(2)
cfn=(4536)
calls=401 0 
0 11629
0 7218
cob=(2)
cfi=(2)
cfn=(4536)
calls=401 0 
0 11629
0 2807
cfn=(6698) hyper::proto::h2::strip_connection_headers
calls=401 0 
0 241001
0 2406
cfn=(6702) <http_body_util::combinators::map_err::MapErr<http_body_util::combinators::map_err::MapErr<http_body_util::combinators::map_frame::MapFrame<tonic::body::Body, <tonic::codec::decode::Streaming<pbrs_grpc::codec::prost::Message<pbrs_adoption_corpus::prost_types::EntityList>>>::new<tonic::body::Body, devloop::adoption_rpc::TonicCodec<pbrs_grpc::codec::prost::Message<pbrs_adoption_corpus::prost_types::EntityList>>>::{closure#0}>, <tonic::codec::decode::Streaming<pbrs_grpc::codec::prost::Message<pbrs_adoption_corpus::prost_types::EntityList>>>::new<tonic::body::Body, devloop::adoption_rpc::TonicCodec<pbrs_grpc::codec::prost::Message<pbrs_adoption_corpus::prost_types::EntityList>>>::{closure#1}>, <tonic::status::Status>::map_error<tonic::status::Status>> as http_body::Body>::size_hint
calls=401 0 
0 1604
0 3609
cfn=(6704)
calls=401 0 
0 802
0 11228
cob=(2)
cfi=(2)
cfn=(4536)
calls=401 0 
0 11629
0 3208
cfn=(6706)
calls=401 0 
0 15238
0 1604
cfn=(6708) <hashbrown::raw::RawTable<(core::any::TypeId, alloc::boxed::Box<dyn http::extensions::AnyClone + core::marker::Send + core::marker::Sync>)>>::clear
calls=401 0 
0 57418
0 15238
cfn=(6658) <h2::proto::streams::streams::Actions>::ensure_no_conn_error
calls=401 0 
0 8421
0 31679
cfn=(6756)
calls=401 0 
0 26065
0 18847
cfn=(6656)
calls=401 0 
0 33684
0 7619
cfn=(6758)
calls=401 0 
0 1823466
0 5213
cfn=(6710) <h2::proto::streams::stream::Stream>::new
calls=401 0 
0 38897
0 5614
cfn=(6712) <h2::client::Peer>::convert_send_message
calls=401 0 
0 361155
0 12832
cob=(2)
cfi=(2)
cfn=(4536)
calls=401 0 
0 11629
0 12832
cob=(2)
cfi=(2)
cfn=(4536)
calls=401 0 
0 25664
0 2406
cfn=(6718) <h2::proto::streams::store::Store>::insert
calls=401 0 
0 130638
0 3609
cob=(2)
cfi=(2)
cfn=(4536)
calls=401 0 
0 20852
0 3208
cfn=(6730)
calls=401 0 
0 633279
0 5213
cfn=(6752)
calls=401 0 
0 12832
0 6416
cfn=(6754) core::ptr::drop_glue::<std::sync::poison::mutex::MutexGuard<h2::proto::streams::buffer::Buffer<h2::frame::Frame<hyper::proto::h2::SendBuf<bytes::bytes::Bytes>>>>>
calls=401 0 
0 5614
0 1203
cfn=(6754)
calls=401 0 
0 5614
0 11988
cfn=(6664)
calls=799 0 
0 12784
0 3995
cfn=(6666) <want::State as core::convert::From<usize>>::from
calls=799 0 
0 5593
0 7990
cfn=(6312)
calls=799 0 
0 5593
0 8787
cfn=(6780)
calls=798 0 
0 6384
0 5593

fn=(6656)
0 51232
cfn=(6658)
calls=1601 0 
0 33621
0 49631

fn=(6664)
0 19008

fn=(6682)
0 63382

fn=(6764)
0 92532
cfn=(6312)
calls=3647 0 
0 25529
0 22321
cfn=(6780)
calls=2043 0 
0 16344
0 47411

fn=(6766)
0 41303
cfn=(6768) prost::encoding::bytes::encode::<alloc::vec::Vec<u8>, tonic::codec::buffer::EncodeBuf>
calls=401 0 
0 94586
0 4812
cfn=(6770)
calls=401 0 
0 11228
0 1604
cob=(2)
cfi=(2)
cfn=(4920)
calls=401 0 
0 47494
0 3609
cfn=(6772) tonic::codec::encode::finish_encoding
calls=401 0 
0 9223
0 6015
cfn=(6630)
calls=401 0 
0 43077
0 4411
cfn=(6860)
calls=401 0 
0 5213
0 15238

fn=(6776)
0 99047
cfn=(6778) <h2::proto::streams::prioritize::Prioritize>::try_assign_capacity
calls=802 0 
0 107067
0 22055

fn=(6778)
0 237793
cfn=(6820) <h2::proto::streams::stream::Stream>::notify_capacity
calls=802 0 
0 21253
0 72180
cfn=(6858)
calls=802 0 
0 39202
0 20852

fn=(6786) <h2::proto::streams::send::Send>::poll_capacity
0 14580
cfn=(6312)
calls=405 0 
0 2835
0 2835
cfn=(6780)
calls=405 0 
0 3240
0 3645

fn=(6814) <mio::sys::unix::waker::Waker>::wake
0 6968
cob=(2)
cfi=(2)
cfn=(6816)
calls=536 0 
0 31624
0 6968

fn=(6820)
0 10827
cfn=(6350) tokio::runtime::task::waker::wake_by_val
calls=401 0 
0 8020
0 2406

fn=(6824)
0 316374
cfn=(7258) <h2::proto::streams::store::Ptr>::unlink
calls=1204 0 
0 62972
0 194886
cfn=(7260) <h2::proto::streams::store::Ptr>::remove
calls=802 0 
0 267257
0 73784

fn=(6826)
0 22857
cfn=(6828) <h2::frame::headers::HeaderBlock>::into_encoding
calls=1203 0 
0 2790737
0 7218
cfn=(6854) <h2::frame::head::Head>::encode::<bytes::buf::limit::Limit<&mut bytes::bytes_mut::BytesMut>>
calls=1203 0 
0 271878
0 38496
cob=(2)
cfi=(2)
cfn=(4536)
calls=1203 0 
0 16725
0 75789

fn=(6850) core::ptr::drop_glue::<h2::frame::headers::Pseudo>
0 46115

fn=(6852) core::ptr::drop_glue::<http::header::map::IntoIter<http::header::value::HeaderValue>>
0 38496
cfn=(6596)
calls=1203 0 
0 15639
0 4812
cob=(2)
cfi=(2)
cfn=(4920)
calls=1203 0 
0 88980
0 12030
cfn=(6598)
calls=1203 0 
0 21654
0 12832
cfn=(6596)
calls=401 0 
0 5213
0 4812
cfn=(6598)
calls=401 0 
0 7218

fn=(6880) core::ptr::drop_glue::<tonic::codec::encode::EncodeBody<tonic_prost::codec::ProstEncoder<devloop::echo::EchoRequest>, tokio_stream::stream_ext::map::Map<tokio_stream::once::Once<devloop::echo::EchoRequest>, core::result::Result<devloop::echo::EchoRequest, tonic::status::Status>::Ok>>>
0 10426

fn=(6884)
0 41064
cfn=(6886) <alloc::sync::Arc<tokio::runtime::scheduler::multi_thread::handle::Handle> as tokio::runtime::task::Schedule>::release
calls=805 0 
0 55706
0 8949
cfn=(7272) core::ptr::drop_glue::<tokio::runtime::task::core::Cell<core::pin::Pin<alloc::boxed::Box<dyn core::future::future::Future<Output = ()> + core::marker::Send>>, alloc::sync::Arc<tokio::runtime::scheduler::multi_thread::handle::Handle>>>
calls=47 0 
0 1222
0 94
cob=(2)
cfi=(2)
cfn=(4920)
calls=47 0 
0 4103
0 6440

fn=(6886)
0 111456

fn=(6888)
0 26466
cfn=(6890)
calls=1203 0 
0 29273
0 27669

fn=(6948) <http::uri::authority::Authority>::from_shared
0 89423

fn=(6954) <http::uri::path::PathAndQuery>::from_shared
0 135538

fn=(6978)
0 13634
cfn=(6606)
calls=802 0 
0 19248
0 47318

fn=(7008) <core::iter::adapters::GenericShunt<core::iter::adapters::map::Map<core::iter::adapters::filter::Filter<core::iter::adapters::filter::Filter<matchit::params::ParamsIter, axum::routing::url_params::insert_url_params::{closure#0}>, axum::routing::url_params::insert_url_params::{closure#1}>, axum::routing::url_params::insert_url_params::{closure#2}>, core::result::Result<core::convert::Infallible, alloc::sync::Arc<str>>> as core::iter::traits::iterator::Iterator>::next
0 12030
cfn=(7010)
calls=802 0 
0 101940
0 11228
cfn=(7012) <percent_encoding::PercentDecode>::decode_utf8
calls=401 0 
0 108356
0 6416
cob=(2)
cfi=(2)
cfn=(4210)
calls=401 0 
0 20317
0 7207
cob=(2)
cfi=(2)
cfn=(4536)
calls=400 0 
0 4800
0 9
cob=(2)
cfi=(2)
cfn=(4536)
calls=1 0 
0 12
0 4010
cob=(2)
cfi=(2)
cfn=(4210)
calls=401 0 
0 18489
0 6407
cob=(2)
cfi=(2)
cfn=(4536)
calls=400 0 
0 5600
0 7
cob=(2)
cfi=(2)
cfn=(4536)
calls=1 0 
0 14
0 8421

fn=(7020)
0 6817
cob=(2)
cfi=(2)
cfn=(4536)
calls=401 0 
0 11629
0 7619

fn=(7026) <tonic::transport::server::SvcFuture<tonic::service::recover_error::ResponseFuture<tower::util::either::EitherResponseFuture<tower::load_shed::future::ResponseFuture<tower::util::either::EitherResponseFuture<tower::limit::concurrency::future::ResponseFuture<tonic::transport::service::grpc_timeout::ResponseFuture<tonic::service::router::RoutesFuture>>, tonic::transport::service::grpc_timeout::ResponseFuture<tonic::service::router::RoutesFuture>>>, tower::util::either::EitherResponseFuture<tower::limit::concurrency::future::ResponseFuture<tonic::transport::service::grpc_timeout::ResponseFuture<tonic::service::router::RoutesFuture>>, tonic::transport::service::grpc_timeout::ResponseFuture<tonic::service::router::RoutesFuture>>>>> as core::future::future::Future>::poll
0 19504
cfn=(7028) <tonic::service::router::RoutesFuture as core::future::future::Future>::poll
calls=848 0 
0 4773391
0 20326
cfn=(7052)
calls=401 0 
0 4812
0 3208
cob=(2)
cfi=(2)
cfn=(4210)
calls=401 0 
0 16441
0 22697

fn=(7032) <tower::util::map_future::MapFuture<axum::util::MapIntoResponse<tower::util::map_request::MapRequest<devloop::echo::echo_server::EchoServer<devloop::TonicEchod>, <tonic::service::router::Routes>::add_service<devloop::echo::echo_server::EchoServer<devloop::TonicEchod>>::{closure#0}>>, <tower::util::boxed_clone_sync::BoxCloneSyncService<http::request::Request<axum_core::body::Body>, http::response::Response<axum_core::body::Body>, core::convert::Infallible>>::new<axum::util::MapIntoResponse<tower::util::map_request::MapRequest<devloop::echo::echo_server::EchoServer<devloop::TonicEchod>, <tonic::service::router::Routes>::add_service<devloop::echo::echo_server::EchoServer<devloop::TonicEchod>>::{closure#0}>>>::{closure#0}> as tower_service::Service<http::request::Request<axum_core::body::Body>>>::call
0 3208
cfn=(7034)
calls=401 0 
0 88881
0 2807
cob=(2)
cfi=(2)
cfn=(4210)
calls=401 0 
0 39850
0 20850
cob=(2)
cfi=(2)
cfn=(4536)
calls=401 0 
0 11629
0 1203
cob=(2)
cfi=(2)
cfn=(4210)
calls=401 0 
0 161529
0 4806
cob=(2)
cfi=(2)
cfn=(4536)
calls=400 0 
0 78174
0 4
cob=(2)
cfi=(2)
cfn=(4536)
calls=1 0 
0 196
0 802

fn=(7040) core::ptr::drop_glue::<tower::util::oneshot::State<tower::util::boxed_clone_sync::BoxCloneSyncService<http::request::Request<axum_core::body::Body>, http::response::Response<axum_core::body::Body>, core::convert::Infallible>, http::request::Request<axum_core::body::Body>>>
0 13233
cfn=(7108)
calls=401 0 
0 89319
0 3208
cfn=(7042)
calls=401 0 
0 1604
0 1604
cob=(2)
cfi=(2)
cfn=(4920)
calls=401 0 
0 28099
0 4411
cob=(2)
cfi=(2)
cfn=(4920)
calls=401 0 
0 29273
0 2406

fn=(7076) <h2::proto::streams::recv::Recv>::release_capacity
0 44511
cfn=(7078) <h2::proto::streams::recv::Recv>::release_connection_capacity
calls=1203 0 
0 37293
0 68571

fn=(7116) <h2::share::RecvStream as core::ops::drop::Drop>::drop
0 51328
cfn=(6790)
calls=802 0 
0 15238
0 20852

fn=(7132) core::ptr::drop_glue::<<<devloop::echo::echo_server::EchoServer<_> as tower_service::Service<http::request::Request<_>>>::call::UnarySvc<devloop::TonicEchod> as tonic::server::service::UnaryService<devloop::echo::EchoRequest>>::call::{closure#0}>
0 6817

fn=(7136) core::ptr::drop_glue::<<tonic::server::grpc::Grpc<tonic_prost::codec::ProstCodec<devloop::echo::EchoReply, devloop::echo::EchoRequest>>>::server_streaming<<devloop::echo::echo_server::EchoServer<_> as tower_service::Service<http::request::Request<_>>>::call::ServerStreamSvc<devloop::TonicEchod>, tonic::body::Body>::{closure#0}>
0 7619

fn=(7196) <tokio::sync::mpsc::list::Tx<core::result::Result<pbrs_grpc::codec::prost::Message<pbrs_adoption_corpus::prost_types::EntityList>, tonic::status::Status>>>::find_block
0 44110

fn=(7228)
0 20852
cfn=(6852)
calls=401 0 
0 30075
0 3208

fn=(7262) core::ptr::drop_glue::<h2::proto::streams::stream::Stream>
0 4812
cfn=(6740) core::ptr::drop_glue::<h2::proto::streams::state::Inner>
calls=802 0 
0 6416
0 4010
cfn=(6780)
calls=802 0 
0 158987
0 8020

fn=(7288) core::ptr::drop_glue::<<tonic::transport::channel::service::connection::SendRequest as tower_service::Service<http::request::Request<tonic::body::Body>>>::call::{closure#0}>
0 5213

fn=(7534) <std::sys::sync::mutex::futex::Mutex>::lock_contended
0 1506
cob=(2)
cfi=(2)
cfn=(6426)
calls=2 0 
0 22
0 10

fn=(7566) <u64 as itoa::Unsigned>::fmt
0 378

fn=(7598) <tokio::runtime::task::core::Core<devloop::rpc_tonic_unary::{closure#0}::{closure#0}, alloc::sync::Arc<tokio::runtime::scheduler::current_thread::Handle>>>::set_stage
0 76
cfn=(7600)
calls=1 0 
0 1028
0 19
cob=(2)
cfi=(2)
cfn=(4536)
calls=3 0 
0 624
0 36

fn=(7642) core::ptr::drop_glue::<h2::proto::connection::Connection<hyper::common::io::compat::Compat<hyper_util::common::rewind::Rewind<hyper_util::rt::tokio::TokioIo<tonic::transport::server::service::io::ServerIo<tokio::net::tcp::stream::TcpStream>>>>, h2::server::Peer, hyper::proto::h2::SendBuf<bytes::bytes::Bytes>>>
0 10
cfn=(7644) <h2::proto::streams::streams::DynStreams<hyper::proto::h2::SendBuf<bytes::bytes::Bytes>>>::recv_eof
calls=1 0 
0 896
0 2
cfn=(7662)
calls=1 0 
0 6890
0 2
cfn=(7668) core::ptr::drop_glue::<h2::hpack::decoder::Decoder>
calls=1 0 
0 3057
0 2
cfn=(7670) core::ptr::drop_glue::<core::option::Option<h2::codec::framed_read::Partial>>
calls=1 0 
0 10
0 6
cfn=(7672) core::ptr::drop_glue::<h2::proto::connection::ConnectionInner<h2::client::Peer, hyper::proto::h2::SendBuf<bytes::bytes::Bytes>>>
calls=1 0 
0 1097

fn=(7644)
0 84
cfn=(7646) <core::io::error::Error>::new::<&str>
calls=2 0 
0 380
0 6
cfn=(7648) <h2::proto::error::Error as core::convert::From<core::io::error::Error>>::from
calls=2 0 
0 978
0 66
cfn=(7658)
calls=2 0 
0 212
0 66

fn=(7664)
0 10
cfn=(7666) core::ptr::drop_glue::<h2::hpack::encoder::Encoder>
calls=2 0 
0 6651
0 24
cob=(2)
cfi=(2)
cfn=(4920)
calls=2 0 
0 343
0 20

fn=(7686) <alloc::sync::Arc<h2::proto::streams::streams::SendBuffer<hyper::proto::h2::SendBuf<bytes::bytes::Bytes>>>>::drop_slow
0 77
cob=(2)
cfi=(2)
cfn=(4920)
calls=2 0 
0 399
0 26
cob=(2)
cfi=(2)
cfn=(4920)
calls=2 0 
0 138

fn=(7688)
0 54
cob=(2)
cfi=(2)
cfn=(4920)
calls=2 0 
0 242

fn=(7694) tokio::runtime::task::raw::shutdown::<core::pin::Pin<alloc::boxed::Box<dyn core::future::future::Future<Output = ()> + core::marker::Send>>, alloc::sync::Arc<tokio::runtime::scheduler::multi_thread::handle::Handle>>
0 57
cfn=(7696) tokio::runtime::task::harness::cancel_task::<core::pin::Pin<alloc::boxed::Box<dyn core::future::future::Future<Output = ()> + core::marker::Send>>, alloc::sync::Arc<tokio::runtime::scheduler::current_thread::Handle>>
calls=3 0 
0 15737
0 15
cfn=(6884)
calls=3 0 
0 482

fn=(7732) core::ptr::drop_glue::<tower::util::map_future::MapFuture<tonic::transport::channel::service::add_origin::AddOrigin<tonic::transport::channel::service::user_agent::UserAgent<tonic::transport::service::grpc_timeout::GrpcTimeout<tower::util::either::Either<tower::limit::concurrency::service::ConcurrencyLimit<tower::util::either::Either<tower::limit::rate::service::RateLimit<tonic::transport::channel::service::reconnect::Reconnect<tonic::transport::channel::service::connection::MakeSendRequestService<tonic::transport::channel::service::connector::Connector<hyper_util::client::legacy::connect::http::HttpConnector>>, http::uri::Uri>>, tonic::transport::channel::service::reconnect::Reconnect<tonic::transport::channel::service::connection::MakeSendRequestService<tonic::transport::channel::service::connector::Connector<hyper_util::client::legacy::connect::http::HttpConnector>>, http::uri::Uri>>>, tower::util::either::Either<tower::limit::rate::service::RateLimit<tonic::transport::channel::service::reconnect::Reconnect<tonic::transport::channel::service::connection::MakeSendRequestService<tonic::transport::channel::service::connector::Connector<hyper_util::client::legacy::connect::http::HttpConnector>>, http::uri::Uri>>, tonic::transport::channel::service::reconnect::Reconnect<tonic::transport::channel::service::connection::MakeSendRequestService<tonic::transport::channel::service::connector::Connector<hyper_util::client::legacy::connect::http::HttpConnector>>, http::uri::Uri>>>>>>, <tower::util::boxed::sync::BoxService<http::request::Request<tonic::body::Body>, http::response::Response<tonic::body::Body>, alloc::boxed::Box<dyn core::error::Error + core::marker::Send + core::marker::Sync>>>::new<tonic::transport::channel::service::add_origin::AddOrigin<tonic::transport::channel::service::user_agent::UserAgent<tonic::transport::service::grpc_timeout::GrpcTimeout<tower::util::either::Either<tower::limit::concurrency::service::ConcurrencyLimit<tower::util::either::Either<tower::limit::rate::service::RateLimit<tonic::transport::channel::service::reconnect::Reconnect<tonic::transport::channel::service::connection::MakeSendRequestService<tonic::transport::channel::service::connector::Connector<hyper_util::client::legacy::connect::http::HttpConnector>>, http::uri::Uri>>, tonic::transport::channel::service::reconnect::Reconnect<tonic::transport::channel::service::connection::MakeSendRequestService<tonic::transport::channel::service::connector::Connector<hyper_util::client::legacy::connect::http::HttpConnector>>, http::uri::Uri>>>, tower::util::either::Either<tower::limit::rate::service::RateLimit<tonic::transport::channel::service::reconnect::Reconnect<tonic::transport::channel::service::connection::MakeSendRequestService<tonic::transport::channel::service::connector::Connector<hyper_util::client::legacy::connect::http::HttpConnector>>, http::uri::Uri>>, tonic::transport::channel::service::reconnect::Reconnect<tonic::transport::channel::service::connection::MakeSendRequestService<tonic::transport::channel::service::connector::Connector<hyper_util::client::legacy::connect::http::HttpConnector>>, http::uri::Uri>>>>>>>::{closure#0}>>
0 5
cfn=(7734)
calls=1 0 
0 1141
0 5
cfn=(5786)
calls=1 0 
0 1
0 12
cfn=(5776)
calls=1 0 
0 252

fn=(7742) <alloc::sync::Arc<dyn core::error::Error + core::marker::Send + core::marker::Sync>>::drop_slow
0 27
cob=(2)
cfi=(2)
cfn=(4920)
calls=1 0 
0 117

fn=(7756)
0 492

fn=(7760)
0 20
cfn=(7762) core::ptr::drop_glue::<tokio::runtime::task::core::Cell<tokio::runtime::blocking::task::BlockingTask<<tokio::runtime::scheduler::multi_thread::worker::Launch>::launch::{closure#0}>, tokio::runtime::blocking::schedule::BlockingSchedule>>
calls=4 0 
0 104
0 20
cob=(2)
cfi=(2)
cfn=(4920)
calls=4 0 
0 260

fn=(7768) <&mut tokio::sync::oneshot::Receiver<()> as core::future::future::Future>::poll
0 71
cfn=(6422)
calls=1 0 
0 5
0 32
cfn=(7954) <alloc::sync::Arc<tokio::sync::oneshot::Inner<()>>>::drop_slow
calls=1 0 
0 93
0 18

fn=(7926) <tokio::runtime::driver::Driver>::shutdown
0 89
cfn=(6354) <tokio::runtime::time::handle::Handle>::process_at_time
calls=1 0 
0 141
0 101
cfn=(5298) <alloc::raw_vec::RawVec<usize>>::grow_one
calls=1 0 
0 112
0 64
cfn=(6348)
calls=3 0 
0 201
0 12
cfn=(7928) <alloc::sync::Arc<tokio::runtime::io::scheduled_io::ScheduledIo>>::drop_slow
calls=3 0 
0 470
0 7
cfn=(7930) core::ptr::drop_glue::<alloc::vec::into_iter::IntoIter<alloc::sync::Arc<tokio::runtime::io::scheduled_io::ScheduledIo>>>
calls=1 0 
0 92
0 32

fn=(7956) <std::thread::lifecycle::JoinInner<()>>::join
0 36
cob=(2)
cfi=(2)
cfn=(7958) pthread_join
calls=4 0 
0 536
0 84
cfn=(8014)
calls=4 0 
0 968
0 20
cfn=(8016) <alloc::sync::Arc<std::thread::lifecycle::Packet<()>>>::drop_slow
calls=4 0 
0 632
0 32

fn=(8020) <alloc::sync::Arc<tokio::runtime::blocking::pool::Inner>>::drop_slow
0 6
cfn=(8022) core::ptr::drop_glue::<tokio::runtime::blocking::pool::Inner>
calls=1 0 
0 283
0 9
cob=(2)
cfi=(2)
cfn=(4920)
calls=1 0 
0 65

fn=(6520) <h2::client::Connection<hyper::common::io::compat::Compat<tonic::transport::channel::service::io::BoxedIo>, hyper::proto::h2::SendBuf<bytes::bytes::Bytes>>>::set_target_window_size
0 25
cfn=(6496) <h2::proto::streams::recv::Recv>::set_target_connection_window
calls=1 0 
0 43
0 16

fn=(6802)
0 6416

fn=(6810) <tonic::transport::channel::service::connection::SendRequest as tower_service::Service<http::request::Request<tonic::body::Body>>>::call::{closure#0}
0 14629
cob=(2)
cfi=(2)
cfn=(4536)
calls=401 0 
0 11629
0 27524
cfn=(6422)
calls=388 0 
0 1940
0 12999
cob=(2)
cfi=(2)
cfn=(4536)
calls=401 0 
0 11629
0 3182
cob=(2)
cfi=(2)
cfn=(4536)
calls=401 0 
0 11629
0 2314
cfn=(7268)
calls=355 0 
0 180893
0 2807
cob=(2)
cfi=(2)
cfn=(4536)
calls=401 0 
0 11629
0 4359
cob=(2)
cfi=(2)
cfn=(4536)
calls=401 0 
0 11629
0 802
cfn=(7274)
calls=401 0 
0 4812
0 4010
cob=(2)
cfi=(2)
cfn=(4536)
calls=401 0 
0 11629
0 3208
cob=(2)
cfi=(2)
cfn=(4536)
calls=401 0 
0 11629
0 20722
cfn=(6982)
calls=401 0 
0 24863
0 5614
cob=(2)
cfi=(2)
cfn=(4210)
calls=401 0 
0 30561
0 11226

fn=(4172) std::rt::lang_start_internal
0 37
cob=(2)
cfi=(2)
cfn=(4174) poll
calls=1 0 
0 28
0 37
cob=(2)
cfi=(2)
cfn=(4188) signal
calls=1 0 
0 124
0 4
cob=(2)
cfi=(2)
cfn=(4194) sysconf
calls=1 0 
0 52
0 8
cob=(2)
cfi=(2)
cfn=(4198) pthread_self
calls=1 0 
0 2
0 3
cob=(2)
cfi=(2)
cfn=(4200) pthread_getattr_np
calls=1 0 
0 98306
0 11
cob=(2)
cfi=(2)
cfn=(5010) pthread_attr_getstack
calls=1 0 
0 8
0 6
cob=(2)
cfi=(2)
cfn=(5012) pthread_attr_destroy
calls=1 0 
0 144
0 35
cob=(2)
cfi=(2)
cfn=(4190) sigaction
calls=1 0 
0 68
0 8
cfn=(5014) std::sys::pal::unix::stack_overflow::imp::make_handler
calls=1 0 
0 240
0 5
cfn=(5024)
calls=1 0 
0 482
0 8
cob=(2)
cfi=(2)
cfn=(4190)
calls=1 0 
0 68
0 4
cob=(2)
cfi=(2)
cfn=(4190)
calls=1 0 
0 68
0 12
cob=(2)
cfi=(2)
cfn=(4190)
calls=1 0 
0 68
0 7
cfn=(5036) std::rt::lang_start::<()>::{closure#0}
calls=1 0 
0 7515939
0 5
cob=(2)
cfi=(2)
cfn=(5034)
calls=1 0 
0 3
0 22
cfn=(8032) <std::sys::sync::once::futex::Once>::call
calls=1 0 
0 155
0 1

fn=(4146) 0x0000000000259220
0 12

fn=(5114) std::thread::functions::available_parallelism
0 10
cob=(2)
cfi=(2)
cfn=(4210)
calls=1 0 
0 187
0 51
cfn=(5116)
calls=1 0 
0 109
0 6
cfn=(5120) std::fs::buffer_capacity_required
calls=1 0 
0 166
0 11
cfn=(5128)
calls=1 0 
0 221
0 4
cob=(2)
cfi=(2)
cfn=(5132)
calls=1 0 
0 30
0 117
cob=(2)
cfi=(2)
cfn=(4920)
calls=1 0 
0 65
0 15
cob=(2)
cfi=(2)
cfn=(5164) sched_getaffinity
calls=1 0 
0 40
0 158
cob=(2)
cfi=(2)
cfn=(4210)
calls=1 0 
0 187
0 10
cob=(2)
cfi=(2)
cfn=(4210)
calls=1 0 
0 190
0 37
cfn=(5134) std::sys::fs::metadata
calls=1 0 
0 252
0 4
cfn=(5136) <std::path::PathBuf>::pop
calls=1 0 
0 425
0 13
cfn=(5144)
calls=1 0 
0 1143
0 7
cfn=(5144)
calls=1 0 
0 901
0 33
cob=(2)
cfi=(2)
cfn=(4536)
calls=1 0 
0 10
0 66
cfn=(5116)
calls=1 0 
0 109
0 10
cfn=(5160) <&std::fs::File as alloc::io::read::Read>::read_to_string
calls=1 0 
0 574
0 4
cob=(2)
cfi=(2)
cfn=(5132)
calls=1 0 
0 30
0 4
cfn=(5136)
calls=1 0 
0 359
0 2
cfn=(5136)
calls=1 0 
0 331
0 395
cob=(2)
cfi=(2)
cfn=(4920)
calls=1 0 
0 65
0 4
cob=(2)
cfi=(2)
cfn=(4920)
calls=1 0 
0 65
0 2

fn=(5298)
0 45
cfn=(5300)
calls=3 0 
0 413
0 27

fn=(5306) <alloc::sync::Arc<tokio::runtime::scheduler::multi_thread::park::Inner>>::drop_slow
0 27
cfn=(7944) <alloc::sync::Arc<tokio::runtime::scheduler::multi_thread::park::Shared>>::drop_slow
calls=1 0 
0 324
0 35
cob=(2)
cfi=(2)
cfn=(4920)
calls=5 0 
0 325

fn=(5396) <alloc::raw_vec::RawVec<tokio::runtime::blocking::pool::Task>>::grow_one
0 15
cfn=(5300)
calls=1 0 
0 257
0 9

fn=(5666) <tokio::runtime::runtime::Runtime>::enter
0 17
cfn=(5668)
calls=1 0 
0 33
0 13

fn=(5698)
0 36
cfn=(5344)
calls=3 0 
0 87
0 75
cfn=(5700) <tokio::runtime::io::registration_set::RegistrationSet>::allocate
calls=3 0 
0 1734
0 75
cob=(2)
cfi=(2)
cfn=(5174) epoll_ctl
calls=3 0 
0 18
0 45

fn=(5730)
0 175
cfn=(5732) <core::fmt::Formatter>::pad_integral::write_prefix
calls=5 0 
0 105
0 80
cfn=(5718)
calls=5 0 
0 216

fn=(5770)
0 15
cob=(2)
cfi=(2)
cfn=(4210)
calls=1 0 
0 229
0 16
cfn=(5058)
calls=1 0 
0 76
0 10
cob=(2)
cfi=(2)
cfn=(4210)
calls=1 0 
0 187
0 10
cob=(2)
cfi=(2)
cfn=(4536)
calls=1 0 
0 10
0 5
cfn=(5776)
calls=1 0 
0 148
0 11
cob=(2)
cfi=(2)
cfn=(4210)
calls=1 0 
0 41
0 10
cob=(2)
cfi=(2)
cfn=(4536)
calls=1 0 
0 10
0 13
cfn=(5778) <http::uri::Uri>::from_shared
calls=1 0 
0 741
0 4
cob=(2)
cfi=(2)
cfn=(4920)
calls=1 0 
0 65
0 36
cfn=(5788) <tonic::transport::channel::endpoint::Endpoint>::new_uri
calls=1 0 
0 207
0 10

fn=(5830) http::uri::authority::host
0 19
cfn=(5832) <core::str::iter::SplitInternal<char>>::next_back
calls=1 0 
0 202
0 83

fn=(5846) <hyper_util::client::legacy::connect::http::ConnectingTcpRemote>::connect::{closure#0}
0 74
cfn=(5848) hyper_util::client::legacy::connect::http::connect
calls=1 0 
0 166
0 17
cob=(2)
cfi=(2)
cfn=(4536)
calls=1 0 
0 52
0 14
cob=(2)
cfi=(2)
cfn=(4536)
calls=1 0 
0 52
0 27
cfn=(5850)
calls=1 0 
0 1009
0 5
cfn=(5850)
calls=1 0 
0 162
0 22
cfn=(6452) core::ptr::drop_glue::<hyper_util::client::legacy::connect::http::connect::{closure#0}>
calls=1 0 
0 10
0 60

fn=(6188) <tower::util::map_future::MapFuture<axum::util::MapIntoResponse<axum::routing::not_found::NotFound>, <tower::util::boxed_clone_sync::BoxCloneSyncService<http::request::Request<axum_core::body::Body>, http::response::Response<axum_core::body::Body>, core::convert::Infallible>>::new<axum::util::MapIntoResponse<axum::routing::not_found::NotFound>>::{closure#0}> as tower::util::boxed_clone_sync::CloneService<http::request::Request<axum_core::body::Body>>>::clone_box
0 3

fn=(6198) axum::routing::path_router::validate_path
0 520

fn=(6226)
0 14
cfn=(6228) <alloc::raw_vec::RawVec<matchit::tree::Node<axum::routing::RouteId>>>::grow_one
calls=1 0 
0 270
0 9
cob=(2)
cfi=(2)
cfn=(4536)
calls=1 0 
0 29
0 23
cfn=(6228)
calls=1 0 
0 270
0 9
cob=(2)
cfi=(2)
cfn=(4536)
calls=1 0 
0 29
0 9

fn=(6228)
0 30
cfn=(5300)
calls=2 0 
0 492
0 18

fn=(6240)
0 88
cfn=(5718)
calls=2 0 
0 316
cfn=(7576)
calls=1 0 
0 109
cfn=(5718)
calls=1 0 
0 40

fn=(6348)
0 127104
cfn=(6446) tokio::runtime::park::wake
calls=1 0 
0 63
cfn=(6350)
calls=1657 0 
0 149651
0 28838

fn=(6396) <hyper::server::conn::http2::Builder<hyper_util::rt::tokio::TokioExecutor>>::serve_connection::<hyper_util::service::glue::TowerToHyperService<tower::util::map_request::MapRequest<tower::util::boxed_clone::BoxCloneService<http::request::Request<tonic::body::Body>, http::response::Response<tonic::body::Body>, alloc::boxed::Box<dyn core::error::Error + core::marker::Send + core::marker::Sync>>, <tonic::transport::server::Server>::serve_internal<tonic::service::router::Routes, tonic::transport::server::incoming::TcpIncoming, core::future::ready::Ready<()>, tokio::net::tcp::stream::TcpStream, core::io::error::Error, tonic::body::Body>::{closure#0}::{closure#1}>>, hyper_util::common::rewind::Rewind<hyper_util::rt::tokio::TokioIo<tonic::transport::server::service::io::ServerIo<tokio::net::tcp::stream::TcpStream>>>, tonic::body::Body>
0 85
cfn=(6398) <h2::server::Connection<hyper::common::io::compat::Compat<hyper_util::common::rewind::Rewind<hyper_util::rt::tokio::TokioIo<tonic::transport::server::service::io::ServerIo<tokio::net::tcp::stream::TcpStream>>>>, hyper::proto::h2::SendBuf<bytes::bytes::Bytes>>>::handshake2
calls=1 0 
0 1823
0 12
cob=(2)
cfi=(2)
cfn=(4536)
calls=1 0 
0 148
0 29

fn=(6404)
0 273

fn=(6466) hyper::proto::h2::client::new_builder
0 69

fn=(6470)
0 18
cfn=(6310)
calls=1 0 
0 60
0 17
cob=(2)
cfi=(2)
cfn=(6472) send
calls=1 0 
0 59
0 20

fn=(6484)
0 46
cfn=(6486) <h2::proto::streams::flow_control::FlowControl>::inc_window
calls=2 0 
0 38
0 82
cfn=(6486)
calls=2 0 
0 38
0 30
cob=(2)
cfi=(2)
cfn=(4536)
calls=2 0 
0 58
0 74
cob=(2)
cfi=(2)
cfn=(4536)
calls=2 0 
0 128
0 68
cob=(2)
cfi=(2)
cfn=(4210)
calls=2 0 
0 504
0 20
cob=(2)
cfi=(2)
cfn=(4536)
calls=2 0 
0 176
0 18

fn=(6496)
0 86

fn=(6510) <h2::proto::streams::prioritize::Prioritize>::reclaim_frame::<hyper::common::io::compat::Compat<hyper_util::common::rewind::Rewind<hyper_util::rt::tokio::TokioIo<tonic::transport::server::service::io::ServerIo<tokio::net::tcp::stream::TcpStream>>>>, hyper::proto::h2::SendBuf<bytes::bytes::Bytes>>
0 119374
cfn=(7094)
calls=401 0 
0 161165
0 68657

fn=(8036) <std::sync::once_lock::OnceLock<std::sync::reentrant_lock::ReentrantLock<core::cell::RefCell<alloc::io::buffered::linewriter::LineWriter<std::io::stdio::StdoutRaw>>>>>::initialize::<<std::sync::once_lock::OnceLock<std::sync::reentrant_lock::ReentrantLock<core::cell::RefCell<alloc::io::buffered::linewriter::LineWriter<std::io::stdio::StdoutRaw>>>>>::get_or_init<std::io::stdio::cleanup::{closure#0}>::{closure#0}, !>
0 20
cfn=(8033) <std::sys::sync::once::futex::Once>::call'2
calls=1 0 
0 63
0 3

fn=(6562)
0 29802
cfn=(6564) <tonic::transport::channel::Channel as tower_service::Service<http::request::Request<tonic::body::Body>>>::poll_ready
calls=401 0 
0 148369
0 19235
cfn=(6580)
calls=401 0 
0 233845
0 2807
cob=(2)
cfi=(2)
cfn=(4536)
calls=401 0 
0 11629
0 2406
cob=(2)
cfi=(2)
cfn=(4536)
calls=401 0 
0 11629
0 28820
cfn=(6586) <tonic::client::grpc::Grpc<tonic::transport::channel::Channel>>::streaming::<tokio_stream::once::Once<devloop::echo::EchoRequest>, devloop::echo::EchoRequest, devloop::echo::EchoReply, tonic_prost::codec::ProstCodec<devloop::echo::EchoRequest, devloop::echo::EchoReply>>::{closure#0}
calls=1190 0 
0 2433391
0 4372
cfn=(7322) core::ptr::drop_glue::<<tonic::client::grpc::Grpc<tonic::transport::channel::Channel>>::streaming<tokio_stream::once::Once<devloop::echo::EchoRequest>, devloop::echo::EchoRequest, devloop::echo::EchoReply, tonic_prost::codec::ProstCodec<devloop::echo::EchoRequest, devloop::echo::EchoReply>>::{closure#0}>
calls=401 0 
0 5213
0 2807
cob=(2)
cfi=(2)
cfn=(4536)
calls=401 0 
0 25664
0 802
cfn=(7324)
calls=401 0 
0 5213
0 3609
cob=(2)
cfi=(2)
cfn=(4536)
calls=401 0 
0 25664
0 13879

fn=(6570) tokio_util::sync::mpsc::make_acquire_future::<tower::buffer::message::Message<http::request::Request<tonic::body::Body>, core::pin::Pin<alloc::boxed::Box<dyn core::future::future::Future<Output = core::result::Result<http::response::Response<tonic::body::Body>, alloc::boxed::Box<dyn core::error::Error + core::marker::Send + core::marker::Sync>>> + core::marker::Send>>>>::{closure#0}
0 23258
cfn=(6572) <tokio::sync::batch_semaphore::Acquire as core::future::future::Future>::poll
calls=401 0 
0 30075
0 2005
cfn=(6578) core::ptr::drop_glue::<<tokio::sync::mpsc::bounded::Sender<tower::buffer::message::Message<http::request::Request<tonic::body::Body>, core::pin::Pin<alloc::boxed::Box<dyn core::future::future::Future<Output = core::result::Result<http::response::Response<tonic::body::Body>, alloc::boxed::Box<dyn core::error::Error + core::marker::Send + core::marker::Sync>>> + core::marker::Send>>>>>::reserve_owned::{closure#0}>
calls=401 0 
0 5213
0 2807
cfn=(6574)
calls=401 0 
0 3609
0 4010
cfn=(6576) core::ptr::drop_glue::<<tokio::sync::mpsc::bounded::Sender<tower::buffer::message::Message<http::request::Request<tonic::body::Body>, core::pin::Pin<alloc::boxed::Box<dyn core::future::future::Future<Output = core::result::Result<http::response::Response<tonic::body::Body>, alloc::boxed::Box<dyn core::error::Error + core::marker::Send + core::marker::Sync>>> + core::marker::Send>>>>>::reserve_inner::{closure#0}>
calls=401 0 
0 3609
0 8020

fn=(6578)
0 5213

fn=(6590) <http::uri::Uri>::from_parts
0 66165

fn=(6636) <h2::proto::streams::send::Send>::apply_remote_settings::<hyper::proto::h2::SendBuf<bytes::bytes::Bytes>>
0 97

fn=(6652) <tonic::transport::channel::service::connection::MakeSendRequestService<tonic::transport::channel::service::connector::Connector<tonic::transport::channel::uds_connector::UdsConnector>> as tower_service::Service<http::uri::Uri>>::call::{closure#0}::{closure#0}
0 10392
cob=(2)
cfi=(2)
cfn=(4536)
calls=1 0 
0 29
0 4
cfn=(6654)
calls=1 0 
0 336
0 2394
cfn=(6654)
calls=798 0 
0 4084808
0 11985

fn=(6662)
0 28602
cfn=(6312)
calls=1589 0 
0 11123
0 16684
cfn=(6780)
calls=397 0 
0 3176
0 13109

fn=(6674) <tower::util::map_future::MapFuture<tonic::transport::channel::service::add_origin::AddOrigin<tonic::transport::channel::service::user_agent::UserAgent<tonic::transport::service::grpc_timeout::GrpcTimeout<tower::util::either::Either<tower::limit::concurrency::service::ConcurrencyLimit<tower::util::either::Either<tower::limit::rate::service::RateLimit<tonic::transport::channel::service::reconnect::Reconnect<tonic::transport::channel::service::connection::MakeSendRequestService<tonic::transport::channel::service::connector::Connector<hyper_util::client::legacy::connect::http::HttpConnector>>, http::uri::Uri>>, tonic::transport::channel::service::reconnect::Reconnect<tonic::transport::channel::service::connection::MakeSendRequestService<tonic::transport::channel::service::connector::Connector<hyper_util::client::legacy::connect::http::HttpConnector>>, http::uri::Uri>>>, tower::util::either::Either<tower::limit::rate::service::RateLimit<tonic::transport::channel::service::reconnect::Reconnect<tonic::transport::channel::service::connection::MakeSendRequestService<tonic::transport::channel::service::connector::Connector<hyper_util::client::legacy::connect::http::HttpConnector>>, http::uri::Uri>>, tonic::transport::channel::service::reconnect::Reconnect<tonic::transport::channel::service::connection::MakeSendRequestService<tonic::transport::channel::service::connector::Connector<hyper_util::client::legacy::connect::http::HttpConnector>>, http::uri::Uri>>>>>>, <tower::util::boxed::sync::BoxService<http::request::Request<tonic::body::Body>, http::response::Response<tonic::body::Body>, alloc::boxed::Box<dyn core::error::Error + core::marker::Send + core::marker::Sync>>>::new<tonic::transport::channel::service::add_origin::AddOrigin<tonic::transport::channel::service::user_agent::UserAgent<tonic::transport::service::grpc_timeout::GrpcTimeout<tower::util::either::Either<tower::limit::concurrency::service::ConcurrencyLimit<tower::util::either::Either<tower::limit::rate::service::RateLimit<tonic::transport::channel::service::reconnect::Reconnect<tonic::transport::channel::service::connection::MakeSendRequestService<tonic::transport::channel::service::connector::Connector<hyper_util::client::legacy::connect::http::HttpConnector>>, http::uri::Uri>>, tonic::transport::channel::service::reconnect::Reconnect<tonic::transport::channel::service::connection::MakeSendRequestService<tonic::transport::channel::service::connector::Connector<hyper_util::client::legacy::connect::http::HttpConnector>>, http::uri::Uri>>>, tower::util::either::Either<tower::limit::rate::service::RateLimit<tonic::transport::channel::service::reconnect::Reconnect<tonic::transport::channel::service::connection::MakeSendRequestService<tonic::transport::channel::service::connector::Connector<hyper_util::client::legacy::connect::http::HttpConnector>>, http::uri::Uri>>, tonic::transport::channel::service::reconnect::Reconnect<tonic::transport::channel::service::connection::MakeSendRequestService<tonic::transport::channel::service::connector::Connector<hyper_util::client::legacy::connect::http::HttpConnector>>, http::uri::Uri>>>>>>>::{closure#0}> as tower_service::Service<http::request::Request<tonic::body::Body>>>::call
0 8421
cob=(2)
cfi=(2)
cfn=(4536)
calls=401 0 
0 11629
0 13233
cfn=(5786)
calls=401 0 
0 401
0 9624
cfn=(5802)
calls=401 0 
0 4010
0 13233
cfn=(6590)
calls=401 0 
0 22456
0 7619
cob=(2)
cfi=(2)
cfn=(4536)
calls=401 0 
0 11629
0 4010
cfn=(5792) bytes::bytes::static_clone
calls=401 0 
0 2807
0 4812
cfn=(6602)
calls=401 0 
0 66967
0 3208
cob=(2)
cfi=(2)
cfn=(4536)
calls=401 0 
0 11629
0 1203
cfn=(6676)
calls=401 0 
0 123909
0 6416
cfn=(6684)
calls=401 0 
0 349425
0 11228
cob=(2)
cfi=(2)
cfn=(4210)
calls=401 0 
0 103390
0 4806
cob=(2)
cfi=(2)
cfn=(4536)
calls=400 0 
0 25504
0 4
cob=(2)
cfi=(2)
cfn=(4536)
calls=1 0 
0 64
0 2005
cob=(2)
cfi=(2)
cfn=(4210)
calls=401 0 
0 17062
0 7216

fn=(6676)
0 5614
cfn=(6678) <http::header::map::HeaderMap>::get::<&str>
calls=802 0 
0 236590
0 5614

fn=(6678)
0 19248
cfn=(6680)
calls=1604 0 
0 280700
0 201703

fn=(6692) tokio::runtime::park::wake_by_ref
0 790
cfn=(6448) <tokio::runtime::park::Inner>::unpark
calls=790 0 
0 40290

fn=(6714) <h2::frame::headers::Pseudo>::set_scheme
0 15639

fn=(6736) <http::header::map::HeaderMap>::contains_key::<&str>
0 28872
cfn=(6680)
calls=2406 0 
0 368118
0 287918

fn=(6782)
0 76041

fn=(6874) <h2::proto::streams::streams::OpaqueStreamRef as core::ops::drop::Drop>::drop
0 247818
cfn=(6876) h2::proto::streams::streams::maybe_cancel
calls=2406 0 
0 62556
0 66566
cfn=(6790)
calls=802 0 
0 15238
0 8019
cfn=(6350)
calls=400 0 
0 119600
0 28470
cfn=(6616)
calls=802 0 
0 4812
0 8822
cfn=(6824)
calls=802 0 
0 233269
0 9624
cfn=(6824)
calls=1604 0 
0 88268
0 45714

fn=(6944) <h2::proto::streams::recv::Recv>::recv_headers
0 50125
cfn=(6740)
calls=401 0 
0 1604
0 1203
cfn=(6740)
calls=401 0 
0 1604
0 39699
cfn=(6738)
calls=802 0 
0 74586
0 8822
cob=(2)
cfi=(2)
cfn=(4536)
calls=802 0 
0 23258
0 12832
cob=(2)
cfi=(2)
cfn=(4536)
calls=401 0 
0 11629
0 2005
cfn=(6946) <h2::server::Peer as h2::proto::peer::Peer>::convert_poll_message
calls=401 0 
0 516087
0 26065
cfn=(6594)
calls=401 0 
0 19649
0 12030
cfn=(6850)
calls=401 0 
0 9223
0 44912
cob=(2)
cfi=(2)
cfn=(4536)
calls=802 0 
0 23258
0 6416
cfn=(6956) <slab::Slab<h2::proto::streams::buffer::Slot<h2::proto::streams::recv::Event>>>::insert_at
calls=802 0 
0 42382
0 18847
cfn=(6350)
calls=401 0 
0 36491
0 3208
cfn=(6960) <h2::proto::streams::store::Queue<h2::proto::streams::stream::NextAccept>>::push
calls=401 0 
0 19649
0 4812

fn=(6958) <alloc::raw_vec::RawVec<slab::Entry<h2::proto::streams::buffer::Slot<h2::proto::streams::recv::Event>>>>::grow_one
0 30
cfn=(5300)
calls=2 0 
0 626
0 18

fn=(6960)
0 19649

fn=(6980)
0 22456

fn=(7046) <devloop::echo::echo_server::EchoServer<devloop::TonicEchod> as tower_service::Service<http::request::Request<tonic::body::Body>>>::call::{closure#1}
0 19136
cob=(2)
cfi=(2)
cfn=(4536)
calls=401 0 
0 11629
0 9190
cob=(2)
cfi=(2)
cfn=(4536)
calls=401 0 
0 11629
0 2406
cob=(2)
cfi=(2)
cfn=(4536)
calls=401 0 
0 11629
0 2807
cfn=(7048)
calls=401 0 
0 936700
0 2235
cfn=(7048)
calls=447 0 
0 1474933
0 11458
cfn=(7120)
calls=401 0 
0 7619
0 11629
cob=(2)
cfi=(2)
cfn=(4536)
calls=401 0 
0 11629
0 1203
cob=(2)
cfi=(2)
cfn=(4210)
calls=401 0 
0 16610
0 5207
cob=(2)
cfi=(2)
cfn=(4536)
calls=400 0 
0 11600
0 4
cob=(2)
cfi=(2)
cfn=(4536)
calls=1 0 
0 29
0 4102
cfn=(7122) <<devloop::echo::echo_server::EchoServer<_> as tower_service::Service<http::request::Request<_>>>::call::ServerStreamSvc<devloop::TonicEchod> as tonic::server::service::ServerStreamingService<devloop::echo::EchoRequest>>::call::{closure#0}
calls=401 0 
0 1003202
0 11458
cfn=(7132)
calls=401 0 
0 6817
0 1604
cob=(2)
cfi=(2)
cfn=(4920)
calls=401 0 
0 28473
0 2406
cfn=(7134)
calls=401 0 
0 352159
0 17243
cfn=(7136)
calls=401 0 
0 7619
0 16546

fn=(7058)
0 219715

fn=(7096) <h2::proto::streams::state::State>::recv_close
0 12832
cfn=(6740)
calls=401 0 
0 1604
0 4411
cfn=(6740)
calls=401 0 
0 1604
0 5614

fn=(7122)
0 8421
cob=(2)
cfi=(2)
cfn=(4536)
calls=401 0 
0 11629
0 1604
cob=(2)
cfi=(2)
cfn=(4210)
calls=401 0 
0 16441
0 4806
cob=(2)
cfi=(2)
cfn=(4536)
calls=400 0 
0 11600
0 4
cob=(2)
cfi=(2)
cfn=(4536)
calls=1 0 
0 29
0 3208
cfn=(7124)
calls=401 0 
0 900612
0 4010
cfn=(7130) core::ptr::drop_glue::<<devloop::TonicEchod as devloop::echo::echo_server::Echo>::server_stream::{closure#0}>
calls=401 0 
0 3609
0 1604
cob=(2)
cfi=(2)
cfn=(4920)
calls=401 0 
0 30412
0 5213

fn=(7146) core::ptr::drop_glue::<axum::routing::route::RouteFuture<core::convert::Infallible>>
0 10025

fn=(7210)
0 5614
cfn=(7212) <tokio::sync::batch_semaphore::Semaphore>::close
calls=401 0 
0 14035
0 8020
cfn=(7214)
calls=401 0 
0 13233
0 10827
cfn=(7180)
calls=401 0 
0 11629
0 4010
cfn=(7180)
calls=401 0 
0 11629
0 5614
cfn=(7216) <alloc::sync::Arc<tokio::sync::mpsc::chan::Chan<core::result::Result<devloop::echo::EchoReply, tonic::status::Status>, tokio::sync::mpsc::bounded::Semaphore>>>::drop_slow
calls=401 0 
0 98231

fn=(7248)
0 8421
cob=(2)
cfi=(2)
cfn=(4536)
calls=401 0 
0 11629
0 2005
cfn=(7250) <tokio::sync::oneshot::Sender<core::result::Result<http::response::Response<hyper::body::incoming::Incoming>, hyper::error::Error>>>::send
calls=401 0 
0 57553
0 1604
cfn=(7252) core::ptr::drop_glue::<hyper::client::dispatch::Callback<http::request::Request<tonic::body::Body>, http::response::Response<hyper::body::incoming::Incoming>>>
calls=401 0 
0 10426
0 2406

fn=(7284)
0 5614
cfn=(7286) core::ptr::drop_glue::<tower::util::either::EitherResponseFuture<tonic::transport::channel::service::reconnect::ResponseFuture<core::pin::Pin<alloc::boxed::Box<dyn core::future::future::Future<Output = core::result::Result<http::response::Response<tonic::body::Body>, alloc::boxed::Box<dyn core::error::Error + core::marker::Send + core::marker::Sync>>> + core::marker::Send>>>, tonic::transport::channel::service::reconnect::ResponseFuture<core::pin::Pin<alloc::boxed::Box<dyn core::future::future::Future<Output = core::result::Result<http::response::Response<tonic::body::Body>, alloc::boxed::Box<dyn core::error::Error + core::marker::Send + core::marker::Sync>>> + core::marker::Send>>>>>
calls=401 0 
0 101815

fn=(7572) std::io::stdio::print_to_buffer_if_capture_used
0 20

fn=(7608)
0 81
cob=(2)
cfi=(2)
cfn=(5174)
calls=3 0 
0 18
0 150
cob=(2)
cfi=(2)
cfn=(5132)
calls=3 0 
0 183
0 27
cfn=(7610) core::ptr::drop_glue::<tokio::runtime::io::registration::Registration>
calls=3 0 
0 213

fn=(7630)
0 13

fn=(7646)
0 26
cob=(2)
cfi=(2)
cfn=(4210)
calls=2 0 
0 82
0 20
cob=(2)
cfi=(2)
cfn=(4536)
calls=2 0 
0 22
0 4
cob=(2)
cfi=(2)
cfn=(4210)
calls=2 0 
0 82
0 22
cob=(2)
cfi=(2)
cfn=(4210)
calls=2 0 
0 82
0 40

fn=(7668)
0 68
cfn=(6834)
calls=2 0 
0 578
0 44
cfn=(6834)
calls=22 0 
0 6740
0 84
cob=(2)
cfi=(2)
cfn=(4920)
calls=2 0 
0 1477
0 24
cob=(2)
cfi=(2)
cfn=(4920)
calls=2 0 
0 1712
0 18
cob=(2)
cfi=(2)
cfn=(4920)
calls=2 0 
0 246

fn=(7678) core::ptr::drop_glue::<std::sync::poison::mutex::Mutex<h2::proto::streams::streams::Inner>>
0 22
cfn=(7680) core::ptr::drop_glue::<h2::proto::streams::streams::Actions>
calls=2 0 
0 436
0 4
cfn=(7684) core::ptr::drop_glue::<slab::Slab<h2::proto::streams::stream::Stream>>
calls=2 0 
0 452
0 16
cob=(2)
cfi=(2)
cfn=(4920)
calls=2 0 
0 138
0 14
cob=(2)
cfi=(2)
cfn=(4920)
calls=2 0 
0 196

fn=(7684)
0 77
cob=(2)
cfi=(2)
cfn=(4920)
calls=2 0 
0 375

fn=(7692) core::ptr::drop_glue::<tokio::runtime::task::core::Cell<tonic::transport::server::serve_connection<tonic::body::Body, hyper_util::rt::tokio::TokioIo<tonic::transport::server::service::io::ServerIo<tokio::net::tcp::stream::TcpStream>>, hyper_util::service::glue::TowerToHyperService<tower::util::map_request::MapRequest<tower::util::boxed_clone::BoxCloneService<http::request::Request<tonic::body::Body>, http::response::Response<tonic::body::Body>, alloc::boxed::Box<dyn core::error::Error + core::marker::Send + core::marker::Sync>>, <tonic::transport::server::Server>::serve_internal<tonic::service::router::Routes, tonic::transport::server::incoming::TcpIncoming, core::future::ready::Ready<()>, tokio::net::tcp::stream::TcpStream, core::io::error::Error, tonic::body::Body>::{closure#0}::{closure#1}>>, hyper_util::rt::tokio::TokioExecutor>::{closure#0}, alloc::sync::Arc<tokio::runtime::scheduler::multi_thread::handle::Handle>>>
0 26

fn=(7728) core::ptr::drop_glue::<tokio::sync::mpsc::bounded::Receiver<tower::buffer::message::Message<http::request::Request<tonic::body::Body>, core::pin::Pin<alloc::boxed::Box<dyn core::future::future::Future<Output = core::result::Result<http::response::Response<tonic::body::Body>, alloc::boxed::Box<dyn core::error::Error + core::marker::Send + core::marker::Sync>>> + core::marker::Send>>>>>
0 15
cfn=(7212)
calls=1 0 
0 35
0 20
cfn=(7214)
calls=1 0 
0 33
0 27
cfn=(6670) <tokio::sync::mpsc::list::Rx<tower::buffer::message::Message<http::request::Request<tonic::body::Body>, core::pin::Pin<alloc::boxed::Box<dyn core::future::future::Future<Output = core::result::Result<http::response::Response<tonic::body::Body>, alloc::boxed::Box<dyn core::error::Error + core::marker::Send + core::marker::Sync>>> + core::marker::Send>>>>>::pop
calls=1 0 
0 29
0 9
cfn=(6670)
calls=1 0 
0 29
0 7
cfn=(7730)
calls=1 0 
0 489
0 8

fn=(7736)
0 5
cfn=(7738) core::ptr::drop_glue::<tonic::transport::channel::service::connection::MakeSendRequestService<tonic::transport::channel::service::connector::Connector<hyper_util::client::legacy::connect::http::HttpConnector>>>
calls=1 0 
0 392
0 2
cfn=(5820)
calls=1 0 
0 685
0 2
cfn=(5806)
calls=1 0 
0 29
0 7

fn=(7746) core::ptr::drop_glue::<tokio::sync::mpsc::unbounded::UnboundedSender<hyper::client::dispatch::Envelope<http::request::Request<tonic::body::Body>, http::response::Response<hyper::body::incoming::Incoming>>>>
0 48
cfn=(7748) <alloc::sync::Arc<tokio::sync::mpsc::chan::Chan<hyper::client::dispatch::Envelope<http::request::Request<tonic::body::Body>, http::response::Response<hyper::body::incoming::Incoming>>, tokio::sync::mpsc::unbounded::Semaphore>>>::drop_slow
calls=1 0 
0 486

fn=(7748)
0 28
cob=(2)
cfi=(2)
cfn=(4920)
calls=1 0 
0 197
0 2
cob=(2)
cfi=(2)
cfn=(4920)
calls=1 0 
0 173
0 21
cob=(2)
cfi=(2)
cfn=(4920)
calls=1 0 
0 65

fn=(7938)
0 6
cfn=(7940) core::ptr::drop_glue::<tokio::runtime::scheduler::multi_thread::handle::Handle>
calls=1 0 
0 2972
0 9
cob=(2)
cfi=(2)
cfn=(4920)
calls=1 0 
0 65

fn=(8022)
0 10
cfn=(8024) core::ptr::drop_glue::<alloc::collections::vec_deque::VecDeque<tokio::runtime::blocking::pool::Task>>
calls=1 0 
0 101
0 14
cfn=(8028) <alloc::sync::Arc<dyn core::ops::function::Fn<(), Output = ()> + core::marker::Send + core::marker::Sync>>::drop_slow
calls=1 0 
0 144
0 14

fn=(5038) std::sys::backtrace::__rust_begin_short_backtrace::<fn(), ()>
0 2
cfn=(5040)
calls=1 0 
0 7515929
0 2

fn=(5068)
0 45
cfn=(5070) std::sys::random::linux::getrandom
calls=5 0 
0 689
0 25

fn=(5162)
0 42
cob=(2)
cfi=(2)
cfn=(5130)
calls=2 0 
0 56
0 31
cob=(2)
cfi=(2)
cfn=(4536)
calls=1 0 
0 12
0 26

fn=(5222) <tokio::util::rand::rt::RngSeedGenerator>::next_seed
0 693

fn=(5632) <hashbrown::raw::RawTable<(usize, std::thread::join_handle::JoinHandle<()>)>>::reserve_rehash::<hashbrown::map::make_hasher<usize, std::thread::join_handle::JoinHandle<()>, std::hash::random::RandomState>::{closure#0}>
0 108
cob=(2)
cfi=(2)
cfn=(4210)
calls=2 0 
0 242
0 40
cob=(2)
cfi=(2)
cfn=(4972)
calls=2 0 
0 20
0 53
cfn=(5630)
calls=3 0 
0 438
0 149
cob=(2)
cfi=(2)
cfn=(4920)
calls=1 0 
0 65
0 1

fn=(5662)
0 495

fn=(5668)
0 198

fn=(5722)
0 23
cfn=(5717)
calls=1 0 
0 1575
0 4

fn=(5736)
0 40
cfn=(5300)
calls=2 0 
0 505
0 182
cfn=(5300)
calls=9 0 
0 2127
0 46242
cfn=(5300)
calls=2007 0 
0 257909
0 18103
cfn=(5300)
calls=2 0 
0 170
0 18

fn=(5792)
0 8463

fn=(5794)
0 37
cfn=(5796) <tonic::transport::channel::endpoint::Endpoint>::http_connector
calls=1 0 
0 490
0 5
cfn=(5800)
calls=1 0 
0 343
0 6
cob=(2)
cfi=(2)
cfn=(4536)
calls=1 0 
0 88
0 5
cob=(2)
cfi=(2)
cfn=(4536)
calls=1 0 
0 88
0 22
cob=(2)
cfi=(2)
cfn=(4536)
calls=1 0 
0 76
0 16
cob=(2)
cfi=(2)
cfn=(4536)
calls=1 0 
0 88
0 11
cob=(2)
cfi=(2)
cfn=(4536)
calls=1 0 
0 88
0 39
cob=(2)
cfi=(2)
cfn=(4210)
calls=1 0 
0 251
0 72
cob=(2)
cfi=(2)
cfn=(4536)
calls=1 0 
0 29
0 10
cfn=(5790)
calls=1 0 
0 71
0 4
cob=(2)
cfi=(2)
cfn=(4536)
calls=1 0 
0 29
0 289
cob=(2)
cfi=(2)
cfn=(4536)
calls=1 0 
0 76
0 4
cob=(2)
cfi=(2)
cfn=(4536)
calls=1 0 
0 76
0 14
cfn=(5790)
calls=1 0 
0 71
0 4
cob=(2)
cfi=(2)
cfn=(4536)
calls=1 0 
0 76
0 59
cfn=(5786)
calls=1 0 
0 1
0 10
cob=(2)
cfi=(2)
cfn=(4536)
calls=1 0 
0 76
0 4
cob=(2)
cfi=(2)
cfn=(4536)
calls=1 0 
0 76
0 24
cob=(2)
cfi=(2)
cfn=(4210)
calls=1 0 
0 193
0 10
cob=(2)
cfi=(2)
cfn=(4536)
calls=1 0 
0 76
0 23
cfn=(5804)
calls=1 0 
0 80
0 9
cfn=(5808) <tower::util::map_future::MapFuture<tonic::transport::channel::service::add_origin::AddOrigin<tonic::transport::channel::service::user_agent::UserAgent<tonic::transport::service::grpc_timeout::GrpcTimeout<tower::util::either::Either<tower::limit::concurrency::service::ConcurrencyLimit<tower::util::either::Either<tower::limit::rate::service::RateLimit<tonic::transport::channel::service::reconnect::Reconnect<tonic::transport::channel::service::connection::MakeSendRequestService<tonic::transport::channel::service::connector::Connector<hyper_util::client::legacy::connect::http::HttpConnector>>, http::uri::Uri>>, tonic::transport::channel::service::reconnect::Reconnect<tonic::transport::channel::service::connection::MakeSendRequestService<tonic::transport::channel::service::connector::Connector<hyper_util::client::legacy::connect::http::HttpConnector>>, http::uri::Uri>>>, tower::util::either::Either<tower::limit::rate::service::RateLimit<tonic::transport::channel::service::reconnect::Reconnect<tonic::transport::channel::service::connection::MakeSendRequestService<tonic::transport::channel::service::connector::Connector<hyper_util::client::legacy::connect::http::HttpConnector>>, http::uri::Uri>>, tonic::transport::channel::service::reconnect::Reconnect<tonic::transport::channel::service::connection::MakeSendRequestService<tonic::transport::channel::service::connector::Connector<hyper_util::client::legacy::connect::http::HttpConnector>>, http::uri::Uri>>>>>>, <tower::util::boxed::sync::BoxService<http::request::Request<tonic::body::Body>, http::response::Response<tonic::body::Body>, alloc::boxed::Box<dyn core::error::Error + core::marker::Send + core::marker::Sync>>>::new<tonic::transport::channel::service::add_origin::AddOrigin<tonic::transport::channel::service::user_agent::UserAgent<tonic::transport::service::grpc_timeout::GrpcTimeout<tower::util::either::Either<tower::limit::concurrency::service::ConcurrencyLimit<tower::util::either::Either<tower::limit::rate::service::RateLimit<tonic::transport::channel::service::reconnect::Reconnect<tonic::transport::channel::service::connection::MakeSendRequestService<tonic::transport::channel::service::connector::Connector<hyper_util::client::legacy::connect::http::HttpConnector>>, http::uri::Uri>>, tonic::transport::channel::service::reconnect::Reconnect<tonic::transport::channel::service::connection::MakeSendRequestService<tonic::transport::channel::service::connector::Connector<hyper_util::client::legacy::connect::http::HttpConnector>>, http::uri::Uri>>>, tower::util::either::Either<tower::limit::rate::service::RateLimit<tonic::transport::channel::service::reconnect::Reconnect<tonic::transport::channel::service::connection::MakeSendRequestService<tonic::transport::channel::service::connector::Connector<hyper_util::client::legacy::connect::http::HttpConnector>>, http::uri::Uri>>, tonic::transport::channel::service::reconnect::Reconnect<tonic::transport::channel::service::connection::MakeSendRequestService<tonic::transport::channel::service::connector::Connector<hyper_util::client::legacy::connect::http::HttpConnector>>, http::uri::Uri>>>>>>>::{closure#0}> as tower_service::Service<http::request::Request<tonic::body::Body>>>::poll_ready
calls=1 0 
0 4066
0 4
cfn=(5808)
calls=1 0 
0 10862
0 39
cfn=(6546)
calls=1 0 
0 1369
0 10
cob=(2)
cfi=(2)
cfn=(4536)
calls=1 0 
0 64
0 4
cob=(2)
cfi=(2)
cfn=(4210)
calls=1 0 
0 238
0 15
cob=(2)
cfi=(2)
cfn=(4536)
calls=1 0 
0 64
0 4
cfn=(6526)
calls=1 0 
0 897
0 46
cfn=(6556)
calls=1 0 
0 17
0 32

fn=(5804)
0 16
cfn=(5806)
calls=2 0 
0 58
0 6
cfn=(5806)
calls=2 0 
0 61
0 22

fn=(5806)
0 77
cfn=(5786)
calls=1 0 
0 1
cfn=(6558)
calls=1 0 
0 12
cfn=(5776)
calls=5 0 
0 45
0 56
cfn=(5786)
calls=1 0 
0 1
cfn=(5786)
calls=6 0 
0 6
0 4411
cfn=(5786)
calls=401 0 
0 401
0 3208
cfn=(5786)
calls=401 0 
0 401

fn=(5808)
0 8054
cfn=(5810)
calls=403 0 
0 54570
0 4434

fn=(5820)
0 29
cfn=(6542) core::ptr::drop_glue::<<tonic::transport::channel::service::connection::MakeSendRequestService<tonic::transport::channel::service::connector::Connector<tonic::transport::channel::uds_connector::UdsConnector>> as tower_service::Service<http::uri::Uri>>::call::{closure#0}>
calls=1 0 
0 19
0 7
cob=(2)
cfi=(2)
cfn=(4920)
calls=1 0 
0 170
0 10
cfn=(7744) <alloc::sync::Arc<want::Inner>>::drop_slow
calls=1 0 
0 131
0 6
cfn=(7746)
calls=1 0 
0 534

fn=(6048) <std::sys::thread_local::key::racy::LazyKey>::lazy_init
0 8
cob=(2)
cfi=(2)
cfn=(6050) pthread_key_create
calls=1 0 
0 17
0 9
cob=(2)
cfi=(2)
cfn=(6050)
calls=1 0 
0 26
0 5
cob=(2)
cfi=(2)
cfn=(6052) pthread_key_delete
calls=1 0 
0 15
0 13

fn=(6204)
0 1742

fn=(6246) <axum::routing::path_router::PathRouter<(), false>>::route_endpoint
0 16
cfn=(6198)
calls=1 0 
0 256
0 32
cob=(2)
cfi=(2)
cfn=(4210)
calls=1 0 
0 213
0 11
cob=(2)
cfi=(2)
cfn=(4536)
calls=1 0 
0 10
0 2
cob=(2)
cfi=(2)
cfn=(4210)
calls=1 0 
0 213
0 11
cob=(2)
cfi=(2)
cfn=(4536)
calls=1 0 
0 10
0 6
cfn=(6200) <matchit::escape::UnescapedRoute>::new
calls=1 0 
0 234
0 3
cfn=(6202) matchit::tree::normalize_params
calls=1 0 
0 434
0 42
cfn=(6206)
calls=1 0 
0 1310
0 7
cob=(2)
cfi=(2)
cfn=(4920)
calls=1 0 
0 73
0 15
cob=(2)
cfi=(2)
cfn=(4210)
calls=1 0 
0 41
0 16
cob=(2)
cfi=(2)
cfn=(4536)
calls=1 0 
0 10
0 4
cob=(2)
cfi=(2)
cfn=(4920)
calls=1 0 
0 73
0 12
cfn=(6210)
calls=1 0 
0 118
0 74
cfn=(6212)
calls=1 0 
0 82
0 5
cfn=(6212)
calls=1 0 
0 34
0 130
cob=(2)
cfi=(2)
cfn=(4536)
calls=1 0 
0 52
0 4
cfn=(6210)
calls=1 0 
0 118
0 42
cob=(2)
cfi=(2)
cfn=(4536)
calls=1 0 
0 52
0 23
cob=(2)
cfi=(2)
cfn=(4536)
calls=1 0 
0 64
0 34
cfn=(6222)
calls=1 0 
0 304
0 6
cfn=(6214) <hashbrown::raw::RawTable<(axum::routing::RouteId, alloc::sync::Arc<str>)>>::reserve_rehash::<hashbrown::map::make_hasher<axum::routing::RouteId, alloc::sync::Arc<str>, std::hash::random::RandomState>::{closure#0}>
calls=1 0 
0 326
0 6
cfn=(6218)
calls=1 0 
0 326
0 1

fn=(6282) <axum::routing::method_routing::MethodRouter>::with_state::<()>
0 116
cfn=(6284) <axum::boxed::MakeErasedHandler<tonic::service::router::unimplemented, ()> as axum::boxed::ErasedIntoRoute<(), core::convert::Infallible>>::into_route
calls=2 0 
0 182
0 110

fn=(6308) <tokio::net::tcp::listener::TcpListener>::poll_accept
0 45
cfn=(6310)
calls=3 0 
0 249
0 14
cfn=(6310)
calls=1 0 
0 129
0 23
cfn=(6358) <mio::net::tcp::listener::TcpListener>::accept
calls=2 0 
0 196
0 16
cfn=(6390)
calls=1 0 
0 8
0 32
cfn=(5698)
calls=1 0 
0 690
0 38

fn=(6350)
0 139558
cfn=(6352) tokio::runtime::task::raw::schedule::<alloc::sync::Arc<tokio::runtime::scheduler::multi_thread::handle::Handle>>
calls=3336 0 
0 299894
cfn=(6352)
calls=2344 0 
0 193916
0 58422

fn=(6354)
0 84952
cfn=(6342) <tokio::runtime::time::wheel::Wheel>::next_expiration
calls=2296 0 
0 64288
0 36800
cfn=(6342)
calls=2296 0 
0 64288
0 71176

fn=(6424) <tokio::runtime::park::Inner>::park
0 66696
cob=(2)
cfi=(2)
cfn=(6426)
calls=1191 0 
0 13101
0 40494

fn=(6452)
0 10

fn=(6454) core::ptr::drop_glue::<<hyper_util::client::legacy::connect::http::ConnectingTcpRemote>::connect::{closure#0}>
0 13

fn=(6486)
0 30685

fn=(6512) <h2::proto::streams::prioritize::Prioritize>::pop_pending_open
0 122566
cfn=(6644)
calls=6450 0 
0 50730
0 34989
cfn=(6350)
calls=401 0 
0 36491
0 65713

fn=(8054) <alloc::sync::Arc<tokio::runtime::park::Inner>>::drop_slow
0 6
cob=(2)
cfi=(2)
cfn=(4920)
calls=1 0 
0 117

fn=(6536)
0 75920
cob=(2)
cfi=(2)
cfn=(6426)
calls=1579 0 
0 17369
0 2680
cfn=(6814)
calls=536 0 
0 45560
0 3757

fn=(6542)
0 19

fn=(6584) <hashbrown::raw::RawTable<(core::any::TypeId, alloc::boxed::Box<dyn http::extensions::AnyClone + core::marker::Send + core::marker::Sync>)>>::reserve_rehash::<hashbrown::map::make_hasher<core::any::TypeId, alloc::boxed::Box<dyn http::extensions::AnyClone + core::marker::Send + core::marker::Sync>, core::hash::BuildHasherDefault<http::extensions::IdHasher>>::{closure#0}>
0 42506
cob=(2)
cfi=(2)
cfn=(4210)
calls=802 0 
0 118055
0 17612
cob=(2)
cfi=(2)
cfn=(4972)
calls=800 0 
0 8000
0 28
cob=(2)
cfi=(2)
cfn=(4972)
calls=2 0 
0 20
0 17644

fn=(6606)
0 704557

fn=(6622)
0 237942

fn=(6628) <tokio_util::codec::length_delimited::LengthDelimitedCodec as tokio_util::codec::decoder::Decoder>::decode
0 63114
cfn=(6630)
calls=2413 0 
0 106648
0 218120
cob=(2)
cfi=(2)
cfn=(4536)
calls=2413 0 
0 41021
0 100951
cfn=(6832) <bytes::bytes_mut::BytesMut>::reserve_inner
calls=457 0 
0 193556
0 51901

fn=(6632) h2::codec::framed_read::decode_frame
0 254401
cfn=(6894) <h2::frame::headers::HeaderBlock>::load
calls=1203 0 
0 2718260
0 72230
cob=(2)
cfi=(2)
cfn=(4536)
calls=1203 0 
0 34887
0 16842
cfn=(6934)
calls=1203 0 
0 10827
0 61353
cob=(2)
cfi=(2)
cfn=(4536)
calls=1203 0 
0 34887
0 9680
cob=(2)
cfi=(2)
cfn=(4536)
calls=1210 0 
0 35090
0 158474

fn=(6688) <tonic::transport::channel::service::connection::SendRequest as tower_service::Service<http::request::Request<tonic::body::Body>>>::call
0 6015
cob=(2)
cfi=(2)
cfn=(4210)
calls=401 0 
0 96580
0 4806
cob=(2)
cfi=(2)
cfn=(4536)
calls=400 0 
0 11600
0 4
cob=(2)
cfi=(2)
cfn=(4536)
calls=1 0 
0 29
0 3609
cob=(2)
cfi=(2)
cfn=(4536)
calls=401 0 
0 11629
0 5614
cob=(2)
cfi=(2)
cfn=(4536)
calls=401 0 
0 11629
0 5737
cob=(2)
cfi=(2)
cfn=(4210)
calls=1 0 
0 191
0 376
cob=(2)
cfi=(2)
cfn=(4536)
calls=12 0 
0 348
0 3501
cob=(2)
cfi=(2)
cfn=(4536)
calls=389 0 
0 11281
0 9223
cfn=(6350)
calls=401 0 
0 36491
0 2807
cob=(2)
cfi=(2)
cfn=(4536)
calls=401 0 
0 11629
0 1604
cob=(2)
cfi=(2)
cfn=(4210)
calls=401 0 
0 36575
0 4805
cob=(2)
cfi=(2)
cfn=(4536)
calls=400 0 
0 30354
0 5
cob=(2)
cfi=(2)
cfn=(4536)
calls=1 0 
0 76
0 4010

fn=(6702)
0 3208

fn=(6710)
0 11228
cfn=(6486)
calls=802 0 
0 15238
0 6416
cfn=(6486)
calls=802 0 
0 15238
0 29674

fn=(6722) <alloc::raw_vec::RawVec<slab::Entry<h2::proto::streams::stream::Stream>>>::grow_one
0 30
cfn=(5300)
calls=2 0 
0 563
0 18

fn=(6752)
0 25664

fn=(6754)
0 11228

fn=(6774)
0 34887
cfn=(6776)
calls=1203 0 
0 184861
0 20451

fn=(6834)
0 690
cfn=(6558)
calls=1 0 
0 138
cfn=(6900)
calls=1 0 
0 367
0 192
cfn=(5776)
calls=1 0 
0 268
cfn=(5786)
calls=1 0 
0 1
0 368
cfn=(5786)
calls=2 0 
0 2
cfn=(5786)
calls=3 0 
0 3
cfn=(5776)
calls=41 0 
0 10555
0 80172
cfn=(6558)
calls=801 0 
0 68842
cfn=(5786)
calls=803 0 
0 803
0 11216
cfn=(5786)
calls=400 0 
0 400
0 19232
cfn=(5776)
calls=383 0 
0 3447
cfn=(5786)
calls=800 0 
0 800
cfn=(5786)
calls=1200 0 
0 1200
cfn=(5786)
calls=21 0 
0 21
0 4010

fn=(6876)
0 62556

fn=(6902) <h2::frame::headers::HeaderBlock>::load::{closure#0}
0 156390
cfn=(6716)
calls=2005 0 
0 14035
0 25263
cfn=(6716)
calls=2005 0 
0 14035
0 52932
cfn=(6716)
calls=401 0 
0 2807
0 3208
cfn=(6716)
calls=1604 0 
0 11228
0 55338
cfn=(6932) <http::header::map::HeaderMap>::try_append2::<http::header::name::HeaderName>
calls=2406 0 
0 631342
0 52531
cfn=(6904) core::ptr::drop_glue::<core::option::Option<http::method::Method>>
calls=401 0 
0 1604
0 3208

fn=(6914)
0 59749
cfn=(5802)
calls=400 0 
0 4000
cfn=(5782)
calls=1 0 
0 252
0 8421
cfn=(6916) bytes::bytes_mut::shared_v_clone
calls=401 0 
0 4010
0 24862
cfn=(5802)
calls=1983 0 
0 19830
cfn=(5782)
calls=22 0 
0 2478
0 3609
cfn=(5802)
calls=400 0 
0 4000
cfn=(5782)
calls=1 0 
0 252
0 46917

fn=(6964) <h2::proto::streams::store::Store>::find_mut
0 36090

fn=(6966) <h2::proto::streams::recv::Recv>::recv_data
0 62155
cfn=(6968) <h2::proto::streams::recv::Recv>::consume_connection_window
calls=1203 0 
0 64160
0 47318
cfn=(6942)
calls=401 0 
0 6817
0 1604
cfn=(6970)
calls=401 0 
0 6817
0 1604
cfn=(7096)
calls=401 0 
0 13233
0 1604
cfn=(7098) core::ptr::drop_glue::<core::option::Option<h2::proto::error::Error>>
calls=401 0 
0 1604
0 16842
cfn=(6970)
calls=1203 0 
0 20451
0 4812
cfn=(6890)
calls=1203 0 
0 29273
0 4812
cfn=(6970)
calls=1203 0 
0 20451
0 32481
cfn=(6970)
calls=1203 0 
0 20451
0 6015
cfn=(6972) <h2::proto::streams::buffer::Deque>::push_back::<h2::proto::streams::recv::Event>
calls=1203 0 
0 133236
0 2406
cfn=(6970)
calls=1203 0 
0 20451
0 6850
cfn=(6446)
calls=388 0 
0 24444
cfn=(6350)
calls=447 0 
0 40677
0 3609

fn=(7054)
0 24980
cfn=(7056)
calls=1249 0 
0 3747
0 2406
cfn=(7056)
calls=802 0 
0 2406
0 10255
cfn=(7058)
calls=2051 0 
0 74178
0 13463
cfn=(7082)
calls=401 0 
0 311849
0 10209
cfn=(7060)
calls=1650 0 
0 920099
0 11997
cfn=(7102)
calls=401 0 
0 5614
0 15205

fn=(7066)
0 31251
cfn=(7178)
calls=1191 0 
0 1731422
cfn=(7068)
calls=1650 0 
0 648291
0 54210

fn=(7100) <h2::share::RecvStream>::poll_trailers
0 36892
cfn=(6790)
calls=802 0 
0 51328
0 4411
cfn=(6792) <h2::proto::streams::state::State>::ensure_recv_open
calls=401 0 
0 4812
0 36892

fn=(7140) <http_body_util::combinators::map_err::MapErr<tonic::codec::encode::EncodeBody<devloop::adoption_rpc::TonicCodec<pbrs_grpc::codec::prost::Message<pbrs_adoption_corpus::prost_types::EntityList>>, tokio_stream::once::Once<core::result::Result<pbrs_grpc::codec::prost::Message<pbrs_adoption_corpus::prost_types::EntityList>, tonic::status::Status>>>, <tonic::status::Status>::map_error<tonic::status::Status>> as http_body::Body>::is_end_stream
0 3208

fn=(7148) <http::header::map::HeaderMap>::try_entry2::<http::header::name::HeaderName>
0 4411
cfn=(6604)
calls=401 0 
0 10827
0 2406
cfn=(6606)
calls=401 0 
0 9624
0 17243

fn=(7150) <http::header::map::Entry<http::header::value::HeaderValue>>::or_try_insert_with::<hyper::common::date::update_and_header_value>
0 8822
cfn=(7152)
calls=401 0 
0 96442
0 30075

fn=(7154)
0 52
cfn=(5192)
calls=4 0 
0 104
0 48
cfn=(7156)
calls=4 0 
0 3610
0 152
cfn=(5308)
calls=4 0 
0 960
0 16

fn=(7170) <http_body_util::combinators::map_err::MapErr<tonic::body::Body, <axum_core::error::Error>::new<tonic::status::Status>> as http_body::Body>::size_hint
0 3208
cfn=(6702)
calls=401 0 
0 1604
0 1203

fn=(7226)
0 12030
cob=(2)
cfi=(2)
cfn=(4210)
calls=401 0 
0 55456
0 4805
cob=(2)
cfi=(2)
cfn=(4536)
calls=400 0 
0 4400
0 5
cob=(2)
cfi=(2)
cfn=(4536)
calls=1 0 
0 11
0 8421
cob=(2)
cfi=(2)
cfn=(4210)
calls=401 0 
0 16604
0 24057
cfn=(5802)
calls=400 0 
0 4000
cfn=(5782)
calls=1 0 
0 16
0 9624
cfn=(5802)
calls=400 0 
0 4000
cfn=(5782)
calls=1 0 
0 16
0 35288

fn=(7234)
0 30476
cfn=(7236) core::ptr::drop_glue::<hyper::proto::h2::server::H2Stream<hyper_util::service::glue::TowerToHyperServiceFuture<tower::util::map_request::MapRequest<tower::util::boxed_clone::BoxCloneService<http::request::Request<tonic::body::Body>, http::response::Response<tonic::body::Body>, alloc::boxed::Box<dyn core::error::Error + core::marker::Send + core::marker::Sync>>, <tonic::transport::server::Server>::serve_internal<tonic::service::router::Routes, tonic::transport::server::incoming::TcpIncoming, core::future::ready::Ready<()>, tokio::net::tcp::stream::TcpStream, core::io::error::Error, tonic::body::Body>::{closure#0}::{closure#1}>, http::request::Request<hyper::body::incoming::Incoming>>, tonic::body::Body, hyper_util::rt::tokio::TokioExecutor>>
calls=401 0 
0 413708
0 6015
cob=(2)
cfi=(2)
cfn=(4536)
calls=1203 0 
0 76812
0 14436

fn=(7246)
0 8822
cfn=(7234)
calls=401 0 
0 42063
0 2005
cfn=(6886)
calls=401 0 
0 27769
0 6817

fn=(7264)
0 2005
cfn=(7266) core::ptr::drop_glue::<tokio::runtime::task::core::Cell<hyper::proto::h2::server::H2Stream<hyper_util::service::glue::TowerToHyperServiceFuture<tower::util::map_request::MapRequest<tower::util::boxed_clone::BoxCloneService<http::request::Request<tonic::body::Body>, http::response::Response<tonic::body::Body>, alloc::boxed::Box<dyn core::error::Error + core::marker::Send + core::marker::Sync>>, <tonic::transport::server::Server>::serve_internal<tonic::service::router::Routes, tonic::transport::server::incoming::TcpIncoming, core::future::ready::Ready<()>, tokio::net::tcp::stream::TcpStream, core::io::error::Error, tonic::body::Body>::{closure#0}::{closure#1}>, http::request::Request<hyper::body::incoming::Incoming>>, tonic::body::Body, hyper_util::rt::tokio::TokioExecutor>, alloc::sync::Arc<tokio::runtime::scheduler::multi_thread::handle::Handle>>>
calls=401 0 
0 10426
0 2005
cob=(2)
cfi=(2)
cfn=(4920)
calls=401 0 
0 32384

fn=(7266)
0 10426

fn=(7272)
0 20930

fn=(7330) <h2::proto::streams::recv::Recv>::recv_trailers
0 11629
cfn=(7096)
calls=401 0 
0 12832
0 6416
cfn=(6850)
calls=401 0 
0 9223
0 12431
cfn=(6956)
calls=401 0 
0 20852
0 12335
cfn=(6446)
calls=12 0 
0 756
0 4010

fn=(7332)
0 43308
cfn=(7084)
calls=1604 0 
0 67368
0 27268
cfn=(7084)
calls=1604 0 
0 139949
0 16040
cfn=(6630)
calls=1604 0 
0 95837
0 4812
cfn=(7088)
calls=1604 0 
0 38496
0 4812
cfn=(7090)
calls=1604 0 
0 562005
0 32080

fn=(7562) <&mut serde_json::ser::Serializer<&mut alloc::vec::Vec<u8>> as serde_core::ser::Serializer>::serialize_str
0 2450
cob=(2)
cfi=(2)
cfn=(4536)
calls=21 0 
0 256
0 371
cfn=(5736)
calls=2 0 
0 1213
0 10

fn=(7564) <serde_json::ser::Compound<&mut alloc::vec::Vec<u8>, serde_json::ser::CompactFormatter> as serde_core::ser::SerializeStruct>::serialize_field::<u64>
0 439
cfn=(7562)
calls=17 0 
0 3046
0 3
cfn=(7562)
calls=1 0 
0 790
0 216
cfn=(7566)
calls=18 0 
0 378
0 252
cob=(2)
cfi=(2)
cfn=(4536)
calls=18 0 
0 265
0 198

fn=(7580)
0 10
cfn=(7582) core::ptr::drop_glue::<tokio::sync::mpsc::chan::Tx<tower::buffer::message::Message<http::request::Request<tonic::body::Body>, core::pin::Pin<alloc::boxed::Box<dyn core::future::future::Future<Output = core::result::Result<http::response::Response<tonic::body::Body>, alloc::boxed::Box<dyn core::error::Error + core::marker::Send + core::marker::Sync>>> + core::marker::Send>>>, tokio::sync::mpsc::bounded::Semaphore>>
calls=1 0 
0 22
0 2
cfn=(6568) core::ptr::drop_glue::<tokio_util::sync::mpsc::State<tower::buffer::message::Message<http::request::Request<tonic::body::Body>, core::pin::Pin<alloc::boxed::Box<dyn core::future::future::Future<Output = core::result::Result<http::response::Response<tonic::body::Body>, alloc::boxed::Box<dyn core::error::Error + core::marker::Send + core::marker::Sync>>> + core::marker::Send>>>>>
calls=1 0 
0 199
0 7
cfn=(6566) core::ptr::drop_glue::<tokio_util::sync::mpsc::make_acquire_future<tower::buffer::message::Message<http::request::Request<tonic::body::Body>, core::pin::Pin<alloc::boxed::Box<dyn core::future::future::Future<Output = core::result::Result<http::response::Response<tonic::body::Body>, alloc::boxed::Box<dyn core::error::Error + core::marker::Send + core::marker::Sync>>> + core::marker::Send>>>>::{closure#0}>
calls=1 0 
0 13
0 4
cob=(2)
cfi=(2)
cfn=(4920)
calls=1 0 
0 65
0 9

fn=(7590) core::ptr::drop_glue::<tokio::runtime::runtime::Runtime>
0 5
cfn=(7592) <tokio::runtime::runtime::Runtime as core::ops::drop::Drop>::drop
calls=1 0 
0 267
0 12
cfn=(7766) <tokio::runtime::blocking::pool::BlockingPool>::shutdown
calls=1 0 
0 3012
0 5
cfn=(8020)
calls=1 0 
0 363
0 6
cfn=(8030)
calls=1 0 
0 10

fn=(7640)
0 20
cob=(2)
cfi=(2)
cfn=(4920)
calls=2 0 
0 250
0 28
cfn=(7641) core::ptr::drop_glue::<matchit::tree::Node<axum::routing::RouteId>>'2
calls=2 0 
0 262
0 16
cob=(2)
cfi=(2)
cfn=(4920)
calls=2 0 
0 146
0 24

fn=(7641)
0 20
cob=(2)
cfi=(2)
cfn=(4920)
calls=2 0 
0 198
0 44

fn=(7648)
0 56
cfn=(7650) <<alloc::boxed::Box<dyn core::error::Error + core::marker::Send + core::marker::Sync> as core::convert::From<alloc::string::String>>::from::StringError as core::fmt::Display>::fmt
calls=2 0 
0 370
0 22
cfn=(7652) alloc::io::error::custom_owner_from_box::drop_box_raw::<core::io::error::Custom>
calls=2 0 
0 516
0 14

fn=(7670)
0 20

fn=(7672)
0 30
cfn=(7674) core::ptr::drop_glue::<h2::proto::streams::streams::Streams<hyper::proto::h2::SendBuf<bytes::bytes::Bytes>, h2::client::Peer>>
calls=2 0 
0 1132
0 14

fn=(7674)
0 132
cfn=(7676) <alloc::sync::Arc<std::sync::poison::mutex::Mutex<h2::proto::streams::streams::Inner>>>::drop_slow
calls=2 0 
0 1446
0 29
cfn=(7686)
calls=2 0 
0 640
0 8

fn=(7702) core::ptr::drop_glue::<futures_channel::oneshot::Sender<core::convert::Infallible>>
0 22
cfn=(6350)
calls=1 0 
0 153
0 19

fn=(7706) core::ptr::drop_glue::<tokio_util::codec::framed_read::FramedRead<h2::codec::framed_write::FramedWrite<hyper::common::io::compat::Compat<tonic::transport::channel::service::io::BoxedIo>, h2::proto::streams::prioritize::Prioritized<hyper::proto::h2::SendBuf<bytes::bytes::Bytes>>>, tokio_util::codec::length_delimited::LengthDelimitedCodec>>
0 14
cfn=(7708) core::ptr::drop_glue::<hyper_util::rt::tokio::TokioIo<tokio::net::tcp::stream::TcpStream>>
calls=1 0 
0 225
0 4
cob=(2)
cfi=(2)
cfn=(4920)
calls=1 0 
0 117
0 2
cfn=(7664)
calls=1 0 
0 740
0 12
cob=(2)
cfi=(2)
cfn=(4920)
calls=1 0 
0 202
0 7
cob=(2)
cfi=(2)
cfn=(4920)
calls=1 0 
0 125

fn=(7708)
0 1
cfn=(7608)
calls=1 0 
0 224

fn=(7738)
0 9
cfn=(7740) <alloc::sync::Arc<hyper_util::client::legacy::connect::http::Config>>::drop_slow
calls=1 0 
0 76
0 8
cfn=(7742)
calls=1 0 
0 144
0 11
cfn=(7688)
calls=1 0 
0 144

fn=(7744)
0 16
cob=(2)
cfi=(2)
cfn=(4920)
calls=1 0 
0 115

fn=(7758)
0 88
cfn=(7756)
calls=4 0 
0 160
0 56

fn=(7944)
0 4
cfn=(7946)
calls=1 0 
0 248
0 7
cob=(2)
cfi=(2)
cfn=(4920)
calls=1 0 
0 65

fn=(7952)
0 23
cob=(2)
cfi=(2)
cfn=(4920)
calls=1 0 
0 187

fn=(6526)
0 48300
cob=(2)
cfi=(2)
cfn=(5224)
calls=805 0 
0 479485
0 84915
cfn=(5708)
calls=805 0 
0 90406
0 10465

fn=(5036)
0 3
cfn=(5038)
calls=1 0 
0 7515933
0 3

fn=(5088) <tokio::runtime::builder::Builder>::build
0 19
cfn=(5090)
calls=1 0 
0 763
0 5
cfn=(5114)
calls=1 0 
0 6422
0 15
cfn=(5168) <tokio::runtime::driver::Driver>::new
calls=1 0 
0 3027
0 10
cob=(2)
cfi=(2)
cfn=(4536)
calls=1 0 
0 29
0 8
cob=(2)
cfi=(2)
cfn=(4536)
calls=1 0 
0 29
0 6
cfn=(5210)
calls=1 0 
0 607
0 9
cfn=(5222)
calls=1 0 
0 63
0 4
cfn=(5222)
calls=1 0 
0 63
0 6
cob=(2)
cfi=(2)
cfn=(4536)
calls=1 0 
0 29
0 57
cob=(2)
cfi=(2)
cfn=(4210)
calls=1 0 
0 190
0 22
cob=(2)
cfi=(2)
cfn=(4210)
calls=1 0 
0 190
0 42
cob=(2)
cfi=(2)
cfn=(4210)
calls=1 0 
0 190
0 25
cob=(2)
cfi=(2)
cfn=(4210)
calls=1 0 
0 190
0 31
cob=(2)
cfi=(2)
cfn=(5224)
calls=1 0 
0 338
0 97
cob=(2)
cfi=(2)
cfn=(4210)
calls=4 0 
0 684
0 32
cob=(2)
cfi=(2)
cfn=(4210)
calls=4 0 
0 760
0 116
cob=(2)
cfi=(2)
cfn=(4210)
calls=4 0 
0 760
0 72
cfn=(5192)
calls=4 0 
0 104
0 16
cfn=(5192)
calls=4 0 
0 104
0 44
cfn=(5222)
calls=4 0 
0 252
0 136
cob=(2)
cfi=(2)
cfn=(4210)
calls=4 0 
0 611
0 186
cob=(2)
cfi=(2)
cfn=(4210)
calls=1 0 
0 190
0 48
cob=(2)
cfi=(2)
cfn=(4210)
calls=1 0 
0 187
0 18
cob=(2)
cfi=(2)
cfn=(4972)
calls=1 0 
0 35
0 92
cob=(2)
cfi=(2)
cfn=(4536)
calls=1 0 
0 29
0 4
cob=(2)
cfi=(2)
cfn=(4210)
calls=1 0 
0 179
0 10
cob=(2)
cfi=(2)
cfn=(4536)
calls=1 0 
0 88
0 122
cob=(2)
cfi=(2)
cfn=(4210)
calls=4 0 
0 760
0 62
cfn=(5298)
calls=1 0 
0 261
0 7
cfn=(5302)
calls=1 0 
0 25
0 7
cfn=(5304) core::ptr::drop_glue::<alloc::vec::Vec<alloc::boxed::Box<tokio::runtime::scheduler::multi_thread::worker::Core>>>
calls=1 0 
0 89
0 5
cfn=(5306)
calls=1 0 
0 77
0 73
cfn=(5344)
calls=4 0 
0 116
0 156
cob=(2)
cfi=(2)
cfn=(5224)
calls=4 0 
0 1826
0 48
cob=(2)
cfi=(2)
cfn=(4536)
calls=4 0 
0 116
0 20
cfn=(5392) <tokio::runtime::blocking::pool::Spawner>::spawn_task
calls=4 0 
0 16182
0 65
cfn=(5658)
calls=1 0 
0 26
0 2
cfn=(5660) core::ptr::drop_glue::<tokio::runtime::scheduler::multi_thread::worker::Launch>
calls=1 0 
0 88
0 8
cfn=(5662)
calls=1 0 
0 45
0 9
cfn=(5308)
calls=1 0 
0 237
0 3

fn=(5120)
0 22
cfn=(5122)
calls=2 0 
0 247
0 20
cob=(2)
cfi=(2)
cfn=(5126) lseek
calls=2 0 
0 10
0 32

fn=(5142) <std::path::Components>::as_path
0 144
cfn=(5140)
calls=3 0 
0 233
0 36

fn=(5160)
0 12
cfn=(5120)
calls=1 0 
0 165
0 15
cfn=(5128)
calls=1 0 
0 250
0 9
cfn=(5058)
calls=1 0 
0 109
0 14

fn=(5192)
0 114612
cob=(2)
cfi=(2)
cfn=(5194) clock_gettime
calls=19102 0 
0 191020
0 191020

fn=(5392)
0 158
cfn=(5394) <alloc::collections::vec_deque::VecDeque<tokio::runtime::blocking::pool::Task>>::grow
calls=1 0 
0 297
0 154
cfn=(5428)
calls=4 0 
0 917
0 151
cfn=(5092)
calls=1 0 
0 818
0 55
cfn=(5468) <std::thread::thread::thread_name_string::ThreadNameString as core::convert::From<alloc::string::String>>::from
calls=4 0 
0 904
0 16
cob=(2)
cfi=(2)
cfn=(4210)
calls=4 0 
0 710
0 52
cfn=(5474)
calls=4 0 
0 809
0 24
cob=(2)
cfi=(2)
cfn=(4210)
calls=4 0 
0 839
0 164
cob=(2)
cfi=(2)
cfn=(4210)
calls=4 0 
0 802
0 92
cob=(2)
cfi=(2)
cfn=(4210)
calls=4 0 
0 731
0 48
cfn=(5498) <std::sys::thread::unix::Thread>::new
calls=4 0 
0 6401
0 48
cfn=(5630)
calls=4 0 
0 584
0 290
cfn=(5632)
calls=2 0 
0 1116
0 2

fn=(5688)
0 12
cob=(2)
cfi=(2)
cfn=(5690) socket
calls=1 0 
0 5
0 10
cob=(2)
cfi=(2)
cfn=(5692) setsockopt
calls=1 0 
0 6
0 17
cob=(2)
cfi=(2)
cfn=(5694) bind
calls=1 0 
0 5
0 5
cob=(2)
cfi=(2)
cfn=(5696) listen
calls=1 0 
0 5
0 11

fn=(5700)
0 66
cob=(2)
cfi=(2)
cfn=(5224)
calls=3 0 
0 1476
0 36
cob=(2)
cfi=(2)
cfn=(4536)
calls=3 0 
0 87
0 69

fn=(5708)
0 194465
cfn=(5710) <tokio::runtime::scheduler::multi_thread::handle::Handle>::push_remote_task
calls=1 0 
0 44
0 4
cfn=(5712)
calls=1 0 
0 17
0 3223
cfn=(5710)
calls=805 0 
0 36627
0 3220
cfn=(5712)
calls=805 0 
0 30170
0 6435
cfn=(6536)
calls=402 0 
0 43764
0 210368
cfn=(5712)
calls=1608 0 
0 55872
0 9480
cfn=(6536)
calls=696 0 
0 44868
0 13780

fn=(5724)
0 2
cfn=(5726) <core::net::ip_addr::Ipv4Addr as core::fmt::Display>::fmt
calls=1 0 
0 1261

fn=(5788)
0 7
cfn=(5790)
calls=1 0 
0 77
0 26
cob=(2)
cfi=(2)
cfn=(4210)
calls=1 0 
0 41
0 56

fn=(5790)
0 110
cfn=(5782)
calls=1 0 
0 16
cfn=(5802)
calls=4 0 
0 40
0 50
cfn=(5792)
calls=5 0 
0 35
0 7751
cfn=(5792)
calls=401 0 
0 2807
cfn=(5782)
calls=1 0 
0 16
0 4020
cfn=(5792)
calls=401 0 
0 2807
cfn=(5792)
calls=1 0 
0 7
0 8844

fn=(5822)
0 41
cfn=(5824) <tonic::transport::channel::service::connector::Connector<hyper_util::client::legacy::connect::http::HttpConnector> as tower_service::Service<http::uri::Uri>>::call::{closure#0}
calls=1 0 
0 838
0 3
cfn=(5824)
calls=1 0 
0 2725
0 20
cfn=(6460) core::ptr::drop_glue::<<tonic::transport::channel::service::connector::Connector<tonic::transport::channel::uds_connector::UdsConnector> as tower_service::Service<http::uri::Uri>>::call::{closure#0}>
calls=1 0 
0 12
0 4
cob=(2)
cfi=(2)
cfn=(4920)
calls=1 0 
0 65
0 57
cfn=(6462) <hyper::client::conn::http2::Builder<tonic::transport::channel::service::executor::SharedExec>>::handshake::<tonic::transport::channel::service::io::BoxedIo, tonic::body::Body>::{closure#0}
calls=1 0 
0 7927
0 11
cob=(2)
cfi=(2)
cfn=(4536)
calls=1 0 
0 29
0 2
cfn=(6540) core::ptr::drop_glue::<<hyper::client::conn::http2::Builder<tonic::transport::channel::service::executor::SharedExec>>::handshake<tonic::transport::channel::service::io::BoxedIo, tonic::body::Body>::{closure#0}>
calls=1 0 
0 17
0 6
cob=(2)
cfi=(2)
cfn=(4536)
calls=1 0 
0 29
0 8
cob=(2)
cfi=(2)
cfn=(4210)
calls=1 0 
0 338
0 12
cob=(2)
cfi=(2)
cfn=(4536)
calls=1 0 
0 76
0 7
cob=(2)
cfi=(2)
cfn=(4210)
calls=1 0 
0 187
0 15
cfn=(6526)
calls=1 0 
0 783
0 41

fn=(5824)
0 50
cfn=(5826) <hyper_util::client::legacy::connect::http::HttpConnector as tower_service::Service<http::uri::Uri>>::call::{closure#0}
calls=1 0 
0 529
0 2
cfn=(5826)
calls=1 0 
0 2681
0 28
cfn=(6458) core::ptr::drop_glue::<<hyper_util::client::legacy::connect::http::HttpConnector as tower_service::Service<http::uri::Uri>>::call::{closure#0}>
calls=1 0 
0 13
0 4
cob=(2)
cfi=(2)
cfn=(4920)
calls=1 0 
0 170
0 8
cob=(2)
cfi=(2)
cfn=(4210)
calls=1 0 
0 41
0 37

fn=(5836) <http::uri::authority::Authority>::port
0 14
cfn=(5834)
calls=1 0 
0 72
0 122

fn=(6046) <std::sys::thread::unix::Thread>::new::thread_start
0 86
cob=(2)
cfi=(2)
cfn=(6054) pthread_setspecific
calls=3 0 
0 99
0 67
cfn=(6048)
calls=1 0 
0 93
0 3
cob=(2)
cfi=(2)
cfn=(6054)
calls=1 0 
0 33
0 22
cob=(2)
cfi=(2)
cfn=(4536)
calls=4 0 
0 48
0 12
cob=(2)
cfi=(2)
cfn=(4198)
calls=4 0 
0 8
0 12
cob=(2)
cfi=(2)
cfn=(6056) pthread_setname_np
calls=4 0 
0 212
0 24
cob=(2)
cfi=(2)
cfn=(4920)
calls=4 0 
0 5265
0 8
cfn=(5014)
calls=4 0 
0 6844
0 12
cfn=(6154)
calls=4 0 
0 49947303
0 16
cob=(2)
cfi=(2)
cfn=(4920)
calls=4 0 
0 312
0 8
cfn=(7770) <std::sys::pal::unix::stack_overflow::Handler as core::ops::drop::Drop>::drop
calls=4 0 
0 1902
0 32

fn=(6166) <tokio::runtime::metrics::worker::WorkerMetrics>::set_thread_id
0 132

fn=(6180) <tonic::transport::server::Server>::add_service::<devloop::echo::echo_server::EchoServer<devloop::TonicEchod>>
0 77
cfn=(6182) <tonic::service::router::Routes as core::default::Default>::default
calls=1 0 
0 11486
0 12
cfn=(5714)
calls=1 0 
0 824
0 14
cfn=(6230)
calls=1 0 
0 172
0 2
cob=(2)
cfi=(2)
cfn=(4210)
calls=1 0 
0 41
0 24
cfn=(6246)
calls=1 0 
0 4855
0 8
cob=(2)
cfi=(2)
cfn=(4536)
calls=1 0 
0 29
0 4
cob=(2)
cfi=(2)
cfn=(4210)
calls=1 0 
0 41
0 10
cob=(2)
cfi=(2)
cfn=(4536)
calls=1 0 
0 29
0 4
cob=(2)
cfi=(2)
cfn=(4920)
calls=1 0 
0 73
0 78

fn=(6186) <axum::routing::Endpoint<()> as core::clone::Clone>::clone
0 65
cfn=(6232)
calls=1 0 
0 220
0 9
cfn=(6188)
calls=1 0 
0 3
0 49
cob=(2)
cfi=(2)
cfn=(4536)
calls=1 0 
0 29
0 19

fn=(6190) <axum::routing::path_router::PathRouter<(), true>>::replace_endpoint
0 68
cfn=(6192)
calls=4 0 
0 442
0 32
cob=(2)
cfi=(2)
cfn=(4536)
calls=2 0 
0 128
0 10
cfn=(6220) <hashbrown::map::HashMap<axum::routing::RouteId, axum::routing::Endpoint<()>, std::hash::random::RandomState>>::insert
calls=2 0 
0 618
0 18
cob=(2)
cfi=(2)
cfn=(4536)
calls=2 0 
0 104
0 8
cfn=(6198)
calls=2 0 
0 264
0 86
cob=(2)
cfi=(2)
cfn=(4210)
calls=2 0 
0 420
0 22
cob=(2)
cfi=(2)
cfn=(4536)
calls=2 0 
0 25
0 4
cob=(2)
cfi=(2)
cfn=(4210)
calls=2 0 
0 420
0 20
cob=(2)
cfi=(2)
cfn=(4536)
calls=2 0 
0 25
0 12
cfn=(6200)
calls=2 0 
0 347
0 6
cfn=(6202)
calls=2 0 
0 739
0 161
cfn=(6206)
calls=1 0 
0 386
0 21
cfn=(6206)
calls=1 0 
0 1189
0 40
cob=(2)
cfi=(2)
cfn=(4920)
calls=2 0 
0 146
0 52
cob=(2)
cfi=(2)
cfn=(4210)
calls=2 0 
0 254
0 32
cob=(2)
cfi=(2)
cfn=(4536)
calls=2 0 
0 25
0 4
cob=(2)
cfi=(2)
cfn=(4920)
calls=2 0 
0 146
0 20
cfn=(6210)
calls=2 0 
0 236
0 128
cfn=(6216)
calls=2 0 
0 392
0 126
cob=(2)
cfi=(2)
cfn=(4536)
calls=2 0 
0 128
0 10
cfn=(6220)
calls=2 0 
0 976
0 11
cfn=(6214)
calls=1 0 
0 326
0 6
cfn=(6218)
calls=1 0 
0 326
0 5

fn=(6192)
0 17813
cob=(2)
cfi=(2)
cfn=(5150)
calls=404 0 
0 7295
0 813
cob=(2)
cfi=(2)
cfn=(5150)
calls=1 0 
0 9
0 20976
cfn=(6236)
calls=402 0 
0 9246
0 13704
cfn=(6234) <matchit::params::Params>::for_each_key_mut::<<matchit::tree::Node<axum::routing::RouteId>>::at::{closure#0}>
calls=1 0 
0 8
0 3

fn=(6234)
0 8

fn=(6248) <tonic::transport::server::Router>::serve_with_incoming::<tokio_stream::wrappers::tcp_listener::TcpListenerStream, tokio::net::tcp::stream::TcpStream, core::io::error::Error, tonic::body::Body>::{closure#0}
0 52
cob=(2)
cfi=(2)
cfn=(4536)
calls=1 0 
0 29
0 13
cfn=(6250) <tonic::service::router::Routes>::prepare
calls=1 0 
0 3334
0 8
cob=(2)
cfi=(2)
cfn=(4536)
calls=1 0 
0 29
0 5
cob=(2)
cfi=(2)
cfn=(4536)
calls=1 0 
0 29
0 30
cob=(2)
cfi=(2)
cfn=(4536)
calls=1 0 
0 29
0 9
cob=(2)
cfi=(2)
cfn=(4536)
calls=1 0 
0 52
0 5
cob=(2)
cfi=(2)
cfn=(4536)
calls=1 0 
0 52
0 11
cob=(2)
cfi=(2)
cfn=(4536)
calls=1 0 
0 29
0 103
cob=(2)
cfi=(2)
cfn=(4536)
calls=1 0 
0 29
0 7
cob=(2)
cfi=(2)
cfn=(4536)
calls=1 0 
0 29
0 2
cob=(2)
cfi=(2)
cfn=(4210)
calls=1 0 
0 41
0 42
cob=(2)
cfi=(2)
cfn=(4536)
calls=1 0 
0 29
0 2
cob=(2)
cfi=(2)
cfn=(4210)
calls=1 0 
0 342
0 17
cob=(2)
cfi=(2)
cfn=(4972)
calls=1 0 
0 35
0 13
cob=(2)
cfi=(2)
cfn=(4210)
calls=1 0 
0 41
0 134
cfn=(6308)
calls=1 0 
0 905
0 35
cfn=(6308)
calls=2 0 
0 535
0 38
cfn=(6368)
calls=1 0 
0 469
0 163
cob=(2)
cfi=(2)
cfn=(4536)
calls=1 0 
0 244
0 11
cob=(2)
cfi=(2)
cfn=(4536)
calls=1 0 
0 244
0 21
cob=(2)
cfi=(2)
cfn=(4536)
calls=1 0 
0 244
0 13
cob=(2)
cfi=(2)
cfn=(4536)
calls=1 0 
0 244
0 10
cob=(2)
cfi=(2)
cfn=(5224)
calls=1 0 
0 559
0 12
cob=(2)
cfi=(2)
cfn=(4536)
calls=1 0 
0 256
0 5
cfn=(5706)
calls=1 0 
0 82
0 12
cfn=(5708)
calls=1 0 
0 52
0 66

fn=(6312)
0 96600

fn=(6342)
0 192836

fn=(6370)
0 11
cfn=(5702)
calls=1 0 
0 45
0 10
cfn=(6372) <std::sys::net::connection::socket::TcpStream>::peer_addr
calls=1 0 
0 45
0 23

fn=(6438)
0 55537
cfn=(6440)
calls=2923 0 
0 669716
0 39788

fn=(6460)
0 12

fn=(6462)
0 25
cob=(2)
cfi=(2)
cfn=(4210)
calls=1 0 
0 258
0 28
cob=(2)
cfi=(2)
cfn=(5224)
calls=1 0 
0 649
0 12
cob=(2)
cfi=(2)
cfn=(4536)
calls=1 0 
0 76
0 6
cob=(2)
cfi=(2)
cfn=(4210)
calls=1 0 
0 41
0 56
cfn=(6466)
calls=1 0 
0 69
0 6
cob=(2)
cfi=(2)
cfn=(4536)
calls=1 0 
0 29
0 18
cob=(2)
cfi=(2)
cfn=(4536)
calls=1 0 
0 29
0 25
cfn=(6468)
calls=1 0 
0 175
0 24
cfn=(6518) <hyper_util::rt::tokio::TokioIo<tokio::net::tcp::stream::TcpStream> as hyper::rt::io::Write>::is_write_vectored
calls=1 0 
0 2
0 17
cob=(2)
cfi=(2)
cfn=(4210)
calls=1 0 
0 263
0 16
cob=(2)
cfi=(2)
cfn=(4536)
calls=1 0 
0 29
0 4
cob=(2)
cfi=(2)
cfn=(4536)
calls=1 0 
0 29
0 19
cob=(2)
cfi=(2)
cfn=(4210)
calls=1 0 
0 182
0 11
cob=(2)
cfi=(2)
cfn=(4536)
calls=1 0 
0 29
0 12
cob=(2)
cfi=(2)
cfn=(4536)
calls=1 0 
0 29
0 31
cob=(2)
cfi=(2)
cfn=(4210)
calls=1 0 
0 182
0 16
cob=(2)
cfi=(2)
cfn=(4536)
calls=1 0 
0 29
0 108
cfn=(6400)
calls=1 0 
0 345
0 7
cob=(2)
cfi=(2)
cfn=(4536)
calls=1 0 
0 124
0 56
cfn=(6484)
calls=1 0 
0 690
0 13
cob=(2)
cfi=(2)
cfn=(4210)
calls=1 0 
0 41
0 24
cfn=(6488)
calls=1 0 
0 37
0 3
cfn=(6492)
calls=1 0 
0 22
0 4
cob=(2)
cfi=(2)
cfn=(4536)
calls=1 0 
0 124
0 72
cob=(2)
cfi=(2)
cfn=(4536)
calls=1 0 
0 148
0 5
cfn=(6520)
calls=1 0 
0 84
0 20
cob=(2)
cfi=(2)
cfn=(4536)
calls=1 0 
0 148
0 17
cob=(2)
cfi=(2)
cfn=(4536)
calls=1 0 
0 148
0 20
cob=(2)
cfi=(2)
cfn=(4536)
calls=1 0 
0 148
0 2
cfn=(6522) core::ptr::drop_glue::<<h2::client::Connection<hyper::common::io::compat::Compat<tonic::transport::channel::service::io::BoxedIo>, hyper::proto::h2::SendBuf<bytes::bytes::Bytes>>>::handshake2::{closure#0}>
calls=1 0 
0 17
0 18
cob=(2)
cfi=(2)
cfn=(4536)
calls=1 0 
0 148
0 6
cob=(2)
cfi=(2)
cfn=(4210)
calls=1 0 
0 183
0 9
cob=(2)
cfi=(2)
cfn=(4210)
calls=1 0 
0 189
0 22
cob=(2)
cfi=(2)
cfn=(4210)
calls=1 0 
0 189
0 24
cob=(2)
cfi=(2)
cfn=(4210)
calls=1 0 
0 133
0 24
cob=(2)
cfi=(2)
cfn=(4210)
calls=1 0 
0 133
0 32
cob=(2)
cfi=(2)
cfn=(4536)
calls=1 0 
0 148
0 6
cob=(2)
cfi=(2)
cfn=(4536)
calls=1 0 
0 148
0 26
cob=(2)
cfi=(2)
cfn=(4210)
calls=1 0 
0 368
0 15
cob=(2)
cfi=(2)
cfn=(4536)
calls=1 0 
0 172
0 4
cfn=(6526)
calls=1 0 
0 952
0 46
cfn=(6538) core::ptr::drop_glue::<hyper::proto::h2::client::handshake<tonic::transport::channel::service::io::BoxedIo, tonic::body::Body, tonic::transport::channel::service::executor::SharedExec>::{closure#0}>
calls=1 0 
0 17
0 62

fn=(6490) <tracing_core::subscriber::NoSubscriber as tracing_core::subscriber::Subscriber>::current_span
0 1209

fn=(6494)
0 25
cfn=(6496)
calls=1 0 
0 43
0 16

fn=(6500) <hyper::proto::h2::server::Serving<hyper_util::common::rewind::Rewind<hyper_util::rt::tokio::TokioIo<tonic::transport::server::service::io::ServerIo<tokio::net::tcp::stream::TcpStream>>>, tonic::body::Body>>::poll_ping
0 34714

fn=(6538)
0 17

fn=(6540)
0 17

fn=(6572)
0 150375

fn=(6582)
0 68972
cfn=(6584)
calls=802 0 
0 203865
0 802

fn=(6586)
0 19467
cob=(2)
cfi=(2)
cfn=(4536)
calls=401 0 
0 11629
0 6416
cob=(2)
cfi=(2)
cfn=(4210)
calls=401 0 
0 94498
0 20436
cob=(2)
cfi=(2)
cfn=(4536)
calls=401 0 
0 11629
0 1203
cob=(2)
cfi=(2)
cfn=(4210)
calls=401 0 
0 94924
0 4806
cob=(2)
cfi=(2)
cfn=(4536)
calls=400 0 
0 11600
0 4
cob=(2)
cfi=(2)
cfn=(4536)
calls=1 0 
0 29
0 12832
cfn=(6588) <tonic::client::grpc::GrpcConfig>::prepare_request
calls=401 0 
0 398644
0 2005
cfn=(6608) <tonic::transport::channel::Channel as tower_service::Service<http::request::Request<tonic::body::Body>>>::call
calls=401 0 
0 310143
0 4411
cfn=(6614)
calls=401 0 
0 33684
0 3156
cfn=(6614)
calls=789 0 
0 754176
0 11965
cfn=(7290) core::ptr::drop_glue::<tonic::transport::channel::ResponseFuture>
calls=401 0 
0 150316
0 9223
cfn=(7050)
calls=401 0 
0 137142
0 2807
cfn=(7294)
calls=401 0 
0 66165
0 11228
cob=(2)
cfi=(2)
cfn=(4210)
calls=401 0 
0 16441
0 6414
cfn=(7038) <http_body_util::combinators::map_err::MapErr<hyper::body::incoming::Incoming, <tonic::status::Status>::map_error<hyper::error::Error>> as http_body::Body>::is_end_stream
calls=401 0 
0 27670
0 36372
cob=(2)
cfi=(2)
cfn=(4210)
calls=401 0 
0 16747
0 5606
cob=(2)
cfi=(2)
cfn=(4210)
calls=400 0 
0 138607
0 6
cob=(2)
cfi=(2)
cfn=(4210)
calls=1 0 
0 188
0 802

fn=(6588)
0 5213
cfn=(5790)
calls=401 0 
0 26065
0 14035
cfn=(5786)
calls=401 0 
0 401
0 12431
cfn=(5786)
calls=401 0 
0 401
0 14436
cfn=(6590)
calls=401 0 
0 21253
0 24060
cfn=(6592)
calls=401 0 
0 13634
0 802
cfn=(6594)
calls=401 0 
0 19649
0 6416
cfn=(6600)
calls=401 0 
0 6817
0 2406
cob=(2)
cfi=(2)
cfn=(4536)
calls=401 0 
0 11629
0 4812
cfn=(6602)
calls=401 0 
0 123157
0 4411
cfn=(6602)
calls=401 0 
0 66967
0 3609
cob=(2)
cfi=(2)
cfn=(4536)
calls=401 0 
0 11629
0 4411

fn=(6604)
0 23659
cob=(2)
cfi=(2)
cfn=(4210)
calls=401 0 
0 16441
0 7216
cob=(2)
cfi=(2)
cfn=(4210)
calls=401 0 
0 16631
0 5206
cfn=(6596)
calls=400 0 
0 5200
0 5
cfn=(6596)
calls=1 0 
0 13
0 36491
cob=(2)
cfi=(2)
cfn=(4210)
calls=401 0 
0 17872
0 7216
cob=(2)
cfi=(2)
cfn=(4210)
calls=401 0 
0 16668
0 5206
cfn=(6596)
calls=400 0 
0 5200
0 5
cfn=(6596)
calls=1 0 
0 13
0 12832

fn=(6626) <hyper_util::rt::tokio::TokioIo<tokio::net::tcp::stream::TcpStream> as hyper::rt::io::Read>::poll_read
0 54519
cfn=(6444)
calls=3207 0 
0 554110
0 43311

fn=(6638) <h2::proto::streams::send::Send>::recv_connection_window_update
0 42
cfn=(6486)
calls=3 0 
0 57
0 81
cfn=(6640)
calls=3 0 
0 18
0 45

fn=(6646) <h2::codec::framed_write::FramedWrite<hyper::common::io::compat::Compat<tonic::transport::channel::service::io::BoxedIo>, h2::proto::streams::prioritize::Prioritized<hyper::proto::h2::SendBuf<bytes::bytes::Bytes>>>>::flush
0 42472
cfn=(7092)
calls=401 0 
0 11629
0 29680
cfn=(6518)
calls=803 0 
0 1606
0 152570
cfn=(6648)
calls=803 0 
0 140525
0 18044
cfn=(6434)
calls=2404 0 
0 63711
0 19652
cfn=(6518)
calls=401 0 
0 802
0 85814
cfn=(6648)
calls=401 0 
0 70175
0 20435
cfn=(6812) <hyper_util::rt::tokio::TokioIo<tokio::net::tcp::stream::TcpStream> as hyper::rt::io::Write>::poll_flush
calls=2404 0 
0 7212
0 50484

fn=(6660)
0 44062
cob=(2)
cfi=(2)
cfn=(4536)
calls=401 0 
0 20814
0 20002

fn=(6720) <slab::Slab<h2::proto::streams::stream::Stream>>::insert_at
0 7228
cfn=(6722)
calls=2 0 
0 611
0 15
cob=(2)
cfi=(2)
cfn=(4536)
calls=3 0 
0 190
0 11207
cob=(2)
cfi=(2)
cfn=(4536)
calls=799 0 
0 51136

fn=(6724) <std::hash::random::RandomState as core::hash::BuildHasher>::hash_one::<&h2::frame::stream_id::StreamId>
0 38496
cfn=(5086)
calls=1604 0 
0 43308
0 109072

fn=(6730)
0 15238
cfn=(6732)
calls=802 0 
0 780747
0 42105
cfn=(6740)
calls=401 0 
0 1604
0 802
cfn=(6740)
calls=401 0 
0 1604
0 17243
cob=(2)
cfi=(2)
cfn=(4536)
calls=401 0 
0 25664
0 2807
cfn=(6744)
calls=401 0 
0 217086
0 2406
cfn=(6742)
calls=401 0 
0 19649
0 2406
cob=(2)
cfi=(2)
cfn=(4536)
calls=401 0 
0 25664
0 2807
cfn=(6744)
calls=401 0 
0 99311
0 2806
cfn=(6350)
calls=400 0 
0 36329
0 400

fn=(6732)
0 6015
cfn=(6734) <http::header::map::HeaderMap>::contains_key::<http::header::name::HeaderName>
calls=1203 0 
0 108671
0 6015
cfn=(6734)
calls=1203 0 
0 117493
0 6015
cfn=(6734)
calls=1203 0 
0 99849
0 7218
cfn=(6736)
calls=1203 0 
0 341251
0 7218
cfn=(6736)
calls=1203 0 
0 343657
0 9624
cfn=(6738)
calls=1203 0 
0 109072
0 7218

fn=(6740)
0 19248

fn=(6750)
0 75789
cfn=(6858)
calls=2005 0 
0 85413
0 11216
cfn=(6350)
calls=1191 0 
0 136169
0 19248

fn=(6768)
0 24060
cfn=(6770)
calls=2005 0 
0 56140
0 6015
cfn=(6770)
calls=2005 0 
0 78195
0 30075
cob=(2)
cfi=(2)
cfn=(4536)
calls=2005 0 
0 248386
0 30075

fn=(6788)
0 40902
cfn=(6790)
calls=802 0 
0 51354
0 8822
cfn=(6792)
calls=401 0 
0 5614
0 12832
cfn=(6312)
calls=401 0 
0 2807
0 29273
cfn=(6756)
calls=401 0 
0 26065
0 17644

fn=(6792)
0 27096

fn=(6832)
0 17081
cob=(2)
cfi=(2)
cfn=(4536)
calls=458 0 
0 169804
0 1643
cob=(2)
cfi=(2)
cfn=(4210)
calls=1 0 
0 267
0 5657
cfn=(5736)
calls=9 0 
0 2370
0 27

fn=(6836) <h2::hpack::table::Table>::index_vacant
0 126
cfn=(6838)
calls=7 0 
0 177
0 28
cfn=(6840) <h2::hpack::table::Table>::converge
calls=7 0 
0 182
0 160
cfn=(6842) <alloc::collections::vec_deque::VecDeque<h2::hpack::table::Slot>>::grow
calls=2 0 
0 588
0 359

fn=(6846) h2::hpack::encoder::encode_str
0 6410
cfn=(6832)
calls=1 0 
0 505
0 268275
cfn=(6832)
calls=6 0 
0 1918
0 14530

fn=(6858)
0 164501

fn=(6862)
0 11228
cfn=(6740)
calls=401 0 
0 1604
0 5213
cfn=(6740)
calls=401 0 
0 1604
0 2406

fn=(6864)
0 3637
cfn=(6350)
calls=1 0 
0 20
0 1208
cfn=(7714)
calls=1 0 
0 344
0 3618
cfn=(6866)
calls=402 0 
0 38030

fn=(6868)
0 12044
cfn=(6874)
calls=401 0 
0 91476
0 5614
cfn=(7254) core::ptr::drop_glue::<futures_channel::oneshot::Sender<()>>
calls=401 0 
0 54737
0 2005
cfn=(6870)
calls=401 0 
0 197995
0 5614
cfn=(6882)
calls=401 0 
0 18045
0 2
cfn=(7698) core::ptr::drop_glue::<futures_channel::mpsc::Receiver<core::convert::Infallible>>
calls=1 0 
0 78
0 4
cfn=(7702)
calls=1 0 
0 194
0 2417
cfn=(7704) core::ptr::drop_glue::<h2::proto::connection::Connection<hyper::common::io::compat::Compat<tonic::transport::channel::service::io::BoxedIo>, h2::client::Peer, hyper::proto::h2::SendBuf<bytes::bytes::Bytes>>>
calls=1 0 
0 10389

fn=(6918) <alloc::collections::vec_deque::VecDeque<h2::hpack::header::Header>>::grow
0 30
cfn=(6920) <alloc::raw_vec::RawVec<h2::hpack::header::Header>>::grow_one
calls=5 0 
0 3869
0 65
cob=(2)
cfi=(2)
cfn=(4536)
calls=1 0 
0 64
0 26
cob=(2)
cfi=(2)
cfn=(4536)
calls=1 0 
0 64

fn=(6924)
0 123
cfn=(6682)
calls=2 0 
0 24
0 69
cob=(2)
cfi=(2)
cfn=(4210)
calls=1 0 
0 343
0 10
cob=(2)
cfi=(2)
cfn=(4536)
calls=1 0 
0 12
0 27

fn=(6932)
0 61353
cob=(2)
cfi=(2)
cfn=(4210)
calls=1203 0 
0 50823
0 21648
cob=(2)
cfi=(2)
cfn=(4210)
calls=1203 0 
0 143040
0 14418
cfn=(6596)
calls=1200 0 
0 15600
0 12
cfn=(6596)
calls=3 0 
0 39
0 12030
cfn=(6606)
calls=1203 0 
0 51328
0 6015
cfn=(6606)
calls=1203 0 
0 28872
0 226164

fn=(6936) <h2::proto::streams::recv::Recv>::open
0 12832

fn=(6946)
0 33283
cfn=(6916)
calls=401 0 
0 4010
0 4411
cfn=(6948)
calls=401 0 
0 89423
0 8020
cfn=(6900)
calls=401 0 
0 2005
0 8020
cfn=(6950) <http::uri::scheme::Scheme as core::str::traits::FromStr>::from_str
calls=401 0 
0 12431
0 16441
cfn=(5786)
calls=401 0 
0 401
0 6416
cfn=(6916)
calls=401 0 
0 4010
0 1604
cfn=(6952) <http::uri::path::PathAndQuery>::from_maybe_shared::<bytes::bytes::Bytes>
calls=401 0 
0 140751
0 10426
cfn=(6900)
calls=401 0 
0 2005
0 5213
cob=(2)
cfi=(2)
cfn=(4536)
calls=401 0 
0 11629
0 1604
cob=(2)
cfi=(2)
cfn=(4536)
calls=401 0 
0 11629
0 12431
cfn=(6590)
calls=401 0 
0 22456
0 8020
cfn=(5806)
calls=401 0 
0 8421
0 8421
cob=(2)
cfi=(2)
cfn=(4536)
calls=401 0 
0 11629
0 2005
cob=(2)
cfi=(2)
cfn=(4536)
calls=401 0 
0 11629
0 1604
cob=(2)
cfi=(2)
cfn=(4536)
calls=401 0 
0 11629
0 2406
cfn=(6594)
calls=401 0 
0 19649
0 8020
cob=(2)
cfi=(2)
cfn=(4536)
calls=401 0 
0 11629
0 2406

fn=(6956)
0 25279
cfn=(6958)
calls=2 0 
0 674
0 30
cob=(2)
cfi=(2)
cfn=(4536)
calls=6 0 
0 174
0 39256
cob=(2)
cfi=(2)
cfn=(4536)
calls=2801 0 
0 81229

fn=(6984) <tower::util::map_future::MapFuture<tonic::transport::server::service::io::ConnectInfo<tonic::transport::server::Svc<tonic::service::recover_error::RecoverError<tower::util::either::Either<tower::load_shed::LoadShed<tower::util::either::Either<tower::limit::concurrency::service::ConcurrencyLimit<tonic::transport::service::grpc_timeout::GrpcTimeout<tonic::service::router::Routes>>, tonic::transport::service::grpc_timeout::GrpcTimeout<tonic::service::router::Routes>>>, tower::util::either::Either<tower::limit::concurrency::service::ConcurrencyLimit<tonic::transport::service::grpc_timeout::GrpcTimeout<tonic::service::router::Routes>>, tonic::transport::service::grpc_timeout::GrpcTimeout<tonic::service::router::Routes>>>>>, tonic::transport::server::service::io::ServerIoConnectInfo<tokio::net::tcp::stream::TcpStream>>, <tower::util::boxed_clone::BoxCloneService<http::request::Request<tonic::body::Body>, http::response::Response<tonic::body::Body>, alloc::boxed::Box<dyn core::error::Error + core::marker::Send + core::marker::Sync>>>::new<tonic::transport::server::service::io::ConnectInfo<tonic::transport::server::Svc<tonic::service::recover_error::RecoverError<tower::util::either::Either<tower::load_shed::LoadShed<tower::util::either::Either<tower::limit::concurrency::service::ConcurrencyLimit<tonic::transport::service::grpc_timeout::GrpcTimeout<tonic::service::router::Routes>>, tonic::transport::service::grpc_timeout::GrpcTimeout<tonic::service::router::Routes>>>, tower::util::either::Either<tower::limit::concurrency::service::ConcurrencyLimit<tonic::transport::service::grpc_timeout::GrpcTimeout<tonic::service::router::Routes>>, tonic::transport::service::grpc_timeout::GrpcTimeout<tonic::service::router::Routes>>>>>, tonic::transport::server::service::io::ServerIoConnectInfo<tokio::net::tcp::stream::TcpStream>>>::{closure#0}> as tower::util::boxed_clone::CloneService<http::request::Request<tonic::body::Body>>>::clone_box
0 18446
cob=(2)
cfi=(2)
cfn=(4210)
calls=401 0 
0 17282
0 4805
cob=(2)
cfi=(2)
cfn=(4536)
calls=400 0 
0 11600
0 5
cob=(2)
cfi=(2)
cfn=(4536)
calls=1 0 
0 29
0 2005

fn=(6996) <tower::util::either::Either<tower::limit::concurrency::service::ConcurrencyLimit<tonic::transport::service::grpc_timeout::GrpcTimeout<tonic::service::router::Routes>>, tonic::transport::service::grpc_timeout::GrpcTimeout<tonic::service::router::Routes>> as tower_service::Service<http::request::Request<tonic::body::Body>>>::poll_ready
0 7619

fn=(7012)
0 3208
cfn=(7014)
calls=401 0 
0 48521
0 3609
cfn=(5058)
calls=401 0 
0 47805
0 5213

fn=(7016) <http::extensions::Extensions>::insert::<axum::routing::url_params::UrlParams>
0 5614
cob=(2)
cfi=(2)
cfn=(4210)
calls=401 0 
0 21919
0 29672

fn=(7022) core::ptr::drop_glue::<hyper_util::service::oneshot::Oneshot<tower::util::map_request::MapRequest<tower::util::boxed_clone::BoxCloneService<http::request::Request<tonic::body::Body>, http::response::Response<tonic::body::Body>, alloc::boxed::Box<dyn core::error::Error + core::marker::Send + core::marker::Sync>>, <tonic::transport::server::Server>::serve_internal<tonic::service::router::Routes, tonic::transport::server::incoming::TcpIncoming, core::future::ready::Ready<()>, tokio::net::tcp::stream::TcpStream, core::io::error::Error, tonic::body::Body>::{closure#0}::{closure#1}>, http::request::Request<hyper::body::incoming::Incoming>>>
0 18847
cfn=(7142) core::ptr::drop_glue::<tonic::transport::server::SvcFuture<tonic::service::recover_error::ResponseFuture<tower::util::either::EitherResponseFuture<tower::load_shed::future::ResponseFuture<tower::util::either::EitherResponseFuture<tower::limit::concurrency::future::ResponseFuture<tonic::transport::service::grpc_timeout::ResponseFuture<tonic::service::router::RoutesFuture>>, tonic::transport::service::grpc_timeout::ResponseFuture<tonic::service::router::RoutesFuture>>>, tower::util::either::EitherResponseFuture<tower::limit::concurrency::future::ResponseFuture<tonic::transport::service::grpc_timeout::ResponseFuture<tonic::service::router::RoutesFuture>>, tonic::transport::service::grpc_timeout::ResponseFuture<tonic::service::router::RoutesFuture>>>>>>
calls=401 0 
0 24862
0 3609
cob=(2)
cfi=(2)
cfn=(4920)
calls=401 0 
0 29273
0 2807
cfn=(7024) core::ptr::drop_glue::<tower::util::map_future::MapFuture<tonic::transport::server::service::io::ConnectInfo<tonic::transport::server::Svc<tonic::service::recover_error::RecoverError<tower::util::either::Either<tower::load_shed::LoadShed<tower::util::either::Either<tower::limit::concurrency::service::ConcurrencyLimit<tonic::transport::service::grpc_timeout::GrpcTimeout<tonic::service::router::Routes>>, tonic::transport::service::grpc_timeout::GrpcTimeout<tonic::service::router::Routes>>>, tower::util::either::Either<tower::limit::concurrency::service::ConcurrencyLimit<tonic::transport::service::grpc_timeout::GrpcTimeout<tonic::service::router::Routes>>, tonic::transport::service::grpc_timeout::GrpcTimeout<tonic::service::router::Routes>>>>>, tonic::transport::server::service::io::ServerIoConnectInfo<tokio::net::tcp::stream::TcpStream>>, <tower::util::boxed_clone::BoxCloneService<http::request::Request<tonic::body::Body>, http::response::Response<tonic::body::Body>, alloc::boxed::Box<dyn core::error::Error + core::marker::Send + core::marker::Sync>>>::new<tonic::transport::server::service::io::ConnectInfo<tonic::transport::server::Svc<tonic::service::recover_error::RecoverError<tower::util::either::Either<tower::load_shed::LoadShed<tower::util::either::Either<tower::limit::concurrency::service::ConcurrencyLimit<tonic::transport::service::grpc_timeout::GrpcTimeout<tonic::service::router::Routes>>, tonic::transport::service::grpc_timeout::GrpcTimeout<tonic::service::router::Routes>>>, tower::util::either::Either<tower::limit::concurrency::service::ConcurrencyLimit<tonic::transport::service::grpc_timeout::GrpcTimeout<tonic::service::router::Routes>>, tonic::transport::service::grpc_timeout::GrpcTimeout<tonic::service::router::Routes>>>>>, tonic::transport::server::service::io::ServerIoConnectInfo<tokio::net::tcp::stream::TcpStream>>>::{closure#0}>>
calls=401 0 
0 8421
0 1604
cob=(2)
cfi=(2)
cfn=(4920)
calls=401 0 
0 28497
0 5614

fn=(7024)
0 4826
cfn=(7634)
calls=1 0 
0 2643
0 3619

fn=(7036)
0 14436
cfn=(7140)
calls=1604 0 
0 3208
cfn=(7038)
calls=802 0 
0 55484

fn=(7060)
0 42780
cfn=(7062) <http_body_util::combinators::map_err::MapErr<http_body_util::combinators::map_err::MapErr<http_body_util::combinators::map_frame::MapFrame<tonic::body::Body, <tonic::codec::decode::Streaming<pbrs_grpc::codec::prost::Message<pbrs_adoption_corpus::prost_types::EntityList>>>::new<tonic::body::Body, devloop::adoption_rpc::TonicCodec<pbrs_grpc::codec::prost::Message<pbrs_adoption_corpus::prost_types::EntityList>>>::{closure#0}>, <tonic::codec::decode::Streaming<pbrs_grpc::codec::prost::Message<pbrs_adoption_corpus::prost_types::EntityList>>>::new<tonic::body::Body, devloop::adoption_rpc::TonicCodec<pbrs_grpc::codec::prost::Message<pbrs_adoption_corpus::prost_types::EntityList>>>::{closure#1}>, <tonic::status::Status>::map_error<tonic::status::Status>> as http_body::Body>::poll_frame
calls=2852 0 
0 1390927
0 37919
cob=(2)
cfi=(2)
cfn=(4536)
calls=802 0 
0 217426
0 9624
cfn=(6900)
calls=802 0 
0 4010
0 1604
cfn=(6900)
calls=401 0 
0 2005
0 39302

fn=(7078)
0 37293

fn=(7098)
0 1604

fn=(7104)
0 12030
cfn=(7106)
calls=802 0 
0 795584
0 3208
cob=(2)
cfi=(2)
cfn=(4920)
calls=802 0 
0 58348
0 11228
cob=(2)
cfi=(2)
cfn=(4920)
calls=802 0 
0 168750
0 1604
cob=(2)
cfi=(2)
cfn=(4920)
calls=802 0 
0 56150
0 2406
cfn=(6594)
calls=401 0 
0 144243
0 10426

fn=(7112) core::ptr::drop_glue::<hyper::body::incoming::Incoming>
0 7218
cfn=(7114) core::ptr::drop_glue::<h2::share::RecvStream>
calls=401 0 
0 140751
0 7218
cfn=(7114)
calls=401 0 
0 494821

fn=(7144) core::ptr::drop_glue::<tonic::transport::service::grpc_timeout::ResponseFuture<tonic::service::router::RoutesFuture>>
0 2406
cfn=(7146)
calls=401 0 
0 10025
0 2807

fn=(7162)
0 754
cob=(2)
cfi=(2)
cfn=(4536)
calls=58 0 
0 580
0 348

fn=(7166) <http_body_util::combinators::map_err::MapErr<http_body_util::combinators::map_err::MapErr<tonic::service::recover_error::ResponseBody<tonic::body::Body>, <tonic::status::Status as core::convert::Into<alloc::boxed::Box<dyn core::error::Error + core::marker::Send + core::marker::Sync>>>::into>, <tonic::status::Status>::map_error<alloc::boxed::Box<dyn core::error::Error + core::marker::Send + core::marker::Sync>>> as http_body::Body>::size_hint
0 4010
cfn=(7168) <http_body_util::combinators::map_err::MapErr<axum_core::body::Body, <tonic::status::Status>::map_error<axum_core::error::Error>> as http_body::Body>::size_hint
calls=401 0 
0 7619
0 1203

fn=(7188)
0 20050
cfn=(7190) <devloop::TonicEchod as devloop::echo::echo_server::Echo>::server_stream::{closure#0}::{closure#0}
calls=401 0 
0 806301
0 4010
cfn=(7200)
calls=401 0 
0 34887
0 3609
cfn=(7200)
calls=401 0 
0 28070
0 802
cfn=(7204) <tokio::runtime::task::harness::Harness<<devloop::TonicEchod as devloop::echo::echo_server::Echo>::server_stream::{closure#0}::{closure#0}, alloc::sync::Arc<tokio::runtime::scheduler::multi_thread::handle::Handle>>>::complete
calls=401 0 
0 122792
0 3208

fn=(7198) core::ptr::drop_glue::<<tokio::sync::mpsc::bounded::Sender<core::result::Result<devloop::echo::EchoReply, tonic::status::Status>>>::send::{closure#0}>
0 20852

fn=(7208)
0 65764
cfn=(6768)
calls=1604 0 
0 378360
0 6416
cob=(2)
cfi=(2)
cfn=(4920)
calls=1604 0 
0 133205
0 25664
cfn=(6772)
calls=1604 0 
0 36892

fn=(7214)
0 13596

fn=(7222) <http::header::map::HeaderMap>::try_with_capacity
0 12832
cob=(2)
cfi=(2)
cfn=(4210)
calls=401 0 
0 19284
0 16840
cob=(2)
cfi=(2)
cfn=(4210)
calls=401 0 
0 24686
0 10023

fn=(7232)
0 21654

fn=(7252)
0 10426

fn=(7256) <alloc::sync::Arc<futures_channel::oneshot::Inner<()>>>::drop_slow
0 7638
cob=(2)
cfi=(2)
cfn=(4920)
calls=402 0 
0 30742

fn=(7290)
0 7218
cfn=(7108)
calls=401 0 
0 90280
0 3609
cob=(2)
cfi=(2)
cfn=(4920)
calls=401 0 
0 49209

fn=(7568) <serde_json::ser::Compound<&mut alloc::vec::Vec<u8>, serde_json::ser::CompactFormatter> as serde_core::ser::SerializeStruct>::end
0 16

fn=(7582)
0 48
cfn=(6350)
calls=1 0 
0 140
0 22

fn=(7596) tokio::runtime::task::raw::shutdown::<devloop::rpc_tonic_unary::{closure#0}::{closure#0}, alloc::sync::Arc<tokio::runtime::scheduler::multi_thread::handle::Handle>>
0 20
cfn=(7598)
calls=1 0 
0 1281
0 9
cfn=(7598)
calls=1 0 
0 249
0 2
cfn=(7620) <tokio::runtime::task::harness::Harness<devloop::rpc_tonic_unary::{closure#0}::{closure#0}, alloc::sync::Arc<tokio::runtime::scheduler::multi_thread::handle::Handle>>>::complete
calls=1 0 
0 553
0 4

fn=(7620)
0 22
cfn=(7598)
calls=1 0 
0 253
0 5
cfn=(6886)
calls=1 0 
0 56
0 13
cfn=(7622) core::ptr::drop_glue::<tokio::runtime::task::core::Cell<devloop::rpc_tonic_unary::{closure#0}::{closure#0}, alloc::sync::Arc<tokio::runtime::scheduler::multi_thread::handle::Handle>>>
calls=1 0 
0 26
0 2
cob=(2)
cfi=(2)
cfn=(4920)
calls=1 0 
0 170
0 6

fn=(7624) tokio::runtime::task::raw::shutdown::<tonic::transport::server::serve_connection<tonic::body::Body, hyper_util::rt::tokio::TokioIo<tonic::transport::server::service::io::ServerIo<tokio::net::tcp::stream::TcpStream>>, hyper_util::service::glue::TowerToHyperService<tower::util::map_request::MapRequest<tower::util::boxed_clone::BoxCloneService<http::request::Request<tonic::body::Body>, http::response::Response<tonic::body::Body>, alloc::boxed::Box<dyn core::error::Error + core::marker::Send + core::marker::Sync>>, <tonic::transport::server::Server>::serve_internal<tonic::service::router::Routes, tonic::transport::server::incoming::TcpIncoming, core::future::ready::Ready<()>, tokio::net::tcp::stream::TcpStream, core::io::error::Error, tonic::body::Body>::{closure#0}::{closure#1}>>, hyper_util::rt::tokio::TokioExecutor>::{closure#0}, alloc::sync::Arc<tokio::runtime::scheduler::multi_thread::handle::Handle>>
0 23
cfn=(7626)
calls=1 0 
0 15260
0 9
cfn=(7626)
calls=1 0 
0 285
0 2
cfn=(7690) <tokio::runtime::task::harness::Harness<tonic::transport::server::serve_connection<tonic::body::Body, hyper_util::rt::tokio::TokioIo<tonic::transport::server::service::io::ServerIo<tokio::net::tcp::stream::TcpStream>>, hyper_util::service::glue::TowerToHyperService<tower::util::map_request::MapRequest<tower::util::boxed_clone::BoxCloneService<http::request::Request<tonic::body::Body>, http::response::Response<tonic::body::Body>, alloc::boxed::Box<dyn core::error::Error + core::marker::Send + core::marker::Sync>>, <tonic::transport::server::Server>::serve_internal<tonic::service::router::Routes, tonic::transport::server::incoming::TcpIncoming, core::future::ready::Ready<()>, tokio::net::tcp::stream::TcpStream, core::io::error::Error, tonic::body::Body>::{closure#0}::{closure#1}>>, hyper_util::rt::tokio::TokioExecutor>::{closure#0}, alloc::sync::Arc<tokio::runtime::scheduler::multi_thread::handle::Handle>>>::complete
calls=1 0 
0 619
0 4

fn=(7650)
0 10
cfn=(6240)
calls=2 0 
0 360

fn=(7666)
0 24
cob=(2)
cfi=(2)
cfn=(4920)
calls=2 0 
0 146
0 54
cfn=(6834)
calls=2 0 
0 62
0 44
cfn=(6834)
calls=22 0 
0 5204
0 84
cob=(2)
cfi=(2)
cfn=(4920)
calls=2 0 
0 849
0 38
cob=(2)
cfi=(2)
cfn=(4920)
calls=2 0 
0 146

fn=(7698)
0 21
cfn=(7700) <futures_channel::mpsc::queue::Queue<alloc::sync::Arc<std::sync::poison::mutex::Mutex<futures_channel::mpsc::SenderTask>>>>::pop_spin
calls=1 0 
0 22
0 35

fn=(7700)
0 22

fn=(7726) core::ptr::drop_glue::<tower::buffer::worker::Worker<tonic::transport::channel::service::connection::Connection, http::request::Request<tonic::body::Body>>>
0 10
cfn=(7728)
calls=1 0 
0 701
0 7
cfn=(7732)
calls=1 0 
0 1416
0 4
cob=(2)
cfi=(2)
cfn=(4920)
calls=1 0 
0 65
0 14
cfn=(7750) <alloc::sync::Arc<std::sync::poison::mutex::Mutex<core::option::Option<tower::buffer::error::ServiceError>>>>::drop_slow
calls=1 0 
0 133

fn=(7740)
0 11
cob=(2)
cfi=(2)
cfn=(4920)
calls=1 0 
0 65

fn=(7750)
0 16
cob=(2)
cfi=(2)
cfn=(4920)
calls=1 0 
0 117

fn=(7754)
0 80
cob=(2)
cfi=(2)
cfn=(4920)
calls=4 0 
0 416

fn=(7928)
0 21
cfn=(6348)
calls=3 0 
0 201
0 45
cob=(2)
cfi=(2)
cfn=(4920)
calls=3 0 
0 203

fn=(7948) core::ptr::drop_glue::<tokio::runtime::config::Config>
0 20

fn=(6796)
0 2406
cfn=(6798)
calls=401 0 
0 10025
0 3609
cob=(2)
cfi=(2)
cfn=(4920)
calls=401 0 
0 26215

fn=(6806)
0 11473
cob=(2)
cfi=(2)
cfn=(4536)
calls=401 0 
0 11629
0 2005
cfn=(6808) <tonic::transport::service::grpc_timeout::ResponseFuture<tower::util::either::EitherResponseFuture<tower::limit::concurrency::future::ResponseFuture<tower::util::either::EitherResponseFuture<tonic::transport::channel::service::reconnect::ResponseFuture<core::pin::Pin<alloc::boxed::Box<dyn core::future::future::Future<Output = core::result::Result<http::response::Response<tonic::body::Body>, alloc::boxed::Box<dyn core::error::Error + core::marker::Send + core::marker::Sync>>> + core::marker::Send>>>, tonic::transport::channel::service::reconnect::ResponseFuture<core::pin::Pin<alloc::boxed::Box<dyn core::future::future::Future<Output = core::result::Result<http::response::Response<tonic::body::Body>, alloc::boxed::Box<dyn core::error::Error + core::marker::Send + core::marker::Sync>>> + core::marker::Send>>>>>, tower::util::either::EitherResponseFuture<tonic::transport::channel::service::reconnect::ResponseFuture<core::pin::Pin<alloc::boxed::Box<dyn core::future::future::Future<Output = core::result::Result<http::response::Response<tonic::body::Body>, alloc::boxed::Box<dyn core::error::Error + core::marker::Send + core::marker::Sync>>> + core::marker::Send>>>, tonic::transport::channel::service::reconnect::ResponseFuture<core::pin::Pin<alloc::boxed::Box<dyn core::future::future::Future<Output = core::result::Result<http::response::Response<tonic::body::Body>, alloc::boxed::Box<dyn core::error::Error + core::marker::Send + core::marker::Sync>>> + core::marker::Send>>>>>> as core::future::future::Future>::poll
calls=401 0 
0 80128
0 1552
cfn=(6808)
calls=388 0 
0 398161
0 10749
cfn=(7282)
calls=401 0 
0 112241
0 19946

fn=(5394)
0 6
cfn=(5396)
calls=1 0 
0 281
0 10

fn=(5468)
0 376
cfn=(5470) <alloc::ffi::c_str::CString>::_from_vec_unchecked
calls=4 0 
0 512
0 16

fn=(5470)
0 92
cfn=(5300)
calls=4 0 
0 396
0 24

fn=(5498)
0 44
cob=(2)
cfi=(2)
cfn=(4202) pthread_attr_init
calls=4 0 
0 72
0 44
cob=(2)
cfi=(2)
cfn=(5560) __pthread_get_minstack
calls=4 0 
0 48
0 24
cob=(2)
cfi=(2)
cfn=(5562) pthread_attr_setstacksize
calls=4 0 
0 24
0 32
cob=(2)
cfi=(2)
cfn=(5564) pthread_create
calls=4 0 
0 4945
0 24
cob=(2)
cfi=(2)
cfn=(5012)
calls=4 0 
0 20
0 51
cob=(2)
cfi=(2)
cfn=(5500) dlsym
calls=1 0 
0 1069
0 4

fn=(5682) <core::net::socket_addr::SocketAddr>::parse_ascii
0 14
cfn=(5684)
calls=1 0 
0 145
0 52

fn=(5702)
0 40
cob=(2)
cfi=(2)
cfn=(5704) getsockname
calls=2 0 
0 10
0 40

fn=(5712)
0 145024

fn=(5718)
0 243
cob=(2)
cfi=(2)
cfn=(4536)
calls=13 0 
0 189
0 127
cfn=(5736)
calls=2 0 
0 565
0 38
cob=(2)
cfi=(2)
cfn=(4536)
calls=2 0 
0 22
0 28
cfn=(5736)
calls=2 0 
0 228
0 6

fn=(5778)
0 92
cfn=(5780) <bytes::bytes::Bytes>::split_to
calls=1 0 
0 349
0 5
cfn=(5776)
calls=1 0 
0 9
0 6
cfn=(5786)
calls=1 0 
0 1
0 218
cfn=(5780)
calls=1 0 
0 26
0 35

fn=(5780)
0 41
cfn=(5782)
calls=1 0 
0 317
0 17

fn=(5798) <alloc::sync::Arc<hyper_util::client::legacy::connect::http::Config>>::make_mut
0 203

fn=(5826)
0 77
cfn=(5828) hyper_util::client::legacy::connect::http::get_host_port
calls=1 0 
0 556
0 24
cfn=(5838) <hyper_util::client::legacy::connect::dns::SocketAddrs>::try_parse
calls=1 0 
0 239
0 17
cfn=(5840)
calls=1 0 
0 287
0 5
cob=(2)
cfi=(2)
cfn=(4536)
calls=1 0 
0 29
0 7
cob=(2)
cfi=(2)
cfn=(4536)
calls=1 0 
0 29
0 13
cfn=(5846)
calls=1 0 
0 1407
0 5
cfn=(5846)
calls=1 0 
0 263
0 25
cfn=(6454)
calls=1 0 
0 13
0 12
cob=(2)
cfi=(2)
cfn=(4920)
calls=1 0 
0 65
0 7
cfn=(6456) core::ptr::drop_glue::<<hyper_util::client::legacy::connect::http::ConnectingTcp>::connect::{closure#0}>
calls=1 0 
0 19
0 62
cob=(2)
cfi=(2)
cfn=(5692)
calls=1 0 
0 6
0 6
cfn=(5806)
calls=1 0 
0 29
0 8

fn=(5832)
0 33
cfn=(5834)
calls=1 0 
0 152
0 17

fn=(6156)
0 28
cfn=(6158) <std::thread::spawnhook::ChildSpawnHooks>::inherit_and_run
calls=4 0 
0 1256
0 8

fn=(6158)
0 84
cfn=(5480)
calls=4 0 
0 76
0 128
cfn=(5308)
calls=4 0 
0 960
0 8

fn=(6164)
0 132
cfn=(6166)
calls=4 0 
0 132
0 92
cfn=(5222)
calls=4 0 
0 252
0 24
cfn=(5066)
calls=4 0 
0 1204
0 204
cfn=(5192)
calls=4 0 
0 104
0 16
cfn=(5192)
calls=4 0 
0 104
0 163
cfn=(7694)
calls=3 0 
0 16291
cfn=(7624)
calls=1 0 
0 16202
cfn=(7596)
calls=1 0 
0 2118
0 2391
cfn=(5298)
calls=1 0 
0 112
0 149
cfn=(7926)
calls=4 0 
0 1321
0 36
cob=(2)
cfi=(2)
cfn=(6426)
calls=4 0 
0 44
0 16
cfn=(7932) core::ptr::drop_glue::<tokio::runtime::scheduler::multi_thread::worker::Core>
calls=4 0 
0 156
0 8
cob=(2)
cfi=(2)
cfn=(4920)
calls=4 0 
0 260
0 16
cfn=(5302)
calls=1 0 
0 25
0 9
cfn=(7270)
calls=2 0 
0 202
0 6
cfn=(6334)
calls=3 0 
0 104
0 132555
cfn=(5192)
calls=126 0 
0 3276
0 1008
cfn=(6314)
calls=126 0 
0 4536
0 2292
cfn=(5192)
calls=75 0 
0 1950
0 750
cfn=(6314)
calls=75 0 
0 2700
0 525
cfn=(6316) __floattidf
calls=75 0 
0 3375
0 1050
cob=(3)
cfi=(3)
cfn=(6318) pow
calls=75 0 
0 9375
0 1050
cfn=(6336) <tokio::runtime::scheduler::multi_thread::worker::Context>::park_internal
calls=75 0 
0 33996
0 153
cfn=(6336)
calls=51 0 
0 24888
0 630
cfn=(6356)
calls=126 0 
0 6552
0 252
cfn=(5192)
calls=126 0 
0 3276
0 504
cfn=(5192)
calls=126 0 
0 3276
0 199898
cfn=(6334)
calls=4 0 
0 20
0 7530
cfn=(6334)
calls=3765 0 
0 36131
0 85199
cfn=(6174)
calls=414 0 
0 3270772
0 11784
cfn=(6174)
calls=2946 0 
0 33872271
0 55203
cfn=(5192)
calls=4413 0 
0 114738
0 35304
cfn=(6314)
calls=4413 0 
0 158868
0 80399
cfn=(5192)
calls=2689 0 
0 69914
0 29579
cfn=(6314)
calls=2689 0 
0 96804
0 18823
cfn=(6316)
calls=2689 0 
0 121005
0 37646
cob=(3)
cfi=(3)
cfn=(6318)
calls=2689 0 
0 336125
0 719916
cfn=(6334)
calls=3721 0 
0 18605
0 13239
cfn=(5192)
calls=692 0 
0 17992
0 2768
cfn=(5192)
calls=692 0 
0 17992
0 4844
cfn=(6174)
calls=692 0 
0 7263272
0 75112
cfn=(5192)
calls=3721 0 
0 96746
0 18605
cfn=(5192)
calls=3721 0 
0 96746
0 415077
cfn=(6336)
calls=3779 0 
0 1812442
0 26453
cfn=(6356)
calls=3779 0 
0 196508
0 223850
cfn=(7752)
calls=4 0 
0 608
0 8
cfn=(7588) core::ptr::drop_glue::<tokio::runtime::context::runtime::EnterRuntimeGuard>
calls=4 0 
0 288
0 44

fn=(6184) <alloc::sync::Arc<axum::routing::path_router::Node> as core::default::Default>::default
0 18
cob=(2)
cfi=(2)
cfn=(4210)
calls=2 0 
0 420
0 70
cob=(2)
cfi=(2)
cfn=(4536)
calls=2 0 
0 58
0 22
cob=(2)
cfi=(2)
cfn=(4536)
calls=2 0 
0 58
0 34

fn=(6212)
0 11436

fn=(6214)
0 120
cob=(2)
cfi=(2)
cfn=(4210)
calls=2 0 
0 426
0 40
cob=(2)
cfi=(2)
cfn=(4972)
calls=2 0 
0 20
0 46

fn=(6220)
0 98
cfn=(6210)
calls=7 0 
0 826
0 244
cob=(2)
cfi=(2)
cfn=(4536)
calls=2 0 
0 128
0 24
cob=(2)
cfi=(2)
cfn=(4536)
calls=2 0 
0 128
0 35
cob=(2)
cfi=(2)
cfn=(4536)
calls=5 0 
0 284
0 110
cob=(2)
cfi=(2)
cfn=(4536)
calls=5 0 
0 320
0 55
cfn=(6222)
calls=1 0 
0 304
0 1

fn=(6316)
0 124380

fn=(6340) <tokio::runtime::time::Driver>::park_internal
0 68850
cfn=(6342)
calls=2295 0 
0 64260
0 73535
cfn=(6344)
calls=2200 0 
0 602353
0 95
cfn=(6344)
calls=95 0 
0 16858
0 9180
cfn=(5192)
calls=2295 0 
0 59670
0 18360
cfn=(6314)
calls=2295 0 
0 82620
0 57375
cfn=(6354)
calls=2295 0 
0 321363

fn=(6358)
0 18
cob=(2)
cfi=(2)
cfn=(6360) accept4
calls=2 0 
0 122
0 15
cob=(2)
cfi=(2)
cfn=(5034)
calls=1 0 
0 3
0 38

fn=(6372)
0 20
cob=(2)
cfi=(2)
cfn=(6374) getpeername
calls=1 0 
0 5
0 20

fn=(6390)
0 64

fn=(6398)
0 40
cob=(2)
cfi=(2)
cfn=(4210)
calls=1 0 
0 196
0 11
cob=(2)
cfi=(2)
cfn=(4536)
calls=1 0 
0 29
0 12
cob=(2)
cfi=(2)
cfn=(4536)
calls=1 0 
0 29
0 13
cob=(2)
cfi=(2)
cfn=(4210)
calls=1 0 
0 191
0 10
cob=(2)
cfi=(2)
cfn=(4536)
calls=1 0 
0 29
0 33
cob=(2)
cfi=(2)
cfn=(4210)
calls=1 0 
0 191
0 16
cob=(2)
cfi=(2)
cfn=(4536)
calls=1 0 
0 29
0 90
cfn=(6400)
calls=1 0 
0 302
0 6
cob=(2)
cfi=(2)
cfn=(4536)
calls=1 0 
0 124
0 11
cob=(2)
cfi=(2)
cfn=(4536)
calls=1 0 
0 124
0 10
cob=(2)
cfi=(2)
cfn=(4536)
calls=1 0 
0 136
0 8
cob=(2)
cfi=(2)
cfn=(4536)
calls=1 0 
0 136
0 10
cob=(2)
cfi=(2)
cfn=(4536)
calls=1 0 
0 29
0 8

fn=(6412)
0 43200
cfn=(6310)
calls=2400 0 
0 144069
0 50386
cob=(2)
cfi=(2)
cfn=(6416) writev
calls=2399 0 
0 143940
0 35996

fn=(6420)
0 29
cfn=(5698)
calls=1 0 
0 690
0 18
cfn=(6310)
calls=1 0 
0 127
0 3
cfn=(6310)
calls=1 0 
0 60
0 21
cob=(2)
cfi=(2)
cfn=(6450) getsockopt
calls=1 0 
0 6
0 29

fn=(6422)
0 5955

fn=(6436)
0 68

fn=(6458)
0 13

fn=(6498) core::ptr::drop_glue::<hyper::proto::h2::server::State<hyper_util::common::rewind::Rewind<hyper_util::rt::tokio::TokioIo<tonic::transport::server::service::io::ServerIo<tokio::net::tcp::stream::TcpStream>>>, tonic::body::Body>>
0 18
cfn=(6436)
calls=1 0 
0 17
0 7
cfn=(7642)
calls=1 0 
0 11972
0 15

fn=(6504)
0 253208
cfn=(6506) <h2::proto::streams::recv::Recv>::clear_expired_reset_streams
calls=2042 0 
0 34714
0 167814
cfn=(6400)
calls=1 0 
0 172
0 55
cfn=(6636)
calls=1 0 
0 50
0 224893
cfn=(6628)
calls=1206 0 
0 104992
0 70008
cfn=(6438)
calls=2921 0 
0 764494
0 35907
cfn=(6628)
calls=925 0 
0 189686
0 6281
cfn=(6444)
calls=46 0 
0 9314
0 33390
cfn=(6632)
calls=1206 0 
0 2003637
0 33124
cob=(2)
cfi=(2)
cfn=(4536)
calls=1206 0 
0 34974
0 42868
cob=(2)
cfi=(2)
cfn=(4536)
calls=1206 0 
0 34974
0 15678
cob=(2)
cfi=(2)
cfn=(4536)
calls=1206 0 
0 34974
0 4824
cfn=(6634) <h2::proto::connection::DynConnection<hyper::proto::h2::SendBuf<bytes::bytes::Bytes>>>::recv_frame
calls=1206 0 
0 1816825
0 29047
cfn=(6794) <h2::proto::streams::recv::Recv>::apply_local_settings
calls=1 0 
0 48
0 14489
cob=(2)
cfi=(2)
cfn=(4536)
calls=1206 0 
0 34974
0 52154
cfn=(6410)
calls=401 0 
0 218545
0 172894
cfn=(6410)
calls=2042 0 
0 455045
0 77596
cfn=(6510)
calls=2042 0 
0 65344
0 69391
cfn=(6510)
calls=2443 0 
0 245356
0 57244
cfn=(6512)
calls=3245 0 
0 123298
0 29205
cfn=(6514)
calls=3245 0 
0 1082703
0 11302
cob=(2)
cfi=(2)
cfn=(4536)
calls=1203 0 
0 76992
0 10426
cob=(2)
cfi=(2)
cfn=(4536)
calls=401 0 
0 25664
0 4010
cob=(2)
cfi=(2)
cfn=(4536)
calls=802 0 
0 51328
0 4812
cfn=(6400)
calls=1203 0 
0 1792633
0 8421
cfn=(6510)
calls=1203 0 
0 38496
0 1215
cfn=(6400)
calls=2 0 
0 236
0 10
cfn=(6486)
calls=2 0 
0 38
0 34718
cfn=(6312)
calls=2042 0 
0 14294
0 12712
cfn=(6780)
calls=1251 0 
0 10008
0 59218

fn=(6516)
0 110886

fn=(6518)
0 2410

fn=(8028)
0 27
cob=(2)
cfi=(2)
cfn=(4920)
calls=1 0 
0 117

fn=(8032)
0 21
cfn=(8034) <std::sync::once::Once>::call_once::<std::rt::cleanup::{closure#0}>::{closure#0}
calls=1 0 
0 108
0 26

fn=(8033)
0 37
cfn=(8038) <std::sync::once::Once>::call_once_force::<<std::sync::once_lock::OnceLock<std::sync::reentrant_lock::ReentrantLock<core::cell::RefCell<alloc::io::buffered::linewriter::LineWriter<std::io::stdio::StdoutRaw>>>>>::initialize<<std::sync::once_lock::OnceLock<std::sync::reentrant_lock::ReentrantLock<core::cell::RefCell<alloc::io::buffered::linewriter::LineWriter<std::io::stdio::StdoutRaw>>>>>::get_or_init<std::io::stdio::cleanup::{closure#0}>::{closure#0}, !>::{closure#0}>::{closure#0}
calls=1 0 
0 14
0 12

fn=(6558)
0 5681
cob=(2)
cfi=(2)
cfn=(4920)
calls=41 0 
0 3049
0 7464
cob=(2)
cfi=(2)
cfn=(4920)
calls=843 0 
0 59995
0 168

fn=(6566)
0 5225

fn=(6624)
0 236354
cfn=(6506)
calls=2003 0 
0 34051
0 165715
cfn=(6400)
calls=1 0 
0 172
0 55
cfn=(6636)
calls=1 0 
0 47
0 222353
cfn=(6628)
calls=1207 0 
0 120380
0 70526
cfn=(6626)
calls=2820 0 
0 558673
0 56573
cfn=(6628)
calls=1204 0 
0 360253
0 15308
cfn=(6626)
calls=387 0 
0 93267
0 32976
cfn=(6632)
calls=1207 0 
0 1403294
0 32948
cob=(2)
cfi=(2)
cfn=(4536)
calls=1207 0 
0 35003
0 42578
cob=(2)
cfi=(2)
cfn=(4536)
calls=1207 0 
0 35003
0 15691
cob=(2)
cfi=(2)
cfn=(4536)
calls=1207 0 
0 35003
0 4828
cfn=(6634)
calls=1207 0 
0 1310849
0 29071
cfn=(6794)
calls=1 0 
0 120
0 14501
cob=(2)
cfi=(2)
cfn=(4536)
calls=1207 0 
0 35003
0 51300
cfn=(6646)
calls=401 0 
0 227768
0 170268
cfn=(6646)
calls=2003 0 
0 487043
0 76114
cfn=(6642) <h2::proto::streams::prioritize::Prioritize>::reclaim_frame::<hyper::common::io::compat::Compat<tonic::transport::channel::service::io::BoxedIo>, hyper::proto::h2::SendBuf<bytes::bytes::Bytes>>
calls=2003 0 
0 64096
0 68104
cfn=(6642)
calls=2404 0 
0 224111
0 56503
cfn=(6512)
calls=3206 0 
0 187191
0 8417
cfn=(6818) <h2::proto::streams::store::Queue<h2::proto::streams::stream::NextSend>>::push_front
calls=401 0 
0 19649
0 1203
cfn=(6778)
calls=401 0 
0 84611
0 22442
cfn=(6514)
calls=3206 0 
0 945432
0 11224
cob=(2)
cfi=(2)
cfn=(4536)
calls=1203 0 
0 76992
0 13634
cob=(2)
cfi=(2)
cfn=(4536)
calls=802 0 
0 51328
0 2005
cob=(2)
cfi=(2)
cfn=(4536)
calls=401 0 
0 25664
0 4812
cfn=(6400)
calls=1203 0 
0 1877380
0 8421
cfn=(6642)
calls=1203 0 
0 62155
0 1209
cfn=(6400)
calls=1 0 
0 118
0 5
cfn=(6486)
calls=1 0 
0 19
0 36056
cfn=(6312)
calls=2003 0 
0 14021
0 11619
cfn=(6780)
calls=802 0 
0 6416
0 58087

fn=(6634)
0 91540
cfn=(6964)
calls=1203 0 
0 36090
0 70977
cfn=(6966)
calls=1203 0 
0 594177
0 16662
cob=(2)
cfi=(2)
cfn=(4536)
calls=1203 0 
0 62556
0 9624
cob=(2)
cfi=(2)
cfn=(4536)
calls=1203 0 
0 76992
0 34887
cfn=(6724)
calls=1203 0 
0 143157
0 38909
cfn=(6638)
calls=3 0 
0 243
0 34902
cfn=(6942)
calls=1203 0 
0 20451
0 24461
cfn=(6962)
calls=802 0 
0 19248
0 3208
cfn=(6962)
calls=401 0 
0 9624
0 9624
cfn=(6824)
calls=1203 0 
0 68571
0 25263
cfn=(6936)
calls=401 0 
0 12832
0 4010
cfn=(6710)
calls=401 0 
0 38897
0 1203
cfn=(6938) <h2::proto::streams::store::VacantEntry>::insert
calls=401 0 
0 74055
0 26466
cob=(2)
cfi=(2)
cfn=(4536)
calls=1203 0 
0 62556
0 6015
cfn=(6942)
calls=1203 0 
0 20451
0 9624
cfn=(6942)
calls=1203 0 
0 20451
0 17315
cob=(2)
cfi=(2)
cfn=(4536)
calls=401 0 
0 25664
0 2005
cfn=(7330)
calls=401 0 
0 90484
0 4411
cob=(2)
cfi=(2)
cfn=(4536)
calls=802 0 
0 51328
0 4812
cfn=(6944)
calls=802 0 
0 1010396
0 12431
cfn=(6962)
calls=1203 0 
0 28872
0 9624
cfn=(6824)
calls=1203 0 
0 121904
0 54143
cob=(2)
cfi=(2)
cfn=(6426)
calls=2 0 
0 22
0 26537

fn=(6642)
0 123428
cfn=(7094)
calls=802 0 
0 158812
0 68122

fn=(6644)
0 50742

fn=(6650)
0 3196
cfn=(6652)
calls=799 0 
0 4109948

fn=(6668)
0 51328
cfn=(6670)
calls=802 0 
0 48293
0 5213
cfn=(6662)
calls=401 0 
0 17243
0 1604
cfn=(6670)
calls=401 0 
0 12102
0 3609
cob=(2)
cfi=(2)
cfn=(4536)
calls=401 0 
0 25664
0 6416
cfn=(6672)
calls=401 0 
0 26065
0 1604
cob=(2)
cfi=(2)
cfn=(4536)
calls=401 0 
0 25664
0 2807
cob=(2)
cfi=(2)
cfn=(4536)
calls=401 0 
0 25664
0 6817
cob=(2)
cfi=(2)
cfn=(4536)
calls=401 0 
0 25664
0 4010
cob=(2)
cfi=(2)
cfn=(4536)
calls=401 0 
0 20852
0 6015
cfn=(5808)
calls=401 0 
0 52130
0 6416
cob=(2)
cfi=(2)
cfn=(4536)
calls=401 0 
0 11629
0 2005
cfn=(6674)
calls=401 0 
0 847920
0 5614
cfn=(6690) <tokio::sync::oneshot::Sender<core::result::Result<core::pin::Pin<alloc::boxed::Box<dyn core::future::future::Future<Output = core::result::Result<http::response::Response<tonic::body::Body>, alloc::boxed::Box<dyn core::error::Error + core::marker::Send + core::marker::Sync>>> + core::marker::Send>>, tower::buffer::error::ServiceError>>>::send
calls=401 0 
0 44101
0 12030

fn=(6670)
0 27607
cob=(2)
cfi=(2)
cfn=(4536)
calls=401 0 
0 20802
0 12044

fn=(6704)
0 1604

fn=(6712)
0 11228
cfn=(6600)
calls=401 0 
0 120824
0 25664
cob=(2)
cfi=(2)
cfn=(4210)
calls=401 0 
0 16441
0 4806
cob=(2)
cfi=(2)
cfn=(4536)
calls=400 0 
0 4000
0 4
cob=(2)
cfi=(2)
cfn=(4536)
calls=1 0 
0 10
0 2005
cfn=(5786)
calls=401 0 
0 401
0 22456
cfn=(6714)
calls=401 0 
0 15639
0 2406
cob=(2)
cfi=(2)
cfn=(4210)
calls=401 0 
0 16978
0 4807
cob=(2)
cfi=(2)
cfn=(4536)
calls=400 0 
0 4800
0 3
cob=(2)
cfi=(2)
cfn=(4536)
calls=1 0 
0 12
0 7218
cfn=(5776)
calls=401 0 
0 3609
0 1604
cob=(2)
cfi=(2)
cfn=(4536)
calls=401 0 
0 11629
0 30877
cfn=(6716)
calls=1203 0 
0 8421
0 13233
cob=(2)
cfi=(2)
cfn=(4536)
calls=401 0 
0 11629
0 2807
cob=(2)
cfi=(2)
cfn=(4536)
calls=401 0 
0 11629
0 6015

fn=(6716)
0 84525

fn=(6734)
0 54135
cfn=(6606)
calls=3609 0 
0 86616
0 185262

fn=(6738)
0 30075
cfn=(6606)
calls=2005 0 
0 48120
0 129523
cfn=(6606)
calls=1604 0 
0 151177
0 59749
cob=(2)
cfi=(2)
cfn=(5150)
calls=401 0 
0 7218
0 17644
cfn=(5786)
calls=1604 0 
0 1604
0 14436

fn=(6772)
0 46115

fn=(6784)
0 12960
cfn=(6786)
calls=405 0 
0 27135
0 10125

fn=(6812)
0 7212

fn=(6818)
0 19649

fn=(6822)
0 67368
cob=(2)
cfi=(2)
cfn=(4536)
calls=2406 0 
0 153984
0 32942
cob=(2)
cfi=(2)
cfn=(4536)
calls=814 0 
0 52096
0 4776
cob=(2)
cfi=(2)
cfn=(4536)
calls=1592 0 
0 101888
0 19248

fn=(6840)
0 624

fn=(6842)
0 30
cfn=(6844) <alloc::raw_vec::RawVec<h2::hpack::table::Slot>>::grow_one
calls=5 0 
0 2402
0 67
cob=(2)
cfi=(2)
cfn=(4536)
calls=1 0 
0 64
0 27
cob=(2)
cfi=(2)
cfn=(4536)
calls=1 0 
0 64

fn=(6854)
0 42105
cob=(2)
cfi=(2)
cfn=(4536)
calls=1203 0 
0 20451
0 44511
cob=(2)
cfi=(2)
cfn=(4536)
calls=1203 0 
0 18045
0 43308
cob=(2)
cfi=(2)
cfn=(4536)
calls=1203 0 
0 18045
0 43308
cob=(2)
cfi=(2)
cfn=(4536)
calls=1203 0 
0 16842
0 25263

fn=(6856)
0 174034
cfn=(6778)
calls=802 0 
0 199602
0 9624
cfn=(6862)
calls=401 0 
0 11228
0 2005
cfn=(6776)
calls=401 0 
0 21654
0 40902
cfn=(6744)
calls=1203 0 
0 411871
0 15639
cfn=(6824)
calls=1203 0 
0 63759
0 36090

fn=(6872)
0 6015
cfn=(6874)
calls=1203 0 
0 310374
0 12030

fn=(6898) h2::hpack::decoder::take
0 61754
cfn=(6630)
calls=4411 0 
0 194084
0 154385

fn=(6904)
0 1604

fn=(6912)
0 18788

fn=(6940) <hashbrown::raw::RawTableInner>::find_insert_index
0 11

fn=(6972)
0 13233
cob=(2)
cfi=(2)
cfn=(4536)
calls=1203 0 
0 34887
0 7218
cfn=(6956)
calls=1203 0 
0 62556
0 15342

fn=(7018)
0 4812
cob=(2)
cfi=(2)
cfn=(4210)
calls=401 0 
0 25722
0 6815

fn=(7072) <h2::share::RecvStream>::poll_data
0 125488
cfn=(6790)
calls=2852 0 
0 199854
0 15598
cfn=(6792)
calls=1248 0 
0 16670
0 19829
cob=(2)
cfi=(2)
cfn=(4536)
calls=401 0 
0 11629
0 2406
cfn=(6956)
calls=401 0 
0 20852
0 9047
cfn=(6422)
calls=400 0 
0 2000
cfn=(6312)
calls=447 0 
0 3129
0 86137
cfn=(7534)
calls=2 0 
0 1538
0 18
cob=(2)
cfi=(2)
cfn=(6426)
calls=2 0 
0 22
0 51211

fn=(7074) <h2::share::FlowControl>::release_capacity
0 42105
cfn=(7076)
calls=1203 0 
0 150375
0 26466

fn=(7086)
0 46115

fn=(7092)
0 23258

fn=(7128)
0 8855
cob=(2)
cfi=(2)
cfn=(4920)
calls=805 0 
0 61509

fn=(7138) core::ptr::drop_glue::<<devloop::echo::echo_server::EchoServer<devloop::TonicEchod> as tower_service::Service<http::request::Request<tonic::body::Body>>>::call::{closure#0}>
0 5213

fn=(7168)
0 1604
cfn=(7170)
calls=401 0 
0 6015

fn=(7190)
0 23659
cob=(2)
cfi=(2)
cfn=(4210)
calls=1604 0 
0 75691
0 19224
cob=(2)
cfi=(2)
cfn=(4536)
calls=1600 0 
0 198210
0 16
cob=(2)
cfi=(2)
cfn=(4536)
calls=4 0 
0 496
0 83408
cfn=(6572)
calls=1604 0 
0 120300
0 8020
cfn=(6574)
calls=1604 0 
0 14436
0 17644
cfn=(7194)
calls=1604 0 
0 14436
0 25664
cfn=(7196)
calls=1604 0 
0 35288
0 40489
cfn=(6350)
calls=389 0 
0 35399
0 11228
cfn=(7198)
calls=1604 0 
0 20852
0 11629
cob=(2)
cfi=(2)
cfn=(4920)
calls=401 0 
0 26553
0 2807
cfn=(7196)
calls=401 0 
0 8822
0 12030

fn=(7216)
0 2406
cfn=(7218) core::ptr::drop_glue::<tokio::sync::mpsc::chan::Chan<core::result::Result<devloop::echo::EchoReply, tonic::status::Status>, tokio::sync::mpsc::bounded::Semaphore>>
calls=401 0 
0 61486
0 3609
cob=(2)
cfi=(2)
cfn=(4920)
calls=401 0 
0 30730

fn=(7230)
0 8822
cfn=(5786)
calls=802 0 
0 802
0 1604
cfn=(6594)
calls=802 0 
0 95382
0 5614

fn=(7258)
0 62972

fn=(7286)
0 5614
cfn=(7288)
calls=401 0 
0 5213
0 3208
cob=(2)
cfi=(2)
cfn=(4920)
calls=401 0 
0 87780

fn=(7322)
0 5213

fn=(7570)
0 11
cfn=(7572)
calls=1 0 
0 20
0 10
cfn=(7574) <&std::io::stdio::Stderr as core::io::write::Write>::write_fmt
calls=1 0 
0 501
0 7

fn=(7586) core::ptr::drop_glue::<devloop::cmd_run_cell::{closure#1}>
0 5

fn=(7606) core::ptr::drop_glue::<<tonic::transport::server::Server>::serve_internal<tonic::service::router::Routes, tokio_stream::wrappers::tcp_listener::TcpListenerStream, core::future::ready::Ready<()>, tokio::net::tcp::stream::TcpStream, core::io::error::Error, tonic::body::Body>::{closure#0}>
0 15
cfn=(7608)
calls=1 0 
0 224
0 5
cfn=(7614) <alloc::sync::Arc<tokio::sync::watch::Sender<()>>>::drop_slow
calls=1 0 
0 568
0 25
cfn=(7214)
calls=1 0 
0 33
0 4
cfn=(7618)
calls=1 0 
0 78
0 27

fn=(7610)
0 15
cfn=(7612) <tokio::runtime::io::registration::Registration as core::ops::drop::Drop>::drop
calls=3 0 
0 159
0 39

fn=(7612)
0 72
cfn=(6780)
calls=3 0 
0 24
0 63

fn=(7614)
0 10
cfn=(7616)
calls=1 0 
0 424
0 11
cob=(2)
cfi=(2)
cfn=(4920)
calls=1 0 
0 123

fn=(7632)
0 26
cfn=(7024)
calls=1 0 
0 2667
0 4
cob=(2)
cfi=(2)
cfn=(4920)
calls=1 0 
0 73
0 7
cfn=(6498)
calls=1 0 
0 11993

fn=(7636)
0 46
cob=(2)
cfi=(2)
cfn=(4920)
calls=1 0 
0 73
0 59
cfn=(7042)
calls=1 0 
0 134
0 116
cob=(2)
cfi=(2)
cfn=(4920)
calls=2 0 
0 373

fn=(7652)
0 16
cfn=(7654)
calls=2 0 
0 344
0 10
cob=(2)
cfi=(2)
cfn=(4920)
calls=2 0 
0 146

fn=(7690)
0 22
cfn=(7626)
calls=1 0 
0 289
0 5
cfn=(6886)
calls=1 0 
0 56
0 13
cfn=(7692)
calls=1 0 
0 26
0 2
cob=(2)
cfi=(2)
cfn=(4920)
calls=1 0 
0 200
0 6

fn=(7704)
0 10
cfn=(7644)
calls=1 0 
0 896
0 2
cfn=(7706)
calls=1 0 
0 1448
0 2
cfn=(7668)
calls=1 0 
0 7934
0 2
cfn=(7670)
calls=1 0 
0 10
0 6
cfn=(7672)
calls=1 0 
0 79

fn=(7718) core::ptr::drop_glue::<h2::client::SendRequest<hyper::proto::h2::SendBuf<bytes::bytes::Bytes>>>
0 5
cfn=(7674)
calls=1 0 
0 1123
0 6

fn=(7722) core::ptr::drop_glue::<tokio::sync::mpsc::unbounded::UnboundedReceiver<hyper::client::dispatch::Envelope<http::request::Request<tonic::body::Body>, http::response::Response<hyper::body::incoming::Incoming>>>>
0 32
cfn=(7214)
calls=1 0 
0 33
0 21
cfn=(6780)
calls=1 0 
0 8
0 6
cfn=(6660)
calls=1 0 
0 30
0 8
cfn=(6660)
calls=1 0 
0 30
0 12

fn=(7724) core::ptr::drop_glue::<core::option::Option<hyper::proto::h2::client::FutCtx<tonic::body::Body>>>
0 13

fn=(7766)
0 42
cob=(2)
cfi=(2)
cfn=(6426)
calls=1 0 
0 11
0 79
cfn=(7768)
calls=2 0 
0 219
0 26
cfn=(6424)
calls=1 0 
0 101
0 134
cfn=(7956)
calls=4 0 
0 2308
0 19
cob=(2)
cfi=(2)
cfn=(4920)
calls=1 0 
0 65
0 8

fn=(7772) <alloc::collections::btree::node::Handle<alloc::collections::btree::node::NodeRef<alloc::collections::btree::node::marker::Mut, usize, std::sys::pal::unix::stack_overflow::thread_info::ThreadInfo, alloc::collections::btree::node::marker::Leaf>, alloc::collections::btree::node::marker::KV>>::remove_leaf_kv::<<alloc::collections::btree::map::entry::OccupiedEntry<usize, std::sys::pal::unix::stack_overflow::thread_info::ThreadInfo>>::remove_kv::{closure#0}, alloc::alloc::Global>
0 100
cob=(2)
cfi=(2)
cfn=(4536)
calls=4 0 
0 46
0 64
cob=(2)
cfi=(2)
cfn=(4536)
calls=4 0 
0 56
0 180

fn=(7932)
0 36
cfn=(7934) core::ptr::drop_glue::<tokio::runtime::scheduler::multi_thread::queue::Local<alloc::sync::Arc<tokio::runtime::scheduler::multi_thread::handle::Handle>>>
calls=4 0 
0 92
0 28

fn=(7936)
0 25
cfn=(6692)
calls=1 0 
0 52
0 13
cob=(2)
cfi=(2)
cfn=(4920)
calls=1 0 
0 65

fn=(8018) core::ptr::drop_glue::<std::thread::lifecycle::Packet<()>>
0 104

fn=(6522)
0 17

fn=(4108)
0 11
cob=(2)
cfi=(2)
cfn=(4110) (below main)
calls=1 0 
0 7618711

fn=(5014)
0 79
cob=(2)
cfi=(2)
cfn=(4198)
calls=4 0 
0 8
0 12
cob=(2)
cfi=(2)
cfn=(4200)
calls=4 0 
0 4156
0 24
cob=(2)
cfi=(2)
cfn=(6152) pthread_attr_getguardsize
calls=4 0 
0 16
0 44
cob=(2)
cfi=(2)
cfn=(5010)
calls=4 0 
0 32
0 28
cob=(2)
cfi=(2)
cfn=(5012)
calls=4 0 
0 640
0 28
cfn=(5024)
calls=4 0 
0 872
0 35
cob=(2)
cfi=(2)
cfn=(5016) sigaltstack
calls=5 0 
0 25
0 20
cob=(2)
cfi=(2)
cfn=(5018) getauxval
calls=5 0 
0 725
0 55
cob=(2)
cfi=(2)
cfn=(5020) mmap
calls=5 0 
0 110
0 35
cob=(2)
cfi=(2)
cfn=(5022) mprotect
calls=5 0 
0 25
0 45
cob=(2)
cfi=(2)
cfn=(5016)
calls=5 0 
0 25
0 45

fn=(5060)
0 119
cob=(2)
cfi=(2)
cfn=(4210)
calls=1 0 
0 41
0 11
cob=(2)
cfi=(2)
cfn=(4536)
calls=1 0 
0 10
0 164
cfn=(5062) <&str as core::str::pattern::Pattern>::is_contained_in
calls=1 0 
0 91
0 7
cfn=(5062)
calls=1 0 
0 101
0 10
cob=(2)
cfi=(2)
cfn=(4920)
calls=1 0 
0 65
0 39
cfn=(5064)
calls=1 0 
0 510
0 4
cfn=(5088)
calls=1 0 
0 37678
0 14
cfn=(5664) core::ptr::drop_glue::<tokio::runtime::builder::Builder>
calls=1 0 
0 31
0 2
cob=(2)
cfi=(2)
cfn=(4210)
calls=1 0 
0 41
0 11
cob=(2)
cfi=(2)
cfn=(4972)
calls=1 0 
0 70
0 11
cfn=(5666)
calls=1 0 
0 63
0 22
cfn=(5222)
calls=1 0 
0 63
0 5
cfn=(5066)
calls=1 0 
0 141
0 9
cfn=(5668)
calls=1 0 
0 33
0 28
cfn=(5670) <tokio::runtime::park::CachedParkThread>::waker
calls=1 0 
0 521
0 13116
cfn=(5674)
calls=1191 0 
0 7314674
0 19050
cfn=(6424)
calls=1190 0 
0 120190
0 1192
cfn=(7586)
calls=1 0 
0 5
0 3
cfn=(6800)
calls=1 0 
0 7
0 2
cfn=(7588)
calls=1 0 
0 72
0 3
cfn=(5662)
calls=1 0 
0 45
0 7
cob=(2)
cfi=(2)
cfn=(4920)
calls=1 0 
0 65
0 2
cfn=(7590)
calls=1 0 
0 3680
0 1

fn=(5070)
0 170
cob=(2)
cfi=(2)
cfn=(5072) getrandom
calls=5 0 
0 434
0 85

fn=(5148)
0 170
cob=(2)
cfi=(2)
cfn=(5150)
calls=5 0 
0 90
0 38

fn=(5672) <std::sys::thread_local::native::lazy::Storage<tokio::runtime::park::ParkThread, ()>>::get_or_init_slow::<tokio::runtime::park::CURRENT_PARKER::__rust_std_internal_init_fn>
0 10
cob=(2)
cfi=(2)
cfn=(4210)
calls=1 0 
0 41
0 22
cfn=(5308)
calls=1 0 
0 425
0 4

fn=(5686)
0 25

fn=(5726)
0 27
cfn=(5717)
calls=1 0 
0 1230
0 4

fn=(5732)
0 105

fn=(5838)
0 16
cfn=(5684)
calls=1 0 
0 142
0 11
cob=(2)
cfi=(2)
cfn=(4210)
calls=1 0 
0 41
0 29

fn=(5844)
0 17
cfn=(5300)
calls=1 0 
0 74
0 10

fn=(6182)
0 19
cfn=(6184)
calls=1 0 
0 340
0 22
cfn=(6184)
calls=1 0 
0 340
0 16
cfn=(6186)
calls=1 0 
0 28
0 5
cfn=(6190)
calls=1 0 
0 3409
0 5
cob=(2)
cfi=(2)
cfn=(4536)
calls=1 0 
0 52
0 5
cfn=(6190)
calls=1 0 
0 4411
0 24
cob=(2)
cfi=(2)
cfn=(4210)
calls=1 0 
0 210
0 10
cob=(2)
cfi=(2)
cfn=(4536)
calls=1 0 
0 29
0 3
cfn=(6230)
calls=1 0 
0 172
0 2
cob=(2)
cfi=(2)
cfn=(4210)
calls=1 0 
0 38
0 27
cob=(2)
cfi=(2)
cfn=(4536)
calls=1 0 
0 29
0 4
cob=(2)
cfi=(2)
cfn=(4210)
calls=1 0 
0 41
0 10
cob=(2)
cfi=(2)
cfn=(4536)
calls=1 0 
0 29
0 17
cob=(2)
cfi=(2)
cfn=(4210)
calls=1 0 
0 207
0 13
cob=(2)
cfi=(2)
cfn=(4536)
calls=1 0 
0 29
0 4
cfn=(6230)
calls=1 0 
0 172
0 5
cob=(2)
cfi=(2)
cfn=(4536)
calls=1 0 
0 52
0 3
cfn=(6186)
calls=1 0 
0 366
0 6
cfn=(6190)
calls=1 0 
0 546
0 5
cob=(2)
cfi=(2)
cfn=(4536)
calls=1 0 
0 52
0 5
cfn=(6190)
calls=1 0 
0 598
0 6
cob=(2)
cfi=(2)
cfn=(4536)
calls=1 0 
0 29
0 4
cob=(2)
cfi=(2)
cfn=(4210)
calls=1 0 
0 41
0 10
cob=(2)
cfi=(2)
cfn=(4536)
calls=1 0 
0 29
0 7

fn=(6202)
0 133
cfn=(6204)
calls=5 0 
0 896
0 144

fn=(6210)
0 9269
cfn=(6212)
calls=403 0 
0 10881
0 27611
cfn=(6212)
calls=9 0 
0 243
0 612

fn=(6252) core::ptr::drop_glue::<hashbrown::raw::RawIntoIter<(axum::routing::RouteId, axum::routing::Endpoint<()>)>>
0 48
cob=(2)
cfi=(2)
cfn=(4920)
calls=2 0 
0 346

fn=(6284)
0 15
cfn=(6286)
calls=3 0 
0 9
0 12
cob=(2)
cfi=(2)
cfn=(4920)
calls=3 0 
0 219
0 18

fn=(6352)
0 16408
cfn=(5708)
calls=2344 0 
0 177508
0 23352
cfn=(5708)
calls=3336 0 
0 276542

fn=(6406) <core::pin::Pin<&mut tonic::transport::server::Fuse<<tokio::sync::watch::Receiver<()>>::changed::{closure#0}>> as core::future::future::Future>::poll
0 32860

fn=(6434)
0 128382

fn=(6442)
0 49691
cfn=(6444)
calls=2923 0 
0 501306
0 36867

fn=(6456)
0 19

fn=(8034)
0 19
cfn=(8036)
calls=1 0 
0 86
0 3

fn=(8038)
0 14

fn=(8052) std::sys::thread_local::native::lazy::destroy::<tokio::runtime::park::ParkThread>
0 8
cfn=(8054)
calls=1 0 
0 123

fn=(6568)
0 11
cfn=(7582)
calls=1 0 
0 188
0 22456

fn=(6576)
0 3609

fn=(6658)
0 42042

fn=(6690)
0 14837
cfn=(6692)
calls=401 0 
0 20852
0 2448
cfn=(6796)
calls=21 0 
0 2355
0 3609

fn=(6694)
0 4411
cfn=(6696) core::ptr::drop_glue::<core::option::Option<(http::request::Request<tonic::body::Body>, hyper::client::dispatch::Callback<http::request::Request<tonic::body::Body>, http::response::Response<hyper::body::incoming::Incoming>>)>>
calls=401 0 
0 5213
0 2005

fn=(6708)
0 15238
cob=(2)
cfi=(2)
cfn=(4920)
calls=401 0 
0 27343
0 3609
cob=(2)
cfi=(2)
cfn=(4972)
calls=401 0 
0 4010
0 7218

fn=(6718)
0 6015
cfn=(6720)
calls=401 0 
0 35149
0 2005
cfn=(6724)
calls=401 0 
0 47719
0 24060
cfn=(6728)
calls=401 0 
0 10716
0 4818
cfn=(6726)
calls=1 0 
0 155
0 1

fn=(6748)
0 30
cfn=(5300)
calls=2 0 
0 476
0 18

fn=(6828)
0 37293
cob=(2)
cfi=(2)
cfn=(4920)
calls=1203 0 
0 89805
0 4812
cob=(2)
cfi=(2)
cfn=(4536)
calls=1203 0 
0 34887
0 37293
cob=(2)
cfi=(2)
cfn=(4536)
calls=1203 0 
0 34887
0 12828
cfn=(6834)
calls=3204 0 
0 142923
0 83809
cfn=(6830) <h2::frame::headers::Iter as core::iter::traits::iterator::Iterator>::next
calls=4411 0 
0 210926
0 3609
cfn=(6830)
calls=1203 0 
0 67769
0 414233
cfn=(6716)
calls=1604 0 
0 11228
0 401
cfn=(6716)
calls=401 0 
0 2807
0 85814
cfn=(6716)
calls=2005 0 
0 14035
0 138802
cob=(2)
cfi=(2)
cfn=(4210)
calls=2 0 
0 420
0 197062
cob=(2)
cfi=(2)
cfn=(5150)
calls=400 0 
0 7200
0 139256
cfn=(6836)
calls=7 0 
0 1620
0 24343
cfn=(6832)
calls=2 0 
0 469
0 19954
cob=(2)
cfi=(2)
cfn=(4210)
calls=2 0 
0 396
0 212
cob=(2)
cfi=(2)
cfn=(4920)
calls=2 0 
0 146
0 115960
cob=(2)
cfi=(2)
cfn=(5150)
calls=400 0 
0 7292
0 5842
cob=(2)
cfi=(2)
cfn=(5150)
calls=5842 0 
0 115105
0 110560
cfn=(6716)
calls=17 0 
0 119
0 221
cfn=(6840)
calls=17 0 
0 442
0 363
cfn=(6842)
calls=3 0 
0 2066
0 8080
cfn=(6848) h2::hpack::encoder::encode_not_indexed
calls=401 0 
0 287546
0 1270
cfn=(6716)
calls=1 0 
0 7
0 4
cfn=(6846)
calls=1 0 
0 103
0 2
cfn=(6846)
calls=1 0 
0 316
0 24
cfn=(6846)
calls=1 0 
0 603
0 92
cfn=(6846)
calls=23 0 
0 16704
0 46577
cfn=(6852)
calls=1203 0 
0 181611
0 14336
cfn=(6834)
calls=1183 0 
0 37005
0 19248

fn=(6900)
0 35774
cob=(2)
cfi=(2)
cfn=(4920)
calls=803 0 
0 186414
0 2409
cob=(2)
cfi=(2)
cfn=(4920)
calls=803 0 
0 68955
0 18496

fn=(6920)
0 75
cfn=(5300)
calls=5 0 
0 3749
0 45

fn=(6922) <bytes::bytes_mut::BytesMut as bytes::buf::buf_mut::BufMut>::put_slice
0 6448
cob=(2)
cfi=(2)
cfn=(4536)
calls=403 0 
0 6045
0 4030

fn=(6950)
0 12431

fn=(6970)
0 95438

fn=(6990)
0 16767
cfn=(6760)
calls=790 0 
0 3389010
0 5820
cfn=(6992) <hyper_util::service::glue::TowerToHyperServiceFuture<tower::util::map_request::MapRequest<tower::util::boxed_clone::BoxCloneService<http::request::Request<tonic::body::Body>, http::response::Response<tonic::body::Body>, alloc::boxed::Box<dyn core::error::Error + core::marker::Send + core::marker::Sync>>, <tonic::transport::server::Server>::serve_internal<tonic::service::router::Routes, tonic::transport::server::incoming::TcpIncoming, core::future::ready::Ready<()>, tokio::net::tcp::stream::TcpStream, core::io::error::Error, tonic::body::Body>::{closure#0}::{closure#1}>, http::request::Request<hyper::body::incoming::Incoming>> as core::future::future::Future>::poll
calls=848 0 
0 6427925
0 6475
cfn=(6762)
calls=447 0 
0 50360
0 9762
cfn=(6698)
calls=401 0 
0 239397
0 2005
cfn=(7148)
calls=401 0 
0 44511
0 4812
cfn=(7150)
calls=401 0 
0 135339
0 5706
cfn=(7164)
calls=401 0 
0 8020
0 2406
cfn=(7166)
calls=401 0 
0 12832
0 8822
cfn=(7172)
calls=401 0 
0 861092
0 22130
cfn=(7022)
calls=401 0 
0 8020
0 5213

fn=(6994) <tower::util::map_future::MapFuture<tonic::transport::server::service::io::ConnectInfo<tonic::transport::server::Svc<tonic::service::recover_error::RecoverError<tower::util::either::Either<tower::load_shed::LoadShed<tower::util::either::Either<tower::limit::concurrency::service::ConcurrencyLimit<tonic::transport::service::grpc_timeout::GrpcTimeout<tonic::service::router::Routes>>, tonic::transport::service::grpc_timeout::GrpcTimeout<tonic::service::router::Routes>>>, tower::util::either::Either<tower::limit::concurrency::service::ConcurrencyLimit<tonic::transport::service::grpc_timeout::GrpcTimeout<tonic::service::router::Routes>>, tonic::transport::service::grpc_timeout::GrpcTimeout<tonic::service::router::Routes>>>>>, tonic::transport::server::service::io::ServerIoConnectInfo<tokio::net::tcp::stream::TcpStream>>, <tower::util::boxed_clone::BoxCloneService<http::request::Request<tonic::body::Body>, http::response::Response<tonic::body::Body>, alloc::boxed::Box<dyn core::error::Error + core::marker::Send + core::marker::Sync>>>::new<tonic::transport::server::service::io::ConnectInfo<tonic::transport::server::Svc<tonic::service::recover_error::RecoverError<tower::util::either::Either<tower::load_shed::LoadShed<tower::util::either::Either<tower::limit::concurrency::service::ConcurrencyLimit<tonic::transport::service::grpc_timeout::GrpcTimeout<tonic::service::router::Routes>>, tonic::transport::service::grpc_timeout::GrpcTimeout<tonic::service::router::Routes>>>, tower::util::either::Either<tower::limit::concurrency::service::ConcurrencyLimit<tonic::transport::service::grpc_timeout::GrpcTimeout<tonic::service::router::Routes>>, tonic::transport::service::grpc_timeout::GrpcTimeout<tonic::service::router::Routes>>>>>, tonic::transport::server::service::io::ServerIoConnectInfo<tokio::net::tcp::stream::TcpStream>>>::{closure#0}> as tower_service::Service<http::request::Request<tonic::body::Body>>>::poll_ready
0 4010
cfn=(6996)
calls=401 0 
0 7619
0 4812

fn=(6998) <http::request::Request<hyper::body::incoming::Incoming>>::map::<<tonic::body::Body>::new<hyper::body::incoming::Incoming>, tonic::body::Body>
0 7619
cfn=(6982)
calls=401 0 
0 24935
0 5614
cob=(2)
cfi=(2)
cfn=(4210)
calls=401 0 
0 16982
0 7206
cob=(2)
cfi=(2)
cfn=(4536)
calls=400 0 
0 11600
0 10
cob=(2)
cfi=(2)
cfn=(4536)
calls=1 0 
0 29
0 3208

fn=(7028)
0 15402
cfn=(7044) <axum::util::MapIntoResponseFuture<core::pin::Pin<alloc::boxed::Box<dyn core::future::future::Future<Output = core::result::Result<http::response::Response<tonic::body::Body>, core::convert::Infallible>> + core::marker::Send>>> as core::future::future::Future>::poll
calls=447 0 
0 2772559
0 3419
cfn=(7030) <tower::util::map_future::MapFuture<axum::util::MapIntoResponse<tower::util::map_request::MapRequest<devloop::adoption_rpc::Echo<pbrs_grpc::codec::prost::Message<pbrs_adoption_corpus::prost_types::EntityList>>, <tonic::service::router::Routes>::add_service<devloop::adoption_rpc::Echo<pbrs_grpc::codec::prost::Message<pbrs_adoption_corpus::prost_types::EntityList>>>::{closure#0}>>, <tower::util::boxed_clone_sync::BoxCloneSyncService<http::request::Request<axum_core::body::Body>, http::response::Response<axum_core::body::Body>, core::convert::Infallible>>::new<axum::util::MapIntoResponse<tower::util::map_request::MapRequest<devloop::adoption_rpc::Echo<pbrs_grpc::codec::prost::Message<pbrs_adoption_corpus::prost_types::EntityList>>, <tonic::service::router::Routes>::add_service<devloop::adoption_rpc::Echo<pbrs_grpc::codec::prost::Message<pbrs_adoption_corpus::prost_types::EntityList>>>::{closure#0}>>>::{closure#0}> as tower_service::Service<http::request::Request<axum_core::body::Body>>>::poll_ready
calls=401 0 
0 802
0 4010
cob=(2)
cfi=(2)
cfn=(4536)
calls=401 0 
0 11629
0 1203
cfn=(7032)
calls=401 0 
0 413939
0 1604
cfn=(7040)
calls=401 0 
0 42134
0 2807
cfn=(7044)
calls=401 0 
0 1291400
0 8020
cfn=(7040)
calls=401 0 
0 131023
0 32481
cfn=(7036)
calls=401 0 
0 3208
0 10485
cob=(2)
cfi=(2)
cfn=(4210)
calls=401 0 
0 16441
0 10825

fn=(7030)
0 802

fn=(7038)
0 5614
cfn=(6982)
calls=802 0 
0 49870
0 2807
cfn=(6982)
calls=401 0 
0 24863

fn=(7044)
0 8480
cfn=(7046)
calls=848 0 
0 4010911
0 11767
cob=(2)
cfi=(2)
cfn=(4210)
calls=401 0 
0 16441
0 16360

fn=(7070)
0 50890
cfn=(7100)
calls=802 0 
0 134335
0 16220
cfn=(7072)
calls=2852 0 
0 565428
0 41438
cfn=(6980)
calls=802 0 
0 11228
0 12030
cfn=(7074)
calls=1203 0 
0 218946
0 48971
cfn=(7080)
calls=1203 0 
0 20451
0 9624

fn=(7088)
0 48120

fn=(7108)
0 12040
cfn=(7710)
calls=1 0 
0 1995
cfn=(7292) core::ptr::drop_glue::<<tonic::transport::channel::service::add_origin::AddOrigin<tonic::transport::channel::service::user_agent::UserAgent<tonic::transport::service::grpc_timeout::GrpcTimeout<tower::util::either::Either<tower::limit::concurrency::service::ConcurrencyLimit<tower::util::either::Either<tower::limit::rate::service::RateLimit<tonic::transport::channel::service::reconnect::Reconnect<tonic::transport::channel::service::connection::MakeSendRequestService<tonic::transport::channel::service::connector::Connector<tonic::transport::channel::uds_connector::UdsConnector>>, http::uri::Uri>>, tonic::transport::channel::service::reconnect::Reconnect<tonic::transport::channel::service::connection::MakeSendRequestService<tonic::transport::channel::service::connector::Connector<tonic::transport::channel::uds_connector::UdsConnector>>, http::uri::Uri>>>, tower::util::either::Either<tower::limit::rate::service::RateLimit<tonic::transport::channel::service::reconnect::Reconnect<tonic::transport::channel::service::connection::MakeSendRequestService<tonic::transport::channel::service::connector::Connector<tonic::transport::channel::uds_connector::UdsConnector>>, http::uri::Uri>>, tonic::transport::channel::service::reconnect::Reconnect<tonic::transport::channel::service::connection::MakeSendRequestService<tonic::transport::channel::service::connector::Connector<tonic::transport::channel::uds_connector::UdsConnector>>, http::uri::Uri>>>>>> as tower_service::Service<http::request::Request<tonic::body::Body>>>::call::{closure#1}>
calls=401 0 
0 2406
cfn=(7138)
calls=401 0 
0 5213
cfn=(7107)
calls=401 0 
0 183580
0 8428
cob=(2)
cfi=(2)
cfn=(4920)
calls=1204 0 
0 188348

fn=(7114)
0 2005
cfn=(7116)
calls=401 0 
0 43709
0 802
cfn=(6874)
calls=401 0 
0 91428
0 4812
cfn=(7116)
calls=401 0 
0 43709
0 802
cfn=(6874)
calls=401 0 
0 445498
0 2807

fn=(7156)
0 1102
cfn=(6314)
calls=58 0 
0 2088
0 348
cfn=(7158) <httpdate::date::HttpDate as core::convert::From<std::time::SystemTime>>::from
calls=58 0 
0 11948
0 522
cfn=(5716)
calls=58 0 
0 18618
0 12006
cob=(2)
cfi=(2)
cfn=(4210)
calls=58 0 
0 2378
0 1434
cfn=(6558)
calls=54 0 
0 6173
cfn=(5786)
calls=3 0 
0 3
0 14
cfn=(5786)
calls=1 0 
0 1
0 1856

fn=(7158)
0 696
cfn=(6314)
calls=58 0 
0 2088
0 9164

fn=(7212)
0 14070

fn=(7218)
0 6416
cfn=(7180)
calls=401 0 
0 11629
0 2807
cob=(2)
cfi=(2)
cfn=(4920)
calls=401 0 
0 35421
0 5213

fn=(7220)
0 4812
cfn=(7222)
calls=401 0 
0 83665
0 6817
cfn=(7224)
calls=401 0 
0 206114
0 7619

fn=(7240) core::ptr::drop_glue::<http_body_util::combinators::map_err::MapErr<axum_core::body::Body, <tonic::status::Status>::map_error<axum_core::error::Error>>>
0 4010
cfn=(7106)
calls=401 0 
0 52905
0 2807
cob=(2)
cfi=(2)
cfn=(4920)
calls=401 0 
0 29273

fn=(7250)
0 7619
cob=(2)
cfi=(2)
cfn=(4536)
calls=401 0 
0 11629
0 6778
cfn=(6692)
calls=388 0 
0 20176
0 2498
cfn=(7268)
calls=46 0 
0 5244
0 3609

fn=(7254)
0 12431
cfn=(7256)
calls=401 0 
0 38296
0 4010

fn=(7270)
0 3790
cfn=(7272)
calls=758 0 
0 19708
0 3790
cob=(2)
cfi=(2)
cfn=(4920)
calls=758 0 
0 176073

fn=(7292)
0 2406

fn=(7326)
0 6015

fn=(7336)
0 27669

fn=(7438) <tokio::runtime::driver::Driver>::park_timeout
0 855
cfn=(6340)
calls=95 0 
0 48254

fn=(7574)
0 33
cfn=(5716)
calls=1 0 
0 447
0 21

fn=(7588)
0 20
cfn=(5662)
calls=1 0 
0 45
0 87
cfn=(5662)
calls=4 0 
0 180
0 28

fn=(7592)
0 18
cfn=(7594) <tokio::runtime::scheduler::multi_thread::handle::Handle>::shutdown
calls=1 0 
0 249

fn=(7604) core::ptr::drop_glue::<<tonic::transport::server::Server>::serve_with_incoming<tonic::service::router::Routes, tokio_stream::wrappers::tcp_listener::TcpListenerStream, tokio::net::tcp::stream::TcpStream, core::io::error::Error, tonic::body::Body>::{closure#0}>
0 15
cfn=(7606)
calls=1 0 
0 979

fn=(7618)
0 10
cob=(2)
cfi=(2)
cfn=(4920)
calls=2 0 
0 198

fn=(7622)
0 26

fn=(7656)
0 8
cob=(2)
cfi=(2)
cfn=(4920)
calls=2 0 
0 146

fn=(7676)
0 12
cfn=(7678)
calls=2 0 
0 1278
0 18
cob=(2)
cfi=(2)
cfn=(4920)
calls=2 0 
0 138

fn=(7696)
0 93
cfn=(7726)
calls=1 0 
0 2350
cfn=(7108)
calls=1 0 
0 2077
cfn=(6868)
calls=1 0 
0 10692
0 15
cob=(2)
cfi=(2)
cfn=(4920)
calls=3 0 
0 384
0 126

fn=(7712)
0 9
cfn=(6864)
calls=1 0 
0 487
0 2
cfn=(7716) core::ptr::drop_glue::<futures_channel::oneshot::Receiver<core::convert::Infallible>>
calls=1 0 
0 121
0 5
cfn=(7718)
calls=1 0 
0 1134
0 2
cfn=(7720) core::ptr::drop_glue::<hyper::client::dispatch::Receiver<http::request::Request<tonic::body::Body>, http::response::Response<hyper::body::incoming::Incoming>>>
calls=1 0 
0 212
0 5
cfn=(7724)
calls=1 0 
0 13

fn=(7720)
0 16
cfn=(7722)
calls=1 0 
0 180
0 16

fn=(7764)
0 44
cfn=(5192)
calls=2 0 
0 52
0 68
cob=(2)
cfi=(2)
cfn=(6426)
calls=2 0 
0 22
0 32

fn=(7942) <alloc::sync::Arc<tokio::runtime::scheduler::multi_thread::queue::Inner<alloc::sync::Arc<tokio::runtime::scheduler::multi_thread::handle::Handle>>>>::drop_slow
0 16
cob=(2)
cfi=(2)
cfn=(4920)
calls=4 0 
0 680
0 28
cob=(2)
cfi=(2)
cfn=(4920)
calls=4 0 
0 468

fn=(6794)
0 106
cfn=(6486)
calls=1 0 
0 19
0 43

fn=(6808)
0 15780
cfn=(6810)
calls=789 0 
0 437868
0 24641

fn=(4144) std::sys::args::unix::imp::ARGV_INIT_ARRAY::init_wrapper
0 4

fn=(4170) main
0 9
cfn=(4172)
calls=1 0 
0 7615968
0 2

fn=(5042)
0 39
cob=(2)
cfi=(2)
cfn=(4210)
calls=1 0 
0 187
0 131
cob=(2)
cfi=(2)
cfn=(4582) 0x0000000000165880
calls=7 0 
0 104
0 35
cob=(2)
cfi=(2)
cfn=(4210)
calls=7 0 
0 1157
0 70
cob=(2)
cfi=(2)
cfn=(4536)
calls=7 0 
0 93
0 26

fn=(5062)
0 192

fn=(5134)
0 14
cob=(2)
cfi=(2)
cfn=(4536)
calls=1 0 
0 11
0 61
cfn=(5122)
calls=1 0 
0 123
0 6
cob=(2)
cfi=(2)
cfn=(4536)
calls=1 0 
0 29
0 8

fn=(5136)
0 75
cfn=(5138)
calls=3 0 
0 546
0 18
cfn=(5142)
calls=3 0 
0 413
0 63

fn=(5168)
0 14
cob=(2)
cfi=(2)
cfn=(5170) epoll_create1
calls=1 0 
0 5
0 6
cob=(2)
cfi=(2)
cfn=(5172) eventfd
calls=1 0 
0 5
0 10
cob=(2)
cfi=(2)
cfn=(5174)
calls=1 0 
0 6
0 7
cob=(2)
cfi=(2)
cfn=(5176) fcntl
calls=1 0 
0 35
0 32
cfn=(5192)
calls=1 0 
0 26
0 4
cob=(2)
cfi=(2)
cfn=(4210)
calls=1 0 
0 168
0 12
cob=(2)
cfi=(2)
cfn=(4972)
calls=1 0 
0 2082
0 5
cob=(2)
cfi=(2)
cfn=(4972)
calls=1 0 
0 77
0 5
cob=(2)
cfi=(2)
cfn=(4972)
calls=1 0 
0 77
0 5
cob=(2)
cfi=(2)
cfn=(4972)
calls=1 0 
0 77
0 6
cob=(2)
cfi=(2)
cfn=(4972)
calls=1 0 
0 77
0 44
cob=(2)
cfi=(2)
cfn=(4210)
calls=1 0 
0 173
0 13
cob=(2)
cfi=(2)
cfn=(4210)
calls=1 0 
0 41
0 15

fn=(5300)
0 108
cfn=(5472)
calls=6 0 
0 715
0 203
cfn=(5472)
calls=7 0 
0 1639
0 18
cob=(2)
cfi=(2)
cfn=(4210)
calls=2 0 
0 245
0 54291
cob=(2)
cfi=(2)
cfn=(4506)
calls=2 0 
0 1055
0 24063
cob=(2)
cfi=(2)
cfn=(4210)
calls=2005 0 
0 154520
0 24482
cfn=(5472)
calls=6 0 
0 4450
0 96
cob=(2)
cfi=(2)
cfn=(4210)
calls=12 0 
0 2663
0 294
cob=(2)
cfi=(2)
cfn=(4210)
calls=1 0 
0 41
0 139
cob=(2)
cfi=(2)
cfn=(4210)
calls=4 0 
0 482
0 172
cob=(2)
cfi=(2)
cfn=(4210)
calls=4 0 
0 792
0 68

fn=(5304)
0 48
cob=(2)
cfi=(2)
cfn=(4920)
calls=2 0 
0 188

fn=(5660)
0 23
cob=(2)
cfi=(2)
cfn=(4920)
calls=1 0 
0 65

fn=(5664)
0 31

fn=(5670)
0 17
cfn=(5672)
calls=1 0 
0 502
0 2

fn=(5680)
0 14
cfn=(5682)
calls=1 0 
0 211
0 16

fn=(5706)
0 66528

fn=(5710)
0 36671

fn=(5766)
0 47
cfn=(5730)
calls=1 0 
0 114
0 3

fn=(5776)
0 22396
cob=(2)
cfi=(2)
cfn=(4920)
calls=43 0 
0 5135
0 258
cob=(2)
cfi=(2)
cfn=(4920)
calls=43 0 
0 5305
0 17504

fn=(5782)
0 6382
cfn=(5784)
calls=83 0 
0 7960
0 249

fn=(5796)
0 7
cob=(2)
cfi=(2)
cfn=(4210)
calls=1 0 
0 201
0 24
cfn=(5798)
calls=1 0 
0 29
0 4
cfn=(5798)
calls=1 0 
0 29
0 5
cfn=(5798)
calls=1 0 
0 29
0 6
cfn=(5798)
calls=1 0 
0 29
0 6
cfn=(5798)
calls=1 0 
0 29
0 6
cfn=(5798)
calls=1 0 
0 29
0 14
cfn=(5798)
calls=1 0 
0 29
0 14

fn=(5828)
0 22
cfn=(5830)
calls=1 0 
0 304
0 7
cfn=(5836)
calls=1 0 
0 208
0 15

fn=(5848)
0 22
cob=(2)
cfi=(2)
cfn=(5690)
calls=1 0 
0 5
0 8
cob=(2)
cfi=(2)
cfn=(5176)
calls=1 0 
0 35
0 10
cob=(2)
cfi=(2)
cfn=(5176)
calls=1 0 
0 35
0 51

fn=(6178)
0 50
cob=(2)
cfi=(2)
cfn=(4210)
calls=1 0 
0 213
0 14
cfn=(6180)
calls=1 0 
0 17783
0 11
cob=(2)
cfi=(2)
cfn=(4536)
calls=1 0 
0 29
0 4
cob=(2)
cfi=(2)
cfn=(4536)
calls=1 0 
0 172
0 6
cfn=(6248)
calls=1 0 
0 4680
0 5
cfn=(6248)
calls=1 0 
0 4122
0 32

fn=(6200)
0 581

fn=(6250)
0 10
cfn=(6230)
calls=1 0 
0 172
0 104
cob=(2)
cfi=(2)
cfn=(4536)
calls=1 0 
0 29
0 12
cob=(2)
cfi=(2)
cfn=(4536)
calls=1 0 
0 29
0 5
cfn=(6220)
calls=1 0 
0 321
0 12
cfn=(6252)
calls=1 0 
0 197
0 138
cob=(2)
cfi=(2)
cfn=(4536)
calls=2 0 
0 58
0 16
cob=(2)
cfi=(2)
cfn=(4536)
calls=2 0 
0 58
0 12
cfn=(6282)
calls=2 0 
0 408
0 24
cob=(2)
cfi=(2)
cfn=(4536)
calls=2 0 
0 58
0 10
cfn=(6220)
calls=2 0 
0 642
0 13
cfn=(6252)
calls=1 0 
0 197
0 20
cfn=(6284)
calls=1 0 
0 91
0 25
cob=(2)
cfi=(2)
cfn=(4210)
calls=1 0 
0 41
0 10
cob=(2)
cfi=(2)
cfn=(4536)
calls=1 0 
0 29
0 13
cfn=(6222)
calls=1 0 
0 304
0 5
cfn=(6222)
calls=1 0 
0 270
0 1

fn=(6336)
0 110381
cfn=(7438)
calls=95 0 
0 49109
0 59737
cfn=(6338) <tokio::runtime::driver::Driver>::park
calls=2200 0 
0 1346065
0 82676
cob=(2)
cfi=(2)
cfn=(6426)
calls=1579 0 
0 17369
0 170673
cfn=(5712)
calls=9 0 
0 153
0 35163

fn=(6338)
0 19800
cfn=(6340)
calls=2200 0 
0 1326265

fn=(6394)
0 41108
cfn=(6396)
calls=1 0 
0 2097
0 33
cob=(2)
cfi=(2)
cfn=(4536)
calls=1 0 
0 29
0 5
cob=(2)
cfi=(2)
cfn=(4536)
calls=1 0 
0 148
0 28
cob=(2)
cfi=(2)
cfn=(4536)
calls=1 0 
0 29
0 8
cob=(2)
cfi=(2)
cfn=(4536)
calls=1 0 
0 148
0 180756
cfn=(6414)
calls=1643 0 
0 36156
0 18073
cfn=(6406)
calls=1643 0 
0 32860
0 37804
cfn=(6408)
calls=3 0 
0 4574
0 20
cob=(2)
cfi=(2)
cfn=(4536)
calls=1 0 
0 148
0 13
cob=(2)
cfi=(2)
cfn=(4536)
calls=1 0 
0 160
0 10
cob=(2)
cfi=(2)
cfn=(4536)
calls=1 0 
0 160
0 2
cfn=(6498)
calls=1 0 
0 36
0 4
cob=(2)
cfi=(2)
cfn=(4536)
calls=1 0 
0 160
0 21320
cfn=(6500)
calls=401 0 
0 6817
0 4923
cfn=(6500)
calls=1641 0 
0 27897
0 8168
cfn=(6502)
calls=2042 0 
0 11173438
0 12943
cob=(2)
cfi=(2)
cfn=(4536)
calls=401 0 
0 11629
0 2406
cfn=(6976)
calls=401 0 
0 52932
0 3609
cfn=(6980)
calls=401 0 
0 5614
0 2406
cob=(2)
cfi=(2)
cfn=(4536)
calls=401 0 
0 11629
0 3609
cob=(2)
cfi=(2)
cfn=(4536)
calls=401 0 
0 11629
0 4010
cfn=(6982)
calls=401 0 
0 24935
0 3609
cob=(2)
cfi=(2)
cfn=(4536)
calls=401 0 
0 11629
0 4411
cob=(2)
cfi=(2)
cfn=(4536)
calls=401 0 
0 11629
0 8421
cfn=(6706)
calls=401 0 
0 7619
0 2807
cob=(2)
cfi=(2)
cfn=(4536)
calls=401 0 
0 20852
0 1203
cfn=(6984)
calls=401 0 
0 54172
0 6817
cob=(2)
cfi=(2)
cfn=(4536)
calls=401 0 
0 20852
0 10025
cob=(2)
cfi=(2)
cfn=(4536)
calls=401 0 
0 25664
0 4812
cob=(2)
cfi=(2)
cfn=(4536)
calls=401 0 
0 25664
0 8020
cob=(2)
cfi=(2)
cfn=(4536)
calls=401 0 
0 25664
0 4411
cob=(2)
cfi=(2)
cfn=(4536)
calls=401 0 
0 25664
0 4411
cob=(2)
cfi=(2)
cfn=(5224)
calls=401 0 
0 100798
0 6008
cob=(2)
cfi=(2)
cfn=(4536)
calls=400 0 
0 30362
0 5
cob=(2)
cfi=(2)
cfn=(4536)
calls=1 0 
0 76
0 1604
cfn=(5706)
calls=401 0 
0 33082
0 4812
cfn=(5708)
calls=401 0 
0 20852
0 27853

fn=(6446)
0 2406
cfn=(6448)
calls=401 0 
0 20451
0 2406

fn=(6448)
0 47640
cob=(2)
cfi=(2)
cfn=(6426)
calls=1191 0 
0 13101

fn=(6488)
0 8060
cfn=(6490)
calls=403 0 
0 1209
0 5642

fn=(6506)
0 68765

fn=(6564)
0 18045
cfn=(6566)
calls=400 0 
0 5200
cfn=(6566)
calls=1 0 
0 12
0 9223
cfn=(6570)
calls=401 0 
0 82606
0 2406
cfn=(6568)
calls=401 0 
0 5614
0 6015
cfn=(6568)
calls=401 0 
0 5614
0 1604
cfn=(6568)
calls=401 0 
0 5614
0 6416

fn=(6600)
0 30476
cfn=(7126)
calls=401 0 
0 115242
0 3208
cob=(2)
cfi=(2)
cfn=(4920)
calls=802 0 
0 62108
0 5614
cob=(2)
cfi=(2)
cfn=(4920)
calls=401 0 
0 26387
0 3609
cob=(2)
cfi=(2)
cfn=(4920)
calls=401 0 
0 32203
0 21654
cob=(2)
cfi=(2)
cfn=(4920)
calls=401 0 
0 73589
0 3609
cob=(2)
cfi=(2)
cfn=(4920)
calls=401 0 
0 31997
0 10025

fn=(6608)
0 6416
cfn=(6488)
calls=401 0 
0 14837
0 2406
cob=(2)
cfi=(2)
cfn=(4210)
calls=401 0 
0 22386
0 12429
cob=(2)
cfi=(2)
cfn=(4536)
calls=401 0 
0 11629
0 4010
cfn=(6568)
calls=401 0 
0 5614
0 2406
cob=(2)
cfi=(2)
cfn=(4536)
calls=401 0 
0 25664
0 2406
cob=(2)
cfi=(2)
cfn=(4536)
calls=401 0 
0 25664
0 3609
cob=(2)
cfi=(2)
cfn=(4536)
calls=401 0 
0 25664
0 2406
cfn=(6610)
calls=401 0 
0 9395
0 3609
cob=(2)
cfi=(2)
cfn=(4536)
calls=401 0 
0 23310
0 8420
cfn=(6350)
calls=400 0 
0 56159
0 802
cfn=(6612)
calls=401 0 
0 5213
0 1604
cob=(2)
cfi=(2)
cfn=(4536)
calls=401 0 
0 25664
0 8421

fn=(6616)
0 29106

fn=(6666)
0 5593

fn=(6686)
0 10827
cob=(2)
cfi=(2)
cfn=(4536)
calls=401 0 
0 11629
0 1203
cfn=(6688)
calls=401 0 
0 310528
0 4812

fn=(6696)
0 5213

fn=(6698)
0 39298
cfn=(6606)
calls=3208 0 
0 168420
0 126315
cfn=(6700)
calls=401 0 
0 34887
0 3609
cfn=(6606)
calls=401 0 
0 9624
0 20451
cfn=(6700)
calls=802 0 
0 69774
0 8020

fn=(6830)
0 249823
cfn=(6850)
calls=1203 0 
0 27669
0 1203

fn=(6844)
0 75
cfn=(5300)
calls=5 0 
0 2282
0 45

fn=(6848)
0 13634
cfn=(6846)
calls=401 0 
0 273912

fn=(6878)
0 401
cfn=(6880)
calls=401 0 
0 10426

fn=(6894)
0 211368
cfn=(6896)
calls=3986 0 
0 254332
0 95664
cfn=(6898)
calls=3986 0 
0 370698
0 19930
cfn=(6900)
calls=3986 0 
0 19930
0 11958
cfn=(6902)
calls=3986 0 
0 992125
0 4178
cfn=(6906)
calls=24 0 
0 35811
0 552
cfn=(6914)
calls=24 0 
0 4217
0 3472
cfn=(6906)
calls=401 0 
0 542295
0 9624
cfn=(6898)
calls=401 0 
0 37293
0 2005
cfn=(6900)
calls=401 0 
0 2005
0 1203
cfn=(6902)
calls=401 0 
0 24060
0 448
cfn=(6716)
calls=22 0 
0 154
0 390
cfn=(6918)
calls=5 0 
0 4118
0 125
cfn=(6898)
calls=5 0 
0 465
0 437
cfn=(6898)
calls=19 0 
0 1767
0 120
cfn=(6900)
calls=24 0 
0 120
0 312
cfn=(6902)
calls=24 0 
0 7736
0 59348

fn=(6908)
0 25626
cfn=(6832)
calls=2 0 
0 401
0 360462
cfn=(6922)
calls=403 0 
0 16523
0 5323
cfn=(6630)
calls=427 0 
0 19453
0 14091

fn=(6916)
0 12030

fn=(6938)
0 6015
cfn=(6720)
calls=401 0 
0 35238
0 16443
cfn=(6728)
calls=401 0 
0 10699
0 5220
cfn=(6726)
calls=1 0 
0 418
0 6
cfn=(6940)
calls=1 0 
0 11
0 5

fn=(6952)
0 4411
cfn=(6954)
calls=401 0 
0 135538
0 802

fn=(6968)
0 21654
cfn=(6890)
calls=1203 0 
0 29273
0 13233

fn=(6982)
0 199192

fn=(6992)
0 15402
cfn=(7026)
calls=447 0 
0 3014630
0 802
cfn=(7026)
calls=401 0 
0 1845749
0 11767
cfn=(7022)
calls=401 0 
0 66165
0 9624
cfn=(6994)
calls=401 0 
0 16441
0 12891
cob=(2)
cfi=(2)
cfn=(4536)
calls=401 0 
0 11629
0 1604
cfn=(6998)
calls=401 0 
0 77203
0 1203
cfn=(7000) <tower::util::map_future::MapFuture<tonic::transport::server::service::io::ConnectInfo<tonic::transport::server::Svc<tonic::service::recover_error::RecoverError<tower::util::either::Either<tower::load_shed::LoadShed<tower::util::either::Either<tower::limit::concurrency::service::ConcurrencyLimit<tonic::transport::service::grpc_timeout::GrpcTimeout<tonic::service::router::Routes>>, tonic::transport::service::grpc_timeout::GrpcTimeout<tonic::service::router::Routes>>>, tower::util::either::Either<tower::limit::concurrency::service::ConcurrencyLimit<tonic::transport::service::grpc_timeout::GrpcTimeout<tonic::service::router::Routes>>, tonic::transport::service::grpc_timeout::GrpcTimeout<tonic::service::router::Routes>>>>>, tonic::transport::server::service::io::ServerIoConnectInfo<tokio::net::tcp::stream::TcpStream>>, <tower::util::boxed_clone::BoxCloneService<http::request::Request<tonic::body::Body>, http::response::Response<tonic::body::Body>, alloc::boxed::Box<dyn core::error::Error + core::marker::Send + core::marker::Sync>>>::new<tonic::transport::server::service::io::ConnectInfo<tonic::transport::server::Svc<tonic::service::recover_error::RecoverError<tower::util::either::Either<tower::load_shed::LoadShed<tower::util::either::Either<tower::limit::concurrency::service::ConcurrencyLimit<tonic::transport::service::grpc_timeout::GrpcTimeout<tonic::service::router::Routes>>, tonic::transport::service::grpc_timeout::GrpcTimeout<tonic::service::router::Routes>>>, tower::util::either::Either<tower::limit::concurrency::service::ConcurrencyLimit<tonic::transport::service::grpc_timeout::GrpcTimeout<tonic::service::router::Routes>>, tonic::transport::service::grpc_timeout::GrpcTimeout<tonic::service::router::Routes>>>>>, tonic::transport::server::service::io::ServerIoConnectInfo<tokio::net::tcp::stream::TcpStream>>>::{closure#0}> as tower_service::Service<http::request::Request<tonic::body::Body>>>::call
calls=401 0 
0 1289456
0 1604
cfn=(7022)
calls=401 0 
0 49349
0 2406

fn=(7000)
0 8822
cob=(2)
cfi=(2)
cfn=(4210)
calls=401 0 
0 18402
0 6406
cob=(2)
cfi=(2)
cfn=(4210)
calls=400 0 
0 22176
0 8
cob=(2)
cfi=(2)
cfn=(4210)
calls=1 0 
0 213
0 8005
cfn=(6582)
calls=400 0 
0 94000
0 13
cfn=(6582)
calls=1 0 
0 233
0 2406
cob=(2)
cfi=(2)
cfn=(4536)
calls=401 0 
0 11629
0 3609
cfn=(7002)
calls=401 0 
0 983552
0 4812
cob=(2)
cfi=(2)
cfn=(4536)
calls=401 0 
0 30476
0 4010
cob=(2)
cfi=(2)
cfn=(4536)
calls=401 0 
0 30476
0 802
cob=(2)
cfi=(2)
cfn=(4210)
calls=401 0 
0 20511
0 4805
cob=(2)
cfi=(2)
cfn=(4536)
calls=400 0 
0 30400
0 5
cob=(2)
cfi=(2)
cfn=(4536)
calls=1 0 
0 76
0 3609

fn=(7006)
0 20050
cfn=(7008)
calls=401 0 
0 296015
0 2406
cob=(2)
cfi=(2)
cfn=(4210)
calls=401 0 
0 29221
0 12028
cfn=(7008)
calls=401 0 
0 19248
0 11629
cfn=(7016)
calls=401 0 
0 57205
0 5614

fn=(7050)
0 8020
cfn=(6678)
calls=802 0 
0 265061
0 10426

fn=(7062)
0 31372
cfn=(7068)
calls=1202 0 
0 552746
cfn=(7064)
calls=1650 0 
0 743623
0 63186

fn=(7110)
0 401
cfn=(7112)
calls=401 0 
0 147969
0 401
cfn=(7112)
calls=401 0 
0 502039

fn=(7130)
0 3609

fn=(7142)
0 6015
cfn=(7144)
calls=401 0 
0 15238
0 3609

fn=(7176)
0 15483
cfn=(7064)
calls=1191 0 
0 1807012
0 26298

fn=(7204)
0 8822
cfn=(7200)
calls=401 0 
0 28070
0 2005
cfn=(6886)
calls=401 0 
0 27869
0 5213
cfn=(7206)
calls=401 0 
0 10426
0 802
cob=(2)
cfi=(2)
cfn=(4920)
calls=401 0 
0 37179
0 2406

fn=(7236)
0 2406
cfn=(6872)
calls=401 0 
0 95839
0 3208
cfn=(6870)
calls=401 0 
0 312255

fn=(7238)
0 5614
cfn=(7240)
calls=401 0 
0 88995
0 2807
cob=(2)
cfi=(2)
cfn=(4920)
calls=401 0 
0 32387

fn=(7260)
0 18446
cob=(2)
cfi=(2)
cfn=(4536)
calls=802 0 
0 51328
0 8020
cfn=(7262)
calls=802 0 
0 182245
0 7218

fn=(7560)
0 19
cob=(2)
cfi=(2)
cfn=(4210)
calls=1 0 
0 41
0 10
cob=(2)
cfi=(2)
cfn=(4536)
calls=1 0 
0 10
0 83
cob=(2)
cfi=(2)
cfn=(4210)
calls=1 0 
0 41
0 17
cfn=(7562)
calls=1 0 
0 96
0 13
cfn=(7562)
calls=1 0 
0 225
0 5
cfn=(7564)
calls=1 0 
0 207
0 8
cfn=(7564)
calls=1 0 
0 221
0 8
cfn=(7564)
calls=1 0 
0 271
0 8
cfn=(7564)
calls=1 0 
0 259
0 23
cfn=(7562)
calls=1 0 
0 143
0 23
cfn=(7564)
calls=1 0 
0 873
0 8
cfn=(7564)
calls=1 0 
0 227
0 8
cfn=(7564)
calls=1 0 
0 227
0 8
cfn=(7564)
calls=1 0 
0 227
0 8
cfn=(7564)
calls=1 0 
0 234
0 8
cfn=(7564)
calls=1 0 
0 234
0 8
cfn=(7564)
calls=1 0 
0 241
0 8
cfn=(7564)
calls=1 0 
0 274
0 8
cfn=(7564)
calls=1 0 
0 824
0 8
cfn=(7564)
calls=1 0 
0 241
0 8
cfn=(7564)
calls=1 0 
0 262
0 8
cfn=(7564)
calls=1 0 
0 262
0 8
cfn=(7564)
calls=1 0 
0 262
0 8
cfn=(7564)
calls=1 0 
0 241
0 5
cfn=(7568)
calls=1 0 
0 16
0 21
cob=(2)
cfi=(2)
cfn=(4920)
calls=1 0 
0 65
0 10

fn=(7594)
0 40
cfn=(6536)
calls=1 0 
0 55
0 9
cfn=(6536)
calls=3 0 
0 127
0 18

fn=(7602)
0 11
cfn=(7604)
calls=1 0 
0 994
0 5

fn=(7660)
0 12

fn=(7680)
0 10
cfn=(7682) core::ptr::drop_glue::<h2::proto::streams::recv::Recv>
calls=2 0 
0 244
0 8
cfn=(6780)
calls=1 0 
0 8
0 28
cob=(2)
cfi=(2)
cfn=(4920)
calls=2 0 
0 138

fn=(7682)
0 98
cob=(2)
cfi=(2)
cfn=(4920)
calls=2 0 
0 146

fn=(7716)
0 37
cfn=(7256)
calls=1 0 
0 84

fn=(7762)
0 104

fn=(7770)
0 52
cob=(2)
cfi=(2)
cfn=(5018)
calls=4 0 
0 580
0 40
cob=(2)
cfi=(2)
cfn=(5016)
calls=4 0 
0 20
0 20
cob=(2)
cfi=(2)
cfn=(6100) munmap
calls=4 0 
0 20
0 4
cob=(2)
cfi=(2)
cfn=(5034)
calls=4 0 
0 12
0 272
cfn=(7772)
calls=4 0 
0 446
0 44
cob=(2)
cfi=(2)
cfn=(4920)
calls=4 0 
0 312
0 80

fn=(7806) std::sys::thread_local::guard::key::enable::run
0 116

fn=(7930)
0 19
cob=(2)
cfi=(2)
cfn=(4920)
calls=1 0 
0 73

fn=(7934)
0 92

fn=(7940)
0 50
cfn=(7942)
calls=4 0 
0 1192
0 20
cfn=(5306)
calls=4 0 
0 634
0 6
cob=(2)
cfi=(2)
cfn=(4920)
calls=1 0 
0 65
0 4
cob=(2)
cfi=(2)
cfn=(4920)
calls=1 0 
0 65
0 4
cob=(2)
cfi=(2)
cfn=(4920)
calls=1 0 
0 117
0 3
cfn=(5304)
calls=1 0 
0 147
0 2
cfn=(7948)
calls=1 0 
0 20
0 4
cob=(2)
cfi=(2)
cfn=(4920)
calls=1 0 
0 65
0 2
cfn=(7950)
calls=1 0 
0 555
0 17

fn=(7954)
0 10
cfn=(6800)
calls=1 0 
0 7
0 11
cob=(2)
cfi=(2)
cfn=(4920)
calls=1 0 
0 65

fn=(8016)
0 24
cfn=(8018)
calls=4 0 
0 104
0 36
cob=(2)
cfi=(2)
cfn=(4920)
calls=4 0 
0 468

fn=(8024)
0 16
cfn=(8026)
calls=1 0 
0 9
0 11
cob=(2)
cfi=(2)
cfn=(4920)
calls=1 0 
0 65

ob=(2)
fl=(2)
fn=(4120) 0x0000000000041a00
0 31

fn=(4314) __default_morecore
0 12
cfn=(4316) sbrk
calls=3 0 
0 95
0 12

fn=(3298)
0 6

fn=(3312)
0 24

fn=(3314)
0 17

fn=(3322)
0 22

fn=(3374)
0 21

fn=(4032)
0 30
cfn=(4046) 0x0000000000167730
calls=1 0 
0 41
0 1
0 12

fn=(4968) pthread_getaffinity_np
0 80
cfn=(4972)
calls=5 0 
0 75
0 5
0 15

fn=(5124)
0 30

fn=(5508) 0x000000000015fcf0
0 50
cob=(1)
cfi=(1)
cfn=(5316)
calls=1 0 
0 29
0 1
0 16
cob=(1)
cfi=(1)
cfn=(3074)
calls=1 0 
0 732
0 7

fn=(5592) 0x00000000001107d0
0 15

fn=(5696)
0 5

fn=(5870) 0x0000000000092820
0 140
cfn=(5878) snprintf
calls=4 0 
0 2104
0 16
cfn=(6012) 0x00000000001110c0
calls=4 0 
0 103
0 156

fn=(6100)
0 40

fn=(7844) 0x00000000000bbb00
0 16
cob=(4)
cfi=(4)
cfn=(4918)
calls=4 0 
0 16
0 12
cob=(4)
cfi=(4)
cfn=(4918)
calls=4 0 
0 16

fn=(7908) madvise
0 20

fn=(4582)
0 1684

fn=(4194)
0 43
cfn=(4196) getpagesize
calls=1 0 
0 5
0 4

fn=(4318) brk
0 24

fn=(4404) _IO_link_in
0 43
cfn=(4406) 0x000000000008fd60
calls=1 0 
0 12
0 23
cfn=(4410) 0x000000000008fdb0
calls=1 0 
0 9
0 24

fn=(4410)
0 441

fn=(3318)
0 48

fn=(3320)
0 18

fn=(3336)
0 6

fn=(3340)
0 16

fn=(3368)
0 22

fn=(4176) 0x000000000008f6a0
0 22182
cfn=(4178) 0x000000000008f620
calls=7394 0 
0 302844
0 44400

fn=(4506)
0 506
cfn=(4210)
calls=10 0 
0 2084
0 1084
cfn=(4508) 0x00000000000a2380
calls=15 0 
0 5527
0 498
cfn=(4508)
calls=1 0 
0 269
0 12

fn=(4604) 0x0000000000065070
0 2250
cfn=(4406)
calls=45 0 
0 540
0 7605
cfn=(4410)
calls=45 0 
0 405
0 5445
cfn=(4654) _IO_sputbackc
calls=90 0 
0 1980
0 30190
cfn=(4654)
calls=90 0 
0 1980
0 1128
cfn=(4720) __strtoul_internal
calls=90 0 
0 23606
0 1170

fn=(4920)
0 2264166
cfn=(6254) 0x00000000000a05a0
calls=8606 0 
0 1091709
0 9621
cfn=(4252) 0x00000000000a2250
calls=4 0 
0 4973
0 12

fn=(4924) _IO_un_link
0 13
cfn=(4406)
calls=1 0 
0 12
0 38
cfn=(4410)
calls=1 0 
0 9
0 17

fn=(4966) _IO_default_finish
0 15

fn=(5266) 0x000000000009f040
0 231790
cfn=(5408) 0x000000000009edb0
calls=3918 0 
0 81447
0 107876

fn=(5312)
0 819

fn=(5506)
0 6
cfn=(5508)
calls=1 0 
0 835
0 3

fn=(5616) clone
0 100
cfn=(5864) 0x00000000000928e0
calls=4 0 
0 50036328

fn=(5694)
0 5

fn=(5864)
0 60
cfn=(3902) __ctype_init
calls=4 0 
0 64
0 12
cfn=(5870)
calls=4 0 
0 2355
0 72
cfn=(4158) _setjmp
calls=4 0 
0 112
0 104
cfn=(7778) __call_tls_dtors
calls=4 0 
0 2834
0 4
cfn=(7788) 0x00000000000901c0
calls=4 0 
0 2828
0 4
cfn=(7824) 0x00000000000a59c0
calls=4 0 
0 64986
0 120
cfn=(7894) 0x0000000000043760
calls=4 0 
0 12
0 24
cfn=(4196)
calls=4 0 
0 20
0 80
cfn=(5870)
calls=4 0 
0 164
0 8
cob=(7)
cfi=(7)
cfn=(6046)
calls=4 0 
0 49962421
0 20
cfn=(7908)
calls=4 0 
0 20
0 4

fn=(5880) 0x0000000000087d50
0 84
cfn=(5884) 0x0000000000062600
calls=4 0 
0 1812
0 24
cfn=(5994) 0x0000000000059da0
calls=4 0 
0 68
0 24

fn=(5888) 0x0000000000164f00
0 144

fn=(6054)
0 132

fn=(8264) _IO_flush_all
0 15
cfn=(4406)
calls=1 0 
0 12
0 138
cfn=(4410)
calls=1 0 
0 9
0 18

fn=(4112) __cxa_atexit
0 17
cfn=(4120)
calls=1 0 
0 31
0 22

fn=(4204) fopen
0 10
cob=(4)
cfi=(4)
cfn=(4208)
calls=1 0 
0 1780
0 12
cfn=(4390) 0x000000000008d0d0
calls=1 0 
0 54
0 4
cfn=(4402) 0x0000000000089db0
calls=1 0 
0 102
0 5
cfn=(4418) _IO_file_fopen
calls=1 0 
0 235
0 13

fn=(4252)
0 37
cfn=(4258) 0x00000000000a12a0
calls=1 0 
0 360
0 483
cfn=(6062) 0x000000000009f640
calls=4 0 
0 3973
0 16
cfn=(4258)
calls=4 0 
0 536
0 40

fn=(4476) _IO_setb
0 1272
cob=(4)
cfi=(4)
cfn=(4918)
calls=1 0 
0 66
0 2

fn=(3308)
0 21

fn=(4188)
0 23
cfn=(4190)
calls=1 0 
0 92
0 9

fn=(4200)
0 65
cfn=(4202)
calls=5 0 
0 90
0 243
cfn=(4506)
calls=5 0 
0 1162
0 5
0 35
cfn=(4968)
calls=5 0 
0 175
0 50
cfn=(4986) pthread_attr_setaffinity_np
calls=5 0 
0 2861
0 15
cob=(4)
cfi=(4)
cfn=(4918)
calls=5 0 
0 362
0 38
cfn=(4204)
calls=1 0 
0 2215
0 6
cfn=(3904) getrlimit
calls=1 0 
0 9
0 5
cfn=(4922) fclose
calls=1 0 
0 404
0 250
cfn=(4568) __isoc23_sscanf
calls=45 0 
0 85361
0 717
cfn=(4450) getline
calls=45 0 
0 8168
0 137
cob=(4)
cfi=(4)
cfn=(4918)
calls=1 0 
0 66
0 23

fn=(5016)
0 70

fn=(5020)
0 281

fn=(5150)
0 151451

fn=(5178) 0x0000000000104a80
0 45

fn=(5354) 0x00000000000a0460
0 54602
cfn=(7378) 0x000000000009ee90
calls=329 0 
0 59704
0 231493
cfn=(5408)
calls=1417 0 
0 30383
0 45660
cfn=(5266)
calls=7610 0 
0 347370
0 72545

fn=(5692)
0 12

fn=(5852)
0 8
cfn=(4176)
calls=1 0 
0 54
0 2

fn=(5884)
0 96
cfn=(5888)
calls=4 0 
0 72
0 4
0 28
cfn=(5896) 0x000000000005a2b0
calls=4 0 
0 188
0 248
cfn=(5888)
calls=4 0 
0 72
0 4
0 24
cfn=(5896)
calls=4 0 
0 68
0 76
cfn=(5942) 0x0000000000058900
calls=4 0 
0 392
0 172
cfn=(5896)
calls=4 0 
0 204
0 164

fn=(6152)
0 16

fn=(6426)
0 61094

fn=(6450)
0 6

fn=(6472)
0 7
cfn=(4176)
calls=1 0 
0 50
0 2

fn=(6474)
0 14959
cfn=(4176)
calls=2137 0 
0 106878
0 4274

fn=(8262) 0x000000000008d9f0
0 11
cfn=(8264)
calls=1 0 
0 192
0 6
cfn=(4406)
calls=1 0 
0 12
0 149
cfn=(4410)
calls=1 0 
0 9
0 18

fn=(6816)
0 3773
cfn=(4176)
calls=539 0 
0 26950
0 1078

fn=(7834) 0x0000000000130140
0 64

fn=(4110)
0 17
cfn=(4112)
calls=1 0 
0 70
0 12
cob=(1)
cfi=(1)
cfn=(4154)
calls=1 0 
0 4
0 1
0 6
cfn=(4156) 0x0000000000029c30
calls=1 0 
0 7618535
0 11
cob=(4)
cfi=(4)
cfn=(4140)
calls=1 0 
0 6
0 20
cob=(7)
cfi=(7)
cfn=(4146)
calls=1 0 
0 12
0 4
cob=(7)
cfi=(7)
cfn=(4144)
calls=1 0 
0 4
0 9

fn=(4430) 0x0000000000164cc0
0 20

fn=(4450)
0 135
cfn=(4452) getdelim
calls=45 0 
0 8033

fn=(4452)
0 1789
cfn=(4506)
calls=1 0 
0 347
0 1
0 12
cfn=(4536)
calls=1 0 
0 21
0 1
0 192
cfn=(4536)
calls=48 0 
0 933
0 48
0 155
cfn=(4458) __underflow
calls=4 0 
0 472
0 40
cfn=(4486) 0x0000000000162140
calls=4 0 
0 129
0 4
0 180
cfn=(4486)
calls=45 0 
0 1803
0 45
0 1030
cob=(4)
cfi=(4)
cfn=(4208)
calls=1 0 
0 191
0 231
cfn=(4458)
calls=1 0 
0 403
0 6

fn=(4478) _IO_switch_to_get_mode
0 120

fn=(3328)
0 18

fn=(3346)
0 92

fn=(3348)
0 36

fn=(3350)
0 16

fn=(3906) 0x0000000000095450
0 8
cob=(1)
cfi=(1)
cfn=(218)
calls=1 0 
0 22
0 1
0 4
cob=(1)
cfi=(1)
cfn=(218)
calls=1 0 
0 21
0 1
0 4
cob=(1)
cfi=(1)
cfn=(218)
calls=1 0 
0 22
0 1
0 6

fn=(4072)
0 22

fn=(4158)
0 10
cfn=(4160) __sigsetjmp
calls=5 0 
0 130

fn=(4190)
0 100
cfn=(4192) __libc_sigaction
calls=5 0 
0 264

fn=(4196)
0 90

fn=(4654)
0 3960

fn=(4988) 0x0000000000090cb0
0 35
cfn=(4994)
calls=5 0 
0 1394
0 5
0 30

fn=(4994)
0 1435
cfn=(4258)
calls=4 0 
0 576
0 21
cfn=(4258)
calls=7 0 
0 1141
0 136
cfn=(4972)
calls=9 0 
0 265
0 9
0 356

fn=(5034)
0 57

fn=(5118)
0 40
cfn=(4176)
calls=2 0 
0 38
0 14

fn=(5126)
0 10

fn=(5164)
0 18
cfn=(4972)
calls=1 0 
0 18
0 1
0 3

fn=(5176)
0 45
cfn=(5178)
calls=3 0 
0 45
0 15

fn=(5224)
0 42420
cfn=(5226) 0x00000000000a2ea0
calls=2020 0 
0 734959
0 20200

fn=(5408)
0 227314

fn=(5586) 0x0000000000110700
0 44
cfn=(5588) 0x0000000000110690
calls=4 0 
0 55
0 68
cfn=(5616)
calls=4 0 
0 72
0 32

fn=(5690)
0 10

fn=(5860) 0x000000000009a9c0
0 103376

fn=(6058) prctl
0 24

fn=(6416)
0 19192
cfn=(4176)
calls=2399 0 
0 119950
0 4798

fn=(8042) exit
0 5
cfn=(8044) 0x00000000000420d0
calls=1 0 
0 2499

fn=(7850) 0x000000000008f4f0
0 28

fn=(4576) 0x000000000008e420
0 765
cfn=(4582)
calls=45 0 
0 1502
0 45
0 270
cfn=(4476)
calls=45 0 
0 1215
0 1035

fn=(4156)
0 8
cfn=(4158)
calls=1 0 
0 28
0 14
cob=(7)
cfi=(7)
cfn=(4170)
calls=1 0 
0 7615979
0 2
cfn=(8042)
calls=1 0 
0 2504

fn=(4160)
0 130

fn=(4192)
0 312

fn=(3306)
0 18

fn=(3310)
0 21

fn=(3332)
0 20

fn=(3342)
0 20

fn=(3358)
0 36

fn=(3360)
0 23

fn=(3362)
0 21

fn=(3372)
0 17

fn=(4064)
0 11

fn=(4486)
0 1932

fn=(4720)
0 23606

fn=(4922)
0 16
cfn=(4964) _IO_file_finish
calls=1 0 
0 27
0 15
cob=(4)
cfi=(4)
cfn=(4918)
calls=1 0 
0 66
0 6
cfn=(4924)
calls=1 0 
0 86
0 18
cfn=(4956) _IO_file_close_it
calls=1 0 
0 166
0 4

fn=(4956)
0 15
cfn=(4958) _IO_unsave_markers
calls=1 0 
0 8
0 10
cfn=(4960) _IO_file_close
calls=1 0 
0 7
0 9
cfn=(4476)
calls=1 0 
0 98
0 6
cfn=(4924)
calls=1 0 
0 3
0 10

fn=(4958)
0 8

fn=(4972)
0 15038

fn=(5010)
0 40

fn=(5026)
0 15

fn=(5174)
0 42

fn=(5226)
0 135986
cfn=(5250) 0x00000000000a27e0
calls=1150 0 
0 553614
0 35575
cfn=(5250)
calls=2 0 
0 640
0 9144

fn=(5310)
0 195
cfn=(4994)
calls=15 0 
0 1441
0 15
0 180
cfn=(5312)
calls=15 0 
0 585
0 75
cfn=(5318)
calls=15 0 
0 579
0 165
cob=(1)
cfi=(1)
cfn=(5316)
calls=15 0 
0 435
0 15
0 75

fn=(5502) 0x000000000008ecc0
0 19
cob=(1)
cfi=(1)
cfn=(1454)
calls=1 0 
0 924
0 19

fn=(5578) 0x0000000000092630
0 148
cfn=(5586)
calls=4 0 
0 271
0 72

fn=(5994)
0 68

fn=(6050)
0 43

fn=(6056)
0 48
cfn=(4582)
calls=4 0 
0 52
0 4
0 72
cfn=(6058)
calls=4 0 
0 24
0 12

fn=(7832) 0x0000000000128b00
0 8
cfn=(7834)
calls=4 0 
0 64
0 28

fn=(7958)
0 180
cfn=(7994) 0x0000000000090320
calls=4 0 
0 208
0 72
cfn=(7978) _pthread_cleanup_push
calls=4 0 
0 24
0 28
cfn=(7986) _pthread_cleanup_pop
calls=4 0 
0 20
0 4

fn=(7994)
0 208

fn=(4298) 0x00000000000a07f0
0 184
cfn=(4314)
calls=2 0 
0 94
0 61
cfn=(4314)
calls=1 0 
0 25
0 21

fn=(4392) 0x000000000008d060
0 1060

fn=(4420) _IO_file_open
0 25
cfn=(4404)
calls=1 0 
0 17
0 6
cfn=(4422) __open_nocancel
calls=1 0 
0 23
0 2

fn=(4466) _IO_file_stat
0 2
cfn=(4468) fstat
calls=1 0 
0 5

fn=(4468)
0 5

fn=(4480) _IO_file_read
0 20
cfn=(4482) __read_nocancel
calls=5 0 
0 25

fn=(3300)
0 18

fn=(3316)
0 63

fn=(3366)
0 63

fn=(3904)
0 18

fn=(4536)
0 6112612

fn=(5018)
0 1305

fn=(5132)
0 72
cfn=(4176)
calls=8 0 
0 338
0 16

fn=(5172)
0 5

fn=(5250)
0 21888
cfn=(4258)
calls=1152 0 
0 291603
0 39264
cfn=(5354)
calls=939 0 
0 80809
0 30339
cfn=(5266)
calls=1152 0 
0 73549
0 12876
cfn=(5274) 0x000000000009ffe0
calls=62 0 
0 3864
0 62

fn=(5318)
0 810

fn=(5500)
0 16
cfn=(5312)
calls=1 0 
0 39
0 3
cfn=(5502)
calls=1 0 
0 962
0 5
cfn=(5318)
calls=1 0 
0 36
0 8

fn=(5560)
0 48

fn=(5704)
0 10

fn=(5942)
0 392

fn=(6012)
0 143
cob=(1)
cfi=(1)
cfn=(218)
calls=1 0 
0 22
0 1
0 5

fn=(6062)
0 148
cfn=(6078) 0x000000000009f5e0
calls=4 0 
0 545
0 3280

fn=(6374)
0 5

fn=(7824)
0 1677
cfn=(4920)
calls=325 0 
0 58999
0 3169
cfn=(4920)
calls=4 0 
0 769
0 120
cfn=(7826) 0x00000000001543f0
calls=4 0 
0 44
0 4
cfn=(7832)
calls=4 0 
0 100
0 4
cfn=(7844)
calls=4 0 
0 60
0 4
cfn=(7850)
calls=4 0 
0 28
0 8

fn=(7826)
0 44

fn=(4210)
0 1180666
cfn=(4252)
calls=1 0 
0 472
0 88827
cfn=(4258)
calls=6824 0 
0 1464115
0 135524
cfn=(4212) 0x000000000009f160
calls=1 0 
0 1112
0 222
cfn=(4258)
calls=55 0 
0 7948
0 385

fn=(4212)
0 793
cob=(1)
cfi=(1)
cfn=(218)
calls=1 0 
0 21
0 1
0 4
cob=(1)
cfi=(1)
cfn=(218)
calls=1 0 
0 22
0 1
0 4
cob=(1)
cfi=(1)
cfn=(218)
calls=1 0 
0 21
0 1
0 4
cob=(1)
cfi=(1)
cfn=(218)
calls=1 0 
0 21
0 1
0 4
cob=(1)
cfi=(1)
cfn=(218)
calls=1 0 
0 22
0 1
0 4
cob=(1)
cfi=(1)
cfn=(218)
calls=1 0 
0 21
0 1
0 4
cob=(1)
cfi=(1)
cfn=(218)
calls=1 0 
0 21
0 1
0 4
cob=(1)
cfi=(1)
cfn=(218)
calls=1 0 
0 21
0 1
0 4
cob=(1)
cfi=(1)
cfn=(218)
calls=1 0 
0 21
0 1
0 4
cob=(1)
cfi=(1)
cfn=(218)
calls=1 0 
0 21
0 1
0 4
cob=(1)
cfi=(1)
cfn=(218)
calls=1 0 
0 21
0 1
0 4
cob=(1)
cfi=(1)
cfn=(218)
calls=1 0 
0 21
0 1
0 9

fn=(4316)
0 51
cfn=(4318)
calls=2 0 
0 16
0 16
cfn=(4318)
calls=1 0 
0 8
0 4

fn=(4364) 0x000000000009e650
0 10396

fn=(4406)
0 588

fn=(4460) _IO_file_underflow
0 103
cfn=(4478)
calls=5 0 
0 120
0 80
cfn=(4480)
calls=5 0 
0 45
0 85
cfn=(4462) _IO_doallocbuf
calls=1 0 
0 279
0 4

fn=(4462)
0 17
cfn=(4464) _IO_file_doallocate
calls=1 0 
0 256
0 6

fn=(3284)
0 29

fn=(3304)
0 66

fn=(3324)
0 24

fn=(3326)
0 24

fn=(3330)
0 44

fn=(3344)
0 24

fn=(3352)
0 20

fn=(3364)
0 16

fn=(3376)
0 20

fn=(3902)
0 80

fn=(4964)
0 12
cfn=(4966)
calls=1 0 
0 15

fn=(5022)
0 65

fn=(5100) 0x0000000000166960
0 105

fn=(5274)
0 2747
cfn=(7378)
calls=7 0 
0 948
0 169

fn=(5562)
0 24

fn=(5574) 0x000000000008ff50
0 52

fn=(5588)
0 17
cfn=(5592)
calls=1 0 
0 15
0 23

fn=(5896)
0 220
cfn=(4536)
calls=8 0 
0 96
0 8
0 136

fn=(6052)
0 15

fn=(6078)
0 121
cfn=(5020)
calls=1 0 
0 17
0 23
cfn=(5022)
calls=4 0 
0 20
0 24
cfn=(6012)
calls=4 0 
0 68
0 85
cfn=(5020)
calls=3 0 
0 66
0 43
cfn=(6100)
calls=2 0 
0 10
0 4
cfn=(6100)
calls=1 0 
0 5
0 17
cfn=(6100)
calls=1 0 
0 5
0 37

fn=(6360)
0 14
cfn=(4176)
calls=2 0 
0 104
0 4

fn=(7378)
0 160836
cfn=(5408)
calls=217 0 
0 4649
0 5120
cfn=(5408)
calls=281 0 
0 5938
0 562

fn=(7894)
0 12

fn=(7978)
0 24

fn=(7986)
0 20

fn=(8320) _Exit
0 3

fn=(4568)
0 1035
cfn=(4390)
calls=45 0 
0 2025
0 315
cfn=(4576)
calls=45 0 
0 4832
0 495
cfn=(4604)
calls=45 0 
0 76299
0 360

fn=(4178)
0 147740
cfn=(5860)
calls=7384 0 
0 103376
0 51728

fn=(4202)
0 72
cfn=(4196)
calls=9 0 
0 45
0 45

fn=(4390)
0 460
cfn=(4392)
calls=46 0 
0 1060
0 559

fn=(4402)
0 5
cfn=(4404)
calls=1 0 
0 94
0 3

fn=(4422)
0 23

fn=(4458)
0 141
cfn=(4460)
calls=5 0 
0 716
0 18

fn=(3334)
0 20

fn=(3338)
0 15

fn=(3356)
0 72

fn=(3918) 0x0000000000043620
0 17

fn=(4046)
0 41

fn=(5012)
0 47
cob=(4)
cfi=(4)
cfn=(4918)
calls=5 0 
0 362
0 10
cob=(4)
cfi=(4)
cfn=(4918)
calls=5 0 
0 362
0 23

fn=(5130)
0 28
cfn=(4176)
calls=4 0 
0 76
0 8

fn=(5170)
0 5

fn=(5194)
0 191020

fn=(5564)
0 92
cfn=(4196)
calls=4 0 
0 20
0 688
cfn=(5578)
calls=4 0 
0 491
0 60
cfn=(4192)
calls=1 0 
0 48
0 30
cfn=(5576) _IO_enable_locks
calls=1 0 
0 38
0 66
cfn=(5020)
calls=4 0 
0 88
0 84
cfn=(5022)
calls=4 0 
0 20
0 52
cob=(1)
cfi=(1)
cfn=(5568)
calls=4 0 
0 3040
0 4
0 48
cfn=(5574)
calls=4 0 
0 52
0 24

fn=(6254)
0 170
cfn=(5266)
calls=5 0 
0 194
0 275182
cfn=(5354)
calls=6671 0 
0 760948
0 55754

fn=(6346)
0 18360
cfn=(4176)
calls=2295 0 
0 114750
0 4590

fn=(8126)
0 176
cfn=(8128) 0x00000000000f8130
calls=4 0 
0 60
0 48

fn=(8128)
0 60

fn=(7778)
0 75
cob=(7)
cfi=(7)
cfn=(8052)
calls=1 0 
0 131
cob=(7)
cfi=(7)
cfn=(7780)
calls=4 0 
0 956
0 70
cob=(7)
cfi=(7)
cfn=(7784)
calls=5 0 
0 165
cob=(7)
cfi=(7)
cfn=(7782)
calls=5 0 
0 35
0 60
cob=(4)
cfi=(4)
cfn=(4918)
calls=15 0 
0 1856
0 65

fn=(4174)
0 7
cfn=(4176)
calls=1 0 
0 19
0 2

fn=(4258)
0 678020
cfn=(7378)
calls=729 0 
0 116453
0 675476
cfn=(5408)
calls=3855 0 
0 92703
0 129142
cfn=(5408)
calls=127 0 
0 2921
0 1435
cfn=(5408)
calls=287 0 
0 9184
0 1271
cfn=(4364)
calls=1 0 
0 4
0 2065
cfn=(4364)
calls=413 0 
0 1652
0 8740
cfn=(4364)
calls=2185 0 
0 8740
0 39315
cfn=(4298)
calls=2 0 
0 385
0 1774

fn=(4418)
0 72
cfn=(4420)
calls=1 0 
0 73
0 6
cfn=(4424) 0x00000000000aacd0
calls=1 0 
0 54
0 30

fn=(4424)
0 17
cfn=(4430)
calls=1 0 
0 20
0 1
0 16

fn=(4464)
0 19
cfn=(4466)
calls=1 0 
0 7
0 12
cob=(4)
cfi=(4)
cfn=(4208)
calls=1 0 
0 175
0 7
cfn=(4476)
calls=1 0 
0 27
0 9

fn=(3296)
0 48

fn=(3302)
0 18

fn=(3354)
0 17

fn=(3370)
0 6

fn=(3900)
0 9
cob=(1)
cfi=(1)
cfn=(218)
calls=1 0 
0 22
0 1
0 4
cob=(1)
cfi=(1)
cfn=(218)
calls=1 0 
0 22
0 1
0 4
cob=(1)
cfi=(1)
cfn=(218)
calls=1 0 
0 22
0 1
0 4
cob=(1)
cfi=(1)
cfn=(218)
calls=1 0 
0 22
0 1
0 4
cob=(1)
cfi=(1)
cfn=(218)
calls=1 0 
0 22
0 1
0 16
cfn=(3902)
calls=1 0 
0 16
0 7
cfn=(3904)
calls=1 0 
0 9
0 30
cfn=(3906)
calls=1 0 
0 90
0 2
cfn=(3918)
calls=1 0 
0 17
0 6

fn=(4198)
0 18

fn=(4482)
0 25

fn=(4508)
0 805
cfn=(4258)
calls=9 0 
0 3001
0 153
cfn=(4536)
calls=9 0 
0 636
0 9
0 463
cfn=(5408)
calls=4 0 
0 89
0 28
cfn=(6254)
calls=3 0 
0 309
0 71
cfn=(6254)
calls=2 0 
0 230
0 2

fn=(4960)
0 2
cfn=(4962) __close_nocancel
calls=1 0 
0 5

fn=(4962)
0 5

fn=(4986)
0 80
cfn=(4988)
calls=5 0 
0 1464
0 40
cfn=(4506)
calls=5 0 
0 1162
0 5
0 45
cfn=(4536)
calls=5 0 
0 55
0 5
0 5

fn=(5072)
0 190
cfn=(4176)
calls=5 0 
0 219
0 25

fn=(5096)
0 34
cfn=(4582)
calls=2 0 
0 26
0 2
0 1062
cfn=(5100)
calls=4 0 
0 105
0 4
0 32

fn=(5576)
0 38

fn=(5878)
0 72
cfn=(5880)
calls=4 0 
0 2012
0 20

fn=(8044)
0 62
cfn=(8320)
calls=1 0 
0 3
0 13
cob=(1)
cfi=(1)
cfn=(8072)
calls=1 0 
0 1437
0 5
cfn=(8262)
calls=1 0 
0 397
0 2
cfn=(7778)
calls=1 0 
0 579
0 1

fn=(7788)
0 1904
cob=(7)
cfi=(7)
cfn=(7806)
calls=4 0 
0 116
0 808

ob=(3)
fl=(3)
fn=(3492)
0 8

fn=(3510)
0 7

fn=(3478)
0 8

fn=(3502)
0 7

fn=(3508)
0 6

fn=(3518)
0 8

fn=(3472)
0 8

fn=(3494)
0 8

fn=(3524)
0 5

fn=(3484)
0 8

fn=(3520)
0 8

fn=(4084)
0 12

fn=(3474)
0 8

fn=(6318)
0 13820
cfn=(6322) 0x000000000007dcf0
calls=2764 0 
0 290220
0 2764
0 38696

fn=(3500)
0 8

fn=(3512)
0 8

fn=(3486)
0 8

fn=(3490)
0 7

fn=(3498)
0 8

fn=(3504)
0 8

fn=(6322)
0 290220

fn=(8222) 0x00000000000112f0
0 5

fn=(3480)
0 8

fn=(3514)
0 8

fn=(3488)
0 8

fn=(3506)
0 5

fn=(3522)
0 8

fn=(3526)
0 7

fn=(3476)
0 8

fn=(3482)
0 8

fn=(3516)
0 8

fn=(8212)
0 9
cob=(4)
cfi=(4)
cfn=(8218)
calls=1 0 
0 72
0 1
cfn=(8222)
calls=1 0 
0 5
0 3

totals: 58138622
