# callgrind format
version: 1
creator: callgrind-3.24.0
pid: 148697
cmd:  /workspace/scratch/work/sv09/work/bin/devloop-before run-cell rpc.prost.server_stream --iters 400 --prepare-iters 400
part: 1


desc: I1 cache: 
desc: D1 cache: 
desc: LL cache: 

desc: Timerange: Basic block 0 - 18606773
desc: Trigger: Program termination

positions: line
events: Ir
summary: 64504248


ob=(6) /usr/lib/x86_64-linux-gnu/libgcc_s.so.1
fl=(6) ???
fn=(4096) 0x0000000000005730
0 12

fn=(8150) 0x0000000000005680
0 5

fn=(4094) __cpu_indicator_init
0 361

fn=(8128) 0x0000000000004510
0 30

fn=(8140) 0x00000000000056f0
0 9
cob=(4) ???
cfi=(4) ???
cfn=(8146) 0x00000000048663b0
calls=1 0 
0 72
0 1
cfn=(8150)
calls=1 0 
0 5
0 3

fn=(8126) 0x0000000000004560
0 4
cfn=(8128)
calls=1 0 
0 15
0 2
cfn=(8128)
calls=1 0 
0 15

ob=(4)
fl=(4)
fn=(3998) 0x000000000483b000
0 6

fn=(4080) 0x00000000048a0000
0 6

fn=(8124) 0x000000000483b284
0 3

fn=(8146)
0 1
cob=(2) /usr/lib/x86_64-linux-gnu/libc.so.6
cfi=(2) ???
cfn=(8072) __cxa_finalize
calls=1 0 
0 71

fn=(8114) 0x000000000483b030
0 1
cob=(2)
cfi=(2)
cfn=(8072)
calls=1 0 
0 71

fn=(8174) 0x000000000491cdc8
0 3

fn=(4140) 0x0000000000e0b674
0 6

fn=(4208) 0x00000000049a73d8
0 3
cob=(2)
cfi=(2)
cfn=(4210) malloc
calls=3 0 
0 2143

fn=(4090) 0x0000000004866000
0 6

ob=(6)
fl=(6)
fn=(8126)
0 3

ob=(4)
fl=(4)
fn=(8096) 0x0000000000e0b68c
0 3

fn=(8164) 0x00000000048a0280
0 1
cob=(2)
cfi=(2)
cfn=(8072)
calls=1 0 
0 71

fn=(4918) 0x00000000049a73d0
0 37
cob=(2)
cfi=(2)
cfn=(4920) free
calls=37 0 
0 2587

fn=(8156) 0x0000000004888f98
0 3

ob=(1) /usr/lib/x86_64-linux-gnu/ld-linux-x86-64.so.2
fl=(1) ???
fn=(798) 0x000000000000c200
0 40
cfn=(800) 0x0000000000013000
calls=5 0 
0 10
0 180

fn=(876) 0x0000000000004c10
0 5
cfn=(218) __tunable_get_val
calls=1 0 
0 22
0 7

fn=(888) 0x0000000000024740
0 26750

fn=(1072) 0x000000000001ae80
0 24

fn=(1462) 0x00000000000093a0
0 684
cfn=(1474) 0x000000000000bf50
calls=34 0 
0 3679
0 351
cfn=(888)
calls=13 0 
0 547
0 172
cfn=(1054) 0x0000000000024520
calls=4 0 
0 92
0 13
cfn=(1238) 0x0000000000007090
calls=1 0 
0 250
0 13
cfn=(1534) 0x00000000000062f0
calls=1 0 
0 103
0 20
cfn=(1588) 0x0000000000007cb0
calls=1 0 
0 1857
0 48
cfn=(1588)
calls=3 0 
0 6200
0 18
cfn=(650) 0x0000000000025d60
calls=3 0 
0 48
0 66
cfn=(2052) 0x0000000000006660
calls=3 0 
0 951
0 30
cfn=(2024) 0x0000000000007670
calls=3 0 
0 24
0 27
cfn=(2134) 0x0000000000014f40
calls=3 0 
0 4021
0 48
cfn=(1534)
calls=3 0 
0 331
0 45
cfn=(2024)
calls=3 0 
0 24
0 102
cfn=(2024)
calls=3 0 
0 24
0 51

fn=(3842) 0x000000000001b220
0 85
cfn=(3848) 0x000000000001b140
calls=1 0 
0 662
0 5
cfn=(3848)
calls=1 0 
0 603
0 5
cfn=(3848)
calls=1 0 
0 647
0 5
cfn=(3848)
calls=1 0 
0 623
0 11

fn=(3962) 0x00000000000230b0
0 5

fn=(1000) 0x000000000001a9a0
0 16
cfn=(1002) 0x000000000001ad20
calls=1 0 
0 48
0 10
cfn=(1032) 0x000000000001af30
calls=1 0 
0 21
0 23
cfn=(1032)
calls=2 0 
0 135
0 2
cfn=(1032)
calls=1 0 
0 146
0 12
cfn=(746) 0x000000000000bc70
calls=1 0 
0 24
0 13
cfn=(1034) 0x000000000001ade0
calls=1 0 
0 11
0 33
cfn=(1032)
calls=2 0 
0 135
0 2
cfn=(1032)
calls=1 0 
0 146
0 38
cfn=(1112) 0x00000000000238e0
calls=1 0 
0 18
0 32
cfn=(746)
calls=1 0 
0 24
0 14
cfn=(1136) 0x000000000001a900
calls=1 0 
0 45
0 5
cfn=(1136)
calls=1 0 
0 373
0 15

fn=(370) 0x0000000000015f00
0 5366

fn=(1034)
0 273
cfn=(1054)
calls=9 0 
0 207
0 126
cfn=(650)
calls=3 0 
0 48
0 6

fn=(1588)
0 124
cfn=(730) 0x000000000000c2a0
calls=4 0 
0 1517
0 1771
cfn=(1624) 0x0000000000022ff0
calls=4 0 
0 96
0 248
cfn=(1170) 0x0000000000023da0
calls=4 0 
0 367
0 276
cfn=(1624)
calls=12 0 
0 204
0 173
cfn=(1592) 0x0000000000022c50
calls=4 0 
0 20
0 212
cfn=(2412) 0x0000000000022ed0
calls=1 0 
0 6
0 1713
cfn=(2368) 0x0000000000007ab0
calls=2 0 
0 108
0 315
cfn=(1624)
calls=1 0 
0 17
0 13
cfn=(1872) 0x0000000000022d70
calls=4 0 
0 20
0 48
cfn=(124) 0x0000000000011770
calls=4 0 
0 108
0 101
cfn=(2318) 0x0000000000012300
calls=2 0 
0 18
0 12
cfn=(798)
calls=4 0 
0 196
0 24
cfn=(1914) 0x0000000000006240
calls=4 0 
0 164
0 46
cfn=(888)
calls=3 0 
0 97
0 43

fn=(2008) 0x0000000000003640
0 126
cfn=(1462)
calls=9 0 
0 17219
0 27

fn=(3406) 0x0000000000023090
0 30

fn=(3686) _dl_allocate_tls_init
0 75
cob=(2)
cfi=(2)
cfn=(5436) pthread_mutex_lock
calls=4 0 
0 156
cfn=(800)
calls=1 0 
0 2
0 680
cfn=(1148) 0x0000000000023bb0
calls=15 0 
0 460
0 75
cfn=(1170)
calls=15 0 
0 390
0 163
cob=(2)
cfi=(2)
cfn=(5442) pthread_mutex_unlock
calls=4 0 
0 156
cfn=(800)
calls=1 0 
0 2
0 55

fn=(3790) 0x000000000001b3f0
0 11
cfn=(3792) 0x000000000000bad0
calls=1 0 
0 204
0 17
cfn=(3792)
calls=1 0 
0 183
0 13

fn=(3984) 0x0000000000005d00
0 191
cob=(4)
cfi=(4)
cfn=(4090)
calls=1 0 
0 6
cob=(4)
cfi=(4)
cfn=(4080)
calls=1 0 
0 6
cob=(4)
cfi=(4)
cfn=(3998)
calls=1 0 
0 6
0 74
cob=(6)
cfi=(6)
cfn=(4096)
calls=1 0 
0 12
cob=(2)
cfi=(2)
cfn=(4072) 0x0000000000029b00
calls=1 0 
0 22
cob=(2)
cfi=(2)
cfn=(4064) 0x0000000000029a90
calls=1 0 
0 11
0 16
cob=(6)
cfi=(6)
cfn=(4094)
calls=1 0 
0 361
cob=(3) /usr/lib/x86_64-linux-gnu/libm.so.6
cfi=(3) ???
cfn=(4084) 0x00000000000113a0
calls=1 0 
0 12
cob=(2)
cfi=(2)
cfn=(4032) 0x0000000000029a20
calls=1 0 
0 84
cob=(5) /workspace/pure-protobuf/work/toolchain/deb/usr/libexec/valgrind/vgpreload_core-amd64-linux.so
cfi=(5) ???
cfn=(4010) 0x0000000000001100
calls=1 0 
0 12
0 65

fn=(1388) _dl_debug_state
0 2

fn=(1454) 0x00000000000024a0
0 22
cfn=(1456) _dl_catch_exception
calls=2 0 
0 3594
0 22

fn=(1460) 0x000000000001d3c0
0 11
cfn=(1462)
calls=1 0 
0 2620
0 3

fn=(1534)
0 171
cfn=(1538) 0x0000000000022e60
calls=9 0 
0 159
0 71
cfn=(1552) 0x0000000000022f00
calls=4 0 
0 20
0 249
cfn=(2412)
calls=1 0 
0 6
0 18

fn=(1916) 0x00000000000034a0
0 30

fn=(1980) 0x0000000000003680
0 159
cfn=(746)
calls=4 0 
0 96
0 36
cfn=(760) 0x0000000000023bc0
calls=4 0 
0 40
0 20
cfn=(760)
calls=4 0 
0 40
0 173
cfn=(1456)
calls=9 0 
0 17894
0 905
cfn=(1240) 0x0000000000006e50
calls=9 0 
0 456
0 412
cfn=(746)
calls=1 0 
0 24
0 110
cfn=(2542) 0x0000000000011940
calls=1 0 
0 394
0 116
cfn=(2462) 0x0000000000022f40
calls=4 0 
0 76
0 20
cfn=(760)
calls=1 0 
0 18
0 3

fn=(8056) 0x0000000000001f70
0 104
cob=(3)
cfi=(3)
cfn=(8158) 0x0000000000011360
calls=1 0 
0 90
cob=(6)
cfi=(6)
cfn=(8126)
calls=1 0 
0 39
cob=(5)
cfi=(5)
cfn=(8108) 0x00000000000010c0
calls=1 0 
0 90
cob=(7) /workspace/scratch/work/sv09/work/bin/devloop-before
cfi=(7) ???
cfn=(8064) 0x00000000002591e0
calls=1 0 
0 90
0 1
cob=(6)
cfi=(6)
cfn=(8140)
calls=1 0 
0 90
0 62
cob=(4)
cfi=(4)
cfn=(8174)
calls=1 0 
0 3
cob=(4)
cfi=(4)
cfn=(8156)
calls=1 0 
0 3
cob=(4)
cfi=(4)
cfn=(8124)
calls=1 0 
0 3
cob=(4)
cfi=(4)
cfn=(8096)
calls=1 0 
0 3
0 8

fn=(124)
0 162

fn=(218)
0 815

fn=(270) 0x0000000000016260
0 212

fn=(1392) 0x00000000000184e0
0 20

fn=(1640) 0x00000000000230d0
0 18
cfn=(218)
calls=1 0 
0 22
0 9

fn=(1914)
0 40
cfn=(1916)
calls=4 0 
0 24
0 100

fn=(2086) 0x0000000000022d50
0 40

fn=(2134)
0 60
cfn=(2180) 0x00000000000148b0
calls=3 0 
0 3373
0 21
cfn=(650)
calls=3 0 
0 102
0 24
cfn=(760)
calls=3 0 
0 38
0 6
cfn=(1250) 0x0000000000025d00
calls=3 0 
0 263
0 14
cfn=(2140) 0x000000000000bec0
calls=1 0 
0 89
0 31

fn=(3704) 0x0000000000005310
0 7
cfn=(3720) 0x0000000000004dd0
calls=1 0 
0 128
0 4
cfn=(746)
calls=1 0 
0 24
0 8
cfn=(3720)
calls=1 0 
0 453
0 9
cfn=(3708) 0x0000000000004c80
calls=1 0 
0 64
0 3
cfn=(3758) 0x0000000000005250
calls=1 0 
0 192
0 7

fn=(3758)
0 192

fn=(3784) 0x0000000000017e50
0 5

fn=(670) 0x000000000001e600
0 21
cfn=(672) 0x0000000000013010
calls=1 0 
0 16
0 14
cfn=(678) 0x000000000001a800
calls=1 0 
0 86
0 4
cfn=(678)
calls=2 0 
0 385
0 175
cfn=(730)
calls=1 0 
0 286
0 12
cfn=(798)
calls=1 0 
0 34
0 408
cfn=(876)
calls=1 0 
0 34
0 13
cfn=(888)
calls=1 0 
0 42
0 338
cfn=(124)
calls=1 0 
0 27
0 10
cfn=(998) 0x00000000000076e0
calls=1 0 
0 2369
0 3
cfn=(1318) 0x0000000000003510
calls=1 0 
0 20
0 148
cfn=(1374) 0x00000000000123f0
calls=1 0 
0 5
0 8
cfn=(1382) 0x00000000000034e0
calls=1 0 
0 9
0 3
cfn=(1392)
calls=1 0 
0 20
0 12
cfn=(1960) 0x0000000000022c30
calls=1 0 
0 8
0 21
cfn=(1980)
calls=1 0 
0 20992
0 119
cfn=(2624) 0x0000000000002290
calls=1 0 
0 19546
0 135
cfn=(2976) 0x00000000000110a0
calls=1 0 
0 76829
0 113
cfn=(2976)
calls=6 0 
0 318124
0 30
cfn=(3434) 0x0000000000012d50
calls=3 0 
0 90
0 12
cfn=(3668) 0x0000000000012d00
calls=1 0 
0 42
0 10
cfn=(3686)
calls=1 0 
0 386
0 6
cfn=(3704)
calls=1 0 
0 899
0 11
cfn=(2980) 0x000000000000e870
calls=1 0 
0 275
0 6
cfn=(3790)
calls=1 0 
0 428
0 2
cfn=(3842)
calls=1 0 
0 2646
0 2
cfn=(3874) 0x0000000000003420
calls=1 0 
0 628
0 2
cfn=(3400) 0x000000000000e710
calls=1 0 
0 28
0 3
cfn=(3890) 0x0000000000001f00
calls=1 0 
0 578
0 1
cfn=(3944) 0x000000000001ccd0
calls=1 0 
0 1
0 2
cfn=(1916)
calls=1 0 
0 6
0 3
cfn=(1382)
calls=1 0 
0 9
0 3
cfn=(3952) 0x0000000000018570
calls=1 0 
0 8
0 1
cfn=(3958) 0x0000000000015260
calls=1 0 
0 16
0 106
cfn=(2854) 0x000000000001dd60
calls=1 0 
0 883
0 41
cfn=(1402) 0x000000000001e500
calls=1 0 
0 3228
0 7

fn=(730)
0 87
cfn=(650)
calls=4 0 
0 108
0 36
cfn=(742) 0x000000000000bda0
calls=4 0 
0 227
0 3
cfn=(742)
calls=1 0 
0 40
0 70
cfn=(760)
calls=5 0 
0 69
0 362
cfn=(650)
calls=4 0 
0 170
0 40
cfn=(1148)
calls=4 0 
0 72
0 388
cfn=(746)
calls=4 0 
0 96
0 35

fn=(760)
0 277

fn=(1374)
0 5

fn=(1592)
0 25

fn=(2052)
0 126
cfn=(1148)
calls=3 0 
0 36
0 71
cfn=(1148)
calls=5 0 
0 60
0 20
cfn=(1148)
calls=5 0 
0 60
0 60
cfn=(1534)
calls=5 0 
0 260
0 191
cfn=(2086)
calls=3 0 
0 40
0 27

fn=(2556) 0x0000000000011840
0 486

fn=(2624)
0 12
cfn=(2628) 0x000000000001db20
calls=1 0 
0 19526
0 8

fn=(2630) 0x0000000000014740
0 48
cfn=(2638) 0x0000000000013e00
calls=6 0 
0 19437
0 31

fn=(158) 0x0000000000013780
0 23135

fn=(224) 0x0000000000021f30
0 7

fn=(1382)
0 10
cfn=(1388)
calls=2 0 
0 2
0 6

fn=(1452) 0x000000000001d8d0
0 17
cfn=(1454)
calls=1 0 
0 2714
0 11

fn=(1538)
0 175

fn=(2180)
0 556
cfn=(2188) 0x00000000000147c0
calls=32 0 
0 2252
0 183
cfn=(2188)
calls=3 0 
0 238
0 144

fn=(3890)
0 12
cfn=(3792)
calls=1 0 
0 222
0 11
cob=(2)
cfi=(2)
cfn=(3900) __libc_early_init
calls=1 0 
0 333

fn=(3944)
0 1

fn=(3980) 0x0000000000005e20
0 32
cfn=(3984)
calls=1 0 
0 36
0 35
cfn=(3984)
calls=5 0 
0 764
0 21
cfn=(3984)
calls=1 0 
0 78
0 2

fn=(1112)
0 18

fn=(1250)
0 53
cfn=(650)
calls=3 0 
0 102
0 9
cfn=(746)
calls=3 0 
0 72
0 27

fn=(1624)
0 383

fn=(2024)
0 72

fn=(2412)
0 12

fn=(2976)
0 105
cfn=(3406)
calls=5 0 
0 25
0 41
cfn=(2980)
calls=5 0 
0 394767
0 15

fn=(2) 0x000000000001de30
0 666
cfn=(120) 0x000000000001af80
calls=1 0 
0 9
0 8
cfn=(124)
calls=1 0 
0 27
0 8
cfn=(134) 0x000000000001cc10
calls=1 0 
0 481834
0 23

fn=(136) 0x000000000001be40
0 531

fn=(216) 0x0000000000011910
0 5
cfn=(218)
calls=1 0 
0 22
0 6

fn=(232) 0x0000000000017e70
0 27
cfn=(244) 0x0000000000015890
calls=1 0 
0 71
0 28
cfn=(270)
calls=1 0 
0 212
0 101
cfn=(218)
calls=1 0 
0 21
0 7
cfn=(218)
calls=1 0 
0 21
0 10
cfn=(218)
calls=1 0 
0 21
0 12
cfn=(218)
calls=1 0 
0 21
0 13
cfn=(218)
calls=1 0 
0 21
0 12
cfn=(218)
calls=1 0 
0 21
0 14
cfn=(578) 0x0000000000013760
calls=1 0 
0 44
0 11
cfn=(578)
calls=1 0 
0 44
0 9
cfn=(578)
calls=1 0 
0 44
0 10
cfn=(578)
calls=1 0 
0 44
0 11
cfn=(578)
calls=1 0 
0 44
0 10
cfn=(578)
calls=1 0 
0 44
0 15
cfn=(218)
calls=1 0 
0 20
0 4
cfn=(218)
calls=1 0 
0 22
0 10
cfn=(218)
calls=1 0 
0 22
0 55
cfn=(364) 0x0000000000016170
calls=1 0 
0 459
0 3
cfn=(364)
calls=1 0 
0 526
0 5
cfn=(364)
calls=1 0 
0 476
0 3
cfn=(364)
calls=1 0 
0 468
0 4
cfn=(364)
calls=1 0 
0 450
0 3
cfn=(364)
calls=1 0 
0 451
0 3
cfn=(364)
calls=1 0 
0 501
0 3
cfn=(364)
calls=1 0 
0 492
0 3
cfn=(364)
calls=1 0 
0 493
0 3
cfn=(364)
calls=1 0 
0 517
0 3
cfn=(364)
calls=1 0 
0 518
0 3
cfn=(364)
calls=1 0 
0 519
0 7
cfn=(472) 0x0000000000015a30
calls=1 0 
0 228
0 39

fn=(244)
0 71

fn=(1002)
0 48

fn=(1238)
0 18
cfn=(1240)
calls=2 0 
0 145
0 64
cfn=(650)
calls=2 0 
0 76
0 6
cfn=(746)
calls=2 0 
0 48
0 18

fn=(1300) 0x000000000000bde0
0 4

fn=(2628)
0 6
cfn=(2630)
calls=1 0 
0 19516
0 4

fn=(3708)
0 364

fn=(3720)
0 261
cfn=(3708)
calls=5 0 
0 300
0 20

fn=(678)
0 471

fn=(2928) 0x0000000000013070
0 32
cfn=(218)
calls=1 0 
0 22
0 21
cfn=(1170)
calls=1 0 
0 12
0 9

fn=(2980)
0 206775
cfn=(3074) 0x000000000000ae90
calls=10 0 
0 5417
0 1722
cfn=(3074)
calls=246 0 
0 159691
0 12304
cfn=(3784)
calls=1 0 
0 5
cob=(3)
cfi=(3)
cfn=(3526) sincos
calls=1 0 
0 7
cob=(3)
cfi=(3)
cfn=(3524) fmaf
calls=1 0 
0 5
cob=(3)
cfi=(3)
cfn=(3522) sin
calls=1 0 
0 8
cob=(3)
cfi=(3)
cfn=(3520) __atan2_finite
calls=1 0 
0 8
cob=(3)
cfi=(3)
cfn=(3518) __atanh_finite
calls=1 0 
0 8
cob=(3)
cfi=(3)
cfn=(3516) __sinh_finite
calls=1 0 
0 8
cob=(3)
cfi=(3)
cfn=(3514) exp2f
calls=1 0 
0 8
cob=(3)
cfi=(3)
cfn=(3512) expm1
calls=1 0 
0 8
cob=(3)
cfi=(3)
cfn=(3510) __asin_finite
calls=1 0 
0 7
cob=(3)
cfi=(3)
cfn=(3508) roundeven
calls=1 0 
0 6
cob=(3)
cfi=(3)
cfn=(3506) fma
calls=1 0 
0 5
cob=(3)
cfi=(3)
cfn=(3504) sinf
calls=1 0 
0 8
cob=(3)
cfi=(3)
cfn=(3502) __acos_finite
calls=1 0 
0 7
cob=(3)
cfi=(3)
cfn=(3500) atan
calls=1 0 
0 8
cob=(3)
cfi=(3)
cfn=(3498) __log_finite
calls=1 0 
0 8
cob=(3)
cfi=(3)
cfn=(3494) 0x000000000005b3b0
calls=1 0 
0 8
cob=(3)
cfi=(3)
cfn=(3492) log2f
calls=1 0 
0 8
cob=(3)
cfi=(3)
cfn=(3490) __pow_finite
calls=1 0 
0 7
cob=(3)
cfi=(3)
cfn=(3488) powf
calls=1 0 
0 8
cob=(3)
cfi=(3)
cfn=(3486) sincosf
calls=1 0 
0 8
cob=(3)
cfi=(3)
cfn=(3484) log2
calls=1 0 
0 8
cob=(3)
cfi=(3)
cfn=(3482) tan
calls=1 0 
0 8
cob=(3)
cfi=(3)
cfn=(3480) logf
calls=1 0 
0 8
cob=(3)
cfi=(3)
cfn=(3478) cos
calls=1 0 
0 8
cob=(3)
cfi=(3)
cfn=(3476) expf
calls=1 0 
0 8
cob=(3)
cfi=(3)
cfn=(3474) __exp_finite
calls=1 0 
0 8
cob=(3)
cfi=(3)
cfn=(3472) cosf
calls=1 0 
0 8
cob=(2)
cfi=(2)
cfn=(3376) strncasecmp
calls=1 0 
0 20
cob=(2)
cfi=(2)
cfn=(3374) mempcpy
calls=1 0 
0 21
cob=(2)
cfi=(2)
cfn=(3372) wcpncpy
calls=1 0 
0 17
cob=(2)
cfi=(2)
cfn=(3370) strspn
calls=1 0 
0 6
cob=(2)
cfi=(2)
cfn=(3368) memchr
calls=1 0 
0 22
cob=(2)
cfi=(2)
cfn=(3366) memmove
calls=1 0 
0 21
cob=(2)
cfi=(2)
cfn=(3364) stpcpy
calls=1 0 
0 16
cob=(2)
cfi=(2)
cfn=(3362) __memmove_chk
calls=1 0 
0 21
cob=(2)
cfi=(2)
cfn=(3360) wmemcmp
calls=1 0 
0 23
cob=(2)
cfi=(2)
cfn=(3358) strncpy
calls=1 0 
0 18
cob=(2)
cfi=(2)
cfn=(3356) strlen
calls=1 0 
0 24
cob=(2)
cfi=(2)
cfn=(3354) wcscat
calls=1 0 
0 17
cob=(2)
cfi=(2)
cfn=(3352) strcasecmp_l
calls=1 0 
0 20
cob=(2)
cfi=(2)
cfn=(3350) strcpy
calls=1 0 
0 16
cob=(2)
cfi=(2)
cfn=(3348) wmemset
calls=2 0 
0 36
cob=(2)
cfi=(2)
cfn=(3346) bcmp
calls=1 0 
0 23
cob=(2)
cfi=(2)
cfn=(3344) strchrnul
calls=1 0 
0 24
cob=(2)
cfi=(2)
cfn=(3342) strncasecmp_l
calls=1 0 
0 20
cob=(2)
cfi=(2)
cfn=(3340) strcat
calls=1 0 
0 16
cob=(2)
cfi=(2)
cfn=(3338) wcscpy
calls=1 0 
0 15
cob=(2)
cfi=(2)
cfn=(3336) strcspn
calls=1 0 
0 6
cob=(2)
cfi=(2)
cfn=(3334) strcasecmp
calls=1 0 
0 20
cob=(2)
cfi=(2)
cfn=(3332) strncmp
calls=1 0 
0 20
cob=(2)
cfi=(2)
cfn=(3330) wmemchr
calls=2 0 
0 44
cob=(2)
cfi=(2)
cfn=(3328) stpncpy
calls=1 0 
0 18
cob=(2)
cfi=(2)
cfn=(3326) wcscmp
calls=1 0 
0 24
cob=(2)
cfi=(2)
cfn=(3324) rindex
calls=1 0 
0 24
cob=(2)
cfi=(2)
cfn=(3322) __memset_chk
calls=1 0 
0 22
cob=(2)
cfi=(2)
cfn=(3320) index
calls=1 0 
0 18
cob=(2)
cfi=(2)
cfn=(3318) wcschr
calls=2 0 
0 48
cob=(2)
cfi=(2)
cfn=(3316) memcpy
calls=1 0 
0 21
cob=(2)
cfi=(2)
cfn=(3314) wcsncpy
calls=1 0 
0 17
cob=(2)
cfi=(2)
cfn=(3312) memrchr
calls=1 0 
0 24
cob=(2)
cfi=(2)
cfn=(3310) __memcpy_chk
calls=1 0 
0 21
cob=(2)
cfi=(2)
cfn=(3308) __mempcpy_chk
calls=1 0 
0 21
cob=(2)
cfi=(2)
cfn=(3306) wcslen
calls=1 0 
0 18
cob=(2)
cfi=(2)
cfn=(3304) memset
calls=1 0 
0 22
cob=(2)
cfi=(2)
cfn=(3302) wcsnlen
calls=1 0 
0 18
cob=(2)
cfi=(2)
cfn=(3300) strcmp
calls=1 0 
0 18
cob=(2)
cfi=(2)
cfn=(3298) strpbrk
calls=1 0 
0 6
cob=(2)
cfi=(2)
cfn=(3296) strnlen
calls=2 0 
0 48
cob=(2)
cfi=(2)
cfn=(3284) 0x00000000000bb960
calls=1 0 
0 29
0 1401
cob=(2)
cfi=(2)
cfn=(3358)
calls=1 0 
0 18
cob=(2)
cfi=(2)
cfn=(3304)
calls=2 0 
0 44
cob=(2)
cfi=(2)
cfn=(3346)
calls=3 0 
0 69
cob=(2)
cfi=(2)
cfn=(3366)
calls=2 0 
0 42
cob=(2)
cfi=(2)
cfn=(3356)
calls=2 0 
0 48
cob=(2)
cfi=(2)
cfn=(3316)
calls=2 0 
0 42
0 2711
cfn=(3074)
calls=6 0 
0 3418
0 228

fn=(0) 0x000000000001d2c0
0 2
cfn=(2)
calls=1 0 
0 482575
0 10
cfn=(3980)
calls=1 0 
0 968
0 3
cob=(7)
cfi=(7)
cfn=(4108) (below main)
calls=1 0 
0 16053383

fn=(1456)
0 161
cfn=(1458) 0x00000000000232a0
calls=1 0 
0 19
0 30
cfn=(1458)
calls=10 0 
0 190
0 55
cob=(2)
cfi=(2)
cfn=(5504) 0x000000000008f330
calls=1 0 
0 844
cfn=(2008)
calls=9 0 
0 17372
cfn=(1460)
calls=1 0 
0 2634
0 183

fn=(2542)
0 244
cfn=(2556)
calls=12 0 
0 486
0 78
cfn=(760)
calls=2 0 
0 36
0 2

fn=(2638)
0 505
cfn=(1474)
calls=46 0 
0 4605
0 7586
cfn=(888)
calls=41 0 
0 1745
0 290
cfn=(888)
calls=1 0 
0 57
0 841
cfn=(742)
calls=5 0 
0 220
0 3555
cfn=(2818) 0x0000000000025f00
calls=1 0 
0 31
0 2

fn=(3792)
0 127
cfn=(3804) 0x000000000000ba00
calls=3 0 
0 440
0 42

fn=(3874)
0 11
cfn=(3074)
calls=1 0 
0 601
0 16

fn=(5440) _dl_find_dso_for_object
0 348

fn=(5566) _dl_allocate_tls
0 16
cfn=(2910) 0x0000000000011f40
calls=4 0 
0 1180
0 16
cfn=(3686)
calls=4 0 
0 1828

fn=(472)
0 228

fn=(1240)
0 88
cfn=(1054)
calls=11 0 
0 414
0 99

fn=(1402)
0 28
cfn=(1452)
calls=1 0 
0 2742
0 6
cfn=(1408) 0x0000000000025b80
calls=1 0 
0 407
0 8
cfn=(760)
calls=1 0 
0 26
0 11

fn=(1552)
0 20

fn=(2900) 0x0000000000012670
0 9
cfn=(746)
calls=1 0 
0 24
0 318
cfn=(2910)
calls=1 0 
0 53
0 7

fn=(120)
0 9

fn=(4154) _dl_audit_preinit
0 4

fn=(658) 0x0000000000022710
0 14

fn=(998)
0 15
cfn=(1000)
calls=1 0 
0 1341
0 3
cfn=(746)
calls=1 0 
0 24
0 13
cfn=(746)
calls=1 0 
0 24
0 42
cfn=(1170)
calls=4 0 
0 52
0 91
cfn=(650)
calls=1 0 
0 16
0 8
cfn=(760)
calls=1 0 
0 10
0 108
cfn=(746)
calls=1 0 
0 24
0 10
cfn=(1210) 0x0000000000007190
calls=1 0 
0 570
0 18

fn=(1148)
0 724

fn=(1170)
0 821

fn=(1458)
0 209

fn=(1960)
0 8

fn=(3668)
0 42

fn=(3804)
0 84
cfn=(888)
calls=3 0 
0 191
0 39
cfn=(888)
calls=3 0 
0 96
0 30

fn=(746)
0 528

fn=(1032)
0 66
cfn=(1034)
calls=11 0 
0 469
0 6
cfn=(1034)
calls=3 0 
0 180
0 106
cfn=(1072)
calls=6 0 
0 24
0 34

fn=(2188)
0 2490

fn=(2860) 0x0000000000012270
0 10
cfn=(218)
calls=1 0 
0 21
0 5
cfn=(218)
calls=1 0 
0 21
0 21

fn=(2910)
0 45
cob=(2)
cfi=(2)
cfn=(4994) calloc
calls=4 0 
0 1104
cfn=(742)
calls=1 0 
0 34
0 50

fn=(3094) 0x000000000000a220
0 87197
cfn=(3128) 0x000000000000a0a0
calls=261 0 
0 33443
0 2914

fn=(134)
0 6
cfn=(136)
calls=1 0 
0 531
0 2
cfn=(158)
calls=1 0 
0 23135
0 1
cfn=(216)
calls=1 0 
0 33
0 2
cfn=(224)
calls=1 0 
0 7
0 1
cfn=(232)
calls=1 0 
0 7276
0 4
cfn=(650)
calls=1 0 
0 16
0 3
cfn=(658)
calls=1 0 
0 14
0 11
cfn=(670)
calls=1 0 
0 450788
0 4

fn=(364)
0 396
cfn=(370)
calls=12 0 
0 4044
0 84
cfn=(370)
calls=12 0 
0 1322
0 24

fn=(1054)
0 713

fn=(1318)
0 20

fn=(1408)
0 407

fn=(2462)
0 76

fn=(3434)
0 90

fn=(3848)
0 60
cfn=(3074)
calls=4 0 
0 2371
0 104

fn=(1136)
0 46
cfn=(1148)
calls=2 0 
0 24
0 22
cfn=(1032)
calls=2 0 
0 135
0 4
cfn=(1032)
calls=2 0 
0 167
0 20

fn=(1212) 0x000000000001b390
0 246

fn=(1474)
0 560
cfn=(888)
calls=80 0 
0 2585
0 1079
cfn=(888)
calls=94 0 
0 3472
0 588

fn=(1872)
0 25

fn=(2818)
0 31

fn=(2854)
0 13
cfn=(742)
calls=1 0 
0 34
0 5
cfn=(2860)
calls=1 0 
0 78
0 1
cfn=(2870) 0x0000000000012470
calls=1 0 
0 224
0 1
cfn=(2900)
calls=1 0 
0 411
0 14
cfn=(2928)
calls=1 0 
0 96
0 6

fn=(3128)
0 7827
cfn=(888)
calls=195 0 
0 9886
0 5007
cfn=(888)
calls=250 0 
0 8032
0 2691

fn=(8100) 0x0000000000018730
0 24

fn=(8018) 0x0000000000005aa0
0 22
cob=(2)
cfi=(2)
cfn=(5436)
calls=1 0 
0 39
0 34
cfn=(3952)
calls=1 0 
0 8
0 101
cfn=(2542)
calls=1 0 
0 452
0 2
cob=(2)
cfi=(2)
cfn=(5442)
calls=1 0 
0 39
0 79
cfn=(8056)
calls=6 0 
0 586
0 12
cfn=(8100)
calls=6 0 
0 24
0 29
cfn=(3952)
calls=1 0 
0 8
0 2

fn=(672)
0 16

fn=(742)
0 307
cfn=(1624)
calls=2 0 
0 44
0 14
cfn=(1640)
calls=2 0 
0 49
0 141

fn=(1210)
0 20
cfn=(1212)
calls=1 0 
0 239
0 3
cfn=(1212)
calls=1 0 
0 7
0 11
cfn=(1238)
calls=1 0 
0 125
0 5
cfn=(650)
calls=1 0 
0 16
0 33
cfn=(1300)
calls=1 0 
0 4
0 9
cfn=(746)
calls=1 0 
0 24
0 10
cfn=(1148)
calls=1 0 
0 12
0 52

fn=(2318)
0 18

fn=(2368)
0 108

fn=(3400)
0 21
cfn=(3406)
calls=1 0 
0 5
0 2

fn=(3952)
0 24

fn=(3958)
0 7
cfn=(3962)
calls=1 0 
0 5
0 4

fn=(578)
0 264

fn=(650)
0 702

fn=(800)
0 14

fn=(2140)
0 11
cfn=(1538)
calls=1 0 
0 16
0 13
cfn=(1592)
calls=1 0 
0 5
0 8
cfn=(1872)
calls=1 0 
0 5
0 7
cfn=(1624)
calls=1 0 
0 22
0 2

fn=(2870)
0 127
cfn=(218)
calls=1 0 
0 22
0 17
cfn=(218)
calls=1 0 
0 22
0 36

fn=(3074)
0 35965
cfn=(3094)
calls=268 0 
0 123554
0 12711

ob=(5)
fl=(5)
fn=(8108)
0 9
cob=(4)
cfi=(4)
cfn=(8114)
calls=1 0 
0 72
0 1
cfn=(8118) 0x0000000000001050
calls=1 0 
0 5
0 3

fn=(4010)
0 12

fn=(8118)
0 5

ob=(7)
fl=(7)
fn=(6512) <h2::proto::streams::streams::Inner>::buffer_pending::<tokio::net::tcp::stream::TcpStream, bytes::bytes::Bytes>
0 188796
cfn=(6340) <h2::codec::framed_write::Encoder<h2::proto::streams::prioritize::Prioritized<bytes::bytes::Bytes>>>::buffer
calls=2 0 
0 236
0 10
cfn=(6460) <h2::proto::streams::flow_control::FlowControl>::inc_window
calls=2 0 
0 38
0 25421
cfn=(6516) <h2::proto::streams::prioritize::Prioritize>::reclaim_frame::<tokio::net::tcp::stream::TcpStream, bytes::bytes::Bytes>
calls=3631 0 
0 289747
0 177430
cfn=(6518) <h2::proto::streams::prioritize::Prioritize>::pop_pending_open
calls=4834 0 
0 212163
0 11673
cfn=(6796) <h2::proto::streams::store::Queue<h2::proto::streams::stream::NextSend>>::push_front
calls=401 0 
0 19649
0 1203
cfn=(6732) <h2::proto::streams::prioritize::Prioritize>::try_assign_capacity
calls=401 0 
0 97042
0 33838
cfn=(6522) <h2::proto::streams::prioritize::Prioritize>::pop_frame::<bytes::bytes::Bytes>
calls=4834 0 
0 1769710
0 17688
cob=(2)
cfi=(2)
cfn=(4536) 0x0000000000162b40
calls=2005 0 
0 128320
0 17644
cob=(2)
cfi=(2)
cfn=(4536)
calls=802 0 
0 51328
0 4812
cob=(2)
cfi=(2)
cfn=(4536)
calls=1203 0 
0 76992
0 6015
cfn=(6340)
calls=2005 0 
0 3630039
0 14035
cfn=(6516)
calls=2005 0 
0 68170
0 18133

fn=(6526) <h2::proto::streams::streams::Inner>::reclaim_written_frame::<tokio::net::tcp::stream::TcpStream, bytes::bytes::Bytes>
0 73554
cfn=(6516)
calls=2829 0 
0 96186
0 48093

fn=(4144) std::sys::args::unix::imp::ARGV_INIT_ARRAY::init_wrapper
0 4

fn=(4170) main
0 9
cfn=(4172) std::rt::lang_start_internal
calls=1 0 
0 16050629
0 2

fn=(5042) std::env::args_os
0 39
cob=(2)
cfi=(2)
cfn=(4210)
calls=1 0 
0 187
0 131
cob=(2)
cfi=(2)
cfn=(4582) 0x0000000000165880
calls=7 0 
0 104
0 35
cob=(2)
cfi=(2)
cfn=(4210)
calls=7 0 
0 1306
0 70
cob=(2)
cfi=(2)
cfn=(4536)
calls=7 0 
0 93
0 26

fn=(5088) <tokio::runtime::builder::Builder>::build
0 19
cfn=(5090) std::env::var::inner
calls=1 0 
0 763
0 5
cfn=(5114) std::thread::functions::available_parallelism
calls=1 0 
0 6422
0 15
cfn=(5168) <tokio::runtime::driver::Driver>::new
calls=1 0 
0 3027
0 10
cob=(2)
cfi=(2)
cfn=(4536)
calls=1 0 
0 29
0 8
cob=(2)
cfi=(2)
cfn=(4536)
calls=1 0 
0 29
0 6
cfn=(5210) tokio::runtime::blocking::create_blocking_pool
calls=1 0 
0 607
0 9
cfn=(5222) <tokio::util::rand::rt::RngSeedGenerator>::next_seed
calls=1 0 
0 63
0 4
cfn=(5222)
calls=1 0 
0 63
0 6
cob=(2)
cfi=(2)
cfn=(4536)
calls=1 0 
0 29
0 57
cob=(2)
cfi=(2)
cfn=(4210)
calls=1 0 
0 190
0 22
cob=(2)
cfi=(2)
cfn=(4210)
calls=1 0 
0 190
0 42
cob=(2)
cfi=(2)
cfn=(4210)
calls=1 0 
0 41
0 25
cob=(2)
cfi=(2)
cfn=(4210)
calls=1 0 
0 190
0 31
cob=(2)
cfi=(2)
cfn=(5224) posix_memalign
calls=1 0 
0 470
0 97
cob=(2)
cfi=(2)
cfn=(4210)
calls=4 0 
0 750
0 32
cob=(2)
cfi=(2)
cfn=(4210)
calls=4 0 
0 540
0 116
cob=(2)
cfi=(2)
cfn=(4210)
calls=4 0 
0 801
0 72
cfn=(5192) <std::sys::pal::unix::time::Timespec>::now
calls=4 0 
0 104
0 16
cfn=(5192)
calls=4 0 
0 104
0 44
cfn=(5222)
calls=4 0 
0 252
0 136
cob=(2)
cfi=(2)
cfn=(4210)
calls=4 0 
0 611
0 186
cob=(2)
cfi=(2)
cfn=(4210)
calls=1 0 
0 190
0 48
cob=(2)
cfi=(2)
cfn=(4210)
calls=1 0 
0 187
0 18
cob=(2)
cfi=(2)
cfn=(4972) 0x0000000000163540
calls=1 0 
0 35
0 92
cob=(2)
cfi=(2)
cfn=(4536)
calls=1 0 
0 29
0 4
cob=(2)
cfi=(2)
cfn=(4210)
calls=1 0 
0 179
0 10
cob=(2)
cfi=(2)
cfn=(4536)
calls=1 0 
0 88
0 122
cob=(2)
cfi=(2)
cfn=(4210)
calls=4 0 
0 760
0 62
cfn=(5422) <alloc::raw_vec::RawVec<usize>>::grow_one
calls=1 0 
0 261
0 7
cfn=(5426) core::ptr::drop_glue::<alloc::vec::drain::Drain<alloc::boxed::Box<tokio::runtime::scheduler::multi_thread::worker::Core>>>
calls=1 0 
0 25
0 7
cfn=(5428) core::ptr::drop_glue::<alloc::vec::Vec<alloc::boxed::Box<tokio::runtime::scheduler::multi_thread::worker::Core>>>
calls=1 0 
0 89
0 5
cfn=(5430) <alloc::sync::Arc<tokio::runtime::scheduler::multi_thread::park::Inner>>::drop_slow
calls=1 0 
0 77
0 73
cfn=(5468) <tokio::runtime::scheduler::Handle>::current
calls=4 0 
0 116
0 156
cob=(2)
cfi=(2)
cfn=(5224)
calls=4 0 
0 1822
0 48
cob=(2)
cfi=(2)
cfn=(4536)
calls=4 0 
0 116
0 20
cfn=(5470) <tokio::runtime::blocking::pool::Spawner>::spawn_task
calls=4 0 
0 16012
0 65
cfn=(5664) core::ptr::drop_glue::<alloc::vec::drain::Drain<alloc::sync::Arc<tokio::runtime::scheduler::multi_thread::worker::Worker>>>
calls=1 0 
0 26
0 2
cfn=(5666) core::ptr::drop_glue::<tokio::runtime::scheduler::multi_thread::worker::Launch>
calls=1 0 
0 88
0 8
cfn=(5668) <tokio::runtime::context::current::SetCurrentGuard as core::ops::drop::Drop>::drop
calls=1 0 
0 45
0 9
cfn=(5432) std::sys::thread_local::destructors::linux_like::register
calls=1 0 
0 237
0 3

fn=(5120) std::fs::buffer_capacity_required
0 22
cfn=(5122) std::sys::fs::unix::try_statx
calls=2 0 
0 247
0 20
cob=(2)
cfi=(2)
cfn=(5126) lseek
calls=2 0 
0 10
0 32

fn=(5142) <std::path::Components>::as_path
0 144
cfn=(5140) <std::path::Components>::parse_next_component_back
calls=3 0 
0 233
0 36

fn=(5160) <&std::fs::File as alloc::io::read::Read>::read_to_string
0 12
cfn=(5120)
calls=1 0 
0 165
0 15
cfn=(5128) alloc::io::read::default_read_to_end::<&std::fs::File>
calls=1 0 
0 250
0 9
cfn=(5058) core::str::converts::from_utf8
calls=1 0 
0 109
0 14

fn=(5426)
0 50

fn=(5628) <std::hash::random::RandomState as core::hash::BuildHasher>::hash_one::<&usize>
0 161
cfn=(5086) <std::hash::random::DefaultHasher as core::hash::Hasher>::write
calls=7 0 
0 385
0 476

fn=(5666)
0 23
cob=(2)
cfi=(2)
cfn=(4920)
calls=1 0 
0 65

fn=(5670) core::ptr::drop_glue::<tokio::runtime::builder::Builder>
0 31

fn=(5676) <tokio::runtime::park::CachedParkThread>::waker
0 17
cfn=(5678) <std::sys::thread_local::native::lazy::Storage<tokio::runtime::park::ParkThread, ()>>::get_or_init_slow::<tokio::runtime::park::CURRENT_PARKER::__rust_std_internal_init_fn>
calls=1 0 
0 518
0 2

fn=(5682) <tokio::net::tcp::listener::TcpListener>::bind::<&str>::{closure#0}
0 19
cfn=(5684) <str as tokio::net::addr::sealed::ToSocketAddrsPriv>::to_socket_addrs
calls=1 0 
0 241
0 10
cfn=(5690) <tokio::net::addr::sealed::MaybeReady as core::future::future::Future>::poll
calls=1 0 
0 25
0 28
cfn=(5692) <mio::net::tcp::listener::TcpListener>::bind
calls=1 0 
0 76
0 20
cfn=(5702) <tokio::io::poll_evented::PollEvented<mio::net::tcp::stream::TcpStream>>::new_with_interest
calls=1 0 
0 694
0 7

fn=(5710) <std::sys::net::connection::socket::TcpStream>::socket_addr
0 80
cob=(2)
cfi=(2)
cfn=(5712) getsockname
calls=4 0 
0 20
0 80

fn=(5742) <alloc::raw_vec::RawVecInner<_>>::reserve::do_reserve_and_handle::<alloc::alloc::Global>
0 420
cfn=(5424) <alloc::raw_vec::RawVecInner>::finish_grow
calls=21 0 
0 5542
0 29244
cfn=(5424)
calls=1613 0 
0 620739
0 60678
cfn=(5424)
calls=2007 0 
0 190152
0 18103
cfn=(5424)
calls=2 0 
0 170
0 294
cfn=(5424)
calls=12 0 
0 1669
0 108

fn=(5782) <str>::trim_matches::<<char>::is_whitespace>
0 255

fn=(5836) core::ptr::drop_glue::<pbrs_grpc::tcp::dial_via_proxy::{closure#0}>
0 15

fn=(6146) std::sys::backtrace::__rust_begin_short_backtrace::<std::thread::lifecycle::spawn_unchecked<<tokio::runtime::blocking::pool::Spawner>::spawn_thread::{closure#0}, ()>::{closure#1}::{closure#0}::{closure#0}, ()>
0 28
cfn=(6148) <std::thread::spawnhook::ChildSpawnHooks>::inherit_and_run
calls=4 0 
0 1256
0 8

fn=(6148)
0 84
cfn=(5494) <std::thread::spawnhook::SpawnHooks as core::ops::drop::Drop>::drop
calls=4 0 
0 76
0 128
cfn=(5432)
calls=4 0 
0 960
0 8

fn=(6154) tokio::runtime::scheduler::multi_thread::worker::run
0 132
cfn=(6156) <tokio::runtime::metrics::worker::WorkerMetrics>::set_thread_id
calls=4 0 
0 132
0 92
cfn=(5222)
calls=4 0 
0 252
0 24
cfn=(5066) <tokio::util::rand::RngSeed>::new
calls=4 0 
0 1204
0 204
cfn=(5192)
calls=4 0 
0 104
0 16
cfn=(5192)
calls=4 0 
0 104
0 163
cfn=(7638) tokio::runtime::task::raw::shutdown::<devloop::rpc_prost_unary::{closure#0}::{closure#0}, alloc::sync::Arc<tokio::runtime::scheduler::multi_thread::handle::Handle>>
calls=1 0 
0 7794
cfn=(7636) tokio::runtime::task::raw::shutdown::<pbrs_grpc::wire::send::reset_on_cancel::{closure#0}, alloc::sync::Arc<tokio::runtime::scheduler::multi_thread::handle::Handle>>
calls=2 0 
0 3886
cfn=(7626) tokio::runtime::task::raw::shutdown::<pbrs_grpc::client::pool::finish_h2<tokio::net::tcp::stream::TcpStream>::{closure#0}::{closure#2}, alloc::sync::Arc<tokio::runtime::scheduler::multi_thread::handle::Handle>>
calls=1 0 
0 6046
cfn=(7556) tokio::runtime::task::raw::shutdown::<pbrs_grpc::server::accept::accept_loop_with_slots<pbrs_grpc::server::router::Router, core::future::pending::Pending<()>>::{closure#0}::{closure#2}, alloc::sync::Arc<tokio::runtime::scheduler::multi_thread::handle::Handle>>
calls=1 0 
0 44034
0 2396
cfn=(5422)
calls=1 0 
0 112
0 149
cfn=(7842) <tokio::runtime::driver::Driver>::shutdown
calls=4 0 
0 1321
0 36
cob=(2)
cfi=(2)
cfn=(6378) syscall
calls=4 0 
0 44
0 16
cfn=(7848) core::ptr::drop_glue::<tokio::runtime::scheduler::multi_thread::worker::Core>
calls=4 0 
0 156
0 8
cob=(2)
cfi=(2)
cfn=(4920)
calls=4 0 
0 260
0 16
cfn=(5426)
calls=1 0 
0 25
0 12
cfn=(7852) tokio::runtime::task::raw::dealloc::<pbrs_grpc::client::pool::finish_h2<tokio::net::tcp::stream::TcpStream>::{closure#0}::{closure#2}, alloc::sync::Arc<tokio::runtime::scheduler::multi_thread::handle::Handle>>
calls=1 0 
0 206
cfn=(7364) tokio::runtime::task::raw::dealloc::<pbrs_grpc::wire::send::reset_on_cancel::{closure#0}, alloc::sync::Arc<tokio::runtime::scheduler::multi_thread::handle::Handle>>
calls=2 0 
0 202
0 8
cfn=(6266) <tokio::runtime::scheduler::multi_thread::handle::Handle>::next_remote_task
calls=4 0 
0 153
0 111759
cfn=(5192)
calls=105 0 
0 2730
0 840
cfn=(6246) <std::sys::pal::unix::time::Timespec>::sub_timespec
calls=105 0 
0 3780
0 1897
cfn=(5192)
calls=56 0 
0 1456
0 560
cfn=(6246)
calls=56 0 
0 2016
0 392
cfn=(6248) __floattidf
calls=56 0 
0 2520
0 784
cob=(3)
cfi=(3)
cfn=(6250) pow
calls=56 0 
0 7000
0 784
cfn=(6268) <tokio::runtime::scheduler::multi_thread::worker::Context>::park_internal
calls=56 0 
0 20660
0 147
cfn=(6268)
calls=49 0 
0 20502
0 525
cfn=(6288) <tokio::runtime::scheduler::multi_thread::worker::Core>::maintenance
calls=105 0 
0 5460
0 210
cfn=(5192)
calls=105 0 
0 2730
0 420
cfn=(5192)
calls=105 0 
0 2730
0 168166
cfn=(6266)
calls=4 0 
0 108
0 6312
cfn=(6266)
calls=3156 0 
0 40981
0 77222
cfn=(6164) <tokio::runtime::scheduler::multi_thread::worker::Context>::run_task
calls=527 0 
0 2616128
0 9332
cfn=(6164)
calls=2333 0 
0 38388245
0 45471
cfn=(5192)
calls=3693 0 
0 96018
0 29544
cfn=(6246)
calls=3693 0 
0 132948
0 67441
cfn=(5192)
calls=2330 0 
0 60580
0 25630
cfn=(6246)
calls=2330 0 
0 83880
0 16310
cfn=(6248)
calls=2330 0 
0 104850
0 32620
cob=(3)
cfi=(3)
cfn=(6250)
calls=2330 0 
0 291250
0 604554
cfn=(6266)
calls=3282 0 
0 16410
0 11076
cfn=(5192)
calls=410 0 
0 10660
0 1640
cfn=(5192)
calls=410 0 
0 10660
0 2870
cfn=(6164)
calls=410 0 
0 2043125
0 18405
cfn=(6268)
calls=395 0 
0 239273
0 44900
cfn=(5192)
calls=3283 0 
0 85358
0 16415
cfn=(5192)
calls=3283 0 
0 85358
0 339739
cfn=(6268)
calls=3206 0 
0 1414798
0 22442
cfn=(6288)
calls=3206 0 
0 166712
0 192629
cfn=(7672) core::ptr::drop_glue::<tokio::runtime::scheduler::Context>
calls=4 0 
0 798
0 8
cfn=(7544) core::ptr::drop_glue::<tokio::runtime::context::runtime::EnterRuntimeGuard>
calls=4 0 
0 288
0 44

fn=(6174) <hashbrown::map::HashMap<&str, alloc::sync::Arc<dyn pbrs_grpc::server::dispatch::DynService>, std::hash::random::RandomState>>::insert
0 19
cfn=(5772) <std::hash::random::RandomState as core::hash::BuildHasher>::hash_one::<&alloc::string::String>
calls=1 0 
0 188
0 72
cfn=(6176) <hashbrown::raw::RawTable<(&str, alloc::sync::Arc<dyn pbrs_grpc::server::dispatch::DynService>)>>::reserve_rehash::<hashbrown::map::make_hasher<&str, alloc::sync::Arc<dyn pbrs_grpc::server::dispatch::DynService>, std::hash::random::RandomState>::{closure#0}>
calls=1 0 
0 184
0 1

fn=(6192) <std::sync::once_lock::OnceLock<alloc::sync::Arc<pbrs_grpc::channelz::model::Registry>>>::initialize::<<std::sync::once_lock::OnceLock<alloc::sync::Arc<pbrs_grpc::channelz::model::Registry>>>::get_or_init<<pbrs_grpc::channelz::model::Registry>::global_shared::{closure#0}>::{closure#0}, !>
0 17
cfn=(6194) <std::sys::sync::once::futex::Once>::call
calls=1 0 
0 330
0 2

fn=(6280) <tokio::runtime::io::scheduled_io::ScheduledIo>::wake
0 102216
cfn=(6434) tokio::runtime::park::wake
calls=1 0 
0 63
cfn=(6282) tokio::runtime::task::waker::wake_by_val
calls=1225 0 
0 109558
0 22927

fn=(6348) <tokio::net::tcp::stream::TcpStream>::poll_write_vectored_priv
0 28944
cfn=(6350) <tokio::runtime::io::registration::Registration>::poll_ready
calls=1608 0 
0 96549
0 33754
cob=(2)
cfi=(2)
cfn=(6368) writev
calls=1607 0 
0 96420
0 24116

fn=(6384) <tokio::net::tcp::stream::TcpStream>::poll_read_priv
0 77979
cfn=(6350)
calls=4587 0 
0 454824
0 31162
cfn=(6350)
calls=18 0 
0 2322
0 28454
cob=(2)
cfi=(2)
cfn=(6496) recv
calls=1775 0 
0 104797
0 3568
cob=(2)
cfi=(2)
cfn=(5034) __errno_location
calls=18 0 
0 54
0 144
cfn=(6318) std::sys::io::error::unix::decode_error_kind
calls=18 0 
0 144
0 96489

fn=(6430) tokio::runtime::park::clone
0 5375

fn=(6464) <tracing_core::subscriber::NoSubscriber as tracing_core::subscriber::Subscriber>::current_span
0 6

fn=(6472) <h2::proto::streams::recv::Recv>::set_target_connection_window
0 86

fn=(6486) <h2::proto::streams::recv::Recv>::clear_expired_reset_streams
0 48093

fn=(6494) <h2::codec::Codec<tokio::net::tcp::stream::TcpStream, h2::proto::streams::prioritize::Prioritized<bytes::bytes::Bytes>> as futures_core::stream::Stream>::poll_next
0 166946
cfn=(6498) <tokio_util::codec::length_delimited::LengthDelimitedCodec as tokio_util::codec::decoder::Decoder>::decode
calls=2011 0 
0 220677
0 62341
cfn=(6502) h2::codec::framed_read::decode_frame
calls=2011 0 
0 3613094
0 95424
cfn=(6384)
calls=4229 0 
0 727379
0 52594
cfn=(6498)
calls=1756 0 
0 456525
0 16256
cfn=(6384)
calls=356 0 
0 72208
0 54384
cob=(2)
cfi=(2)
cfn=(4536)
calls=2011 0 
0 58319
0 54808
cob=(2)
cfi=(2)
cfn=(4536)
calls=2011 0 
0 128704
0 8044

fn=(6528) <tokio::runtime::scheduler::multi_thread::park::Unparker>::unpark
0 71168
cob=(2)
cfi=(2)
cfn=(6378)
calls=1492 0 
0 16412
0 2295
cfn=(6362) <mio::sys::unix::waker::Waker>::wake
calls=459 0 
0 39015
0 3218

fn=(6530) core::ptr::drop_glue::<pbrs_grpc::client::pool::finish_h2<tokio::net::tcp::stream::TcpStream>::{closure#0}>
0 21

fn=(6542) tokio::runtime::park::drop_waker
0 2849

fn=(6584) <pbrs_grpc::channelz::model::Registry>::note_call_started
0 1604
cfn=(6552) <pbrs_grpc::channelz::model::Registry>::channel
calls=401 0 
0 19248
0 2807
cfn=(5192)
calls=401 0 
0 10426
0 3208
cfn=(6246)
calls=401 0 
0 14436
0 8421

fn=(6602) <pbrs_grpc::client::channel::Channel>::grab_in::<pbrs_grpc::rt::TokioRuntime>::{closure#0}
0 24060
cfn=(6604) <pbrs_grpc::client::channel::Channel>::health_directive
calls=401 0 
0 16040
0 15639
cfn=(6606) <pbrs_grpc::client::pool::ChannelInner>::acquire::{closure#0}
calls=401 0 
0 265061
0 37293
cfn=(6620) core::ptr::drop_glue::<<pbrs_grpc::client::pool::ChannelInner>::acquire::{closure#0}>
calls=401 0 
0 8421
0 6817

fn=(6606)
0 27669
cfn=(6608) <tokio::sync::mutex::Mutex<std::collections::hash::map::HashMap<pbrs_grpc::resolver::snapshot::ResolvedAddress, alloc::sync::Arc<tokio::sync::mutex::Mutex<pbrs_grpc::client::pool::ConnSlot>>>>>::lock::{closure#0}
calls=401 0 
0 57744
0 6416
cfn=(6468) <h2::proto::streams::streams::Streams<bytes::bytes::Bytes, h2::client::Peer> as core::clone::Clone>::clone
calls=401 0 
0 16842
0 12832
cfn=(6614) <tokio::sync::batch_semaphore::Semaphore>::add_permits_locked
calls=401 0 
0 26065
0 18446
cfn=(6616) <pbrs_grpc::transport::h2::ReadySendRequest as core::future::future::Future>::poll
calls=401 0 
0 44511
0 8020
cfn=(6478) <pbrs_grpc::transport::h2::SendRequest as pbrs_grpc::transport::SendRequest>::current_max_send_streams
calls=401 0 
0 14035
0 32481

fn=(6618) <h2::proto::streams::streams::Actions>::ensure_no_conn_error
0 25263

fn=(6630) pbrs_grpc::client::call::open_in::<pbrs_grpc::rt::TokioRuntime>::{closure#0}
0 34486
cfn=(6632) pbrs_grpc::client::call::open_in::<pbrs_grpc::rt::TokioRuntime>::{closure#0}::{closure#1}
calls=401 0 
0 71378
0 27669
cfn=(6634) pbrs_grpc::wire::headers::grpc_request
calls=401 0 
0 684818
0 4010
cob=(2)
cfi=(2)
cfn=(4536)
calls=401 0 
0 11629
0 3208
cfn=(6658) <pbrs_grpc::transport::h2::SendRequest as pbrs_grpc::transport::SendRequest>::send_request
calls=401 0 
0 1378524
0 6015
cfn=(6718) core::ptr::drop_glue::<h2::client::SendRequest<bytes::bytes::Bytes>>
calls=401 0 
0 25263
0 2005
cfn=(6722) core::ptr::drop_glue::<pbrs_grpc::client::call::open_in<pbrs_grpc::rt::TokioRuntime>::{closure#0}::{closure#1}>
calls=401 0 
0 4812
0 4010

fn=(6660) <h2::proto::streams::stream::Stream>::new
0 11228
cfn=(6460)
calls=802 0 
0 15238
0 6416
cfn=(6460)
calls=802 0 
0 15238
0 29674

fn=(6708) <h2::proto::streams::prioritize::Prioritize>::schedule_send
0 49323
cfn=(6798) <h2::proto::streams::store::Queue<h2::proto::streams::stream::NextSend>>::push
calls=1203 0 
0 52531
0 6817
cfn=(6282)
calls=802 0 
0 118673
0 12832

fn=(6718)
0 2005
cfn=(6720) core::ptr::drop_glue::<h2::proto::streams::streams::Streams<bytes::bytes::Bytes, h2::client::Peer>>
calls=401 0 
0 20852
0 2411
cfn=(6720)
calls=1 0 
0 51
0 6

fn=(6752) pbrs_grpc::client::streaming::run_server_stream_inner::<pbrs_grpc::codec::prost::Message<devloop::echo::EchoReply>>::{closure#0}::{closure#1}
0 14851
cfn=(6754) <pbrs_grpc::transport::h2::ResponseFuture as core::future::future::Future>::poll
calls=401 0 
0 76190
0 1608
cfn=(6754)
calls=402 0 
0 227481
0 12036
cfn=(7146) core::ptr::drop_glue::<pbrs_grpc::transport::h2::ResponseFuture>
calls=401 0 
0 103141
0 18847
cob=(2)
cfi=(2)
cfn=(4536)
calls=401 0 
0 11629
0 3609
cob=(2)
cfi=(2)
cfn=(4536)
calls=401 0 
0 11629
0 1604
cob=(2)
cfi=(2)
cfn=(4536)
calls=401 0 
0 11629
0 5614
cob=(2)
cfi=(2)
cfn=(4536)
calls=401 0 
0 11629
0 11629
cfn=(7148) <h2::share::RecvStream>::is_end_stream
calls=401 0 
0 24964
0 1604
cfn=(6962) pbrs_grpc::wire::headers::grpc_encoding
calls=401 0 
0 70576
0 36491
cob=(2)
cfi=(2)
cfn=(4210)
calls=401 0 
0 16744
0 4806
cob=(2)
cfi=(2)
cfn=(4536)
calls=400 0 
0 25600
0 4
cob=(2)
cfi=(2)
cfn=(4536)
calls=1 0 
0 64
0 8020
cfn=(6580) core::ptr::drop_glue::<http::extensions::Extensions>
calls=401 0 
0 6817
0 49332

fn=(6754)
0 10439
cfn=(6756) <h2::client::ResponseFuture as core::future::future::Future>::poll
calls=803 0 
0 270361
0 22871

fn=(6756)
0 40953
cfn=(6758) <h2::proto::streams::buffer::Deque>::pop_front::<h2::proto::streams::recv::Event>
calls=803 0 
0 51621
0 8839
cfn=(6760) <h2::proto::streams::state::State>::ensure_recv_open
calls=402 0 
0 5628
0 12842
cfn=(6430)
calls=402 0 
0 2010
0 6434
cfn=(6542)
calls=1 0 
0 7
0 22689
cfn=(6716) <h2::proto::streams::streams::OpaqueStreamRef as core::clone::Clone>::clone
calls=401 0 
0 26065
0 10806
cfn=(7200) <std::sys::sync::mutex::futex::Mutex>::lock_contended
calls=95 0 
0 73055
0 855
cob=(2)
cfi=(2)
cfn=(6378)
calls=95 0 
0 1045
0 7512

fn=(6760)
0 14164

fn=(6770) core::ptr::drop_glue::<pbrs_grpc::keepalive::wait::{closure#0}>
0 81
cfn=(6772) <tokio::sync::notify::NotifiedProject>::drop_notified
calls=3 0 
0 239
0 13
cfn=(6386) tokio::runtime::task::waker::drop_waker
calls=2 0 
0 16
0 39
cfn=(7008) <tokio::sync::notify::NotifyGuard>::notify_waiters
calls=1 0 
0 33
0 14
cfn=(7130) <alloc::sync::Arc<pbrs_grpc::keepalive::Busy>>::drop_slow
calls=1 0 
0 193
0 12

fn=(6784) <h2::proto::streams::recv::Recv>::apply_local_settings
0 106
cfn=(6460)
calls=1 0 
0 19
0 43

fn=(6806) <h2::frame::headers::Iter as core::iter::traits::iterator::Iterator>::next
0 270274
cfn=(6824) core::ptr::drop_glue::<h2::frame::headers::Pseudo>
calls=1203 0 
0 27669
0 1203

fn=(6830) <h2::frame::head::Head>::encode::<bytes::buf::limit::Limit<&mut bytes::bytes_mut::BytesMut>>
0 42105
cob=(2)
cfi=(2)
cfn=(4536)
calls=1203 0 
0 20451
0 44511
cob=(2)
cfi=(2)
cfn=(4536)
calls=1203 0 
0 18045
0 43308
cob=(2)
cfi=(2)
cfn=(4536)
calls=1203 0 
0 18045
0 43308
cob=(2)
cfi=(2)
cfn=(4536)
calls=1203 0 
0 16842
0 25263

fn=(6842) <core::pin::Pin<&mut pbrs_grpc::keepalive::wait_opt::{closure#0}> as core::future::future::Future>::poll
0 25288

fn=(6856) <h2::hpack::decoder::Decoder>::decode_literal
0 13477
cfn=(6846) <h2::hpack::decoder::Table>::get
calls=405 0 
0 10131
0 8910
cfn=(6858) <h2::hpack::decoder::Decoder>::try_decode_string
calls=405 0 
0 420791
0 826
cfn=(6858)
calls=4 0 
0 2338
0 2033
cfn=(6860) <h2::hpack::decoder::StringMarker>::consume
calls=405 0 
0 17820
0 9404
cfn=(6858)
calls=4 0 
0 2301
0 96
cfn=(6860)
calls=4 0 
0 176
0 52
cfn=(6860)
calls=4 0 
0 176
0 48
cfn=(6876) <http::header::name::HeaderName>::from_lowercase
calls=4 0 
0 1312
0 1612
cfn=(5058)
calls=401 0 
0 46602
0 806
cfn=(5058)
calls=1 0 
0 114
0 3487
cfn=(6872) <bytes::bytes::Bytes>::copy_from_slice
calls=3 0 
0 442
0 54
cfn=(6850) bytes::bytes_mut::shared_v_drop
calls=3 0 
0 15
0 810
cfn=(6808) core::ptr::drop_glue::<h2::hpack::header::Header>
calls=405 0 
0 9729
0 621
cfn=(6872)
calls=4 0 
0 1043
0 200
cfn=(6850)
calls=4 0 
0 20
0 16
cfn=(6850)
calls=4 0 
0 20
0 4

fn=(6866) <alloc::collections::vec_deque::VecDeque<h2::hpack::header::Header>>::grow
0 18
cfn=(6868) <alloc::raw_vec::RawVec<h2::hpack::header::Header>>::grow_one
calls=3 0 
0 1057
0 30

fn=(6878) <bytes::bytes_mut::BytesMut as core::ops::drop::Drop>::drop
0 10827

fn=(6880) <h2::proto::streams::recv::Recv>::open
0 12832

fn=(6890) <h2::server::Peer as h2::proto::peer::Peer>::convert_poll_message
0 33283
cfn=(6864) bytes::bytes_mut::shared_v_clone
calls=401 0 
0 4010
0 4411
cfn=(6892) <http::uri::authority::Authority>::from_shared
calls=401 0 
0 89423
0 8020
cfn=(6850)
calls=401 0 
0 2005
0 8020
cfn=(6894) <http::uri::scheme::Scheme as core::str::traits::FromStr>::from_str
calls=401 0 
0 12431
0 16441
cfn=(6664) bytes::bytes::static_drop
calls=401 0 
0 401
0 6416
cfn=(6864)
calls=401 0 
0 4010
0 1604
cfn=(6896) <http::uri::path::PathAndQuery>::from_maybe_shared::<bytes::bytes::Bytes>
calls=401 0 
0 140751
0 10426
cfn=(6850)
calls=401 0 
0 2005
0 5213
cob=(2)
cfi=(2)
cfn=(4536)
calls=401 0 
0 11629
0 1604
cob=(2)
cfi=(2)
cfn=(4536)
calls=401 0 
0 11629
0 12431
cfn=(6638) <http::uri::Uri>::from_parts
calls=401 0 
0 22456
0 8020
cfn=(6900) core::ptr::drop_glue::<http::uri::Uri>
calls=401 0 
0 8421
0 8421
cob=(2)
cfi=(2)
cfn=(4536)
calls=401 0 
0 11629
0 2005
cob=(2)
cfi=(2)
cfn=(4536)
calls=401 0 
0 11629
0 1604
cob=(2)
cfi=(2)
cfn=(4536)
calls=401 0 
0 11629
0 2406
cfn=(6644) core::ptr::drop_glue::<http::header::map::HeaderMap>
calls=401 0 
0 19649
0 8020
cob=(2)
cfi=(2)
cfn=(4536)
calls=401 0 
0 11629
0 2406

fn=(6982) <h2::share::FlowControl>::release_capacity
0 28070
cfn=(6984) <h2::proto::streams::recv::Recv>::release_capacity
calls=802 0 
0 100250
0 17644

fn=(7020) pbrs_grpc::interceptor::intercept_response::<pbrs_grpc::stream::Streaming<pbrs_grpc::codec::prost::Message<devloop::echo::EchoReply>>>
0 8020
cob=(2)
cfi=(2)
cfn=(4536)
calls=401 0 
0 30476

fn=(7042) <pbrs_grpc::stream::StreamSender<pbrs_grpc::codec::prost::Message<devloop::echo::EchoReply>>>::send_framed::{closure#0}
0 57744
cfn=(7044) <tokio::sync::mpsc::bounded::Sender<core::result::Result<pbrs_grpc::stream::Framed<pbrs_grpc::codec::prost::Message<devloop::echo::EchoReply>>, pbrs_grpc::status::Status>>>::send::{closure#0}
calls=1604 0 
0 432068
0 9624
cfn=(7050) core::ptr::drop_glue::<<tokio::sync::mpsc::bounded::Sender<core::result::Result<pbrs_grpc::stream::Framed<pbrs_grpc::codec::prost::Message<devloop::echo::EchoReply>>, pbrs_grpc::status::Status>>>::send::{closure#0}>
calls=1604 0 
0 20852
0 27268

fn=(7122) <pbrs_grpc::channelz::model::Registry>::note_stream_end
0 6416
cfn=(6748) <pbrs_grpc::channelz::model::Registry>::socket
calls=802 0 
0 48120
0 13634

fn=(7146)
0 2807
cfn=(6988) <h2::proto::streams::streams::OpaqueStreamRef as core::ops::drop::Drop>::drop
calls=401 0 
0 96324
0 4010

fn=(7154) core::ptr::drop_glue::<pbrs_grpc::client::call::first_of_in<pbrs_grpc::rt::TokioRuntime, pbrs_grpc::request::Response<pbrs_grpc::stream::Streaming<pbrs_grpc::codec::prost::Message<pbrs_adoption_corpus::prost_types::EntityList>>>, pbrs_grpc::client::streaming::run_server_stream_inner<pbrs_grpc::codec::prost::Message<pbrs_adoption_corpus::prost_types::EntityList>>::{closure#0}::{closure#1}>::{closure#0}>
0 8421

fn=(7170) pbrs_grpc::client::call::finish_attempt
0 1604

fn=(7182) core::ptr::drop_glue::<<pbrs_grpc::client::channel::Channel>::server_streaming<pbrs_grpc::codec::prost::Message<devloop::echo::EchoRequest>, pbrs_grpc::codec::prost::Message<devloop::echo::EchoReply>>::{closure#0}>
0 8421

fn=(7194) <pbrs_grpc::wire::frame_reader::WireStream<pbrs_grpc::codec::prost::Message<pbrs_adoption_corpus::prost_types::EntityList>>>::poll_next
0 43149
cfn=(6992) <pbrs_grpc::wire::frame_reader::FrameReader>::next_frame
calls=2271 0 
0 152348
0 2406
cfn=(6992)
calls=802 0 
0 53333
0 16429
cfn=(6974) <pbrs_grpc::transport::h2::RecvStream as pbrs_grpc::transport::RecvStream>::poll_data
calls=1068 0 
0 323262
0 12157
cfn=(6978) <pbrs_grpc::wire::frame_reader::FrameReader>::push
calls=401 0 
0 13634
0 1203
cfn=(6980) pbrs_grpc::wire::frame_reader::release
calls=401 0 
0 218616
0 48108
cfn=(7216) pbrs_grpc::wire::frame_reader::decode_frame::<pbrs_grpc::codec::prost::Message<devloop::echo::EchoReply>>
calls=1604 0 
0 808404
0 18847
cfn=(7220) <h2::share::RecvStream>::poll_trailers
calls=401 0 
0 86616
0 32080
cfn=(7222) pbrs_grpc::wire::frame_reader::status_from
calls=401 0 
0 109874
0 2807
cfn=(6644)
calls=401 0 
0 19649
0 46897

fn=(7200)
0 109938
cob=(2)
cfi=(2)
cfn=(6378)
calls=146 0 
0 1606
0 730

fn=(7212) core::ptr::drop_glue::<tokio::runtime::task::core::Cell<pbrs_grpc::server::connection::serve_io_in<pbrs_grpc::rt::TokioRuntime, pbrs_grpc::server::router::Router, tokio_rustls::server::TlsStream<tokio::net::tcp::stream::TcpStream>>::{closure#0}::{closure#10}, alloc::sync::Arc<tokio::runtime::scheduler::multi_thread::handle::Handle>>>
0 10426

fn=(7218) <pbrs_grpc::codec::prost::Message<devloop::echo::EchoReply> as pbrs_grpc::codec::CodecMessage>::decode_payload
0 38496
cfn=(6996) prost::encoding::varint::decode_varint::<&mut bytes::bytes::Bytes>
calls=1604 0 
0 27268
0 28872
cfn=(6996)
calls=1604 0 
0 85012
0 33684
cfn=(7000) <alloc::vec::Vec<u8> as prost::encoding::sealed::BytesAdapter>::replace_with::<bytes::bytes::Bytes>
calls=1604 0 
0 490812
0 9624
cfn=(6664)
calls=1604 0 
0 1604
0 30476

fn=(7502) std::io::stdio::print_to_buffer_if_capture_used
0 20

fn=(7512) core::ptr::drop_glue::<pbrs_grpc::client::pool::ConnSlot>
0 10
cfn=(6718)
calls=1 0 
0 62
0 12
cfn=(7128) <tokio::sync::watch::big_notify::BigNotify>::notify_waiters
calls=1 0 
0 669
0 15
cfn=(7514) <pbrs_grpc::channelz::model::Registry>::unregister_socket
calls=1 0 
0 1491
0 11

fn=(7540) core::ptr::drop_glue::<devloop::rpc_prost_server_stream::{closure#0}>
0 11

fn=(7546) core::ptr::drop_glue::<tokio::runtime::runtime::Runtime>
0 5
cfn=(7548) <tokio::runtime::runtime::Runtime as core::ops::drop::Drop>::drop
calls=1 0 
0 321
0 12
cfn=(7552) <tokio::runtime::blocking::pool::BlockingPool>::shutdown
calls=1 0 
0 2744
0 5
cfn=(7968) <alloc::sync::Arc<tokio::runtime::blocking::pool::Inner>>::drop_slow
calls=1 0 
0 363
0 6
cfn=(7978) core::ptr::drop_glue::<tokio::runtime::blocking::shutdown::Receiver>
calls=1 0 
0 10

fn=(7556)
0 31
cfn=(7558) <tokio::runtime::task::core::Core<pbrs_grpc::server::accept::accept_loop_with_slots<pbrs_grpc::server::router::Router, core::future::pending::Pending<()>>::{closure#0}::{closure#2}, alloc::sync::Arc<tokio::runtime::scheduler::current_thread::Handle>>>::set_stage
calls=1 0 
0 19594
0 9
cfn=(7558)
calls=1 0 
0 12016
0 2
cfn=(7622) <tokio::runtime::task::harness::Harness<pbrs_grpc::server::accept::accept_loop_with_slots<pbrs_grpc::server::router::Router, core::future::pending::Pending<()>>::{closure#0}::{closure#2}, alloc::sync::Arc<tokio::runtime::scheduler::multi_thread::handle::Handle>>>::complete
calls=1 0 
0 12378
0 4

fn=(7560) core::ptr::drop_glue::<pbrs_grpc::server::accept::accept_loop_with_slots<pbrs_grpc::server::router::Router, core::future::pending::Pending<()>>::{closure#0}::{closure#2}>
0 16
cfn=(7562) core::ptr::drop_glue::<pbrs_grpc::server::connection::serve_io_in<pbrs_grpc::rt::TokioRuntime, pbrs_grpc::server::router::Router, tokio::net::tcp::stream::TcpStream>::{closure#0}>
calls=1 0 
0 7503
0 19
cfn=(7620) core::ptr::drop_glue::<tokio::sync::mpsc::bounded::Sender<()>>
calls=1 0 
0 20

fn=(7574) <<alloc::boxed::Box<dyn core::error::Error + core::marker::Send + core::marker::Sync> as core::convert::From<alloc::string::String>>::from::StringError as core::fmt::Display>::fmt
0 10
cfn=(5832) <core::fmt::Formatter>::pad
calls=2 0 
0 360

fn=(7600) core::ptr::drop_glue::<core::option::Option<h2::codec::framed_read::Partial>>
0 20

fn=(7630) core::ptr::drop_glue::<pbrs_grpc::client::pool::finish_h2<tokio::net::tcp::stream::TcpStream>::{closure#0}::{closure#2}>
0 14
cfn=(7632) core::ptr::drop_glue::<pbrs_grpc::transport::h2::ClientConnection<tokio::net::tcp::stream::TcpStream>>
calls=1 0 
0 4354
0 2
cfn=(7564) core::ptr::drop_glue::<pbrs_grpc::keepalive::wait_opt::{closure#0}>
calls=1 0 
0 16
0 9
cfn=(6770)
calls=1 0 
0 362

fn=(7636)
0 40
cfn=(7328) <tokio::runtime::task::core::Core<pbrs_grpc::wire::send::reset_on_cancel::{closure#0}, alloc::sync::Arc<tokio::runtime::scheduler::current_thread::Handle>>>::set_stage
calls=2 0 
0 3190
0 18
cfn=(7328)
calls=2 0 
0 210
0 4
cfn=(7332) <tokio::runtime::task::harness::Harness<pbrs_grpc::wire::send::reset_on_cancel::{closure#0}, alloc::sync::Arc<tokio::runtime::scheduler::multi_thread::handle::Handle>>>::complete
calls=2 0 
0 416
0 8

fn=(7642) core::ptr::drop_glue::<tokio::runtime::task::core::Stage<devloop::rpc_prost_unary::{closure#0}::{closure#0}>>
0 55
cfn=(7644) core::ptr::drop_glue::<<pbrs_grpc::server::router::Router>::serve_listener::{closure#0}>
calls=1 0 
0 6537

fn=(7644)
0 14
cfn=(7646) core::ptr::drop_glue::<pbrs_grpc::server::accept::accept_loop<pbrs_grpc::server::router::Router, core::future::pending::Pending<()>>::{closure#0}>
calls=1 0 
0 6518
0 5

fn=(7652) <tokio::sync::mpsc::list::Rx<()>>::pop
0 84

fn=(7666) <alloc::sync::Arc<pbrs_grpc::channelz::model::ServerEntry>>::drop_slow
0 10
cob=(2)
cfi=(2)
cfn=(4920)
calls=1 0 
0 125
0 2
cfn=(7534) core::ptr::drop_glue::<pbrs_grpc::channelz::trace::Trace>
calls=1 0 
0 733
0 8
cob=(2)
cfi=(2)
cfn=(4920)
calls=1 0 
0 73
0 11
cob=(2)
cfi=(2)
cfn=(4920)
calls=1 0 
0 73

fn=(7670) core::ptr::drop_glue::<tokio::runtime::task::core::Cell<devloop::rpc_prost_unary::{closure#0}::{closure#0}, alloc::sync::Arc<tokio::runtime::scheduler::multi_thread::handle::Handle>>>
0 9
cfn=(7642)
calls=1 0 
0 12
0 10

fn=(7694) std::sys::thread_local::native::eager::destroy::<tokio::runtime::context::Context>
0 35

fn=(7718) std::sys::thread_local::guard::key::enable::run
0 116

fn=(7920) <alloc::sync::Arc<std::thread::lifecycle::Packet<()>>>::drop_slow
0 24
cfn=(7922) core::ptr::drop_glue::<std::thread::lifecycle::Packet<()>>
calls=4 0 
0 104
0 36
cob=(2)
cfi=(2)
cfn=(4920)
calls=4 0 
0 312

fn=(7950) core::ptr::drop_glue::<tokio::runtime::driver::Handle>
0 9
cob=(2)
cfi=(2)
cfn=(5132) close
calls=1 0 
0 61
0 2
cfn=(7952) core::ptr::drop_glue::<alloc::vec::Vec<alloc::sync::Arc<tokio::runtime::io::scheduled_io::ScheduledIo>>>
calls=1 0 
0 88
0 2
cob=(2)
cfi=(2)
cfn=(5132)
calls=1 0 
0 61
0 8
cob=(2)
cfi=(2)
cfn=(4920)
calls=1 0 
0 202

fn=(7970) core::ptr::drop_glue::<tokio::runtime::blocking::pool::Inner>
0 10
cfn=(7972) core::ptr::drop_glue::<alloc::collections::vec_deque::VecDeque<tokio::runtime::blocking::pool::Task>>
calls=1 0 
0 101
0 14
cfn=(7976) <alloc::sync::Arc<dyn core::ops::function::Fn<(), Output = ()> + core::marker::Send + core::marker::Sync>>::drop_slow
calls=1 0 
0 144
0 14

fn=(8000) <alloc::sync::Arc<tokio::runtime::park::Inner>>::drop_slow
0 6
cob=(2)
cfi=(2)
cfn=(4920)
calls=1 0 
0 117

fn=(6798)
0 127919

fn=(5024) std::sys::pal::unix::stack_overflow::thread_info::set_current_info
0 65
cob=(2)
cfi=(2)
cfn=(5026) gettid
calls=5 0 
0 15
0 69
cob=(2)
cfi=(2)
cfn=(4210)
calls=1 0 
0 184
0 16
cob=(2)
cfi=(2)
cfn=(4210)
calls=4 0 
0 164
0 40
cob=(2)
cfi=(2)
cfn=(4536)
calls=4 0 
0 48
0 9
cob=(2)
cfi=(2)
cfn=(5034)
calls=5 0 
0 15
0 298
cob=(2)
cfi=(2)
cfn=(4210)
calls=1 0 
0 179
0 214

fn=(5210)
0 11
cob=(2)
cfi=(2)
cfn=(4210)
calls=1 0 
0 190
0 18
cob=(2)
cfi=(2)
cfn=(4210)
calls=1 0 
0 41
0 88
cob=(2)
cfi=(2)
cfn=(4210)
calls=1 0 
0 187
0 10
cob=(2)
cfi=(2)
cfn=(4536)
calls=1 0 
0 52
0 10

fn=(5432)
0 231
cob=(2)
cfi=(2)
cfn=(5434) __cxa_thread_atexit_impl
calls=11 0 
0 2773

fn=(5468)
0 261

fn=(5474) <alloc::raw_vec::RawVec<tokio::runtime::blocking::pool::Task>>::grow_one
0 75
cfn=(5424)
calls=5 0 
0 939
0 45

fn=(5664)
0 26

fn=(5702)
0 36
cfn=(5468)
calls=3 0 
0 87
0 75
cfn=(5704) <tokio::runtime::io::registration_set::RegistrationSet>::allocate
calls=3 0 
0 2091
0 75
cob=(2)
cfi=(2)
cfn=(5174) epoll_ctl
calls=3 0 
0 18
0 45

fn=(5724) <pbrs_grpc::client::channel::Channel>::connect_with::<core::net::socket_addr::SocketAddr>::{closure#0}
0 38
cob=(2)
cfi=(2)
cfn=(4536)
calls=1 0 
0 64
0 22
cfn=(5726) <core::net::socket_addr::SocketAddrV4 as core::fmt::Display>::fmt
calls=1 0 
0 1735
0 12
cob=(2)
cfi=(2)
cfn=(4536)
calls=1 0 
0 64
0 5
cob=(2)
cfi=(2)
cfn=(4536)
calls=1 0 
0 64
0 5
cob=(2)
cfi=(2)
cfn=(4536)
calls=1 0 
0 64
0 15
cob=(2)
cfi=(2)
cfn=(4536)
calls=1 0 
0 64
0 15
cob=(2)
cfi=(2)
cfn=(4210)
calls=1 0 
0 187
0 10
cob=(2)
cfi=(2)
cfn=(4536)
calls=1 0 
0 12
0 9
cfn=(5752) <pbrs_grpc::client::channel::Target>::parse
calls=1 0 
0 1705
0 26
cob=(2)
cfi=(2)
cfn=(4210)
calls=1 0 
0 186
0 32
cob=(2)
cfi=(2)
cfn=(4536)
calls=1 0 
0 64
0 7
cfn=(5764) pbrs_grpc::client::pool::handshake::{closure#0}
calls=1 0 
0 17820
0 4
cfn=(5764)
calls=1 0 
0 15247
0 81
cfn=(6544) pbrs_grpc::client::pool::register_channel_for
calls=1 0 
0 1756
0 23
cob=(2)
cfi=(2)
cfn=(4536)
calls=1 0 
0 64
0 19
cfn=(6548) pbrs_grpc::client::pool::live_slots
calls=1 0 
0 8145
0 3
cob=(2)
cfi=(2)
cfn=(4210)
calls=1 0 
0 204
0 23
cfn=(6556) pbrs_grpc::client::pool::finish_channel
calls=1 0 
0 1495
0 8
cob=(2)
cfi=(2)
cfn=(4536)
calls=1 0 
0 76
0 8
cob=(2)
cfi=(2)
cfn=(4920)
calls=1 0 
0 65
0 7
cob=(2)
cfi=(2)
cfn=(4536)
calls=1 0 
0 76
0 6
cfn=(6566) core::ptr::drop_glue::<pbrs_grpc::client::pool::connect_inner::{closure#0}>
calls=1 0 
0 17
0 22

fn=(5732) <core::net::ip_addr::Ipv4Addr as core::fmt::Display>::fmt
0 162
cfn=(5729) core::fmt::write'2
calls=6 0 
0 7603
0 24

fn=(5734) <u8 as core::fmt::Display>::fmt
0 720
cfn=(5736) <core::fmt::Formatter>::pad_integral
calls=24 0 
0 4897
0 72

fn=(5774) <core::hash::sip::Hasher<core::hash::sip::Sip13Rounds> as core::hash::Hasher>::write
0 37033

fn=(5824) <pbrs_grpc::proxy::ProxyConfig>::bypasses
0 11
cfn=(5790) pbrs_grpc::proxy::strip_port
calls=1 0 
0 160
0 3
cfn=(5788) <str>::to_lowercase
calls=1 0 
0 210
0 7
cfn=(5688) <core::net::parser::Parser>::read_ipv4_addr
calls=1 0 
0 142
0 42
cob=(2)
cfi=(2)
cfn=(5150) 0x00000000001623e0
calls=1 0 
0 21
0 10
cfn=(5828) alloc::fmt::format::format_inner
calls=1 0 
0 457
0 9
cob=(2)
cfi=(2)
cfn=(4920)
calls=1 0 
0 65
0 28
cob=(2)
cfi=(2)
cfn=(4920)
calls=1 0 
0 65
0 9

fn=(5828)
0 1071
cob=(2)
cfi=(2)
cfn=(4210)
calls=7 0 
0 792
0 95
cfn=(5728) core::fmt::write
calls=6 0 
0 6082
0 56
cfn=(5728)
calls=7 0 
0 3175
0 182

fn=(5832)
0 462
cfn=(5740) <alloc::string::String as core::fmt::Write>::write_str
calls=2 0 
0 316
cfn=(7506) <core::io::write::default_write_fmt::Adapter<std::io::stdio::StderrLock> as core::fmt::Write>::write_str
calls=1 0 
0 109
cfn=(5740)
calls=18 0 
0 5298

fn=(5840) <mio::net::tcp::stream::TcpStream>::connect
0 12
cob=(2)
cfi=(2)
cfn=(5694) socket
calls=1 0 
0 5
0 18
cob=(2)
cfi=(2)
cfn=(5842) connect
calls=1 0 
0 64
0 3
cob=(2)
cfi=(2)
cfn=(5034)
calls=1 0 
0 3
0 17

fn=(6242) <tokio::runtime::io::scheduled_io::Readiness as core::future::future::Future>::poll
0 259
cfn=(6244) tokio::runtime::task::waker::clone_waker
calls=2 0 
0 14
0 184

fn=(6282)
0 76474
cfn=(6284) tokio::runtime::task::raw::schedule::<alloc::sync::Arc<tokio::runtime::scheduler::multi_thread::handle::Handle>>
calls=292 0 
0 63779
cfn=(6284)
calls=3018 0 
0 259996
0 33472
cfn=(7364)
calls=34 0 
0 3434

fn=(6286) <tokio::runtime::time::handle::Handle>::process_at_time
0 76183
cfn=(6274) <tokio::runtime::time::wheel::Wheel>::next_expiration
calls=2059 0 
0 57721
0 32356
cfn=(6274)
calls=2059 0 
0 57721
0 63829

fn=(6352) tokio::time::timeout::poll_delay
0 78
cfn=(6354) <tokio::time::sleep::Sleep as core::future::future::Future>::poll
calls=3 0 
0 883

fn=(6354)
0 123
cfn=(6356) core::ptr::drop_glue::<core::option::Option<tokio::runtime::Timer>>
calls=2 0 
0 18
0 26
cfn=(6358) <tokio::runtime::Timer>::init
calls=2 0 
0 470
0 42
cfn=(6366) <tokio::sync::task::atomic_waker::AtomicWaker>::register_by_ref
calls=3 0 
0 138
0 66

fn=(6460)
0 30647

fn=(6474) <h2::proto::ping_pong::PingPong>::take_user_pings
0 26
cob=(2)
cfi=(2)
cfn=(4210)
calls=2 0 
0 302
0 42

fn=(8084) 0x0000000000259170
0 5

fn=(6534) core::ptr::drop_glue::<tokio::time::timeout::Timeout<pbrs_grpc::client::pool::handshake_io::{closure#0}>>
0 6
cfn=(6536) core::ptr::drop_glue::<pbrs_grpc::client::pool::handshake_io::{closure#0}>
calls=1 0 
0 11
0 12
cfn=(6356)
calls=1 0 
0 143

fn=(6540) <tokio::runtime::time::wheel::Wheel>::remove
0 103

fn=(6546) <pbrs_grpc::client::pool::Endpoint>::describe
0 21
cob=(2)
cfi=(2)
cfn=(4210)
calls=1 0 
0 41
0 10
cob=(2)
cfi=(2)
cfn=(4536)
calls=1 0 
0 12
0 11

fn=(6554) <pbrs_grpc::channelz::model::Connectivity as core::fmt::Debug>::fmt
0 10
cfn=(5740)
calls=1 0 
0 42

fn=(6604)
0 16040

fn=(6608)
0 14837
cfn=(6610) <tokio::sync::batch_semaphore::Acquire as core::future::future::Future>::poll
calls=401 0 
0 30075
0 2005
cfn=(6612) <tokio::sync::batch_semaphore::Acquire as core::ops::drop::Drop>::drop
calls=401 0 
0 3609
0 7218

fn=(6612)
0 18045

fn=(6634)
0 10827
cfn=(6636) bytes::bytes::shared_clone
calls=401 0 
0 4010
0 129523
cfn=(6638)
calls=401 0 
0 22456
0 20451
cfn=(6640) <pbrs_grpc::metadata::Metadata>::len
calls=401 0 
0 13634
0 5614
cfn=(6642) <http::header::map::HeaderMap>::try_with_capacity
calls=401 0 
0 79308
0 6416
cfn=(6644)
calls=401 0 
0 19649
0 6817
cfn=(6650) <http::header::map::HeaderMap>::try_insert2::<http::header::name::HeaderName>
calls=401 0 
0 66967
0 4411
cfn=(6650)
calls=401 0 
0 66967
0 7619
cfn=(6650)
calls=401 0 
0 102656
0 4812
cfn=(6656) <pbrs_grpc::metadata::Metadata>::write_to
calls=401 0 
0 8020
0 2807
cfn=(6572) bytes::bytes::static_clone
calls=401 0 
0 2807
0 4411
cfn=(6650)
calls=401 0 
0 75789
0 3609
cob=(2)
cfi=(2)
cfn=(4536)
calls=401 0 
0 11629
0 3609

fn=(6650)
0 36491
cfn=(6652) <http::header::map::HeaderMap>::try_reserve_one
calls=2807 0 
0 75789
0 19649
cfn=(6654) http::header::map::hash_elem_using::<http::header::name::HeaderName>
calls=2807 0 
0 161202
0 278294

fn=(6656)
0 16040

fn=(6666) <h2::frame::headers::Pseudo>::set_scheme
0 15639

fn=(6698) core::ptr::drop_glue::<h2::proto::streams::state::Inner>
0 19248

fn=(6722)
0 4812

fn=(6732)
0 163207
cfn=(6798)
calls=802 0 
0 36090
0 12030

fn=(6742) core::ptr::drop_glue::<pbrs_grpc::wire::send::send_frame::{closure#0}>
0 10426

fn=(6766) core::ptr::drop_glue::<tokio::time::timeout::Timeout<<pbrs_grpc::transport::h2::ServerBuilder as pbrs_grpc::transport::ServerBuilder>::handshake<tokio::net::tcp::stream::TcpStream>::{closure#0}>>
0 21
cfn=(6356)
calls=1 0 
0 153

fn=(6824)
0 46115

fn=(6834) <h2::proto::streams::flow_control::FlowControl>::send_data
0 89824

fn=(6840) <h2::proto::streams::store::Queue<h2::proto::streams::stream::NextAccept>>::pop::<h2::proto::streams::store::Store>
0 26484

fn=(6860)
0 18172

fn=(6884) <hashbrown::raw::RawTableInner>::find_insert_index
0 11

fn=(6900)
0 4411
cfn=(6850)
calls=401 0 
0 2005
0 3208
cfn=(6850)
calls=401 0 
0 2005
0 4411
cfn=(6664)
calls=401 0 
0 401
0 3208
cfn=(6664)
calls=401 0 
0 401

fn=(6904) <alloc::raw_vec::RawVec<slab::Entry<h2::proto::streams::buffer::Slot<h2::proto::streams::recv::Event>>>>::grow_one
0 30
cfn=(5424)
calls=2 0 
0 476
0 18

fn=(6906) <h2::proto::streams::store::Queue<h2::proto::streams::stream::NextAccept>>::push
0 19649

fn=(6944) <pbrs_grpc::server::router::Router as pbrs_grpc::server::dispatch::Dispatch>::dispatch::{closure#0}
0 18303
cob=(2)
cfi=(2)
cfn=(4536)
calls=401 0 
0 49724
0 4367
cfn=(6950) <devloop::ProstNativeEchod as pbrs_grpc::server::dispatch::Service>::call::{closure#0}
calls=791 0 
0 5480780
0 802
cfn=(6950)
calls=401 0 
0 6753351
0 7564
cfn=(7136) core::ptr::drop_glue::<<devloop::ProstNativeEchod as pbrs_grpc::server::dispatch::Service>::call::{closure#0}>
calls=401 0 
0 4411
0 1604
cob=(2)
cfi=(2)
cfn=(4920)
calls=401 0 
0 76083
0 10025
cfn=(6946) <pbrs_grpc::server::rpc::Rpc>::service
calls=401 0 
0 69021
0 3609
cfn=(5780) <std::hash::random::RandomState as core::hash::BuildHasher>::hash_one::<&str>
calls=401 0 
0 75388
0 15639
cob=(2)
cfi=(2)
cfn=(5150)
calls=401 0 
0 7410
0 19550
cob=(2)
cfi=(2)
cfn=(4536)
calls=401 0 
0 49646
0 1203
cfn=(6948) <devloop::ProstNativeEchod as pbrs_grpc::server::dispatch::DynService>::dispatch
calls=401 0 
0 4802963
0 2005

fn=(6946)
0 11629
cfn=(5784) core::slice::memchr::memrchr_aligned
calls=401 0 
0 52981
0 4411

fn=(6968) core::ptr::drop_glue::<http::request::Parts>
0 3208
cfn=(6900)
calls=401 0 
0 11629
0 802
cfn=(6644)
calls=401 0 
0 119989
0 2005
cfn=(6580)
calls=401 0 
0 6817

fn=(6970) <pbrs_grpc::server::rpc::Rpc>::run_unary_request::<pbrs_grpc::codec::prost::Message<devloop::echo::EchoRequest>, pbrs_grpc::request::Response<pbrs_grpc::stream::Streaming<pbrs_grpc::codec::prost::Message<devloop::echo::EchoReply>>>, <devloop::ProstNativeEchod as pbrs_grpc::server::dispatch::Service>::call::{closure#0}::{closure#1}, <devloop::ProstNativeEchod as pbrs_grpc::server::dispatch::Service>::call::{closure#0}::{closure#1}::{closure#0}>::{closure#0}::{closure#2}
0 17644
cfn=(6972) pbrs_grpc::wire::frame_reader::read_one_message::<pbrs_grpc::codec::prost::Message<devloop::echo::EchoRequest>>::{closure#0}
calls=401 0 
0 755015
0 14035
cfn=(6746) <pbrs_grpc::channelz::model::Registry>::note_messages
calls=401 0 
0 69373
0 44110
cob=(2)
cfi=(2)
cfn=(4210)
calls=401 0 
0 16441
0 4806
cob=(2)
cfi=(2)
cfn=(4536)
calls=400 0 
0 4000
0 4
cob=(2)
cfi=(2)
cfn=(4536)
calls=1 0 
0 10
0 10025
cob=(2)
cfi=(2)
cfn=(4536)
calls=401 0 
0 35286
0 31679
cob=(2)
cfi=(2)
cfn=(4536)
calls=401 0 
0 35288
0 6015
cob=(2)
cfi=(2)
cfn=(4536)
calls=401 0 
0 35288
0 10025
cfn=(7004) <devloop::ProstNativeEchod as pbrs_grpc::server::dispatch::Service>::call::{closure#0}::{closure#1}::{closure#0}
calls=401 0 
0 944395
0 4411
cob=(2)
cfi=(2)
cfn=(4536)
calls=401 0 
0 30476
0 5614
cob=(2)
cfi=(2)
cfn=(4536)
calls=401 0 
0 30476
0 5213
cob=(2)
cfi=(2)
cfn=(4536)
calls=401 0 
0 30476
0 1604
cfn=(7010) core::ptr::drop_glue::<pbrs_grpc::server::drain::run_handler<pbrs_grpc::request::Response<pbrs_grpc::stream::Streaming<pbrs_grpc::codec::prost::Message<devloop::echo::EchoReply>>>, <devloop::ProstNativeEchod as pbrs_grpc::server::dispatch::Service>::call::{closure#0}::{closure#1}::{closure#0}>::{closure#0}>
calls=401 0 
0 6015
0 3609
cob=(2)
cfi=(2)
cfn=(4536)
calls=401 0 
0 30476
0 4411

fn=(6978)
0 16040
cfn=(6664)
calls=802 0 
0 802
0 10426

fn=(6988)
0 330424
cfn=(6990) h2::proto::streams::streams::maybe_cancel
calls=3208 0 
0 82606
0 81002
cfn=(6758)
calls=802 0 
0 15238
0 7655
cfn=(6282)
calls=36 0 
0 4837
0 28106
cfn=(6840)
calls=802 0 
0 4812
0 8822
cfn=(6738) <h2::proto::streams::counts::Counts>::transition_after
calls=802 0 
0 124932
0 14436
cfn=(6738)
calls=2406 0 
0 176194
0 60952

fn=(6992)
0 151145
cfn=(6864)
calls=2005 0 
0 20050
0 18045
cfn=(6850)
calls=2005 0 
0 10025
0 32481
cfn=(6864)
calls=1203 0 
0 12030
0 10827

fn=(7038) tokio::runtime::task::raw::poll::<<devloop::ProstNativeEchod as pbrs_grpc::server::dispatch::Service>::call::{closure#0}::{closure#1}::{closure#0}::{closure#0}, alloc::sync::Arc<tokio::runtime::scheduler::multi_thread::handle::Handle>>
0 20050
cfn=(7040) <devloop::ProstNativeEchod as pbrs_grpc::server::dispatch::Service>::call::{closure#0}::{closure#1}::{closure#0}::{closure#0}
calls=401 0 
0 1055753
0 4010
cfn=(7054) <tokio::runtime::task::core::Core<<devloop::ProstNativeEchod as pbrs_grpc::server::dispatch::Service>::call::{closure#0}::{closure#1}::{closure#0}::{closure#0}, alloc::sync::Arc<tokio::runtime::scheduler::current_thread::Handle>>>::set_stage
calls=401 0 
0 53676
0 3609
cfn=(7054)
calls=401 0 
0 46861
0 802
cfn=(7058) <tokio::runtime::task::harness::Harness<<devloop::ProstNativeEchod as pbrs_grpc::server::dispatch::Service>::call::{closure#0}::{closure#1}::{closure#0}::{closure#0}, alloc::sync::Arc<tokio::runtime::scheduler::multi_thread::handle::Handle>>>::complete
calls=401 0 
0 137817
0 3208

fn=(7126) <tokio::sync::watch::Sender<bool>>::send
0 4411

fn=(7130)
0 4854
cob=(2)
cfi=(2)
cfn=(4920)
calls=809 0 
0 100255

fn=(7140) core::ptr::drop_glue::<pbrs_grpc::server::connection::serve_io_in<pbrs_grpc::rt::TokioRuntime, pbrs_grpc::server::router::Router, tokio_rustls::server::TlsStream<tokio::net::tcp::stream::TcpStream>>::{closure#0}::{closure#10}>
0 7619

fn=(7166) <pbrs_grpc::client::channel::Channel>::note_call_outcome::{closure#0}
0 20451

fn=(7174) core::ptr::drop_glue::<pbrs_grpc::telemetry::CallGuard>
0 2005
cfn=(7176) <pbrs_grpc::telemetry::CallGuard as core::ops::drop::Drop>::drop
calls=401 0 
0 3609
0 4010

fn=(7196) tokio::runtime::task::raw::poll::<pbrs_grpc::wire::send::reset_on_cancel::{closure#0}, alloc::sync::Arc<tokio::runtime::scheduler::multi_thread::handle::Handle>>
0 34550
cfn=(7198) pbrs_grpc::wire::send::reset_on_cancel::{closure#0}
calls=691 0 
0 542394
0 15086
cfn=(7328)
calls=399 0 
0 50178
0 3591
cfn=(7328)
calls=399 0 
0 41857
0 798
cfn=(7332)
calls=399 0 
0 146128
0 5528

fn=(7206) <h2::proto::streams::store::Ptr>::remove
0 18446
cob=(2)
cfi=(2)
cfn=(4536)
calls=802 0 
0 51328
0 8020
cfn=(7208) core::ptr::drop_glue::<h2::proto::streams::stream::Stream>
calls=802 0 
0 125405
0 7218

fn=(7214) <h2::proto::streams::recv::Recv>::recv_trailers
0 11629
cfn=(6918) <h2::proto::streams::state::State>::recv_close
calls=401 0 
0 12832
0 6416
cfn=(6824)
calls=401 0 
0 9223
0 12431
cfn=(6902) <slab::Slab<h2::proto::streams::buffer::Slot<h2::proto::streams::recv::Event>>>::insert_at
calls=401 0 
0 20852
0 11975
cfn=(6434)
calls=57 0 
0 3591
0 4010

fn=(7334) core::ptr::drop_glue::<tokio::runtime::task::core::Cell<pbrs_grpc::wire::send::reset_on_cancel::{closure#0}, alloc::sync::Arc<tokio::runtime::scheduler::multi_thread::handle::Handle>>>
0 10426

fn=(7490) devloop::child_json_with_input
0 19
cob=(2)
cfi=(2)
cfn=(4210)
calls=1 0 
0 41
0 10
cob=(2)
cfi=(2)
cfn=(4536)
calls=1 0 
0 10
0 83
cob=(2)
cfi=(2)
cfn=(4210)
calls=1 0 
0 41
0 17
cfn=(7492) <&mut serde_json::ser::Serializer<&mut alloc::vec::Vec<u8>> as serde_core::ser::Serializer>::serialize_str
calls=1 0 
0 96
0 13
cfn=(7492)
calls=1 0 
0 225
0 5
cfn=(7494) <serde_json::ser::Compound<&mut alloc::vec::Vec<u8>, serde_json::ser::CompactFormatter> as serde_core::ser::SerializeStruct>::serialize_field::<u64>
calls=1 0 
0 207
0 8
cfn=(7494)
calls=1 0 
0 221
0 8
cfn=(7494)
calls=1 0 
0 271
0 8
cfn=(7494)
calls=1 0 
0 250
0 23
cfn=(7492)
calls=1 0 
0 143
0 23
cfn=(7494)
calls=1 0 
0 817
0 8
cfn=(7494)
calls=1 0 
0 227
0 8
cfn=(7494)
calls=1 0 
0 227
0 8
cfn=(7494)
calls=1 0 
0 227
0 8
cfn=(7494)
calls=1 0 
0 234
0 8
cfn=(7494)
calls=1 0 
0 234
0 8
cfn=(7494)
calls=1 0 
0 256
0 8
cfn=(7494)
calls=1 0 
0 705
0 8
cfn=(7494)
calls=1 0 
0 254
0 8
cfn=(7494)
calls=1 0 
0 265
0 8
cfn=(7494)
calls=1 0 
0 262
0 8
cfn=(7494)
calls=1 0 
0 262
0 8
cfn=(7494)
calls=1 0 
0 262
0 8
cfn=(7494)
calls=1 0 
0 241
0 5
cfn=(7498) <serde_json::ser::Compound<&mut alloc::vec::Vec<u8>, serde_json::ser::CompactFormatter> as serde_core::ser::SerializeStruct>::end
calls=1 0 
0 16
0 21
cob=(2)
cfi=(2)
cfn=(4920)
calls=1 0 
0 65
0 10

fn=(7532) core::ptr::drop_glue::<pbrs_grpc::channelz::model::ChannelEntry>
0 10
cob=(2)
cfi=(2)
cfn=(4920)
calls=1 0 
0 65
0 4
cob=(2)
cfi=(2)
cfn=(4920)
calls=1 0 
0 65
0 2
cfn=(7534)
calls=1 0 
0 423
0 19
cob=(2)
cfi=(2)
cfn=(4920)
calls=1 0 
0 65

fn=(7576) alloc::io::error::custom_owner_from_box::drop_box_raw::<core::io::error::Custom>
0 16
cfn=(7578) alloc::io::error::custom_owner_from_box::drop_box_raw::<dyn core::error::Error + core::marker::Send + core::marker::Sync>
calls=2 0 
0 336
0 10
cob=(2)
cfi=(2)
cfn=(4920)
calls=2 0 
0 146

fn=(7590) core::ptr::drop_glue::<tokio::runtime::io::registration::Registration>
0 15
cfn=(7592) <tokio::runtime::io::registration::Registration as core::ops::drop::Drop>::drop
calls=3 0 
0 150
0 39

fn=(7592)
0 71
cfn=(6386)
calls=2 0 
0 16
0 63

fn=(7620)
0 58
cfn=(7654) <alloc::sync::Arc<tokio::sync::mpsc::chan::Chan<(), tokio::sync::mpsc::bounded::Semaphore>>>::drop_slow
calls=1 0 
0 428
0 8

fn=(7654)
0 10
cfn=(7652)
calls=1 0 
0 28
0 7
cob=(2)
cfi=(2)
cfn=(4920)
calls=1 0 
0 125
0 15
cob=(2)
cfi=(2)
cfn=(4920)
calls=1 0 
0 243

fn=(7696) std::sys::thread_local::native::eager::destroy::<core::cell::Cell<std::thread::spawnhook::SpawnHooks>>
0 35
cfn=(5494)
calls=5 0 
0 95
0 35

fn=(6518)
0 91846
cfn=(6520) <h2::proto::streams::store::Queue<h2::proto::streams::stream::NextOpen>>::pop::<h2::proto::streams::store::Store>
calls=4834 0 
0 41034
0 79283

fn=(6794) pbrs_grpc::keepalive::wait::{closure#0}
0 57532
cfn=(6332) tokio::sync::watch::changed_impl::<bool>::{closure#0}
calls=1 0 
0 237
0 4888
cfn=(6332)
calls=1222 0 
0 163748
0 33021

fn=(6796)
0 19649

fn=(5060) devloop::cmd_run_cell
0 119
cob=(2)
cfi=(2)
cfn=(4210)
calls=1 0 
0 190
0 11
cob=(2)
cfi=(2)
cfn=(4536)
calls=1 0 
0 10
0 164
cfn=(5062) <&str as core::str::pattern::Pattern>::is_contained_in
calls=1 0 
0 91
0 7
cfn=(5062)
calls=1 0 
0 101
0 10
cob=(2)
cfi=(2)
cfn=(4920)
calls=1 0 
0 117
0 39
cfn=(5064) <tokio::runtime::builder::Builder>::new
calls=1 0 
0 510
0 4
cfn=(5088)
calls=1 0 
0 37374
0 14
cfn=(5670)
calls=1 0 
0 31
0 2
cob=(2)
cfi=(2)
cfn=(4210)
calls=1 0 
0 41
0 11
cob=(2)
cfi=(2)
cfn=(4972)
calls=1 0 
0 70
0 11
cfn=(5672) <tokio::runtime::runtime::Runtime>::enter
calls=1 0 
0 63
0 22
cfn=(5222)
calls=1 0 
0 63
0 5
cfn=(5066)
calls=1 0 
0 141
0 9
cfn=(5674) <tokio::runtime::context::Context>::set_current
calls=1 0 
0 33
0 28
cfn=(5676)
calls=1 0 
0 537
0 7385
cfn=(5680) devloop::cmd_run_cell::{closure#1}
calls=670 0 
0 15816808
0 10714
cfn=(6432) <tokio::runtime::park::Inner>::park
calls=669 0 
0 67487
0 671
cfn=(7542) core::ptr::drop_glue::<devloop::cmd_run_cell::{closure#1}>
calls=1 0 
0 5
0 3
cfn=(6542)
calls=1 0 
0 7
0 2
cfn=(7544)
calls=1 0 
0 72
0 3
cfn=(5668)
calls=1 0 
0 45
0 7
cob=(2)
cfi=(2)
cfn=(4920)
calls=1 0 
0 65
0 2
cfn=(7546)
calls=1 0 
0 3466
0 1

fn=(5070) std::sys::random::linux::getrandom
0 170
cob=(2)
cfi=(2)
cfn=(5072) getrandom
calls=5 0 
0 434
0 85

fn=(5148) <std::path::Component as core::cmp::PartialEq>::eq
0 170
cob=(2)
cfi=(2)
cfn=(5150)
calls=5 0 
0 90
0 38

fn=(5486) __rustc::__rust_realloc
0 14229
cob=(2)
cfi=(2)
cfn=(4506) realloc
calls=837 0 
0 445546
0 11607

fn=(5492) std::thread::spawnhook::run_spawn_hooks
0 96
cfn=(5494)
calls=4 0 
0 76
0 102
cfn=(5432)
calls=1 0 
0 406
0 2

fn=(5494)
0 247

fn=(6198) <alloc::string::String as core::fmt::Display>::fmt
0 5
cfn=(5832)
calls=1 0 
0 131
0 70
cfn=(5832)
calls=14 0 
0 4983

fn=(6202) pbrs_grpc::channelz::trace::truncate
0 189

fn=(6208) <pbrs_grpc::channelz::model::Registry>::register_socket
0 66
cfn=(6210) pbrs_grpc::channelz::model::addr_text
calls=3 0 
0 4942
0 25
cfn=(6210)
calls=2 0 
0 3351
0 12
cob=(2)
cfi=(2)
cfn=(4210)
calls=1 0 
0 207
0 21
cfn=(5828)
calls=1 0 
0 954
0 24
cfn=(5828)
calls=2 0 
0 2438
0 12
cob=(2)
cfi=(2)
cfn=(4920)
calls=3 0 
0 211
0 12
cob=(2)
cfi=(2)
cfn=(4920)
calls=3 0 
0 211
0 36
cob=(2)
cfi=(2)
cfn=(4210)
calls=3 0 
0 286
0 30
cob=(2)
cfi=(2)
cfn=(4536)
calls=3 0 
0 32
0 126
cob=(2)
cfi=(2)
cfn=(4210)
calls=3 0 
0 621
0 30
cob=(2)
cfi=(2)
cfn=(4536)
calls=3 0 
0 180
0 130
cob=(2)
cfi=(2)
cfn=(4210)
calls=1 0 
0 210
0 121
cfn=(5828)
calls=3 0 
0 3422
0 30
cfn=(6552)
calls=1 0 
0 48
0 31
cfn=(6218) <pbrs_grpc::channelz::model::Registry>::server
calls=2 0 
0 96
0 109
cob=(2)
cfi=(2)
cfn=(4210)
calls=1 0 
0 41
0 10
cob=(2)
cfi=(2)
cfn=(4536)
calls=1 0 
0 11
0 10
cfn=(6200) <pbrs_grpc::channelz::trace::Trace>::log::<alloc::string::String>
calls=1 0 
0 148
0 8
cob=(2)
cfi=(2)
cfn=(4210)
calls=2 0 
0 426
0 20
cob=(2)
cfi=(2)
cfn=(4536)
calls=2 0 
0 22
0 20
cfn=(6200)
calls=2 0 
0 296
0 16
cob=(2)
cfi=(2)
cfn=(4920)
calls=3 0 
0 211
0 33
cob=(2)
cfi=(2)
cfn=(4920)
calls=3 0 
0 211
0 33
cob=(2)
cfi=(2)
cfn=(4210)
calls=1 0 
0 204
0 10
cob=(2)
cfi=(2)
cfn=(4536)
calls=1 0 
0 11
0 5
cfn=(5796) <alloc::raw_vec::RawVec<pbrs_grpc::proxy::NoProxyRule>>::grow_one
calls=1 0 
0 109
0 24
cob=(2)
cfi=(2)
cfn=(4210)
calls=2 0 
0 254
0 20
cob=(2)
cfi=(2)
cfn=(4536)
calls=2 0 
0 21
0 10
cfn=(6220) <alloc::raw_vec::RawVec<pbrs_grpc::lb::pick_first::WeightedAddress>>::grow_one
calls=1 0 
0 278
0 36

fn=(6274)
0 173135

fn=(6344) <h2::frame::settings::Settings>::encode::{closure#0}
0 429

fn=(6380) <h2::codec::framed_write::Encoder<h2::proto::streams::prioritize::Prioritized<bytes::bytes::Bytes>>>::unset_frame
0 102028

fn=(6440) core::ptr::drop_glue::<<tokio::net::tcp::stream::TcpStream>::connect<&str>::{closure#0}>
0 13

fn=(6480) <pbrs_grpc::transport::h2::ClientConnection<tokio::net::tcp::stream::TcpStream> as core::future::future::Future>::poll
0 18360
cfn=(6482) <h2::proto::streams::streams::Streams<hyper::proto::h2::SendBuf<bytes::bytes::Bytes>, h2::client::Peer>>::has_streams_or_other_references
calls=1224 0 
0 48140
0 4896
cfn=(6482)
calls=1224 0 
0 48140
0 67320
cfn=(6484) <h2::proto::streams::streams::Streams<bytes::bytes::Bytes, h2::client::Peer>>::clear_expired_reset_streams
calls=1224 0 
0 69768
0 15782
cfn=(6488) <h2::proto::go_away::GoAway>::send_pending_go_away::<tokio::net::tcp::stream::TcpStream, h2::proto::streams::prioritize::Prioritized<bytes::bytes::Bytes>>
calls=2430 0 
0 82620
0 38880
cfn=(6490) <h2::proto::ping_pong::PingPong>::send_pending_pong::<tokio::net::tcp::stream::TcpStream, h2::proto::streams::prioritize::Prioritized<bytes::bytes::Bytes>>
calls=2430 0 
0 41310
0 41310
cfn=(6494)
calls=2430 0 
0 2775509
0 32706
cob=(2)
cfi=(2)
cfn=(4536)
calls=1206 0 
0 34974
0 14472
cob=(2)
cfi=(2)
cfn=(4536)
calls=1206 0 
0 34974
0 6030
cfn=(6504) <h2::proto::connection::DynConnection>::recv_frame
calls=1206 0 
0 1275446
0 38696
cfn=(6492) <h2::proto::ping_pong::PingPong>::send_pending_ping::<tokio::net::tcp::stream::TcpStream, h2::proto::streams::prioritize::Prioritized<bytes::bytes::Bytes>>
calls=2430 0 
0 119101
0 24356
cfn=(6782) <h2::proto::streams::streams::Streams<bytes::bytes::Bytes, h2::client::Peer>>::apply_local_settings
calls=1 0 
0 163
0 99671
cfn=(6340)
calls=1 0 
0 172
0 14
cfn=(6506) <h2::proto::streams::streams::Streams<bytes::bytes::Bytes, h2::client::Peer>>::apply_remote_settings
calls=1 0 
0 127
0 7
cfn=(6510) <h2::hpack::encoder::Encoder>::update_max_size
calls=1 0 
0 11
0 20372
cfn=(6346) <h2::codec::framed_write::FramedWrite<tokio::net::tcp::stream::TcpStream, h2::proto::streams::prioritize::Prioritized<bytes::bytes::Bytes>>>::flush
calls=401 0 
0 212129
0 37312
cfn=(6512)
calls=1625 0 
0 3354069
0 16672
cfn=(6244)
calls=1223 0 
0 8561
cfn=(6430)
calls=1 0 
0 5
0 8986
cfn=(6386)
calls=821 0 
0 6568
0 29693
cfn=(6346)
calls=1224 0 
0 88523
0 29376
cfn=(6526)
calls=1224 0 
0 94248
0 53856
cfn=(6482)
calls=1224 0 
0 48140
0 14688

fn=(6544)
0 10
cfn=(6546)
calls=1 0 
0 95
0 16
cob=(2)
cfi=(2)
cfn=(4210)
calls=1 0 
0 41
0 10
cob=(2)
cfi=(2)
cfn=(4536)
calls=1 0 
0 12
0 13
cob=(2)
cfi=(2)
cfn=(4210)
calls=1 0 
0 41
0 10
cob=(2)
cfi=(2)
cfn=(4536)
calls=1 0 
0 12
0 2
cfn=(5192)
calls=1 0 
0 26
0 36
cob=(2)
cfi=(2)
cfn=(4210)
calls=1 0 
0 41
0 10
cob=(2)
cfi=(2)
cfn=(4536)
calls=1 0 
0 29
0 9
cfn=(5828)
calls=1 0 
0 492
0 7
cfn=(6200)
calls=1 0 
0 512
0 23
cob=(2)
cfi=(2)
cfn=(4210)
calls=1 0 
0 201
0 31
cob=(2)
cfi=(2)
cfn=(4920)
calls=1 0 
0 65
0 12

fn=(6556)
0 29
cob=(2)
cfi=(2)
cfn=(4210)
calls=1 0 
0 38
0 21
cob=(2)
cfi=(2)
cfn=(4210)
calls=1 0 
0 204
0 18
cfn=(6558) bytes::bytes::promotable_even_clone
calls=1 0 
0 97
0 44
cob=(2)
cfi=(2)
cfn=(4536)
calls=1 0 
0 64
0 7
cob=(2)
cfi=(2)
cfn=(4536)
calls=1 0 
0 88
0 8
cob=(2)
cfi=(2)
cfn=(4210)
calls=1 0 
0 193
0 10
cob=(2)
cfi=(2)
cfn=(4536)
calls=1 0 
0 88
0 13
cfn=(6562) pbrs_grpc::client::pool::spawn_idle_watch
calls=1 0 
0 23
0 5
cfn=(6564) pbrs_grpc::client::pool::spawn_age_watch
calls=1 0 
0 23
0 11
cob=(2)
cfi=(2)
cfn=(4210)
calls=1 0 
0 41
0 14
cob=(2)
cfi=(2)
cfn=(4210)
calls=1 0 
0 41
0 17
cob=(2)
cfi=(2)
cfn=(4210)
calls=1 0 
0 41
0 31
cob=(2)
cfi=(2)
cfn=(4210)
calls=1 0 
0 204
0 20
cob=(2)
cfi=(2)
cfn=(4536)
calls=1 0 
0 64
0 38

fn=(6566)
0 17

fn=(6570) <pbrs_grpc::client::channel::Channel as core::clone::Clone>::clone
0 6817
cob=(2)
cfi=(2)
cfn=(4536)
calls=401 0 
0 25664
0 13233
cfn=(6572)
calls=401 0 
0 2807
0 6416
cfn=(6558)
calls=401 0 
0 6416
0 11228
cob=(2)
cfi=(2)
cfn=(4536)
calls=401 0 
0 25664
0 14837

fn=(6574) <pbrs_grpc::client::channel::Channel>::prepare_outbound::<pbrs_grpc::codec::prost::Message<devloop::echo::EchoRequest>>
0 6416
cfn=(6576) <pbrs_grpc::client::channel::Channel>::method_config_for
calls=401 0 
0 17243
0 13634

fn=(6600) <core::option::Option<pbrs_grpc::service_config::MethodConfig>>::and_then::<pbrs_grpc::service_config::RetryPolicy, <pbrs_grpc::client::channel::Channel>::server_streaming<pbrs_grpc::codec::prost::Message<pbrs_adoption_corpus::prost_types::EntityList>, pbrs_grpc::codec::prost::Message<pbrs_adoption_corpus::prost_types::EntityList>>::{closure#0}::{closure#4}>
0 6015

fn=(6642)
0 25664
cob=(2)
cfi=(2)
cfn=(4210)
calls=802 0 
0 31842
0 36888
cob=(2)
cfi=(2)
cfn=(4210)
calls=802 0 
0 33710
0 20046

fn=(6676) <alloc::raw_vec::RawVec<slab::Entry<h2::proto::streams::stream::Stream>>>::grow_one
0 30
cfn=(5424)
calls=2 0 
0 467
0 18

fn=(6696) <http::header::map::HeaderMap>::get::<http::header::name::HeaderName>
0 30075
cfn=(6654)
calls=2005 0 
0 48120
0 180851
cfn=(6654)
calls=4010 0 
0 351276
0 179247
cob=(2)
cfi=(2)
cfn=(5150)
calls=802 0 
0 14436
0 41303
cfn=(6664)
calls=3609 0 
0 3609
0 36090

fn=(6704) <slab::Slab<h2::proto::streams::buffer::Slot<h2::frame::Frame>>>::insert_at
0 18057
cfn=(6706) <alloc::raw_vec::RawVec<slab::Entry<h2::proto::streams::buffer::Slot<h2::frame::Frame>>>>::grow_one
calls=2 0 
0 515
0 20
cob=(2)
cfi=(2)
cfn=(4536)
calls=4 0 
0 256
0 28042
cob=(2)
cfi=(2)
cfn=(4536)
calls=2001 0 
0 128064

fn=(6716)
0 156390

fn=(6740) core::ptr::drop_glue::<core::option::Option<alloc::vec::into_iter::IntoIter<bytes::bytes::Bytes>>>
0 16842

fn=(6772)
0 46864

fn=(6868)
0 45
cfn=(5424)
calls=3 0 
0 985
0 27

fn=(6870) <bytes::bytes_mut::BytesMut as bytes::buf::buf_mut::BufMut>::put_slice
0 6448
cob=(2)
cfi=(2)
cfn=(4536)
calls=403 0 
0 6045
0 4030

fn=(6894)
0 12431

fn=(6990)
0 82606

fn=(6996)
0 77794
cfn=(6998) prost::encoding::varint::decode_varint_slice
calls=2005 0 
0 46115
0 30075

fn=(7024) <pbrs_grpc::transport::h2::SendResponse as pbrs_grpc::transport::SendResponse>::send_response
0 37293
cfn=(7026) <h2::server::Peer>::convert_send_message
calls=401 0 
0 82205
0 3208
cfn=(6684) <h2::proto::streams::send::Send>::send_headers::<bytes::bytes::Bytes>
calls=401 0 
0 730055
0 3609
cfn=(6738)
calls=401 0 
0 21253
0 12030
cfn=(6716)
calls=401 0 
0 26065
0 10025

fn=(7050)
0 20852

fn=(7058)
0 8822
cfn=(7054)
calls=401 0 
0 46793
0 2005
cfn=(7060) <alloc::sync::Arc<tokio::runtime::scheduler::multi_thread::handle::Handle> as tokio::runtime::task::Schedule>::release
calls=401 0 
0 27769
0 5213
cfn=(7062) core::ptr::drop_glue::<tokio::runtime::task::core::Cell<<devloop::ProstNativeEchod as pbrs_grpc::server::dispatch::Service>::call::{closure#0}::{closure#1}::{closure#0}::{closure#0}, alloc::sync::Arc<tokio::runtime::scheduler::multi_thread::handle::Handle>>>
calls=401 0 
0 10426
0 802
cob=(2)
cfi=(2)
cfn=(4920)
calls=401 0 
0 33581
0 2406

fn=(7060)
0 83448

fn=(7062)
0 10426

fn=(7124) core::ptr::drop_glue::<pbrs_grpc::server::drain::CancelOnDrop>
0 2005
cfn=(7126)
calls=401 0 
0 4411
0 2406
cfn=(7128)
calls=401 0 
0 170024
0 3208
cfn=(7130)
calls=401 0 
0 55612

fn=(7152) core::ptr::drop_glue::<pbrs_grpc::client::streaming::run_server_stream_inner<pbrs_grpc::codec::prost::Message<pbrs_adoption_corpus::prost_types::EntityList>>::{closure#0}::{closure#1}>
0 6015

fn=(7160) pbrs_grpc::wire::send::reset_on_cancel
0 15639
cob=(2)
cfi=(2)
cfn=(4536)
calls=401 0 
0 25664
0 4411
cob=(2)
cfi=(2)
cfn=(4536)
calls=401 0 
0 25664
0 7619
cob=(2)
cfi=(2)
cfn=(4536)
calls=401 0 
0 25664
0 4812
cob=(2)
cfi=(2)
cfn=(4536)
calls=401 0 
0 25664
0 4010
cob=(2)
cfi=(2)
cfn=(5224)
calls=401 0 
0 230970
0 6009
cob=(2)
cfi=(2)
cfn=(4536)
calls=400 0 
0 30374
0 4
cob=(2)
cfi=(2)
cfn=(4536)
calls=1 0 
0 76
0 1604
cfn=(5714) <tokio::runtime::task::list::OwnedTasks<alloc::sync::Arc<tokio::runtime::scheduler::current_thread::Handle>>>::bind_inner
calls=401 0 
0 33483
0 4812
cfn=(5716) <tokio::runtime::scheduler::multi_thread::handle::Handle>::schedule_task
calls=401 0 
0 70802
0 2625
cfn=(7436) tokio::runtime::task::raw::drop_join_handle_slow::<pbrs_grpc::wire::send::reset_on_cancel::{closure#0}, alloc::sync::Arc<tokio::runtime::scheduler::multi_thread::handle::Handle>>
calls=73 0 
0 2920
0 3208

fn=(7192) <pbrs_grpc::stream::Streaming<pbrs_grpc::codec::prost::Message<devloop::echo::EchoReply>>>::message::{closure#0}
0 62250
cfn=(7194)
calls=2271 0 
0 2009819
0 44626
cfn=(6746)
calls=1604 0 
0 264660
0 35276

fn=(7220)
0 18446
cfn=(6758)
calls=401 0 
0 43709
0 24461

fn=(7222)
0 5213
cfn=(7224) pbrs_grpc::wire::frame_reader::status_from::{closure#0}
calls=401 0 
0 75789
0 13233
cfn=(7226) <pbrs_grpc::status::Status>::new::<alloc::string::String>
calls=401 0 
0 7218
0 8421

fn=(7332)
0 8822
cfn=(7328)
calls=401 0 
0 42025
0 2005
cfn=(7060)
calls=401 0 
0 27742
0 5141
cfn=(7334)
calls=365 0 
0 9490
0 730
cob=(2)
cfi=(2)
cfn=(4920)
calls=365 0 
0 48183
0 2406

fn=(7488) <std::time::Instant>::elapsed
0 7
cfn=(5192)
calls=1 0 
0 26
0 10
cfn=(6246)
calls=1 0 
0 36
0 9

fn=(7498)
0 16

fn=(7534)
0 94
cob=(2)
cfi=(2)
cfn=(4920)
calls=2 0 
0 138
0 77
cob=(2)
cfi=(2)
cfn=(4920)
calls=9 0 
0 829
0 18

fn=(7542)
0 5

fn=(7562)
0 16
cfn=(6928) core::ptr::drop_glue::<(core::future::poll_fn::PollFn<<pbrs_grpc::transport::h2::ServerConnection<tokio_rustls::server::TlsStream<tokio::net::tcp::stream::TcpStream>> as pbrs_grpc::transport::ServerConnection>::accept::{closure#0}>, <pbrs_grpc::keepalive::Busy>::notified::{closure#0}, &mut core::pin::Pin<&mut pbrs_grpc::server::connection::wait_for_drain::{closure#0}>, pbrs_grpc::server::connection::sleep_until_opt<pbrs_grpc::rt::TokioRuntime>::{closure#0}, pbrs_grpc::server::connection::sleep_until_opt<pbrs_grpc::rt::TokioRuntime>::{closure#0}, pbrs_grpc::server::connection::sleep_until_opt<pbrs_grpc::rt::TokioRuntime>::{closure#0}, &mut core::pin::Pin<&mut pbrs_grpc::keepalive::wait_opt::{closure#0}>)>
calls=1 0 
0 16
0 2
cfn=(7564)
calls=1 0 
0 16
0 2
cfn=(6770)
calls=1 0 
0 139
0 5
cfn=(7130)
calls=1 0 
0 79
0 10
cfn=(7514)
calls=1 0 
0 1604
0 5
cfn=(7566) core::ptr::drop_glue::<pbrs_grpc::transport::h2::ServerConnection<tokio::net::tcp::stream::TcpStream>>
calls=1 0 
0 5581
0 28

fn=(7580) core::ptr::drop_glue::<<alloc::boxed::Box<dyn core::error::Error + core::marker::Send + core::marker::Sync> as core::convert::From<alloc::string::String>>::from::StringError>
0 8
cob=(2)
cfi=(2)
cfn=(4920)
calls=2 0 
0 146

fn=(7606) <alloc::sync::Arc<std::sync::poison::mutex::Mutex<h2::proto::streams::streams::Inner>>>::drop_slow
0 12
cfn=(7608) core::ptr::drop_glue::<std::sync::poison::mutex::Mutex<h2::proto::streams::streams::Inner>>
calls=2 0 
0 1348
0 18
cob=(2)
cfi=(2)
cfn=(4920)
calls=2 0 
0 138

fn=(7626)
0 23
cfn=(7628) <tokio::runtime::task::core::Core<pbrs_grpc::client::pool::finish_h2<tokio::net::tcp::stream::TcpStream>::{closure#0}::{closure#2}, alloc::sync::Arc<tokio::runtime::scheduler::current_thread::Handle>>>::set_stage
calls=1 0 
0 5142
0 9
cfn=(7628)
calls=1 0 
0 381
0 2
cfn=(7634) <tokio::runtime::task::harness::Harness<pbrs_grpc::client::pool::finish_h2<tokio::net::tcp::stream::TcpStream>::{closure#0}::{closure#2}, alloc::sync::Arc<tokio::runtime::scheduler::multi_thread::handle::Handle>>>::complete
calls=1 0 
0 485
0 4

fn=(7628)
0 76
cfn=(7630)
calls=1 0 
0 4757
0 19
cob=(2)
cfi=(2)
cfn=(4536)
calls=3 0 
0 1020
0 36

fn=(7634)
0 22
cfn=(7628)
calls=1 0 
0 385
0 5
cfn=(7060)
calls=1 0 
0 56
0 17

fn=(7656) <alloc::sync::Arc<pbrs_grpc::server::router::Router>>::drop_slow
0 6
cfn=(7658) core::ptr::drop_glue::<pbrs_grpc::server::router::Router>
calls=1 0 
0 1693
0 9
cob=(2)
cfi=(2)
cfn=(4920)
calls=1 0 
0 73

fn=(7658)
0 36
cfn=(7660) <alloc::sync::Arc<dyn pbrs_grpc::binlog::sink::Sink>>::drop_slow
calls=1 0 
0 152
0 10
cob=(2)
cfi=(2)
cfn=(4920)
calls=1 0 
0 73
0 14
cfn=(7130)
calls=1 0 
0 79
0 8
cfn=(7662) <pbrs_grpc::channelz::model::ServerHandle as core::ops::drop::Drop>::drop
calls=1 0 
0 1310
0 11

fn=(7682) core::ptr::drop_glue::<tokio::runtime::task::core::Cell<tokio::runtime::blocking::task::BlockingTask<<tokio::runtime::scheduler::multi_thread::worker::Launch>::launch::{closure#0}>, tokio::runtime::blocking::schedule::BlockingSchedule>>
0 104

fn=(7842)
0 89
cfn=(6286)
calls=1 0 
0 141
0 101
cfn=(5422)
calls=1 0 
0 112
0 64
cfn=(6280)
calls=3 0 
0 201
0 12
cfn=(7844) <alloc::sync::Arc<tokio::runtime::io::scheduled_io::ScheduledIo>>::drop_slow
calls=3 0 
0 470
0 7
cfn=(7846) core::ptr::drop_glue::<alloc::vec::into_iter::IntoIter<alloc::sync::Arc<tokio::runtime::io::scheduled_io::ScheduledIo>>>
calls=1 0 
0 92
0 32

fn=(7852)
0 5
cfn=(7854) core::ptr::drop_glue::<tokio::runtime::task::core::Cell<pbrs_grpc::client::pool::finish_h2<tokio::net::tcp::stream::TcpStream>::{closure#0}::{closure#2}, alloc::sync::Arc<tokio::runtime::scheduler::multi_thread::handle::Handle>>>
calls=1 0 
0 26
0 5
cob=(2)
cfi=(2)
cfn=(4920)
calls=1 0 
0 170

fn=(7918) <alloc::sync::Arc<std::thread::thread::Inner, std::alloc::System>>::drop_slow
0 48
cob=(2)
cfi=(2)
cfn=(4920)
calls=4 0 
0 468
0 36
cob=(2)
cfi=(2)
cfn=(4920)
calls=4 0 
0 312

fn=(7938) <alloc::sync::Arc<tokio::runtime::scheduler::multi_thread::handle::Handle>>::drop_slow
0 6
cfn=(7940) core::ptr::drop_glue::<tokio::runtime::scheduler::multi_thread::handle::Handle>
calls=1 0 
0 2865
0 9
cob=(2)
cfi=(2)
cfn=(4920)
calls=1 0 
0 65

fn=(7984) <std::sync::once::Once>::call_once_force::<<std::sync::once_lock::OnceLock<std::sync::reentrant_lock::ReentrantLock<core::cell::RefCell<alloc::io::buffered::linewriter::LineWriter<std::io::stdio::StdoutRaw>>>>>::initialize<<std::sync::once_lock::OnceLock<std::sync::reentrant_lock::ReentrantLock<core::cell::RefCell<alloc::io::buffered::linewriter::LineWriter<std::io::stdio::StdoutRaw>>>>>::get_or_init<std::io::stdio::cleanup::{closure#0}>::{closure#0}, !>::{closure#0}>::{closure#0}
0 14

fn=(5040) devloop::main
0 9
cfn=(5042)
calls=1 0 
0 1991
0 15
cfn=(5058)
calls=1 0 
0 80
0 21
cob=(2)
cfi=(2)
cfn=(4210)
calls=1 0 
0 187
0 174
cfn=(5058)
calls=6 0 
0 456
0 40
cob=(2)
cfi=(2)
cfn=(4920)
calls=1 0 
0 65
0 24
cfn=(5060)
calls=1 0 
0 15946571
0 54
cob=(2)
cfi=(2)
cfn=(4920)
calls=7 0 
0 819
0 11
cob=(2)
cfi=(2)
cfn=(4920)
calls=1 0 
0 65
0 8

fn=(5062)
0 192

fn=(5134) std::sys::fs::metadata
0 14
cob=(2)
cfi=(2)
cfn=(4536)
calls=1 0 
0 11
0 61
cfn=(5122)
calls=1 0 
0 123
0 6
cob=(2)
cfi=(2)
cfn=(4536)
calls=1 0 
0 29
0 8

fn=(5136) <std::path::PathBuf>::pop
0 75
cfn=(5138) <std::path::Components as core::iter::traits::double_ended::DoubleEndedIterator>::next_back
calls=3 0 
0 546
0 18
cfn=(5142)
calls=3 0 
0 413
0 63

fn=(5168)
0 14
cob=(2)
cfi=(2)
cfn=(5170) epoll_create1
calls=1 0 
0 5
0 6
cob=(2)
cfi=(2)
cfn=(5172) eventfd
calls=1 0 
0 5
0 10
cob=(2)
cfi=(2)
cfn=(5174)
calls=1 0 
0 6
0 7
cob=(2)
cfi=(2)
cfn=(5176) fcntl
calls=1 0 
0 35
0 32
cfn=(5192)
calls=1 0 
0 26
0 4
cob=(2)
cfi=(2)
cfn=(4210)
calls=1 0 
0 168
0 12
cob=(2)
cfi=(2)
cfn=(4972)
calls=1 0 
0 2082
0 5
cob=(2)
cfi=(2)
cfn=(4972)
calls=1 0 
0 77
0 5
cob=(2)
cfi=(2)
cfn=(4972)
calls=1 0 
0 77
0 5
cob=(2)
cfi=(2)
cfn=(4972)
calls=1 0 
0 77
0 6
cob=(2)
cfi=(2)
cfn=(4972)
calls=1 0 
0 77
0 44
cob=(2)
cfi=(2)
cfn=(4210)
calls=1 0 
0 173
0 13
cob=(2)
cfi=(2)
cfn=(4210)
calls=1 0 
0 41
0 15

fn=(5422)
0 45
cfn=(5424)
calls=3 0 
0 413
0 27

fn=(5430)
0 27
cfn=(7944) <alloc::sync::Arc<tokio::runtime::scheduler::multi_thread::park::Shared>>::drop_slow
calls=1 0 
0 324
0 35
cob=(2)
cfi=(2)
cfn=(4920)
calls=5 0 
0 325

fn=(5470)
0 158
cfn=(5472) <alloc::collections::vec_deque::VecDeque<tokio::runtime::blocking::pool::Task>>::grow
calls=1 0 
0 277
0 154
cfn=(5476) <tokio::runtime::builder::Builder>::new::{closure#0}
calls=4 0 
0 799
0 151
cfn=(5092) std::sys::env::unix::getenv
calls=1 0 
0 818
0 55
cfn=(5482) <std::thread::thread::thread_name_string::ThreadNameString as core::convert::From<alloc::string::String>>::from
calls=4 0 
0 1002
0 16
cob=(2)
cfi=(2)
cfn=(4210)
calls=4 0 
0 728
0 52
cfn=(5492)
calls=4 0 
0 682
0 24
cob=(2)
cfi=(2)
cfn=(4210)
calls=4 0 
0 802
0 164
cob=(2)
cfi=(2)
cfn=(4210)
calls=4 0 
0 802
0 92
cob=(2)
cfi=(2)
cfn=(4210)
calls=4 0 
0 747
0 48
cfn=(5496) <std::sys::thread::unix::Thread>::new
calls=4 0 
0 6401
0 48
cfn=(5628)
calls=4 0 
0 584
0 290
cfn=(5630) <hashbrown::raw::RawTable<(usize, std::thread::join_handle::JoinHandle<()>)>>::reserve_rehash::<hashbrown::map::make_hasher<usize, std::thread::join_handle::JoinHandle<()>, std::hash::random::RandomState>::{closure#0}>
calls=2 0 
0 1116
0 2

fn=(5680)
0 23486
cfn=(5682)
calls=1 0 
0 1120
0 21
cfn=(5708) <tokio::net::tcp::listener::TcpListener>::local_addr
calls=1 0 
0 54
0 29
cob=(2)
cfi=(2)
cfn=(4536)
calls=1 0 
0 268
0 11
cob=(2)
cfi=(2)
cfn=(4536)
calls=1 0 
0 268
0 11
cob=(2)
cfi=(2)
cfn=(4536)
calls=1 0 
0 268
0 19
cob=(2)
cfi=(2)
cfn=(4536)
calls=1 0 
0 268
0 12
cob=(2)
cfi=(2)
cfn=(4536)
calls=1 0 
0 268
0 10
cob=(2)
cfi=(2)
cfn=(5224)
calls=1 0 
0 472
0 14
cob=(2)
cfi=(2)
cfn=(4536)
calls=1 0 
0 280
0 4
cfn=(5714)
calls=1 0 
0 82
0 13
cfn=(5716)
calls=1 0 
0 103
0 18
cfn=(5722) <pbrs_grpc::client::channel::Channel>::connect::<core::net::socket_addr::SocketAddr>::{closure#0}
calls=1 0 
0 22277
0 5
cfn=(5722)
calls=1 0 
0 27381
0 12
cob=(2)
cfi=(2)
cfn=(4536)
calls=1 0 
0 76
0 14
cob=(2)
cfi=(2)
cfn=(4536)
calls=1 0 
0 76
0 6
cob=(2)
cfi=(2)
cfn=(4210)
calls=1 0 
0 188
0 10
cob=(2)
cfi=(2)
cfn=(4536)
calls=1 0 
0 124
0 47
cfn=(6568) <pbrs_grpc::client::channel::Channel>::server_streaming::<pbrs_grpc::codec::prost::Message<devloop::echo::EchoRequest>, pbrs_grpc::codec::prost::Message<devloop::echo::EchoReply>>
calls=1 0 
0 12217
0 13
cfn=(6582) <pbrs_grpc::client::channel::Channel>::server_streaming::<pbrs_grpc::codec::prost::Message<devloop::echo::EchoRequest>, pbrs_grpc::codec::prost::Message<devloop::echo::EchoReply>>::{closure#0}
calls=1 0 
0 12208
0 12
cfn=(6582)
calls=2 0 
0 6753
0 17
cob=(2)
cfi=(2)
cfn=(4536)
calls=1 0 
0 76
0 2
cfn=(7180) core::ptr::drop_glue::<pbrs_grpc::request::Call<pbrs_grpc::request::Response<pbrs_grpc::stream::Streaming<pbrs_grpc::codec::prost::Message<pbrs_adoption_corpus::prost_types::EntityList>>>>>
calls=1 0 
0 250
0 9
cob=(2)
cfi=(2)
cfn=(4536)
calls=1 0 
0 76
0 4
cfn=(7190) <pbrs_grpc::request::Response<pbrs_grpc::stream::Streaming<pbrs_grpc::codec::prost::Message<devloop::echo::EchoReply>>>>::into_inner
calls=1 0 
0 359
0 43
cfn=(7192)
calls=5 0 
0 4187
0 4
cfn=(7192)
calls=1 0 
0 2629
0 56
cob=(2)
cfi=(2)
cfn=(4920)
calls=4 0 
0 260
0 30
cfn=(5192)
calls=1 0 
0 26
0 11
cfn=(7488)
calls=1 0 
0 88
0 17
cfn=(7490)
calls=1 0 
0 6416
0 7
cfn=(7500) std::io::stdio::_eprint
calls=1 0 
0 549
0 4
cob=(2)
cfi=(2)
cfn=(4920)
calls=1 0 
0 65
0 7
cfn=(7108) core::ptr::drop_glue::<pbrs_grpc::stream::Streaming<pbrs_grpc::codec::prost::Message<devloop::echo::EchoReply>>>
calls=1 0 
0 1719
0 2
cfn=(7178) core::ptr::drop_glue::<pbrs_grpc::client::channel::Channel>
calls=1 0 
0 4444
0 13658
cob=(2)
cfi=(2)
cfn=(4210)
calls=400 0 
0 16400
0 4800
cob=(2)
cfi=(2)
cfn=(4536)
calls=400 0 
0 49600
0 17600
cfn=(6568)
calls=400 0 
0 4991250
0 4800
cfn=(6582)
calls=400 0 
0 4367321
0 2400
cfn=(6582)
calls=400 0 
0 2648848
0 5600
cob=(2)
cfi=(2)
cfn=(4536)
calls=400 0 
0 29600
0 800
cfn=(7180)
calls=400 0 
0 84333
0 3600
cob=(2)
cfi=(2)
cfn=(4536)
calls=400 0 
0 30400
0 1600
cfn=(7190)
calls=400 0 
0 144976
0 23600
cob=(2)
cfi=(2)
cfn=(4920)
calls=1600 0 
0 104000
0 14000
cfn=(7192)
calls=2000 0 
0 1923837
0 1060
cfn=(7192)
calls=265 0 
0 485978
0 8125
cfn=(7540)
calls=1 0 
0 11
0 801
cfn=(7108)
calls=400 0 
0 706334
0 1601

fn=(5692)
0 12
cob=(2)
cfi=(2)
cfn=(5694)
calls=1 0 
0 5
0 10
cob=(2)
cfi=(2)
cfn=(5696) setsockopt
calls=1 0 
0 6
0 17
cob=(2)
cfi=(2)
cfn=(5698) bind
calls=1 0 
0 5
0 5
cob=(2)
cfi=(2)
cfn=(5700) listen
calls=1 0 
0 5
0 11

fn=(5704)
0 66
cob=(2)
cfi=(2)
cfn=(5224)
calls=3 0 
0 1833
0 36
cob=(2)
cfi=(2)
cfn=(4536)
calls=3 0 
0 87
0 69

fn=(5708)
0 6
cfn=(5710)
calls=1 0 
0 45
0 3

fn=(5760) <core::str::pattern::StrSearcher as core::str::pattern::Searcher>::next_match
0 388

fn=(5762) <http::uri::authority::Authority as core::str::traits::FromStr>::from_str
0 211
cob=(2)
cfi=(2)
cfn=(4210)
calls=1 0 
0 261
0 10
cob=(2)
cfi=(2)
cfn=(4536)
calls=1 0 
0 12
0 20

fn=(5764)
0 72
cob=(2)
cfi=(2)
cfn=(4536)
calls=1 0 
0 29
0 11
cfn=(5192)
calls=1 0 
0 26
0 13
cfn=(5468)
calls=1 0 
0 29
0 18
cob=(2)
cfi=(2)
cfn=(4536)
calls=1 0 
0 712
0 19
cob=(2)
cfi=(2)
cfn=(4536)
calls=1 0 
0 724
0 4
cob=(2)
cfi=(2)
cfn=(4536)
calls=1 0 
0 724
0 39
cob=(2)
cfi=(2)
cfn=(4536)
calls=1 0 
0 64
0 62
cfn=(5766) pbrs_grpc::tcp::dial_via_proxy::{closure#0}
calls=1 0 
0 13139
0 12
cfn=(5836)
calls=1 0 
0 15
0 16
cfn=(5684)
calls=1 0 
0 316
0 10
cfn=(5690)
calls=1 0 
0 25
0 77
cfn=(5838) <tokio::net::tcp::stream::TcpStream>::connect_addr::{closure#0}
calls=1 0 
0 1358
0 5
cfn=(5838)
calls=1 0 
0 161
0 35
cfn=(6440)
calls=1 0 
0 13
0 32
cob=(2)
cfi=(2)
cfn=(4536)
calls=1 0 
0 64
0 5
cob=(2)
cfi=(2)
cfn=(4536)
calls=1 0 
0 64
0 8
cfn=(6442) pbrs_grpc::client::pool::finish_tcp::{closure#0}
calls=1 0 
0 14520
0 8
cfn=(6352)
calls=1 0 
0 360
0 7
cfn=(6534)
calls=1 0 
0 172
0 82
cfn=(6532) core::ptr::drop_glue::<pbrs_grpc::client::pool::finish_tcp::{closure#0}>
calls=1 0 
0 15
0 2

fn=(5784)
0 120916

fn=(5792) <core::net::parser::Parser>::read_ipv6_addr
0 34
cfn=(5794) <core::net::parser::Parser>::read_ipv6_addr::read_groups
calls=2 0 
0 168
0 46
cfn=(5794)
calls=1 0 
0 105
0 11
cob=(2)
cfi=(2)
cfn=(4536)
calls=1 0 
0 17
0 18

fn=(5796)
0 30
cfn=(5424)
calls=2 0 
0 170
0 18

fn=(5838)
0 34
cfn=(5840)
calls=1 0 
0 122
0 10
cfn=(6388) <tokio::net::tcp::stream::TcpStream>::connect_mio::{closure#0}
calls=1 0 
0 1191
0 4
cfn=(6388)
calls=1 0 
0 120
0 38

fn=(6152) tokio::runtime::task::raw::poll::<tokio::runtime::blocking::task::BlockingTask<<tokio::runtime::scheduler::multi_thread::worker::Launch>::launch::{closure#0}>, tokio::runtime::blocking::schedule::BlockingSchedule>
0 196
cfn=(6154)
calls=4 0 
0 47880407
0 32
cfn=(7676) <tokio::runtime::task::core::Core<tokio::runtime::blocking::task::BlockingTask<<tokio::runtime::scheduler::multi_thread::worker::Launch>::launch::{closure#0}>, tokio::runtime::blocking::schedule::BlockingSchedule>>::set_stage
calls=4 0 
0 172
0 36
cfn=(7676)
calls=4 0 
0 160
0 40
cfn=(7678) <tokio::runtime::task::harness::Harness<tokio::runtime::blocking::task::BlockingTask<<tokio::runtime::scheduler::multi_thread::worker::Launch>::launch::{closure#0}>, tokio::runtime::blocking::schedule::BlockingSchedule>>::complete
calls=4 0 
0 304

fn=(6168) devloop::rpc_prost_server_stream::{closure#0}::{closure#0}
0 28
cfn=(6170) <pbrs_grpc::server::router::Router>::new
calls=1 0 
0 291
0 3
cfn=(6172) <pbrs_grpc::server::router::Router>::add_service::<devloop::ProstNativeEchod>
calls=1 0 
0 861
0 11
cob=(2)
cfi=(2)
cfn=(4536)
calls=1 0 
0 76
0 4
cob=(2)
cfi=(2)
cfn=(4536)
calls=1 0 
0 268
0 5
cfn=(6180) <pbrs_grpc::server::router::Router>::serve_listener::{closure#0}
calls=1 0 
0 11817
0 3
cfn=(6180)
calls=1 0 
0 62950
0 28

fn=(6180)
0 169
cob=(2)
cfi=(2)
cfn=(4536)
calls=1 0 
0 76
0 9
cob=(2)
cfi=(2)
cfn=(4536)
calls=1 0 
0 220
0 5
cob=(2)
cfi=(2)
cfn=(4536)
calls=1 0 
0 218
0 14
cob=(2)
cfi=(2)
cfn=(4536)
calls=1 0 
0 76
0 10
cob=(2)
cfi=(2)
cfn=(4536)
calls=1 0 
0 64
0 4
cfn=(6188) <pbrs_grpc::server::router::Router>::with_channelz
calls=1 0 
0 2963
0 7
cob=(2)
cfi=(2)
cfn=(4536)
calls=1 0 
0 76
0 2
cob=(2)
cfi=(2)
cfn=(4210)
calls=1 0 
0 210
0 10
cob=(2)
cfi=(2)
cfn=(4536)
calls=1 0 
0 76
0 11
cob=(2)
cfi=(2)
cfn=(4536)
calls=1 0 
0 64
0 5
cob=(2)
cfi=(2)
cfn=(4536)
calls=1 0 
0 64
0 6
cob=(2)
cfi=(2)
cfn=(4536)
calls=1 0 
0 64
0 73
cob=(2)
cfi=(2)
cfn=(4536)
calls=1 0 
0 29
0 30
cob=(2)
cfi=(2)
cfn=(4536)
calls=1 0 
0 64
0 19
cfn=(5710)
calls=1 0 
0 45
0 50
cfn=(6208)
calls=1 0 
0 5900
0 10
cfn=(6222) tokio::sync::mpsc::bounded::channel::<()>
calls=1 0 
0 682
0 5
cob=(2)
cfi=(2)
cfn=(4210)
calls=1 0 
0 210
0 16
cob=(2)
cfi=(2)
cfn=(4972)
calls=1 0 
0 35
0 52
cfn=(6238) <tokio::net::tcp::listener::TcpListener>::accept::{closure#0}
calls=2 0 
0 910
0 3
cfn=(6238)
calls=1 0 
0 1127
0 67
cob=(2)
cfi=(2)
cfn=(4536)
calls=1 0 
0 64
0 32
cob=(2)
cfi=(2)
cfn=(4536)
calls=1 0 
0 11975
0 11
cob=(2)
cfi=(2)
cfn=(4536)
calls=1 0 
0 11991
0 21
cob=(2)
cfi=(2)
cfn=(4536)
calls=1 0 
0 11995
0 12
cob=(2)
cfi=(2)
cfn=(4536)
calls=1 0 
0 11999
0 10
cob=(2)
cfi=(2)
cfn=(5224)
calls=1 0 
0 495
0 13
cob=(2)
cfi=(2)
cfn=(4536)
calls=1 0 
0 12191
0 4
cfn=(5714)
calls=1 0 
0 82
0 13
cfn=(5716)
calls=1 0 
0 52
0 57

fn=(6188)
0 44
cob=(2)
cfi=(2)
cfn=(4210)
calls=1 0 
0 213
0 26
cfn=(6190) alloc::str::join_generic_copy::<str, u8, &str>
calls=1 0 
0 295
0 25
cob=(2)
cfi=(2)
cfn=(4210)
calls=1 0 
0 213
0 10
cob=(2)
cfi=(2)
cfn=(4536)
calls=1 0 
0 12
0 2
cfn=(5192)
calls=1 0 
0 26
0 24
cob=(2)
cfi=(2)
cfn=(4210)
calls=1 0 
0 210
0 12
cob=(2)
cfi=(2)
cfn=(4536)
calls=1 0 
0 29
0 9
cfn=(5828)
calls=1 0 
0 491
0 7
cfn=(6200)
calls=1 0 
0 446
0 17
cfn=(6192)
calls=1 0 
0 349
0 11
cob=(2)
cfi=(2)
cfn=(4210)
calls=1 0 
0 210
0 35
cob=(2)
cfi=(2)
cfn=(4920)
calls=1 0 
0 73
0 12
cob=(2)
cfi=(2)
cfn=(4536)
calls=1 0 
0 76
0 4
cob=(2)
cfi=(2)
cfn=(4920)
calls=1 0 
0 73
0 9

fn=(6206) <alloc::raw_vec::RawVec<pbrs_grpc::channelz::trace::TraceEvent>>::grow_one
0 45
cfn=(5424)
calls=3 0 
0 1462
0 27

fn=(6216) <&str as core::fmt::Display>::fmt
0 15
cfn=(5832)
calls=3 0 
0 514

fn=(6240) <tokio::runtime::io::registration::Registration>::readiness::{closure#0}
0 126
cfn=(6242)
calls=3 0 
0 372
0 4
cfn=(6242)
calls=1 0 
0 85
0 24
cfn=(6290) <tokio::runtime::io::scheduled_io::Readiness as core::ops::drop::Drop>::drop
calls=2 0 
0 80
0 86

fn=(6248)
0 107370

fn=(6272) <tokio::runtime::time::Driver>::park_internal
0 61740
cfn=(6274)
calls=2058 0 
0 57693
0 45288
cfn=(5192)
calls=3 0 
0 78
0 24
cfn=(6246)
calls=3 0 
0 108
0 21029
cfn=(6276) <tokio::runtime::io::driver::Driver>::turn
calls=1711 0 
0 428446
0 347
cfn=(6276)
calls=347 0 
0 83632
0 8232
cfn=(5192)
calls=2058 0 
0 53508
0 16464
cfn=(6246)
calls=2058 0 
0 74088
0 51450
cfn=(6286)
calls=2058 0 
0 287669

fn=(6322) pbrs_grpc::server::accept::accept_loop_with_slots::<pbrs_grpc::server::router::Router, core::future::pending::Pending<()>>::{closure#0}::{closure#2}
0 37400
cfn=(6324) pbrs_grpc::tcp::tune
calls=1 0 
0 1019
0 9
cfn=(5710)
calls=1 0 
0 45
0 9667
cob=(2)
cfi=(2)
cfn=(4536)
calls=1 0 
0 64
0 16
cob=(2)
cfi=(2)
cfn=(4536)
calls=1 0 
0 64
0 5
cob=(2)
cfi=(2)
cfn=(4536)
calls=1 0 
0 64
0 57
cob=(2)
cfi=(2)
cfn=(4536)
calls=1 0 
0 64
0 13
cob=(2)
cfi=(2)
cfn=(4536)
calls=1 0 
0 64
0 3
cfn=(6328) <pbrs_grpc::config::ServerConfig>::h2_builder
calls=1 0 
0 63
0 7
cob=(2)
cfi=(2)
cfn=(4210)
calls=1 0 
0 223
0 15
cob=(2)
cfi=(2)
cfn=(4536)
calls=1 0 
0 29
0 13
cob=(2)
cfi=(2)
cfn=(4536)
calls=1 0 
0 29
0 17
cob=(2)
cfi=(2)
cfn=(4536)
calls=1 0 
0 304
0 8552
cfn=(6330) pbrs_grpc::server::connection::wait_for_drain::{closure#0}
calls=2 0 
0 574
0 18
cfn=(6336) <pbrs_grpc::rt::TokioRuntime as pbrs_grpc::rt::Runtime>::timeout::<<pbrs_grpc::transport::h2::ServerBuilder as pbrs_grpc::transport::ServerBuilder>::handshake<tokio::net::tcp::stream::TcpStream>::{closure#0}>::{closure#0}
calls=2 0 
0 5805
0 13
cfn=(6336)
calls=1 0 
0 3457
0 7
cob=(2)
cfi=(2)
cfn=(4536)
calls=1 0 
0 160
0 6
cob=(2)
cfi=(2)
cfn=(4536)
calls=1 0 
0 160
0 3
cfn=(6768) core::ptr::drop_glue::<(<pbrs_grpc::rt::TokioRuntime as pbrs_grpc::rt::Runtime>::timeout<<pbrs_grpc::transport::h2::ServerBuilder as pbrs_grpc::transport::ServerBuilder>::handshake<tokio::net::tcp::stream::TcpStream>::{closure#0}>::{closure#0}, pbrs_grpc::server::connection::wait_for_drain::{closure#0})>
calls=1 0 
0 154
0 15
cob=(2)
cfi=(2)
cfn=(4536)
calls=1 0 
0 160
0 41
cfn=(6774) <pbrs_grpc::channelz::model::Registry>::global_shared
calls=1 0 
0 10
0 27
cfn=(6208)
calls=1 0 
0 7471
0 42
cfn=(6474)
calls=1 0 
0 75
0 6
cfn=(6776) pbrs_grpc::keepalive::spawn_in::<pbrs_grpc::rt::TokioRuntime>
calls=1 0 
0 28
0 5
cfn=(5192)
calls=1 0 
0 26
0 3
cfn=(6778) <pbrs_grpc::keepalive::Busy>::new
calls=1 0 
0 57
0 82757
cfn=(6780) <pbrs_grpc::transport::h2::ServerConnection<tokio::net::tcp::stream::TcpStream> as pbrs_grpc::transport::ServerConnection>::poll_accept
calls=1605 0 
0 10192270
0 17656
cob=(2)
cfi=(2)
cfn=(4536)
calls=401 0 
0 20852
0 11638
cfn=(6330)
calls=1204 0 
0 255398
0 56588
cfn=(6842)
calls=1204 0 
0 25288
0 7222
cob=(2)
cfi=(2)
cfn=(4536)
calls=401 0 
0 20852
0 1203
cfn=(6928)
calls=401 0 
0 6416
0 5213
cob=(2)
cfi=(2)
cfn=(4536)
calls=401 0 
0 20852
0 2406
cob=(2)
cfi=(2)
cfn=(4536)
calls=401 0 
0 11629
0 4411
cfn=(6930) pbrs_grpc::wire::headers::check_request
calls=401 0 
0 154385
0 3208
cfn=(6696)
calls=401 0 
0 59749
0 35288
cob=(2)
cfi=(2)
cfn=(4536)
calls=401 0 
0 24862
0 3208
cob=(2)
cfi=(2)
cfn=(4536)
calls=401 0 
0 11629
0 20050
cob=(2)
cfi=(2)
cfn=(4536)
calls=401 0 
0 117092
0 4411
cob=(2)
cfi=(2)
cfn=(4536)
calls=401 0 
0 117092
0 8020
cob=(2)
cfi=(2)
cfn=(4536)
calls=401 0 
0 116290
0 5213
cob=(2)
cfi=(2)
cfn=(4536)
calls=401 0 
0 117092
0 4010
cob=(2)
cfi=(2)
cfn=(5224)
calls=401 0 
0 273527
0 5608
cob=(2)
cfi=(2)
cfn=(4536)
calls=400 0 
0 121522
0 4
cob=(2)
cfi=(2)
cfn=(4536)
calls=1 0 
0 304
0 1604
cfn=(5714)
calls=401 0 
0 33082
0 4812
cfn=(5716)
calls=401 0 
0 20852
0 6416

fn=(6330)
0 56784
cfn=(6332)
calls=2 0 
0 474
0 4816
cfn=(6332)
calls=1204 0 
0 161336
0 32562

fn=(6346)
0 102075
cfn=(6380)
calls=3632 0 
0 102028
0 186532
cfn=(6348)
calls=806 0 
0 140235
0 182897
cfn=(6348)
calls=802 0 
0 139548
0 93082

fn=(6382) core::ptr::drop_glue::<h2::server::Handshaking<tokio::net::tcp::stream::TcpStream, bytes::bytes::Bytes>>
0 68

fn=(6388)
0 29
cfn=(5702)
calls=1 0 
0 1018
0 18
cfn=(6350)
calls=1 0 
0 127
0 3
cfn=(6350)
calls=1 0 
0 60
0 21
cob=(2)
cfi=(2)
cfn=(6438) getsockopt
calls=1 0 
0 6
0 29

fn=(6452) <tokio::net::tcp::stream::TcpStream>::poll_write_priv
0 18
cfn=(6350)
calls=1 0 
0 60
0 17
cob=(2)
cfi=(2)
cfn=(6454) send
calls=1 0 
0 59
0 20

fn=(6462) <tracing::span::Span>::current
0 40
cfn=(6464)
calls=2 0 
0 6
0 28

fn=(6536)
0 11

fn=(6538) <tokio::runtime::time::entry::TimerEntry as core::ops::drop::Drop>::drop
0 64
cfn=(6540)
calls=2 0 
0 103
0 42
cfn=(6386)
calls=1 0 
0 8
cfn=(6542)
calls=1 0 
0 7
0 32

fn=(6558)
0 14626
cfn=(6560) bytes::bytes::shallow_clone_vec
calls=813 0 
0 71612
0 2439

fn=(6564)
0 23

fn=(6576)
0 51729

fn=(6580)
0 35689
cob=(2)
cfi=(2)
cfn=(4920)
calls=401 0 
0 29273
0 5213
cob=(2)
cfi=(2)
cfn=(4920)
calls=401 0 
0 29273
0 3609
cob=(2)
cfi=(2)
cfn=(4920)
calls=401 0 
0 28113
0 29674

fn=(6626) <pbrs_grpc::wire::encode::SegFrame as core::clone::Clone>::clone
0 6015
cfn=(6558)
calls=401 0 
0 39697
0 11629

fn=(6668) bytes::bytes::shared_drop
0 42982
cob=(2)
cfi=(2)
cfn=(4920)
calls=411 0 
0 82593
0 2466
cob=(2)
cfi=(2)
cfn=(4920)
calls=411 0 
0 32009
0 30440

fn=(6674) <slab::Slab<h2::proto::streams::stream::Stream>>::insert_at
0 7230
cfn=(6676)
calls=2 0 
0 515
0 20
cob=(2)
cfi=(2)
cfn=(4536)
calls=4 0 
0 254
0 11200
cob=(2)
cfi=(2)
cfn=(4536)
calls=798 0 
0 51072

fn=(6678) <std::hash::random::RandomState as core::hash::BuildHasher>::hash_one::<&h2::frame::stream_id::StreamId>
0 38496
cfn=(5086)
calls=1604 0 
0 43308
0 109072

fn=(6690) <http::header::map::HeaderMap>::contains_key::<&str>
0 28872
cfn=(6692) http::header::name::parse_hdr
calls=2406 0 
0 368118
0 337642

fn=(6714) core::ptr::drop_glue::<std::sync::poison::mutex::MutexGuard<h2::proto::streams::streams::Inner>>
0 5614

fn=(6726) pbrs_grpc::client::call::send_request_frame_in::<pbrs_grpc::rt::TokioRuntime>::{closure#0}
0 30877
cfn=(6728) pbrs_grpc::wire::send::send_frame::{closure#0}
calls=401 0 
0 300349
0 2406
cfn=(6742)
calls=401 0 
0 5213
0 12030

fn=(6738)
0 311982
cfn=(7204) <h2::proto::streams::store::Ptr>::unlink
calls=2050 0 
0 77487
0 210803
cfn=(7206)
calls=802 0 
0 210417
0 70576

fn=(6762) <h2::proto::streams::streams::Streams<bytes::bytes::Bytes, h2::server::Peer>>::new
0 6
cfn=(6458) <h2::proto::streams::streams::Inner>::new
calls=1 0 
0 591
0 13
cob=(2)
cfi=(2)
cfn=(4210)
calls=1 0 
0 213
0 19

fn=(6780)
0 117165
cfn=(6484)
calls=1605 0 
0 91485
0 15261
cfn=(6488)
calls=2410 0 
0 81940
0 38560
cfn=(6490)
calls=2410 0 
0 40970
0 40970
cfn=(6494)
calls=2410 0 
0 3012194
0 28135
cob=(2)
cfi=(2)
cfn=(4536)
calls=805 0 
0 23345
0 9660
cob=(2)
cfi=(2)
cfn=(4536)
calls=805 0 
0 23345
0 4025
cfn=(6504)
calls=805 0 
0 1495981
0 28992
cfn=(6492)
calls=2410 0 
0 118101
0 24156
cfn=(6782)
calls=1 0 
0 91
0 41
cfn=(6340)
calls=1 0 
0 172
0 14
cfn=(6506)
calls=1 0 
0 130
0 98817
cfn=(6510)
calls=1 0 
0 11
0 27692
cfn=(6346)
calls=401 0 
0 212129
0 44932
cfn=(6512)
calls=2006 0 
0 3506063
0 18857
cfn=(6244)
calls=1605 0 
0 11235
0 11234
cfn=(6386)
calls=802 0 
0 6416
0 39319
cfn=(6346)
calls=1605 0 
0 432745
0 38520
cfn=(6526)
calls=1605 0 
0 123585
0 62192
cob=(2)
cfi=(2)
cfn=(4536)
calls=401 0 
0 11629
0 10831
cfn=(6838) <h2::proto::streams::streams::Streams<bytes::bytes::Bytes, h2::server::Peer>>::next_incoming
calls=1605 0 
0 138407
0 7621
cfn=(6924) <h2::proto::streams::streams::StreamRef<bytes::bytes::Bytes>>::take_request
calls=401 0 
0 89824
0 1604
cob=(2)
cfi=(2)
cfn=(4536)
calls=401 0 
0 11629
0 1203
cfn=(6716)
calls=401 0 
0 26065
0 6817
cob=(2)
cfi=(2)
cfn=(4536)
calls=401 0 
0 11629
0 11228
cob=(2)
cfi=(2)
cfn=(4536)
calls=401 0 
0 11629
0 23674

fn=(6786) <h2::proto::streams::send::Send>::recv_connection_window_update
0 28
cfn=(6460)
calls=2 0 
0 38
0 54
cfn=(6788) <h2::proto::streams::store::Queue<h2::proto::streams::stream::NextSendCapacity>>::pop::<h2::proto::streams::store::Store>
calls=2 0 
0 12
0 30

fn=(6802) <h2::frame::headers::Headers>::encode
0 22857
cfn=(6804) <h2::frame::headers::HeaderBlock>::into_encoding
calls=1203 0 
0 2852907
0 7218
cfn=(6830)
calls=1203 0 
0 271878
0 38496
cob=(2)
cfi=(2)
cfn=(4536)
calls=1203 0 
0 16844
0 75789

fn=(6808)
0 242
cfn=(6826) bytes::bytes::promotable_even_drop
calls=1 0 
0 132
cfn=(6850)
calls=1 0 
0 343
0 80
cfn=(6668)
calls=3 0 
0 802
cfn=(6664)
calls=3 0 
0 3
0 112
cfn=(6668)
calls=7 0 
0 1822
cfn=(6664)
calls=7 0 
0 7
0 85758
cfn=(6826)
calls=801 0 
0 78590
cfn=(6664)
calls=803 0 
0 803
0 16012
cfn=(6664)
calls=1200 0 
0 1200
0 22424
cfn=(6664)
calls=2800 0 
0 2800
cfn=(6664)
calls=3 0 
0 3
0 4010

fn=(6832) <h2::proto::streams::stream::Stream>::send_data
0 17644
cfn=(6834)
calls=802 0 
0 22456
0 18446

fn=(6852) <h2::frame::headers::HeaderBlock>::load::{closure#0}
0 173232
cfn=(6670) <http::header::name::StandardHeader>::as_str
calls=1604 0 
0 11228
0 28471
cfn=(6670)
calls=1604 0 
0 11228
0 57744
cfn=(6670)
calls=401 0 
0 2807
0 2406
cfn=(6670)
calls=1203 0 
0 8421
0 64561
cfn=(6874) <http::header::map::HeaderMap>::try_append2::<http::header::name::HeaderName>
calls=2807 0 
0 808436
0 56942
cfn=(6854) core::ptr::drop_glue::<core::option::Option<http::method::Method>>
calls=401 0 
0 1604
0 3208

fn=(6864)
0 48120

fn=(6872)
0 84
cob=(2)
cfi=(2)
cfn=(4210)
calls=7 0 
0 1135
0 70
cob=(2)
cfi=(2)
cfn=(4536)
calls=7 0 
0 77
0 119

fn=(6882) <h2::proto::streams::store::VacantEntry>::insert
0 6015
cfn=(6674)
calls=401 0 
0 35151
0 16443
cfn=(6682) <indexmap::inner::Core<h2::frame::stream_id::StreamId, h2::proto::streams::store::SlabIndex>>::push_entry
calls=401 0 
0 10716
0 5220
cfn=(6680) <hashbrown::raw::RawTable<usize>>::reserve_rehash::<indexmap::inner::get_hash<h2::frame::stream_id::StreamId, h2::proto::streams::store::SlabIndex>::{closure#0}>
calls=1 0 
0 327
0 6
cfn=(6884)
calls=1 0 
0 11
0 5

fn=(6896)
0 4411
cfn=(6898) <http::uri::path::PathAndQuery>::from_shared
calls=401 0 
0 135538
0 802

fn=(6902)
0 21668
cfn=(6904)
calls=2 0 
0 524
0 25
cob=(2)
cfi=(2)
cfn=(4536)
calls=5 0 
0 145
0 33649
cob=(2)
cfi=(2)
cfn=(4536)
calls=2401 0 
0 69629

fn=(6910) <h2::proto::streams::store::Store>::find_mut
0 24060

fn=(6912) <h2::proto::streams::recv::Recv>::recv_data
0 42105
cfn=(6914) <h2::proto::streams::recv::Recv>::consume_connection_window
calls=802 0 
0 45714
0 31278
cfn=(6886) <h2::proto::streams::store::Ptr as core::ops::deref::Deref>::deref
calls=401 0 
0 6817
0 1604
cfn=(6916) <h2::proto::streams::store::Ptr as core::ops::deref::DerefMut>::deref_mut
calls=401 0 
0 6817
0 1604
cfn=(6918)
calls=401 0 
0 13233
0 1604
cfn=(6920) core::ptr::drop_glue::<core::option::Option<h2::proto::error::Error>>
calls=401 0 
0 1604
0 11228
cfn=(6916)
calls=802 0 
0 13634
0 3208
cfn=(6834)
calls=802 0 
0 22456
0 3208
cfn=(6916)
calls=802 0 
0 13634
0 21654
cfn=(6916)
calls=802 0 
0 13634
0 4010
cfn=(6922) <h2::proto::streams::buffer::Deque>::push_back::<h2::proto::streams::recv::Event>
calls=802 0 
0 91458
0 1604
cfn=(6916)
calls=802 0 
0 13634
0 4219
cfn=(6434)
calls=209 0 
0 13167
0 2406

fn=(6930)
0 6015
cfn=(6696)
calls=401 0 
0 43308
0 32882
cfn=(6696)
calls=401 0 
0 70977
0 1203

fn=(6936) pbrs_grpc::server::connection::incoming_rpc
0 6416
cfn=(6938) <http::header::map::HeaderMap as core::clone::Clone>::clone
calls=401 0 
0 190890
0 10025
cob=(2)
cfi=(2)
cfn=(4210)
calls=401 0 
0 19658
0 6006
cob=(2)
cfi=(2)
cfn=(4210)
calls=400 0 
0 17219
0 7
cob=(2)
cfi=(2)
cfn=(4210)
calls=1 0 
0 213
0 8005
cfn=(6940) <hashbrown::map::HashMap<core::any::TypeId, alloc::boxed::Box<dyn http::extensions::AnyClone + core::marker::Send + core::marker::Sync>, core::hash::BuildHasherDefault<http::extensions::IdHasher>>>::insert
calls=400 0 
0 94169
0 13
cfn=(6940)
calls=1 0 
0 233
0 5614
cob=(2)
cfi=(2)
cfn=(4536)
calls=401 0 
0 11629
0 14035
cob=(2)
cfi=(2)
cfn=(4536)
calls=401 0 
0 25664
0 13634

fn=(6956) <pbrs_grpc::server::rpc::Rpc>::effective_timeout
0 3609
cfn=(6696)
calls=401 0 
0 59749
0 5614

fn=(6974)
0 20570
cfn=(6976) <h2::share::RecvStream>::poll_data
calls=1870 0 
0 433442
0 38472

fn=(7006) <pbrs_grpc::request::Request<pbrs_grpc::codec::prost::Message<devloop::echo::EchoRequest>>>::into_inner
0 5213
cfn=(6644)
calls=401 0 
0 119774
0 4010
cob=(2)
cfi=(2)
cfn=(4920)
calls=401 0 
0 26385
0 1604
cob=(2)
cfi=(2)
cfn=(4920)
calls=401 0 
0 26337
0 1604
cob=(2)
cfi=(2)
cfn=(4920)
calls=401 0 
0 28153
0 11228
cfn=(7008)
calls=401 0 
0 13233
0 1604
cfn=(6580)
calls=401 0 
0 113125
0 4411

fn=(7014) core::ptr::drop_glue::<h2::share::RecvStream>
0 4010
cfn=(7016) <h2::share::RecvStream as core::ops::drop::Drop>::drop
calls=802 0 
0 87418
0 1604
cfn=(6988)
calls=802 0 
0 215738
0 5614

fn=(7064) tokio::runtime::context::defer
0 10827
cfn=(7066) <tokio::runtime::scheduler::defer::Defer>::defer
calls=401 0 
0 17648

fn=(7068) <tokio::runtime::driver::Driver>::park_timeout
0 3096
cfn=(6272)
calls=344 0 
0 196450

fn=(7096) pbrs_grpc::wire::send::grpc_trailers
0 9221
cfn=(7098) <std::sync::once_lock::OnceLock<pbrs_grpc::metadata::Metadata>>::initialize::<<std::sync::once_lock::OnceLock<pbrs_grpc::metadata::Metadata>>::get_or_init<<pbrs_grpc::metadata::Metadata>::new>::{closure#0}, !>
calls=1 0 
0 85
0 1607
cob=(2)
cfi=(2)
cfn=(4210)
calls=401 0 
0 16763
0 4406
cob=(2)
cfi=(2)
cfn=(4210)
calls=400 0 
0 26987
0 3
cob=(2)
cfi=(2)
cfn=(4210)
calls=1 0 
0 213
0 9206
cfn=(6650)
calls=400 0 
0 89200
0 15
cfn=(6650)
calls=1 0 
0 223
0 10426

fn=(7110) core::ptr::drop_glue::<pbrs_grpc::stream::Source<pbrs_grpc::codec::prost::Message<devloop::echo::EchoReply>>>
0 7218
cfn=(7324) core::ptr::drop_glue::<pbrs_grpc::wire::frame_reader::WireStream<pbrs_grpc::codec::prost::Message<pbrs_adoption_corpus::prost_types::EntityList>>>
calls=401 0 
0 334129
0 2807
cob=(2)
cfi=(2)
cfn=(4920)
calls=401 0 
0 26065
0 2406
cfn=(7112) <tokio::sync::batch_semaphore::Semaphore>::close
calls=401 0 
0 14035
0 8020
cfn=(7008)
calls=401 0 
0 13233
0 8822
cfn=(7114) <<tokio::sync::mpsc::chan::Rx<_, _> as core::ops::drop::Drop>::drop::{closure#0}::Guard<core::result::Result<pbrs_grpc::stream::Framed<pbrs_grpc::codec::prost::Message<devloop::echo::EchoReply>>, pbrs_grpc::status::Status>, tokio::sync::mpsc::bounded::Semaphore>>::drain
calls=401 0 
0 21654
0 802
cfn=(7114)
calls=401 0 
0 21654
0 3609
cfn=(7116) <alloc::sync::Arc<tokio::sync::mpsc::chan::Chan<core::result::Result<pbrs_grpc::stream::Framed<pbrs_grpc::codec::prost::Message<devloop::echo::EchoReply>>, pbrs_grpc::status::Status>, tokio::sync::mpsc::bounded::Semaphore>>>::drop_slow
calls=401 0 
0 166313

fn=(7114)
0 11228
cfn=(7036) <tokio::sync::mpsc::list::Rx<core::result::Result<pbrs_grpc::stream::Framed<pbrs_grpc::codec::prost::Message<pbrs_adoption_corpus::prost_types::EntityList>>, pbrs_grpc::status::Status>>>::pop
calls=802 0 
0 23258
0 8822

fn=(7150) core::ptr::drop_glue::<(<tokio::sync::watch::Receiver<bool>>::wait_for<pbrs_grpc::client::call::first_of_in<pbrs_grpc::rt::TokioRuntime, pbrs_grpc::request::Response<pbrs_grpc::stream::Streaming<pbrs_grpc::codec::prost::Message<pbrs_adoption_corpus::prost_types::EntityList>>>, pbrs_grpc::client::streaming::run_server_stream_inner<pbrs_grpc::codec::prost::Message<pbrs_adoption_corpus::prost_types::EntityList>>::{closure#0}::{closure#1}>::{closure#0}::{closure#2}>::{closure#0}, pbrs_grpc::client::streaming::run_server_stream_inner<pbrs_grpc::codec::prost::Message<pbrs_adoption_corpus::prost_types::EntityList>>::{closure#0}::{closure#1})>
0 8020
cfn=(6772)
calls=401 0 
0 34085
0 2005
cfn=(6542)
calls=401 0 
0 2807
0 2807
cfn=(7152)
calls=401 0 
0 6015

fn=(7162) core::ptr::drop_glue::<pbrs_grpc::client::streaming::run_server_stream_inner<pbrs_grpc::codec::prost::Message<pbrs_adoption_corpus::prost_types::EntityList>>::{closure#0}>
0 8421

fn=(7226)
0 7218

fn=(7328)
0 30476
cfn=(7330) core::ptr::drop_glue::<pbrs_grpc::wire::send::reset_on_cancel::{closure#0}>
calls=401 0 
0 9755
0 6023
cob=(2)
cfi=(2)
cfn=(4536)
calls=1203 0 
0 76770
0 14436

fn=(7330)
0 4415
cfn=(7326) core::ptr::drop_glue::<(<tokio::sync::watch::Receiver<bool>>::wait_for<pbrs_grpc::wire::send::reset_on_cancel::{closure#0}::{closure#1}>::{closure#0}, pbrs_grpc::wire::send::reset_on_cancel::{closure#0}::{closure#0})>
calls=2 0 
0 198
0 50
cfn=(7008)
calls=2 0 
0 66
0 10
cfn=(7130)
calls=2 0 
0 410
0 16
cfn=(7106) core::ptr::drop_glue::<h2::proto::streams::streams::StreamRef<bytes::bytes::Bytes>>
calls=2 0 
0 2196
0 2394

fn=(7436)
0 2920

fn=(7500)
0 11
cfn=(7502)
calls=1 0 
0 20
0 10
cfn=(7504) <&std::io::stdio::Stderr as core::io::write::Write>::write_fmt
calls=1 0 
0 501
0 7

fn=(7508) <alloc::sync::Arc<pbrs_grpc::client::pool::ChannelInner>>::drop_slow
0 6
cfn=(7510) core::ptr::drop_glue::<pbrs_grpc::client::pool::ChannelInner>
calls=1 0 
0 3656
0 9
cob=(2)
cfi=(2)
cfn=(4920)
calls=1 0 
0 65

fn=(7514)
0 223
cfn=(7516) <alloc::collections::btree::node::Handle<alloc::collections::btree::node::NodeRef<alloc::collections::btree::node::marker::Mut, u64, alloc::sync::Arc<pbrs_grpc::channelz::model::SocketEntry>, alloc::collections::btree::node::marker::Leaf>, alloc::collections::btree::node::marker::KV>>::remove_leaf_kv::<<alloc::collections::btree::map::entry::OccupiedEntry<u64, alloc::sync::Arc<pbrs_grpc::channelz::model::SocketEntry>>>::remove_kv::{closure#0}, alloc::alloc::Global>
calls=3 0 
0 306
0 102
cfn=(5828)
calls=3 0 
0 2732
0 27
cfn=(6552)
calls=1 0 
0 48
0 29
cfn=(6200)
calls=1 0 
0 148
0 6
cfn=(6218)
calls=2 0 
0 96
0 58
cfn=(6200)
calls=2 0 
0 1228
0 16
cfn=(7518) <alloc::sync::Arc<pbrs_grpc::channelz::model::SocketEntry>>::drop_slow
calls=3 0 
0 651
0 127
cob=(2)
cfi=(2)
cfn=(4920)
calls=1 0 
0 65
0 20
cob=(2)
cfi=(2)
cfn=(4920)
calls=2 0 
0 196
0 22

fn=(7530) <alloc::sync::Arc<pbrs_grpc::channelz::model::ChannelEntry>>::drop_slow
0 4
cfn=(7532)
calls=1 0 
0 653
0 7
cob=(2)
cfi=(2)
cfn=(4920)
calls=1 0 
0 65

fn=(7544)
0 20
cfn=(5668)
calls=1 0 
0 45
0 87
cfn=(5668)
calls=4 0 
0 180
0 28

fn=(7548)
0 18
cfn=(7550) <tokio::runtime::scheduler::multi_thread::handle::Handle>::shutdown
calls=1 0 
0 303

fn=(7554) <&mut tokio::sync::oneshot::Receiver<()> as core::future::future::Future>::poll
0 71
cfn=(6430)
calls=1 0 
0 5
0 46

fn=(7558)
0 76
cfn=(7560)
calls=1 0 
0 7558
0 19
cob=(2)
cfi=(2)
cfn=(4536)
calls=3 0 
0 35965
0 36

fn=(7566)
0 10
cfn=(7568) <h2::proto::streams::streams::DynStreams<bytes::bytes::Bytes>>::recv_eof
calls=1 0 
0 888
0 2
cfn=(7586) core::ptr::drop_glue::<h2::codec::framed_read::FramedRead<h2::codec::framed_write::FramedWrite<tokio::net::tcp::stream::TcpStream, h2::proto::streams::prioritize::Prioritized<bytes::bytes::Bytes>>>>
calls=1 0 
0 3426
0 2
cfn=(7602) core::ptr::drop_glue::<h2::proto::connection::ConnectionInner<h2::client::Peer>>
calls=1 0 
0 1244
0 9

fn=(7584) <h2::proto::streams::store::Queue<h2::proto::streams::stream::NextResetExpire>>::pop::<h2::proto::streams::store::Store>
0 12

fn=(7602)
0 68
cfn=(7604) <alloc::sync::Arc<h2::proto::ping_pong::UserPingsInner>>::drop_slow
calls=2 0 
0 196
0 4
cfn=(6720)
calls=2 0 
0 1151
0 14

fn=(7610) core::ptr::drop_glue::<h2::proto::streams::streams::Actions>
0 10
cfn=(7612) core::ptr::drop_glue::<h2::proto::streams::recv::Recv>
calls=2 0 
0 237
0 8
cfn=(6386)
calls=1 0 
0 8
0 28
cob=(2)
cfi=(2)
cfn=(4920)
calls=2 0 
0 146

fn=(7612)
0 91
cob=(2)
cfi=(2)
cfn=(4920)
calls=2 0 
0 146

fn=(7646)
0 11
cfn=(7648) core::ptr::drop_glue::<pbrs_grpc::server::accept::accept_loop_with_slots<pbrs_grpc::server::router::Router, core::future::pending::Pending<()>>::{closure#0}>
calls=1 0 
0 6500
0 7

fn=(7672)
0 52
cfn=(7674) <alloc::sync::Arc<tokio::runtime::scheduler::multi_thread::worker::Worker>>::drop_slow
calls=4 0 
0 340
0 64
cob=(2)
cfi=(2)
cfn=(4920)
calls=4 0 
0 342

fn=(7860) <std::thread::lifecycle::JoinInner<()>>::join
0 36
cob=(2)
cfi=(2)
cfn=(7862) pthread_join
calls=4 0 
0 625
0 84
cfn=(7918)
calls=4 0 
0 864
0 20
cfn=(7920)
calls=4 0 
0 476
0 32

fn=(7944)
0 4
cfn=(7946) core::ptr::drop_glue::<tokio::runtime::driver::Driver>
calls=1 0 
0 248
0 7
cob=(2)
cfi=(2)
cfn=(4920)
calls=1 0 
0 65

fn=(7952)
0 23
cob=(2)
cfi=(2)
cfn=(4920)
calls=1 0 
0 65

fn=(7976)
0 27
cob=(2)
cfi=(2)
cfn=(4920)
calls=1 0 
0 117

fn=(7998) std::sys::thread_local::native::lazy::destroy::<tokio::runtime::park::ParkThread>
0 8
cfn=(8000)
calls=1 0 
0 123

fn=(8064)
0 9
cob=(2)
cfi=(2)
cfn=(8072)
calls=1 0 
0 71
0 1
0 1
cfn=(8084)
calls=1 0 
0 5
0 3

fn=(6524) <h2::proto::streams::store::Queue<h2::proto::streams::stream::NextSend>>::pop::<h2::proto::streams::store::Store>
0 89154

fn=(6792) pbrs_grpc::client::pool::finish_h2::<tokio::net::tcp::stream::TcpStream>::{closure#0}::{closure#2}
0 17133
cob=(2)
cfi=(2)
cfn=(4536)
calls=1 0 
0 160
0 56164
cfn=(6794)
calls=405 0 
0 85860
0 3747
cfn=(6480)
calls=422 0 
0 3117172
0 20180
cfn=(6480)
calls=405 0 
0 2997181
0 5211
cfn=(6794)
calls=396 0 
0 84102
0 20689
cfn=(6480)
calls=396 0 
0 2837785
0 3298
cfn=(6794)
calls=422 0 
0 89464
0 11851

fn=(4172)
0 37
cob=(2)
cfi=(2)
cfn=(4174) poll
calls=1 0 
0 28
0 37
cob=(2)
cfi=(2)
cfn=(4188) signal
calls=1 0 
0 124
0 4
cob=(2)
cfi=(2)
cfn=(4194) sysconf
calls=1 0 
0 52
0 8
cob=(2)
cfi=(2)
cfn=(4198) pthread_self
calls=1 0 
0 2
0 3
cob=(2)
cfi=(2)
cfn=(4200) pthread_getattr_np
calls=1 0 
0 98306
0 11
cob=(2)
cfi=(2)
cfn=(5010) pthread_attr_getstack
calls=1 0 
0 8
0 6
cob=(2)
cfi=(2)
cfn=(5012) pthread_attr_destroy
calls=1 0 
0 144
0 35
cob=(2)
cfi=(2)
cfn=(4190) sigaction
calls=1 0 
0 68
0 8
cfn=(5014) std::sys::pal::unix::stack_overflow::imp::make_handler
calls=1 0 
0 240
0 5
cfn=(5024)
calls=1 0 
0 482
0 8
cob=(2)
cfi=(2)
cfn=(4190)
calls=1 0 
0 68
0 4
cob=(2)
cfi=(2)
cfn=(4190)
calls=1 0 
0 68
0 12
cob=(2)
cfi=(2)
cfn=(4190)
calls=1 0 
0 68
0 7
cfn=(5036) std::rt::lang_start::<()>::{closure#0}
calls=1 0 
0 15950600
0 5
cob=(2)
cfi=(2)
cfn=(5034)
calls=1 0 
0 3
0 22
cfn=(6194)
calls=1 0 
0 155
0 1

fn=(4146) 0x0000000000259220
0 12

fn=(5064)
0 9
cob=(2)
cfi=(2)
cfn=(4210)
calls=1 0 
0 190
0 12
cfn=(5066)
calls=1 0 
0 270
0 29

fn=(5066)
0 59
cfn=(5086)
calls=1 0 
0 27
0 135
cfn=(5086)
calls=5 0 
0 135
0 485
cfn=(5068) std::sys::random::linux::hashmap_random_keys
calls=5 0 
0 759
0 15

fn=(5092)
0 112
cob=(2)
cfi=(2)
cfn=(4536)
calls=8 0 
0 90
0 542
cfn=(5094) std::sys::env::unix::getenv::{closure#0}
calls=8 0 
0 4918
0 120

fn=(5094)
0 136
cob=(2)
cfi=(2)
cfn=(5096) getenv
calls=8 0 
0 3582
0 28
cob=(2)
cfi=(2)
cfn=(4582)
calls=4 0 
0 52
0 20
cob=(2)
cfi=(2)
cfn=(4210)
calls=4 0 
0 884
0 40
cob=(2)
cfi=(2)
cfn=(4536)
calls=4 0 
0 40
0 136

fn=(5116) <std::sys::fs::unix::File>::open_c
0 78
cob=(2)
cfi=(2)
cfn=(5118) open
calls=2 0 
0 92
0 48

fn=(5144) <std::path::Path>::_starts_with
0 197
cfn=(5146) <std::path::Components as core::iter::traits::iterator::Iterator>::next
calls=9 0 
0 556
0 27
cfn=(5146)
calls=9 0 
0 611
0 206
cfn=(5148)
calls=7 0 
0 298
0 149

fn=(5472)
0 6
cfn=(5474)
calls=1 0 
0 261
0 10

fn=(5476)
0 16
cob=(2)
cfi=(2)
cfn=(4210)
calls=4 0 
0 723
0 60

fn=(5630)
0 108
cob=(2)
cfi=(2)
cfn=(4210)
calls=2 0 
0 242
0 40
cob=(2)
cfi=(2)
cfn=(4972)
calls=2 0 
0 20
0 53
cfn=(5628)
calls=3 0 
0 438
0 149
cob=(2)
cfi=(2)
cfn=(4920)
calls=1 0 
0 65
0 1

fn=(5672)
0 17
cfn=(5674)
calls=1 0 
0 33
0 13

fn=(5686) <core::net::socket_addr::SocketAddr>::parse_ascii
0 28
cfn=(5688)
calls=2 0 
0 290
0 179

fn=(5714)
0 99893

fn=(5736)
0 1050
cfn=(5738) <core::fmt::Formatter>::pad_integral::write_prefix
calls=30 0 
0 630
0 480
cfn=(5740)
calls=30 0 
0 3415

fn=(5746) <u16 as core::fmt::Display>::fmt
0 282
cfn=(5736)
calls=6 0 
0 678
0 18

fn=(5754) <core::str::pattern::StrSearcher>::new
0 440
cob=(2)
cfi=(2)
cfn=(5150)
calls=4 0 
0 36
0 244

fn=(5776) <hashbrown::raw::RawTable<(alloc::string::String, alloc::string::String)>>::reserve_rehash::<hashbrown::map::make_hasher<alloc::string::String, alloc::string::String, std::hash::random::RandomState>::{closure#0}>
0 68
cfn=(5778) <hashbrown::raw::RawTableInner>::fallible_with_capacity::<alloc::alloc::Global>
calls=2 0 
0 570
0 76
cfn=(5772)
calls=3 0 
0 583
0 142
cob=(2)
cfi=(2)
cfn=(4920)
calls=1 0 
0 65
0 20

fn=(5786) __rustc::__rust_alloc
0 22
cob=(2)
cfi=(2)
cfn=(4210)
calls=2 0 
0 402
0 16

fn=(6144) <std::thread::lifecycle::spawn_unchecked<<tokio::runtime::blocking::pool::Spawner>::spawn_thread::{closure#0}, ()>::{closure#1} as core::ops::function::FnOnce<()>>::call_once::{shim:vtable#0}
0 84
cfn=(6146)
calls=4 0 
0 1292
0 8
cfn=(6150) std::sys::backtrace::__rust_begin_short_backtrace::<<tokio::runtime::blocking::pool::Spawner>::spawn_thread::{closure#0}, ()>
calls=4 0 
0 47887002
0 72

fn=(6150)
0 72
cfn=(5674)
calls=4 0 
0 132
0 316
cfn=(6152)
calls=4 0 
0 47881347
0 32
cfn=(7680) tokio::runtime::task::raw::dealloc::<tokio::runtime::blocking::task::BlockingTask<<tokio::runtime::scheduler::multi_thread::worker::Launch>::launch::{closure#0}>, tokio::runtime::blocking::schedule::BlockingSchedule>
calls=4 0 
0 404
0 213
cfn=(7856) <alloc::sync::Arc<tokio::sync::oneshot::Sender<()>>>::drop_slow
calls=1 0 
0 250
0 8
cfn=(5668)
calls=4 0 
0 180
0 19
cob=(2)
cfi=(2)
cfn=(6378)
calls=1 0 
0 11
0 32
cfn=(7938)
calls=1 0 
0 2945
0 65
cfn=(5432)
calls=4 0 
0 960
0 16

fn=(6166) tokio::runtime::task::raw::poll::<devloop::rpc_prost_server_stream::{closure#0}::{closure#0}, alloc::sync::Arc<tokio::runtime::scheduler::multi_thread::handle::Handle>>
0 102
cfn=(6168)
calls=2 0 
0 76345
0 92

fn=(6194)
0 89
cfn=(7100) <std::sync::once::Once>::call_once_force::<<std::sync::once_lock::OnceLock<pbrs_grpc::metadata::Metadata>>::initialize<<std::sync::once_lock::OnceLock<pbrs_grpc::metadata::Metadata>>::get_or_init<<pbrs_grpc::metadata::Metadata>::new>::{closure#0}, !>::{closure#0}>::{closure#0}
calls=1 0 
0 17
cfn=(6196) <std::sync::once::Once>::call_once_force::<<std::sync::once_lock::OnceLock<alloc::sync::Arc<pbrs_grpc::channelz::model::Registry>>>::initialize<<std::sync::once_lock::OnceLock<alloc::sync::Arc<pbrs_grpc::channelz::model::Registry>>>::get_or_init<<pbrs_grpc::channelz::model::Registry>::global::{closure#0}>::{closure#0}, !>::{closure#0}>::{closure#0}
calls=1 0 
0 281
0 6
cfn=(7980) <std::sync::once::Once>::call_once::<std::rt::cleanup::{closure#0}>::{closure#0}
calls=1 0 
0 108
0 50

fn=(6195) <std::sys::sync::once::futex::Once>::call'2
0 37
cfn=(7984)
calls=1 0 
0 14
0 12

fn=(6196)
0 27
cob=(2)
cfi=(2)
cfn=(4210)
calls=1 0 
0 210
0 10
cob=(2)
cfi=(2)
cfn=(4536)
calls=1 0 
0 29
0 5

fn=(6284)
0 21126
cfn=(5716)
calls=3018 0 
0 238870
0 2044
cfn=(5716)
calls=292 0 
0 61735

fn=(6334) <tokio::sync::notify::NotifiedProject>::poll_notified
0 99554
cfn=(6430)
calls=401 0 
0 2005
cfn=(6244)
calls=295 0 
0 2065
0 265588

fn=(6448) <pbrs_grpc::config::ChannelConfig>::h2_builder
0 65

fn=(6476) pbrs_grpc::keepalive::spawn
0 29

fn=(6492)
0 188752
cfn=(6244)
calls=1 0 
0 7
cfn=(6430)
calls=1 0 
0 5
0 1
cfn=(6244)
calls=1 0 
0 7
0 17
cfn=(6542)
calls=1 0 
0 7
0 48406

fn=(6502)
0 227037
cfn=(6844) <h2::frame::headers::HeaderBlock>::load
calls=1203 0 
0 3015471
0 65012
cob=(2)
cfi=(2)
cfn=(4536)
calls=1203 0 
0 34887
0 16842
cfn=(6878)
calls=1203 0 
0 10827
0 41704
cob=(2)
cfi=(2)
cfn=(4536)
calls=802 0 
0 23258
0 9672
cob=(2)
cfi=(2)
cfn=(4536)
calls=1209 0 
0 35061
0 133323

fn=(6586) pbrs_grpc::wire::encode::encode_msg::<pbrs_grpc::codec::prost::Message<devloop::echo::EchoRequest>>
0 21253
cfn=(6588) <bytes::bytes_mut::BytesMut>::reserve_inner
calls=401 0 
0 139873
0 8421
cfn=(6590) <pbrs_grpc::codec::prost::Message<devloop::echo::EchoRequest> as pbrs_grpc::codec::CodecMessage>::encode_to_vec
calls=401 0 
0 134480
0 6015
cob=(2)
cfi=(2)
cfn=(4536)
calls=401 0 
0 49654
0 3609
cob=(2)
cfi=(2)
cfn=(4920)
calls=401 0 
0 26065
0 6015
cfn=(6594) <pbrs_grpc::wire::encode::SegSink>::finish
calls=401 0 
0 30476
0 6416

fn=(6592) prost::encoding::varint::encode_varint::<alloc::vec::Vec<u8>>
0 76591

fn=(6614)
0 52130

fn=(6684)
0 15238
cfn=(6686) <h2::proto::streams::send::Send>::check_headers
calls=802 0 
0 854130
0 42105
cfn=(6698)
calls=401 0 
0 1604
0 802
cfn=(6698)
calls=401 0 
0 1604
0 17243
cob=(2)
cfi=(2)
cfn=(4536)
calls=401 0 
0 25664
0 2807
cfn=(6702) <h2::proto::streams::prioritize::Prioritize>::queue_frame::<bytes::bytes::Bytes>
calls=401 0 
0 219582
0 2406
cfn=(6700) <h2::proto::streams::prioritize::Prioritize>::queue_open
calls=401 0 
0 19649
0 2406
cob=(2)
cfi=(2)
cfn=(4536)
calls=401 0 
0 25664
0 2807
cfn=(6702)
calls=401 0 
0 99302
0 2773
cfn=(6282)
calls=366 0 
0 51602
cfn=(6434)
calls=1 0 
0 23
0 367

fn=(6710) <h2::proto::streams::streams::OpaqueStreamRef>::new
0 25664

fn=(6758)
0 91425
cob=(2)
cfi=(2)
cfn=(4536)
calls=2406 0 
0 69774
0 38628
cob=(2)
cfi=(2)
cfn=(4536)
calls=882 0 
0 25578
0 4572
cob=(2)
cfi=(2)
cfn=(4536)
calls=1524 0 
0 44196
0 40632

fn=(6764) core::ptr::drop_glue::<h2::server::Handshake<tokio::net::tcp::stream::TcpStream>>
0 6
cfn=(6382)
calls=1 0 
0 17
0 7

fn=(6776)
0 28

fn=(6778)
0 3
cob=(2)
cfi=(2)
cfn=(4210)
calls=1 0 
0 41
0 13

fn=(6810) <h2::hpack::table::Table>::index_vacant
0 144
cfn=(6812) <h2::hpack::header::Header>::len
calls=8 0 
0 184
0 32
cfn=(6814) <h2::hpack::table::Table>::converge
calls=8 0 
0 208
0 185
cfn=(6816) <alloc::collections::vec_deque::VecDeque<h2::hpack::table::Slot>>::grow
calls=3 0 
0 1105
0 422

fn=(6820) h2::hpack::encoder::encode_str
0 6200
cfn=(6588)
calls=1 0 
0 505
0 257702
cfn=(6588)
calls=6 0 
0 1927
0 14054

fn=(6918)
0 12832
cfn=(6698)
calls=401 0 
0 1604
0 4411
cfn=(6698)
calls=401 0 
0 1604
0 5614

fn=(6922)
0 8822
cob=(2)
cfi=(2)
cfn=(4536)
calls=802 0 
0 23258
0 4812
cfn=(6902)
calls=802 0 
0 41704
0 12862

fn=(6926) <h2::proto::streams::recv::Recv>::take_request
0 9223
cfn=(6758)
calls=401 0 
0 44511
0 3609
cob=(2)
cfi=(2)
cfn=(4536)
calls=401 0 
0 11629
0 2005

fn=(7026)
0 5614
cfn=(6580)
calls=401 0 
0 6817
0 10025
cfn=(6670)
calls=401 0 
0 2807
0 24862
cob=(2)
cfi=(2)
cfn=(4536)
calls=401 0 
0 11629
0 3208
cob=(2)
cfi=(2)
cfn=(4536)
calls=401 0 
0 11629
0 5614

fn=(7030) core::ptr::drop_glue::<[core::result::Result<pbrs_grpc::stream::Framed<pbrs_grpc::codec::prost::Message<devloop::echo::EchoReply>>, pbrs_grpc::status::Status>]>
0 20451

fn=(7036)
0 150918

fn=(7048) <tokio::sync::mpsc::list::Tx<core::result::Result<pbrs_grpc::stream::Framed<pbrs_grpc::codec::prost::Message<pbrs_adoption_corpus::prost_types::EntityList>>, pbrs_grpc::status::Status>>>::find_block
0 44110

fn=(7056) core::ptr::drop_glue::<<devloop::ProstNativeEchod as pbrs_grpc::server::dispatch::Service>::call::{closure#0}::{closure#1}::{closure#0}::{closure#0}>
0 5213

fn=(7066)
0 5614
cfn=(6244)
calls=401 0 
0 2807
0 2013
cfn=(5474)
calls=4 0 
0 798
0 6416

fn=(7074) core::ptr::drop_glue::<[pbrs_grpc::limits::BytePermit]>
0 80200

fn=(7112)
0 14070

fn=(7134) core::ptr::drop_glue::<<pbrs_grpc::server::rpc::Rpc>::server_streaming<pbrs_grpc::codec::prost::Message<devloop::echo::EchoRequest>, pbrs_grpc::codec::prost::Message<devloop::echo::EchoReply>, <devloop::ProstNativeEchod as pbrs_grpc::server::dispatch::Service>::call::{closure#0}::{closure#1}, <devloop::ProstNativeEchod as pbrs_grpc::server::dispatch::Service>::call::{closure#0}::{closure#1}::{closure#0}>::{closure#0}>
0 6015

fn=(7164) core::ptr::drop_glue::<pbrs_grpc::client::streaming::run_server_stream_frame<pbrs_grpc::codec::prost::Message<pbrs_adoption_corpus::prost_types::EntityList>>::{closure#0}>
0 7619

fn=(7172) <pbrs_grpc::telemetry::CallGuard>::finish
0 7619
cfn=(6552)
calls=401 0 
0 19248
0 7619

fn=(7208)
0 4812
cfn=(6698)
calls=802 0 
0 6416
0 3208
cfn=(6386)
calls=401 0 
0 102949
0 8020

fn=(7216)
0 28872
cfn=(7218)
calls=1604 0 
0 745848
0 33684

fn=(7496) <u64 as itoa::Unsigned>::fmt
0 451

fn=(7504)
0 33
cfn=(5728)
calls=1 0 
0 447
0 21

fn=(7510)
0 16
cfn=(7512)
calls=1 0 
0 2270
0 8
cob=(2)
cfi=(2)
cfn=(4920)
calls=1 0 
0 65
0 15
cfn=(7130)
calls=1 0 
0 71
0 5
cob=(2)
cfi=(2)
cfn=(4920)
calls=1 0 
0 65
0 5
cfn=(6668)
calls=1 0 
0 9
0 2
cfn=(7522) core::ptr::drop_glue::<pbrs_grpc::client::pool::Endpoint>
calls=1 0 
0 89
0 2
cfn=(7524) core::ptr::drop_glue::<core::option::Option<pbrs_grpc::resolver::registry::ResolverHandle>>
calls=1 0 
0 13
0 8
cfn=(7526) <pbrs_grpc::channelz::model::ChannelHandle as core::ops::drop::Drop>::drop
calls=1 0 
0 1004
0 9

fn=(7524)
0 13

fn=(7526)
0 68
cfn=(7528) <alloc::collections::btree::node::Handle<alloc::collections::btree::node::NodeRef<alloc::collections::btree::node::marker::Mut, u64, alloc::sync::Arc<pbrs_grpc::channelz::model::ChannelEntry>, alloc::collections::btree::node::marker::Leaf>, alloc::collections::btree::node::marker::KV>>::remove_leaf_kv::<<alloc::collections::btree::map::entry::OccupiedEntry<u64, alloc::sync::Arc<pbrs_grpc::channelz::model::ChannelEntry>>>::remove_kv::{closure#0}, alloc::alloc::Global>
calls=1 0 
0 102
0 89
cfn=(7530)
calls=1 0 
0 729
0 16

fn=(7550)
0 40
cfn=(6528)
calls=1 0 
0 55
0 9
cfn=(6528)
calls=3 0 
0 181
0 18

fn=(7582) <h2::proto::streams::streams::Actions>::clear_queues
0 42
cfn=(7584)
calls=2 0 
0 12
0 20
cfn=(6840)
calls=2 0 
0 12
0 46
cfn=(6788)
calls=2 0 
0 12
0 34
cfn=(6520)
calls=2 0 
0 12
0 22

fn=(7594) core::ptr::drop_glue::<h2::codec::framed_write::Encoder<h2::proto::streams::prioritize::Prioritized<bytes::bytes::Bytes>>>
0 10
cfn=(7596) core::ptr::drop_glue::<h2::hpack::encoder::Encoder>
calls=2 0 
0 968
0 24
cob=(2)
cfi=(2)
cfn=(4920)
calls=2 0 
0 343
0 18

fn=(7662)
0 68
cfn=(7664) <alloc::collections::btree::node::Handle<alloc::collections::btree::node::NodeRef<alloc::collections::btree::node::marker::Mut, u64, alloc::sync::Arc<pbrs_grpc::channelz::model::ServerEntry>, alloc::collections::btree::node::marker::Leaf>, alloc::collections::btree::node::marker::KV>>::remove_leaf_kv::<<alloc::collections::btree::map::entry::OccupiedEntry<u64, alloc::sync::Arc<pbrs_grpc::channelz::model::ServerEntry>>>::remove_kv::{closure#0}, alloc::alloc::Global>
calls=1 0 
0 102
0 89
cfn=(7666)
calls=1 0 
0 1035
0 16

fn=(7856)
0 25
cfn=(7858) tokio::runtime::park::wake_by_ref
calls=1 0 
0 52
0 4
cfn=(7936) <alloc::sync::Arc<tokio::sync::oneshot::Inner<()>>>::drop_slow
calls=1 0 
0 93
0 11
cob=(2)
cfi=(2)
cfn=(4920)
calls=1 0 
0 65

fn=(7858)
0 1
cfn=(6436) <tokio::runtime::park::Inner>::unpark
calls=1 0 
0 51

fn=(7936)
0 10
cfn=(6542)
calls=1 0 
0 7
0 11
cob=(2)
cfi=(2)
cfn=(4920)
calls=1 0 
0 65

fn=(7948) core::ptr::drop_glue::<tokio::runtime::config::Config>
0 20

fn=(7982) <std::sync::once_lock::OnceLock<std::sync::reentrant_lock::ReentrantLock<core::cell::RefCell<alloc::io::buffered::linewriter::LineWriter<std::io::stdio::StdoutRaw>>>>>::initialize::<<std::sync::once_lock::OnceLock<std::sync::reentrant_lock::ReentrantLock<core::cell::RefCell<alloc::io::buffered::linewriter::LineWriter<std::io::stdio::StdoutRaw>>>>>::get_or_init<std::io::stdio::cleanup::{closure#0}>::{closure#0}, !>
0 20
cfn=(6195)
calls=1 0 
0 63
0 3

fn=(5038) std::sys::backtrace::__rust_begin_short_backtrace::<fn(), ()>
0 2
cfn=(5040)
calls=1 0 
0 15950590
0 2

fn=(5058)
0 47625

fn=(5086)
0 43855

fn=(5122)
0 111
cob=(2)
cfi=(2)
cfn=(5124) statx
calls=3 0 
0 30
0 229

fn=(5128)
0 83
cfn=(5162) alloc::io::read::default_read_to_end::small_probe_read::<&std::fs::File>
calls=1 0 
0 92
0 41
cfn=(5162)
calls=1 0 
0 75
0 60
cob=(2)
cfi=(2)
cfn=(5130) read
calls=2 0 
0 56
0 64

fn=(5140)
0 566

fn=(5146)
0 1167

fn=(5222)
0 693

fn=(5668)
0 495

fn=(5674)
0 198

fn=(5690)
0 50

fn=(5716)
0 119380
cfn=(5718) <tokio::runtime::scheduler::multi_thread::handle::Handle>::push_remote_task
calls=1096 0 
0 49678
0 4384
cfn=(5720) <tokio::runtime::scheduler::multi_thread::idle::Idle>::worker_to_notify
calls=1096 0 
0 39791
0 8448
cfn=(6528)
calls=516 0 
0 37398
0 113599
cfn=(5720)
calls=603 0 
0 28250
0 5157
cfn=(6528)
calls=439 0 
0 26737
0 7244

fn=(5728)
0 968
cfn=(7506)
calls=2 0 
0 218
cfn=(5740)
calls=13 0 
0 2251
cfn=(5740)
calls=6 0 
0 252
0 564
cfn=(6198)
calls=1 0 
0 136
cfn=(6554)
calls=1 0 
0 52
cfn=(6216)
calls=3 0 
0 529
cfn=(6198)
calls=14 0 
0 5053
cfn=(5830) <&alloc::string::String as core::fmt::Display>::fmt
calls=1 0 
0 203
cfn=(5746)
calls=6 0 
0 978
cfn=(5730) <&core::net::ip_addr::Ipv4Addr as core::fmt::Display>::fmt
calls=6 0 
0 7801
0 360

fn=(5729)
0 546
cfn=(5740)
calls=18 0 
0 756
0 432
cfn=(5734)
calls=24 0 
0 5689
0 180

fn=(5780)
0 9624
cfn=(5774)
calls=401 0 
0 22456
0 2005
cfn=(5774)
calls=401 0 
0 13634
0 27717
cfn=(5774)
calls=2 0 
0 122
0 10
cfn=(5774)
calls=2 0 
0 66
0 138

fn=(5788)
0 64
cob=(2)
cfi=(2)
cfn=(4210)
calls=4 0 
0 324
0 534

fn=(5830)
0 6
cfn=(5832)
calls=1 0 
0 197

fn=(6164)
0 52180
cfn=(5720)
calls=993 0 
0 57594
0 10923
cfn=(6528)
calls=993 0 
0 67737
0 81750
cfn=(7196)
calls=691 0 
0 840110
cfn=(6932) tokio::runtime::task::raw::poll::<pbrs_grpc::server::connection::serve_io_in<pbrs_grpc::rt::TokioRuntime, pbrs_grpc::server::router::Router, tokio_rustls::server::TlsStream<tokio::net::tcp::stream::TcpStream>>::{closure#0}::{closure#10}, alloc::sync::Arc<tokio::runtime::scheduler::multi_thread::handle::Handle>>
calls=401 0 
0 5767497
cfn=(7038)
calls=401 0 
0 1325786
cfn=(6790) tokio::runtime::task::raw::poll::<pbrs_grpc::client::pool::finish_h2<tokio::net::tcp::stream::TcpStream>::{closure#0}::{closure#2}, alloc::sync::Arc<tokio::runtime::scheduler::multi_thread::handle::Handle>>
calls=1197 0 
0 9312320
cfn=(6320) tokio::runtime::task::raw::poll::<pbrs_grpc::server::accept::accept_loop_with_slots<pbrs_grpc::server::router::Router, core::future::pending::Pending<()>>::{closure#0}::{closure#2}, alloc::sync::Arc<tokio::runtime::scheduler::multi_thread::handle::Handle>>
calls=578 0 
0 8503164
cfn=(6166)
calls=2 0 
0 76539
0 90575
cfn=(6790)
calls=26 0 
0 160070
cfn=(6932)
calls=791 0 
0 12879783
cfn=(6320)
calls=628 0 
0 3738655
0 82815

fn=(6172)
0 6
cob=(2)
cfi=(2)
cfn=(4536)
calls=1 0 
0 76
0 2
cob=(2)
cfi=(2)
cfn=(4210)
calls=1 0 
0 213
0 13
cfn=(6174)
calls=1 0 
0 464
0 8
cob=(2)
cfi=(2)
cfn=(4536)
calls=1 0 
0 76
0 3

fn=(6190)
0 31
cob=(2)
cfi=(2)
cfn=(4210)
calls=1 0 
0 213
0 20
cob=(2)
cfi=(2)
cfn=(4536)
calls=1 0 
0 12
0 19

fn=(6210)
0 140
cfn=(5726)
calls=5 0 
0 8088
0 65

fn=(6220)
0 15
cfn=(5424)
calls=1 0 
0 254
0 9

fn=(6244)
0 44366

fn=(6268)
0 107800
cfn=(7068)
calls=344 0 
0 199546
0 51166
cfn=(6270) <tokio::runtime::driver::Driver>::park
calls=1714 0 
0 1008772
0 75932
cob=(2)
cfi=(2)
cfn=(6378)
calls=1492 0 
0 16412
0 75549
cfn=(6282)
calls=401 0 
0 40332
0 86294
cfn=(5720)
calls=4 0 
0 68
0 33362

fn=(6270)
0 15426
cfn=(6272)
calls=1714 0 
0 993346

fn=(6292) <mio::net::tcp::listener::TcpListener>::accept
0 18
cob=(2)
cfi=(2)
cfn=(6294) accept4
calls=2 0 
0 122
0 15
cob=(2)
cfi=(2)
cfn=(5034)
calls=1 0 
0 3
0 38

fn=(6336)
0 72
cob=(2)
cfi=(2)
cfn=(4536)
calls=1 0 
0 160
0 2
cfn=(5192)
calls=1 0 
0 26
0 13
cfn=(5468)
calls=1 0 
0 29
0 18
cob=(2)
cfi=(2)
cfn=(4536)
calls=1 0 
0 160
0 19
cob=(2)
cfi=(2)
cfn=(4536)
calls=1 0 
0 172
0 5
cob=(2)
cfi=(2)
cfn=(4536)
calls=1 0 
0 172
0 68
cfn=(6338) <h2::codec::Codec<tokio::net::tcp::stream::TcpStream, h2::proto::streams::prioritize::Prioritized<bytes::bytes::Bytes>>>::with_max_recv_frame_size
calls=1 0 
0 926
0 57
cfn=(6340)
calls=1 0 
0 388
0 6
cob=(2)
cfi=(2)
cfn=(4536)
calls=1 0 
0 124
0 11
cob=(2)
cfi=(2)
cfn=(4536)
calls=1 0 
0 124
0 10
cob=(2)
cfi=(2)
cfn=(4536)
calls=1 0 
0 124
0 10
cob=(2)
cfi=(2)
cfn=(4536)
calls=1 0 
0 124
0 11
cob=(2)
cfi=(2)
cfn=(4536)
calls=1 0 
0 29
0 5
cob=(2)
cfi=(2)
cfn=(4536)
calls=1 0 
0 136
0 4
cob=(2)
cfi=(2)
cfn=(4536)
calls=1 0 
0 148
0 131
cfn=(6346)
calls=2 0 
0 871
0 24
cob=(2)
cfi=(2)
cfn=(4536)
calls=1 0 
0 112
0 22
cob=(2)
cfi=(2)
cfn=(4536)
calls=1 0 
0 124
0 12
cob=(2)
cfi=(2)
cfn=(4536)
calls=1 0 
0 124
0 10
cob=(2)
cfi=(2)
cfn=(4536)
calls=1 0 
0 124
0 3
cfn=(6382)
calls=1 0 
0 25
0 4
cob=(2)
cfi=(2)
cfn=(4536)
calls=1 0 
0 124
0 25
cob=(2)
cfi=(2)
cfn=(4536)
calls=1 0 
0 112
0 53
cob=(2)
cfi=(2)
cfn=(4536)
calls=1 0 
0 112
0 45
cfn=(6384)
calls=2 0 
0 350
0 25
cob=(2)
cfi=(2)
cfn=(5150)
calls=1 0 
0 18
0 46
cob=(2)
cfi=(2)
cfn=(4536)
calls=1 0 
0 112
0 16
cfn=(6382)
calls=1 0 
0 26
0 6
cob=(2)
cfi=(2)
cfn=(4536)
calls=1 0 
0 124
0 49
cfn=(6762)
calls=1 0 
0 842
0 12
cfn=(6462)
calls=1 0 
0 37
0 4
cfn=(6466) <tracing::span::Span>::follows_from::<tracing::span::Span>
calls=1 0 
0 22
0 4
cob=(2)
cfi=(2)
cfn=(4536)
calls=1 0 
0 124
0 38
cob=(2)
cfi=(2)
cfn=(4536)
calls=1 0 
0 148
0 9
cfn=(6470) <h2::proto::streams::streams::Streams<bytes::bytes::Bytes, h2::client::Peer>>::set_target_connection_window_size
calls=1 0 
0 82
0 17
cob=(2)
cfi=(2)
cfn=(4536)
calls=1 0 
0 148
0 15
cob=(2)
cfi=(2)
cfn=(4536)
calls=1 0 
0 148
0 2
cfn=(6764)
calls=1 0 
0 30
0 14
cfn=(6352)
calls=2 0 
0 601
0 9
cob=(2)
cfi=(2)
cfn=(4536)
calls=1 0 
0 148
0 25
cob=(2)
cfi=(2)
cfn=(4536)
calls=1 0 
0 160
0 3
cob=(2)
cfi=(2)
cfn=(4920)
calls=1 0 
0 73
0 13
cfn=(6766)
calls=1 0 
0 174
0 8
cob=(2)
cfi=(2)
cfn=(4536)
calls=1 0 
0 160
0 19
cob=(2)
cfi=(2)
cfn=(4536)
calls=1 0 
0 160
0 31

fn=(6386)
0 22199
cfn=(7210) tokio::runtime::task::raw::dealloc::<pbrs_grpc::server::connection::serve_io_in<pbrs_grpc::rt::TokioRuntime, pbrs_grpc::server::router::Router, tokio_rustls::server::TlsStream<tokio::net::tcp::stream::TcpStream>>::{closure#0}::{closure#10}, alloc::sync::Arc<tokio::runtime::scheduler::multi_thread::handle::Handle>>
calls=401 0 
0 100142

fn=(6458)
0 48
cfn=(6460)
calls=2 0 
0 38
0 82
cfn=(6460)
calls=2 0 
0 38
0 30
cob=(2)
cfi=(2)
cfn=(4536)
calls=2 0 
0 58
0 74
cob=(2)
cfi=(2)
cfn=(4536)
calls=2 0 
0 128
0 68
cob=(2)
cfi=(2)
cfn=(4210)
calls=2 0 
0 395
0 20
cob=(2)
cfi=(2)
cfn=(4536)
calls=2 0 
0 176
0 18

fn=(6506)
0 106
cfn=(6508) <h2::proto::streams::send::Send>::apply_remote_settings::<bytes::bytes::Bytes>
calls=2 0 
0 97
0 54

fn=(6510)
0 22

fn=(6532)
0 15

fn=(6550) <pbrs_grpc::channelz::model::Registry>::set_channel_state
0 8
cfn=(6552)
calls=1 0 
0 48
0 31
cfn=(5828)
calls=1 0 
0 467
0 7
cfn=(6200)
calls=1 0 
0 148
0 18

fn=(6552)
0 38640

fn=(6560)
0 12195
cob=(2)
cfi=(2)
cfn=(4210)
calls=813 0 
0 35053
0 24364

fn=(6568)
0 6015
cfn=(6570)
calls=401 0 
0 113082
0 2005
cob=(2)
cfi=(2)
cfn=(4536)
calls=401 0 
0 35288
0 2005
cfn=(6574)
calls=401 0 
0 37293
0 1604
cob=(2)
cfi=(2)
cfn=(4210)
calls=401 0 
0 100643
0 8008
cob=(2)
cfi=(2)
cfn=(4972)
calls=400 0 
0 14000
0 10
cob=(2)
cfi=(2)
cfn=(4972)
calls=1 0 
0 35
0 12832
cfn=(6576)
calls=401 0 
0 17243
0 7619
cob=(2)
cfi=(2)
cfn=(4536)
calls=401 0 
0 35288
0 1203
cfn=(6578) <pbrs_grpc::request::Request<pbrs_grpc::codec::prost::Message<devloop::echo::EchoRequest>>>::into_parts
calls=401 0 
0 32882
0 14837
cob=(2)
cfi=(2)
cfn=(4536)
calls=401 0 
0 30476
0 13233
cob=(2)
cfi=(2)
cfn=(4210)
calls=401 0 
0 168563
0 5207
cob=(2)
cfi=(2)
cfn=(4536)
calls=400 0 
0 4328032
0 4
cob=(2)
cfi=(2)
cfn=(4536)
calls=1 0 
0 10847
0 5213

fn=(6572)
0 11228

fn=(6578)
0 22456
cfn=(6580)
calls=401 0 
0 6817
0 3609

fn=(6596) core::ptr::drop_glue::<alloc::vec::Vec<bytes::bytes::Bytes>>
0 28872

fn=(6616)
0 27268
cfn=(6618)
calls=802 0 
0 16842
0 44912

fn=(6624) <pbrs_grpc::limits::ByteBudgetTracker>::try_acquire
0 86285

fn=(6636)
0 68020

fn=(6638)
0 44912

fn=(6646) core::ptr::drop_glue::<[http::header::map::Bucket<http::header::value::HeaderValue>]>
0 54536
cfn=(6668)
calls=1601 0 
0 14409
cfn=(6826)
calls=3 0 
0 36
0 22055
cfn=(6668)
calls=4404 0 
0 39636
cfn=(6826)
calls=7 0 
0 84
0 91428

fn=(6652)
0 75789

fn=(6662) <h2::client::Peer>::convert_send_message
0 11228
cfn=(6580)
calls=401 0 
0 6817
0 25664
cob=(2)
cfi=(2)
cfn=(4210)
calls=401 0 
0 16849
0 4806
cob=(2)
cfi=(2)
cfn=(4536)
calls=400 0 
0 4000
0 4
cob=(2)
cfi=(2)
cfn=(4536)
calls=1 0 
0 10
0 2005
cfn=(6664)
calls=401 0 
0 401
0 22456
cfn=(6666)
calls=401 0 
0 15639
0 2406
cob=(2)
cfi=(2)
cfn=(4210)
calls=401 0 
0 68477
0 4807
cob=(2)
cfi=(2)
cfn=(4536)
calls=400 0 
0 4800
0 3
cob=(2)
cfi=(2)
cfn=(4536)
calls=1 0 
0 12
0 7218
cfn=(6668)
calls=401 0 
0 3609
0 1604
cob=(2)
cfi=(2)
cfn=(4536)
calls=401 0 
0 11629
0 37293
cfn=(6670)
calls=1203 0 
0 8421
0 14436
cob=(2)
cfi=(2)
cfn=(4536)
calls=401 0 
0 11629
0 2807
cob=(2)
cfi=(2)
cfn=(4536)
calls=401 0 
0 11629
0 6015

fn=(6672) <h2::proto::streams::store::Store>::insert
0 6015
cfn=(6674)
calls=401 0 
0 35140
0 2005
cfn=(6678)
calls=401 0 
0 47719
0 24060
cfn=(6682)
calls=401 0 
0 10707
0 4818
cfn=(6680)
calls=1 0 
0 155
0 1

fn=(6686)
0 6015
cfn=(6688) <http::header::map::HeaderMap>::contains_key::<http::header::name::HeaderName>
calls=1203 0 
0 123909
0 6015
cfn=(6688)
calls=1203 0 
0 132731
0 6015
cfn=(6688)
calls=1203 0 
0 123909
0 7218
cfn=(6690)
calls=1203 0 
0 356890
0 7218
cfn=(6690)
calls=1203 0 
0 377742
0 9624
cfn=(6696)
calls=1203 0 
0 133132
0 7218

fn=(6692)
0 192480
cfn=(6694) <http::header::name::StandardHeader>::from_bytes
calls=2406 0 
0 38496
0 137142

fn=(6702)
0 57744
cob=(2)
cfi=(2)
cfn=(4536)
calls=1604 0 
0 102656
0 11228
cfn=(6704)
calls=1604 0 
0 140067
0 17243
cfn=(6708)
calls=1203 0 
0 205289
0 2406
cfn=(6708)
calls=401 0 
0 34887
0 17644

fn=(6706)
0 30
cfn=(5424)
calls=2 0 
0 467
0 18

fn=(6712) core::ptr::drop_glue::<std::sync::poison::mutex::MutexGuard<tokio::util::idle_notified_set::ListsInner<tokio::runtime::task::join::JoinHandle<core::result::Result<(pbrs_grpc::resolver::snapshot::ResolvedAddress, pbrs_grpc::client::pool::Dialed), pbrs_grpc::status::Status>>>>>
0 5614

fn=(6744) core::ptr::drop_glue::<pbrs_grpc::client::call::send_request_frame_in<pbrs_grpc::rt::TokioRuntime>::{closure#0}>
0 6817

fn=(6750) <tokio::task::coop::RestoreOnPending as core::ops::drop::Drop>::drop
0 12848

fn=(6814)
0 208

fn=(6816)
0 18
cfn=(6818) <alloc::raw_vec::RawVec<h2::hpack::table::Slot>>::grow_one
calls=3 0 
0 1057
0 30

fn=(6828) core::ptr::drop_glue::<http::header::map::IntoIter<http::header::value::HeaderValue>>
0 38496
cfn=(6646)
calls=1203 0 
0 15639
0 4812
cob=(2)
cfi=(2)
cfn=(4920)
calls=1203 0 
0 89051
0 12030
cfn=(6648) core::ptr::drop_glue::<alloc::vec::Vec<http::header::map::ExtraValue<http::header::value::HeaderValue>>>
calls=1203 0 
0 21654

fn=(6836) <bytes::bytes_mut::BytesMut as bytes::buf::buf_mut::BufMut>::put::<bytes::buf::take::Take<&mut h2::proto::streams::prioritize::Prioritized<bytes::bytes::Bytes>>>
0 32882
cob=(2)
cfi=(2)
cfn=(4536)
calls=802 0 
0 23250
0 28872

fn=(6848) h2::hpack::decoder::take
0 67368
cfn=(6500) <bytes::bytes_mut::BytesMut>::split_to
calls=4812 0 
0 211728
0 168420

fn=(6854)
0 1604

fn=(6874)
0 70175
cob=(2)
cfi=(2)
cfn=(4210)
calls=1203 0 
0 50491
0 21648
cob=(2)
cfi=(2)
cfn=(4210)
calls=1203 0 
0 182121
0 14418
cfn=(6646)
calls=1200 0 
0 15600
0 12
cfn=(6646)
calls=3 0 
0 39
0 12030
cfn=(6654)
calls=1203 0 
0 51328
0 8020
cfn=(6654)
calls=1604 0 
0 109874
0 272680

fn=(6876)
0 329
cfn=(6694)
calls=4 0 
0 46
0 173
cob=(2)
cfi=(2)
cfn=(4210)
calls=3 0 
0 639
0 30
cob=(2)
cfi=(2)
cfn=(4536)
calls=3 0 
0 32
0 63

fn=(6886)
0 68170

fn=(6928)
0 6432

fn=(6942) <hashbrown::raw::RawTable<(core::any::TypeId, alloc::boxed::Box<dyn http::extensions::AnyClone + core::marker::Send + core::marker::Sync>)>>::reserve_rehash::<hashbrown::map::make_hasher<core::any::TypeId, alloc::boxed::Box<dyn http::extensions::AnyClone + core::marker::Send + core::marker::Sync>, core::hash::BuildHasherDefault<http::extensions::IdHasher>>::{closure#0}>
0 21253
cob=(2)
cfi=(2)
cfn=(4210)
calls=401 0 
0 16610
0 8806
cob=(2)
cfi=(2)
cfn=(4972)
calls=400 0 
0 4000
0 14
cob=(2)
cfi=(2)
cfn=(4972)
calls=1 0 
0 10
0 8822

fn=(6950)
0 14727
cob=(2)
cfi=(2)
cfn=(4536)
calls=401 0 
0 49724
0 802
cfn=(6952) <pbrs_grpc::server::rpc::Rpc>::method
calls=401 0 
0 73031
0 6015
cob=(2)
cfi=(2)
cfn=(4536)
calls=401 0 
0 49724
0 2005
cfn=(6954) <pbrs_grpc::server::rpc::Rpc>::server_streaming::<pbrs_grpc::codec::prost::Message<devloop::echo::EchoRequest>, pbrs_grpc::codec::prost::Message<devloop::echo::EchoReply>, <devloop::ProstNativeEchod as pbrs_grpc::server::dispatch::Service>::call::{closure#0}::{closure#1}, <devloop::ProstNativeEchod as pbrs_grpc::server::dispatch::Service>::call::{closure#0}::{closure#1}::{closure#0}>::{closure#0}
calls=401 0 
0 6560822
0 2373
cfn=(6954)
calls=791 0 
0 5454578
0 5559
cfn=(7134)
calls=401 0 
0 6015
0 8756

fn=(6960) pbrs_grpc::wire::headers::accepts_codec
0 8020
cfn=(6696)
calls=802 0 
0 188470
0 18446

fn=(6984)
0 29674
cfn=(6986) <h2::proto::streams::recv::Recv>::release_connection_capacity
calls=802 0 
0 24862
0 45714

fn=(6998)
0 46115

fn=(7012) core::ptr::drop_glue::<<pbrs_grpc::server::rpc::Rpc>::run_unary_request<pbrs_grpc::codec::prost::Message<devloop::echo::EchoRequest>, pbrs_grpc::request::Response<pbrs_grpc::codec::prost::Message<devloop::echo::EchoReply>>, <devloop::ProstNativeEchod as pbrs_grpc::server::dispatch::Service>::call::{closure#0}::{closure#0}, <devloop::ProstNativeEchod as pbrs_grpc::server::dispatch::Service>::call::{closure#0}::{closure#0}::{closure#0}>::{closure#0}::{closure#2}>
0 8421

fn=(7018) core::ptr::drop_glue::<<pbrs_grpc::server::rpc::Rpc>::run_unary_request<pbrs_grpc::codec::prost::Message<devloop::echo::EchoRequest>, pbrs_grpc::request::Response<pbrs_grpc::codec::prost::Message<devloop::echo::EchoReply>>, <devloop::ProstNativeEchod as pbrs_grpc::server::dispatch::Service>::call::{closure#0}::{closure#0}, <devloop::ProstNativeEchod as pbrs_grpc::server::dispatch::Service>::call::{closure#0}::{closure#0}::{closure#0}>::{closure#0}>
0 5213

fn=(7022) pbrs_grpc::wire::send::send_ok_headers
0 10827
cfn=(6640)
calls=401 0 
0 13634
0 3208
cfn=(6642)
calls=401 0 
0 68842
0 6416
cfn=(6644)
calls=401 0 
0 19649
0 6817
cfn=(6650)
calls=401 0 
0 66967
0 8020
cfn=(6650)
calls=401 0 
0 102656
0 4010
cfn=(6656)
calls=401 0 
0 8020
0 7619
cfn=(7024)
calls=401 0 
0 925743
0 6416

fn=(7054)
0 30476
cfn=(7056)
calls=401 0 
0 5213
0 6015
cob=(2)
cfi=(2)
cfn=(4536)
calls=1203 0 
0 91190
0 14436

fn=(7092) core::ptr::drop_glue::<pbrs_grpc::wire::out_batch::OutBatch>
0 5213
cfn=(6596)
calls=401 0 
0 7218
0 2807

fn=(7094) core::ptr::drop_glue::<pbrs_grpc::server::drain::drain_to_wire<pbrs_grpc::codec::prost::Message<devloop::echo::EchoReply>>::{closure#0}>
0 7619

fn=(7098)
0 17
cfn=(6194)
calls=1 0 
0 66
0 2

fn=(7104) h2::frame::headers::calculate_headermap_size
0 21654

fn=(7148)
0 24964

fn=(7168) core::ptr::drop_glue::<<pbrs_grpc::client::channel::Channel>::note_call_outcome::{closure#0}>
0 5213

fn=(7322) <tokio::sync::notify::NotifyWaitersList as core::ops::drop::Drop>::drop
0 3809

fn=(7324)
0 2406
cfn=(7014)
calls=401 0 
0 173633
0 3208
cfn=(6664)
calls=401 0 
0 401
0 4812
cfn=(6644)
calls=401 0 
0 145659
0 4010

fn=(7518)
0 12
cfn=(7520) core::ptr::drop_glue::<pbrs_grpc::channelz::model::SocketEntry>
calls=3 0 
0 407
0 21
cob=(2)
cfi=(2)
cfn=(4920)
calls=3 0 
0 211

fn=(7564)
0 32

fn=(7568)
0 84
cfn=(7570) <core::io::error::Error>::new::<&str>
calls=2 0 
0 380
0 6
cfn=(7572) <h2::proto::error::Error as core::convert::From<core::io::error::Error>>::from
calls=2 0 
0 970
0 66
cfn=(7582)
calls=2 0 
0 212
0 66

fn=(7578)
0 26
cfn=(7580)
calls=2 0 
0 154
0 18
cob=(2)
cfi=(2)
cfn=(4920)
calls=2 0 
0 138

fn=(7632)
0 10
cfn=(7568)
calls=1 0 
0 896
0 2
cfn=(7586)
calls=1 0 
0 3249
0 2
cfn=(7602)
calls=1 0 
0 189
0 6

fn=(7638)
0 19
cfn=(7640) tokio::runtime::task::harness::cancel_task::<devloop::rpc_prost_unary::{closure#0}::{closure#0}, alloc::sync::Arc<tokio::runtime::scheduler::current_thread::Handle>>
calls=1 0 
0 7160
0 5
cfn=(7668) <tokio::runtime::task::harness::Harness<devloop::rpc_prost_unary::{closure#0}::{closure#0}, alloc::sync::Arc<tokio::runtime::scheduler::multi_thread::handle::Handle>>>::complete
calls=1 0 
0 610

fn=(7650) core::ptr::drop_glue::<tokio::sync::mpsc::bounded::Receiver<()>>
0 14
cfn=(7112)
calls=1 0 
0 35
0 20
cfn=(7008)
calls=1 0 
0 33
0 26
cfn=(7652)
calls=1 0 
0 28
0 7
cfn=(7652)
calls=1 0 
0 28
0 12

fn=(7676)
0 492

fn=(7680)
0 20
cfn=(7682)
calls=4 0 
0 104
0 20
cob=(2)
cfi=(2)
cfn=(4920)
calls=4 0 
0 260

fn=(7844)
0 21
cfn=(6280)
calls=3 0 
0 201
0 45
cob=(2)
cfi=(2)
cfn=(4920)
calls=3 0 
0 203

fn=(7972)
0 16
cfn=(7974) core::ptr::drop_glue::<alloc::collections::vec_deque::Dropper<tokio::runtime::blocking::pool::Task>>
calls=1 0 
0 9
0 11
cob=(2)
cfi=(2)
cfn=(4920)
calls=1 0 
0 65

fn=(6516)
0 228110
cfn=(7144) <h2::proto::streams::prioritize::Prioritize>::reclaim_frame_inner::<bytes::bytes::Bytes>
calls=802 0 
0 155065
0 70928

fn=(5036)
0 3
cfn=(5038)
calls=1 0 
0 15950594
0 3

fn=(5090)
0 70
cfn=(5092)
calls=7 0 
0 4964
0 45
cfn=(5058)
calls=4 0 
0 264
0 89

fn=(5138)
0 138
cfn=(5140)
calls=3 0 
0 333
0 75

fn=(5192)
0 133740
cob=(2)
cfi=(2)
cfn=(5194) clock_gettime
calls=22290 0 
0 222900
0 222900

fn=(5496)
0 44
cob=(2)
cfi=(2)
cfn=(4202) pthread_attr_init
calls=4 0 
0 72
0 44
cob=(2)
cfi=(2)
cfn=(5558) __pthread_get_minstack
calls=4 0 
0 48
0 24
cob=(2)
cfi=(2)
cfn=(5560) pthread_attr_setstacksize
calls=4 0 
0 24
0 32
cob=(2)
cfi=(2)
cfn=(5562) pthread_create
calls=4 0 
0 4945
0 24
cob=(2)
cfi=(2)
cfn=(5012)
calls=4 0 
0 20
0 51
cob=(2)
cfi=(2)
cfn=(5498) dlsym
calls=1 0 
0 1069
0 4

fn=(5684)
0 28
cfn=(5686)
calls=2 0 
0 497
0 32

fn=(5720)
0 125703

fn=(5766)
0 25
cfn=(5768) <pbrs_grpc::proxy::ProxyConfig>::from_env
calls=1 0 
0 11485
0 21
cfn=(5824)
calls=1 0 
0 1239
0 6
cfn=(5834) core::ptr::drop_glue::<pbrs_grpc::proxy::ProxyConfig>
calls=1 0 
0 349
0 14

fn=(5768)
0 86
cfn=(5090)
calls=4 0 
0 2740
0 52
cob=(2)
cfi=(2)
cfn=(4210)
calls=4 0 
0 804
0 40
cob=(2)
cfi=(2)
cfn=(4536)
calls=4 0 
0 48
0 32
cfn=(5772)
calls=4 0 
0 768
0 266
cfn=(5776)
calls=2 0 
0 1524
0 15
cfn=(5780)
calls=1 0 
0 199
0 42
cfn=(5782)
calls=1 0 
0 51
0 8
cfn=(5782)
calls=1 0 
0 51
0 63
cfn=(5784)
calls=1 0 
0 117
0 15
cfn=(5784)
calls=1 0 
0 65
0 43
cfn=(5786)
calls=1 0 
0 217
0 7
cob=(2)
cfi=(2)
cfn=(4536)
calls=1 0 
0 14
0 73
cfn=(5780)
calls=1 0 
0 185
0 268
cfn=(5782)
calls=1 0 
0 51
0 6
cfn=(5782)
calls=2 0 
0 102
0 114
cfn=(5788)
calls=3 0 
0 712
0 189
cfn=(5790)
calls=3 0 
0 364
0 21
cfn=(5688)
calls=3 0 
0 198
0 18
cfn=(5792)
calls=2 0 
0 399
0 13
cfn=(5786)
calls=1 0 
0 223
0 7
cob=(2)
cfi=(2)
cfn=(4536)
calls=1 0 
0 12
0 6
cfn=(5796)
calls=1 0 
0 109
0 84
cob=(2)
cfi=(2)
cfn=(4920)
calls=3 0 
0 195
0 42
cfn=(5798) core::ptr::drop_glue::<std::collections::hash::map::HashMap<alloc::string::String, alloc::string::String>>
calls=1 0 
0 813
0 14

fn=(5772)
0 24
cfn=(5774)
calls=1 0 
0 56
0 5
cfn=(5774)
calls=1 0 
0 34
0 237
cfn=(5774)
calls=7 0 
0 433
0 35
cfn=(5774)
calls=7 0 
0 232
0 483

fn=(5794)
0 63
cfn=(5688)
calls=3 0 
0 82
0 128

fn=(6170)
0 19
cob=(2)
cfi=(2)
cfn=(4210)
calls=1 0 
0 213
0 59

fn=(6200)
0 153
cfn=(6202)
calls=9 0 
0 189
0 18
cfn=(5192)
calls=9 0 
0 234
0 348
cfn=(6204) <alloc::collections::vec_deque::VecDeque<pbrs_grpc::channelz::trace::TraceEvent>>::grow
calls=3 0 
0 1582
0 402

fn=(6204)
0 18
cfn=(6206)
calls=3 0 
0 1534
0 30

fn=(6238)
0 134
cfn=(6292)
calls=2 0 
0 196
0 21
cfn=(6318)
calls=1 0 
0 8
0 39
cfn=(6240)
calls=1 0 
0 208
0 16
cfn=(6240)
calls=2 0 
0 380
0 5
cfn=(6240)
calls=1 0 
0 189
0 65
cfn=(5702)
calls=1 0 
0 715
0 61

fn=(6246)
0 499032

fn=(6290)
0 132

fn=(6328)
0 63

fn=(6332)
0 74740
cfn=(6334)
calls=404 0 
0 53738
0 33936
cfn=(6334)
calls=2828 0 
0 263004
0 98188
cfn=(6334)
calls=292 0 
0 39420
0 3480
cfn=(6334)
calls=290 0 
0 13050
0 3194
cfn=(6772)
calls=290 0 
0 5220
0 6715
cfn=(6772)
calls=399 0 
0 7182
0 8905

fn=(6340)
0 72380
cfn=(6514) <h2::frame::window_update::WindowUpdate>::encode::<bytes::bytes_mut::BytesMut>
calls=2 0 
0 114
0 70
cfn=(6342) <h2::frame::settings::Settings>::encode
calls=4 0 
0 895
0 6027
cob=(2)
cfi=(2)
cfn=(4536)
calls=1203 0 
0 67368
0 18045
cfn=(6802)
calls=1203 0 
0 3285989
0 44128
cfn=(6836)
calls=802 0 
0 85004
0 51418

fn=(6350)
0 349753
cfn=(6244)
calls=1 0 
0 7
0 4
cfn=(6542)
calls=1 0 
0 7
0 2455
cfn=(6430)
calls=2 0 
0 10
cfn=(6244)
calls=1225 0 
0 8575
0 193131

fn=(6360) <tokio::runtime::time::handle::Handle>::reregister
0 165
cfn=(6362)
calls=1 0 
0 85
0 38

fn=(6456) <h2::proto::streams::streams::Streams<bytes::bytes::Bytes, h2::client::Peer>>::new
0 6
cfn=(6458)
calls=1 0 
0 582
0 13
cob=(2)
cfi=(2)
cfn=(4210)
calls=1 0 
0 245
0 19

fn=(6466)
0 44

fn=(6482)
0 144420

fn=(6490)
0 82280

fn=(6500)
0 166408
cob=(2)
cfi=(2)
cfn=(4210)
calls=5 0 
0 785
0 152078

fn=(6598) <pbrs_grpc::client::channel::Channel>::take_rpc_slot
0 2807

fn=(6610)
0 150375

fn=(6648)
0 115488

fn=(6658)
0 22055
cfn=(6618)
calls=401 0 
0 8421
0 9223
cfn=(6660)
calls=401 0 
0 38897
0 7218
cfn=(6662)
calls=401 0 
0 306674
0 13233
cob=(2)
cfi=(2)
cfn=(4536)
calls=401 0 
0 11629
0 12832
cob=(2)
cfi=(2)
cfn=(4536)
calls=401 0 
0 25664
0 2005
cfn=(6672)
calls=401 0 
0 130620
0 3609
cob=(2)
cfi=(2)
cfn=(4536)
calls=401 0 
0 25664
0 2807
cfn=(6684)
calls=401 0 
0 657723
0 22456
cfn=(6716)
calls=401 0 
0 26065
0 16040
cfn=(6710)
calls=401 0 
0 12832
0 5614
cfn=(6712)
calls=401 0 
0 5614
0 2807
cfn=(6714)
calls=401 0 
0 5614
0 3208

fn=(6664)
0 14441

fn=(6688)
0 54135
cfn=(6654)
calls=3609 0 
0 86616
0 239798

fn=(6700)
0 19649

fn=(6746)
0 28070
cfn=(6748)
calls=4010 0 
0 240600
0 30075
cfn=(5192)
calls=2005 0 
0 52130
0 16040
cfn=(6246)
calls=2005 0 
0 72180
0 10025
cfn=(5192)
calls=2005 0 
0 52130
0 16040
cfn=(6246)
calls=2005 0 
0 72180
0 90225

fn=(6748)
0 336840

fn=(6800) <h2::proto::streams::buffer::Deque>::pop_front::<h2::frame::Frame>
0 56140
cob=(2)
cfi=(2)
cfn=(4536)
calls=2005 0 
0 128320
0 28070
cob=(2)
cfi=(2)
cfn=(4536)
calls=802 0 
0 51328
0 3609
cob=(2)
cfi=(2)
cfn=(4536)
calls=1203 0 
0 76992
0 16040

fn=(6850)
0 32524
cob=(2)
cfi=(2)
cfn=(4920)
calls=1 0 
0 205
0 3
cob=(2)
cfi=(2)
cfn=(4920)
calls=1 0 
0 125
0 21676

fn=(6892)
0 89423

fn=(6898)
0 135538

fn=(6908) <h2::proto::streams::streams::Actions>::reset_on_recv_stream_err::<bytes::bytes::Bytes>
0 48120

fn=(6916)
0 61353

fn=(6920)
0 1604

fn=(6924)
0 11629
cfn=(6926)
calls=401 0 
0 70977
0 7218

fn=(6940)
0 34486
cfn=(6942)
calls=401 0 
0 59515
0 401

fn=(6948)
0 4010
cob=(2)
cfi=(2)
cfn=(4536)
calls=401 0 
0 49724
0 1203
cob=(2)
cfi=(2)
cfn=(4210)
calls=401 0 
0 109724
0 4805
cob=(2)
cfi=(2)
cfn=(4536)
calls=400 0 
0 4619920
0 5
cob=(2)
cfi=(2)
cfn=(4536)
calls=1 0 
0 11567
0 2005

fn=(6962)
0 10827
cfn=(6696)
calls=1203 0 
0 204109
0 14436

fn=(6972)
0 19248
cfn=(6974)
calls=802 0 
0 169222
0 8421
cfn=(6978)
calls=401 0 
0 13634
0 1203
cfn=(6980)
calls=401 0 
0 202104
0 8822
cfn=(6992)
calls=401 0 
0 9624
0 1203
cfn=(6992)
calls=401 0 
0 39298
0 15238
cfn=(6994) <pbrs_grpc::codec::prost::Message<devloop::echo::EchoRequest> as pbrs_grpc::codec::CodecMessage>::decode_payload
calls=401 0 
0 223289
0 33684
cfn=(7002) core::ptr::drop_glue::<pbrs_grpc::wire::frame_reader::FrameReader>
calls=401 0 
0 8421
0 1604

fn=(7004)
0 7218
cob=(2)
cfi=(2)
cfn=(4536)
calls=401 0 
0 35262
0 1203
cfn=(7006)
calls=401 0 
0 356681
0 2807
cob=(2)
cfi=(2)
cfn=(4210)
calls=401 0 
0 100822
0 14005
cob=(2)
cfi=(2)
cfn=(5224)
calls=400 0 
0 42063
0 28
cob=(2)
cfi=(2)
cfn=(5224)
calls=1 0 
0 505
0 5608
cob=(2)
cfi=(2)
cfn=(4536)
calls=400 0 
0 30324
0 4
cob=(2)
cfi=(2)
cfn=(4536)
calls=1 0 
0 76
0 16842
cob=(2)
cfi=(2)
cfn=(4536)
calls=401 0 
0 30476
0 4411
cob=(2)
cfi=(2)
cfn=(4536)
calls=401 0 
0 30476
0 8421
cob=(2)
cfi=(2)
cfn=(4536)
calls=401 0 
0 30476
0 4812
cob=(2)
cfi=(2)
cfn=(4536)
calls=401 0 
0 30476
0 4010
cob=(2)
cfi=(2)
cfn=(5224)
calls=401 0 
0 60479
0 6410
cob=(2)
cfi=(2)
cfn=(4536)
calls=400 0 
0 35196
0 4
cob=(2)
cfi=(2)
cfn=(4536)
calls=1 0 
0 88
0 1604
cfn=(5714)
calls=401 0 
0 33082
0 5213
cfn=(5716)
calls=401 0 
0 20852
0 24461

fn=(7028) pbrs_grpc::server::drain::drain_to_wire::<pbrs_grpc::codec::prost::Message<devloop::echo::EchoReply>>::{closure#0}
0 39100
cfn=(7064)
calls=401 0 
0 28475
0 12030
cob=(2)
cfi=(2)
cfn=(4210)
calls=401 0 
0 118008
0 5605
cob=(2)
cfi=(2)
cfn=(4210)
calls=400 0 
0 25957
0 7
cob=(2)
cfi=(2)
cfn=(4210)
calls=1 0 
0 197
0 17241
cfn=(7036)
calls=401 0 
0 11629
0 4812
cfn=(7030)
calls=802 0 
0 13634
0 73212
cfn=(7032) <h2::proto::streams::streams::StreamRef<bytes::bytes::Bytes>>::poll_reset
calls=1192 0 
0 134262
0 95234
cfn=(7036)
calls=2796 0 
0 92702
0 25845
cfn=(6366)
calls=390 0 
0 16770
0 4290
cfn=(7036)
calls=390 0 
0 11700
0 17781
cfn=(6614)
calls=401 0 
0 26065
0 21588
cfn=(7072) <pbrs_grpc::wire::out_batch::OutBatch>::flush::{closure#0}
calls=401 0 
0 10426
0 5213
cfn=(7074)
calls=401 0 
0 7218
0 1604
cfn=(7074)
calls=401 0 
0 7218
0 1604
cob=(2)
cfi=(2)
cfn=(4920)
calls=401 0 
0 50084
0 2005
cfn=(7030)
calls=401 0 
0 6817
0 1604
cob=(2)
cfi=(2)
cfn=(4920)
calls=401 0 
0 75526
0 1203
cfn=(7092)
calls=401 0 
0 15238
0 97443
cfn=(6624)
calls=1604 0 
0 69028
0 104260
cfn=(7072)
calls=401 0 
0 548744
0 5614
cfn=(7074)
calls=401 0 
0 65764
0 25263
cfn=(6588)
calls=1203 0 
0 615070
0 42105
cfn=(7070) <pbrs_grpc::codec::prost::Message<devloop::echo::EchoReply> as pbrs_grpc::codec::CodecMessage>::encode_to_vec
calls=1604 0 
0 447495
0 28872
cob=(2)
cfi=(2)
cfn=(4536)
calls=1604 0 
0 198674
0 17644
cob=(2)
cfi=(2)
cfn=(4920)
calls=1604 0 
0 117092
0 12832
cob=(2)
cfi=(2)
cfn=(4920)
calls=1604 0 
0 137257
0 25664
cfn=(6746)
calls=1604 0 
0 279096
0 23950

fn=(7032)
0 46488
cfn=(7034) <h2::proto::streams::send::Send>::poll_reset
calls=1192 0 
0 66318
0 21456

fn=(7040)
0 23659
cob=(2)
cfi=(2)
cfn=(4210)
calls=1604 0 
0 132732
0 19224
cob=(2)
cfi=(2)
cfn=(4536)
calls=1600 0 
0 198138
0 16
cob=(2)
cfi=(2)
cfn=(4536)
calls=4 0 
0 494
0 33684
cfn=(7042)
calls=1604 0 
0 547556
0 9624
cfn=(7052) core::ptr::drop_glue::<<pbrs_grpc::stream::StreamSender<pbrs_grpc::codec::prost::Message<devloop::echo::EchoReply>>>::send_framed::{closure#0}>
calls=1604 0 
0 24060
0 13233
cob=(2)
cfi=(2)
cfn=(4920)
calls=401 0 
0 29273
0 2807
cfn=(7048)
calls=401 0 
0 8822
0 12431

fn=(7072)
0 21654
cfn=(6594)
calls=401 0 
0 30476
0 8020
cfn=(6728)
calls=401 0 
0 482579
0 2406
cfn=(6742)
calls=401 0 
0 5213
0 8822

fn=(7102) <pbrs_grpc::transport::h2::SendStream as pbrs_grpc::transport::SendStream>::send_trailers
0 34085
cfn=(7104)
calls=401 0 
0 21654
0 10025
cfn=(6686)
calls=401 0 
0 443506
0 3609
cfn=(6738)
calls=401 0 
0 21253
0 18045
cfn=(6734) <h2::proto::streams::state::State>::send_close
calls=401 0 
0 10827
0 3609
cob=(2)
cfi=(2)
cfn=(4536)
calls=401 0 
0 25664
0 3208
cfn=(6702)
calls=401 0 
0 124711
0 2807
cfn=(6736) <h2::proto::streams::prioritize::Prioritize>::reserve_capacity
calls=401 0 
0 21654
0 4812

fn=(7108)
0 14837
cfn=(7128)
calls=401 0 
0 277207
0 1271
cfn=(7130)
calls=34 0 
0 2414
0 6416
cfn=(7122)
calls=401 0 
0 32481
0 2406
cfn=(7110)
calls=802 0 
0 630767
0 20050

fn=(7132) core::ptr::drop_glue::<<pbrs_grpc::server::rpc::Rpc>::server_streaming<pbrs_grpc::codec::prost::Message<devloop::echo::EchoRequest>, pbrs_grpc::codec::prost::Message<devloop::echo::EchoReply>, <devloop::ProstNativeEchod as pbrs_grpc::server::dispatch::Service>::call::{closure#0}::{closure#1}, <devloop::ProstNativeEchod as pbrs_grpc::server::dispatch::Service>::call::{closure#0}::{closure#1}::{closure#0}>::{closure#0}::{closure#0}>
0 5213

fn=(7138) <tokio::runtime::task::core::Core<pbrs_grpc::server::connection::serve_io_in<pbrs_grpc::rt::TokioRuntime, pbrs_grpc::server::router::Router, tokio_rustls::server::TlsStream<tokio::net::tcp::stream::TcpStream>>::{closure#0}::{closure#10}, alloc::sync::Arc<tokio::runtime::scheduler::current_thread::Handle>>>::set_stage
0 30476
cfn=(7140)
calls=401 0 
0 7619
0 6015
cob=(2)
cfi=(2)
cfn=(4536)
calls=1203 0 
0 351190
0 14436

fn=(7158) core::ptr::drop_glue::<pbrs_grpc::client::call::race_in<pbrs_grpc::rt::TokioRuntime, pbrs_grpc::request::Response<pbrs_grpc::stream::Streaming<pbrs_grpc::codec::prost::Message<pbrs_adoption_corpus::prost_types::EntityList>>>, pbrs_grpc::client::streaming::run_server_stream_inner<pbrs_grpc::codec::prost::Message<pbrs_adoption_corpus::prost_types::EntityList>>::{closure#0}::{closure#1}>::{closure#0}>
0 6416

fn=(7176)
0 3609

fn=(7190)
0 7619
cfn=(6644)
calls=401 0 
0 102829
0 2005
cfn=(6644)
calls=401 0 
0 19649
0 3609
cfn=(6580)
calls=401 0 
0 6817
0 2807

fn=(7210)
0 2005
cfn=(7212)
calls=401 0 
0 10426
0 2005
cob=(2)
cfi=(2)
cfn=(4920)
calls=401 0 
0 85706

fn=(7224)
0 75789

fn=(7364)
0 180
cfn=(7334)
calls=36 0 
0 936
0 180
cob=(2)
cfi=(2)
cfn=(4920)
calls=36 0 
0 2340

fn=(7492)
0 2450
cob=(2)
cfi=(2)
cfn=(4536)
calls=21 0 
0 256
0 364
cfn=(5742)
calls=1 0 
0 586
0 5

fn=(7494)
0 439
cfn=(7492)
calls=17 0 
0 2463
0 3
cfn=(7492)
calls=1 0 
0 734
0 216
cfn=(7496)
calls=18 0 
0 451
0 250
cob=(2)
cfi=(2)
cfn=(4536)
calls=18 0 
0 264
0 205
cfn=(5742)
calls=1 0 
0 394
0 3

fn=(7520)
0 18
cob=(2)
cfi=(2)
cfn=(4920)
calls=3 0 
0 315
0 74

fn=(7522)
0 24
cob=(2)
cfi=(2)
cfn=(4920)
calls=1 0 
0 65

fn=(7528)
0 25
cob=(2)
cfi=(2)
cfn=(4536)
calls=1 0 
0 12
0 10
cob=(2)
cfi=(2)
cfn=(4536)
calls=1 0 
0 12
0 43

fn=(7536) <alloc::sync::Arc<[alloc::sync::Arc<dyn pbrs_grpc::interceptor::ClientInterceptor>]>>::drop_slow
0 48
cob=(2)
cfi=(2)
cfn=(4920)
calls=2 0 
0 130

fn=(7598) core::ptr::drop_glue::<h2::hpack::decoder::Decoder>
0 67
cfn=(6808)
calls=2 0 
0 804
0 4
cfn=(6808)
calls=2 0 
0 860
0 22
cfn=(6808)
calls=1 0 
0 566
0 6
cfn=(6808)
calls=3 0 
0 954
0 24
cob=(2)
cfi=(2)
cfn=(4920)
calls=2 0 
0 146
0 24
cob=(2)
cfi=(2)
cfn=(4920)
calls=2 0 
0 404
0 18
cob=(2)
cfi=(2)
cfn=(4920)
calls=2 0 
0 240

fn=(7604)
0 18
cfn=(6386)
calls=2 0 
0 16
0 24
cob=(2)
cfi=(2)
cfn=(4920)
calls=2 0 
0 138

fn=(7618) core::ptr::drop_glue::<h2::proto::streams::streams::SendBuffer<bytes::bytes::Bytes>>
0 84
cob=(2)
cfi=(2)
cfn=(4920)
calls=2 0 
0 343

fn=(7640)
0 23
cfn=(7642)
calls=1 0 
0 6551
0 4
cob=(2)
cfi=(2)
cfn=(4536)
calls=1 0 
0 268
0 19
cfn=(7642)
calls=1 0 
0 12
0 4
cob=(2)
cfi=(2)
cfn=(4536)
calls=1 0 
0 268
0 11

fn=(7664)
0 25
cob=(2)
cfi=(2)
cfn=(4536)
calls=1 0 
0 12
0 10
cob=(2)
cfi=(2)
cfn=(4536)
calls=1 0 
0 12
0 43

fn=(7668)
0 33
cfn=(7642)
calls=1 0 
0 17
0 4
cob=(2)
cfi=(2)
cfn=(4536)
calls=1 0 
0 268
0 9
cfn=(7060)
calls=1 0 
0 56
0 13
cfn=(7670)
calls=1 0 
0 31
0 2
cob=(2)
cfi=(2)
cfn=(4920)
calls=1 0 
0 170
0 7

fn=(7686) <alloc::collections::btree::node::Handle<alloc::collections::btree::node::NodeRef<alloc::collections::btree::node::marker::Mut, usize, std::sys::pal::unix::stack_overflow::thread_info::ThreadInfo, alloc::collections::btree::node::marker::Leaf>, alloc::collections::btree::node::marker::KV>>::remove_leaf_kv::<<alloc::collections::btree::map::entry::OccupiedEntry<usize, std::sys::pal::unix::stack_overflow::thread_info::ThreadInfo>>::remove_kv::{closure#0}, alloc::alloc::Global>
0 100
cob=(2)
cfi=(2)
cfn=(4536)
calls=4 0 
0 48
0 64
cob=(2)
cfi=(2)
cfn=(4536)
calls=4 0 
0 46
0 180

fn=(7848)
0 36
cfn=(7850) core::ptr::drop_glue::<tokio::runtime::scheduler::multi_thread::queue::Local<alloc::sync::Arc<tokio::runtime::scheduler::multi_thread::handle::Handle>>>
calls=4 0 
0 92
0 28

fn=(7942) <alloc::sync::Arc<tokio::runtime::scheduler::multi_thread::queue::Inner<alloc::sync::Arc<tokio::runtime::scheduler::multi_thread::handle::Handle>>>>::drop_slow
0 16
cob=(2)
cfi=(2)
cfn=(4920)
calls=4 0 
0 712
0 28
cob=(2)
cfi=(2)
cfn=(4920)
calls=4 0 
0 312

fn=(6514)
0 114

fn=(6790)
0 63596
cfn=(6792)
calls=1223 0 
0 9349997
0 46514
cfn=(5716)
calls=20 0 
0 2359
0 9924

fn=(5114)
0 10
cob=(2)
cfi=(2)
cfn=(4210)
calls=1 0 
0 187
0 51
cfn=(5116)
calls=1 0 
0 109
0 6
cfn=(5120)
calls=1 0 
0 166
0 11
cfn=(5128)
calls=1 0 
0 221
0 4
cob=(2)
cfi=(2)
cfn=(5132)
calls=1 0 
0 30
0 117
cob=(2)
cfi=(2)
cfn=(4920)
calls=1 0 
0 65
0 15
cob=(2)
cfi=(2)
cfn=(5164) sched_getaffinity
calls=1 0 
0 40
0 158
cob=(2)
cfi=(2)
cfn=(4210)
calls=1 0 
0 187
0 10
cob=(2)
cfi=(2)
cfn=(4210)
calls=1 0 
0 190
0 37
cfn=(5134)
calls=1 0 
0 252
0 4
cfn=(5136)
calls=1 0 
0 425
0 13
cfn=(5144)
calls=1 0 
0 1143
0 7
cfn=(5144)
calls=1 0 
0 901
0 33
cob=(2)
cfi=(2)
cfn=(4536)
calls=1 0 
0 10
0 66
cfn=(5116)
calls=1 0 
0 109
0 10
cfn=(5160)
calls=1 0 
0 574
0 4
cob=(2)
cfi=(2)
cfn=(5132)
calls=1 0 
0 30
0 4
cfn=(5136)
calls=1 0 
0 359
0 2
cfn=(5136)
calls=1 0 
0 331
0 395
cob=(2)
cfi=(2)
cfn=(4920)
calls=1 0 
0 65
0 4
cob=(2)
cfi=(2)
cfn=(4920)
calls=1 0 
0 65
0 2

fn=(5482)
0 376
cfn=(5484) <alloc::ffi::c_str::CString>::_from_vec_unchecked
calls=4 0 
0 610
0 16

fn=(5484)
0 92
cfn=(5424)
calls=4 0 
0 494
0 24

fn=(5688)
0 712

fn=(5722)
0 63
cfn=(5724)
calls=1 0 
0 22216
0 3
cfn=(5724)
calls=1 0 
0 27358
0 18

fn=(5740)
0 566
cob=(2)
cfi=(2)
cfn=(4536)
calls=32 0 
0 397
0 393
cfn=(5742)
calls=21 0 
0 6172
0 95
cob=(2)
cfi=(2)
cfn=(4536)
calls=2 0 
0 22
0 28
cfn=(5742)
calls=2 0 
0 228
0 954
cob=(2)
cfi=(2)
cfn=(4536)
calls=54 0 
0 816
0 570
cfn=(5742)
calls=12 0 
0 2053
0 36

fn=(5790)
0 72
cfn=(5784)
calls=4 0 
0 336
0 116

fn=(5798)
0 87
cob=(2)
cfi=(2)
cfn=(4920)
calls=4 0 
0 310
0 16
cob=(2)
cfi=(2)
cfn=(4920)
calls=4 0 
0 312
0 23
cob=(2)
cfi=(2)
cfn=(4920)
calls=1 0 
0 65

fn=(5834)
0 10
cob=(2)
cfi=(2)
cfn=(4920)
calls=1 0 
0 117
0 30
cob=(2)
cfi=(2)
cfn=(4920)
calls=1 0 
0 117
0 10
cob=(2)
cfi=(2)
cfn=(4920)
calls=1 0 
0 65

fn=(6038) <std::sys::thread_local::key::racy::LazyKey>::lazy_init
0 8
cob=(2)
cfi=(2)
cfn=(6040) pthread_key_create
calls=1 0 
0 17
0 9
cob=(2)
cfi=(2)
cfn=(6040)
calls=1 0 
0 26
0 5
cob=(2)
cfi=(2)
cfn=(6042) pthread_key_delete
calls=1 0 
0 15
0 13

fn=(6178) <hashbrown::raw::RawTableInner>::new_uninitialized::<alloc::alloc::Global>
0 29
cob=(2)
cfi=(2)
cfn=(4210)
calls=1 0 
0 41
0 27

fn=(6218)
0 38688

fn=(6266)
0 57652

fn=(6276)
0 44630
cob=(2)
cfi=(2)
cfn=(6278) epoll_wait
calls=1711 0 
0 102660
0 1388
cob=(2)
cfi=(2)
cfn=(6278)
calls=347 0 
0 20820
0 84152
cfn=(6280)
calls=1521 0 
0 234362
0 24066

fn=(6288)
0 172172

fn=(6320)
0 72360
cfn=(6322)
calls=1206 0 
0 12088110
0 46192
cfn=(5716)
calls=182 0 
0 24235
0 10922

fn=(6324)
0 44
cob=(2)
cfi=(2)
cfn=(5696)
calls=2 0 
0 12
0 12
cfn=(5090)
calls=2 0 
0 1929
0 32

fn=(6342)
0 406
cfn=(6344)
calls=2 0 
0 78
0 8
cfn=(6344)
calls=1 0 
0 39
0 10
cfn=(6344)
calls=2 0 
0 78
0 12
cfn=(6344)
calls=2 0 
0 78
0 12
cfn=(6344)
calls=2 0 
0 78
0 12
cfn=(6344)
calls=2 0 
0 78
0 6

fn=(6356)
0 14
cfn=(6538)
calls=2 0 
0 256
0 44

fn=(6362)
0 5980
cob=(2)
cfi=(2)
cfn=(6364) write
calls=460 0 
0 27140
0 5980

fn=(6366)
0 7074
cfn=(6430)
calls=1 0 
0 5
cfn=(6244)
calls=392 0 
0 2744
0 3932
cfn=(6386)
calls=1 0 
0 8
0 3145

fn=(6478)
0 14105

fn=(6488)
0 164560

fn=(6548)
0 23
cob=(2)
cfi=(2)
cfn=(4210)
calls=1 0 
0 41
0 85
cfn=(6550)
calls=1 0 
0 727
0 29
cfn=(6208)
calls=1 0 
0 7151
0 11
cob=(2)
cfi=(2)
cfn=(4920)
calls=1 0 
0 65
0 13

fn=(6582)
0 16857
cfn=(5192)
calls=401 0 
0 10426
0 13241
cfn=(6584)
calls=401 0 
0 60150
0 16040
cfn=(6586)
calls=401 0 
0 432277
0 6416
cob=(2)
cfi=(2)
cfn=(4920)
calls=401 0 
0 26065
0 4812
cfn=(6572)
calls=401 0 
0 2807
0 2406
cfn=(6598)
calls=401 0 
0 2807
0 7619
cfn=(6576)
calls=401 0 
0 17243
0 1203
cfn=(6600)
calls=401 0 
0 6015
0 14035
cfn=(7174)
calls=401 0 
0 9624
0 2005
cfn=(7178)
calls=401 0 
0 22055
0 6015
cfn=(6644)
calls=401 0 
0 19649
0 64570
cfn=(6602)
calls=401 0 
0 373331
0 8421
cfn=(6622) core::ptr::drop_glue::<<pbrs_grpc::client::channel::Channel>::grab_in<pbrs_grpc::rt::TokioRuntime>::{closure#0}>
calls=401 0 
0 6817
0 22055
cfn=(6624)
calls=401 0 
0 17257
0 14436
cfn=(6626)
calls=401 0 
0 57341
0 8822
cfn=(6572)
calls=401 0 
0 2807
0 71378
cfn=(6628) pbrs_grpc::client::streaming::run_server_stream_inner::<pbrs_grpc::codec::prost::Message<devloop::echo::EchoReply>>::{closure#0}
calls=401 0 
0 3145240
0 2010
cfn=(6628)
calls=402 0 
0 1914396
0 3210
cob=(2)
cfi=(2)
cfn=(4536)
calls=401 0 
0 30476
0 802
cfn=(7162)
calls=401 0 
0 8421
0 3609
cob=(2)
cfi=(2)
cfn=(4536)
calls=401 0 
0 35288
0 4010
cob=(2)
cfi=(2)
cfn=(4536)
calls=401 0 
0 30476
0 1203
cfn=(7164)
calls=401 0 
0 7619
0 7223
cob=(2)
cfi=(2)
cfn=(4536)
calls=401 0 
0 25554
0 2807
cob=(2)
cfi=(2)
cfn=(4536)
calls=401 0 
0 11629
0 5213
cob=(2)
cfi=(2)
cfn=(4536)
calls=401 0 
0 25664
0 4010
cob=(2)
cfi=(2)
cfn=(4536)
calls=401 0 
0 11629
0 2807
cob=(2)
cfi=(2)
cfn=(4536)
calls=401 0 
0 25664
0 2807
cob=(2)
cfi=(2)
cfn=(4536)
calls=401 0 
0 11629
0 3208
cob=(2)
cfi=(2)
cfn=(4536)
calls=401 0 
0 25664
0 4010
cob=(2)
cfi=(2)
cfn=(4536)
calls=401 0 
0 11629
0 2406
cfn=(7166)
calls=401 0 
0 20451
0 1604
cfn=(7168)
calls=401 0 
0 5213
0 2005
cfn=(7170)
calls=401 0 
0 1604
0 2005
cfn=(7172)
calls=401 0 
0 34486
0 124310
cfn=(6826)
calls=401 0 
0 110899
0 802
cfn=(6596)
calls=401 0 
0 7218
0 5213
cfn=(6664)
calls=401 0 
0 401
0 1604

fn=(6628)
0 57761
cfn=(6630)
calls=401 0 
0 2257827
0 6015
cfn=(6724) core::ptr::drop_glue::<pbrs_grpc::client::call::open_in<pbrs_grpc::rt::TokioRuntime>::{closure#0}>
calls=401 0 
0 6817
0 34904
cfn=(6726)
calls=401 0 
0 350875
0 2807
cfn=(6744)
calls=401 0 
0 6817
0 24060
cfn=(6746)
calls=401 0 
0 66566
0 21253
cob=(2)
cfi=(2)
cfn=(4536)
calls=401 0 
0 22988
0 3609
cob=(2)
cfi=(2)
cfn=(4536)
calls=401 0 
0 20852
0 6416
cob=(2)
cfi=(2)
cfn=(4536)
calls=401 0 
0 23528
0 95095
cob=(2)
cfi=(2)
cfn=(4536)
calls=401 0 
0 30476
0 3208
cob=(2)
cfi=(2)
cfn=(4536)
calls=401 0 
0 30476
0 802
cfn=(7154)
calls=401 0 
0 8421
0 5213
cob=(2)
cfi=(2)
cfn=(4536)
calls=401 0 
0 35288
0 2005
cfn=(7156) pbrs_grpc::client::call::prefer_deadline_in::<pbrs_grpc::rt::TokioRuntime, pbrs_grpc::request::Response<pbrs_grpc::stream::Streaming<pbrs_grpc::codec::prost::Message<devloop::echo::EchoReply>>>>
calls=401 0 
0 42506
0 2807
cob=(2)
cfi=(2)
cfn=(4536)
calls=401 0 
0 30476
0 3609
cob=(2)
cfi=(2)
cfn=(4536)
calls=401 0 
0 30476
0 802
cfn=(7158)
calls=401 0 
0 6416
0 4010
cob=(2)
cfi=(2)
cfn=(4536)
calls=401 0 
0 30476
0 4411
cfn=(6966) <pbrs_grpc::channelz::model::Registry>::note_stream_started
calls=401 0 
0 68170
0 4812
cfn=(7160)
calls=401 0 
0 526034
0 44110
cfn=(6664)
calls=401 0 
0 401
0 12840
cfn=(6752)
calls=803 0 
0 768148
0 6018
cob=(2)
cfi=(2)
cfn=(4536)
calls=401 0 
0 30476
0 19248
cfn=(6332)
calls=401 0 
0 94235
0 1608
cfn=(6332)
calls=402 0 
0 53868
0 7227
cfn=(6750)
calls=803 0 
0 12848
0 4012
cob=(2)
cfi=(2)
cfn=(4536)
calls=401 0 
0 30476
0 2406
cfn=(7150)
calls=401 0 
0 55739
0 4812
cob=(2)
cfi=(2)
cfn=(4536)
calls=401 0 
0 30476
0 1604

fn=(6632)
0 13233
cfn=(6616)
calls=401 0 
0 44511
0 13634

fn=(6640)
0 27268

fn=(6644)
0 24862
cob=(2)
cfi=(2)
cfn=(4920)
calls=1604 0 
0 111988
0 14436
cfn=(6646)
calls=3609 0 
0 170054
0 10426
cob=(2)
cfi=(2)
cfn=(4920)
calls=1604 0 
0 168114
0 21654
cfn=(6648)
calls=3609 0 
0 64962
0 8020
cfn=(6646)
calls=802 0 
0 10426
0 6416
cfn=(6648)
calls=802 0 
0 14436
0 8020
cfn=(6646)
calls=802 0 
0 10426
0 6416
cfn=(6648)
calls=802 0 
0 14436

fn=(6654)
0 808416

fn=(6670)
0 67431

fn=(6680)
0 108
cob=(2)
cfi=(2)
cfn=(4210)
calls=2 0 
0 254
0 40
cob=(2)
cfi=(2)
cfn=(4972)
calls=2 0 
0 20
0 60

fn=(6694)
0 38542

fn=(6720)
0 16525
cfn=(7606)
calls=1 0 
0 740
0 1219
cfn=(7616) <alloc::sync::Arc<h2::proto::streams::streams::SendBuffer<bytes::bytes::Bytes>>>::drop_slow
calls=1 0 
0 303
0 3267

fn=(6724)
0 6817

fn=(6736)
0 43308

fn=(6768)
0 15
cfn=(6770)
calls=1 0 
0 139

fn=(6774)
0 10

fn=(6782)
0 50
cfn=(6784)
calls=2 0 
0 168
0 36

fn=(6818)
0 45
cfn=(5424)
calls=3 0 
0 985
0 27

fn=(6822) h2::hpack::encoder::encode_not_indexed
0 13634
cfn=(6820)
calls=401 0 
0 273912

fn=(6826)
0 13326
cob=(2)
cfi=(2)
cfn=(4920)
calls=402 0 
0 77280
0 9630
cob=(2)
cfi=(2)
cfn=(4920)
calls=1204 0 
0 92872
0 1644

fn=(6838)
0 51360
cfn=(6840)
calls=1605 0 
0 21660
0 15240
cfn=(6710)
calls=401 0 
0 12832
0 37315

fn=(6858)
0 24786
cfn=(6588)
calls=2 0 
0 432
0 346264
cfn=(6870)
calls=403 0 
0 16523
0 5267
cfn=(6500)
calls=413 0 
0 18529
0 13629

fn=(6888) <h2::proto::streams::recv::Recv>::recv_headers
0 50125
cfn=(6698)
calls=401 0 
0 1604
0 1203
cfn=(6698)
calls=401 0 
0 1604
0 39699
cfn=(6696)
calls=802 0 
0 65764
0 8822
cob=(2)
cfi=(2)
cfn=(4536)
calls=802 0 
0 23258
0 12832
cob=(2)
cfi=(2)
cfn=(4536)
calls=401 0 
0 11629
0 2005
cfn=(6890)
calls=401 0 
0 516087
0 26065
cfn=(6644)
calls=401 0 
0 19649
0 12030
cfn=(6824)
calls=401 0 
0 9223
0 44912
cob=(2)
cfi=(2)
cfn=(4536)
calls=802 0 
0 23258
0 6416
cfn=(6902)
calls=802 0 
0 42232
0 18847
cfn=(6434)
calls=401 0 
0 25263
0 3208
cfn=(6906)
calls=401 0 
0 19649
0 4812

fn=(6914)
0 14436
cfn=(6834)
calls=802 0 
0 22456
0 8822

fn=(6934) pbrs_grpc::server::connection::serve_io_in::<pbrs_grpc::rt::TokioRuntime, pbrs_grpc::server::router::Router, tokio_rustls::server::TlsStream<tokio::net::tcp::stream::TcpStream>>::{closure#0}::{closure#10}
0 21511
cob=(2)
cfi=(2)
cfn=(4536)
calls=401 0 
0 11629
0 3609
cob=(2)
cfi=(2)
cfn=(4536)
calls=401 0 
0 25632
0 11228
cfn=(6936)
calls=401 0 
0 423430
0 2406
cob=(2)
cfi=(2)
cfn=(4536)
calls=401 0 
0 49724
0 1604
cob=(2)
cfi=(2)
cfn=(4536)
calls=401 0 
0 49638
0 2406
cfn=(6944)
calls=401 0 
0 11862440
0 2373
cfn=(6944)
calls=791 0 
0 5591008
0 23494

fn=(6938)
0 6817
cob=(2)
cfi=(2)
cfn=(4210)
calls=401 0 
0 17283
0 4805
cob=(2)
cfi=(2)
cfn=(4536)
calls=400 0 
0 4400
0 5
cob=(2)
cfi=(2)
cfn=(4536)
calls=1 0 
0 11
0 4812
cob=(2)
cfi=(2)
cfn=(4210)
calls=401 0 
0 17192
0 69771
cfn=(6636)
calls=400 0 
0 4000
cfn=(6558)
calls=1 0 
0 16
0 19649
cfn=(6636)
calls=1200 0 
0 12000
cfn=(6558)
calls=3 0 
0 48
0 3208
cfn=(6636)
calls=400 0 
0 4000
cfn=(6558)
calls=1 0 
0 16
0 22857

fn=(6952)
0 12832
cfn=(5784)
calls=401 0 
0 52981
0 7218

fn=(6954)
0 24263
cob=(2)
cfi=(2)
cfn=(4536)
calls=401 0 
0 49724
0 11541
cob=(2)
cfi=(2)
cfn=(4536)
calls=401 0 
0 49724
0 5213
cob=(2)
cfi=(2)
cfn=(4536)
calls=401 0 
0 49724
0 1203
cfn=(6956)
calls=401 0 
0 68972
0 4812
cob=(2)
cfi=(2)
cfn=(4210)
calls=401 0 
0 16935
0 4806
cob=(2)
cfi=(2)
cfn=(4536)
calls=400 0 
0 4800
0 4
cob=(2)
cfi=(2)
cfn=(4536)
calls=1 0 
0 12
0 5213
cob=(2)
cfi=(2)
cfn=(4210)
calls=401 0 
0 16575
0 5206
cob=(2)
cfi=(2)
cfn=(4536)
calls=400 0 
0 5600
0 4
cob=(2)
cfi=(2)
cfn=(4536)
calls=1 0 
0 14
0 7218
cob=(2)
cfi=(2)
cfn=(4210)
calls=401 0 
0 25355
0 4806
cob=(2)
cfi=(2)
cfn=(4536)
calls=400 0 
0 4000
0 4
cob=(2)
cfi=(2)
cfn=(4536)
calls=1 0 
0 10
0 2807
cfn=(6696)
calls=401 0 
0 59749
0 5614
cfn=(6960)
calls=401 0 
0 107468
0 2005
cfn=(6960)
calls=401 0 
0 107468
0 1203
cfn=(6962)
calls=401 0 
0 79398
0 2807
cfn=(6962)
calls=401 0 
0 79398
0 7218
cfn=(5192)
calls=401 0 
0 10426
0 8421
cfn=(6964) <pbrs_grpc::channelz::model::Registry>::note_server_call_started
calls=401 0 
0 60150
0 2406
cfn=(6966)
calls=401 0 
0 70977
0 2005
cob=(2)
cfi=(2)
cfn=(4536)
calls=401 0 
0 11629
0 3609
cob=(2)
cfi=(2)
cfn=(4536)
calls=401 0 
0 25664
0 23659
cob=(2)
cfi=(2)
cfn=(4536)
calls=401 0 
0 11629
0 2406
cfn=(6968)
calls=401 0 
0 144450
0 802
cob=(2)
cfi=(2)
cfn=(4210)
calls=401 0 
0 17830
0 7607
cob=(2)
cfi=(2)
cfn=(4972)
calls=400 0 
0 14000
0 10
cob=(2)
cfi=(2)
cfn=(4972)
calls=1 0 
0 35
0 31679
cob=(2)
cfi=(2)
cfn=(4536)
calls=401 0 
0 11629
0 3208
cob=(2)
cfi=(2)
cfn=(4536)
calls=401 0 
0 11629
0 28070
cob=(2)
cfi=(2)
cfn=(4536)
calls=401 0 
0 102654
0 2406
cob=(2)
cfi=(2)
cfn=(4536)
calls=401 0 
0 99116
0 2005
cfn=(6970)
calls=401 0 
0 2186220
0 3609
cob=(2)
cfi=(2)
cfn=(4536)
calls=401 0 
0 30476
0 802
cfn=(7012)
calls=401 0 
0 8421
0 2807
cob=(2)
cfi=(2)
cfn=(4536)
calls=401 0 
0 30476
0 2005
cob=(2)
cfi=(2)
cfn=(4536)
calls=401 0 
0 30476
0 11629
cob=(2)
cfi=(2)
cfn=(4536)
calls=401 0 
0 30476
0 23258
cfn=(7014)
calls=401 0 
0 140751
0 10827
cob=(2)
cfi=(2)
cfn=(4536)
calls=401 0 
0 35288
0 6015
cob=(2)
cfi=(2)
cfn=(4536)
calls=401 0 
0 35288
0 2406
cfn=(7018)
calls=401 0 
0 5213
0 6817
cob=(2)
cfi=(2)
cfn=(4536)
calls=401 0 
0 35288
0 9223
cob=(2)
cfi=(2)
cfn=(4536)
calls=401 0 
0 30476
0 20852
cob=(2)
cfi=(2)
cfn=(4210)
calls=401 0 
0 117273
0 4806
cob=(2)
cfi=(2)
cfn=(4536)
calls=400 0 
0 129558
0 4
cob=(2)
cfi=(2)
cfn=(4536)
calls=1 0 
0 328
0 18347
cfn=(5784)
calls=401 0 
0 14436
0 10025
cob=(2)
cfi=(2)
cfn=(4536)
calls=401 0 
0 25664
0 3208
cob=(2)
cfi=(2)
cfn=(4536)
calls=401 0 
0 11629
0 8822
cob=(2)
cfi=(2)
cfn=(4536)
calls=401 0 
0 25664
0 3208
cob=(2)
cfi=(2)
cfn=(4536)
calls=401 0 
0 11629
0 15238
cfn=(7020)
calls=401 0 
0 38496
0 12832
cob=(2)
cfi=(2)
cfn=(4536)
calls=401 0 
0 35288
0 5614
cob=(2)
cfi=(2)
cfn=(4536)
calls=401 0 
0 35288
0 3609
cob=(2)
cfi=(2)
cfn=(4536)
calls=401 0 
0 35100
0 74586
cob=(2)
cfi=(2)
cfn=(4920)
calls=401 0 
0 28265
0 802
cfn=(6580)
calls=401 0 
0 6817
0 28070
cfn=(7022)
calls=401 0 
0 1258844
0 29674
cfn=(7028)
calls=401 0 
0 355676
0 3164
cfn=(7028)
calls=791 0 
0 3488095
0 7152
cfn=(7094)
calls=401 0 
0 7619
0 5614
cfn=(7096)
calls=401 0 
0 168355
0 7218
cfn=(7102)
calls=401 0 
0 749469
0 5614
cfn=(6644)
calls=401 0 
0 19649
0 2406
cfn=(7106)
calls=401 0 
0 95839
0 1203
cfn=(6644)
calls=401 0 
0 19649
0 2406
cfn=(7108)
calls=401 0 
0 279796
0 802
cfn=(7106)
calls=401 0 
0 136741
0 8366
cfn=(7120) core::ptr::drop_glue::<pbrs_grpc::server::drain::send_stream_response<pbrs_grpc::codec::prost::Message<devloop::echo::EchoReply>>::{closure#0}>
calls=401 0 
0 6015
0 6817
cfn=(6218)
calls=401 0 
0 19248
0 6817
cfn=(7122)
calls=401 0 
0 35689
0 10827
cfn=(7124)
calls=401 0 
0 237666
0 2807
cfn=(7132)
calls=401 0 
0 5213
0 802
cob=(2)
cfi=(2)
cfn=(4920)
calls=401 0 
0 78359
0 17100

fn=(6964)
0 1604
cfn=(6218)
calls=401 0 
0 19248
0 2807
cfn=(5192)
calls=401 0 
0 10426
0 3208
cfn=(6246)
calls=401 0 
0 14436
0 8421

fn=(6980)
0 8020
cfn=(6716)
calls=802 0 
0 52130
0 3208
cfn=(6982)
calls=802 0 
0 145964
0 4812
cfn=(6988)
calls=802 0 
0 199368
0 7218

fn=(7002)
0 3609
cfn=(6664)
calls=401 0 
0 401
0 4411

fn=(7016)
0 51328
cfn=(6758)
calls=802 0 
0 15238
0 20852

fn=(7044)
0 91428
cfn=(6610)
calls=1604 0 
0 120300
0 8020
cfn=(6612)
calls=1604 0 
0 14436
0 16040
cfn=(7046) core::ptr::drop_glue::<<tokio::sync::mpsc::bounded::Sender<core::result::Result<pbrs_grpc::stream::Framed<pbrs_grpc::codec::prost::Message<pbrs_adoption_corpus::prost_types::EntityList>>, pbrs_grpc::status::Status>>>::reserve_inner::{closure#0}>
calls=1604 0 
0 14436
0 27268
cfn=(7048)
calls=1604 0 
0 35288
0 42094
cfn=(6282)
calls=390 0 
0 35490
0 27268

fn=(7100)
0 17

fn=(7106)
0 4010
cfn=(6988)
calls=802 0 
0 220550
0 10025
cfn=(6988)
calls=401 0 
0 208036
0 1205
cfn=(7606)
calls=1 0 
0 776
0 1209
cfn=(7616)
calls=1 0 
0 292
0 1600

fn=(7116)
0 2406
cfn=(7118) core::ptr::drop_glue::<tokio::sync::mpsc::chan::Chan<core::result::Result<pbrs_grpc::stream::Framed<pbrs_grpc::codec::prost::Message<devloop::echo::EchoReply>>, pbrs_grpc::status::Status>, tokio::sync::mpsc::bounded::Semaphore>>
calls=401 0 
0 101839
0 3609
cob=(2)
cfi=(2)
cfn=(4920)
calls=401 0 
0 58459

fn=(7118)
0 6015
cfn=(7036)
calls=401 0 
0 11629
0 2807
cob=(2)
cfi=(2)
cfn=(4920)
calls=401 0 
0 76175
0 5213

fn=(7156)
0 7218
cob=(2)
cfi=(2)
cfn=(4536)
calls=401 0 
0 35288

fn=(7178)
0 2816
cfn=(7508)
calls=1 0 
0 3736
0 1208
cfn=(7536)
calls=1 0 
0 89
0 1208
cfn=(7536)
calls=1 0 
0 89
0 2414
cfn=(7130)
calls=1 0 
0 71
0 2010
cfn=(6664)
calls=402 0 
0 402
0 2010
cfn=(6826)
calls=1 0 
0 199
cfn=(6668)
calls=401 0 
0 3609
0 2414
cfn=(7538) <alloc::sync::Arc<pbrs_grpc::service_config::SharedCell>>::drop_slow
calls=1 0 
0 131
0 1208
cfn=(7130)
calls=1 0 
0 71
0 2814

fn=(7506)
0 84
cob=(2)
cfi=(2)
cfn=(6364)
calls=3 0 
0 177
0 66

fn=(7516)
0 75
cob=(2)
cfi=(2)
cfn=(4536)
calls=3 0 
0 36
0 30
cob=(2)
cfi=(2)
cfn=(4536)
calls=3 0 
0 36
0 129

fn=(7552)
0 42
cob=(2)
cfi=(2)
cfn=(6378)
calls=1 0 
0 11
0 79
cfn=(7554)
calls=2 0 
0 122
0 26
cfn=(6432)
calls=1 0 
0 101
0 134
cfn=(7860)
calls=4 0 
0 2137
0 19
cob=(2)
cfi=(2)
cfn=(4920)
calls=1 0 
0 65
0 8

fn=(7570)
0 26
cob=(2)
cfi=(2)
cfn=(4210)
calls=2 0 
0 82
0 20
cob=(2)
cfi=(2)
cfn=(4536)
calls=2 0 
0 22
0 4
cob=(2)
cfi=(2)
cfn=(4210)
calls=2 0 
0 82
0 22
cob=(2)
cfi=(2)
cfn=(4210)
calls=2 0 
0 82
0 40

fn=(7586)
0 10
cfn=(7588) core::ptr::drop_glue::<tokio::net::tcp::stream::TcpStream>
calls=2 0 
0 448
0 4
cfn=(7594)
calls=2 0 
0 1363
0 24
cob=(2)
cfi=(2)
cfn=(4920)
calls=2 0 
0 407
0 4
cob=(2)
cfi=(2)
cfn=(4920)
calls=2 0 
0 240
0 4
cfn=(7598)
calls=2 0 
0 4139
0 12
cfn=(7600)
calls=2 0 
0 20

fn=(7588)
0 81
cob=(2)
cfi=(2)
cfn=(5174)
calls=3 0 
0 18
0 150
cob=(2)
cfi=(2)
cfn=(5132)
calls=3 0 
0 183
0 27
cfn=(7590)
calls=3 0 
0 204

fn=(7608)
0 22
cfn=(7610)
calls=2 0 
0 437
0 4
cfn=(7614) core::ptr::drop_glue::<slab::Slab<h2::proto::streams::stream::Stream>>
calls=2 0 
0 427
0 16
cob=(2)
cfi=(2)
cfn=(4920)
calls=2 0 
0 188
0 14
cob=(2)
cfi=(2)
cfn=(4920)
calls=2 0 
0 240

fn=(7614)
0 84
cob=(2)
cfi=(2)
cfn=(4920)
calls=2 0 
0 343

fn=(7616)
0 12
cfn=(7618)
calls=2 0 
0 427
0 18
cob=(2)
cfi=(2)
cfn=(4920)
calls=2 0 
0 138

fn=(7624) core::ptr::drop_glue::<tokio::runtime::task::core::Cell<pbrs_grpc::server::accept::accept_loop_with_slots<pbrs_grpc::server::router::Router, core::future::pending::Pending<()>>::{closure#0}::{closure#2}, alloc::sync::Arc<tokio::runtime::scheduler::multi_thread::handle::Handle>>>
0 26

fn=(7648)
0 22
cfn=(6290)
calls=1 0 
0 52
0 5
cfn=(6386)
calls=1 0 
0 8
0 26
cfn=(7008)
calls=1 0 
0 33
0 11
cfn=(7128)
calls=1 0 
0 424
0 5
cfn=(7130)
calls=1 0 
0 196
0 3
cfn=(7650)
calls=1 0 
0 203
0 4
cfn=(7620)
calls=1 0 
0 474
0 8
cfn=(7514)
calls=1 0 
0 3005
0 14
cfn=(7588)
calls=1 0 
0 215
0 11
cfn=(7656)
calls=1 0 
0 1781

fn=(7660)
0 27
cob=(2)
cfi=(2)
cfn=(4920)
calls=1 0 
0 125

fn=(7674)
0 80
cob=(2)
cfi=(2)
cfn=(4920)
calls=4 0 
0 260

fn=(7678)
0 88
cfn=(7676)
calls=4 0 
0 160
0 56

fn=(7922)
0 104

fn=(7940)
0 50
cfn=(7942)
calls=4 0 
0 1068
0 20
cfn=(5430)
calls=4 0 
0 634
0 6
cob=(2)
cfi=(2)
cfn=(4920)
calls=1 0 
0 65
0 4
cob=(2)
cfi=(2)
cfn=(4920)
calls=1 0 
0 65
0 4
cob=(2)
cfi=(2)
cfn=(4920)
calls=1 0 
0 117
0 3
cfn=(5428)
calls=1 0 
0 147
0 2
cfn=(7948)
calls=1 0 
0 20
0 4
cob=(2)
cfi=(2)
cfn=(4920)
calls=1 0 
0 204
0 2
cfn=(7950)
calls=1 0 
0 433
0 17

fn=(7974)
0 9

fn=(6520)
0 41046

fn=(6522)
0 203028
cfn=(6524)
calls=4834 0 
0 89154
0 103903
cfn=(6800)
calls=2005 0 
0 360499
0 89088
cob=(2)
cfi=(2)
cfn=(4536)
calls=1203 0 
0 76992
0 12030
cob=(2)
cfi=(2)
cfn=(4536)
calls=1203 0 
0 72180
0 28872
cfn=(6832)
calls=802 0 
0 58546
0 15238
cfn=(6834)
calls=802 0 
0 22456
0 67368
cfn=(6798)
calls=802 0 
0 39298
0 8020
cfn=(6738)
calls=2005 0 
0 327509
0 8020
cob=(2)
cfi=(2)
cfn=(4536)
calls=2005 0 
0 128320
0 59189

fn=(4108)
0 11
cob=(2)
cfi=(2)
cfn=(4110) (below main)
calls=1 0 
0 16053372

fn=(5014)
0 79
cob=(2)
cfi=(2)
cfn=(4198)
calls=4 0 
0 8
0 12
cob=(2)
cfi=(2)
cfn=(4200)
calls=4 0 
0 4156
0 24
cob=(2)
cfi=(2)
cfn=(6142) pthread_attr_getguardsize
calls=4 0 
0 16
0 44
cob=(2)
cfi=(2)
cfn=(5010)
calls=4 0 
0 32
0 28
cob=(2)
cfi=(2)
cfn=(5012)
calls=4 0 
0 640
0 28
cfn=(5024)
calls=4 0 
0 834
0 35
cob=(2)
cfi=(2)
cfn=(5016) sigaltstack
calls=5 0 
0 25
0 20
cob=(2)
cfi=(2)
cfn=(5018) getauxval
calls=5 0 
0 725
0 55
cob=(2)
cfi=(2)
cfn=(5020) mmap
calls=5 0 
0 110
0 35
cob=(2)
cfi=(2)
cfn=(5022) mprotect
calls=5 0 
0 25
0 45
cob=(2)
cfi=(2)
cfn=(5016)
calls=5 0 
0 25
0 45

fn=(5068)
0 45
cfn=(5070)
calls=5 0 
0 689
0 25

fn=(5162)
0 42
cob=(2)
cfi=(2)
cfn=(5130)
calls=2 0 
0 56
0 31
cob=(2)
cfi=(2)
cfn=(4536)
calls=1 0 
0 12
0 26

fn=(5424)
0 420
cfn=(5486)
calls=19 0 
0 4665
0 62
cob=(2)
cfi=(2)
cfn=(4210)
calls=6 0 
0 584
0 20480
cfn=(5486)
calls=809 0 
0 464590
0 3226
cob=(2)
cfi=(2)
cfn=(4210)
calls=804 0 
0 110998
0 75941
cob=(2)
cfi=(2)
cfn=(4506)
calls=2 0 
0 822
0 24063
cob=(2)
cfi=(2)
cfn=(4210)
calls=2005 0 
0 86996
0 24374
cfn=(5486)
calls=2 0 
0 872
0 88
cob=(2)
cfi=(2)
cfn=(4210)
calls=12 0 
0 2106
0 677
cfn=(5486)
calls=7 0 
0 1255
0 105
cob=(2)
cfi=(2)
cfn=(4210)
calls=13 0 
0 1908
0 553
cob=(2)
cfi=(2)
cfn=(4210)
calls=8 0 
0 970
0 134

fn=(5428)
0 48
cob=(2)
cfi=(2)
cfn=(4920)
calls=2 0 
0 188

fn=(5678)
0 10
cob=(2)
cfi=(2)
cfn=(4210)
calls=1 0 
0 41
0 22
cfn=(5432)
calls=1 0 
0 441
0 4

fn=(5718)
0 49678

fn=(5726)
0 138
cfn=(5728)
calls=6 0 
0 9661
0 24

fn=(5730)
0 12
cfn=(5732)
calls=6 0 
0 7789

fn=(5738)
0 630

fn=(5752)
0 20
cfn=(5754)
calls=1 0 
0 180
0 3
cfn=(5760)
calls=1 0 
0 97
0 9
cfn=(5754)
calls=1 0 
0 180
0 3
cfn=(5760)
calls=1 0 
0 97
0 10
cfn=(5754)
calls=1 0 
0 180
0 3
cfn=(5760)
calls=1 0 
0 97
0 10
cfn=(5754)
calls=1 0 
0 180
0 3
cfn=(5760)
calls=1 0 
0 97
0 6
cfn=(5762)
calls=1 0 
0 514
0 16

fn=(5778)
0 84
cob=(2)
cfi=(2)
cfn=(4210)
calls=2 0 
0 402
0 40
cob=(2)
cfi=(2)
cfn=(4972)
calls=2 0 
0 20
0 24

fn=(6036) <std::sys::thread::unix::Thread>::new::thread_start
0 86
cob=(2)
cfi=(2)
cfn=(6044) pthread_setspecific
calls=3 0 
0 99
0 67
cfn=(6038)
calls=1 0 
0 93
0 3
cob=(2)
cfi=(2)
cfn=(6044)
calls=1 0 
0 33
0 22
cob=(2)
cfi=(2)
cfn=(4536)
calls=4 0 
0 48
0 12
cob=(2)
cfi=(2)
cfn=(4198)
calls=4 0 
0 8
0 12
cob=(2)
cfi=(2)
cfn=(6046) pthread_setname_np
calls=4 0 
0 212
0 24
cob=(2)
cfi=(2)
cfn=(4920)
calls=4 0 
0 5265
0 8
cfn=(5014)
calls=4 0 
0 6806
0 12
cfn=(6144)
calls=4 0 
0 47888458
0 16
cob=(2)
cfi=(2)
cfn=(4920)
calls=4 0 
0 310
0 8
cfn=(7684) <std::sys::pal::unix::stack_overflow::Handler as core::ops::drop::Drop>::drop
calls=4 0 
0 1954
0 32

fn=(6156)
0 132

fn=(6176)
0 42
cfn=(6178)
calls=1 0 
0 97
0 11
cob=(2)
cfi=(2)
cfn=(4972)
calls=1 0 
0 10
0 24

fn=(6222)
0 7
cob=(2)
cfi=(2)
cfn=(4210)
calls=1 0 
0 41
0 33
cob=(2)
cfi=(2)
cfn=(5224)
calls=1 0 
0 505
0 12
cob=(2)
cfi=(2)
cfn=(4536)
calls=1 0 
0 76
0 8

fn=(6318)
0 152

fn=(6338)
0 54
cob=(2)
cfi=(2)
cfn=(4210)
calls=2 0 
0 449
0 22
cob=(2)
cfi=(2)
cfn=(4536)
calls=2 0 
0 58
0 16
cob=(2)
cfi=(2)
cfn=(4536)
calls=2 0 
0 58
0 26
cob=(2)
cfi=(2)
cfn=(4210)
calls=2 0 
0 373
0 20
cob=(2)
cfi=(2)
cfn=(4536)
calls=2 0 
0 58
0 66
cob=(2)
cfi=(2)
cfn=(4210)
calls=2 0 
0 373
0 32
cob=(2)
cfi=(2)
cfn=(4536)
calls=2 0 
0 58
0 96

fn=(6358)
0 46
cfn=(6246)
calls=2 0 
0 72
0 64
cfn=(6360)
calls=2 0 
0 288

fn=(6432)
0 37475
cob=(2)
cfi=(2)
cfn=(6378)
calls=669 0 
0 7359
0 22754

fn=(6434)
0 4014
cfn=(6436)
calls=669 0 
0 34079
0 4014

fn=(6436)
0 26771
cob=(2)
cfi=(2)
cfn=(6378)
calls=669 0 
0 7359

fn=(6442)
0 79
cob=(2)
cfi=(2)
cfn=(4536)
calls=1 0 
0 64
0 10
cfn=(6324)
calls=1 0 
0 1010
0 9
cfn=(5710)
calls=1 0 
0 45
0 18
cfn=(6444) <std::sys::net::connection::socket::TcpStream>::peer_addr
calls=1 0 
0 45
0 9
cob=(2)
cfi=(2)
cfn=(4536)
calls=1 0 
0 64
0 12
cob=(2)
cfi=(2)
cfn=(4536)
calls=1 0 
0 100
0 5
cob=(2)
cfi=(2)
cfn=(4536)
calls=1 0 
0 100
0 9
cob=(2)
cfi=(2)
cfn=(4536)
calls=1 0 
0 64
0 10
cob=(2)
cfi=(2)
cfn=(4536)
calls=1 0 
0 64
0 3
cfn=(6448)
calls=1 0 
0 65
0 7
cob=(2)
cfi=(2)
cfn=(4210)
calls=1 0 
0 382
0 16
cob=(2)
cfi=(2)
cfn=(4536)
calls=1 0 
0 29
0 11
cob=(2)
cfi=(2)
cfn=(4536)
calls=1 0 
0 29
0 7
cob=(2)
cfi=(2)
cfn=(4536)
calls=1 0 
0 29
0 14
cob=(2)
cfi=(2)
cfn=(4536)
calls=1 0 
0 29
0 5
cob=(2)
cfi=(2)
cfn=(4536)
calls=1 0 
0 76
0 5
cob=(2)
cfi=(2)
cfn=(4536)
calls=1 0 
0 74
0 15
cob=(2)
cfi=(2)
cfn=(4536)
calls=1 0 
0 29
0 24
cfn=(6452)
calls=1 0 
0 174
0 16
cob=(2)
cfi=(2)
cfn=(4920)
calls=1 0 
0 65
0 8
cob=(2)
cfi=(2)
cfn=(4536)
calls=1 0 
0 160
0 15
cob=(2)
cfi=(2)
cfn=(4536)
calls=1 0 
0 160
0 16
cfn=(6338)
calls=1 0 
0 833
0 35
cob=(2)
cfi=(2)
cfn=(4536)
calls=1 0 
0 160
0 14
cob=(2)
cfi=(2)
cfn=(4536)
calls=1 0 
0 160
0 14
cfn=(6474)
calls=1 0 
0 295
0 7
cfn=(6476)
calls=1 0 
0 29
0 9
cfn=(6478)
calls=1 0 
0 35
0 4
cob=(2)
cfi=(2)
cfn=(4210)
calls=1 0 
0 201
0 16
cob=(2)
cfi=(2)
cfn=(4972)
calls=1 0 
0 35
0 36
cob=(2)
cfi=(2)
cfn=(4536)
calls=1 0 
0 160
0 17
cob=(2)
cfi=(2)
cfn=(4536)
calls=1 0 
0 340
0 11
cob=(2)
cfi=(2)
cfn=(4536)
calls=1 0 
0 340
0 21
cob=(2)
cfi=(2)
cfn=(4536)
calls=1 0 
0 340
0 12
cob=(2)
cfi=(2)
cfn=(4536)
calls=1 0 
0 340
0 10
cob=(2)
cfi=(2)
cfn=(5224)
calls=1 0 
0 434
0 13
cob=(2)
cfi=(2)
cfn=(4536)
calls=1 0 
0 352
0 4
cfn=(5714)
calls=1 0 
0 82
0 12
cfn=(5716)
calls=1 0 
0 206
0 5
cfn=(6480)
calls=1 0 
0 4015
0 5
cfn=(6478)
calls=1 0 
0 35
0 70
cfn=(6340)
calls=1 0 
0 431
0 7
cob=(2)
cfi=(2)
cfn=(4536)
calls=1 0 
0 124
0 51
cfn=(6456)
calls=1 0 
0 865
0 11
cfn=(6462)
calls=1 0 
0 37
0 3
cfn=(6466)
calls=1 0 
0 22
0 4
cob=(2)
cfi=(2)
cfn=(4536)
calls=1 0 
0 124
0 38
cfn=(6468)
calls=1 0 
0 42
0 7
cob=(2)
cfi=(2)
cfn=(4536)
calls=1 0 
0 148
0 8
cfn=(6470)
calls=1 0 
0 82
0 23
cob=(2)
cfi=(2)
cfn=(4536)
calls=1 0 
0 148
0 13
cob=(2)
cfi=(2)
cfn=(4536)
calls=1 0 
0 148
0 36
cob=(2)
cfi=(2)
cfn=(4536)
calls=1 0 
0 160
0 5
cfn=(6530)
calls=1 0 
0 21
0 75

fn=(6444)
0 20
cob=(2)
cfi=(2)
cfn=(6446) getpeername
calls=1 0 
0 5
0 20

fn=(6468)
0 16884

fn=(6470)
0 46
cfn=(6472)
calls=2 0 
0 86
0 32

fn=(6484)
0 67896
cfn=(6486)
calls=2829 0 
0 48093
0 45264

fn=(6498)
0 52608
cfn=(6500)
calls=2011 0 
0 89014
0 180365
cob=(2)
cfi=(2)
cfn=(4536)
calls=2011 0 
0 34187
0 84154
cfn=(6588)
calls=457 0 
0 193556
0 43318

fn=(6504)
0 67464
cfn=(6910)
calls=802 0 
0 24060
0 47318
cfn=(6912)
calls=802 0 
0 385534
0 13010
cob=(2)
cfi=(2)
cfn=(4536)
calls=1203 0 
0 67368
0 9624
cob=(2)
cfi=(2)
cfn=(4536)
calls=1203 0 
0 67368
0 33684
cfn=(6678)
calls=1203 0 
0 143157
0 38905
cfn=(6786)
calls=2 0 
0 162
0 34897
cfn=(6886)
calls=1203 0 
0 20451
0 14035
cfn=(6908)
calls=401 0 
0 9624
0 3208
cfn=(6908)
calls=401 0 
0 9624
0 6416
cfn=(6738)
calls=802 0 
0 45714
0 17644
cfn=(6880)
calls=401 0 
0 12832
0 4010
cfn=(6660)
calls=401 0 
0 38897
0 1203
cfn=(6882)
calls=401 0 
0 73894
0 26466
cob=(2)
cfi=(2)
cfn=(4536)
calls=1203 0 
0 67368
0 6015
cfn=(6886)
calls=1203 0 
0 20451
0 9624
cfn=(6886)
calls=1203 0 
0 20451
0 17291
cob=(2)
cfi=(2)
cfn=(4536)
calls=401 0 
0 25664
0 2005
cfn=(7214)
calls=401 0 
0 92959
0 4411
cob=(2)
cfi=(2)
cfn=(4536)
calls=802 0 
0 46516
0 4812
cfn=(6888)
calls=802 0 
0 990196
0 8822
cfn=(6908)
calls=802 0 
0 19248
0 2807
cfn=(6908)
calls=401 0 
0 9624
0 36600
cfn=(6738)
calls=1203 0 
0 121904
0 23571
cob=(2)
cfi=(2)
cfn=(6378)
calls=102 0 
0 1122
0 672
cob=(2)
cfi=(2)
cfn=(6378)
calls=44 0 
0 484
0 22241

fn=(6508)
0 97

fn=(6562)
0 23

fn=(6588)
0 37933
cob=(2)
cfi=(2)
cfn=(4536)
calls=458 0 
0 169804
0 46555
cob=(2)
cfi=(2)
cfn=(4210)
calls=1 0 
0 298
0 28113
cfn=(5742)
calls=1613 0 
0 664290
0 4839

fn=(6590)
0 14035
cob=(2)
cfi=(2)
cfn=(4210)
calls=401 0 
0 16588
0 18444
cfn=(6592)
calls=401 0 
0 13634
0 4010
cob=(2)
cfi=(2)
cfn=(4536)
calls=401 0 
0 49724
0 4812
cfn=(6592)
calls=401 0 
0 8421
0 4812

fn=(6594)
0 39298
cfn=(6596)
calls=802 0 
0 14436
0 7218

fn=(6620)
0 8421

fn=(6622)
0 6817

fn=(6682)
0 20896
cfn=(5424)
calls=2 0 
0 505
0 22

fn=(6728)
0 114686
cfn=(6558)
calls=401 0 
0 39869
cfn=(6636)
calls=401 0 
0 4010
0 4010
cfn=(6730) <pbrs_grpc::transport::h2::SendStream as pbrs_grpc::transport::SendStream>::send_data
calls=802 0 
0 564614
0 8020
cfn=(6740)
calls=802 0 
0 16842
0 5614
cfn=(6826)
calls=401 0 
0 4812
cfn=(6668)
calls=401 0 
0 3609
0 16842

fn=(6730)
0 105062
cfn=(6732)
calls=802 0 
0 114285
0 8822
cfn=(6734)
calls=401 0 
0 11228
0 2005
cfn=(6736)
calls=401 0 
0 21654
0 24060
cfn=(6702)
calls=401 0 
0 145569
0 7619
cfn=(6738)
calls=802 0 
0 42506
0 29674
cfn=(6704)
calls=401 0 
0 34887
0 17243

fn=(6734)
0 11228
cfn=(6698)
calls=401 0 
0 1604
0 5213
cfn=(6698)
calls=401 0 
0 1604
0 2406

fn=(6788)
0 24

fn=(6804)
0 37293
cob=(2)
cfi=(2)
cfn=(4920)
calls=1203 0 
0 87315
0 4812
cob=(2)
cfi=(2)
cfn=(4536)
calls=1203 0 
0 34887
0 37293
cob=(2)
cfi=(2)
cfn=(4536)
calls=1203 0 
0 34887
0 13228
cfn=(6808)
calls=3604 0 
0 165471
0 91428
cfn=(6806)
calls=4812 0 
0 231377
0 3609
cfn=(6806)
calls=1203 0 
0 67769
0 447917
cfn=(6670)
calls=1203 0 
0 8421
0 401
cfn=(6670)
calls=401 0 
0 2807
0 95037
cfn=(6670)
calls=1604 0 
0 11228
0 221358
cob=(2)
cfi=(2)
cfn=(4210)
calls=2 0 
0 420
0 246718
cob=(2)
cfi=(2)
cfn=(5150)
calls=1200 0 
0 21600
0 164864
cfn=(6810)
calls=8 0 
0 2280
0 27268
cfn=(6588)
calls=2 0 
0 469
0 48023
cob=(2)
cfi=(2)
cfn=(5150)
calls=400 0 
0 7612
0 2800
cob=(2)
cfi=(2)
cfn=(5150)
calls=2800 0 
0 46800
0 90418
cfn=(6822)
calls=401 0 
0 287546
0 700
cfn=(6670)
calls=1 0 
0 7
0 4
cfn=(6820)
calls=1 0 
0 103
0 6
cfn=(6820)
calls=3 0 
0 2135
0 42
cfn=(6820)
calls=1 0 
0 603
0 28
cfn=(6820)
calls=7 0 
0 3635
0 50537
cfn=(6828)
calls=1203 0 
0 181682
0 14421
cfn=(6808)
calls=1200 0 
0 36400
0 19248

fn=(6812)
0 132
cfn=(6670)
calls=4 0 
0 28
0 24

fn=(6844)
0 220031
cfn=(6846)
calls=4403 0 
0 308875
0 105672
cfn=(6848)
calls=4403 0 
0 409479
0 22015
cfn=(6850)
calls=4403 0 
0 22015
0 13209
cfn=(6852)
calls=4403 0 
0 1203084
0 4467
cfn=(6856)
calls=8 0 
0 13148
0 184
cfn=(6862) <h2::hpack::header::Header as core::clone::Clone>::clone
calls=8 0 
0 2971
0 3300
cfn=(6856)
calls=401 0 
0 542338
0 9624
cfn=(6848)
calls=401 0 
0 37293
0 2005
cfn=(6850)
calls=401 0 
0 2005
0 1203
cfn=(6852)
calls=401 0 
0 24060
0 412
cfn=(6670)
calls=4 0 
0 28
0 130
cfn=(6866)
calls=3 0 
0 1105
0 75
cfn=(6848)
calls=3 0 
0 279
0 115
cfn=(6848)
calls=5 0 
0 465
0 40
cfn=(6850)
calls=8 0 
0 40
0 104
cfn=(6852)
calls=8 0 
0 3144
0 62556

fn=(6846)
0 73685
cfn=(6862)
calls=3200 0 
0 221200
0 24121

fn=(6862)
0 72982
cfn=(6636)
calls=1200 0 
0 12000
cfn=(6558)
calls=3 0 
0 807
0 19649
cfn=(6864)
calls=401 0 
0 4010
0 20050
cfn=(6636)
calls=1600 0 
0 16000
cfn=(6558)
calls=4 0 
0 904
0 10827
cfn=(6636)
calls=1200 0 
0 12000
cfn=(6558)
calls=3 0 
0 807
0 54135

fn=(6932)
0 61984
cfn=(6934)
calls=1192 0 
0 18082132
0 34068
cfn=(7138)
calls=401 0 
0 142730
0 3609
cfn=(7138)
calls=401 0 
0 133513
0 802
cfn=(7142) <tokio::runtime::task::harness::Harness<pbrs_grpc::server::connection::serve_io_in<pbrs_grpc::rt::TokioRuntime, pbrs_grpc::server::router::Router, tokio_rustls::server::TlsStream<tokio::net::tcp::stream::TcpStream>>::{closure#0}::{closure#10}, alloc::sync::Arc<tokio::runtime::scheduler::multi_thread::handle::Handle>>>::complete
calls=401 0 
0 178906
0 9536

fn=(6966)
0 6416
cfn=(6748)
calls=802 0 
0 48120
0 6416
cfn=(5192)
calls=401 0 
0 10426
0 3208
cfn=(6246)
calls=401 0 
0 14436
0 1604
cfn=(5192)
calls=401 0 
0 10426
0 3208
cfn=(6246)
calls=401 0 
0 14436
0 20451

fn=(6976)
0 82280
cfn=(6758)
calls=1870 0 
0 144488
0 9747
cfn=(6760)
calls=667 0 
0 8536
0 13094
cob=(2)
cfi=(2)
cfn=(4536)
calls=401 0 
0 11629
0 2406
cfn=(6902)
calls=401 0 
0 20852
0 6142
cfn=(6430)
calls=266 0 
0 1330
0 58780
cfn=(7200)
calls=51 0 
0 39219
0 459
cob=(2)
cfi=(2)
cfn=(6378)
calls=51 0 
0 561
0 33919

fn=(6986)
0 24862

fn=(6994)
0 12030
cfn=(6996)
calls=802 0 
0 13634
0 13634
cfn=(6996)
calls=401 0 
0 21253
0 2807
cfn=(6996)
calls=401 0 
0 6817
0 5614
cfn=(6864)
calls=401 0 
0 4010
0 2807
cfn=(7000)
calls=401 0 
0 127450
0 4010
cfn=(6850)
calls=401 0 
0 2005
0 7218

fn=(7000)
0 56140
cob=(2)
cfi=(2)
cfn=(4536)
calls=2005 0 
0 248576
0 30075
cfn=(6850)
calls=2005 0 
0 10025
0 12030
cfn=(5742)
calls=2005 0 
0 253396
0 8020

fn=(7008)
0 213804
cfn=(6282)
calls=293 0 
0 76663
0 3223
cfn=(7322)
calls=293 0 
0 3809
0 61983

fn=(7010)
0 6015

fn=(7034)
0 28608
cfn=(6244)
calls=1192 0 
0 8344
0 7542
cfn=(6386)
calls=791 0 
0 6328
0 15496

fn=(7046)
0 14436

fn=(7052)
0 24060

fn=(7070)
0 35288
cob=(2)
cfi=(2)
cfn=(4210)
calls=1604 0 
0 94903
0 22424
cfn=(6592)
calls=1600 0 
0 54400
0 24
cfn=(6592)
calls=4 0 
0 136
0 17644
cob=(2)
cfi=(2)
cfn=(4536)
calls=1604 0 
0 198616
0 24060

fn=(7120)
0 6015

fn=(7128)
0 21708
cfn=(7008)
calls=804 0 
0 42026
0 14472
cfn=(7008)
calls=804 0 
0 37564
0 14472
cfn=(7008)
calls=804 0 
0 41247
0 14472
cfn=(7008)
calls=804 0 
0 43062
0 14472
cfn=(7008)
calls=804 0 
0 39726
0 14472
cfn=(7008)
calls=804 0 
0 36185
0 14472
cfn=(7008)
calls=804 0 
0 42366
0 14472
cfn=(7008)
calls=804 0 
0 37508
0 5628

fn=(7136)
0 4411

fn=(7142)
0 8822
cfn=(7138)
calls=401 0 
0 133493
0 2005
cfn=(7060)
calls=401 0 
0 27769
0 6817

fn=(7144)
0 24060
cfn=(6668)
calls=802 0 
0 122985
0 8020

fn=(7180)
0 6015
cfn=(7182)
calls=401 0 
0 8421
0 1604
cob=(2)
cfi=(2)
cfn=(4920)
calls=401 0 
0 63330
0 5213

fn=(7198)
0 86641
cfn=(6332)
calls=401 0 
0 81194
0 1160
cfn=(6332)
calls=290 0 
0 55680
0 17217
cfn=(7326)
calls=399 0 
0 4788
0 14364
cfn=(7008)
calls=399 0 
0 13167
0 1528
cfn=(7130)
calls=365 0 
0 45913
0 798
cfn=(7106)
calls=399 0 
0 212927
0 7017

fn=(7204)
0 77487

fn=(7326)
0 2434
cfn=(6772)
calls=2 0 
0 138
0 2414

fn=(7538)
0 16
cob=(2)
cfi=(2)
cfn=(4920)
calls=1 0 
0 115

fn=(7572)
0 56
cfn=(7574)
calls=2 0 
0 370
0 22
cfn=(7576)
calls=2 0 
0 508
0 14

fn=(7596)
0 24
cob=(2)
cfi=(2)
cfn=(4920)
calls=2 0 
0 146
0 53
cfn=(6808)
calls=2 0 
0 59
0 4
cfn=(6808)
calls=2 0 
0 59
0 22
cfn=(6808)
calls=1 0 
0 32
0 6
cfn=(6808)
calls=3 0 
0 209
0 24
cob=(2)
cfi=(2)
cfn=(4920)
calls=2 0 
0 146
0 38
cob=(2)
cfi=(2)
cfn=(4920)
calls=2 0 
0 146

fn=(7622)
0 26
cfn=(7558)
calls=1 0 
0 12044
0 5
cfn=(7060)
calls=1 0 
0 56
0 13
cfn=(7624)
calls=1 0 
0 26
0 2
cob=(2)
cfi=(2)
cfn=(4920)
calls=1 0 
0 200
0 6

fn=(7684)
0 52
cob=(2)
cfi=(2)
cfn=(5018)
calls=4 0 
0 580
0 40
cob=(2)
cfi=(2)
cfn=(5016)
calls=4 0 
0 20
0 20
cob=(2)
cfi=(2)
cfn=(6090) munmap
calls=4 0 
0 20
0 4
cob=(2)
cfi=(2)
cfn=(5034)
calls=4 0 
0 12
0 280
cfn=(7686)
calls=4 0 
0 438
0 44
cob=(2)
cfi=(2)
cfn=(4920)
calls=4 0 
0 364
0 80

fn=(7846)
0 19
cob=(2)
cfi=(2)
cfn=(4920)
calls=1 0 
0 73

fn=(7850)
0 92

fn=(7854)
0 26

fn=(7946)
0 13
cob=(2)
cfi=(2)
cfn=(4920)
calls=1 0 
0 170
0 4
cob=(2)
cfi=(2)
cfn=(5132)
calls=1 0 
0 61

fn=(7968)
0 6
cfn=(7970)
calls=1 0 
0 283
0 9
cob=(2)
cfi=(2)
cfn=(4920)
calls=1 0 
0 65

fn=(7978)
0 10

fn=(7980)
0 19
cfn=(7982)
calls=1 0 
0 86
0 3

ob=(2)
fl=(2)
fn=(4210)
0 791706
cfn=(4252) 0x00000000000a2250
calls=1 0 
0 472
0 53961
cfn=(4258) 0x00000000000a12a0
calls=4142 0 
0 962804
0 81560
cfn=(4212) 0x000000000009f160
calls=1 0 
0 1112
0 222
cfn=(4258)
calls=55 0 
0 7948
0 385

fn=(4212)
0 793
cob=(1)
cfi=(1)
cfn=(218)
calls=1 0 
0 21
0 1
0 4
cob=(1)
cfi=(1)
cfn=(218)
calls=1 0 
0 22
0 1
0 4
cob=(1)
cfi=(1)
cfn=(218)
calls=1 0 
0 21
0 1
0 4
cob=(1)
cfi=(1)
cfn=(218)
calls=1 0 
0 21
0 1
0 4
cob=(1)
cfi=(1)
cfn=(218)
calls=1 0 
0 22
0 1
0 4
cob=(1)
cfi=(1)
cfn=(218)
calls=1 0 
0 21
0 1
0 4
cob=(1)
cfi=(1)
cfn=(218)
calls=1 0 
0 21
0 1
0 4
cob=(1)
cfi=(1)
cfn=(218)
calls=1 0 
0 21
0 1
0 4
cob=(1)
cfi=(1)
cfn=(218)
calls=1 0 
0 21
0 1
0 4
cob=(1)
cfi=(1)
cfn=(218)
calls=1 0 
0 21
0 1
0 4
cob=(1)
cfi=(1)
cfn=(218)
calls=1 0 
0 21
0 1
0 4
cob=(1)
cfi=(1)
cfn=(218)
calls=1 0 
0 21
0 1
0 9

fn=(4316) sbrk
0 34
cfn=(4318) brk
calls=1 0 
0 8
0 9
cfn=(4318)
calls=1 0 
0 8
0 4

fn=(4364) 0x000000000009e650
0 7372

fn=(4406) 0x000000000008fd60
0 588

fn=(4460) _IO_file_underflow
0 103
cfn=(4478) _IO_switch_to_get_mode
calls=5 0 
0 120
0 80
cfn=(4480) _IO_file_read
calls=5 0 
0 45
0 85
cfn=(4462) _IO_doallocbuf
calls=1 0 
0 279
0 4

fn=(4462)
0 17
cfn=(4464) _IO_file_doallocate
calls=1 0 
0 256
0 6

fn=(3284)
0 29

fn=(3304)
0 66

fn=(3324)
0 24

fn=(3326)
0 24

fn=(3330)
0 44

fn=(3344)
0 24

fn=(3352)
0 20

fn=(3364)
0 16

fn=(3376)
0 20

fn=(3902) __ctype_init
0 80

fn=(4964) _IO_file_finish
0 12
cfn=(4966) _IO_default_finish
calls=1 0 
0 15

fn=(5022)
0 65

fn=(5118)
0 40
cfn=(4176) 0x000000000008f6a0
calls=2 0 
0 38
0 14

fn=(5126)
0 10

fn=(5164)
0 18
cfn=(4972)
calls=1 0 
0 18
0 1
0 3

fn=(5176)
0 15
cfn=(5178) 0x0000000000104a80
calls=1 0 
0 15
0 5

fn=(5316) 0x000000000009ffe0
0 732
cfn=(6392) 0x000000000009ee90
calls=1 0 
0 322
0 65

fn=(5562)
0 92
cfn=(4196) getpagesize
calls=4 0 
0 20
0 688
cfn=(5576) 0x0000000000092630
calls=4 0 
0 491
0 60
cfn=(4192) __libc_sigaction
calls=1 0 
0 48
0 30
cfn=(5574) _IO_enable_locks
calls=1 0 
0 38
0 66
cfn=(5020)
calls=4 0 
0 88
0 84
cfn=(5022)
calls=4 0 
0 20
0 52
cob=(1)
cfi=(1)
cfn=(5566)
calls=4 0 
0 3040
0 4
0 48
cfn=(5572) 0x000000000008ff50
calls=4 0 
0 52
0 24

fn=(5700)
0 5

fn=(5874) 0x0000000000062600
0 96
cfn=(5878) 0x0000000000164f00
calls=4 0 
0 72
0 4
0 28
cfn=(5886) 0x000000000005a2b0
calls=4 0 
0 188
0 248
cfn=(5878)
calls=4 0 
0 72
0 4
0 24
cfn=(5886)
calls=4 0 
0 68
0 76
cfn=(5932) 0x0000000000058900
calls=4 0 
0 392
0 172
cfn=(5886)
calls=4 0 
0 204
0 164

fn=(5984) 0x0000000000059da0
0 68

fn=(6040)
0 43

fn=(6046)
0 48
cfn=(4582)
calls=4 0 
0 52
0 4
0 72
cfn=(6048) prctl
calls=4 0 
0 24
0 12

fn=(6364)
0 3241
cfn=(4176)
calls=463 0 
0 23150
0 926

fn=(6392)
0 54258
cfn=(5348) 0x000000000009edb0
calls=95 0 
0 2122
0 2162
cfn=(5348)
calls=161 0 
0 3358
0 322

fn=(6446)
0 5

fn=(7692) __call_tls_dtors
0 75
cob=(7)
cfi=(7)
cfn=(7998)
calls=1 0 
0 131
cob=(7)
cfi=(7)
cfn=(7694)
calls=4 0 
0 28
0 42
cob=(7)
cfi=(7)
cfn=(7694)
calls=1 0 
0 7
cob=(7)
cfi=(7)
cfn=(7696)
calls=5 0 
0 165
0 44
cob=(4)
cfi=(4)
cfn=(4918)
calls=11 0 
0 1308
0 53

fn=(7806) 0x0000000000043760
0 12

fn=(7882) _pthread_cleanup_push
0 24

fn=(7890) _pthread_cleanup_pop
0 20

fn=(7926) 0x000000000008fce0
0 31
cfn=(4178) 0x000000000008f620
calls=1 0 
0 41
0 5

fn=(4568) __isoc23_sscanf
0 1035
cfn=(4390) 0x000000000008d0d0
calls=45 0 
0 2025
0 315
cfn=(4576) 0x000000000008e420
calls=45 0 
0 4832
0 495
cfn=(4604) 0x0000000000065070
calls=45 0 
0 76299
0 360

fn=(4178)
0 118420
cfn=(5850) 0x000000000009a9c0
calls=5918 0 
0 82852
0 41466

fn=(4202)
0 72
cfn=(4196)
calls=9 0 
0 45
0 45

fn=(4390)
0 460
cfn=(4392) 0x000000000008d060
calls=46 0 
0 1060
0 559

fn=(4402) 0x0000000000089db0
0 5
cfn=(4404) _IO_link_in
calls=1 0 
0 94
0 3

fn=(4422) __open_nocancel
0 23

fn=(4458) __underflow
0 141
cfn=(4460)
calls=5 0 
0 716
0 18

fn=(3334)
0 20

fn=(3338)
0 15

fn=(3356)
0 72

fn=(3918) 0x0000000000043620
0 17

fn=(4046) 0x0000000000167730
0 41

fn=(5012)
0 47
cob=(4)
cfi=(4)
cfn=(4918)
calls=5 0 
0 362
0 10
cob=(4)
cfi=(4)
cfn=(4918)
calls=5 0 
0 362
0 23

fn=(5174)
0 42

fn=(5194)
0 222900

fn=(5574)
0 38

fn=(5698)
0 5

fn=(5712)
0 20

fn=(5932)
0 392

fn=(6002) 0x00000000001110c0
0 143
cob=(1)
cfi=(1)
cfn=(218)
calls=1 0 
0 22
0 1
0 5

fn=(6052) 0x000000000009f640
0 148
cfn=(6068) 0x000000000009f5e0
calls=4 0 
0 545
0 3280

fn=(7988) exit
0 5
cfn=(7990) 0x00000000000420d0
calls=1 0 
0 2499

fn=(4174)
0 7
cfn=(4176)
calls=1 0 
0 19
0 2

fn=(4258)
0 561869
cfn=(6392)
calls=332 0 
0 55081
0 520327
cfn=(5348)
calls=3229 0 
0 94310
0 113015
cfn=(5348)
calls=46 0 
0 1058
0 2275
cfn=(5348)
calls=455 0 
0 14560
0 2576
cfn=(4364)
calls=37 0 
0 148
0 2320
cfn=(4364)
calls=464 0 
0 1856
0 5368
cfn=(4364)
calls=1342 0 
0 5368
0 23874
cfn=(4298) 0x00000000000a07f0
calls=1 0 
0 232
0 2649

fn=(4418) _IO_file_fopen
0 72
cfn=(4420) _IO_file_open
calls=1 0 
0 73
0 6
cfn=(4424) 0x00000000000aacd0
calls=1 0 
0 54
0 30

fn=(4424)
0 17
cfn=(4430) 0x0000000000164cc0
calls=1 0 
0 20
0 1
0 16

fn=(4464)
0 19
cfn=(4466) _IO_file_stat
calls=1 0 
0 7
0 12
cob=(4)
cfi=(4)
cfn=(4208)
calls=1 0 
0 175
0 7
cfn=(4476) _IO_setb
calls=1 0 
0 27
0 9

fn=(3296)
0 48

fn=(3302)
0 18

fn=(3354)
0 17

fn=(3370)
0 6

fn=(3900)
0 9
cob=(1)
cfi=(1)
cfn=(218)
calls=1 0 
0 22
0 1
0 4
cob=(1)
cfi=(1)
cfn=(218)
calls=1 0 
0 22
0 1
0 4
cob=(1)
cfi=(1)
cfn=(218)
calls=1 0 
0 22
0 1
0 4
cob=(1)
cfi=(1)
cfn=(218)
calls=1 0 
0 22
0 1
0 4
cob=(1)
cfi=(1)
cfn=(218)
calls=1 0 
0 22
0 1
0 16
cfn=(3902)
calls=1 0 
0 16
0 7
cfn=(3904) getrlimit
calls=1 0 
0 9
0 30
cfn=(3906) 0x0000000000095450
calls=1 0 
0 90
0 2
cfn=(3918)
calls=1 0 
0 17
0 6

fn=(4198)
0 18

fn=(4482) __read_nocancel
0 25

fn=(4508) 0x00000000000a2380
0 41355
cfn=(4258)
calls=560 0 
0 160318
0 9520
cfn=(4536)
calls=560 0 
0 85035
0 560
0 23366
cfn=(5348)
calls=151 0 
0 3548
0 1032
cfn=(5800) 0x00000000000a05a0
calls=107 0 
0 11031
0 3075
cfn=(5800)
calls=172 0 
0 21396
0 172

fn=(4960) _IO_file_close
0 2
cfn=(4962) __close_nocancel
calls=1 0 
0 5

fn=(4962)
0 5

fn=(4986) pthread_attr_setaffinity_np
0 80
cfn=(4988) 0x0000000000090cb0
calls=5 0 
0 1464
0 40
cfn=(4506)
calls=5 0 
0 1162
0 5
0 45
cfn=(4536)
calls=5 0 
0 55
0 5
0 5

fn=(5132)
0 72
cfn=(4176)
calls=8 0 
0 338
0 16

fn=(5172)
0 5

fn=(5506) 0x000000000015fcf0
0 50
cob=(1)
cfi=(1)
cfn=(5440)
calls=1 0 
0 29
0 1
0 16
cob=(1)
cfi=(1)
cfn=(3074)
calls=1 0 
0 732
0 7

fn=(5590) 0x00000000001107d0
0 15

fn=(5696)
0 18

fn=(5886)
0 220
cfn=(4536)
calls=8 0 
0 96
0 8
0 136

fn=(6042)
0 15

fn=(6068)
0 121
cfn=(5020)
calls=1 0 
0 17
0 23
cfn=(5022)
calls=4 0 
0 20
0 24
cfn=(6002)
calls=4 0 
0 68
0 85
cfn=(5020)
calls=3 0 
0 66
0 43
cfn=(6090)
calls=2 0 
0 10
0 4
cfn=(6090)
calls=1 0 
0 5
0 17
cfn=(6090)
calls=1 0 
0 5
0 37

fn=(6368)
0 12856
cfn=(4176)
calls=1607 0 
0 80350
0 3214

fn=(7700) 0x00000000000901c0
0 1904
cob=(7)
cfi=(7)
cfn=(7718)
calls=4 0 
0 116
0 808

fn=(8072)
0 176
cfn=(8074) 0x00000000000f8130
calls=4 0 
0 60
0 48

fn=(8074)
0 60

fn=(4120) 0x0000000000041a00
0 31

fn=(4314) __default_morecore
0 8
cfn=(4316)
calls=2 0 
0 63
0 8

fn=(3298)
0 6

fn=(3312)
0 24

fn=(3314)
0 17

fn=(3322)
0 22

fn=(3374)
0 21

fn=(4032)
0 30
cfn=(4046)
calls=1 0 
0 41
0 1
0 12

fn=(4968) pthread_getaffinity_np
0 80
cfn=(4972)
calls=5 0 
0 75
0 5
0 15

fn=(5100) 0x0000000000166960
0 558

fn=(5282) 0x000000000009f040
0 190098
cfn=(5348)
calls=3580 0 
0 78716
0 51264

fn=(5436)
0 663

fn=(5504)
0 6
cfn=(5506)
calls=1 0 
0 835
0 3

fn=(5614) clone
0 100
cfn=(5854) 0x00000000000928e0
calls=4 0 
0 47967279

fn=(5694)
0 10

fn=(8210) _IO_flush_all
0 15
cfn=(4406)
calls=1 0 
0 12
0 138
cfn=(4410) 0x000000000008fdb0
calls=1 0 
0 9
0 18

fn=(7756) 0x00000000000bbb00
0 16
cob=(4)
cfi=(4)
cfn=(4918)
calls=4 0 
0 16
0 12
cob=(4)
cfi=(4)
cfn=(4918)
calls=4 0 
0 16

fn=(7820) madvise
0 20

fn=(4582)
0 1814

fn=(4194)
0 43
cfn=(4196)
calls=1 0 
0 5
0 4

fn=(4318)
0 16

fn=(4404)
0 43
cfn=(4406)
calls=1 0 
0 12
0 23
cfn=(4410)
calls=1 0 
0 9
0 24

fn=(4410)
0 441

fn=(3318)
0 48

fn=(3320)
0 18

fn=(3336)
0 6

fn=(3340)
0 16

fn=(3368)
0 22

fn=(4176)
0 17781
cfn=(4178)
calls=5927 0 
0 242697
0 35642

fn=(4506)
0 11140
cfn=(4210)
calls=10 0 
0 2084
0 47463
cfn=(4508)
calls=824 0 
0 360082
0 27920
cfn=(4508)
calls=2 0 
0 326
0 24

fn=(4604)
0 2250
cfn=(4406)
calls=45 0 
0 540
0 7605
cfn=(4410)
calls=45 0 
0 405
0 5445
cfn=(4654) _IO_sputbackc
calls=90 0 
0 1980
0 30190
cfn=(4654)
calls=90 0 
0 1980
0 1128
cfn=(4720) __strtoul_internal
calls=90 0 
0 23606
0 1170

fn=(4920)
0 1526415
cfn=(5800)
calls=5524 0 
0 692288
0 6365
cfn=(4252)
calls=4 0 
0 4973
0 12

fn=(4924) _IO_un_link
0 13
cfn=(4406)
calls=1 0 
0 12
0 38
cfn=(4410)
calls=1 0 
0 9
0 17

fn=(4966)
0 15

fn=(5130)
0 28
cfn=(4176)
calls=4 0 
0 76
0 8

fn=(5170)
0 5

fn=(5868) snprintf
0 72
cfn=(5870) 0x0000000000087d50
calls=4 0 
0 2012
0 20

fn=(6454)
0 7
cfn=(4176)
calls=1 0 
0 50
0 2

fn=(8208) 0x000000000008d9f0
0 11
cfn=(8210)
calls=1 0 
0 192
0 6
cfn=(4406)
calls=1 0 
0 12
0 149
cfn=(4410)
calls=1 0 
0 9
0 18

fn=(4112) __cxa_atexit
0 17
cfn=(4120)
calls=1 0 
0 31
0 22

fn=(4204) fopen
0 10
cob=(4)
cfi=(4)
cfn=(4208)
calls=1 0 
0 1780
0 12
cfn=(4390)
calls=1 0 
0 54
0 4
cfn=(4402)
calls=1 0 
0 102
0 5
cfn=(4418)
calls=1 0 
0 235
0 13

fn=(4252)
0 37
cfn=(4258)
calls=1 0 
0 360
0 483
cfn=(6052)
calls=4 0 
0 3973
0 16
cfn=(4258)
calls=4 0 
0 536
0 40

fn=(4476)
0 1272
cob=(4)
cfi=(4)
cfn=(4918)
calls=1 0 
0 66
0 2

fn=(3308)
0 21

fn=(4188)
0 23
cfn=(4190)
calls=1 0 
0 92
0 9

fn=(4200)
0 65
cfn=(4202)
calls=5 0 
0 90
0 243
cfn=(4506)
calls=5 0 
0 1162
0 5
0 35
cfn=(4968)
calls=5 0 
0 175
0 50
cfn=(4986)
calls=5 0 
0 2861
0 15
cob=(4)
cfi=(4)
cfn=(4918)
calls=5 0 
0 362
0 38
cfn=(4204)
calls=1 0 
0 2215
0 6
cfn=(3904)
calls=1 0 
0 9
0 5
cfn=(4922) fclose
calls=1 0 
0 404
0 250
cfn=(4568)
calls=45 0 
0 85361
0 717
cfn=(4450) getline
calls=45 0 
0 8168
0 137
cob=(4)
cfi=(4)
cfn=(4918)
calls=1 0 
0 66
0 23

fn=(5016)
0 70

fn=(5020)
0 281

fn=(5072)
0 190
cfn=(4176)
calls=5 0 
0 219
0 25

fn=(5096)
0 136
cfn=(4582)
calls=8 0 
0 104
0 8
0 2615
cfn=(5100)
calls=23 0 
0 558
0 23
0 138

fn=(5264) 0x00000000000a0460
0 14000
cfn=(6392)
calls=6 0 
0 6819
0 160707
cfn=(5348)
calls=901 0 
0 19126
0 32568
cfn=(5282)
calls=5428 0 
0 257048
0 53222

fn=(5348)
0 216818

fn=(5584) 0x0000000000110700
0 44
cfn=(5586) 0x0000000000110690
calls=4 0 
0 55
0 68
cfn=(5614)
calls=4 0 
0 72
0 32

fn=(5860) 0x0000000000092820
0 140
cfn=(5868)
calls=4 0 
0 2104
0 16
cfn=(6002)
calls=4 0 
0 103
0 156

fn=(6090)
0 40

fn=(7746) 0x0000000000130140
0 64

fn=(4110)
0 17
cfn=(4112)
calls=1 0 
0 70
0 12
cob=(1)
cfi=(1)
cfn=(4154)
calls=1 0 
0 4
0 1
0 6
cfn=(4156) 0x0000000000029c30
calls=1 0 
0 16053196
0 11
cob=(4)
cfi=(4)
cfn=(4140)
calls=1 0 
0 6
0 20
cob=(7)
cfi=(7)
cfn=(4146)
calls=1 0 
0 12
0 4
cob=(7)
cfi=(7)
cfn=(4144)
calls=1 0 
0 4
0 9

fn=(4430)
0 20

fn=(4450)
0 135
cfn=(4452) getdelim
calls=45 0 
0 8033

fn=(4452)
0 1789
cfn=(4506)
calls=1 0 
0 347
0 1
0 12
cfn=(4536)
calls=1 0 
0 21
0 1
0 192
cfn=(4536)
calls=48 0 
0 933
0 48
0 155
cfn=(4458)
calls=4 0 
0 472
0 40
cfn=(4486) 0x0000000000162140
calls=4 0 
0 129
0 4
0 180
cfn=(4486)
calls=45 0 
0 1803
0 45
0 1030
cob=(4)
cfi=(4)
cfn=(4208)
calls=1 0 
0 191
0 231
cfn=(4458)
calls=1 0 
0 403
0 6

fn=(4478)
0 120

fn=(3328)
0 18

fn=(3346)
0 92

fn=(3348)
0 36

fn=(3350)
0 16

fn=(3906)
0 8
cob=(1)
cfi=(1)
cfn=(218)
calls=1 0 
0 22
0 1
0 4
cob=(1)
cfi=(1)
cfn=(218)
calls=1 0 
0 21
0 1
0 4
cob=(1)
cfi=(1)
cfn=(218)
calls=1 0 
0 22
0 1
0 6

fn=(4072)
0 22

fn=(4158) _setjmp
0 10
cfn=(4160) __sigsetjmp
calls=5 0 
0 130

fn=(4190)
0 100
cfn=(4192)
calls=5 0 
0 264

fn=(4196)
0 90

fn=(4654)
0 3960

fn=(4988)
0 35
cfn=(4994)
calls=5 0 
0 1394
0 5
0 30

fn=(4994)
0 1179
cfn=(4258)
calls=4 0 
0 576
0 21
cfn=(4258)
calls=7 0 
0 1030
0 136
cfn=(4972)
calls=9 0 
0 265
0 9
0 356

fn=(5034)
0 90

fn=(5124)
0 30

fn=(5224)
0 33936
cfn=(5226) 0x00000000000a2ea0
calls=1616 0 
0 563479
0 16160

fn=(5434)
0 143
cfn=(4994)
calls=11 0 
0 1074
0 11
0 132
cfn=(5436)
calls=11 0 
0 429
0 55
cfn=(5442)
calls=11 0 
0 423
0 121
cob=(1)
cfi=(1)
cfn=(5440)
calls=11 0 
0 319
0 11
0 55

fn=(5500) 0x000000000008ecc0
0 19
cob=(1)
cfi=(1)
cfn=(1454)
calls=1 0 
0 924
0 19

fn=(5576)
0 148
cfn=(5584)
calls=4 0 
0 271
0 72

fn=(5854)
0 60
cfn=(3902)
calls=4 0 
0 64
0 12
cfn=(5860)
calls=4 0 
0 2355
0 72
cfn=(4158)
calls=4 0 
0 112
0 104
cfn=(7692)
calls=4 0 
0 1274
0 4
cfn=(7700)
calls=4 0 
0 2828
0 4
cfn=(7736) 0x00000000000a59c0
calls=4 0 
0 56330
0 120
cfn=(7806)
calls=4 0 
0 12
0 24
cfn=(4196)
calls=4 0 
0 20
0 80
cfn=(5860)
calls=4 0 
0 164
0 8
cob=(7)
cfi=(7)
cfn=(6036)
calls=4 0 
0 47903588
0 20
cfn=(7820)
calls=4 0 
0 20
0 4

fn=(5878)
0 144

fn=(6044)
0 132

fn=(6278)
0 16464
cfn=(4176)
calls=2058 0 
0 102900
0 4116

fn=(6438)
0 6

fn=(6496)
0 12425
cfn=(4176)
calls=1775 0 
0 88822
0 3550

fn=(7762) 0x000000000008f4f0
0 28

fn=(7990)
0 62
cfn=(8266) _Exit
calls=1 0 
0 3
0 13
cob=(1)
cfi=(1)
cfn=(8018)
calls=1 0 
0 1437
0 5
cfn=(8208)
calls=1 0 
0 397
0 2
cfn=(7692)
calls=1 0 
0 579
0 1

fn=(4576)
0 765
cfn=(4582)
calls=45 0 
0 1502
0 45
0 270
cfn=(4476)
calls=45 0 
0 1215
0 1035

fn=(4156)
0 8
cfn=(4158)
calls=1 0 
0 28
0 14
cob=(7)
cfi=(7)
cfn=(4170)
calls=1 0 
0 16050640
0 2
cfn=(7988)
calls=1 0 
0 2504

fn=(4160)
0 130

fn=(4192)
0 312

fn=(3306)
0 18

fn=(3310)
0 21

fn=(3332)
0 20

fn=(3342)
0 20

fn=(3358)
0 36

fn=(3360)
0 23

fn=(3362)
0 21

fn=(3372)
0 17

fn=(4064)
0 11

fn=(4486)
0 1932

fn=(4720)
0 23606

fn=(4922)
0 16
cfn=(4964)
calls=1 0 
0 27
0 15
cob=(4)
cfi=(4)
cfn=(4918)
calls=1 0 
0 66
0 6
cfn=(4924)
calls=1 0 
0 86
0 18
cfn=(4956) _IO_file_close_it
calls=1 0 
0 166
0 4

fn=(4956)
0 15
cfn=(4958) _IO_unsave_markers
calls=1 0 
0 8
0 10
cfn=(4960)
calls=1 0 
0 7
0 9
cfn=(4476)
calls=1 0 
0 98
0 6
cfn=(4924)
calls=1 0 
0 3
0 10

fn=(4958)
0 8

fn=(4972)
0 35073

fn=(5010)
0 40

fn=(5026)
0 15

fn=(5226)
0 84320
cfn=(5250) 0x00000000000a27e0
calls=828 0 
0 448113
0 22326
cfn=(5250)
calls=2 0 
0 768
0 7952

fn=(5442)
0 654

fn=(5498)
0 16
cfn=(5436)
calls=1 0 
0 39
0 3
cfn=(5500)
calls=1 0 
0 962
0 5
cfn=(5442)
calls=1 0 
0 36
0 8

fn=(5558)
0 48

fn=(5800)
0 7821
cfn=(5348)
calls=1 0 
0 20
0 1674
cfn=(5282)
calls=279 0 
0 13147
0 179070
cfn=(5264)
calls=4835 0 
0 490797
0 32186

fn=(5842)
0 8
cfn=(4176)
calls=1 0 
0 54
0 2

fn=(6142)
0 16

fn=(6294)
0 14
cfn=(4176)
calls=2 0 
0 104
0 4

fn=(8266)
0 3

fn=(7744) 0x0000000000128b00
0 8
cfn=(7746)
calls=4 0 
0 64
0 28

fn=(7862)
0 180
cfn=(7898) 0x0000000000090320
calls=4 0 
0 208
0 72
cfn=(7882)
calls=4 0 
0 24
0 9
cfn=(7926)
calls=1 0 
0 77
0 31
cfn=(7890)
calls=4 0 
0 20
0 4

fn=(7898)
0 208

fn=(4298)
0 94
cfn=(4314)
calls=1 0 
0 54
0 38
cfn=(4314)
calls=1 0 
0 25
0 21

fn=(4392)
0 1060

fn=(4420)
0 25
cfn=(4404)
calls=1 0 
0 17
0 6
cfn=(4422)
calls=1 0 
0 23
0 2

fn=(4466)
0 2
cfn=(4468) fstat
calls=1 0 
0 5

fn=(4468)
0 5

fn=(4480)
0 20
cfn=(4482)
calls=5 0 
0 25

fn=(3300)
0 18

fn=(3316)
0 63

fn=(3366)
0 63

fn=(3904)
0 18

fn=(4536)
0 17266839

fn=(5018)
0 1305

fn=(5150)
0 98023

fn=(5178)
0 15

fn=(5250)
0 15770
cfn=(4258)
calls=830 0 
0 273314
0 25616
cfn=(5264)
calls=593 0 
0 52693
0 21107
cfn=(5282)
calls=830 0 
0 49883
0 9360
cfn=(5316)
calls=19 0 
0 1119
0 19

fn=(5560)
0 24

fn=(5572)
0 52

fn=(5586)
0 17
cfn=(5590)
calls=1 0 
0 15
0 23

fn=(5850)
0 82852

fn=(5870)
0 84
cfn=(5874)
calls=4 0 
0 1812
0 24
cfn=(5984)
calls=4 0 
0 68
0 24

fn=(6048)
0 24

fn=(6378)
0 52426

fn=(7736)
0 1387
cfn=(4920)
calls=267 0 
0 50930
0 2879
cfn=(4920)
calls=4 0 
0 762
0 120
cfn=(7738) 0x00000000001543f0
calls=4 0 
0 44
0 4
cfn=(7744)
calls=4 0 
0 100
0 4
cfn=(7756)
calls=4 0 
0 60
0 4
cfn=(7762)
calls=4 0 
0 28
0 8

fn=(7738)
0 44

ob=(3)
fl=(3)
fn=(3484)
0 8

fn=(3520)
0 8

fn=(4084)
0 12

fn=(3474)
0 8

fn=(3500)
0 8

fn=(3512)
0 8

fn=(8168) 0x00000000000112f0
0 5

fn=(3486)
0 8

fn=(3490)
0 7

fn=(3498)
0 8

fn=(3504)
0 8

fn=(3480)
0 8

fn=(3514)
0 8

fn=(3488)
0 8

fn=(3506)
0 5

fn=(3522)
0 8

fn=(3526)
0 7

fn=(3476)
0 8

fn=(8158)
0 9
cob=(4)
cfi=(4)
cfn=(8164)
calls=1 0 
0 72
0 1
cfn=(8168)
calls=1 0 
0 5
0 3

fn=(3482)
0 8

fn=(3516)
0 8

fn=(6250)
0 11930
cfn=(6254) 0x000000000007dcf0
calls=2386 0 
0 250530
0 2386
0 33404

fn=(3492)
0 8

fn=(3510)
0 7

fn=(3478)
0 8

fn=(3502)
0 7

fn=(3508)
0 6

fn=(3518)
0 8

fn=(3472)
0 8

fn=(6254)
0 250530

fn=(3494)
0 8

fn=(3524)
0 5

totals: 64504248
