# callgrind format
version: 1
creator: callgrind-3.24.0
pid: 148393
cmd:  /workspace/scratch/work/sv09/work/bin/devloop-before run-cell rpc.prost.unary --iters 200 --prepare-iters 400
part: 1


desc: I1 cache: 
desc: D1 cache: 
desc: LL cache: 

desc: Timerange: Basic block 0 - 8513917
desc: Trigger: Program termination

positions: line
events: Ir
summary: 26735644


ob=(5) /workspace/pure-protobuf/work/toolchain/deb/usr/libexec/valgrind/vgpreload_core-amd64-linux.so
fl=(5) ???
fn=(7980) 0x0000000000001050
0 5

fn=(4010) 0x0000000000001100
0 12

fn=(7970) 0x00000000000010c0
0 9
cob=(4) ???
cfi=(4) ???
cfn=(7976) 0x000000000483b030
calls=1 0 
0 72
0 1
cfn=(7980)
calls=1 0 
0 5
0 3

ob=(7) /workspace/scratch/work/sv09/work/bin/devloop-before
fl=(7) ???
fn=(6514) <h2::proto::streams::prioritize::Prioritize>::reclaim_frame::<tokio::net::tcp::stream::TcpStream, bytes::bytes::Bytes>
0 96554
cfn=(6854) <h2::proto::streams::prioritize::Prioritize>::reclaim_frame_inner::<bytes::bytes::Bytes>
calls=402 0 
0 49525
0 30080

fn=(5010) std::sys::pal::unix::stack_overflow::imp::make_handler
0 79
cob=(2) /usr/lib/x86_64-linux-gnu/libc.so.6
cfi=(2) ???
cfn=(4194) pthread_self
calls=4 0 
0 8
0 12
cob=(2)
cfi=(2)
cfn=(4196) pthread_getattr_np
calls=4 0 
0 4156
0 24
cob=(2)
cfi=(2)
cfn=(6146) pthread_attr_getguardsize
calls=4 0 
0 16
0 44
cob=(2)
cfi=(2)
cfn=(5006) pthread_attr_getstack
calls=4 0 
0 32
0 28
cob=(2)
cfi=(2)
cfn=(5008) pthread_attr_destroy
calls=4 0 
0 640
0 28
cfn=(5020) std::sys::pal::unix::stack_overflow::thread_info::set_current_info
calls=4 0 
0 910
0 35
cob=(2)
cfi=(2)
cfn=(5012) sigaltstack
calls=5 0 
0 25
0 20
cob=(2)
cfi=(2)
cfn=(5014) getauxval
calls=5 0 
0 725
0 55
cob=(2)
cfi=(2)
cfn=(5016) mmap
calls=5 0 
0 110
0 35
cob=(2)
cfi=(2)
cfn=(5018) mprotect
calls=5 0 
0 25
0 45
cob=(2)
cfi=(2)
cfn=(5012)
calls=5 0 
0 25
0 45

fn=(5070) <tokio::runtime::builder::Builder>::new
0 9
cob=(2)
cfi=(2)
cfn=(4206) malloc
calls=1 0 
0 190
0 12
cfn=(5072) <tokio::util::rand::RngSeed>::new
calls=1 0 
0 270
0 29

fn=(5072)
0 59
cfn=(5092) <std::hash::random::DefaultHasher as core::hash::Hasher>::write
calls=1 0 
0 27
0 135
cfn=(5092)
calls=5 0 
0 135
0 485
cfn=(5074) std::sys::random::linux::hashmap_random_keys
calls=5 0 
0 759
0 15

fn=(5098) std::sys::env::unix::getenv
0 112
cob=(2)
cfi=(2)
cfn=(4532) 0x0000000000162b40
calls=8 0 
0 90
0 542
cfn=(5100) std::sys::env::unix::getenv::{closure#0}
calls=8 0 
0 4918
0 120

fn=(5100)
0 136
cob=(2)
cfi=(2)
cfn=(5102) getenv
calls=8 0 
0 3582
0 28
cob=(2)
cfi=(2)
cfn=(4578) 0x0000000000165880
calls=4 0 
0 52
0 20
cob=(2)
cfi=(2)
cfn=(4206)
calls=4 0 
0 884
0 40
cob=(2)
cfi=(2)
cfn=(4532)
calls=4 0 
0 40
0 136

fn=(5122) <std::sys::fs::unix::File>::open_c
0 78
cob=(2)
cfi=(2)
cfn=(5124) open
calls=2 0 
0 92
0 48

fn=(5150) <std::path::Path>::_starts_with
0 197
cfn=(5152) <std::path::Components as core::iter::traits::iterator::Iterator>::next
calls=9 0 
0 556
0 27
cfn=(5152)
calls=9 0 
0 611
0 206
cfn=(5154) <std::path::Component as core::cmp::PartialEq>::eq
calls=7 0 
0 298
0 149

fn=(5168) <tokio::runtime::driver::Driver>::new
0 14
cob=(2)
cfi=(2)
cfn=(5170) epoll_create1
calls=1 0 
0 5
0 6
cob=(2)
cfi=(2)
cfn=(5172) eventfd
calls=1 0 
0 5
0 10
cob=(2)
cfi=(2)
cfn=(5174) epoll_ctl
calls=1 0 
0 6
0 7
cob=(2)
cfi=(2)
cfn=(5176) fcntl
calls=1 0 
0 35
0 32
cfn=(5192) <std::sys::pal::unix::time::Timespec>::now
calls=1 0 
0 26
0 4
cob=(2)
cfi=(2)
cfn=(4206)
calls=1 0 
0 168
0 12
cob=(2)
cfi=(2)
cfn=(4968) 0x0000000000163540
calls=1 0 
0 2082
0 5
cob=(2)
cfi=(2)
cfn=(4968)
calls=1 0 
0 77
0 5
cob=(2)
cfi=(2)
cfn=(4968)
calls=1 0 
0 77
0 5
cob=(2)
cfi=(2)
cfn=(4968)
calls=1 0 
0 77
0 6
cob=(2)
cfi=(2)
cfn=(4968)
calls=1 0 
0 77
0 44
cob=(2)
cfi=(2)
cfn=(4206)
calls=1 0 
0 173
0 13
cob=(2)
cfi=(2)
cfn=(4206)
calls=1 0 
0 41
0 15

fn=(5422) <alloc::raw_vec::RawVec<usize>>::grow_one
0 45
cfn=(5424) <alloc::raw_vec::RawVecInner>::finish_grow
calls=3 0 
0 413
0 27

fn=(5430) <alloc::sync::Arc<tokio::runtime::scheduler::multi_thread::park::Inner>>::drop_slow
0 27
cfn=(7728) <alloc::sync::Arc<tokio::runtime::scheduler::multi_thread::park::Shared>>::drop_slow
calls=1 0 
0 324
0 35
cob=(2)
cfi=(2)
cfn=(4916) free
calls=5 0 
0 325

fn=(5470) <tokio::runtime::blocking::pool::Spawner>::spawn_task
0 158
cfn=(5472) <alloc::collections::vec_deque::VecDeque<tokio::runtime::blocking::pool::Task>>::grow
calls=1 0 
0 277
0 154
cfn=(5476) <tokio::runtime::builder::Builder>::new::{closure#0}
calls=4 0 
0 799
0 151
cfn=(5098)
calls=1 0 
0 818
0 55
cfn=(5482) <std::thread::thread::thread_name_string::ThreadNameString as core::convert::From<alloc::string::String>>::from
calls=4 0 
0 1002
0 16
cob=(2)
cfi=(2)
cfn=(4206)
calls=4 0 
0 728
0 52
cfn=(5492) std::thread::spawnhook::run_spawn_hooks
calls=4 0 
0 682
0 24
cob=(2)
cfi=(2)
cfn=(4206)
calls=4 0 
0 802
0 164
cob=(2)
cfi=(2)
cfn=(4206)
calls=4 0 
0 802
0 92
cob=(2)
cfi=(2)
cfn=(4206)
calls=4 0 
0 747
0 48
cfn=(5496) <std::sys::thread::unix::Thread>::new
calls=4 0 
0 6401
0 48
cfn=(5628) <std::hash::random::RandomState as core::hash::BuildHasher>::hash_one::<&usize>
calls=4 0 
0 584
0 290
cfn=(5630) <hashbrown::raw::RawTable<(usize, std::thread::join_handle::JoinHandle<()>)>>::reserve_rehash::<hashbrown::map::make_hasher<usize, std::thread::join_handle::JoinHandle<()>, std::hash::random::RandomState>::{closure#0}>
calls=2 0 
0 1116
0 2

fn=(5680) devloop::cmd_run_cell::{closure#1}
0 11569
cfn=(5682) <tokio::net::tcp::listener::TcpListener>::bind::<&str>::{closure#0}
calls=1 0 
0 1120
0 24
cfn=(5708) <std::sys::net::connection::socket::TcpStream>::socket_addr
calls=1 0 
0 45
0 29
cob=(2)
cfi=(2)
cfn=(4532)
calls=1 0 
0 268
0 11
cob=(2)
cfi=(2)
cfn=(4532)
calls=1 0 
0 268
0 11
cob=(2)
cfi=(2)
cfn=(4532)
calls=1 0 
0 268
0 19
cob=(2)
cfi=(2)
cfn=(4532)
calls=1 0 
0 268
0 12
cob=(2)
cfi=(2)
cfn=(4532)
calls=1 0 
0 268
0 10
cob=(2)
cfi=(2)
cfn=(5224) posix_memalign
calls=1 0 
0 472
0 14
cob=(2)
cfi=(2)
cfn=(4532)
calls=1 0 
0 280
0 4
cfn=(5712) <tokio::runtime::task::list::OwnedTasks<alloc::sync::Arc<tokio::runtime::scheduler::current_thread::Handle>>>::bind_inner
calls=1 0 
0 82
0 13
cfn=(5714) <tokio::runtime::scheduler::multi_thread::handle::Handle>::schedule_task
calls=1 0 
0 103
0 27
cfn=(5720) <pbrs_grpc::client::channel::Channel>::connect::<core::net::socket_addr::SocketAddr>::{closure#0}
calls=1 0 
0 22275
0 5
cfn=(5720)
calls=1 0 
0 27454
0 12
cob=(2)
cfi=(2)
cfn=(4532)
calls=1 0 
0 74
0 15
cob=(2)
cfi=(2)
cfn=(4532)
calls=1 0 
0 76
0 6
cob=(2)
cfi=(2)
cfn=(4206)
calls=1 0 
0 188
0 11
cob=(2)
cfi=(2)
cfn=(4532)
calls=1 0 
0 124
0 47
cfn=(6600) <pbrs_grpc::client::channel::Channel>::unary::<pbrs_grpc::codec::prost::Message<devloop::echo::EchoRequest>, pbrs_grpc::codec::prost::Message<devloop::echo::EchoReply>>
calls=1 0 
0 13103
0 13
cfn=(6614) <pbrs_grpc::client::channel::Channel>::unary::<pbrs_grpc::codec::prost::Message<devloop::echo::EchoRequest>, pbrs_grpc::codec::prost::Message<devloop::echo::EchoReply>>::{closure#0}
calls=1 0 
0 12382
0 18
cfn=(6614)
calls=3 0 
0 10185
0 20
cob=(2)
cfi=(2)
cfn=(4532)
calls=1 0 
0 76
0 2
cfn=(7228) core::ptr::drop_glue::<pbrs_grpc::request::Call<pbrs_grpc::request::Response<pbrs_grpc::stream::Streaming<pbrs_grpc::codec::prost::Message<pbrs_adoption_corpus::prost_types::EntityList>>>>>
calls=1 0 
0 722
0 9
cob=(2)
cfi=(2)
cfn=(4532)
calls=1 0 
0 76
0 2
cfn=(7232) core::ptr::drop_glue::<pbrs_grpc::request::Response<pbrs_grpc::codec::prost::Message<devloop::echo::EchoReply>>>
calls=1 0 
0 628
0 27
cfn=(5192)
calls=1 0 
0 26
0 3127
cfn=(6614)
calls=516 0 
0 4106351
0 3148
cob=(2)
cfi=(2)
cfn=(4532)
calls=200 0 
0 15200
0 400
cfn=(7228)
calls=200 0 
0 144400
0 2000
cob=(2)
cfi=(2)
cfn=(4532)
calls=200 0 
0 15200
0 2000
cfn=(6684) core::ptr::drop_glue::<http::header::map::HeaderMap>
calls=200 0 
0 51992
0 1000
cfn=(6684)
calls=200 0 
0 83593
0 1800
cfn=(6612) core::ptr::drop_glue::<http::extensions::Extensions>
calls=200 0 
0 3400
0 1800
cob=(2)
cfi=(2)
cfn=(4916)
calls=200 0 
0 13000
0 2802
cob=(2)
cfi=(2)
cfn=(4206)
calls=200 0 
0 8200
0 2400
cob=(2)
cfi=(2)
cfn=(4532)
calls=200 0 
0 24800
0 8600
cfn=(6600)
calls=200 0 
0 2619354
0 1602
cfn=(5192)
calls=1 0 
0 26
0 11
cfn=(6244) <std::sys::pal::unix::time::Timespec>::sub_timespec
calls=1 0 
0 36
0 20
cfn=(7344) devloop::child_json_with_input
calls=1 0 
0 6428
0 7
cfn=(7354) std::io::stdio::_eprint
calls=1 0 
0 549
0 4
cob=(2)
cfi=(2)
cfn=(4916)
calls=1 0 
0 65
0 7
cfn=(7226) core::ptr::drop_glue::<pbrs_grpc::client::channel::Channel>
calls=1 0 
0 4753
0 6
cfn=(7404) core::ptr::drop_glue::<devloop::rpc_prost_unary::{closure#0}>
calls=1 0 
0 11
0 5764

fn=(5786) <str>::trim_matches::<<char>::is_whitespace>
0 255

fn=(5840) core::ptr::drop_glue::<pbrs_grpc::tcp::dial_via_proxy::{closure#0}>
0 15

fn=(6150) std::sys::backtrace::__rust_begin_short_backtrace::<std::thread::lifecycle::spawn_unchecked<<tokio::runtime::blocking::pool::Spawner>::spawn_thread::{closure#0}, ()>::{closure#1}::{closure#0}::{closure#0}, ()>
0 28
cfn=(6152) <std::thread::spawnhook::ChildSpawnHooks>::inherit_and_run
calls=4 0 
0 1256
0 8

fn=(6152)
0 84
cfn=(5494) <std::thread::spawnhook::SpawnHooks as core::ops::drop::Drop>::drop
calls=4 0 
0 76
0 128
cfn=(5432) std::sys::thread_local::destructors::linux_like::register
calls=4 0 
0 960
0 8

fn=(6158) tokio::runtime::scheduler::multi_thread::worker::run
0 132
cfn=(6160) <tokio::runtime::metrics::worker::WorkerMetrics>::set_thread_id
calls=4 0 
0 132
0 92
cfn=(5222) <tokio::util::rand::rt::RngSeedGenerator>::next_seed
calls=4 0 
0 252
0 24
cfn=(5072)
calls=4 0 
0 1204
0 204
cfn=(5192)
calls=4 0 
0 104
0 16
cfn=(5192)
calls=4 0 
0 104
0 157
cfn=(7522) tokio::runtime::task::raw::shutdown::<pbrs_grpc::client::pool::finish_h2<tokio::net::tcp::stream::TcpStream>::{closure#0}::{closure#2}, alloc::sync::Arc<tokio::runtime::scheduler::multi_thread::handle::Handle>>
calls=1 0 
0 7026
cfn=(7446) tokio::runtime::task::raw::shutdown::<pbrs_grpc::server::accept::accept_loop_with_slots<pbrs_grpc::server::router::Router, core::future::pending::Pending<()>>::{closure#0}::{closure#2}, alloc::sync::Arc<tokio::runtime::scheduler::multi_thread::handle::Handle>>
calls=1 0 
0 46562
cfn=(7416) tokio::runtime::task::raw::shutdown::<devloop::rpc_prost_unary::{closure#0}::{closure#0}, alloc::sync::Arc<tokio::runtime::scheduler::multi_thread::handle::Handle>>
calls=1 0 
0 4187
0 2309
cfn=(5422)
calls=1 0 
0 112
0 149
cfn=(7704) <tokio::runtime::driver::Driver>::shutdown
calls=4 0 
0 1321
0 36
cob=(2)
cfi=(2)
cfn=(6376) syscall
calls=4 0 
0 44
0 16
cfn=(7710) core::ptr::drop_glue::<tokio::runtime::scheduler::multi_thread::worker::Core>
calls=4 0 
0 156
0 8
cob=(2)
cfi=(2)
cfn=(4916)
calls=4 0 
0 260
0 16
cfn=(5426) core::ptr::drop_glue::<alloc::vec::drain::Drain<alloc::boxed::Box<tokio::runtime::scheduler::multi_thread::worker::Core>>>
calls=1 0 
0 25
0 6
cfn=(7714) tokio::runtime::task::raw::dealloc::<pbrs_grpc::client::pool::finish_h2<tokio::net::tcp::stream::TcpStream>::{closure#0}::{closure#2}, alloc::sync::Arc<tokio::runtime::scheduler::multi_thread::handle::Handle>>
calls=1 0 
0 206
0 4
cfn=(6264) <tokio::runtime::scheduler::multi_thread::handle::Handle>::next_remote_task
calls=2 0 
0 55
0 26278
cfn=(5192)
calls=23 0 
0 598
0 184
cfn=(6244)
calls=23 0 
0 828
0 405
cfn=(5192)
calls=7 0 
0 182
0 70
cfn=(6244)
calls=7 0 
0 252
0 49
cfn=(6246) __floattidf
calls=7 0 
0 315
0 98
cob=(3) /usr/lib/x86_64-linux-gnu/libm.so.6
cfi=(3) ???
cfn=(6248) pow
calls=7 0 
0 875
0 98
cfn=(6266) <tokio::runtime::scheduler::multi_thread::worker::Context>::park_internal
calls=7 0 
0 3804
0 48
cfn=(6266)
calls=16 0 
0 9270
0 115
cfn=(6286) <tokio::runtime::scheduler::multi_thread::worker::Core>::maintenance
calls=23 0 
0 1196
0 46
cfn=(5192)
calls=23 0 
0 598
0 92
cfn=(5192)
calls=23 0 
0 598
0 37874
cfn=(6264)
calls=3 0 
0 15
0 1354
cfn=(6264)
calls=677 0 
0 7480
0 15887
cfn=(6168) <tokio::runtime::scheduler::multi_thread::worker::Context>::run_task
calls=112 0 
0 1128408
0 2252
cfn=(6168)
calls=563 0 
0 16199569
0 10111
cfn=(5192)
calls=865 0 
0 22490
0 6920
cfn=(6244)
calls=865 0 
0 31140
0 15977
cfn=(5192)
calls=636 0 
0 16536
0 6996
cfn=(6244)
calls=636 0 
0 22896
0 4452
cfn=(6246)
calls=636 0 
0 28620
0 8904
cob=(3)
cfi=(3)
cfn=(6248)
calls=636 0 
0 79500
0 144203
cfn=(6264)
calls=864 0 
0 4320
0 2595
cfn=(5192)
calls=1 0 
0 26
0 4
cfn=(5192)
calls=1 0 
0 26
0 7
cfn=(6168)
calls=1 0 
0 11102
0 17281
cfn=(5192)
calls=864 0 
0 22464
0 4320
cfn=(5192)
calls=864 0 
0 22464
0 111835
cfn=(6266)
calls=964 0 
0 552295
0 6748
cfn=(6286)
calls=964 0 
0 50128
0 58851
cfn=(7532) core::ptr::drop_glue::<tokio::runtime::scheduler::Context>
calls=4 0 
0 452
0 8
cfn=(7408) core::ptr::drop_glue::<tokio::runtime::context::runtime::EnterRuntimeGuard>
calls=4 0 
0 288
0 44

fn=(6178) <hashbrown::map::HashMap<&str, alloc::sync::Arc<dyn pbrs_grpc::server::dispatch::DynService>, std::hash::random::RandomState>>::insert
0 19
cfn=(5776) <std::hash::random::RandomState as core::hash::BuildHasher>::hash_one::<&alloc::string::String>
calls=1 0 
0 188
0 72
cfn=(6180) <hashbrown::raw::RawTable<(&str, alloc::sync::Arc<dyn pbrs_grpc::server::dispatch::DynService>)>>::reserve_rehash::<hashbrown::map::make_hasher<&str, alloc::sync::Arc<dyn pbrs_grpc::server::dispatch::DynService>, std::hash::random::RandomState>::{closure#0}>
calls=1 0 
0 184
0 1

fn=(6196) <alloc::string::String as core::fmt::Display>::fmt
0 5
cfn=(5836) <core::fmt::Formatter>::pad
calls=1 0 
0 131
0 70
cfn=(5836)
calls=14 0 
0 4653

fn=(6200) pbrs_grpc::channelz::trace::truncate
0 189

fn=(6206) <pbrs_grpc::channelz::model::Registry>::register_socket
0 66
cfn=(6208) pbrs_grpc::channelz::model::addr_text
calls=3 0 
0 4942
0 25
cfn=(6208)
calls=2 0 
0 3351
0 12
cob=(2)
cfi=(2)
cfn=(4206)
calls=1 0 
0 207
0 21
cfn=(5832) alloc::fmt::format::format_inner
calls=1 0 
0 954
0 24
cfn=(5832)
calls=2 0 
0 2438
0 12
cob=(2)
cfi=(2)
cfn=(4916)
calls=3 0 
0 211
0 12
cob=(2)
cfi=(2)
cfn=(4916)
calls=3 0 
0 211
0 36
cob=(2)
cfi=(2)
cfn=(4206)
calls=3 0 
0 286
0 30
cob=(2)
cfi=(2)
cfn=(4532)
calls=3 0 
0 32
0 126
cob=(2)
cfi=(2)
cfn=(4206)
calls=3 0 
0 621
0 30
cob=(2)
cfi=(2)
cfn=(4532)
calls=3 0 
0 180
0 130
cob=(2)
cfi=(2)
cfn=(4206)
calls=1 0 
0 210
0 121
cfn=(5832)
calls=3 0 
0 3422
0 30
cfn=(6584) <pbrs_grpc::channelz::model::Registry>::channel
calls=1 0 
0 48
0 31
cfn=(6216) <pbrs_grpc::channelz::model::Registry>::server
calls=2 0 
0 96
0 109
cob=(2)
cfi=(2)
cfn=(4206)
calls=1 0 
0 41
0 10
cob=(2)
cfi=(2)
cfn=(4532)
calls=1 0 
0 11
0 10
cfn=(6198) <pbrs_grpc::channelz::trace::Trace>::log::<alloc::string::String>
calls=1 0 
0 148
0 8
cob=(2)
cfi=(2)
cfn=(4206)
calls=2 0 
0 426
0 20
cob=(2)
cfi=(2)
cfn=(4532)
calls=2 0 
0 22
0 20
cfn=(6198)
calls=2 0 
0 296
0 16
cob=(2)
cfi=(2)
cfn=(4916)
calls=3 0 
0 211
0 33
cob=(2)
cfi=(2)
cfn=(4916)
calls=3 0 
0 211
0 33
cob=(2)
cfi=(2)
cfn=(4206)
calls=1 0 
0 204
0 10
cob=(2)
cfi=(2)
cfn=(4532)
calls=1 0 
0 11
0 5
cfn=(5800) <alloc::raw_vec::RawVec<pbrs_grpc::proxy::NoProxyRule>>::grow_one
calls=1 0 
0 109
0 24
cob=(2)
cfi=(2)
cfn=(4206)
calls=2 0 
0 254
0 20
cob=(2)
cfi=(2)
cfn=(4532)
calls=2 0 
0 21
0 10
cfn=(6218) <alloc::raw_vec::RawVec<pbrs_grpc::lb::pick_first::WeightedAddress>>::grow_one
calls=1 0 
0 278
0 36

fn=(6272) <tokio::runtime::time::wheel::Wheel>::next_expiration
0 66463

fn=(6342) <h2::frame::settings::Settings>::encode::{closure#0}
0 429

fn=(6462) <tracing_core::subscriber::NoSubscriber as tracing_core::subscriber::Subscriber>::current_span
0 6

fn=(6470) <h2::proto::streams::recv::Recv>::set_target_connection_window
0 86

fn=(6484) <h2::proto::streams::recv::Recv>::clear_expired_reset_streams
0 18292

fn=(6492) <h2::codec::Codec<tokio::net::tcp::stream::TcpStream, h2::proto::streams::prioritize::Prioritized<bytes::bytes::Bytes>> as futures_core::stream::Stream>::poll_next
0 72850
cfn=(6496) <tokio_util::codec::length_delimited::LengthDelimitedCodec as tokio_util::codec::decoder::Decoder>::decode
calls=1011 0 
0 126455
0 31341
cfn=(6500) h2::codec::framed_read::decode_frame
calls=1011 0 
0 1786774
0 38346
cfn=(6382) <tokio::net::tcp::stream::TcpStream>::poll_read_priv
calls=1657 0 
0 289423
0 20744
cfn=(6496)
calls=581 0 
0 115050
0 23515
cob=(2)
cfi=(2)
cfn=(4532)
calls=1011 0 
0 29319
0 24784
cob=(2)
cfi=(2)
cfn=(4532)
calls=1011 0 
0 64704
0 4044

fn=(6560) <h2::proto::streams::store::Queue<h2::proto::streams::stream::NextAccept>>::pop::<h2::proto::streams::store::Store>
0 12078

fn=(6612)
0 17889
cob=(2)
cfi=(2)
cfn=(4916)
calls=201 0 
0 14673
0 2613
cob=(2)
cfi=(2)
cfn=(4916)
calls=201 0 
0 14673
0 1809
cob=(2)
cfi=(2)
cfn=(4916)
calls=201 0 
0 14673
0 14874

fn=(6682) <http::header::map::HeaderMap>::try_with_capacity
0 12864
cob=(2)
cfi=(2)
cfn=(4206)
calls=402 0 
0 16042
0 18488
cob=(2)
cfi=(2)
cfn=(4206)
calls=402 0 
0 17141
0 10046

fn=(6718) <http::header::name::StandardHeader>::as_str
0 33831

fn=(6728) <hashbrown::raw::RawTable<usize>>::reserve_rehash::<indexmap::inner::get_hash<h2::frame::stream_id::StreamId, h2::proto::streams::store::SlabIndex>::{closure#0}>
0 108
cob=(2)
cfi=(2)
cfn=(4206)
calls=2 0 
0 254
0 40
cob=(2)
cfi=(2)
cfn=(4968)
calls=2 0 
0 20
0 60

fn=(6742) <http::header::name::StandardHeader>::from_bytes
0 19342

fn=(6780) <h2::proto::streams::prioritize::Prioritize>::try_assign_capacity
0 81807
cfn=(6814) <h2::proto::streams::store::Queue<h2::proto::streams::stream::NextSend>>::push
calls=402 0 
0 16482
0 6030

fn=(6790) core::ptr::drop_glue::<pbrs_grpc::wire::send::send_frame::{closure#0}>
0 5226

fn=(6830) <h2::hpack::table::Table>::converge
0 208

fn=(6832) <alloc::collections::vec_deque::VecDeque<h2::hpack::table::Slot>>::grow
0 18
cfn=(6834) <alloc::raw_vec::RawVec<h2::hpack::table::Slot>>::grow_one
calls=3 0 
0 888
0 30

fn=(6844) core::ptr::drop_glue::<http::header::map::IntoIter<http::header::value::HeaderValue>>
0 19296
cfn=(6686) core::ptr::drop_glue::<[http::header::map::Bucket<http::header::value::HeaderValue>]>
calls=603 0 
0 7839
0 2412
cob=(2)
cfi=(2)
cfn=(4916)
calls=603 0 
0 44011
0 6030
cfn=(6688) core::ptr::drop_glue::<alloc::vec::Vec<http::header::map::ExtraValue<http::header::value::HeaderValue>>>
calls=603 0 
0 10854

fn=(6852) <bytes::bytes_mut::BytesMut as bytes::buf::buf_mut::BufMut>::put::<bytes::buf::take::Take<&mut h2::proto::streams::prioritize::Prioritized<bytes::bytes::Bytes>>>
0 16482
cob=(2)
cfi=(2)
cfn=(4532)
calls=402 0 
0 11658
0 14472

fn=(6868) <h2::hpack::decoder::Decoder>::decode_literal
0 6877
cfn=(6858) <h2::hpack::decoder::Table>::get
calls=205 0 
0 5131
0 4510
cfn=(6870) <h2::hpack::decoder::Decoder>::try_decode_string
calls=205 0 
0 166292
0 426
cfn=(6870)
calls=4 0 
0 2338
0 1033
cfn=(6872) <h2::hpack::decoder::StringMarker>::consume
calls=205 0 
0 9020
0 4804
cfn=(6870)
calls=4 0 
0 2301
0 96
cfn=(6872)
calls=4 0 
0 176
0 52
cfn=(6872)
calls=4 0 
0 176
0 48
cfn=(6888) <http::header::name::HeaderName>::from_lowercase
calls=4 0 
0 1310
0 812
cfn=(5048) core::str::converts::from_utf8
calls=201 0 
0 23767
0 406
cfn=(5048)
calls=1 0 
0 114
0 1887
cfn=(6884) <bytes::bytes::Bytes>::copy_from_slice
calls=3 0 
0 544
0 54
cfn=(6862) bytes::bytes_mut::shared_v_drop
calls=3 0 
0 15
0 410
cfn=(6824) core::ptr::drop_glue::<h2::hpack::header::Header>
calls=205 0 
0 4929
0 421
cfn=(6884)
calls=4 0 
0 894
0 200
cfn=(6862)
calls=4 0 
0 20
0 16
cfn=(6862)
calls=4 0 
0 20
0 4

fn=(6878) <alloc::collections::vec_deque::VecDeque<h2::hpack::header::Header>>::grow
0 18
cfn=(6880) <alloc::raw_vec::RawVec<h2::hpack::header::Header>>::grow_one
calls=3 0 
0 1132
0 30

fn=(6906) <http::uri::scheme::Scheme as core::str::traits::FromStr>::from_str
0 6231

fn=(6952) <hashbrown::map::HashMap<core::any::TypeId, alloc::boxed::Box<dyn http::extensions::AnyClone + core::marker::Send + core::marker::Sync>, core::hash::BuildHasherDefault<http::extensions::IdHasher>>>::insert
0 17286
cfn=(6954) <hashbrown::raw::RawTable<(core::any::TypeId, alloc::boxed::Box<dyn http::extensions::AnyClone + core::marker::Send + core::marker::Sync>)>>::reserve_rehash::<hashbrown::map::make_hasher<core::any::TypeId, alloc::boxed::Box<dyn http::extensions::AnyClone + core::marker::Send + core::marker::Sync>, core::hash::BuildHasherDefault<http::extensions::IdHasher>>::{closure#0}>
calls=201 0 
0 29990
0 201

fn=(6960) <devloop::ProstNativeEchod as pbrs_grpc::server::dispatch::DynService>::dispatch
0 2010
cob=(2)
cfi=(2)
cfn=(4532)
calls=201 0 
0 24924
0 603
cob=(2)
cfi=(2)
cfn=(4206)
calls=201 0 
0 50135
0 2405
cob=(2)
cfi=(2)
cfn=(4532)
calls=200 0 
0 2306808
0 5
cob=(2)
cfi=(2)
cfn=(4532)
calls=1 0 
0 11551
0 1005

fn=(7016) <pbrs_grpc::request::Request<pbrs_grpc::codec::prost::Message<devloop::echo::EchoRequest>>>::into_inner
0 2613
cfn=(6684)
calls=201 0 
0 60702
0 2010
cob=(2)
cfi=(2)
cfn=(4916)
calls=201 0 
0 13329
0 804
cob=(2)
cfi=(2)
cfn=(4916)
calls=201 0 
0 13337
0 804
cob=(2)
cfi=(2)
cfn=(4916)
calls=201 0 
0 13345
0 5628
cfn=(7018) <tokio::sync::notify::NotifyGuard>::notify_waiters
calls=201 0 
0 6633
0 804
cfn=(6612)
calls=201 0 
0 57285
0 2211

fn=(7032) <pbrs_grpc::wire::encode::SegSink as pbrs::wire::WireOut>::put_u8
0 3618

fn=(7034) <pbrs_grpc::wire::encode::SegSink as pbrs::wire::WireOut>::put_slice
0 7236
cob=(2)
cfi=(2)
cfn=(4532)
calls=402 0 
0 27738
0 4824

fn=(7054) core::ptr::drop_glue::<h2::proto::streams::streams::StreamRef<bytes::bytes::Bytes>>
0 3015
cfn=(6998) <h2::proto::streams::streams::OpaqueStreamRef as core::ops::drop::Drop>::drop
calls=603 0 
0 272433
0 6030

fn=(7090) <tokio::runtime::task::core::Core<pbrs_grpc::server::connection::serve_io_in<pbrs_grpc::rt::TokioRuntime, pbrs_grpc::server::router::Router, tokio_rustls::server::TlsStream<tokio::net::tcp::stream::TcpStream>>::{closure#0}::{closure#10}, alloc::sync::Arc<tokio::runtime::scheduler::current_thread::Handle>>>::set_stage
0 15276
cfn=(7092) core::ptr::drop_glue::<pbrs_grpc::server::connection::serve_io_in<pbrs_grpc::rt::TokioRuntime, pbrs_grpc::server::router::Router, tokio_rustls::server::TlsStream<tokio::net::tcp::stream::TcpStream>>::{closure#0}::{closure#10}>
calls=201 0 
0 3819
0 3015
cob=(2)
cfi=(2)
cfn=(4532)
calls=603 0 
0 176076
0 7236

fn=(7190) <h2::share::RecvStream>::poll_trailers
0 9246
cfn=(6802) <h2::proto::streams::buffer::Deque>::pop_front::<h2::proto::streams::recv::Event>
calls=201 0 
0 21909
0 12261

fn=(7218) pbrs_grpc::client::call::finish_attempt
0 804

fn=(7224) <pbrs_grpc::telemetry::CallGuard as core::ops::drop::Drop>::drop
0 1809

fn=(7226)
0 1416
cfn=(7362) <alloc::sync::Arc<pbrs_grpc::client::pool::ChannelInner>>::drop_slow
calls=1 0 
0 3989
0 608
cfn=(7400) <alloc::sync::Arc<[alloc::sync::Arc<dyn pbrs_grpc::interceptor::ClientInterceptor>]>>::drop_slow
calls=1 0 
0 89
0 608
cfn=(7400)
calls=1 0 
0 89
0 1214
cfn=(7066) <alloc::sync::Arc<pbrs_grpc::keepalive::Busy>>::drop_slow
calls=1 0 
0 71
0 1010
cfn=(6704) bytes::bytes::static_drop
calls=202 0 
0 202
0 1010
cfn=(6842) bytes::bytes::promotable_even_drop
calls=1 0 
0 253
cfn=(6716) bytes::bytes::shared_drop
calls=201 0 
0 1809
0 1214
cfn=(7402) <alloc::sync::Arc<pbrs_grpc::service_config::SharedCell>>::drop_slow
calls=1 0 
0 133
0 608
cfn=(7066)
calls=1 0 
0 71
0 1414

fn=(7352) <serde_json::ser::Compound<&mut alloc::vec::Vec<u8>, serde_json::ser::CompactFormatter> as serde_core::ser::SerializeStruct>::end
0 16

fn=(7366) core::ptr::drop_glue::<pbrs_grpc::client::pool::ConnSlot>
0 10
cfn=(6766) core::ptr::drop_glue::<h2::client::SendRequest<bytes::bytes::Bytes>>
calls=1 0 
0 367
0 12
cfn=(7064) <tokio::sync::watch::big_notify::BigNotify>::notify_waiters
calls=1 0 
0 549
0 15
cfn=(7370) <pbrs_grpc::channelz::model::Registry>::unregister_socket
calls=1 0 
0 1455
0 11

fn=(7384) core::ptr::drop_glue::<pbrs_grpc::channelz::model::SocketEntry>
0 18
cob=(2)
cfi=(2)
cfn=(4916)
calls=3 0 
0 313
0 74

fn=(7386) core::ptr::drop_glue::<pbrs_grpc::client::pool::Endpoint>
0 24
cob=(2)
cfi=(2)
cfn=(4916)
calls=1 0 
0 65

fn=(7392) <alloc::collections::btree::node::Handle<alloc::collections::btree::node::NodeRef<alloc::collections::btree::node::marker::Mut, u64, alloc::sync::Arc<pbrs_grpc::channelz::model::ChannelEntry>, alloc::collections::btree::node::marker::Leaf>, alloc::collections::btree::node::marker::KV>>::remove_leaf_kv::<<alloc::collections::btree::map::entry::OccupiedEntry<u64, alloc::sync::Arc<pbrs_grpc::channelz::model::ChannelEntry>>>::remove_kv::{closure#0}, alloc::alloc::Global>
0 25
cob=(2)
cfi=(2)
cfn=(4532)
calls=1 0 
0 12
0 10
cob=(2)
cfi=(2)
cfn=(4532)
calls=1 0 
0 12
0 43

fn=(7400)
0 48
cob=(2)
cfi=(2)
cfn=(4916)
calls=2 0 
0 130

fn=(7416)
0 19
cfn=(7418) tokio::runtime::task::harness::cancel_task::<devloop::rpc_prost_unary::{closure#0}::{closure#0}, alloc::sync::Arc<tokio::runtime::scheduler::current_thread::Handle>>
calls=1 0 
0 3553
0 5
cfn=(7442) <tokio::runtime::task::harness::Harness<devloop::rpc_prost_unary::{closure#0}::{closure#0}, alloc::sync::Arc<tokio::runtime::scheduler::multi_thread::handle::Handle>>>::complete
calls=1 0 
0 610

fn=(7448) <tokio::runtime::task::core::Core<pbrs_grpc::server::accept::accept_loop_with_slots<pbrs_grpc::server::router::Router, core::future::pending::Pending<()>>::{closure#0}::{closure#2}, alloc::sync::Arc<tokio::runtime::scheduler::current_thread::Handle>>>::set_stage
0 76
cfn=(7450) core::ptr::drop_glue::<pbrs_grpc::server::accept::accept_loop_with_slots<pbrs_grpc::server::router::Router, core::future::pending::Pending<()>>::{closure#0}::{closure#2}>
calls=1 0 
0 10086
0 19
cob=(2)
cfi=(2)
cfn=(4532)
calls=3 0 
0 35965
0 36

fn=(7460) <core::io::error::Error>::new::<&str>
0 26
cob=(2)
cfi=(2)
cfn=(4206)
calls=2 0 
0 82
0 20
cob=(2)
cfi=(2)
cfn=(4532)
calls=2 0 
0 22
0 4
cob=(2)
cfi=(2)
cfn=(4206)
calls=2 0 
0 82
0 22
cob=(2)
cfi=(2)
cfn=(4206)
calls=2 0 
0 82
0 40

fn=(7476) core::ptr::drop_glue::<h2::codec::framed_read::FramedRead<h2::codec::framed_write::FramedWrite<tokio::net::tcp::stream::TcpStream, h2::proto::streams::prioritize::Prioritized<bytes::bytes::Bytes>>>>
0 10
cfn=(7436) core::ptr::drop_glue::<tokio::net::tcp::stream::TcpStream>
calls=2 0 
0 448
0 4
cfn=(7478) core::ptr::drop_glue::<h2::codec::framed_write::Encoder<h2::proto::streams::prioritize::Prioritized<bytes::bytes::Bytes>>>
calls=2 0 
0 1363
0 24
cob=(2)
cfi=(2)
cfn=(4916)
calls=2 0 
0 407
0 4
cob=(2)
cfi=(2)
cfn=(4916)
calls=2 0 
0 190
0 4
cfn=(7482) core::ptr::drop_glue::<h2::hpack::decoder::Decoder>
calls=2 0 
0 3800
0 12
cfn=(7484) core::ptr::drop_glue::<core::option::Option<h2::codec::framed_read::Partial>>
calls=2 0 
0 20

fn=(7482)
0 67
cfn=(6824)
calls=2 0 
0 858
0 4
cfn=(6824)
calls=2 0 
0 860
0 22
cfn=(6824)
calls=1 0 
0 566
0 6
cfn=(6824)
calls=3 0 
0 608
0 24
cob=(2)
cfi=(2)
cfn=(4916)
calls=2 0 
0 146
0 24
cob=(2)
cfi=(2)
cfn=(4916)
calls=2 0 
0 407
0 18
cob=(2)
cfi=(2)
cfn=(4916)
calls=2 0 
0 190

fn=(7512) <alloc::collections::btree::node::Handle<alloc::collections::btree::node::NodeRef<alloc::collections::btree::node::marker::Mut, u64, alloc::sync::Arc<pbrs_grpc::channelz::model::ServerEntry>, alloc::collections::btree::node::marker::Leaf>, alloc::collections::btree::node::marker::KV>>::remove_leaf_kv::<<alloc::collections::btree::map::entry::OccupiedEntry<u64, alloc::sync::Arc<pbrs_grpc::channelz::model::ServerEntry>>>::remove_kv::{closure#0}, alloc::alloc::Global>
0 25
cob=(2)
cfi=(2)
cfn=(4532)
calls=1 0 
0 12
0 10
cob=(2)
cfi=(2)
cfn=(4532)
calls=1 0 
0 12
0 43

fn=(7538) <tokio::runtime::task::harness::Harness<tokio::runtime::blocking::task::BlockingTask<<tokio::runtime::scheduler::multi_thread::worker::Launch>::launch::{closure#0}>, tokio::runtime::blocking::schedule::BlockingSchedule>>::complete
0 88
cfn=(7536) <tokio::runtime::task::core::Core<tokio::runtime::blocking::task::BlockingTask<<tokio::runtime::scheduler::multi_thread::worker::Launch>::launch::{closure#0}>, tokio::runtime::blocking::schedule::BlockingSchedule>>::set_stage
calls=4 0 
0 160
0 56

fn=(7738) <alloc::sync::Arc<tokio::sync::oneshot::Inner<()>>>::drop_slow
0 10
cfn=(6574) tokio::runtime::park::drop_waker
calls=1 0 
0 7
0 11
cob=(2)
cfi=(2)
cfn=(4916)
calls=1 0 
0 65

fn=(7828) core::ptr::drop_glue::<std::thread::lifecycle::Packet<()>>
0 104

fn=(7838) <alloc::sync::Arc<dyn core::ops::function::Fn<(), Output = ()> + core::marker::Send + core::marker::Sync>>::drop_slow
0 27
cob=(2)
cfi=(2)
cfn=(4916)
calls=1 0 
0 117

fn=(7860) std::sys::thread_local::native::lazy::destroy::<tokio::runtime::park::ParkThread>
0 8
cfn=(7862) <alloc::sync::Arc<tokio::runtime::park::Inner>>::drop_slow
calls=1 0 
0 123

fn=(7926) 0x00000000002591e0
0 9
cob=(2)
cfi=(2)
cfn=(7934) __cxa_finalize
calls=1 0 
0 71
0 1
0 1
cfn=(7946) 0x0000000000259170
calls=1 0 
0 5
0 3

fn=(7946)
0 5

fn=(6512) <h2::frame::window_update::WindowUpdate>::encode::<bytes::bytes_mut::BytesMut>
0 114

fn=(6806) tokio::runtime::task::raw::poll::<pbrs_grpc::client::pool::finish_h2<tokio::net::tcp::stream::TcpStream>::{closure#0}::{closure#2}, alloc::sync::Arc<tokio::runtime::scheduler::multi_thread::handle::Handle>>
0 24492
cfn=(6808) pbrs_grpc::client::pool::finish_h2::<tokio::net::tcp::stream::TcpStream>::{closure#0}::{closure#2}
calls=471 0 
0 4298428
0 17938
cfn=(5714)
calls=20 0 
0 4960
0 3908

fn=(4142) 0x0000000000259220
0 12

fn=(5038) std::env::args_os
0 39
cob=(2)
cfi=(2)
cfn=(4206)
calls=1 0 
0 187
0 131
cob=(2)
cfi=(2)
cfn=(4578)
calls=7 0 
0 99
0 35
cob=(2)
cfi=(2)
cfn=(4206)
calls=7 0 
0 1306
0 70
cob=(2)
cfi=(2)
cfn=(4532)
calls=7 0 
0 95
0 26

fn=(5092)
0 22255

fn=(5128) std::sys::fs::unix::try_statx
0 111
cob=(2)
cfi=(2)
cfn=(5130) statx
calls=3 0 
0 30
0 229

fn=(5134) alloc::io::read::default_read_to_end::<&std::fs::File>
0 83
cfn=(5162) alloc::io::read::default_read_to_end::small_probe_read::<&std::fs::File>
calls=1 0 
0 92
0 41
cfn=(5162)
calls=1 0 
0 75
0 60
cob=(2)
cfi=(2)
cfn=(5136) read
calls=2 0 
0 56
0 64

fn=(5146) <std::path::Components>::parse_next_component_back
0 566

fn=(5152)
0 1167

fn=(5472)
0 6
cfn=(5474) <alloc::raw_vec::RawVec<tokio::runtime::blocking::pool::Task>>::grow_one
calls=1 0 
0 261
0 10

fn=(5476)
0 16
cob=(2)
cfi=(2)
cfn=(4206)
calls=4 0 
0 723
0 60

fn=(5630)
0 108
cob=(2)
cfi=(2)
cfn=(4206)
calls=2 0 
0 242
0 40
cob=(2)
cfi=(2)
cfn=(4968)
calls=2 0 
0 20
0 53
cfn=(5628)
calls=3 0 
0 438
0 149
cob=(2)
cfi=(2)
cfn=(4916)
calls=1 0 
0 65
0 1

fn=(5672) <tokio::runtime::runtime::Runtime>::enter
0 17
cfn=(5674) <tokio::runtime::context::Context>::set_current
calls=1 0 
0 33
0 13

fn=(5682)
0 19
cfn=(5684) <str as tokio::net::addr::sealed::ToSocketAddrsPriv>::to_socket_addrs
calls=1 0 
0 241
0 10
cfn=(5690) <tokio::net::addr::sealed::MaybeReady as core::future::future::Future>::poll
calls=1 0 
0 25
0 28
cfn=(5692) <mio::net::tcp::listener::TcpListener>::bind
calls=1 0 
0 76
0 20
cfn=(5702) <tokio::io::poll_evented::PollEvented<mio::net::tcp::stream::TcpStream>>::new_with_interest
calls=1 0 
0 694
0 7

fn=(5778) <core::hash::sip::Hasher<core::hash::sip::Sip13Rounds> as core::hash::Hasher>::write
0 19033

fn=(5828) <pbrs_grpc::proxy::ProxyConfig>::bypasses
0 11
cfn=(5794) pbrs_grpc::proxy::strip_port
calls=1 0 
0 160
0 3
cfn=(5792) <str>::to_lowercase
calls=1 0 
0 210
0 7
cfn=(5688) <core::net::parser::Parser>::read_ipv4_addr
calls=1 0 
0 142
0 42
cob=(2)
cfi=(2)
cfn=(5054) 0x00000000001623e0
calls=1 0 
0 21
0 10
cfn=(5832)
calls=1 0 
0 457
0 9
cob=(2)
cfi=(2)
cfn=(4916)
calls=1 0 
0 65
0 28
cob=(2)
cfi=(2)
cfn=(4916)
calls=1 0 
0 65
0 9

fn=(5832)
0 1071
cob=(2)
cfi=(2)
cfn=(4206)
calls=7 0 
0 792
0 95
cfn=(5726) core::fmt::write
calls=6 0 
0 6082
0 56
cfn=(5726)
calls=7 0 
0 2845
0 182

fn=(5836)
0 462
cfn=(5738) <alloc::string::String as core::fmt::Write>::write_str
calls=2 0 
0 316
cfn=(7360) <core::io::write::default_write_fmt::Adapter<std::io::stdio::StderrLock> as core::fmt::Write>::write_str
calls=1 0 
0 109
cfn=(5738)
calls=18 0 
0 4968

fn=(5844) <mio::net::tcp::stream::TcpStream>::connect
0 12
cob=(2)
cfi=(2)
cfn=(5694) socket
calls=1 0 
0 5
0 18
cob=(2)
cfi=(2)
cfn=(5846) connect
calls=1 0 
0 64
0 3
cob=(2)
cfi=(2)
cfn=(5030) __errno_location
calls=1 0 
0 3
0 17

fn=(6186) <pbrs_grpc::server::router::Router>::with_channelz
0 44
cob=(2)
cfi=(2)
cfn=(4206)
calls=1 0 
0 213
0 26
cfn=(6188) alloc::str::join_generic_copy::<str, u8, &str>
calls=1 0 
0 295
0 25
cob=(2)
cfi=(2)
cfn=(4206)
calls=1 0 
0 213
0 10
cob=(2)
cfi=(2)
cfn=(4532)
calls=1 0 
0 12
0 2
cfn=(5192)
calls=1 0 
0 26
0 24
cob=(2)
cfi=(2)
cfn=(4206)
calls=1 0 
0 210
0 12
cob=(2)
cfi=(2)
cfn=(4532)
calls=1 0 
0 29
0 9
cfn=(5832)
calls=1 0 
0 491
0 7
cfn=(6198)
calls=1 0 
0 446
0 17
cfn=(6190) <std::sync::once_lock::OnceLock<alloc::sync::Arc<pbrs_grpc::channelz::model::Registry>>>::initialize::<<std::sync::once_lock::OnceLock<alloc::sync::Arc<pbrs_grpc::channelz::model::Registry>>>::get_or_init<<pbrs_grpc::channelz::model::Registry>::global_shared::{closure#0}>::{closure#0}, !>
calls=1 0 
0 349
0 11
cob=(2)
cfi=(2)
cfn=(4206)
calls=1 0 
0 210
0 35
cob=(2)
cfi=(2)
cfn=(4916)
calls=1 0 
0 73
0 12
cob=(2)
cfi=(2)
cfn=(4532)
calls=1 0 
0 76
0 4
cob=(2)
cfi=(2)
cfn=(4916)
calls=1 0 
0 73
0 9

fn=(6204) <alloc::raw_vec::RawVec<pbrs_grpc::channelz::trace::TraceEvent>>::grow_one
0 45
cfn=(5424)
calls=3 0 
0 1306
0 27

fn=(6214) <&str as core::fmt::Display>::fmt
0 15
cfn=(5836)
calls=3 0 
0 514

fn=(6238) <tokio::runtime::io::registration::Registration>::readiness::{closure#0}
0 126
cfn=(6240) <tokio::runtime::io::scheduled_io::Readiness as core::future::future::Future>::poll
calls=3 0 
0 372
0 4
cfn=(6240)
calls=1 0 
0 85
0 24
cfn=(6288) <tokio::runtime::io::scheduled_io::Readiness as core::ops::drop::Drop>::drop
calls=2 0 
0 80
0 86

fn=(6246)
0 28935

fn=(6270) <tokio::runtime::time::Driver>::park_internal
0 23610
cfn=(6272)
calls=787 0 
0 22151
0 17334
cfn=(5192)
calls=5 0 
0 130
0 40
cfn=(6244)
calls=5 0 
0 180
0 8066
cfn=(6274) <tokio::runtime::io::driver::Driver>::turn
calls=761 0 
0 186180
0 26
cfn=(6274)
calls=26 0 
0 5656
0 3148
cfn=(5192)
calls=787 0 
0 20462
0 6296
cfn=(6244)
calls=787 0 
0 28332
0 19675
cfn=(6284) <tokio::runtime::time::handle::Handle>::process_at_time
calls=787 0 
0 110179

fn=(6320) pbrs_grpc::server::accept::accept_loop_with_slots::<pbrs_grpc::server::router::Router, core::future::pending::Pending<()>>::{closure#0}::{closure#2}
0 12569
cfn=(6322) pbrs_grpc::tcp::tune
calls=1 0 
0 1019
0 9
cfn=(5708)
calls=1 0 
0 45
0 3259
cob=(2)
cfi=(2)
cfn=(4532)
calls=1 0 
0 64
0 16
cob=(2)
cfi=(2)
cfn=(4532)
calls=1 0 
0 64
0 5
cob=(2)
cfi=(2)
cfn=(4532)
calls=1 0 
0 64
0 57
cob=(2)
cfi=(2)
cfn=(4532)
calls=1 0 
0 64
0 13
cob=(2)
cfi=(2)
cfn=(4532)
calls=1 0 
0 64
0 3
cfn=(6326) <pbrs_grpc::config::ServerConfig>::h2_builder
calls=1 0 
0 63
0 7
cob=(2)
cfi=(2)
cfn=(4206)
calls=1 0 
0 223
0 15
cob=(2)
cfi=(2)
cfn=(4532)
calls=1 0 
0 29
0 13
cob=(2)
cfi=(2)
cfn=(4532)
calls=1 0 
0 29
0 17
cob=(2)
cfi=(2)
cfn=(4532)
calls=1 0 
0 304
0 2945
cfn=(6328) pbrs_grpc::server::connection::wait_for_drain::{closure#0}
calls=2 0 
0 574
0 18
cfn=(6334) <pbrs_grpc::rt::TokioRuntime as pbrs_grpc::rt::Runtime>::timeout::<<pbrs_grpc::transport::h2::ServerBuilder as pbrs_grpc::transport::ServerBuilder>::handshake<tokio::net::tcp::stream::TcpStream>::{closure#0}>::{closure#0}
calls=2 0 
0 5805
0 13
cfn=(6334)
calls=1 0 
0 3448
0 7
cob=(2)
cfi=(2)
cfn=(4532)
calls=1 0 
0 160
0 6
cob=(2)
cfi=(2)
cfn=(4532)
calls=1 0 
0 160
0 3
cfn=(6534) core::ptr::drop_glue::<(<pbrs_grpc::rt::TokioRuntime as pbrs_grpc::rt::Runtime>::timeout<<pbrs_grpc::transport::h2::ServerBuilder as pbrs_grpc::transport::ServerBuilder>::handshake<tokio::net::tcp::stream::TcpStream>::{closure#0}>::{closure#0}, pbrs_grpc::server::connection::wait_for_drain::{closure#0})>
calls=1 0 
0 154
0 15
cob=(2)
cfi=(2)
cfn=(4532)
calls=1 0 
0 160
0 41
cfn=(6540) <pbrs_grpc::channelz::model::Registry>::global_shared
calls=1 0 
0 10
0 27
cfn=(6206)
calls=1 0 
0 7463
0 42
cfn=(6472) <h2::proto::ping_pong::PingPong>::take_user_pings
calls=1 0 
0 75
0 6
cfn=(6542) pbrs_grpc::keepalive::spawn_in::<pbrs_grpc::rt::TokioRuntime>
calls=1 0 
0 28
0 5
cfn=(5192)
calls=1 0 
0 26
0 3
cfn=(6544) <pbrs_grpc::keepalive::Busy>::new
calls=1 0 
0 57
0 33718
cfn=(6546) <pbrs_grpc::transport::h2::ServerConnection<tokio::net::tcp::stream::TcpStream> as pbrs_grpc::transport::ServerConnection>::poll_accept
calls=604 0 
0 4656375
0 6444
cob=(2)
cfi=(2)
cfn=(4532)
calls=201 0 
0 10452
0 4029
cfn=(6328)
calls=403 0 
0 85586
0 18941
cfn=(6562) <core::pin::Pin<&mut pbrs_grpc::keepalive::wait_opt::{closure#0}> as core::future::future::Future>::poll
calls=403 0 
0 8467
0 2818
cob=(2)
cfi=(2)
cfn=(4532)
calls=201 0 
0 10452
0 603
cfn=(6940) core::ptr::drop_glue::<(core::future::poll_fn::PollFn<<pbrs_grpc::transport::h2::ServerConnection<tokio_rustls::server::TlsStream<tokio::net::tcp::stream::TcpStream>> as pbrs_grpc::transport::ServerConnection>::accept::{closure#0}>, <pbrs_grpc::keepalive::Busy>::notified::{closure#0}, &mut core::pin::Pin<&mut pbrs_grpc::server::connection::wait_for_drain::{closure#0}>, pbrs_grpc::server::connection::sleep_until_opt<pbrs_grpc::rt::TokioRuntime>::{closure#0}, pbrs_grpc::server::connection::sleep_until_opt<pbrs_grpc::rt::TokioRuntime>::{closure#0}, pbrs_grpc::server::connection::sleep_until_opt<pbrs_grpc::rt::TokioRuntime>::{closure#0}, &mut core::pin::Pin<&mut pbrs_grpc::keepalive::wait_opt::{closure#0}>)>
calls=201 0 
0 3216
0 2613
cob=(2)
cfi=(2)
cfn=(4532)
calls=201 0 
0 10452
0 1206
cob=(2)
cfi=(2)
cfn=(4532)
calls=201 0 
0 5829
0 2211
cfn=(6942) pbrs_grpc::wire::headers::check_request
calls=201 0 
0 77385
0 1608
cfn=(6744) <http::header::map::HeaderMap>::get::<http::header::name::HeaderName>
calls=201 0 
0 29949
0 17688
cob=(2)
cfi=(2)
cfn=(4532)
calls=201 0 
0 12462
0 1608
cob=(2)
cfi=(2)
cfn=(4532)
calls=201 0 
0 5829
0 10050
cob=(2)
cfi=(2)
cfn=(4532)
calls=201 0 
0 58692
0 2211
cob=(2)
cfi=(2)
cfn=(4532)
calls=201 0 
0 58692
0 4020
cob=(2)
cfi=(2)
cfn=(4532)
calls=201 0 
0 58290
0 2613
cob=(2)
cfi=(2)
cfn=(4532)
calls=201 0 
0 58692
0 2010
cob=(2)
cfi=(2)
cfn=(5224)
calls=201 0 
0 141184
0 2808
cob=(2)
cfi=(2)
cfn=(4532)
calls=200 0 
0 60778
0 4
cob=(2)
cfi=(2)
cfn=(4532)
calls=1 0 
0 304
0 804
cfn=(5712)
calls=201 0 
0 16554
0 2412
cfn=(5714)
calls=201 0 
0 10452
0 3216

fn=(6328)
0 19137
cfn=(6330) tokio::sync::watch::changed_impl::<bool>::{closure#0}
calls=2 0 
0 474
0 1612
cfn=(6330)
calls=403 0 
0 54002
0 10935

fn=(6344) <h2::codec::framed_write::FramedWrite<tokio::net::tcp::stream::TcpStream, h2::proto::streams::prioritize::Prioritized<bytes::bytes::Bytes>>>::flush
0 41042
cfn=(6378) <h2::codec::framed_write::Encoder<h2::proto::streams::prioritize::Prioritized<bytes::bytes::Bytes>>>::unset_frame
calls=1479 0 
0 42603
0 52673
cfn=(6346) <tokio::net::tcp::stream::TcpStream>::poll_write_vectored_priv
calls=205 0 
0 35661
0 89084
cfn=(6346)
calls=402 0 
0 69948
0 40175

fn=(6458) <h2::proto::streams::flow_control::FlowControl>::inc_window
0 15447

fn=(6472)
0 26
cob=(2)
cfi=(2)
cfn=(4206)
calls=2 0 
0 302
0 42

fn=(6530) <tokio::runtime::time::entry::TimerEntry as core::ops::drop::Drop>::drop
0 64
cfn=(6532) <tokio::runtime::time::wheel::Wheel>::remove
calls=2 0 
0 103
0 42
cfn=(6574)
calls=1 0 
0 7
cfn=(6384) tokio::runtime::task::waker::drop_waker
calls=1 0 
0 8
0 32

fn=(6538) <tokio::sync::notify::NotifiedProject>::drop_notified
0 17308

fn=(6568) core::ptr::drop_glue::<pbrs_grpc::client::pool::finish_tcp::{closure#0}>
0 15

fn=(6578) <pbrs_grpc::client::pool::Endpoint>::describe
0 21
cob=(2)
cfi=(2)
cfn=(4206)
calls=1 0 
0 41
0 10
cob=(2)
cfi=(2)
cfn=(4532)
calls=1 0 
0 12
0 11

fn=(6586) <pbrs_grpc::channelz::model::Connectivity as core::fmt::Debug>::fmt
0 10
cfn=(5738)
calls=1 0 
0 42

fn=(6630) <pbrs_grpc::client::channel::Channel>::take_rpc_slot
0 1407

fn=(6730) <indexmap::inner::Core<h2::frame::stream_id::StreamId, h2::proto::streams::store::SlabIndex>>::push_entry
0 10496
cfn=(5424)
calls=2 0 
0 505
0 22

fn=(6768) core::ptr::drop_glue::<h2::proto::streams::streams::Streams<bytes::bytes::Bytes, h2::client::Peer>>
0 8327
cfn=(7490) <alloc::sync::Arc<std::sync::poison::mutex::Mutex<h2::proto::streams::streams::Inner>>>::drop_slow
calls=2 0 
0 1452
0 629
cfn=(7500) <alloc::sync::Arc<h2::proto::streams::streams::SendBuffer<bytes::bytes::Bytes>>>::drop_slow
calls=2 0 
0 652
0 1643
cfn=(6280) tokio::runtime::task::waker::wake_by_val
calls=1 0 
0 299
0 22

fn=(6772) core::ptr::drop_glue::<pbrs_grpc::client::call::open_in<pbrs_grpc::rt::TokioRuntime>::{closure#0}>
0 3417

fn=(6788) core::ptr::drop_glue::<core::option::Option<alloc::vec::into_iter::IntoIter<bytes::bytes::Bytes>>>
0 8442

fn=(6816) <h2::proto::streams::buffer::Deque>::pop_front::<h2::frame::Frame>
0 28140
cob=(2)
cfi=(2)
cfn=(4532)
calls=1005 0 
0 64320
0 15075
cob=(2)
cfi=(2)
cfn=(4532)
calls=603 0 
0 38592
0 1206
cob=(2)
cfi=(2)
cfn=(4532)
calls=402 0 
0 25728
0 8040

fn=(6872)
0 9372

fn=(6884)
0 84
cob=(2)
cfi=(2)
cfn=(4206)
calls=7 0 
0 1088
0 70
cob=(2)
cfi=(2)
cfn=(4532)
calls=7 0 
0 77
0 119

fn=(6894) <h2::proto::streams::store::VacantEntry>::insert
0 3015
cfn=(6722) <slab::Slab<h2::proto::streams::stream::Stream>>::insert_at
calls=201 0 
0 17751
0 8243
cfn=(6730)
calls=201 0 
0 5516
0 2620
cfn=(6728)
calls=1 0 
0 327
0 6
cfn=(6896) <hashbrown::raw::RawTableInner>::find_insert_index
calls=1 0 
0 11
0 5

fn=(6908) <http::uri::path::PathAndQuery>::from_maybe_shared::<bytes::bytes::Bytes>
0 2211
cfn=(6910) <http::uri::path::PathAndQuery>::from_shared
calls=201 0 
0 53868
0 402

fn=(6914) <slab::Slab<h2::proto::streams::buffer::Slot<h2::proto::streams::recv::Event>>>::insert_at
0 10868
cfn=(6916) <alloc::raw_vec::RawVec<slab::Entry<h2::proto::streams::buffer::Slot<h2::proto::streams::recv::Event>>>>::grow_one
calls=2 0 
0 524
0 25
cob=(2)
cfi=(2)
cfn=(4532)
calls=5 0 
0 145
0 16849
cob=(2)
cfi=(2)
cfn=(4532)
calls=1201 0 
0 34829

fn=(6922) <h2::proto::streams::store::Store>::find_mut
0 12060

fn=(6924) <h2::proto::streams::recv::Recv>::recv_data
0 21105
cfn=(6926) <h2::proto::streams::recv::Recv>::consume_connection_window
calls=402 0 
0 22914
0 15678
cfn=(6898) <h2::proto::streams::store::Ptr as core::ops::deref::Deref>::deref
calls=201 0 
0 3417
0 804
cfn=(6928) <h2::proto::streams::store::Ptr as core::ops::deref::DerefMut>::deref_mut
calls=201 0 
0 3417
0 804
cfn=(6930) <h2::proto::streams::state::State>::recv_close
calls=201 0 
0 6633
0 804
cfn=(6932) core::ptr::drop_glue::<core::option::Option<h2::proto::error::Error>>
calls=201 0 
0 804
0 5628
cfn=(6928)
calls=402 0 
0 6834
0 1608
cfn=(6850) <h2::proto::streams::flow_control::FlowControl>::send_data
calls=402 0 
0 11256
0 1608
cfn=(6928)
calls=402 0 
0 6834
0 10854
cfn=(6928)
calls=402 0 
0 6834
0 2010
cfn=(6934) <h2::proto::streams::buffer::Deque>::push_back::<h2::proto::streams::recv::Event>
calls=402 0 
0 46827
0 804
cfn=(6928)
calls=402 0 
0 6834
0 2033
cfn=(6432) tokio::runtime::park::wake
calls=23 0 
0 1449
0 1206

fn=(6942)
0 3015
cfn=(6744)
calls=201 0 
0 21708
0 16482
cfn=(6744)
calls=201 0 
0 35577
0 603

fn=(6946) pbrs_grpc::server::connection::serve_io_in::<pbrs_grpc::rt::TokioRuntime, pbrs_grpc::server::router::Router, tokio_rustls::server::TlsStream<tokio::net::tcp::stream::TcpStream>>::{closure#0}::{closure#10}
0 5628
cob=(2)
cfi=(2)
cfn=(4532)
calls=201 0 
0 5829
0 1809
cob=(2)
cfi=(2)
cfn=(4532)
calls=201 0 
0 12786
0 5628
cfn=(6948) pbrs_grpc::server::connection::incoming_rpc
calls=201 0 
0 224402
0 1206
cob=(2)
cfi=(2)
cfn=(4532)
calls=201 0 
0 24924
0 804
cob=(2)
cfi=(2)
cfn=(4532)
calls=201 0 
0 24924
0 1206
cfn=(6956) <pbrs_grpc::server::router::Router as pbrs_grpc::server::dispatch::Dispatch>::dispatch::{closure#0}
calls=201 0 
0 6621390
0 5829

fn=(6950) <http::header::map::HeaderMap as core::clone::Clone>::clone
0 3417
cob=(2)
cfi=(2)
cfn=(4206)
calls=201 0 
0 12245
0 2405
cob=(2)
cfi=(2)
cfn=(4532)
calls=200 0 
0 2200
0 5
cob=(2)
cfi=(2)
cfn=(4532)
calls=1 0 
0 11
0 2412
cob=(2)
cfi=(2)
cfn=(4206)
calls=201 0 
0 8898
0 34971
cfn=(6676) bytes::bytes::shared_clone
calls=200 0 
0 2000
cfn=(6590) bytes::bytes::promotable_even_clone
calls=1 0 
0 16
0 9849
cfn=(6676)
calls=600 0 
0 6000
cfn=(6590)
calls=3 0 
0 48
0 1608
cfn=(6676)
calls=200 0 
0 2000
cfn=(6590)
calls=1 0 
0 16
0 11457

fn=(6964) <pbrs_grpc::server::rpc::Rpc>::method
0 6432
cfn=(5788) core::slice::memchr::memrchr_aligned
calls=201 0 
0 15819
0 3618

fn=(6968) <pbrs_grpc::server::rpc::Rpc>::effective_timeout
0 1809
cfn=(6744)
calls=201 0 
0 29949
0 2814

fn=(6994) <h2::proto::streams::recv::Recv>::release_capacity
0 14874
cfn=(6996) <h2::proto::streams::recv::Recv>::release_connection_capacity
calls=402 0 
0 12462
0 22914

fn=(7008) prost::encoding::varint::decode_varint_slice
0 9246

fn=(7010) <alloc::vec::Vec<u8> as prost::encoding::sealed::BytesAdapter>::replace_with::<bytes::bytes::Bytes>
0 11256
cob=(2)
cfi=(2)
cfn=(4532)
calls=402 0 
0 49752
0 6030
cfn=(6862)
calls=402 0 
0 2010
0 2412
cfn=(5740) <alloc::raw_vec::RawVecInner<_>>::reserve::do_reserve_and_handle::<alloc::alloc::Global>
calls=402 0 
0 50310
0 1608

fn=(7040) <pbrs_grpc::transport::h2::SendResponse as pbrs_grpc::transport::SendResponse>::send_response
0 18693
cfn=(7042) <h2::server::Peer>::convert_send_message
calls=201 0 
0 41205
0 1608
cfn=(6732) <h2::proto::streams::send::Send>::send_headers::<bytes::bytes::Bytes>
calls=201 0 
0 336939
0 1809
cfn=(6786) <h2::proto::streams::counts::Counts>::transition_after
calls=201 0 
0 10653
0 6030
cfn=(6764) <h2::proto::streams::streams::OpaqueStreamRef as core::clone::Clone>::clone
calls=201 0 
0 13065
0 5025

fn=(7044) pbrs_grpc::wire::send::grpc_trailers
0 4621
cfn=(7046) <std::sync::once_lock::OnceLock<pbrs_grpc::metadata::Metadata>>::initialize::<<std::sync::once_lock::OnceLock<pbrs_grpc::metadata::Metadata>>::get_or_init<<pbrs_grpc::metadata::Metadata>::new>::{closure#0}, !>
calls=1 0 
0 85
0 807
cob=(2)
cfi=(2)
cfn=(4206)
calls=201 0 
0 7638
0 2206
cob=(2)
cfi=(2)
cfn=(4206)
calls=200 0 
0 8565
0 3
cob=(2)
cfi=(2)
cfn=(4206)
calls=1 0 
0 213
0 4606
cfn=(6690) <http::header::map::HeaderMap>::try_insert2::<http::header::name::HeaderName>
calls=200 0 
0 44600
0 15
cfn=(6690)
calls=1 0 
0 223
0 5226

fn=(7058) <pbrs_grpc::channelz::model::Registry>::note_stream_end
0 3216
cfn=(6662) <pbrs_grpc::channelz::model::Registry>::socket
calls=402 0 
0 24120
0 6834

fn=(7086) core::ptr::drop_glue::<<pbrs_grpc::server::rpc::Rpc>::unary<pbrs_grpc::codec::prost::Message<devloop::echo::EchoRequest>, pbrs_grpc::codec::prost::Message<devloop::echo::EchoReply>, <devloop::ProstNativeEchod as pbrs_grpc::server::dispatch::Service>::call::{closure#0}::{closure#0}, <devloop::ProstNativeEchod as pbrs_grpc::server::dispatch::Service>::call::{closure#0}::{closure#0}::{closure#0}>::{closure#0}>
0 3015

fn=(7172) core::ptr::drop_glue::<h2::proto::streams::stream::Stream>
0 2412
cfn=(6746) core::ptr::drop_glue::<h2::proto::streams::state::Inner>
calls=402 0 
0 3216
0 5226

fn=(7192) pbrs_grpc::wire::frame_reader::status_from
0 2613
cfn=(7194) pbrs_grpc::wire::frame_reader::status_from::{closure#0}
calls=201 0 
0 37989
0 6633
cfn=(7196) <pbrs_grpc::status::Status>::new::<alloc::string::String>
calls=201 0 
0 3618
0 4221

fn=(7214) <pbrs_grpc::client::channel::Channel>::note_call_outcome::{closure#0}
0 10251

fn=(7344)
0 19
cob=(2)
cfi=(2)
cfn=(4206)
calls=1 0 
0 41
0 10
cob=(2)
cfi=(2)
cfn=(4532)
calls=1 0 
0 12
0 83
cob=(2)
cfi=(2)
cfn=(4206)
calls=1 0 
0 41
0 17
cfn=(7346) <&mut serde_json::ser::Serializer<&mut alloc::vec::Vec<u8>> as serde_core::ser::Serializer>::serialize_str
calls=1 0 
0 96
0 13
cfn=(7346)
calls=1 0 
0 171
0 5
cfn=(7348) <serde_json::ser::Compound<&mut alloc::vec::Vec<u8>, serde_json::ser::CompactFormatter> as serde_core::ser::SerializeStruct>::serialize_field::<u64>
calls=1 0 
0 207
0 8
cfn=(7348)
calls=1 0 
0 216
0 8
cfn=(7348)
calls=1 0 
0 263
0 8
cfn=(7348)
calls=1 0 
0 250
0 23
cfn=(7346)
calls=1 0 
0 143
0 23
cfn=(7348)
calls=1 0 
0 219
0 8
cfn=(7348)
calls=1 0 
0 902
0 8
cfn=(7348)
calls=1 0 
0 227
0 8
cfn=(7348)
calls=1 0 
0 227
0 8
cfn=(7348)
calls=1 0 
0 234
0 8
cfn=(7348)
calls=1 0 
0 234
0 8
cfn=(7348)
calls=1 0 
0 254
0 8
cfn=(7348)
calls=1 0 
0 298
0 8
cfn=(7348)
calls=1 0 
0 663
0 8
cfn=(7348)
calls=1 0 
0 265
0 8
cfn=(7348)
calls=1 0 
0 262
0 8
cfn=(7348)
calls=1 0 
0 262
0 8
cfn=(7348)
calls=1 0 
0 262
0 8
cfn=(7348)
calls=1 0 
0 241
0 5
cfn=(7352)
calls=1 0 
0 16
0 21
cob=(2)
cfi=(2)
cfn=(4916)
calls=1 0 
0 65
0 10

fn=(7354)
0 11
cfn=(7356) std::io::stdio::print_to_buffer_if_capture_used
calls=1 0 
0 20
0 10
cfn=(7358) <&std::io::stdio::Stderr as core::io::write::Write>::write_fmt
calls=1 0 
0 501
0 7

fn=(7406) core::ptr::drop_glue::<devloop::cmd_run_cell::{closure#1}>
0 5

fn=(7418)
0 23
cfn=(7420) core::ptr::drop_glue::<tokio::runtime::task::core::Stage<devloop::rpc_prost_unary::{closure#0}::{closure#0}>>
calls=1 0 
0 2944
0 4
cob=(2)
cfi=(2)
cfn=(4532)
calls=1 0 
0 268
0 19
cfn=(7420)
calls=1 0 
0 12
0 4
cob=(2)
cfi=(2)
cfn=(4532)
calls=1 0 
0 268
0 11

fn=(7430) <tokio::sync::batch_semaphore::Semaphore>::close
0 35

fn=(7444) core::ptr::drop_glue::<tokio::runtime::task::core::Cell<devloop::rpc_prost_unary::{closure#0}::{closure#0}, alloc::sync::Arc<tokio::runtime::scheduler::multi_thread::handle::Handle>>>
0 9
cfn=(7420)
calls=1 0 
0 12
0 10

fn=(7462) <h2::proto::error::Error as core::convert::From<core::io::error::Error>>::from
0 56
cfn=(7464) <<alloc::boxed::Box<dyn core::error::Error + core::marker::Send + core::marker::Sync> as core::convert::From<alloc::string::String>>::from::StringError as core::fmt::Display>::fmt
calls=2 0 
0 370
0 22
cfn=(7466) alloc::io::error::custom_owner_from_box::drop_box_raw::<core::io::error::Custom>
calls=2 0 
0 492
0 14

fn=(7508) <alloc::sync::Arc<dyn pbrs_grpc::binlog::sink::Sink>>::drop_slow
0 27
cob=(2)
cfi=(2)
cfn=(4916)
calls=1 0 
0 125

fn=(7526) core::ptr::drop_glue::<pbrs_grpc::client::pool::finish_h2<tokio::net::tcp::stream::TcpStream>::{closure#0}::{closure#2}>
0 14
cfn=(7528) core::ptr::drop_glue::<pbrs_grpc::transport::h2::ClientConnection<tokio::net::tcp::stream::TcpStream>>
calls=1 0 
0 5456
0 2
cfn=(7454) core::ptr::drop_glue::<pbrs_grpc::keepalive::wait_opt::{closure#0}>
calls=1 0 
0 16
0 9
cfn=(6536) core::ptr::drop_glue::<pbrs_grpc::keepalive::wait::{closure#0}>
calls=1 0 
0 240

fn=(7534) <alloc::sync::Arc<tokio::runtime::scheduler::multi_thread::worker::Worker>>::drop_slow
0 80
cob=(2)
cfi=(2)
cfn=(4916)
calls=4 0 
0 260

fn=(7722) <alloc::sync::Arc<tokio::runtime::scheduler::multi_thread::handle::Handle>>::drop_slow
0 6
cfn=(7724) core::ptr::drop_glue::<tokio::runtime::scheduler::multi_thread::handle::Handle>
calls=1 0 
0 2616
0 9
cob=(2)
cfi=(2)
cfn=(4916)
calls=1 0 
0 65

fn=(7844) <std::sync::once_lock::OnceLock<std::sync::reentrant_lock::ReentrantLock<core::cell::RefCell<alloc::io::buffered::linewriter::LineWriter<std::io::stdio::StdoutRaw>>>>>::initialize::<<std::sync::once_lock::OnceLock<std::sync::reentrant_lock::ReentrantLock<core::cell::RefCell<alloc::io::buffered::linewriter::LineWriter<std::io::stdio::StdoutRaw>>>>>::get_or_init<std::io::stdio::cleanup::{closure#0}>::{closure#0}, !>
0 20
cfn=(6193) <std::sys::sync::once::futex::Once>::call'2
calls=1 0 
0 63
0 3

fn=(6518) <h2::proto::streams::store::Queue<h2::proto::streams::stream::NextOpen>>::pop::<h2::proto::streams::store::Store>
0 18528

fn=(6520) <h2::proto::streams::prioritize::Prioritize>::pop_frame::<bytes::bytes::Bytes>
0 87402
cfn=(6522) <h2::proto::streams::store::Queue<h2::proto::streams::stream::NextSend>>::pop::<h2::proto::streams::store::Store>
calls=2081 0 
0 42636
0 51397
cfn=(6816)
calls=1005 0 
0 181101
0 43629
cob=(2)
cfi=(2)
cfn=(4532)
calls=603 0 
0 38592
0 6030
cob=(2)
cfi=(2)
cfn=(4532)
calls=603 0 
0 36180
0 14472
cfn=(6848) <h2::proto::streams::stream::Stream>::send_data
calls=402 0 
0 29346
0 7638
cfn=(6850)
calls=402 0 
0 11256
0 33969
cfn=(6814)
calls=603 0 
0 29547
0 4020
cfn=(6786)
calls=1005 0 
0 111354
0 4020
cob=(2)
cfi=(2)
cfn=(4532)
calls=1005 0 
0 64320
0 25906

fn=(5020)
0 65
cob=(2)
cfi=(2)
cfn=(5022) gettid
calls=5 0 
0 15
0 69
cob=(2)
cfi=(2)
cfn=(4206)
calls=1 0 
0 184
0 16
cob=(2)
cfi=(2)
cfn=(4206)
calls=4 0 
0 164
0 40
cob=(2)
cfi=(2)
cfn=(4532)
calls=4 0 
0 48
0 9
cob=(2)
cfi=(2)
cfn=(5030)
calls=5 0 
0 15
0 292
cob=(2)
cfi=(2)
cfn=(4206)
calls=1 0 
0 179
0 168
cob=(2)
cfi=(2)
cfn=(4532)
calls=2 0 
0 24
0 16
cob=(2)
cfi=(2)
cfn=(4532)
calls=2 0 
0 22
0 66

fn=(5096) std::env::var::inner
0 70
cfn=(5098)
calls=7 0 
0 4964
0 45
cfn=(5048)
calls=4 0 
0 264
0 89

fn=(5144) <std::path::Components as core::iter::traits::double_ended::DoubleEndedIterator>::next_back
0 138
cfn=(5146)
calls=3 0 
0 333
0 75

fn=(5222)
0 693

fn=(5668) <tokio::runtime::context::current::SetCurrentGuard as core::ops::drop::Drop>::drop
0 495

fn=(5674)
0 198

fn=(5702)
0 36
cfn=(5468) <tokio::runtime::scheduler::Handle>::current
calls=3 0 
0 87
0 75
cfn=(5704) <tokio::runtime::io::registration_set::RegistrationSet>::allocate
calls=3 0 
0 2091
0 75
cob=(2)
cfi=(2)
cfn=(5174)
calls=3 0 
0 18
0 45

fn=(5712)
0 16800

fn=(5734) <core::fmt::Formatter>::pad_integral
0 1050
cfn=(5736) <core::fmt::Formatter>::pad_integral::write_prefix
calls=30 0 
0 630
0 480
cfn=(5738)
calls=30 0 
0 3415

fn=(5744) <u16 as core::fmt::Display>::fmt
0 282
cfn=(5734)
calls=6 0 
0 678
0 18

fn=(6192) <std::sys::sync::once::futex::Once>::call
0 89
cfn=(7048) <std::sync::once::Once>::call_once_force::<<std::sync::once_lock::OnceLock<pbrs_grpc::metadata::Metadata>>::initialize<<std::sync::once_lock::OnceLock<pbrs_grpc::metadata::Metadata>>::get_or_init<<pbrs_grpc::metadata::Metadata>::new>::{closure#0}, !>::{closure#0}>::{closure#0}
calls=1 0 
0 17
cfn=(6194) <std::sync::once::Once>::call_once_force::<<std::sync::once_lock::OnceLock<alloc::sync::Arc<pbrs_grpc::channelz::model::Registry>>>::initialize<<std::sync::once_lock::OnceLock<alloc::sync::Arc<pbrs_grpc::channelz::model::Registry>>>::get_or_init<<pbrs_grpc::channelz::model::Registry>::global::{closure#0}>::{closure#0}, !>::{closure#0}>::{closure#0}
calls=1 0 
0 281
0 6
cfn=(7842) <std::sync::once::Once>::call_once::<std::rt::cleanup::{closure#0}>::{closure#0}
calls=1 0 
0 108
0 50

fn=(6193)
0 37
cfn=(7846) <std::sync::once::Once>::call_once_force::<<std::sync::once_lock::OnceLock<std::sync::reentrant_lock::ReentrantLock<core::cell::RefCell<alloc::io::buffered::linewriter::LineWriter<std::io::stdio::StdoutRaw>>>>>::initialize<<std::sync::once_lock::OnceLock<std::sync::reentrant_lock::ReentrantLock<core::cell::RefCell<alloc::io::buffered::linewriter::LineWriter<std::io::stdio::StdoutRaw>>>>>::get_or_init<std::io::stdio::cleanup::{closure#0}>::{closure#0}, !>::{closure#0}>::{closure#0}
calls=1 0 
0 14
0 12

fn=(6194)
0 27
cob=(2)
cfi=(2)
cfn=(4206)
calls=1 0 
0 210
0 10
cob=(2)
cfi=(2)
cfn=(4532)
calls=1 0 
0 29
0 5

fn=(6282) tokio::runtime::task::raw::schedule::<alloc::sync::Arc<tokio::runtime::scheduler::multi_thread::handle::Handle>>
0 5999
cfn=(5714)
calls=857 0 
0 80270

fn=(6332) <tokio::sync::notify::NotifiedProject>::poll_notified
0 35576
cfn=(6428) tokio::runtime::park::clone
calls=201 0 
0 1005
cfn=(6242) tokio::runtime::task::waker::clone_waker
calls=3 0 
0 21
0 101392

fn=(6430) <tokio::runtime::park::Inner>::park
0 17931
cob=(2)
cfi=(2)
cfn=(6376)
calls=320 0 
0 3520
0 10888

fn=(6432)
0 1926
cfn=(6434) <tokio::runtime::park::Inner>::unpark
calls=321 0 
0 16295
0 1926

fn=(6434)
0 12826
cob=(2)
cfi=(2)
cfn=(6376)
calls=320 0 
0 3520

fn=(6438) core::ptr::drop_glue::<<tokio::net::tcp::stream::TcpStream>::connect<&str>::{closure#0}>
0 13

fn=(6478) <pbrs_grpc::transport::h2::ClientConnection<tokio::net::tcp::stream::TcpStream> as core::future::future::Future>::poll
0 7080
cfn=(6480) <h2::proto::streams::streams::Streams<hyper::proto::h2::SendBuf<bytes::bytes::Bytes>, h2::client::Peer>>::has_streams_or_other_references
calls=472 0 
0 19542
0 1888
cfn=(6480)
calls=472 0 
0 18748
0 25960
cfn=(6482) <h2::proto::streams::streams::Streams<bytes::bytes::Bytes, h2::client::Peer>>::clear_expired_reset_streams
calls=472 0 
0 26904
0 7070
cfn=(6486) <h2::proto::go_away::GoAway>::send_pending_go_away::<tokio::net::tcp::stream::TcpStream, h2::proto::streams::prioritize::Prioritized<bytes::bytes::Bytes>>
calls=1078 0 
0 36652
0 17248
cfn=(6488) <h2::proto::ping_pong::PingPong>::send_pending_pong::<tokio::net::tcp::stream::TcpStream, h2::proto::streams::prioritize::Prioritized<bytes::bytes::Bytes>>
calls=1078 0 
0 18326
0 18326
cfn=(6492)
calls=1078 0 
0 1213909
0 15290
cob=(2)
cfi=(2)
cfn=(4532)
calls=606 0 
0 17574
0 7272
cob=(2)
cfi=(2)
cfn=(4532)
calls=606 0 
0 17574
0 3030
cfn=(6502) <h2::proto::connection::DynConnection>::recv_frame
calls=606 0 
0 638265
0 18888
cfn=(6490) <h2::proto::ping_pong::PingPong>::send_pending_ping::<tokio::net::tcp::stream::TcpStream, h2::proto::streams::prioritize::Prioritized<bytes::bytes::Bytes>>
calls=1078 0 
0 52853
0 10836
cfn=(6548) <h2::proto::streams::streams::Streams<bytes::bytes::Bytes, h2::client::Peer>>::apply_local_settings
calls=1 0 
0 163
0 44239
cfn=(6338) <h2::codec::framed_write::Encoder<h2::proto::streams::prioritize::Prioritized<bytes::bytes::Bytes>>>::buffer
calls=1 0 
0 172
0 14
cfn=(6504) <h2::proto::streams::streams::Streams<bytes::bytes::Bytes, h2::client::Peer>>::apply_remote_settings
calls=1 0 
0 127
0 7
cfn=(6508) <h2::hpack::encoder::Encoder>::update_max_size
calls=1 0 
0 11
0 8092
cfn=(6344)
calls=201 0 
0 106329
0 15872
cfn=(6510) <h2::proto::streams::streams::Inner>::buffer_pending::<tokio::net::tcp::stream::TcpStream, bytes::bytes::Bytes>
calls=673 0 
0 1625779
0 6800
cfn=(6242)
calls=471 0 
0 3297
cfn=(6428)
calls=1 0 
0 5
0 3370
cfn=(6384)
calls=269 0 
0 2152
0 12053
cfn=(6344)
calls=472 0 
0 34379
0 11328
cfn=(6556) <h2::proto::streams::streams::Inner>::reclaim_written_frame::<tokio::net::tcp::stream::TcpStream, bytes::bytes::Bytes>
calls=472 0 
0 36344
0 20768
cfn=(6480)
calls=472 0 
0 18748
0 5664

fn=(6546)
0 44092
cfn=(6482)
calls=604 0 
0 34428
0 6455
cfn=(6486)
calls=1009 0 
0 34306
0 16144
cfn=(6488)
calls=1009 0 
0 17153
0 17153
cfn=(6492)
calls=1009 0 
0 1413440
0 12527
cob=(2)
cfi=(2)
cfn=(4532)
calls=405 0 
0 11745
0 4860
cob=(2)
cfi=(2)
cfn=(4532)
calls=405 0 
0 11745
0 2025
cfn=(6502)
calls=405 0 
0 736511
0 13788
cfn=(6490)
calls=1009 0 
0 49452
0 10146
cfn=(6548)
calls=1 0 
0 91
0 41
cfn=(6338)
calls=1 0 
0 172
0 14
cfn=(6504)
calls=1 0 
0 130
0 41376
cfn=(6508)
calls=1 0 
0 11
0 10676
cfn=(6344)
calls=201 0 
0 106329
0 18512
cfn=(6510)
calls=805 0 
0 1634492
0 7447
cfn=(6242)
calls=604 0 
0 4228
0 4428
cfn=(6384)
calls=402 0 
0 3216
0 15498
cfn=(6344)
calls=604 0 
0 123278
0 14496
cfn=(6556)
calls=604 0 
0 46508
0 23755
cob=(2)
cfi=(2)
cfn=(4532)
calls=201 0 
0 5829
0 4627
cfn=(6558) <h2::proto::streams::streams::Streams<bytes::bytes::Bytes, h2::server::Peer>>::next_incoming
calls=604 0 
0 56945
0 3419
cfn=(6936) <h2::proto::streams::streams::StreamRef<bytes::bytes::Bytes>>::take_request
calls=201 0 
0 45024
0 804
cob=(2)
cfi=(2)
cfn=(4532)
calls=201 0 
0 5829
0 603
cfn=(6764)
calls=201 0 
0 13065
0 3417
cob=(2)
cfi=(2)
cfn=(4532)
calls=201 0 
0 5829
0 5628
cob=(2)
cfi=(2)
cfn=(4532)
calls=201 0 
0 5829
0 8859

fn=(6552) <h2::proto::streams::send::Send>::recv_connection_window_update
0 28
cfn=(6458)
calls=2 0 
0 38
0 54
cfn=(6554) <h2::proto::streams::store::Queue<h2::proto::streams::stream::NextSendCapacity>>::pop::<h2::proto::streams::store::Store>
calls=2 0 
0 12
0 30

fn=(6574)
0 1442

fn=(6576) pbrs_grpc::client::pool::register_channel_for
0 10
cfn=(6578)
calls=1 0 
0 95
0 16
cob=(2)
cfi=(2)
cfn=(4206)
calls=1 0 
0 41
0 10
cob=(2)
cfi=(2)
cfn=(4532)
calls=1 0 
0 12
0 13
cob=(2)
cfi=(2)
cfn=(4206)
calls=1 0 
0 41
0 10
cob=(2)
cfi=(2)
cfn=(4532)
calls=1 0 
0 12
0 2
cfn=(5192)
calls=1 0 
0 26
0 36
cob=(2)
cfi=(2)
cfn=(4206)
calls=1 0 
0 41
0 10
cob=(2)
cfi=(2)
cfn=(4532)
calls=1 0 
0 29
0 9
cfn=(5832)
calls=1 0 
0 492
0 7
cfn=(6198)
calls=1 0 
0 512
0 23
cob=(2)
cfi=(2)
cfn=(4206)
calls=1 0 
0 201
0 31
cob=(2)
cfi=(2)
cfn=(4916)
calls=1 0 
0 65
0 12

fn=(6588) pbrs_grpc::client::pool::finish_channel
0 29
cob=(2)
cfi=(2)
cfn=(4206)
calls=1 0 
0 38
0 21
cob=(2)
cfi=(2)
cfn=(4206)
calls=1 0 
0 204
0 18
cfn=(6590)
calls=1 0 
0 97
0 44
cob=(2)
cfi=(2)
cfn=(4532)
calls=1 0 
0 64
0 7
cob=(2)
cfi=(2)
cfn=(4532)
calls=1 0 
0 88
0 8
cob=(2)
cfi=(2)
cfn=(4206)
calls=1 0 
0 193
0 10
cob=(2)
cfi=(2)
cfn=(4532)
calls=1 0 
0 88
0 13
cfn=(6594) pbrs_grpc::client::pool::spawn_idle_watch
calls=1 0 
0 23
0 5
cfn=(6596) pbrs_grpc::client::pool::spawn_age_watch
calls=1 0 
0 23
0 11
cob=(2)
cfi=(2)
cfn=(4206)
calls=1 0 
0 41
0 14
cob=(2)
cfi=(2)
cfn=(4206)
calls=1 0 
0 41
0 17
cob=(2)
cfi=(2)
cfn=(4206)
calls=1 0 
0 41
0 31
cob=(2)
cfi=(2)
cfn=(4206)
calls=1 0 
0 204
0 20
cob=(2)
cfi=(2)
cfn=(4532)
calls=1 0 
0 64
0 38

fn=(6598) core::ptr::drop_glue::<pbrs_grpc::client::pool::connect_inner::{closure#0}>
0 17

fn=(6610) <pbrs_grpc::request::Request<pbrs_grpc::codec::prost::Message<devloop::echo::EchoRequest>>>::into_parts
0 11256
cfn=(6612)
calls=201 0 
0 3417
0 1809

fn=(6628) core::ptr::drop_glue::<alloc::vec::Vec<bytes::bytes::Bytes>>
0 10854

fn=(6632) <core::option::Option<pbrs_grpc::service_config::MethodConfig>>::map::<(core::option::Option<pbrs_grpc::service_config::RetryPolicy>, core::option::Option<pbrs_grpc::service_config::HedgingPolicy>), <pbrs_grpc::client::channel::Channel>::unary<pbrs_grpc::codec::prost::Message<pbrs_adoption_corpus::prost_types::EntityList>, pbrs_grpc::codec::prost::Message<pbrs_adoption_corpus::prost_types::EntityList>>::{closure#0}::{closure#4}>
0 4020

fn=(6648) <tokio::sync::batch_semaphore::Semaphore>::add_permits_locked
0 13065

fn=(6756) <h2::proto::streams::prioritize::Prioritize>::schedule_send
0 24723
cfn=(6814)
calls=603 0 
0 26331
0 3216
cfn=(6280)
calls=201 0 
0 18291
0 6432

fn=(6774) pbrs_grpc::client::call::send_request_frame_in::<pbrs_grpc::rt::TokioRuntime>::{closure#0}
0 15477
cfn=(6776) pbrs_grpc::wire::send::send_frame::{closure#0}
calls=201 0 
0 150549
0 1206
cfn=(6790)
calls=201 0 
0 2613
0 6030

fn=(6786)
0 155703
cfn=(7168) <h2::proto::streams::store::Ptr>::unlink
calls=997 0 
0 37467
0 104529
cfn=(7170) <h2::proto::streams::store::Ptr>::remove
calls=402 0 
0 53466
0 35376

fn=(6814)
0 72360

fn=(6834)
0 45
cfn=(5424)
calls=3 0 
0 816
0 27

fn=(6838) h2::hpack::encoder::encode_not_indexed
0 6834
cfn=(6836) h2::hpack::encoder::encode_str
calls=201 0 
0 103024

fn=(6842)
0 6726
cob=(2)
cfi=(2)
cfn=(4916)
calls=202 0 
0 13182
0 4830
cob=(2)
cfi=(2)
cfn=(4916)
calls=604 0 
0 58996
0 844

fn=(6854)
0 12060
cfn=(6716)
calls=402 0 
0 33445
0 4020

fn=(6880)
0 45
cfn=(5424)
calls=3 0 
0 1060
0 27

fn=(6882) <bytes::bytes_mut::BytesMut as bytes::buf::buf_mut::BufMut>::put_slice
0 3248
cob=(2)
cfi=(2)
cfn=(4532)
calls=203 0 
0 3045
0 2030

fn=(6930)
0 6432
cfn=(6746)
calls=201 0 
0 804
0 2211
cfn=(6746)
calls=201 0 
0 804
0 2814

fn=(6934)
0 4422
cob=(2)
cfi=(2)
cfn=(4532)
calls=402 0 
0 11658
0 2412
cfn=(6914)
calls=402 0 
0 20904
0 7431

fn=(6938) <h2::proto::streams::recv::Recv>::take_request
0 4623
cfn=(6802)
calls=201 0 
0 22311
0 1809
cob=(2)
cfi=(2)
cfn=(4532)
calls=201 0 
0 5829
0 1005

fn=(6944) tokio::runtime::task::raw::poll::<pbrs_grpc::server::connection::serve_io_in<pbrs_grpc::rt::TokioRuntime, pbrs_grpc::server::router::Router, tokio_rustls::server::TlsStream<tokio::net::tcp::stream::TcpStream>>::{closure#0}::{closure#10}, alloc::sync::Arc<tokio::runtime::scheduler::multi_thread::handle::Handle>>
0 10452
cfn=(6946)
calls=201 0 
0 6936365
0 2010
cfn=(7090)
calls=201 0 
0 71556
0 1809
cfn=(7090)
calls=201 0 
0 66933
0 402
cfn=(7094) <tokio::runtime::task::harness::Harness<pbrs_grpc::server::connection::serve_io_in<pbrs_grpc::rt::TokioRuntime, pbrs_grpc::server::router::Router, tokio_rustls::server::TlsStream<tokio::net::tcp::stream::TcpStream>>::{closure#0}::{closure#10}, alloc::sync::Arc<tokio::runtime::scheduler::multi_thread::handle::Handle>>>::complete
calls=201 0 
0 139228
0 1608

fn=(6982) pbrs_grpc::wire::frame_reader::read_one_message::<pbrs_grpc::codec::prost::Message<devloop::echo::EchoRequest>>::{closure#0}
0 9648
cfn=(6984) <pbrs_grpc::transport::h2::RecvStream as pbrs_grpc::transport::RecvStream>::poll_data
calls=402 0 
0 84822
0 4221
cfn=(6988) <pbrs_grpc::wire::frame_reader::FrameReader>::push
calls=201 0 
0 6834
0 603
cfn=(6990) pbrs_grpc::wire::frame_reader::release
calls=201 0 
0 101304
0 4422
cfn=(7002) <pbrs_grpc::wire::frame_reader::FrameReader>::next_frame
calls=201 0 
0 4824
0 603
cfn=(7002)
calls=201 0 
0 19698
0 7638
cfn=(7004) <pbrs_grpc::codec::prost::Message<devloop::echo::EchoRequest> as pbrs_grpc::codec::CodecMessage>::decode_payload
calls=201 0 
0 94895
0 16884
cfn=(7012) core::ptr::drop_glue::<pbrs_grpc::wire::frame_reader::FrameReader>
calls=201 0 
0 4221
0 804

fn=(7094)
0 4422
cfn=(7090)
calls=201 0 
0 66933
0 1005
cfn=(7096) <alloc::sync::Arc<tokio::runtime::scheduler::multi_thread::handle::Handle> as tokio::runtime::task::Schedule>::release
calls=201 0 
0 13905
0 2613
cfn=(7098) core::ptr::drop_glue::<tokio::runtime::task::core::Cell<pbrs_grpc::server::connection::serve_io_in<pbrs_grpc::rt::TokioRuntime, pbrs_grpc::server::router::Router, tokio_rustls::server::TlsStream<tokio::net::tcp::stream::TcpStream>>::{closure#0}::{closure#10}, alloc::sync::Arc<tokio::runtime::scheduler::multi_thread::handle::Handle>>>
calls=201 0 
0 5226
0 402
cob=(2)
cfi=(2)
cfn=(4916)
calls=201 0 
0 43516
0 1206

fn=(7180) pbrs_grpc::wire::frame_reader::decode_frame::<pbrs_grpc::codec::prost::Message<devloop::echo::EchoReply>>
0 3618
cfn=(7182) <pbrs_grpc::codec::prost::Message<devloop::echo::EchoReply> as pbrs_grpc::codec::CodecMessage>::decode_payload
calls=201 0 
0 93406
0 4221

fn=(7186) <pbrs_grpc::wire::frame_reader::FrameReader>::finish
0 1206

fn=(7188) pbrs_grpc::wire::frame_reader::read_trailers::{closure#0}
0 6633
cfn=(7190)
calls=201 0 
0 43416
0 12261

fn=(7196)
0 3618

fn=(7198) core::ptr::drop_glue::<pbrs_grpc::wire::frame_reader::finish_unary<pbrs_grpc::codec::prost::Message<devloop::echo::EchoReply>>::{closure#0}>
0 3015

fn=(7200) core::ptr::drop_glue::<(<tokio::sync::watch::Receiver<bool>>::wait_for<pbrs_grpc::client::call::first_of_in<pbrs_grpc::rt::TokioRuntime, pbrs_grpc::request::Response<pbrs_grpc::codec::prost::Message<devloop::echo::EchoReply>>, pbrs_grpc::client::unary::run_unary_inner<pbrs_grpc::codec::prost::Message<devloop::echo::EchoReply>>::{closure#0}::{closure#3}>::{closure#0}::{closure#2}>::{closure#0}, pbrs_grpc::client::unary::run_unary_inner<pbrs_grpc::codec::prost::Message<devloop::echo::EchoReply>>::{closure#0}::{closure#3})>
0 4020
cfn=(6538)
calls=201 0 
0 17085
0 1005
cfn=(6574)
calls=201 0 
0 1407
0 2412

fn=(7308) <tokio::runtime::driver::Driver>::park_timeout
0 189
cfn=(6270)
calls=21 0 
0 11118

fn=(7358)
0 33
cfn=(5726)
calls=1 0 
0 447
0 21

fn=(7402)
0 16
cob=(2)
cfi=(2)
cfn=(4916)
calls=1 0 
0 117

fn=(7408)
0 20
cfn=(5668)
calls=1 0 
0 45
0 87
cfn=(5668)
calls=4 0 
0 180
0 28

fn=(7412) <tokio::runtime::runtime::Runtime as core::ops::drop::Drop>::drop
0 18
cfn=(7414) <tokio::runtime::scheduler::multi_thread::handle::Handle>::shutdown
calls=1 0 
0 249

fn=(7426) core::ptr::drop_glue::<pbrs_grpc::server::accept::accept_loop_with_slots<pbrs_grpc::server::router::Router, core::future::pending::Pending<()>>::{closure#0}>
0 22
cfn=(6288)
calls=1 0 
0 52
0 5
cfn=(6384)
calls=1 0 
0 8
0 17
cfn=(7064)
calls=1 0 
0 682
0 6
cfn=(7428) core::ptr::drop_glue::<tokio::sync::mpsc::bounded::Receiver<()>>
calls=1 0 
0 203
0 4
cfn=(7434) core::ptr::drop_glue::<tokio::sync::mpsc::bounded::Sender<()>>
calls=1 0 
0 20
0 8
cfn=(7370)
calls=1 0 
0 1627
0 14
cfn=(7436)
calls=1 0 
0 215
0 10

fn=(7434)
0 58
cfn=(7516) <alloc::sync::Arc<tokio::sync::mpsc::chan::Chan<(), tokio::sync::mpsc::bounded::Semaphore>>>::drop_slow
calls=1 0 
0 258
0 8

fn=(7454)
0 32

fn=(7464)
0 10
cfn=(5836)
calls=2 0 
0 360

fn=(7480) core::ptr::drop_glue::<h2::hpack::encoder::Encoder>
0 24
cob=(2)
cfi=(2)
cfn=(4916)
calls=2 0 
0 146
0 53
cfn=(6824)
calls=2 0 
0 59
0 4
cfn=(6824)
calls=2 0 
0 59
0 22
cfn=(6824)
calls=1 0 
0 32
0 6
cfn=(6824)
calls=3 0 
0 209
0 24
cob=(2)
cfi=(2)
cfn=(4916)
calls=2 0 
0 146
0 38
cob=(2)
cfi=(2)
cfn=(4916)
calls=2 0 
0 146

fn=(7488) <alloc::sync::Arc<h2::proto::ping_pong::UserPingsInner>>::drop_slow
0 18
cfn=(6384)
calls=2 0 
0 16
0 24
cob=(2)
cfi=(2)
cfn=(4916)
calls=2 0 
0 138

fn=(7502) core::ptr::drop_glue::<h2::proto::streams::streams::SendBuffer<bytes::bytes::Bytes>>
0 91
cob=(2)
cfi=(2)
cfn=(4916)
calls=2 0 
0 343

fn=(7546) <tokio::runtime::blocking::pool::BlockingPool>::shutdown
0 42
cob=(2)
cfi=(2)
cfn=(6376)
calls=1 0 
0 11
0 79
cfn=(7548) <&mut tokio::sync::oneshot::Receiver<()> as core::future::future::Future>::poll
calls=2 0 
0 219
0 26
cfn=(6430)
calls=1 0 
0 101
0 134
cfn=(7740) <std::thread::lifecycle::JoinInner<()>>::join
calls=4 0 
0 2137
0 19
cob=(2)
cfi=(2)
cfn=(4916)
calls=1 0 
0 65
0 8

fn=(7552) <alloc::collections::btree::node::Handle<alloc::collections::btree::node::NodeRef<alloc::collections::btree::node::marker::Mut, usize, std::sys::pal::unix::stack_overflow::thread_info::ThreadInfo, alloc::collections::btree::node::marker::Leaf>, alloc::collections::btree::node::marker::KV>>::remove_leaf_kv::<<alloc::collections::btree::map::entry::OccupiedEntry<usize, std::sys::pal::unix::stack_overflow::thread_info::ThreadInfo>>::remove_kv::{closure#0}, alloc::alloc::Global>
0 100
cob=(2)
cfi=(2)
cfn=(4532)
calls=4 0 
0 46
0 64
cob=(2)
cfi=(2)
cfn=(4532)
calls=4 0 
0 55
0 180

fn=(7706) <alloc::sync::Arc<tokio::runtime::io::scheduled_io::ScheduledIo>>::drop_slow
0 21
cfn=(6278) <tokio::runtime::io::scheduled_io::ScheduledIo>::wake
calls=3 0 
0 201
0 45
cob=(2)
cfi=(2)
cfn=(4916)
calls=3 0 
0 203

fn=(7714)
0 5
cfn=(7716) core::ptr::drop_glue::<tokio::runtime::task::core::Cell<pbrs_grpc::client::pool::finish_h2<tokio::net::tcp::stream::TcpStream>::{closure#0}::{closure#2}, alloc::sync::Arc<tokio::runtime::scheduler::multi_thread::handle::Handle>>>
calls=1 0 
0 26
0 5
cob=(2)
cfi=(2)
cfn=(4916)
calls=1 0 
0 170

fn=(7728)
0 4
cfn=(7730) core::ptr::drop_glue::<tokio::runtime::driver::Driver>
calls=1 0 
0 248
0 7
cob=(2)
cfi=(2)
cfn=(4916)
calls=1 0 
0 65

fn=(7736) core::ptr::drop_glue::<alloc::vec::Vec<alloc::sync::Arc<tokio::runtime::io::scheduled_io::ScheduledIo>>>
0 23
cob=(2)
cfi=(2)
cfn=(4916)
calls=1 0 
0 65

fn=(7826) <alloc::sync::Arc<std::thread::lifecycle::Packet<()>>>::drop_slow
0 24
cfn=(7828)
calls=4 0 
0 104
0 36
cob=(2)
cfi=(2)
cfn=(4916)
calls=4 0 
0 312

fn=(7834) core::ptr::drop_glue::<alloc::collections::vec_deque::VecDeque<tokio::runtime::blocking::pool::Task>>
0 16
cfn=(7836) core::ptr::drop_glue::<alloc::collections::vec_deque::Dropper<tokio::runtime::blocking::pool::Task>>
calls=1 0 
0 9
0 11
cob=(2)
cfi=(2)
cfn=(4916)
calls=1 0 
0 65

fn=(6510)
0 76852
cfn=(6338)
calls=2 0 
0 236
0 10
cfn=(6458)
calls=2 0 
0 38
0 10350
cfn=(6514)
calls=1478 0 
0 105405
0 73545
cfn=(6516) <h2::proto::streams::prioritize::Prioritize>::pop_pending_open
calls=2081 0 
0 93349
0 5167
cfn=(6812) <h2::proto::streams::store::Queue<h2::proto::streams::stream::NextSend>>::push_front
calls=201 0 
0 9849
0 603
cfn=(6780)
calls=201 0 
0 48642
0 14567
cfn=(6520)
calls=2081 0 
0 822815
0 8182
cob=(2)
cfi=(2)
cfn=(4532)
calls=1005 0 
0 64320
0 8844
cob=(2)
cfi=(2)
cfn=(4532)
calls=402 0 
0 25728
0 2412
cob=(2)
cfi=(2)
cfn=(4532)
calls=603 0 
0 38592
0 3015
cfn=(6338)
calls=1005 0 
0 1798824
0 7035
cfn=(6514)
calls=1005 0 
0 34170
0 7721

fn=(4168) std::rt::lang_start_internal
0 37
cob=(2)
cfi=(2)
cfn=(4170) poll
calls=1 0 
0 28
0 37
cob=(2)
cfi=(2)
cfn=(4184) signal
calls=1 0 
0 124
0 4
cob=(2)
cfi=(2)
cfn=(4190) sysconf
calls=1 0 
0 52
0 8
cob=(2)
cfi=(2)
cfn=(4194)
calls=1 0 
0 2
0 3
cob=(2)
cfi=(2)
cfn=(4196)
calls=1 0 
0 98306
0 11
cob=(2)
cfi=(2)
cfn=(5006)
calls=1 0 
0 8
0 6
cob=(2)
cfi=(2)
cfn=(5008)
calls=1 0 
0 144
0 35
cob=(2)
cfi=(2)
cfn=(4186) sigaction
calls=1 0 
0 68
0 8
cfn=(5010)
calls=1 0 
0 240
0 5
cfn=(5020)
calls=1 0 
0 482
0 8
cob=(2)
cfi=(2)
cfn=(4186)
calls=1 0 
0 68
0 4
cob=(2)
cfi=(2)
cfn=(4186)
calls=1 0 
0 68
0 12
cob=(2)
cfi=(2)
cfn=(4186)
calls=1 0 
0 68
0 7
cfn=(5032) std::rt::lang_start::<()>::{closure#0}
calls=1 0 
0 7326165
0 5
cob=(2)
cfi=(2)
cfn=(5030)
calls=1 0 
0 3
0 22
cfn=(6192)
calls=1 0 
0 155
0 1

fn=(5120) std::thread::functions::available_parallelism
0 10
cob=(2)
cfi=(2)
cfn=(4206)
calls=1 0 
0 187
0 51
cfn=(5122)
calls=1 0 
0 109
0 6
cfn=(5126) std::fs::buffer_capacity_required
calls=1 0 
0 166
0 11
cfn=(5134)
calls=1 0 
0 221
0 4
cob=(2)
cfi=(2)
cfn=(5138) close
calls=1 0 
0 30
0 117
cob=(2)
cfi=(2)
cfn=(4916)
calls=1 0 
0 65
0 15
cob=(2)
cfi=(2)
cfn=(5164) sched_getaffinity
calls=1 0 
0 40
0 158
cob=(2)
cfi=(2)
cfn=(4206)
calls=1 0 
0 187
0 10
cob=(2)
cfi=(2)
cfn=(4206)
calls=1 0 
0 190
0 37
cfn=(5140) std::sys::fs::metadata
calls=1 0 
0 252
0 4
cfn=(5142) <std::path::PathBuf>::pop
calls=1 0 
0 425
0 13
cfn=(5150)
calls=1 0 
0 1143
0 7
cfn=(5150)
calls=1 0 
0 901
0 33
cob=(2)
cfi=(2)
cfn=(4532)
calls=1 0 
0 10
0 66
cfn=(5122)
calls=1 0 
0 109
0 10
cfn=(5160) <&std::fs::File as alloc::io::read::Read>::read_to_string
calls=1 0 
0 574
0 4
cob=(2)
cfi=(2)
cfn=(5138)
calls=1 0 
0 30
0 4
cfn=(5142)
calls=1 0 
0 359
0 2
cfn=(5142)
calls=1 0 
0 331
0 395
cob=(2)
cfi=(2)
cfn=(4916)
calls=1 0 
0 65
0 4
cob=(2)
cfi=(2)
cfn=(4916)
calls=1 0 
0 65
0 2

fn=(5192)
0 36858
cob=(2)
cfi=(2)
cfn=(5194) clock_gettime
calls=6143 0 
0 61430
0 61430

fn=(5496)
0 44
cob=(2)
cfi=(2)
cfn=(4198) pthread_attr_init
calls=4 0 
0 72
0 44
cob=(2)
cfi=(2)
cfn=(5558) __pthread_get_minstack
calls=4 0 
0 48
0 24
cob=(2)
cfi=(2)
cfn=(5560) pthread_attr_setstacksize
calls=4 0 
0 24
0 32
cob=(2)
cfi=(2)
cfn=(5562) pthread_create
calls=4 0 
0 4945
0 24
cob=(2)
cfi=(2)
cfn=(5008)
calls=4 0 
0 20
0 51
cob=(2)
cfi=(2)
cfn=(5498) dlsym
calls=1 0 
0 1069
0 4

fn=(5708)
0 80
cob=(2)
cfi=(2)
cfn=(5710) getsockname
calls=4 0 
0 20
0 80

fn=(5714)
0 26682
cfn=(5716) <tokio::runtime::scheduler::multi_thread::handle::Handle>::push_remote_task
calls=1 0 
0 44
0 4
cfn=(5718) <tokio::runtime::scheduler::multi_thread::idle::Idle>::worker_to_notify
calls=1 0 
0 17
0 819
cfn=(5716)
calls=204 0 
0 9180
0 816
cfn=(5718)
calls=204 0 
0 11794
0 2642
cfn=(6564) <tokio::runtime::scheduler::multi_thread::park::Unparker>::unpark
calls=203 0 
0 15755
0 23032
cfn=(5718)
calls=20 0 
0 1160
0 220
cfn=(6564)
calls=20 0 
0 2180
0 1752

fn=(5726)
0 968
cfn=(7360)
calls=2 0 
0 218
cfn=(5738)
calls=13 0 
0 2251
cfn=(5738)
calls=6 0 
0 252
0 564
cfn=(6196)
calls=1 0 
0 136
cfn=(6586)
calls=1 0 
0 52
cfn=(6214)
calls=3 0 
0 529
cfn=(6196)
calls=14 0 
0 4723
cfn=(5834) <&alloc::string::String as core::fmt::Display>::fmt
calls=1 0 
0 203
cfn=(5744)
calls=6 0 
0 978
cfn=(5728) <&core::net::ip_addr::Ipv4Addr as core::fmt::Display>::fmt
calls=6 0 
0 7801
0 360

fn=(5727) core::fmt::write'2
0 546
cfn=(5738)
calls=18 0 
0 756
0 432
cfn=(5732) <u8 as core::fmt::Display>::fmt
calls=24 0 
0 5689
0 180

fn=(5764) <core::str::pattern::StrSearcher as core::str::pattern::Searcher>::next_match
0 388

fn=(5766) <http::uri::authority::Authority as core::str::traits::FromStr>::from_str
0 211
cob=(2)
cfi=(2)
cfn=(4206)
calls=1 0 
0 261
0 10
cob=(2)
cfi=(2)
cfn=(4532)
calls=1 0 
0 12
0 20

fn=(5768) pbrs_grpc::client::pool::handshake::{closure#0}
0 72
cob=(2)
cfi=(2)
cfn=(4532)
calls=1 0 
0 29
0 11
cfn=(5192)
calls=1 0 
0 26
0 13
cfn=(5468)
calls=1 0 
0 29
0 18
cob=(2)
cfi=(2)
cfn=(4532)
calls=1 0 
0 712
0 19
cob=(2)
cfi=(2)
cfn=(4532)
calls=1 0 
0 724
0 4
cob=(2)
cfi=(2)
cfn=(4532)
calls=1 0 
0 724
0 39
cob=(2)
cfi=(2)
cfn=(4532)
calls=1 0 
0 64
0 62
cfn=(5770) pbrs_grpc::tcp::dial_via_proxy::{closure#0}
calls=1 0 
0 13139
0 12
cfn=(5840)
calls=1 0 
0 15
0 16
cfn=(5684)
calls=1 0 
0 316
0 10
cfn=(5690)
calls=1 0 
0 25
0 77
cfn=(5842) <tokio::net::tcp::stream::TcpStream>::connect_addr::{closure#0}
calls=1 0 
0 1358
0 5
cfn=(5842)
calls=1 0 
0 161
0 35
cfn=(6438)
calls=1 0 
0 13
0 32
cob=(2)
cfi=(2)
cfn=(4532)
calls=1 0 
0 64
0 5
cob=(2)
cfi=(2)
cfn=(4532)
calls=1 0 
0 64
0 8
cfn=(6440) pbrs_grpc::client::pool::finish_tcp::{closure#0}
calls=1 0 
0 14576
0 8
cfn=(6350) tokio::time::timeout::poll_delay
calls=1 0 
0 360
0 7
cfn=(6570) core::ptr::drop_glue::<tokio::time::timeout::Timeout<pbrs_grpc::client::pool::handshake_io::{closure#0}>>
calls=1 0 
0 181
0 82
cfn=(6568)
calls=1 0 
0 15
0 2

fn=(5788)
0 39392

fn=(5796) <core::net::parser::Parser>::read_ipv6_addr
0 34
cfn=(5798) <core::net::parser::Parser>::read_ipv6_addr::read_groups
calls=2 0 
0 168
0 46
cfn=(5798)
calls=1 0 
0 105
0 11
cob=(2)
cfi=(2)
cfn=(4532)
calls=1 0 
0 17
0 18

fn=(5800)
0 30
cfn=(5424)
calls=2 0 
0 170
0 18

fn=(5842)
0 34
cfn=(5844)
calls=1 0 
0 122
0 10
cfn=(6386) <tokio::net::tcp::stream::TcpStream>::connect_mio::{closure#0}
calls=1 0 
0 1191
0 4
cfn=(6386)
calls=1 0 
0 120
0 38

fn=(6156) tokio::runtime::task::raw::poll::<tokio::runtime::blocking::task::BlockingTask<<tokio::runtime::scheduler::multi_thread::worker::Launch>::launch::{closure#0}>, tokio::runtime::blocking::schedule::BlockingSchedule>
0 196
cfn=(6158)
calls=4 0 
0 18767760
0 32
cfn=(7536)
calls=4 0 
0 172
0 36
cfn=(7536)
calls=4 0 
0 160
0 40
cfn=(7538)
calls=4 0 
0 304

fn=(6172) devloop::rpc_prost_unary::{closure#0}::{closure#0}
0 28
cfn=(6174) <pbrs_grpc::server::router::Router>::new
calls=1 0 
0 291
0 3
cfn=(6176) <pbrs_grpc::server::router::Router>::add_service::<devloop::ProstNativeEchod>
calls=1 0 
0 861
0 11
cob=(2)
cfi=(2)
cfn=(4532)
calls=1 0 
0 76
0 4
cob=(2)
cfi=(2)
cfn=(4532)
calls=1 0 
0 268
0 5
cfn=(6184) <pbrs_grpc::server::router::Router>::serve_listener::{closure#0}
calls=1 0 
0 11817
0 3
cfn=(6184)
calls=1 0 
0 62950
0 28

fn=(6184)
0 169
cob=(2)
cfi=(2)
cfn=(4532)
calls=1 0 
0 76
0 9
cob=(2)
cfi=(2)
cfn=(4532)
calls=1 0 
0 220
0 5
cob=(2)
cfi=(2)
cfn=(4532)
calls=1 0 
0 218
0 14
cob=(2)
cfi=(2)
cfn=(4532)
calls=1 0 
0 76
0 10
cob=(2)
cfi=(2)
cfn=(4532)
calls=1 0 
0 64
0 4
cfn=(6186)
calls=1 0 
0 2963
0 7
cob=(2)
cfi=(2)
cfn=(4532)
calls=1 0 
0 76
0 2
cob=(2)
cfi=(2)
cfn=(4206)
calls=1 0 
0 210
0 10
cob=(2)
cfi=(2)
cfn=(4532)
calls=1 0 
0 76
0 11
cob=(2)
cfi=(2)
cfn=(4532)
calls=1 0 
0 64
0 5
cob=(2)
cfi=(2)
cfn=(4532)
calls=1 0 
0 64
0 6
cob=(2)
cfi=(2)
cfn=(4532)
calls=1 0 
0 64
0 73
cob=(2)
cfi=(2)
cfn=(4532)
calls=1 0 
0 29
0 30
cob=(2)
cfi=(2)
cfn=(4532)
calls=1 0 
0 64
0 19
cfn=(5708)
calls=1 0 
0 45
0 50
cfn=(6206)
calls=1 0 
0 5900
0 10
cfn=(6220) tokio::sync::mpsc::bounded::channel::<()>
calls=1 0 
0 682
0 5
cob=(2)
cfi=(2)
cfn=(4206)
calls=1 0 
0 210
0 16
cob=(2)
cfi=(2)
cfn=(4968)
calls=1 0 
0 35
0 52
cfn=(6236) <tokio::net::tcp::listener::TcpListener>::accept::{closure#0}
calls=2 0 
0 910
0 3
cfn=(6236)
calls=1 0 
0 1127
0 67
cob=(2)
cfi=(2)
cfn=(4532)
calls=1 0 
0 64
0 32
cob=(2)
cfi=(2)
cfn=(4532)
calls=1 0 
0 11975
0 11
cob=(2)
cfi=(2)
cfn=(4532)
calls=1 0 
0 11991
0 21
cob=(2)
cfi=(2)
cfn=(4532)
calls=1 0 
0 11995
0 12
cob=(2)
cfi=(2)
cfn=(4532)
calls=1 0 
0 11999
0 10
cob=(2)
cfi=(2)
cfn=(5224)
calls=1 0 
0 495
0 13
cob=(2)
cfi=(2)
cfn=(4532)
calls=1 0 
0 12191
0 4
cfn=(5712)
calls=1 0 
0 82
0 13
cfn=(5714)
calls=1 0 
0 52
0 57

fn=(6188)
0 31
cob=(2)
cfi=(2)
cfn=(4206)
calls=1 0 
0 213
0 20
cob=(2)
cfi=(2)
cfn=(4532)
calls=1 0 
0 12
0 19

fn=(6208)
0 140
cfn=(5724) <core::net::socket_addr::SocketAddrV4 as core::fmt::Display>::fmt
calls=5 0 
0 8088
0 65

fn=(6218)
0 15
cfn=(5424)
calls=1 0 
0 254
0 9

fn=(6242)
0 10906

fn=(6266)
0 27837
cfn=(7308)
calls=21 0 
0 11307
0 16843
cfn=(6268) <tokio::runtime::driver::Driver>::park
calls=766 0 
0 447241
0 13308
cob=(2)
cfi=(2)
cfn=(6376)
calls=198 0 
0 2182
0 397
cob=(2)
cfi=(2)
cfn=(5030)
calls=1 0 
0 3
0 46251

fn=(6268)
0 6894
cfn=(6270)
calls=766 0 
0 440347

fn=(6290) <mio::net::tcp::listener::TcpListener>::accept
0 18
cob=(2)
cfi=(2)
cfn=(6292) accept4
calls=2 0 
0 122
0 15
cob=(2)
cfi=(2)
cfn=(5030)
calls=1 0 
0 3
0 38

fn=(6334)
0 72
cob=(2)
cfi=(2)
cfn=(4532)
calls=1 0 
0 160
0 2
cfn=(5192)
calls=1 0 
0 26
0 13
cfn=(5468)
calls=1 0 
0 29
0 18
cob=(2)
cfi=(2)
cfn=(4532)
calls=1 0 
0 160
0 19
cob=(2)
cfi=(2)
cfn=(4532)
calls=1 0 
0 172
0 5
cob=(2)
cfi=(2)
cfn=(4532)
calls=1 0 
0 172
0 68
cfn=(6336) <h2::codec::Codec<tokio::net::tcp::stream::TcpStream, h2::proto::streams::prioritize::Prioritized<bytes::bytes::Bytes>>>::with_max_recv_frame_size
calls=1 0 
0 926
0 57
cfn=(6338)
calls=1 0 
0 388
0 6
cob=(2)
cfi=(2)
cfn=(4532)
calls=1 0 
0 124
0 11
cob=(2)
cfi=(2)
cfn=(4532)
calls=1 0 
0 124
0 10
cob=(2)
cfi=(2)
cfn=(4532)
calls=1 0 
0 124
0 10
cob=(2)
cfi=(2)
cfn=(4532)
calls=1 0 
0 124
0 11
cob=(2)
cfi=(2)
cfn=(4532)
calls=1 0 
0 29
0 5
cob=(2)
cfi=(2)
cfn=(4532)
calls=1 0 
0 136
0 4
cob=(2)
cfi=(2)
cfn=(4532)
calls=1 0 
0 148
0 131
cfn=(6344)
calls=2 0 
0 871
0 24
cob=(2)
cfi=(2)
cfn=(4532)
calls=1 0 
0 112
0 22
cob=(2)
cfi=(2)
cfn=(4532)
calls=1 0 
0 124
0 12
cob=(2)
cfi=(2)
cfn=(4532)
calls=1 0 
0 124
0 10
cob=(2)
cfi=(2)
cfn=(4532)
calls=1 0 
0 124
0 3
cfn=(6380) core::ptr::drop_glue::<h2::server::Handshaking<tokio::net::tcp::stream::TcpStream, bytes::bytes::Bytes>>
calls=1 0 
0 25
0 4
cob=(2)
cfi=(2)
cfn=(4532)
calls=1 0 
0 124
0 25
cob=(2)
cfi=(2)
cfn=(4532)
calls=1 0 
0 112
0 53
cob=(2)
cfi=(2)
cfn=(4532)
calls=1 0 
0 112
0 45
cfn=(6382)
calls=2 0 
0 350
0 25
cob=(2)
cfi=(2)
cfn=(5054)
calls=1 0 
0 18
0 46
cob=(2)
cfi=(2)
cfn=(4532)
calls=1 0 
0 112
0 16
cfn=(6380)
calls=1 0 
0 26
0 6
cob=(2)
cfi=(2)
cfn=(4532)
calls=1 0 
0 124
0 49
cfn=(6524) <h2::proto::streams::streams::Streams<bytes::bytes::Bytes, h2::server::Peer>>::new
calls=1 0 
0 842
0 12
cfn=(6460) <tracing::span::Span>::current
calls=1 0 
0 37
0 4
cfn=(6464) <tracing::span::Span>::follows_from::<tracing::span::Span>
calls=1 0 
0 22
0 4
cob=(2)
cfi=(2)
cfn=(4532)
calls=1 0 
0 124
0 38
cob=(2)
cfi=(2)
cfn=(4532)
calls=1 0 
0 148
0 9
cfn=(6468) <h2::proto::streams::streams::Streams<bytes::bytes::Bytes, h2::client::Peer>>::set_target_connection_window_size
calls=1 0 
0 82
0 17
cob=(2)
cfi=(2)
cfn=(4532)
calls=1 0 
0 148
0 15
cob=(2)
cfi=(2)
cfn=(4532)
calls=1 0 
0 148
0 2
cfn=(6526) core::ptr::drop_glue::<h2::server::Handshake<tokio::net::tcp::stream::TcpStream>>
calls=1 0 
0 30
0 14
cfn=(6350)
calls=2 0 
0 601
0 9
cob=(2)
cfi=(2)
cfn=(4532)
calls=1 0 
0 148
0 25
cob=(2)
cfi=(2)
cfn=(4532)
calls=1 0 
0 160
0 3
cob=(2)
cfi=(2)
cfn=(4916)
calls=1 0 
0 73
0 13
cfn=(6528) core::ptr::drop_glue::<tokio::time::timeout::Timeout<<pbrs_grpc::transport::h2::ServerBuilder as pbrs_grpc::transport::ServerBuilder>::handshake<tokio::net::tcp::stream::TcpStream>::{closure#0}>>
calls=1 0 
0 165
0 8
cob=(2)
cfi=(2)
cfn=(4532)
calls=1 0 
0 160
0 19
cob=(2)
cfi=(2)
cfn=(4532)
calls=1 0 
0 160
0 31

fn=(6382)
0 28203
cfn=(6348) <tokio::runtime::io::registration::Registration>::poll_ready
calls=1659 0 
0 167527
0 11209
cfn=(6348)
calls=13 0 
0 1677
0 9559
cob=(2)
cfi=(2)
cfn=(6494) recv
calls=595 0 
0 35157
0 1203
cob=(2)
cfi=(2)
cfn=(5030)
calls=13 0 
0 39
0 104
cfn=(6316) std::sys::io::error::unix::decode_error_kind
calls=13 0 
0 104
0 34991

fn=(6428)
0 2630

fn=(6450) <tokio::net::tcp::stream::TcpStream>::poll_write_priv
0 18
cfn=(6348)
calls=1 0 
0 60
0 17
cob=(2)
cfi=(2)
cfn=(6452) send
calls=1 0 
0 59
0 20

fn=(6460)
0 40
cfn=(6462)
calls=2 0 
0 6
0 28

fn=(6542)
0 28

fn=(6544)
0 3
cob=(2)
cfi=(2)
cfn=(4206)
calls=1 0 
0 41
0 13

fn=(6590)
0 7426
cfn=(6592) bytes::bytes::shallow_clone_vec
calls=413 0 
0 37206
0 1239

fn=(6596)
0 23

fn=(6600)
0 4221
cob=(2)
cfi=(2)
cfn=(4532)
calls=201 0 
0 17688
0 1005
cfn=(6602) <pbrs_grpc::client::channel::Channel>::prepare_outbound::<pbrs_grpc::codec::prost::Message<devloop::echo::EchoRequest>>
calls=201 0 
0 18693
0 804
cob=(2)
cfi=(2)
cfn=(4206)
calls=201 0 
0 8401
0 4008
cob=(2)
cfi=(2)
cfn=(4968)
calls=200 0 
0 7000
0 10
cob=(2)
cfi=(2)
cfn=(4968)
calls=1 0 
0 35
0 2412
cfn=(6606) <pbrs_grpc::client::channel::Channel as core::clone::Clone>::clone
calls=201 0 
0 56280
0 4020
cfn=(6604) <pbrs_grpc::client::channel::Channel>::method_config_for
calls=201 0 
0 8643
0 3819
cob=(2)
cfi=(2)
cfn=(4532)
calls=201 0 
0 17688
0 603
cfn=(6610)
calls=201 0 
0 16482
0 7437
cob=(2)
cfi=(2)
cfn=(4532)
calls=201 0 
0 15276
0 6432
cob=(2)
cfi=(2)
cfn=(4206)
calls=201 0 
0 67541
0 2607
cob=(2)
cfi=(2)
cfn=(4532)
calls=200 0 
0 2347000
0 4
cob=(2)
cfi=(2)
cfn=(4532)
calls=1 0 
0 11735
0 2613

fn=(6606)
0 3417
cob=(2)
cfi=(2)
cfn=(4532)
calls=201 0 
0 12462
0 6633
cfn=(6608) bytes::bytes::static_clone
calls=201 0 
0 1407
0 3216
cfn=(6590)
calls=201 0 
0 3216
0 5628
cob=(2)
cfi=(2)
cfn=(4532)
calls=201 0 
0 12864
0 7437

fn=(6634) <core::option::Option<(core::option::Option<pbrs_grpc::service_config::RetryPolicy>, core::option::Option<pbrs_grpc::service_config::HedgingPolicy>)>>::unwrap_or
0 2412
cob=(2)
cfi=(2)
cfn=(4532)
calls=201 0 
0 5829

fn=(6650) <pbrs_grpc::transport::h2::ReadySendRequest as core::future::future::Future>::poll
0 13668
cfn=(6652) <h2::proto::streams::streams::Actions>::ensure_no_conn_error
calls=402 0 
0 8442
0 22512

fn=(6658) <pbrs_grpc::limits::ByteBudgetTracker>::try_acquire
0 17314

fn=(6676)
0 34020

fn=(6678) <http::uri::Uri>::from_parts
0 22512

fn=(6686)
0 24522
cfn=(6716)
calls=801 0 
0 7209
cfn=(6842)
calls=3 0 
0 36
0 11055
cfn=(6716)
calls=2204 0 
0 19836
cfn=(6842)
calls=7 0 
0 84
0 43416

fn=(6692) <http::header::map::HeaderMap>::try_reserve_one
0 37989

fn=(6702) <h2::client::Peer>::convert_send_message
0 5628
cfn=(6612)
calls=201 0 
0 3417
0 12864
cob=(2)
cfi=(2)
cfn=(4206)
calls=201 0 
0 39830
0 2406
cob=(2)
cfi=(2)
cfn=(4532)
calls=200 0 
0 2000
0 4
cob=(2)
cfi=(2)
cfn=(4532)
calls=1 0 
0 10
0 1005
cfn=(6704)
calls=201 0 
0 201
0 11256
cfn=(6706) <h2::frame::headers::Pseudo>::set_scheme
calls=201 0 
0 7839
0 1206
cob=(2)
cfi=(2)
cfn=(4206)
calls=201 0 
0 40959
0 2407
cob=(2)
cfi=(2)
cfn=(4532)
calls=200 0 
0 2400
0 3
cob=(2)
cfi=(2)
cfn=(4532)
calls=1 0 
0 12
0 3618
cfn=(6716)
calls=201 0 
0 1809
0 804
cob=(2)
cfi=(2)
cfn=(4532)
calls=201 0 
0 5829
0 18693
cfn=(6718)
calls=603 0 
0 4221
0 7236
cob=(2)
cfi=(2)
cfn=(4532)
calls=201 0 
0 5829
0 1407
cob=(2)
cfi=(2)
cfn=(4532)
calls=201 0 
0 5829
0 3015

fn=(6746)
0 9648

fn=(6766)
0 1005
cfn=(6768)
calls=201 0 
0 10452
0 1211
cfn=(6768)
calls=1 0 
0 356
0 6

fn=(6812)
0 9849

fn=(6820) <h2::frame::headers::HeaderBlock>::into_encoding
0 18693
cob=(2)
cfi=(2)
cfn=(4916)
calls=603 0 
0 41123
0 2412
cob=(2)
cfi=(2)
cfn=(4532)
calls=603 0 
0 17487
0 18693
cob=(2)
cfi=(2)
cfn=(4532)
calls=603 0 
0 17487
0 6628
cfn=(6824)
calls=1804 0 
0 95193
0 45828
cfn=(6822) <h2::frame::headers::Iter as core::iter::traits::iterator::Iterator>::next
calls=2412 0 
0 115977
0 1809
cfn=(6822)
calls=603 0 
0 33969
0 224517
cfn=(6718)
calls=603 0 
0 4221
0 201
cfn=(6718)
calls=201 0 
0 1407
0 47637
cfn=(6718)
calls=804 0 
0 5628
0 110958
cob=(2)
cfi=(2)
cfn=(4206)
calls=2 0 
0 794
0 123518
cob=(2)
cfi=(2)
cfn=(5054)
calls=600 0 
0 10800
0 82464
cfn=(6826) <h2::hpack::table::Table>::index_vacant
calls=8 0 
0 2111
0 13668
cfn=(6620) <bytes::bytes_mut::BytesMut>::reserve_inner
calls=2 0 
0 300
0 24023
cob=(2)
cfi=(2)
cfn=(5054)
calls=200 0 
0 3624
0 1400
cob=(2)
cfi=(2)
cfn=(5054)
calls=1400 0 
0 23400
0 45218
cfn=(6838)
calls=201 0 
0 109858
0 500
cfn=(6718)
calls=1 0 
0 7
0 4
cfn=(6836)
calls=1 0 
0 103
0 6
cfn=(6836)
calls=3 0 
0 2190
0 42
cfn=(6836)
calls=1 0 
0 603
0 28
cfn=(6836)
calls=7 0 
0 3907
0 25337
cfn=(6844)
calls=603 0 
0 90442
0 7221
cfn=(6824)
calls=600 0 
0 18200
0 9648

fn=(6828) <h2::hpack::header::Header>::len
0 132
cfn=(6718)
calls=4 0 
0 28
0 24

fn=(6864) <h2::frame::headers::HeaderBlock>::load::{closure#0}
0 86832
cfn=(6718)
calls=804 0 
0 5628
0 14271
cfn=(6718)
calls=804 0 
0 5628
0 28944
cfn=(6718)
calls=201 0 
0 1407
0 1206
cfn=(6718)
calls=603 0 
0 4221
0 32361
cfn=(6886) <http::header::map::HeaderMap>::try_append2::<http::header::name::HeaderName>
calls=1407 0 
0 417258
0 28542
cfn=(6866) core::ptr::drop_glue::<core::option::Option<http::method::Method>>
calls=201 0 
0 804
0 1608

fn=(6876) bytes::bytes_mut::shared_v_clone
0 10050

fn=(6886)
0 35175
cob=(2)
cfi=(2)
cfn=(4206)
calls=603 0 
0 36230
0 10848
cob=(2)
cfi=(2)
cfn=(4206)
calls=603 0 
0 92404
0 7218
cfn=(6686)
calls=600 0 
0 7800
0 12
cfn=(6686)
calls=3 0 
0 39
0 6030
cfn=(6694) http::header::map::hash_elem_using::<http::header::name::HeaderName>
calls=603 0 
0 25728
0 4020
cfn=(6694)
calls=804 0 
0 55074
0 136680

fn=(6888)
0 329
cfn=(6742)
calls=4 0 
0 46
0 173
cob=(2)
cfi=(2)
cfn=(4206)
calls=3 0 
0 637
0 30
cob=(2)
cfi=(2)
cfn=(4532)
calls=3 0 
0 32
0 63

fn=(6898)
0 34170

fn=(6940)
0 3232

fn=(6972) pbrs_grpc::wire::headers::accepts_codec
0 4020
cfn=(6744)
calls=402 0 
0 94470
0 9246

fn=(6990)
0 4020
cfn=(6764)
calls=402 0 
0 26130
0 1608
cfn=(6992) <h2::share::FlowControl>::release_capacity
calls=402 0 
0 73164
0 2412
cfn=(6998)
calls=402 0 
0 96744
0 3618

fn=(7024) core::ptr::drop_glue::<h2::share::RecvStream>
0 2010
cfn=(7026) <h2::share::RecvStream as core::ops::drop::Drop>::drop
calls=402 0 
0 43818
0 804
cfn=(6998)
calls=402 0 
0 101304
0 2814

fn=(7036) <pbrs_grpc::codec::prost::Message<devloop::echo::EchoReply> as pbrs_grpc::codec::CodecMessage>::encode_to_vec
0 4422
cob=(2)
cfi=(2)
cfn=(4206)
calls=201 0 
0 8709
0 2806
cfn=(6624) prost::encoding::varint::encode_varint::<alloc::vec::Vec<u8>>
calls=200 0 
0 6800
0 6
cfn=(6624)
calls=1 0 
0 34
0 2211
cob=(2)
cfi=(2)
cfn=(4532)
calls=201 0 
0 24816
0 3015

fn=(7042)
0 2814
cfn=(6612)
calls=201 0 
0 3417
0 5025
cfn=(6718)
calls=201 0 
0 1407
0 12462
cob=(2)
cfi=(2)
cfn=(4532)
calls=201 0 
0 5829
0 1608
cob=(2)
cfi=(2)
cfn=(4532)
calls=201 0 
0 5829
0 2814

fn=(7046)
0 17
cfn=(6192)
calls=1 0 
0 66
0 2

fn=(7052) h2::frame::headers::calculate_headermap_size
0 10854

fn=(7068) core::ptr::drop_glue::<<pbrs_grpc::server::rpc::Rpc>::unary<pbrs_grpc::codec::prost::Message<devloop::echo::EchoRequest>, pbrs_grpc::codec::prost::Message<devloop::echo::EchoReply>, <devloop::ProstNativeEchod as pbrs_grpc::server::dispatch::Service>::call::{closure#0}::{closure#0}, <devloop::ProstNativeEchod as pbrs_grpc::server::dispatch::Service>::call::{closure#0}::{closure#0}::{closure#0}>::{closure#0}::{closure#0}>
0 2613

fn=(7174) core::ptr::drop_glue::<pbrs_grpc::transport::h2::ResponseFuture>
0 1407
cfn=(6998)
calls=201 0 
0 50004
0 2010

fn=(7206) core::ptr::drop_glue::<pbrs_grpc::client::call::race_in<pbrs_grpc::rt::TokioRuntime, pbrs_grpc::request::Response<pbrs_grpc::codec::prost::Message<devloop::echo::EchoReply>>, pbrs_grpc::client::unary::run_unary_inner<pbrs_grpc::codec::prost::Message<devloop::echo::EchoReply>>::{closure#0}::{closure#3}>::{closure#0}>
0 3417

fn=(7362)
0 6
cfn=(7364) core::ptr::drop_glue::<pbrs_grpc::client::pool::ChannelInner>
calls=1 0 
0 3909
0 9
cob=(2)
cfi=(2)
cfn=(4916)
calls=1 0 
0 65

fn=(7404)
0 11

fn=(7414)
0 40
cfn=(6564)
calls=1 0 
0 17
0 9
cfn=(6564)
calls=3 0 
0 165
0 18

fn=(7442)
0 33
cfn=(7420)
calls=1 0 
0 17
0 4
cob=(2)
cfi=(2)
cfn=(4532)
calls=1 0 
0 268
0 9
cfn=(7096)
calls=1 0 
0 56
0 13
cfn=(7444)
calls=1 0 
0 31
0 2
cob=(2)
cfi=(2)
cfn=(4916)
calls=1 0 
0 170
0 7

fn=(7466)
0 16
cfn=(7468) alloc::io::error::custom_owner_from_box::drop_box_raw::<dyn core::error::Error + core::marker::Send + core::marker::Sync>
calls=2 0 
0 328
0 10
cob=(2)
cfi=(2)
cfn=(4916)
calls=2 0 
0 138

fn=(7492) core::ptr::drop_glue::<std::sync::poison::mutex::Mutex<h2::proto::streams::streams::Inner>>
0 22
cfn=(7494) core::ptr::drop_glue::<h2::proto::streams::streams::Actions>
calls=2 0 
0 437
0 4
cfn=(7498) core::ptr::drop_glue::<slab::Slab<h2::proto::streams::stream::Stream>>
calls=2 0 
0 413
0 16
cob=(2)
cfi=(2)
cfn=(4916)
calls=2 0 
0 188
0 14
cob=(2)
cfi=(2)
cfn=(4916)
calls=2 0 
0 190

fn=(7498)
0 70
cob=(2)
cfi=(2)
cfn=(4916)
calls=2 0 
0 343

fn=(7500)
0 12
cfn=(7502)
calls=2 0 
0 434
0 18
cob=(2)
cfi=(2)
cfn=(4916)
calls=2 0 
0 188

fn=(7514) <alloc::sync::Arc<pbrs_grpc::channelz::model::ServerEntry>>::drop_slow
0 10
cob=(2)
cfi=(2)
cfn=(4916)
calls=1 0 
0 125
0 2
cfn=(7398) core::ptr::drop_glue::<pbrs_grpc::channelz::trace::Trace>
calls=1 0 
0 587
0 8
cob=(2)
cfi=(2)
cfn=(4916)
calls=1 0 
0 73
0 11
cob=(2)
cfi=(2)
cfn=(4916)
calls=1 0 
0 73

fn=(7522)
0 23
cfn=(7524) <tokio::runtime::task::core::Core<pbrs_grpc::client::pool::finish_h2<tokio::net::tcp::stream::TcpStream>::{closure#0}::{closure#2}, alloc::sync::Arc<tokio::runtime::scheduler::current_thread::Handle>>>::set_stage
calls=1 0 
0 6122
0 9
cfn=(7524)
calls=1 0 
0 381
0 2
cfn=(7530) <tokio::runtime::task::harness::Harness<pbrs_grpc::client::pool::finish_h2<tokio::net::tcp::stream::TcpStream>::{closure#0}::{closure#2}, alloc::sync::Arc<tokio::runtime::scheduler::multi_thread::handle::Handle>>>::complete
calls=1 0 
0 485
0 4

fn=(7524)
0 76
cfn=(7526)
calls=1 0 
0 5737
0 19
cob=(2)
cfi=(2)
cfn=(4532)
calls=3 0 
0 1020
0 36

fn=(7530)
0 22
cfn=(7524)
calls=1 0 
0 385
0 5
cfn=(7096)
calls=1 0 
0 56
0 17

fn=(7544) <std::sys::sync::condvar::futex::Condvar>::wait_optional_timeout
0 22
cfn=(5192)
calls=1 0 
0 26
0 34
cob=(2)
cfi=(2)
cfn=(6376)
calls=1 0 
0 11
0 16

fn=(7710)
0 36
cfn=(7712) core::ptr::drop_glue::<tokio::runtime::scheduler::multi_thread::queue::Local<alloc::sync::Arc<tokio::runtime::scheduler::multi_thread::handle::Handle>>>
calls=4 0 
0 92
0 28

fn=(7732) core::ptr::drop_glue::<tokio::runtime::config::Config>
0 20

fn=(7740)
0 36
cob=(2)
cfi=(2)
cfn=(7742) pthread_join
calls=4 0 
0 625
0 84
cfn=(7824) <alloc::sync::Arc<std::thread::thread::Inner, std::alloc::System>>::drop_slow
calls=4 0 
0 864
0 20
cfn=(7826)
calls=4 0 
0 476
0 32

fn=(6798) <pbrs_grpc::transport::h2::ResponseFuture as core::future::future::Future>::poll
0 5239
cfn=(6800) <h2::client::ResponseFuture as core::future::future::Future>::poll
calls=403 0 
0 128185
0 11471

fn=(6800)
0 20553
cfn=(6802)
calls=403 0 
0 26103
0 4439
cfn=(6804) <h2::proto::streams::state::State>::ensure_recv_open
calls=202 0 
0 2828
0 6442
cfn=(6428)
calls=202 0 
0 1010
0 3234
cfn=(6574)
calls=1 0 
0 7
0 11403
cfn=(6764)
calls=201 0 
0 13065
0 5378
cfn=(7276) <std::sys::sync::mutex::futex::Mutex>::lock_contended
calls=38 0 
0 29222
0 342
cob=(2)
cfi=(2)
cfn=(6376)
calls=38 0 
0 418
0 3741

fn=(6804)
0 6878

fn=(5036) devloop::main
0 9
cfn=(5038)
calls=1 0 
0 1988
0 15
cfn=(5048)
calls=1 0 
0 80
0 21
cob=(2)
cfi=(2)
cfn=(4206)
calls=1 0 
0 187
0 174
cfn=(5048)
calls=6 0 
0 489
0 40
cob=(2)
cfi=(2)
cfn=(4916)
calls=1 0 
0 65
0 24
cfn=(5050) devloop::cmd_run_cell
calls=1 0 
0 7322106
0 54
cob=(2)
cfi=(2)
cfn=(4916)
calls=7 0 
0 819
0 11
cob=(2)
cfi=(2)
cfn=(4916)
calls=1 0 
0 65
0 8

fn=(5050)
0 127
cob=(2)
cfi=(2)
cfn=(4206)
calls=1 0 
0 190
0 11
cob=(2)
cfi=(2)
cfn=(4532)
calls=1 0 
0 12
0 164
cfn=(5052) <&str as core::str::pattern::Pattern>::is_contained_in
calls=1 0 
0 438
0 7
cfn=(5052)
calls=1 0 
0 448
0 10
cob=(2)
cfi=(2)
cfn=(4916)
calls=1 0 
0 117
0 39
cfn=(5070)
calls=1 0 
0 510
0 4
cfn=(5094) <tokio::runtime::builder::Builder>::build
calls=1 0 
0 37374
0 14
cfn=(5670) core::ptr::drop_glue::<tokio::runtime::builder::Builder>
calls=1 0 
0 31
0 2
cob=(2)
cfi=(2)
cfn=(4206)
calls=1 0 
0 41
0 11
cob=(2)
cfi=(2)
cfn=(4968)
calls=1 0 
0 70
0 11
cfn=(5672)
calls=1 0 
0 63
0 22
cfn=(5222)
calls=1 0 
0 63
0 5
cfn=(5072)
calls=1 0 
0 141
0 9
cfn=(5674)
calls=1 0 
0 33
0 28
cfn=(5676) <tokio::runtime::park::CachedParkThread>::waker
calls=1 0 
0 537
0 3546
cfn=(5680)
calls=321 0 
0 7236617
0 5130
cfn=(6430)
calls=320 0 
0 32238
0 322
cfn=(7406)
calls=1 0 
0 5
0 3
cfn=(6574)
calls=1 0 
0 7
0 2
cfn=(7408)
calls=1 0 
0 72
0 3
cfn=(5668)
calls=1 0 
0 45
0 7
cob=(2)
cfi=(2)
cfn=(4916)
calls=1 0 
0 65
0 2
cfn=(7410) core::ptr::drop_glue::<tokio::runtime::runtime::Runtime>
calls=1 0 
0 3509
0 1

fn=(5074)
0 45
cfn=(5076) std::sys::random::linux::getrandom
calls=5 0 
0 689
0 25

fn=(5482)
0 376
cfn=(5484) <alloc::ffi::c_str::CString>::_from_vec_unchecked
calls=4 0 
0 610
0 16

fn=(5484)
0 92
cfn=(5424)
calls=4 0 
0 494
0 24

fn=(5692)
0 12
cob=(2)
cfi=(2)
cfn=(5694)
calls=1 0 
0 5
0 10
cob=(2)
cfi=(2)
cfn=(5696) setsockopt
calls=1 0 
0 6
0 17
cob=(2)
cfi=(2)
cfn=(5698) bind
calls=1 0 
0 5
0 5
cob=(2)
cfi=(2)
cfn=(5700) listen
calls=1 0 
0 5
0 11

fn=(5704)
0 66
cob=(2)
cfi=(2)
cfn=(5224)
calls=3 0 
0 1833
0 36
cob=(2)
cfi=(2)
cfn=(4532)
calls=3 0 
0 87
0 69

fn=(5718)
0 24165

fn=(5758) <core::str::pattern::StrSearcher>::new
0 440
cob=(2)
cfi=(2)
cfn=(5054)
calls=4 0 
0 36
0 244

fn=(5780) <hashbrown::raw::RawTable<(alloc::string::String, alloc::string::String)>>::reserve_rehash::<hashbrown::map::make_hasher<alloc::string::String, alloc::string::String, std::hash::random::RandomState>::{closure#0}>
0 68
cfn=(5782) <hashbrown::raw::RawTableInner>::fallible_with_capacity::<alloc::alloc::Global>
calls=2 0 
0 570
0 76
cfn=(5776)
calls=3 0 
0 583
0 142
cob=(2)
cfi=(2)
cfn=(4916)
calls=1 0 
0 65
0 20

fn=(5790) __rustc::__rust_alloc
0 22
cob=(2)
cfi=(2)
cfn=(4206)
calls=2 0 
0 402
0 16

fn=(6148) <std::thread::lifecycle::spawn_unchecked<<tokio::runtime::blocking::pool::Spawner>::spawn_thread::{closure#0}, ()>::{closure#1} as core::ops::function::FnOnce<()>>::call_once::{shim:vtable#0}
0 84
cfn=(6150)
calls=4 0 
0 1292
0 8
cfn=(6154) std::sys::backtrace::__rust_begin_short_backtrace::<<tokio::runtime::blocking::pool::Spawner>::spawn_thread::{closure#0}, ()>
calls=4 0 
0 18774136
0 72

fn=(6154)
0 72
cfn=(5674)
calls=4 0 
0 132
0 203
cfn=(7544)
calls=1 0 
0 109
0 129
cfn=(6156)
calls=4 0 
0 18768700
0 32
cfn=(7540) tokio::runtime::task::raw::dealloc::<tokio::runtime::blocking::task::BlockingTask<<tokio::runtime::scheduler::multi_thread::worker::Launch>::launch::{closure#0}>, tokio::runtime::blocking::schedule::BlockingSchedule>
calls=4 0 
0 404
0 213
cfn=(7718) <alloc::sync::Arc<tokio::sync::oneshot::Sender<()>>>::drop_slow
calls=1 0 
0 155
0 8
cfn=(5668)
calls=4 0 
0 180
0 19
cob=(2)
cfi=(2)
cfn=(6376)
calls=1 0 
0 11
0 32
cfn=(7722)
calls=1 0 
0 2696
0 65
cfn=(5432)
calls=4 0 
0 960
0 16

fn=(6170) tokio::runtime::task::raw::poll::<devloop::rpc_prost_unary::{closure#0}::{closure#0}, alloc::sync::Arc<tokio::runtime::scheduler::multi_thread::handle::Handle>>
0 102
cfn=(6172)
calls=2 0 
0 76345
0 92

fn=(6198)
0 153
cfn=(6200)
calls=9 0 
0 189
0 18
cfn=(5192)
calls=9 0 
0 234
0 348
cfn=(6202) <alloc::collections::vec_deque::VecDeque<pbrs_grpc::channelz::trace::TraceEvent>>::grow
calls=3 0 
0 1426
0 402

fn=(6202)
0 18
cfn=(6204)
calls=3 0 
0 1378
0 30

fn=(6236)
0 134
cfn=(6290)
calls=2 0 
0 196
0 21
cfn=(6316)
calls=1 0 
0 8
0 39
cfn=(6238)
calls=1 0 
0 208
0 16
cfn=(6238)
calls=2 0 
0 380
0 5
cfn=(6238)
calls=1 0 
0 189
0 65
cfn=(5702)
calls=1 0 
0 715
0 61

fn=(6244)
0 141624

fn=(6288)
0 132

fn=(6326)
0 63

fn=(6330)
0 34436
cfn=(6332)
calls=204 0 
0 27138
0 14304
cfn=(6332)
calls=1192 0 
0 110856
0 20940

fn=(6338)
0 36380
cfn=(6512)
calls=2 0 
0 114
0 70
cfn=(6340) <h2::frame::settings::Settings>::encode
calls=4 0 
0 895
0 3027
cob=(2)
cfi=(2)
cfn=(4532)
calls=603 0 
0 33768
0 9045
cfn=(6818) <h2::frame::headers::Headers>::encode
calls=603 0 
0 1626366
0 22128
cfn=(6852)
calls=402 0 
0 42612
0 25818

fn=(6348)
0 130170
cfn=(6428)
calls=2 0 
0 10
cfn=(6242)
calls=474 0 
0 3318
0 72442

fn=(6358) <tokio::runtime::time::handle::Handle>::reregister
0 165
cfn=(6360) <mio::sys::unix::waker::Waker>::wake
calls=1 0 
0 85
0 38

fn=(6446) <pbrs_grpc::config::ChannelConfig>::h2_builder
0 65

fn=(6474) pbrs_grpc::keepalive::spawn
0 29

fn=(6490)
0 81385
cfn=(6242)
calls=1 0 
0 7
cfn=(6428)
calls=1 0 
0 5
0 1
cfn=(6242)
calls=1 0 
0 7
0 17
cfn=(6574)
calls=1 0 
0 7
0 20876

fn=(6500)
0 114037
cfn=(6856) <h2::frame::headers::HeaderBlock>::load
calls=603 0 
0 1486351
0 32612
cob=(2)
cfi=(2)
cfn=(4532)
calls=603 0 
0 17487
0 8442
cfn=(6890) <bytes::bytes_mut::BytesMut as core::ops::drop::Drop>::drop
calls=603 0 
0 5427
0 20904
cob=(2)
cfi=(2)
cfn=(4532)
calls=402 0 
0 11658
0 4872
cob=(2)
cfi=(2)
cfn=(4532)
calls=609 0 
0 17661
0 67323

fn=(6528)
0 21
cfn=(6354) core::ptr::drop_glue::<core::option::Option<tokio::runtime::Timer>>
calls=1 0 
0 144

fn=(6624)
0 13668

fn=(6644) <tokio::sync::batch_semaphore::Acquire as core::future::future::Future>::poll
0 15075

fn=(6664) <pbrs_grpc::wire::encode::SegFrame as core::clone::Clone>::clone
0 3015
cfn=(6590)
calls=201 0 
0 19897
0 5829

fn=(6666) pbrs_grpc::client::unary::run_unary_frame::<pbrs_grpc::codec::prost::Message<devloop::echo::EchoReply>>::{closure#0}
0 22639
cfn=(6668) pbrs_grpc::client::unary::run_unary_inner::<pbrs_grpc::codec::prost::Message<devloop::echo::EchoReply>>::{closure#0}
calls=201 0 
0 1575106
0 1276
cfn=(6668)
calls=319 0 
0 1467086
0 1844
cob=(2)
cfi=(2)
cfn=(4532)
calls=201 0 
0 15276
0 402
cfn=(7208) core::ptr::drop_glue::<pbrs_grpc::client::unary::run_unary_inner<pbrs_grpc::codec::prost::Message<devloop::echo::EchoReply>>::{closure#0}>
calls=201 0 
0 4221
0 1407
cob=(2)
cfi=(2)
cfn=(4532)
calls=201 0 
0 15276
0 5200

fn=(6688)
0 50652

fn=(6698) <pbrs_grpc::transport::h2::SendRequest as pbrs_grpc::transport::SendRequest>::send_request
0 11055
cfn=(6652)
calls=201 0 
0 4221
0 4623
cfn=(6700) <h2::proto::streams::stream::Stream>::new
calls=201 0 
0 19497
0 3618
cfn=(6702)
calls=201 0 
0 191737
0 6633
cob=(2)
cfi=(2)
cfn=(4532)
calls=201 0 
0 5829
0 6432
cob=(2)
cfi=(2)
cfn=(4532)
calls=201 0 
0 12864
0 1005
cfn=(6720) <h2::proto::streams::store::Store>::insert
calls=201 0 
0 65822
0 1809
cob=(2)
cfi=(2)
cfn=(4532)
calls=201 0 
0 10452
0 1407
cfn=(6732)
calls=201 0 
0 303593
0 11256
cfn=(6764)
calls=201 0 
0 13065
0 8040
cfn=(6758) <h2::proto::streams::streams::OpaqueStreamRef>::new
calls=201 0 
0 6432
0 2814
cfn=(6760) core::ptr::drop_glue::<std::sync::poison::mutex::MutexGuard<tokio::util::idle_notified_set::ListsInner<tokio::runtime::task::join::JoinHandle<core::result::Result<(pbrs_grpc::resolver::snapshot::ResolvedAddress, pbrs_grpc::client::pool::Dialed), pbrs_grpc::status::Status>>>>>
calls=201 0 
0 2814
0 1407
cfn=(6762) core::ptr::drop_glue::<std::sync::poison::mutex::MutexGuard<h2::proto::streams::streams::Inner>>
calls=201 0 
0 2814
0 1608

fn=(6704)
0 6839

fn=(6724) <alloc::raw_vec::RawVec<slab::Entry<h2::proto::streams::stream::Stream>>>::grow_one
0 30
cfn=(5424)
calls=2 0 
0 467
0 18

fn=(6744)
0 15075
cfn=(6694)
calls=1005 0 
0 24120
0 90651
cfn=(6694)
calls=2010 0 
0 176076
0 89847
cob=(2)
cfi=(2)
cfn=(5054)
calls=402 0 
0 7236
0 20703
cfn=(6704)
calls=1809 0 
0 1809
0 18090

fn=(6752) <slab::Slab<h2::proto::streams::buffer::Slot<h2::frame::Frame>>>::insert_at
0 9059
cfn=(6754) <alloc::raw_vec::RawVec<slab::Entry<h2::proto::streams::buffer::Slot<h2::frame::Frame>>>>::grow_one
calls=2 0 
0 515
0 25
cob=(2)
cfi=(2)
cfn=(4532)
calls=5 0 
0 320
0 14035
cob=(2)
cfi=(2)
cfn=(4532)
calls=1000 0 
0 64000

fn=(6770) core::ptr::drop_glue::<pbrs_grpc::client::call::open_in<pbrs_grpc::rt::TokioRuntime>::{closure#0}::{closure#1}>
0 2412

fn=(6792) core::ptr::drop_glue::<pbrs_grpc::client::call::send_request_frame_in<pbrs_grpc::rt::TokioRuntime>::{closure#0}>
0 3417

fn=(6822)
0 135474
cfn=(6840) core::ptr::drop_glue::<h2::frame::headers::Pseudo>
calls=603 0 
0 13869
0 603

fn=(6846) <h2::frame::head::Head>::encode::<bytes::buf::limit::Limit<&mut bytes::bytes_mut::BytesMut>>
0 21105
cob=(2)
cfi=(2)
cfn=(4532)
calls=603 0 
0 10251
0 22311
cob=(2)
cfi=(2)
cfn=(4532)
calls=603 0 
0 9045
0 21708
cob=(2)
cfi=(2)
cfn=(4532)
calls=603 0 
0 9045
0 21708
cob=(2)
cfi=(2)
cfn=(4532)
calls=603 0 
0 8442
0 12663

fn=(6904) <http::uri::authority::Authority>::from_shared
0 44823

fn=(6910)
0 53868

fn=(6920) <h2::proto::streams::streams::Actions>::reset_on_recv_stream_err::<bytes::bytes::Bytes>
0 24120

fn=(6928)
0 30753

fn=(6932)
0 804

fn=(6936)
0 5829
cfn=(6938)
calls=201 0 
0 35577
0 3618

fn=(6956)
0 4020
cob=(2)
cfi=(2)
cfn=(4532)
calls=201 0 
0 24924
0 1005
cfn=(6962) <devloop::ProstNativeEchod as pbrs_grpc::server::dispatch::Service>::call::{closure#0}
calls=201 0 
0 4036925
0 1809
cfn=(7088) core::ptr::drop_glue::<<devloop::ProstNativeEchod as pbrs_grpc::server::dispatch::Service>::call::{closure#0}>
calls=201 0 
0 2211
0 804
cob=(2)
cfi=(2)
cfn=(4916)
calls=201 0 
0 37483
0 5025
cfn=(6958) <pbrs_grpc::server::rpc::Rpc>::service
calls=201 0 
0 23859
0 1809
cfn=(5784) <std::hash::random::RandomState as core::hash::BuildHasher>::hash_one::<&str>
calls=201 0 
0 37788
0 7839
cob=(2)
cfi=(2)
cfn=(5054)
calls=201 0 
0 3702
0 6231
cob=(2)
cfi=(2)
cfn=(4532)
calls=201 0 
0 24902
0 603
cfn=(6960)
calls=201 0 
0 2399446
0 1005

fn=(6958)
0 5829
cfn=(5788)
calls=201 0 
0 15819
0 2211

fn=(6974) pbrs_grpc::wire::headers::grpc_encoding
0 5427
cfn=(6744)
calls=603 0 
0 102309
0 7236

fn=(6986) <h2::share::RecvStream>::poll_data
0 40524
cfn=(6802)
calls=921 0 
0 71981
0 4755
cfn=(6804)
calls=318 0 
0 4050
0 6498
cob=(2)
cfi=(2)
cfn=(4532)
calls=201 0 
0 5829
0 1206
cfn=(6914)
calls=201 0 
0 10452
0 2997
cfn=(6428)
calls=117 0 
0 585
0 45684

fn=(6996)
0 12462

fn=(7004)
0 4824
cfn=(7006) prost::encoding::varint::decode_varint::<&mut bytes::bytes::Bytes>
calls=201 0 
0 3417
0 4020
cfn=(7006)
calls=201 0 
0 10653
0 4221
cfn=(7010)
calls=201 0 
0 61931
0 2010
cfn=(6704)
calls=201 0 
0 201
0 3618

fn=(7030) pbrs_grpc::interceptor::intercept_response::<pbrs_grpc::codec::prost::Message<devloop::echo::EchoReply>>
0 3216
cob=(2)
cfi=(2)
cfn=(4532)
calls=201 0 
0 15276

fn=(7038) pbrs_grpc::wire::send::send_ok_headers
0 5427
cfn=(6680) <pbrs_grpc::metadata::Metadata>::len
calls=201 0 
0 6834
0 1608
cfn=(6682)
calls=201 0 
0 34673
0 3216
cfn=(6684)
calls=201 0 
0 9849
0 3417
cfn=(6690)
calls=201 0 
0 33567
0 4020
cfn=(6690)
calls=201 0 
0 51456
0 2010
cfn=(6696) <pbrs_grpc::metadata::Metadata>::write_to
calls=201 0 
0 4020
0 3819
cfn=(7040)
calls=201 0 
0 435027
0 3216

fn=(7050) <pbrs_grpc::transport::h2::SendStream as pbrs_grpc::transport::SendStream>::send_trailers
0 17085
cfn=(7052)
calls=201 0 
0 10854
0 5025
cfn=(6734) <h2::proto::streams::send::Send>::check_headers
calls=201 0 
0 222306
0 1809
cfn=(6786)
calls=201 0 
0 10653
0 9045
cfn=(6782) <h2::proto::streams::state::State>::send_close
calls=201 0 
0 5427
0 1809
cob=(2)
cfi=(2)
cfn=(4532)
calls=201 0 
0 12864
0 1608
cfn=(6750) <h2::proto::streams::prioritize::Prioritize>::queue_frame::<bytes::bytes::Bytes>
calls=201 0 
0 62511
0 1407
cfn=(6784) <h2::proto::streams::prioritize::Prioritize>::reserve_capacity
calls=201 0 
0 10854
0 2412

fn=(7088)
0 2211

fn=(7092)
0 3819

fn=(7096)
0 14073

fn=(7098)
0 5226

fn=(7178) <h2::share::RecvStream>::is_end_stream
0 25098

fn=(7210) core::ptr::drop_glue::<pbrs_grpc::client::unary::run_unary_frame<pbrs_grpc::codec::prost::Message<devloop::echo::EchoReply>>::{closure#0}>
0 3819

fn=(7220) <pbrs_grpc::telemetry::CallGuard>::finish
0 3819
cfn=(6584)
calls=201 0 
0 9648
0 3819

fn=(7222) core::ptr::drop_glue::<pbrs_grpc::telemetry::CallGuard>
0 1005
cfn=(7224)
calls=201 0 
0 1809
0 2010

fn=(7350) <u64 as itoa::Unsigned>::fmt
0 426

fn=(7364)
0 16
cfn=(7366)
calls=1 0 
0 2419
0 8
cob=(2)
cfi=(2)
cfn=(4916)
calls=1 0 
0 65
0 15
cfn=(7066)
calls=1 0 
0 123
0 5
cob=(2)
cfi=(2)
cfn=(4916)
calls=1 0 
0 65
0 5
cfn=(6716)
calls=1 0 
0 9
0 2
cfn=(7386)
calls=1 0 
0 89
0 2
cfn=(7388) core::ptr::drop_glue::<core::option::Option<pbrs_grpc::resolver::registry::ResolverHandle>>
calls=1 0 
0 13
0 8
cfn=(7390) <pbrs_grpc::channelz::model::ChannelHandle as core::ops::drop::Drop>::drop
calls=1 0 
0 1056
0 9

fn=(7370)
0 223
cfn=(7372) <alloc::collections::btree::node::Handle<alloc::collections::btree::node::NodeRef<alloc::collections::btree::node::marker::Mut, u64, alloc::sync::Arc<pbrs_grpc::channelz::model::SocketEntry>, alloc::collections::btree::node::marker::Leaf>, alloc::collections::btree::node::marker::KV>>::remove_leaf_kv::<<alloc::collections::btree::map::entry::OccupiedEntry<u64, alloc::sync::Arc<pbrs_grpc::channelz::model::SocketEntry>>>::remove_kv::{closure#0}, alloc::alloc::Global>
calls=3 0 
0 306
0 102
cfn=(5832)
calls=3 0 
0 2402
0 27
cfn=(6584)
calls=1 0 
0 48
0 29
cfn=(6198)
calls=1 0 
0 148
0 6
cfn=(6216)
calls=2 0 
0 96
0 58
cfn=(6198)
calls=2 0 
0 1072
0 16
cfn=(7382) <alloc::sync::Arc<pbrs_grpc::channelz::model::SocketEntry>>::drop_slow
calls=3 0 
0 649
0 121
cob=(2)
cfi=(2)
cfn=(4916)
calls=1 0 
0 65
0 20
cob=(2)
cfi=(2)
cfn=(4916)
calls=2 0 
0 196
0 44

fn=(7396) core::ptr::drop_glue::<pbrs_grpc::channelz::model::ChannelEntry>
0 10
cob=(2)
cfi=(2)
cfn=(4916)
calls=1 0 
0 65
0 4
cob=(2)
cfi=(2)
cfn=(4916)
calls=1 0 
0 65
0 2
cfn=(7398)
calls=1 0 
0 475
0 19
cob=(2)
cfi=(2)
cfn=(4916)
calls=1 0 
0 65

fn=(7420)
0 55
cfn=(7422) core::ptr::drop_glue::<<pbrs_grpc::server::router::Router>::serve_listener::{closure#0}>
calls=1 0 
0 2930

fn=(7422)
0 14
cfn=(7424) core::ptr::drop_glue::<pbrs_grpc::server::accept::accept_loop<pbrs_grpc::server::router::Router, core::future::pending::Pending<()>>::{closure#0}>
calls=1 0 
0 2911
0 5

fn=(7428)
0 14
cfn=(7430)
calls=1 0 
0 35
0 20
cfn=(7018)
calls=1 0 
0 33
0 26
cfn=(7432) <tokio::sync::mpsc::list::Rx<()>>::pop
calls=1 0 
0 28
0 7
cfn=(7432)
calls=1 0 
0 28
0 12

fn=(7436)
0 81
cob=(2)
cfi=(2)
cfn=(5174)
calls=3 0 
0 18
0 150
cob=(2)
cfi=(2)
cfn=(5138)
calls=3 0 
0 183
0 27
cfn=(7438) core::ptr::drop_glue::<tokio::runtime::io::registration::Registration>
calls=3 0 
0 204

fn=(7470) core::ptr::drop_glue::<<alloc::boxed::Box<dyn core::error::Error + core::marker::Send + core::marker::Sync> as core::convert::From<alloc::string::String>>::from::StringError>
0 8
cob=(2)
cfi=(2)
cfn=(4916)
calls=2 0 
0 146

fn=(7518) <tokio::runtime::task::harness::Harness<pbrs_grpc::server::accept::accept_loop_with_slots<pbrs_grpc::server::router::Router, core::future::pending::Pending<()>>::{closure#0}::{closure#2}, alloc::sync::Arc<tokio::runtime::scheduler::multi_thread::handle::Handle>>>::complete
0 26
cfn=(7448)
calls=1 0 
0 12044
0 5
cfn=(7096)
calls=1 0 
0 56
0 13
cfn=(7520) core::ptr::drop_glue::<tokio::runtime::task::core::Cell<pbrs_grpc::server::accept::accept_loop_with_slots<pbrs_grpc::server::router::Router, core::future::pending::Pending<()>>::{closure#0}::{closure#2}, alloc::sync::Arc<tokio::runtime::scheduler::multi_thread::handle::Handle>>>
calls=1 0 
0 26
0 2
cob=(2)
cfi=(2)
cfn=(4916)
calls=1 0 
0 200
0 6

fn=(7542) core::ptr::drop_glue::<tokio::runtime::task::core::Cell<tokio::runtime::blocking::task::BlockingTask<<tokio::runtime::scheduler::multi_thread::worker::Launch>::launch::{closure#0}>, tokio::runtime::blocking::schedule::BlockingSchedule>>
0 104

fn=(7550) <std::sys::pal::unix::stack_overflow::Handler as core::ops::drop::Drop>::drop
0 52
cob=(2)
cfi=(2)
cfn=(5014)
calls=4 0 
0 580
0 40
cob=(2)
cfi=(2)
cfn=(5012)
calls=4 0 
0 20
0 20
cob=(2)
cfi=(2)
cfn=(6094) munmap
calls=4 0 
0 20
0 4
cob=(2)
cfi=(2)
cfn=(5030)
calls=4 0 
0 12
0 264
cfn=(7552)
calls=4 0 
0 445
0 44
cob=(2)
cfi=(2)
cfn=(4916)
calls=4 0 
0 416
0 80

fn=(7718)
0 25
cfn=(7720) tokio::runtime::park::wake_by_ref
calls=1 0 
0 52
0 13
cob=(2)
cfi=(2)
cfn=(4916)
calls=1 0 
0 65

fn=(7720)
0 1
cfn=(6434)
calls=1 0 
0 51

fn=(7824)
0 48
cob=(2)
cfi=(2)
cfn=(4916)
calls=4 0 
0 468
0 36
cob=(2)
cfi=(2)
cfn=(4916)
calls=4 0 
0 312

fn=(7836)
0 9

fn=(6516)
0 39539
cfn=(6518)
calls=2081 0 
0 18516
0 35294

fn=(6796) pbrs_grpc::client::unary::run_unary_inner::<pbrs_grpc::codec::prost::Message<devloop::echo::EchoReply>>::{closure#0}::{closure#3}
0 10330
cfn=(6798)
calls=201 0 
0 38190
0 1010
cfn=(6798)
calls=202 0 
0 106705
0 7089
cfn=(7174)
calls=201 0 
0 53421
0 5427
cfn=(7176) pbrs_grpc::client::call::response_commits
calls=201 0 
0 15966
0 2010
cob=(2)
cfi=(2)
cfn=(4532)
calls=201 0 
0 5829
0 2814
cob=(2)
cfi=(2)
cfn=(4532)
calls=201 0 
0 5829
0 1005
cob=(2)
cfi=(2)
cfn=(4532)
calls=201 0 
0 5829
0 2613
cob=(2)
cfi=(2)
cfn=(4532)
calls=201 0 
0 5829
0 6030
cfn=(7178)
calls=201 0 
0 12549
0 3363
cfn=(6974)
calls=201 0 
0 35376
0 10083
cob=(2)
cfi=(2)
cfn=(4532)
calls=201 0 
0 5829
0 2010
cfn=(7198)
calls=201 0 
0 3015
0 1407
cob=(2)
cfi=(2)
cfn=(4532)
calls=201 0 
0 5829
0 3216
cob=(2)
cfi=(2)
cfn=(4532)
calls=201 0 
0 5829
0 10977
cfn=(6984)
calls=519 0 
0 138860
0 4974
cfn=(6988)
calls=201 0 
0 6834
0 603
cfn=(6990)
calls=201 0 
0 106392
0 4221
cfn=(7002)
calls=201 0 
0 4824
0 603
cfn=(7002)
calls=201 0 
0 19698
0 11658
cfn=(7180)
calls=201 0 
0 101245
0 8307
cfn=(7186)
calls=201 0 
0 1206
0 5091
cfn=(7012)
calls=201 0 
0 4221
0 6582
cfn=(7188)
calls=201 0 
0 62310
0 8139
cfn=(7192)
calls=201 0 
0 55074
0 18291
cfn=(7024)
calls=201 0 
0 80199
0 1005
cfn=(6612)
calls=201 0 
0 3417
0 804

fn=(5052)
0 76
cob=(2)
cfi=(2)
cfn=(5054)
calls=2 0 
0 56
0 90
cob=(2)
cfi=(2)
cfn=(5054)
calls=18 0 
0 504
0 160

fn=(5094)
0 19
cfn=(5096)
calls=1 0 
0 763
0 5
cfn=(5120)
calls=1 0 
0 6422
0 15
cfn=(5168)
calls=1 0 
0 3027
0 10
cob=(2)
cfi=(2)
cfn=(4532)
calls=1 0 
0 29
0 8
cob=(2)
cfi=(2)
cfn=(4532)
calls=1 0 
0 29
0 6
cfn=(5210) tokio::runtime::blocking::create_blocking_pool
calls=1 0 
0 607
0 9
cfn=(5222)
calls=1 0 
0 63
0 4
cfn=(5222)
calls=1 0 
0 63
0 6
cob=(2)
cfi=(2)
cfn=(4532)
calls=1 0 
0 29
0 57
cob=(2)
cfi=(2)
cfn=(4206)
calls=1 0 
0 190
0 22
cob=(2)
cfi=(2)
cfn=(4206)
calls=1 0 
0 190
0 42
cob=(2)
cfi=(2)
cfn=(4206)
calls=1 0 
0 41
0 25
cob=(2)
cfi=(2)
cfn=(4206)
calls=1 0 
0 190
0 31
cob=(2)
cfi=(2)
cfn=(5224)
calls=1 0 
0 470
0 97
cob=(2)
cfi=(2)
cfn=(4206)
calls=4 0 
0 750
0 32
cob=(2)
cfi=(2)
cfn=(4206)
calls=4 0 
0 540
0 116
cob=(2)
cfi=(2)
cfn=(4206)
calls=4 0 
0 801
0 72
cfn=(5192)
calls=4 0 
0 104
0 16
cfn=(5192)
calls=4 0 
0 104
0 44
cfn=(5222)
calls=4 0 
0 252
0 136
cob=(2)
cfi=(2)
cfn=(4206)
calls=4 0 
0 611
0 186
cob=(2)
cfi=(2)
cfn=(4206)
calls=1 0 
0 190
0 48
cob=(2)
cfi=(2)
cfn=(4206)
calls=1 0 
0 187
0 18
cob=(2)
cfi=(2)
cfn=(4968)
calls=1 0 
0 35
0 92
cob=(2)
cfi=(2)
cfn=(4532)
calls=1 0 
0 29
0 4
cob=(2)
cfi=(2)
cfn=(4206)
calls=1 0 
0 179
0 10
cob=(2)
cfi=(2)
cfn=(4532)
calls=1 0 
0 88
0 122
cob=(2)
cfi=(2)
cfn=(4206)
calls=4 0 
0 760
0 62
cfn=(5422)
calls=1 0 
0 261
0 7
cfn=(5426)
calls=1 0 
0 25
0 7
cfn=(5428) core::ptr::drop_glue::<alloc::vec::Vec<alloc::boxed::Box<tokio::runtime::scheduler::multi_thread::worker::Core>>>
calls=1 0 
0 89
0 5
cfn=(5430)
calls=1 0 
0 77
0 73
cfn=(5468)
calls=4 0 
0 116
0 156
cob=(2)
cfi=(2)
cfn=(5224)
calls=4 0 
0 1822
0 48
cob=(2)
cfi=(2)
cfn=(4532)
calls=4 0 
0 116
0 20
cfn=(5470)
calls=4 0 
0 16012
0 65
cfn=(5664) core::ptr::drop_glue::<alloc::vec::drain::Drain<alloc::sync::Arc<tokio::runtime::scheduler::multi_thread::worker::Worker>>>
calls=1 0 
0 26
0 2
cfn=(5666) core::ptr::drop_glue::<tokio::runtime::scheduler::multi_thread::worker::Launch>
calls=1 0 
0 88
0 8
cfn=(5668)
calls=1 0 
0 45
0 9
cfn=(5432)
calls=1 0 
0 237
0 3

fn=(5126)
0 22
cfn=(5128)
calls=2 0 
0 247
0 20
cob=(2)
cfi=(2)
cfn=(5132) lseek
calls=2 0 
0 10
0 32

fn=(5148) <std::path::Components>::as_path
0 144
cfn=(5146)
calls=3 0 
0 233
0 36

fn=(5162)
0 42
cob=(2)
cfi=(2)
cfn=(5136)
calls=2 0 
0 56
0 31
cob=(2)
cfi=(2)
cfn=(4532)
calls=1 0 
0 12
0 26

fn=(5424)
0 420
cfn=(5486) __rustc::__rust_realloc
calls=19 0 
0 4335
0 62
cob=(2)
cfi=(2)
cfn=(4206)
calls=6 0 
0 584
0 4450
cfn=(5486)
calls=7 0 
0 1658
0 822
cob=(2)
cfi=(2)
cfn=(4206)
calls=404 0 
0 17173
0 17840
cob=(2)
cfi=(2)
cfn=(4502) realloc
calls=2 0 
0 902
0 4836
cob=(2)
cfi=(2)
cfn=(4206)
calls=402 0 
0 16950
0 5138
cfn=(5486)
calls=2 0 
0 872
0 88
cob=(2)
cfi=(2)
cfn=(4206)
calls=12 0 
0 2012
0 677
cfn=(5486)
calls=7 0 
0 1099
0 105
cob=(2)
cfi=(2)
cfn=(4206)
calls=13 0 
0 1908
0 429
cob=(2)
cfi=(2)
cfn=(4206)
calls=4 0 
0 462
0 64

fn=(5428)
0 48
cob=(2)
cfi=(2)
cfn=(4916)
calls=2 0 
0 182

fn=(5678) <std::sys::thread_local::native::lazy::Storage<tokio::runtime::park::ParkThread, ()>>::get_or_init_slow::<tokio::runtime::park::CURRENT_PARKER::__rust_std_internal_init_fn>
0 10
cob=(2)
cfi=(2)
cfn=(4206)
calls=1 0 
0 41
0 22
cfn=(5432)
calls=1 0 
0 441
0 4

fn=(5686) <core::net::socket_addr::SocketAddr>::parse_ascii
0 28
cfn=(5688)
calls=2 0 
0 290
0 179

fn=(5720)
0 63
cfn=(5722) <pbrs_grpc::client::channel::Channel>::connect_with::<core::net::socket_addr::SocketAddr>::{closure#0}
calls=1 0 
0 22214
0 3
cfn=(5722)
calls=1 0 
0 27431
0 18

fn=(5738)
0 566
cob=(2)
cfi=(2)
cfn=(4532)
calls=32 0 
0 397
0 393
cfn=(5740)
calls=21 0 
0 5842
0 95
cob=(2)
cfi=(2)
cfn=(4532)
calls=2 0 
0 22
0 28
cfn=(5740)
calls=2 0 
0 228
0 954
cob=(2)
cfi=(2)
cfn=(4532)
calls=54 0 
0 816
0 570
cfn=(5740)
calls=12 0 
0 2053
0 36

fn=(5784)
0 4824
cfn=(5778)
calls=201 0 
0 11256
0 1005
cfn=(5778)
calls=201 0 
0 6834
0 13917
cfn=(5778)
calls=2 0 
0 122
0 10
cfn=(5778)
calls=2 0 
0 66
0 138

fn=(5792)
0 64
cob=(2)
cfi=(2)
cfn=(4206)
calls=4 0 
0 324
0 534

fn=(5834)
0 6
cfn=(5836)
calls=1 0 
0 197

fn=(6168)
0 10042
cfn=(5718)
calls=193 0 
0 11194
0 2123
cfn=(6564)
calls=193 0 
0 16879
0 16900
cfn=(6806)
calls=471 0 
0 4349726
cfn=(6318) tokio::runtime::task::raw::poll::<pbrs_grpc::server::accept::accept_loop_with_slots<pbrs_grpc::server::router::Router, core::future::pending::Pending<()>>::{closure#0}::{closure#2}, alloc::sync::Arc<tokio::runtime::scheduler::multi_thread::handle::Handle>>
calls=203 0 
0 3564120
cfn=(6170)
calls=2 0 
0 76539
0 21957
cfn=(6944)
calls=201 0 
0 7230363
cfn=(6318)
calls=202 0 
0 2021803
0 17433

fn=(6176)
0 6
cob=(2)
cfi=(2)
cfn=(4532)
calls=1 0 
0 76
0 2
cob=(2)
cfi=(2)
cfn=(4206)
calls=1 0 
0 213
0 13
cfn=(6178)
calls=1 0 
0 464
0 8
cob=(2)
cfi=(2)
cfn=(4532)
calls=1 0 
0 76
0 3

fn=(6216)
0 19488

fn=(6264)
0 11870

fn=(6274)
0 16000
cob=(2)
cfi=(2)
cfn=(6276) epoll_wait
calls=761 0 
0 45660
0 104
cob=(2)
cfi=(2)
cfn=(6276)
calls=26 0 
0 1560
0 31573
cfn=(6278)
calls=555 0 
0 87871
0 9068

fn=(6286)
0 51324

fn=(6318)
0 24300
cfn=(6320)
calls=405 0 
0 5542993
0 18630

fn=(6322)
0 44
cob=(2)
cfi=(2)
cfn=(5696)
calls=2 0 
0 12
0 12
cfn=(5096)
calls=2 0 
0 1929
0 32

fn=(6340)
0 406
cfn=(6342)
calls=2 0 
0 78
0 8
cfn=(6342)
calls=1 0 
0 39
0 10
cfn=(6342)
calls=2 0 
0 78
0 12
cfn=(6342)
calls=2 0 
0 78
0 12
cfn=(6342)
calls=2 0 
0 78
0 12
cfn=(6342)
calls=2 0 
0 78
0 6

fn=(6354)
0 14
cfn=(6530)
calls=2 0 
0 256
0 44

fn=(6360)
0 2886
cob=(2)
cfi=(2)
cfn=(6362) write
calls=222 0 
0 13098
0 2886

fn=(6364) <tokio::sync::task::atomic_waker::AtomicWaker>::register_by_ref
0 54
cfn=(6428)
calls=1 0 
0 5
cfn=(6242)
calls=2 0 
0 14
0 32
cfn=(6384)
calls=1 0 
0 8
0 25

fn=(6378)
0 42603

fn=(6456) <h2::proto::streams::streams::Inner>::new
0 48
cfn=(6458)
calls=2 0 
0 38
0 82
cfn=(6458)
calls=2 0 
0 38
0 30
cob=(2)
cfi=(2)
cfn=(4532)
calls=2 0 
0 58
0 74
cob=(2)
cfi=(2)
cfn=(4532)
calls=2 0 
0 128
0 68
cob=(2)
cfi=(2)
cfn=(4206)
calls=2 0 
0 395
0 20
cob=(2)
cfi=(2)
cfn=(4532)
calls=2 0 
0 176
0 18

fn=(6504)
0 106
cfn=(6506) <h2::proto::streams::send::Send>::apply_remote_settings::<bytes::bytes::Bytes>
calls=2 0 
0 97
0 54

fn=(6508)
0 22

fn=(6556)
0 27976
cfn=(6514)
calls=1076 0 
0 36584
0 18292

fn=(6566) core::ptr::drop_glue::<pbrs_grpc::client::pool::finish_h2<tokio::net::tcp::stream::TcpStream>::{closure#0}>
0 21

fn=(6582) <pbrs_grpc::channelz::model::Registry>::set_channel_state
0 8
cfn=(6584)
calls=1 0 
0 48
0 31
cfn=(5832)
calls=1 0 
0 467
0 7
cfn=(6198)
calls=1 0 
0 148
0 18

fn=(6584)
0 19440

fn=(6592)
0 6195
cob=(2)
cfi=(2)
cfn=(4206)
calls=413 0 
0 18647
0 12364

fn=(6614)
0 12812
cfn=(5192)
calls=201 0 
0 5226
0 5427
cfn=(6616) <pbrs_grpc::channelz::model::Registry>::note_call_started
calls=201 0 
0 30150
0 8844
cfn=(6618) pbrs_grpc::wire::encode::encode_msg::<pbrs_grpc::codec::prost::Message<devloop::echo::EchoRequest>>
calls=201 0 
0 168728
0 3216
cob=(2)
cfi=(2)
cfn=(4916)
calls=201 0 
0 13065
0 2613
cfn=(6608)
calls=201 0 
0 1407
0 1407
cfn=(6630)
calls=201 0 
0 1407
0 4020
cfn=(6604)
calls=201 0 
0 8643
0 804
cfn=(6632)
calls=201 0 
0 4020
0 1206
cfn=(6634)
calls=201 0 
0 8241
0 11658
cfn=(7222)
calls=201 0 
0 4824
0 1809
cfn=(7226)
calls=201 0 
0 11055
0 2613
cfn=(6684)
calls=201 0 
0 9849
0 5829
cfn=(7018)
calls=201 0 
0 6633
0 2613
cob=(2)
cfi=(2)
cfn=(4532)
calls=201 0 
0 15276
0 7009
cfn=(6704)
calls=201 0 
0 201
0 7839
cfn=(6636) <pbrs_grpc::client::channel::Channel>::grab_in::<pbrs_grpc::rt::TokioRuntime>::{closure#0}
calls=201 0 
0 187131
0 4221
cfn=(6656) core::ptr::drop_glue::<<pbrs_grpc::client::channel::Channel>::grab_in<pbrs_grpc::rt::TokioRuntime>::{closure#0}>
calls=201 0 
0 3417
0 14070
cfn=(6658)
calls=201 0 
0 8657
0 4824
cfn=(6660) <pbrs_grpc::channelz::model::Registry>::note_stream_started
calls=201 0 
0 35778
0 4020
cfn=(6664)
calls=201 0 
0 28741
0 4020
cfn=(6608)
calls=201 0 
0 1407
0 22512
cfn=(6666)
calls=201 0 
0 1596010
0 1595
cfn=(6666)
calls=319 0 
0 1513723
0 2246
cob=(2)
cfi=(2)
cfn=(4532)
calls=201 0 
0 15276
0 402
cfn=(7210)
calls=201 0 
0 3819
0 9447
cob=(2)
cfi=(2)
cfn=(4532)
calls=201 0 
0 15276
0 3015
cob=(2)
cfi=(2)
cfn=(4532)
calls=201 0 
0 15276
0 3015
cfn=(7058)
calls=201 0 
0 17889
0 1407
cfn=(7014) <pbrs_grpc::channelz::model::Registry>::note_messages
calls=201 0 
0 34974
0 1005
cfn=(7014)
calls=201 0 
0 34773
0 3618
cfn=(7212) pbrs_grpc::client::pool::ingest_orca_report::{closure#0}
calls=201 0 
0 5226
0 6502
cob=(2)
cfi=(2)
cfn=(4532)
calls=201 0 
0 10452
0 1608
cob=(2)
cfi=(2)
cfn=(4532)
calls=201 0 
0 5829
0 3618
cob=(2)
cfi=(2)
cfn=(4532)
calls=201 0 
0 10452
0 1608
cob=(2)
cfi=(2)
cfn=(4532)
calls=201 0 
0 5829
0 3015
cob=(2)
cfi=(2)
cfn=(4532)
calls=201 0 
0 10452
0 1407
cob=(2)
cfi=(2)
cfn=(4532)
calls=201 0 
0 5829
0 1608
cfn=(7214)
calls=201 0 
0 10251
0 804
cfn=(7216) core::ptr::drop_glue::<<pbrs_grpc::client::channel::Channel>::note_call_outcome::{closure#0}>
calls=201 0 
0 2613
0 1005
cfn=(7218)
calls=201 0 
0 804
0 1005
cfn=(7220)
calls=201 0 
0 17286
0 3015
cob=(2)
cfi=(2)
cfn=(4532)
calls=201 0 
0 15276
0 9246
cfn=(6842)
calls=201 0 
0 29949
0 402
cfn=(6628)
calls=201 0 
0 3618
0 201

fn=(6626) <pbrs_grpc::wire::encode::SegSink>::finish
0 19698
cfn=(6628)
calls=402 0 
0 7236
0 3618

fn=(6660)
0 3216
cfn=(6662)
calls=402 0 
0 24120
0 3216
cfn=(5192)
calls=201 0 
0 5226
0 1608
cfn=(6244)
calls=201 0 
0 7236
0 804
cfn=(5192)
calls=201 0 
0 5226
0 1608
cfn=(6244)
calls=201 0 
0 7236
0 10251

fn=(6662)
0 96480

fn=(6672) pbrs_grpc::client::call::open_in::<pbrs_grpc::rt::TokioRuntime>::{closure#0}::{closure#1}
0 6633
cfn=(6650)
calls=201 0 
0 22311
0 6834

fn=(6680)
0 13668

fn=(6684)
0 10050
cob=(2)
cfi=(2)
cfn=(4916)
calls=804 0 
0 68610
0 5628
cfn=(6686)
calls=1407 0 
0 80028
0 4422
cob=(2)
cfi=(2)
cfn=(4916)
calls=804 0 
0 84535
0 8442
cfn=(6688)
calls=1407 0 
0 25326
0 4020
cfn=(6686)
calls=402 0 
0 5226
0 3216
cfn=(6688)
calls=402 0 
0 7236
0 4020
cfn=(6686)
calls=402 0 
0 5226
0 3216
cfn=(6688)
calls=402 0 
0 7236

fn=(6694)
0 405216

fn=(6716)
0 21582
cob=(2)
cfi=(2)
cfn=(4916)
calls=211 0 
0 15913
0 1266
cob=(2)
cfi=(2)
cfn=(4916)
calls=211 0 
0 14595
0 15240

fn=(6722)
0 3626
cfn=(6724)
calls=2 0 
0 515
0 10
cob=(2)
cfi=(2)
cfn=(4532)
calls=2 0 
0 128
0 5614
cob=(2)
cfi=(2)
cfn=(4532)
calls=400 0 
0 25600

fn=(6726) <std::hash::random::RandomState as core::hash::BuildHasher>::hash_one::<&h2::frame::stream_id::StreamId>
0 19296
cfn=(5092)
calls=804 0 
0 21708
0 54672

fn=(6738) <http::header::map::HeaderMap>::contains_key::<&str>
0 14472
cfn=(6740) http::header::name::parse_hdr
calls=1206 0 
0 184518
0 169242

fn=(6764)
0 78390

fn=(6850)
0 45024

fn=(6860) h2::hpack::decoder::take
0 33768
cfn=(6498) <bytes::bytes_mut::BytesMut>::split_to
calls=2412 0 
0 106128
0 84420

fn=(6866)
0 804

fn=(6900) <h2::proto::streams::recv::Recv>::recv_headers
0 25125
cfn=(6746)
calls=201 0 
0 804
0 603
cfn=(6746)
calls=201 0 
0 804
0 19899
cfn=(6744)
calls=402 0 
0 32964
0 4422
cob=(2)
cfi=(2)
cfn=(4532)
calls=402 0 
0 11658
0 6432
cob=(2)
cfi=(2)
cfn=(4532)
calls=201 0 
0 5829
0 1005
cfn=(6902) <h2::server::Peer as h2::proto::peer::Peer>::convert_poll_message
calls=201 0 
0 244617
0 13065
cfn=(6684)
calls=201 0 
0 9849
0 6030
cfn=(6840)
calls=201 0 
0 4623
0 22512
cob=(2)
cfi=(2)
cfn=(4532)
calls=402 0 
0 11658
0 3216
cfn=(6914)
calls=402 0 
0 21432
0 9447
cfn=(6432)
calls=201 0 
0 12663
0 1608
cfn=(6918) <h2::proto::streams::store::Queue<h2::proto::streams::stream::NextAccept>>::push
calls=201 0 
0 9849
0 2412

fn=(6926)
0 7236
cfn=(6850)
calls=402 0 
0 11256
0 4422

fn=(6966) <pbrs_grpc::server::rpc::Rpc>::unary::<pbrs_grpc::codec::prost::Message<devloop::echo::EchoRequest>, pbrs_grpc::codec::prost::Message<devloop::echo::EchoReply>, <devloop::ProstNativeEchod as pbrs_grpc::server::dispatch::Service>::call::{closure#0}::{closure#0}, <devloop::ProstNativeEchod as pbrs_grpc::server::dispatch::Service>::call::{closure#0}::{closure#0}::{closure#0}>::{closure#0}
0 5025
cob=(2)
cfi=(2)
cfn=(4532)
calls=201 0 
0 24924
0 2613
cob=(2)
cfi=(2)
cfn=(4532)
calls=201 0 
0 24924
0 2613
cob=(2)
cfi=(2)
cfn=(4532)
calls=201 0 
0 24924
0 603
cfn=(6968)
calls=201 0 
0 34572
0 2412
cob=(2)
cfi=(2)
cfn=(4206)
calls=201 0 
0 8531
0 2406
cob=(2)
cfi=(2)
cfn=(4532)
calls=200 0 
0 2400
0 4
cob=(2)
cfi=(2)
cfn=(4532)
calls=1 0 
0 12
0 2613
cob=(2)
cfi=(2)
cfn=(4206)
calls=201 0 
0 7976
0 2606
cob=(2)
cfi=(2)
cfn=(4532)
calls=200 0 
0 2800
0 4
cob=(2)
cfi=(2)
cfn=(4532)
calls=1 0 
0 14
0 3618
cob=(2)
cfi=(2)
cfn=(4206)
calls=201 0 
0 8585
0 2406
cob=(2)
cfi=(2)
cfn=(4532)
calls=200 0 
0 2000
0 4
cob=(2)
cfi=(2)
cfn=(4532)
calls=1 0 
0 10
0 1407
cfn=(6744)
calls=201 0 
0 29949
0 2814
cfn=(6972)
calls=201 0 
0 53868
0 1005
cfn=(6972)
calls=201 0 
0 53868
0 603
cfn=(6974)
calls=201 0 
0 39798
0 1407
cfn=(6974)
calls=201 0 
0 39798
0 3618
cfn=(5192)
calls=201 0 
0 5226
0 4221
cfn=(6976) <pbrs_grpc::channelz::model::Registry>::note_server_call_started
calls=201 0 
0 30150
0 1206
cfn=(6660)
calls=201 0 
0 33969
0 1005
cob=(2)
cfi=(2)
cfn=(4532)
calls=201 0 
0 5829
0 1809
cob=(2)
cfi=(2)
cfn=(4532)
calls=201 0 
0 12864
0 11859
cob=(2)
cfi=(2)
cfn=(4532)
calls=201 0 
0 5829
0 1206
cfn=(6978) core::ptr::drop_glue::<http::request::Parts>
calls=201 0 
0 72954
0 402
cob=(2)
cfi=(2)
cfn=(4206)
calls=201 0 
0 8748
0 3807
cob=(2)
cfi=(2)
cfn=(4968)
calls=200 0 
0 7000
0 10
cob=(2)
cfi=(2)
cfn=(4968)
calls=1 0 
0 35
0 15879
cob=(2)
cfi=(2)
cfn=(4532)
calls=201 0 
0 5829
0 1608
cob=(2)
cfi=(2)
cfn=(4532)
calls=201 0 
0 5829
0 14070
cob=(2)
cfi=(2)
cfn=(4532)
calls=201 0 
0 51456
0 1206
cob=(2)
cfi=(2)
cfn=(4532)
calls=201 0 
0 50232
0 1005
cfn=(6980) <pbrs_grpc::server::rpc::Rpc>::run_unary_request::<pbrs_grpc::codec::prost::Message<devloop::echo::EchoRequest>, pbrs_grpc::request::Response<pbrs_grpc::codec::prost::Message<devloop::echo::EchoReply>>, <devloop::ProstNativeEchod as pbrs_grpc::server::dispatch::Service>::call::{closure#0}::{closure#0}, <devloop::ProstNativeEchod as pbrs_grpc::server::dispatch::Service>::call::{closure#0}::{closure#0}::{closure#0}>::{closure#0}::{closure#2}
calls=201 0 
0 749712
0 1809
cob=(2)
cfi=(2)
cfn=(4532)
calls=201 0 
0 15276
0 402
cfn=(7022) core::ptr::drop_glue::<<pbrs_grpc::server::rpc::Rpc>::run_unary_request<pbrs_grpc::codec::prost::Message<devloop::echo::EchoRequest>, pbrs_grpc::request::Response<pbrs_grpc::codec::prost::Message<devloop::echo::EchoReply>>, <devloop::ProstNativeEchod as pbrs_grpc::server::dispatch::Service>::call::{closure#0}::{closure#0}, <devloop::ProstNativeEchod as pbrs_grpc::server::dispatch::Service>::call::{closure#0}::{closure#0}::{closure#0}>::{closure#0}::{closure#2}>
calls=201 0 
0 4221
0 1407
cob=(2)
cfi=(2)
cfn=(4532)
calls=201 0 
0 15276
0 1005
cob=(2)
cfi=(2)
cfn=(4532)
calls=201 0 
0 15276
0 5829
cob=(2)
cfi=(2)
cfn=(4532)
calls=201 0 
0 14874
0 11658
cfn=(7024)
calls=201 0 
0 70551
0 5427
cob=(2)
cfi=(2)
cfn=(4532)
calls=201 0 
0 15276
0 3015
cob=(2)
cfi=(2)
cfn=(4532)
calls=201 0 
0 15276
0 1206
cfn=(7028) core::ptr::drop_glue::<<pbrs_grpc::server::rpc::Rpc>::run_unary_request<pbrs_grpc::codec::prost::Message<devloop::echo::EchoRequest>, pbrs_grpc::request::Response<pbrs_grpc::codec::prost::Message<devloop::echo::EchoReply>>, <devloop::ProstNativeEchod as pbrs_grpc::server::dispatch::Service>::call::{closure#0}::{closure#0}, <devloop::ProstNativeEchod as pbrs_grpc::server::dispatch::Service>::call::{closure#0}::{closure#0}::{closure#0}>::{closure#0}>
calls=201 0 
0 2613
0 3417
cob=(2)
cfi=(2)
cfn=(4532)
calls=201 0 
0 15276
0 4623
cob=(2)
cfi=(2)
cfn=(4532)
calls=201 0 
0 15276
0 10452
cob=(2)
cfi=(2)
cfn=(4206)
calls=201 0 
0 57170
0 2406
cob=(2)
cfi=(2)
cfn=(4532)
calls=200 0 
0 48618
0 4
cob=(2)
cfi=(2)
cfn=(4532)
calls=1 0 
0 244
0 5628
cfn=(5788)
calls=201 0 
0 7236
0 5025
cob=(2)
cfi=(2)
cfn=(4532)
calls=201 0 
0 12858
0 1608
cob=(2)
cfi=(2)
cfn=(4532)
calls=201 0 
0 5829
0 3618
cob=(2)
cfi=(2)
cfn=(4532)
calls=201 0 
0 12864
0 1608
cob=(2)
cfi=(2)
cfn=(4532)
calls=201 0 
0 5829
0 7638
cfn=(7030)
calls=201 0 
0 18492
0 5226
cob=(2)
cfi=(2)
cfn=(4532)
calls=201 0 
0 15276
0 2010
cob=(2)
cfi=(2)
cfn=(4532)
calls=201 0 
0 15276
0 1005
cob=(2)
cfi=(2)
cfn=(4532)
calls=201 0 
0 15276
0 34572
cob=(2)
cfi=(2)
cfn=(4916)
calls=201 0 
0 13121
0 402
cfn=(6612)
calls=201 0 
0 3417
0 18693
cfn=(6620)
calls=201 0 
0 31621
0 603
cfn=(7032)
calls=201 0 
0 3618
0 1407
cfn=(7034)
calls=201 0 
0 8844
0 804
cfn=(7036)
calls=201 0 
0 52819
0 1608
cfn=(7034)
calls=201 0 
0 30954
0 804
cob=(2)
cfi=(2)
cfn=(4916)
calls=201 0 
0 14673
0 2613
cfn=(6626)
calls=201 0 
0 15276
0 6030
cfn=(6658)
calls=201 0 
0 8657
0 2412
cfn=(7038)
calls=201 0 
0 602159
0 4824
cfn=(7014)
calls=201 0 
0 33366
0 3618
cfn=(6776)
calls=201 0 
0 229741
0 1206
cfn=(6790)
calls=201 0 
0 2613
0 8442
cfn=(7044)
calls=201 0 
0 78808
0 3618
cfn=(7050)
calls=201 0 
0 375669
0 1407
cfn=(7054)
calls=201 0 
0 48039
0 1005
cfn=(6684)
calls=201 0 
0 9849
0 1206
cfn=(6684)
calls=201 0 
0 9849
0 1407
cob=(2)
cfi=(2)
cfn=(4916)
calls=201 0 
0 14673
0 402
cfn=(7054)
calls=201 0 
0 68541
0 1005
cfn=(7056) core::ptr::drop_glue::<pbrs_grpc::server::drain::send_unary_response<pbrs_grpc::codec::prost::Message<devloop::echo::EchoReply>>::{closure#0}>
calls=201 0 
0 3417
0 3417
cfn=(6216)
calls=201 0 
0 9648
0 2412
cfn=(7058)
calls=201 0 
0 16281
0 4824
cfn=(7060) core::ptr::drop_glue::<pbrs_grpc::server::drain::CancelOnDrop>
calls=201 0 
0 107133
0 1407
cfn=(7068)
calls=201 0 
0 2613
0 402
cob=(2)
cfi=(2)
cfn=(4916)
calls=201 0 
0 36903
0 3417

fn=(6976)
0 804
cfn=(6216)
calls=201 0 
0 9648
0 1407
cfn=(5192)
calls=201 0 
0 5226
0 1608
cfn=(6244)
calls=201 0 
0 7236
0 4221

fn=(6978)
0 1608
cfn=(6912) core::ptr::drop_glue::<http::uri::Uri>
calls=201 0 
0 5829
0 402
cfn=(6684)
calls=201 0 
0 60693
0 1005
cfn=(6612)
calls=201 0 
0 3417

fn=(6980)
0 8844
cfn=(6982)
calls=201 0 
0 361421
0 7236
cfn=(7014)
calls=201 0 
0 33165
0 22512
cob=(2)
cfi=(2)
cfn=(4206)
calls=201 0 
0 8585
0 2406
cob=(2)
cfi=(2)
cfn=(4532)
calls=200 0 
0 2000
0 4
cob=(2)
cfi=(2)
cfn=(4532)
calls=1 0 
0 10
0 4623
cob=(2)
cfi=(2)
cfn=(4532)
calls=201 0 
0 17580
0 15879
cob=(2)
cfi=(2)
cfn=(4532)
calls=201 0 
0 17688
0 3216
cob=(2)
cfi=(2)
cfn=(4532)
calls=201 0 
0 17688
0 6432
cob=(2)
cfi=(2)
cfn=(4532)
calls=201 0 
0 17602
0 603
cfn=(7016)
calls=201 0 
0 179505
0 9045
cfn=(7020) core::ptr::drop_glue::<pbrs_grpc::server::drain::run_handler<pbrs_grpc::request::Response<pbrs_grpc::stream::Streaming<pbrs_grpc::codec::prost::Message<devloop::echo::EchoReply>>>, <devloop::ProstNativeEchod as pbrs_grpc::server::dispatch::Service>::call::{closure#0}::{closure#1}::{closure#0}>::{closure#0}>
calls=201 0 
0 3015
0 10653

fn=(6992)
0 14070
cfn=(6994)
calls=402 0 
0 50250
0 8844

fn=(7012)
0 3618
cfn=(6704)
calls=402 0 
0 402
0 4422

fn=(7018)
0 91081
cfn=(6280)
calls=2 0 
0 173
0 22
cfn=(7368) <tokio::sync::notify::NotifyWaitersList as core::ops::drop::Drop>::drop
calls=2 0 
0 26
0 29102

fn=(7020)
0 3015

fn=(7022)
0 4221

fn=(7028)
0 2613

fn=(7048)
0 17

fn=(7064)
0 10908
cfn=(7018)
calls=404 0 
0 13590
0 7272
cfn=(7018)
calls=404 0 
0 13332
0 7272
cfn=(7018)
calls=404 0 
0 13457
0 7272
cfn=(7018)
calls=404 0 
0 13332
0 7272
cfn=(7018)
calls=404 0 
0 13332
0 7272
cfn=(7018)
calls=404 0 
0 13332
0 7272
cfn=(7018)
calls=404 0 
0 13332
0 7272
cfn=(7018)
calls=404 0 
0 13332
0 2828

fn=(7168)
0 37467

fn=(7194)
0 37989

fn=(7216)
0 2613

fn=(7360)
0 84
cob=(2)
cfi=(2)
cfn=(6362)
calls=3 0 
0 177
0 66

fn=(7398)
0 94
cob=(2)
cfi=(2)
cfn=(4916)
calls=2 0 
0 138
0 77
cob=(2)
cfi=(2)
cfn=(4916)
calls=9 0 
0 735
0 18

fn=(7456) core::ptr::drop_glue::<pbrs_grpc::transport::h2::ServerConnection<tokio::net::tcp::stream::TcpStream>>
0 10
cfn=(7458) <h2::proto::streams::streams::DynStreams<bytes::bytes::Bytes>>::recv_eof
calls=1 0 
0 888
0 2
cfn=(7476)
calls=1 0 
0 3027
0 2
cfn=(7486) core::ptr::drop_glue::<h2::proto::connection::ConnectionInner<h2::client::Peer>>
calls=1 0 
0 1201
0 9

fn=(7474) <h2::proto::streams::store::Queue<h2::proto::streams::stream::NextResetExpire>>::pop::<h2::proto::streams::store::Store>
0 12

fn=(7484)
0 20

fn=(7504) <alloc::sync::Arc<pbrs_grpc::server::router::Router>>::drop_slow
0 6
cfn=(7506) core::ptr::drop_glue::<pbrs_grpc::server::router::Router>
calls=1 0 
0 1547
0 9
cob=(2)
cfi=(2)
cfn=(4916)
calls=1 0 
0 73

fn=(7506)
0 36
cfn=(7508)
calls=1 0 
0 152
0 10
cob=(2)
cfi=(2)
cfn=(4916)
calls=1 0 
0 73
0 14
cfn=(7066)
calls=1 0 
0 79
0 8
cfn=(7510) <pbrs_grpc::channelz::model::ServerHandle as core::ops::drop::Drop>::drop
calls=1 0 
0 1164
0 11

fn=(7516)
0 10
cfn=(7432)
calls=1 0 
0 28
0 7
cob=(2)
cfi=(2)
cfn=(4916)
calls=1 0 
0 125
0 15
cob=(2)
cfi=(2)
cfn=(4916)
calls=1 0 
0 73

fn=(7560) std::sys::thread_local::native::eager::destroy::<tokio::runtime::context::Context>
0 35

fn=(7584) std::sys::thread_local::guard::key::enable::run
0 116

fn=(7708) core::ptr::drop_glue::<alloc::vec::into_iter::IntoIter<alloc::sync::Arc<tokio::runtime::io::scheduled_io::ScheduledIo>>>
0 19
cob=(2)
cfi=(2)
cfn=(4916)
calls=1 0 
0 73

fn=(7712)
0 92

fn=(7726) <alloc::sync::Arc<tokio::runtime::scheduler::multi_thread::queue::Inner<alloc::sync::Arc<tokio::runtime::scheduler::multi_thread::handle::Handle>>>>::drop_slow
0 16
cob=(2)
cfi=(2)
cfn=(4916)
calls=4 0 
0 712
0 28
cob=(2)
cfi=(2)
cfn=(4916)
calls=4 0 
0 260

fn=(7830) <alloc::sync::Arc<tokio::runtime::blocking::pool::Inner>>::drop_slow
0 6
cfn=(7832) core::ptr::drop_glue::<tokio::runtime::blocking::pool::Inner>
calls=1 0 
0 283
0 9
cob=(2)
cfi=(2)
cfn=(4916)
calls=1 0 
0 65

fn=(7840) core::ptr::drop_glue::<tokio::runtime::blocking::shutdown::Receiver>
0 10

fn=(7842)
0 19
cfn=(7844)
calls=1 0 
0 86
0 3

fn=(6810) pbrs_grpc::keepalive::wait::{closure#0}
0 22188
cfn=(6330)
calls=1 0 
0 237
0 1880
cfn=(6330)
calls=470 0 
0 62980
0 12717

fn=(4166) main
0 9
cfn=(4168)
calls=1 0 
0 7426194
0 2

fn=(5034) std::sys::backtrace::__rust_begin_short_backtrace::<fn(), ()>
0 2
cfn=(5036)
calls=1 0 
0 7326155
0 2

fn=(5160)
0 12
cfn=(5126)
calls=1 0 
0 165
0 15
cfn=(5134)
calls=1 0 
0 250
0 9
cfn=(5048)
calls=1 0 
0 109
0 14

fn=(5426)
0 50

fn=(5628)
0 161
cfn=(5092)
calls=7 0 
0 385
0 476

fn=(5666)
0 23
cob=(2)
cfi=(2)
cfn=(4916)
calls=1 0 
0 65

fn=(5670)
0 31

fn=(5676)
0 17
cfn=(5678)
calls=1 0 
0 518
0 2

fn=(5690)
0 50

fn=(5716)
0 9224

fn=(5724)
0 138
cfn=(5726)
calls=6 0 
0 9661
0 24

fn=(5728)
0 12
cfn=(5730) <core::net::ip_addr::Ipv4Addr as core::fmt::Display>::fmt
calls=6 0 
0 7789

fn=(5736)
0 630

fn=(5770)
0 25
cfn=(5772) <pbrs_grpc::proxy::ProxyConfig>::from_env
calls=1 0 
0 11485
0 21
cfn=(5828)
calls=1 0 
0 1239
0 6
cfn=(5838) core::ptr::drop_glue::<pbrs_grpc::proxy::ProxyConfig>
calls=1 0 
0 349
0 14

fn=(5772)
0 86
cfn=(5096)
calls=4 0 
0 2740
0 52
cob=(2)
cfi=(2)
cfn=(4206)
calls=4 0 
0 804
0 40
cob=(2)
cfi=(2)
cfn=(4532)
calls=4 0 
0 48
0 32
cfn=(5776)
calls=4 0 
0 768
0 266
cfn=(5780)
calls=2 0 
0 1524
0 15
cfn=(5784)
calls=1 0 
0 199
0 42
cfn=(5786)
calls=1 0 
0 51
0 8
cfn=(5786)
calls=1 0 
0 51
0 63
cfn=(5788)
calls=1 0 
0 117
0 15
cfn=(5788)
calls=1 0 
0 65
0 43
cfn=(5790)
calls=1 0 
0 217
0 7
cob=(2)
cfi=(2)
cfn=(4532)
calls=1 0 
0 14
0 73
cfn=(5784)
calls=1 0 
0 185
0 268
cfn=(5786)
calls=1 0 
0 51
0 6
cfn=(5786)
calls=2 0 
0 102
0 114
cfn=(5792)
calls=3 0 
0 712
0 189
cfn=(5794)
calls=3 0 
0 364
0 21
cfn=(5688)
calls=3 0 
0 198
0 18
cfn=(5796)
calls=2 0 
0 399
0 13
cfn=(5790)
calls=1 0 
0 223
0 7
cob=(2)
cfi=(2)
cfn=(4532)
calls=1 0 
0 12
0 6
cfn=(5800)
calls=1 0 
0 109
0 84
cob=(2)
cfi=(2)
cfn=(4916)
calls=3 0 
0 195
0 42
cfn=(5802) core::ptr::drop_glue::<std::collections::hash::map::HashMap<alloc::string::String, alloc::string::String>>
calls=1 0 
0 813
0 14

fn=(5776)
0 24
cfn=(5778)
calls=1 0 
0 56
0 5
cfn=(5778)
calls=1 0 
0 34
0 237
cfn=(5778)
calls=7 0 
0 433
0 35
cfn=(5778)
calls=7 0 
0 232
0 483

fn=(5798)
0 63
cfn=(5688)
calls=3 0 
0 82
0 128

fn=(6174)
0 19
cob=(2)
cfi=(2)
cfn=(4206)
calls=1 0 
0 213
0 59

fn=(6220)
0 7
cob=(2)
cfi=(2)
cfn=(4206)
calls=1 0 
0 41
0 33
cob=(2)
cfi=(2)
cfn=(5224)
calls=1 0 
0 505
0 12
cob=(2)
cfi=(2)
cfn=(4532)
calls=1 0 
0 76
0 8

fn=(6316)
0 112

fn=(6336)
0 54
cob=(2)
cfi=(2)
cfn=(4206)
calls=2 0 
0 449
0 22
cob=(2)
cfi=(2)
cfn=(4532)
calls=2 0 
0 58
0 16
cob=(2)
cfi=(2)
cfn=(4532)
calls=2 0 
0 58
0 26
cob=(2)
cfi=(2)
cfn=(4206)
calls=2 0 
0 373
0 20
cob=(2)
cfi=(2)
cfn=(4532)
calls=2 0 
0 58
0 66
cob=(2)
cfi=(2)
cfn=(4206)
calls=2 0 
0 373
0 32
cob=(2)
cfi=(2)
cfn=(4532)
calls=2 0 
0 58
0 96

fn=(6356) <tokio::runtime::Timer>::init
0 46
cfn=(6244)
calls=2 0 
0 72
0 64
cfn=(6358)
calls=2 0 
0 288

fn=(6380)
0 68

fn=(6386)
0 29
cfn=(5702)
calls=1 0 
0 1018
0 18
cfn=(6348)
calls=1 0 
0 127
0 3
cfn=(6348)
calls=1 0 
0 60
0 21
cob=(2)
cfi=(2)
cfn=(6436) getsockopt
calls=1 0 
0 6
0 29

fn=(6454) <h2::proto::streams::streams::Streams<bytes::bytes::Bytes, h2::client::Peer>>::new
0 6
cfn=(6456)
calls=1 0 
0 582
0 13
cob=(2)
cfi=(2)
cfn=(4206)
calls=1 0 
0 245
0 19

fn=(6464)
0 44

fn=(6480)
0 56247
cfn=(7276)
calls=1 0 
0 769
0 9
cob=(2)
cfi=(2)
cfn=(6376)
calls=1 0 
0 11
0 2

fn=(6488)
0 35479

fn=(6498)
0 83612
cob=(2)
cfi=(2)
cfn=(4206)
calls=4 0 
0 775
0 76452

fn=(6534)
0 15
cfn=(6536)
calls=1 0 
0 139

fn=(6540)
0 10

fn=(6548)
0 50
cfn=(6550) <h2::proto::streams::recv::Recv>::apply_local_settings
calls=2 0 
0 168
0 36

fn=(6558)
0 19328
cfn=(6560)
calls=604 0 
0 9654
0 7238
cfn=(6758)
calls=201 0 
0 6432
0 14293

fn=(6570)
0 6
cfn=(6572) core::ptr::drop_glue::<pbrs_grpc::client::pool::handshake_io::{closure#0}>
calls=1 0 
0 11
0 12
cfn=(6354)
calls=1 0 
0 152

fn=(6602)
0 3216
cfn=(6604)
calls=201 0 
0 8643
0 6834

fn=(6608)
0 5628

fn=(6616)
0 804
cfn=(6584)
calls=201 0 
0 9648
0 1407
cfn=(5192)
calls=201 0 
0 5226
0 1608
cfn=(6244)
calls=201 0 
0 7236
0 4221

fn=(6654) core::ptr::drop_glue::<<pbrs_grpc::client::pool::ChannelInner>::acquire::{closure#0}>
0 4221

fn=(6656)
0 3417

fn=(6668)
0 30146
cfn=(6670) pbrs_grpc::client::call::open_in::<pbrs_grpc::rt::TokioRuntime>::{closure#0}
calls=201 0 
0 1127680
0 3015
cfn=(6772)
calls=201 0 
0 3417
0 19611
cfn=(6774)
calls=201 0 
0 175875
0 1407
cfn=(6792)
calls=201 0 
0 3417
0 18693
cob=(2)
cfi=(2)
cfn=(4532)
calls=201 0 
0 24924
0 1809
cob=(2)
cfi=(2)
cfn=(4532)
calls=201 0 
0 24522
0 3015
cob=(2)
cfi=(2)
cfn=(4532)
calls=201 0 
0 24924
0 28176
cob=(2)
cfi=(2)
cfn=(4532)
calls=201 0 
0 15276
0 7494
cob=(2)
cfi=(2)
cfn=(4532)
calls=201 0 
0 15276
0 1608
cob=(2)
cfi=(2)
cfn=(4532)
calls=201 0 
0 15276
0 402
cfn=(7202) core::ptr::drop_glue::<pbrs_grpc::client::call::first_of_in<pbrs_grpc::rt::TokioRuntime, pbrs_grpc::request::Response<pbrs_grpc::codec::prost::Message<devloop::echo::EchoReply>>, pbrs_grpc::client::unary::run_unary_inner<pbrs_grpc::codec::prost::Message<devloop::echo::EchoReply>>::{closure#0}::{closure#3}>::{closure#0}>
calls=201 0 
0 4221
0 2412
cob=(2)
cfi=(2)
cfn=(4532)
calls=201 0 
0 15276
0 1005
cfn=(7204) pbrs_grpc::client::call::prefer_deadline_in::<pbrs_grpc::rt::TokioRuntime, pbrs_grpc::request::Response<pbrs_grpc::codec::prost::Message<devloop::echo::EchoReply>>>
calls=201 0 
0 18894
0 2814
cob=(2)
cfi=(2)
cfn=(4532)
calls=201 0 
0 15276
0 2412
cob=(2)
cfi=(2)
cfn=(4532)
calls=201 0 
0 15276
0 402
cfn=(7206)
calls=201 0 
0 3417
0 2010
cob=(2)
cfi=(2)
cfn=(4532)
calls=201 0 
0 15276
0 804
cfn=(7054)
calls=201 0 
0 164898
0 1407
cfn=(6704)
calls=201 0 
0 201
0 4562
cfn=(6796)
calls=520 0 
0 1029967
0 3369
cob=(2)
cfi=(2)
cfn=(4532)
calls=201 0 
0 15276
0 9648
cfn=(6330)
calls=201 0 
0 47235
0 1276
cfn=(6330)
calls=319 0 
0 42746
0 4680
cfn=(6794) <tokio::task::coop::RestoreOnPending as core::ops::drop::Drop>::drop
calls=520 0 
0 8320
0 2246
cob=(2)
cfi=(2)
cfn=(4532)
calls=201 0 
0 15276
0 1206
cfn=(7200)
calls=201 0 
0 25929
0 2412
cob=(2)
cfi=(2)
cfn=(4532)
calls=201 0 
0 15276
0 804

fn=(6732)
0 7638
cfn=(6734)
calls=402 0 
0 428130
0 21105
cfn=(6746)
calls=201 0 
0 804
0 402
cfn=(6746)
calls=201 0 
0 804
0 8643
cob=(2)
cfi=(2)
cfn=(4532)
calls=201 0 
0 12864
0 1407
cfn=(6750)
calls=201 0 
0 81066
0 1206
cfn=(6748) <h2::proto::streams::prioritize::Prioritize>::queue_open
calls=201 0 
0 9849
0 1206
cob=(2)
cfi=(2)
cfn=(4532)
calls=201 0 
0 12864
0 1407
cfn=(6750)
calls=201 0 
0 49902
0 1207
cfn=(6432)
calls=1 0 
0 27
0 1

fn=(6762)
0 2814

fn=(6784)
0 21708

fn=(6862)
0 20160

fn=(6948)
0 3216
cfn=(6950)
calls=201 0 
0 99558
0 5025
cob=(2)
cfi=(2)
cfn=(4206)
calls=201 0 
0 18118
0 3006
cob=(2)
cfi=(2)
cfn=(4206)
calls=200 0 
0 8388
0 7
cob=(2)
cfi=(2)
cfn=(4206)
calls=1 0 
0 213
0 4005
cfn=(6952)
calls=200 0 
0 47244
0 13
cfn=(6952)
calls=1 0 
0 233
0 2814
cob=(2)
cfi=(2)
cfn=(4532)
calls=201 0 
0 5829
0 7035
cob=(2)
cfi=(2)
cfn=(4532)
calls=201 0 
0 12864
0 6834

fn=(6988)
0 8040
cfn=(6704)
calls=402 0 
0 402
0 5226

fn=(6998)
0 165624
cfn=(7000) h2::proto::streams::streams::maybe_cancel
calls=1608 0 
0 41406
0 40602
cfn=(6802)
calls=402 0 
0 7638
0 4020
cfn=(6280)
calls=201 0 
0 53727
0 14271
cfn=(6560)
calls=402 0 
0 2412
0 4422
cfn=(6786)
calls=402 0 
0 61707
0 7236
cfn=(6786)
calls=1206 0 
0 86850
0 30558
cob=(2)
cfi=(2)
cfn=(6376)
calls=1 0 
0 11
0 1

fn=(7002)
0 30954
cfn=(6876)
calls=402 0 
0 4020
0 3618
cfn=(6862)
calls=402 0 
0 2010
0 8442

fn=(7184) <h2::proto::streams::recv::Recv>::recv_trailers
0 5829
cfn=(6930)
calls=201 0 
0 6432
0 3216
cfn=(6840)
calls=201 0 
0 4623
0 6231
cfn=(6914)
calls=201 0 
0 10452
0 5470
cfn=(6432)
calls=94 0 
0 5922
0 2010

fn=(7202)
0 4221

fn=(7208)
0 4221

fn=(7212)
0 5226

fn=(7346)
0 2394
cob=(2)
cfi=(2)
cfn=(4532)
calls=21 0 
0 258
0 371
cfn=(5740)
calls=2 0 
0 1060
0 10

fn=(7348)
0 439
cfn=(7346)
calls=17 0 
0 3547
0 3
cfn=(7346)
calls=1 0 
0 136
0 216
cfn=(7350)
calls=18 0 
0 426
0 252
cob=(2)
cfi=(2)
cfn=(4532)
calls=18 0 
0 269
0 198

fn=(7394) <alloc::sync::Arc<pbrs_grpc::channelz::model::ChannelEntry>>::drop_slow
0 4
cfn=(7396)
calls=1 0 
0 705
0 7
cob=(2)
cfi=(2)
cfn=(4916)
calls=1 0 
0 65

fn=(7446)
0 31
cfn=(7448)
calls=1 0 
0 22122
0 9
cfn=(7448)
calls=1 0 
0 12016
0 2
cfn=(7518)
calls=1 0 
0 12378
0 4

fn=(7450)
0 16
cfn=(7452) core::ptr::drop_glue::<pbrs_grpc::server::connection::serve_io_in<pbrs_grpc::rt::TokioRuntime, pbrs_grpc::server::router::Router, tokio::net::tcp::stream::TcpStream>::{closure#0}>
calls=1 0 
0 9747
0 19
cfn=(7434)
calls=1 0 
0 304

fn=(7472) <h2::proto::streams::streams::Actions>::clear_queues
0 42
cfn=(7474)
calls=2 0 
0 12
0 20
cfn=(6560)
calls=2 0 
0 12
0 46
cfn=(6554)
calls=2 0 
0 12
0 34
cfn=(6518)
calls=2 0 
0 12
0 22

fn=(7528)
0 10
cfn=(7458)
calls=1 0 
0 880
0 2
cfn=(7476)
calls=1 0 
0 3259
0 2
cfn=(7486)
calls=1 0 
0 1297
0 6

fn=(7532)
0 52
cfn=(7534)
calls=4 0 
0 340
0 60

fn=(7562) std::sys::thread_local::native::eager::destroy::<core::cell::Cell<std::thread::spawnhook::SpawnHooks>>
0 35
cfn=(5494)
calls=5 0 
0 95
0 35

fn=(7724)
0 50
cfn=(7726)
calls=4 0 
0 1016
0 20
cfn=(5430)
calls=4 0 
0 634
0 6
cob=(2)
cfi=(2)
cfn=(4916)
calls=1 0 
0 65
0 4
cob=(2)
cfi=(2)
cfn=(4916)
calls=1 0 
0 65
0 4
cob=(2)
cfi=(2)
cfn=(4916)
calls=1 0 
0 65
0 3
cfn=(5428)
calls=1 0 
0 141
0 2
cfn=(7732)
calls=1 0 
0 20
0 4
cob=(2)
cfi=(2)
cfn=(4916)
calls=1 0 
0 65
0 2
cfn=(7734) core::ptr::drop_glue::<tokio::runtime::driver::Handle>
calls=1 0 
0 433
0 17

fn=(7832)
0 10
cfn=(7834)
calls=1 0 
0 101
0 14
cfn=(7838)
calls=1 0 
0 144
0 14

fn=(7862)
0 6
cob=(2)
cfi=(2)
cfn=(4916)
calls=1 0 
0 117

fn=(6522)
0 42636

fn=(6524)
0 6
cfn=(6456)
calls=1 0 
0 591
0 13
cob=(2)
cfi=(2)
cfn=(4206)
calls=1 0 
0 213
0 19

fn=(6794)
0 8320

fn=(6808)
0 6605
cob=(2)
cfi=(2)
cfn=(4532)
calls=1 0 
0 160
0 21497
cfn=(6810)
calls=167 0 
0 35554
0 1545
cfn=(6478)
calls=174 0 
0 1515889
0 7988
cfn=(6478)
calls=167 0 
0 1472199
0 1949
cfn=(6810)
calls=130 0 
0 27560
0 7899
cfn=(6478)
calls=130 0 
0 1156845
0 1260
cfn=(6810)
calls=174 0 
0 36888
0 4590

fn=(5032)
0 3
cfn=(5034)
calls=1 0 
0 7326159
0 3

fn=(5048)
0 24823

fn=(5076)
0 170
cob=(2)
cfi=(2)
cfn=(5078) getrandom
calls=5 0 
0 434
0 85

fn=(5154)
0 170
cob=(2)
cfi=(2)
cfn=(5054)
calls=5 0 
0 90
0 38

fn=(5210)
0 11
cob=(2)
cfi=(2)
cfn=(4206)
calls=1 0 
0 190
0 18
cob=(2)
cfi=(2)
cfn=(4206)
calls=1 0 
0 41
0 88
cob=(2)
cfi=(2)
cfn=(4206)
calls=1 0 
0 187
0 10
cob=(2)
cfi=(2)
cfn=(4532)
calls=1 0 
0 52
0 10

fn=(5432)
0 231
cob=(2)
cfi=(2)
cfn=(5434) __cxa_thread_atexit_impl
calls=11 0 
0 2773

fn=(5468)
0 261

fn=(5474)
0 15
cfn=(5424)
calls=1 0 
0 237
0 9

fn=(5664)
0 26

fn=(5684)
0 28
cfn=(5686)
calls=2 0 
0 497
0 32

fn=(5740)
0 420
cfn=(5424)
calls=21 0 
0 5212
0 7608
cfn=(5424)
calls=411 0 
0 30728
0 12991
cfn=(5424)
calls=404 0 
0 38442
0 3676
cfn=(5424)
calls=2 0 
0 170
0 294
cfn=(5424)
calls=12 0 
0 1669
0 108

fn=(5794)
0 72
cfn=(5788)
calls=4 0 
0 336
0 116

fn=(5802)
0 87
cob=(2)
cfi=(2)
cfn=(4916)
calls=4 0 
0 310
0 16
cob=(2)
cfi=(2)
cfn=(4916)
calls=4 0 
0 312
0 23
cob=(2)
cfi=(2)
cfn=(4916)
calls=1 0 
0 65

fn=(5838)
0 10
cob=(2)
cfi=(2)
cfn=(4916)
calls=1 0 
0 117
0 30
cob=(2)
cfi=(2)
cfn=(4916)
calls=1 0 
0 117
0 10
cob=(2)
cfi=(2)
cfn=(4916)
calls=1 0 
0 65

fn=(6042) <std::sys::thread_local::key::racy::LazyKey>::lazy_init
0 8
cob=(2)
cfi=(2)
cfn=(6044) pthread_key_create
calls=1 0 
0 17
0 9
cob=(2)
cfi=(2)
cfn=(6044)
calls=1 0 
0 26
0 5
cob=(2)
cfi=(2)
cfn=(6046) pthread_key_delete
calls=1 0 
0 15
0 13

fn=(6182) <hashbrown::raw::RawTableInner>::new_uninitialized::<alloc::alloc::Global>
0 29
cob=(2)
cfi=(2)
cfn=(4206)
calls=1 0 
0 41
0 27

fn=(6190)
0 17
cfn=(6192)
calls=1 0 
0 330
0 2

fn=(6278)
0 38018
cfn=(6432)
calls=2 0 
0 86
cfn=(6280)
calls=473 0 
0 41623
0 8546

fn=(6346)
0 10926
cfn=(6348)
calls=607 0 
0 36489
0 12733
cob=(2)
cfi=(2)
cfn=(6366) writev
calls=606 0 
0 36360
0 9101

fn=(6476) <pbrs_grpc::transport::h2::SendRequest as pbrs_grpc::transport::SendRequest>::current_max_send_streams
0 7105

fn=(6486)
0 70958

fn=(6526)
0 6
cfn=(6380)
calls=1 0 
0 17
0 7

fn=(6554)
0 24

fn=(6564)
0 11376
cob=(2)
cfi=(2)
cfn=(6376)
calls=198 0 
0 2178
0 1105
cfn=(6360)
calls=221 0 
0 18785
0 1552

fn=(6580) pbrs_grpc::client::pool::live_slots
0 23
cob=(2)
cfi=(2)
cfn=(4206)
calls=1 0 
0 41
0 85
cfn=(6582)
calls=1 0 
0 727
0 29
cfn=(6206)
calls=1 0 
0 7159
0 11
cob=(2)
cfi=(2)
cfn=(4916)
calls=1 0 
0 65
0 13

fn=(6604)
0 25929

fn=(6618)
0 9447
cfn=(6620)
calls=201 0 
0 31300
0 4221
cfn=(6622) <pbrs_grpc::codec::prost::Message<devloop::echo::EchoRequest> as pbrs_grpc::codec::CodecMessage>::encode_to_vec
calls=201 0 
0 59440
0 3015
cob=(2)
cfi=(2)
cfn=(4532)
calls=201 0 
0 24924
0 1809
cob=(2)
cfi=(2)
cfn=(4916)
calls=201 0 
0 13065
0 3015
cfn=(6626)
calls=201 0 
0 15276
0 3216

fn=(6636)
0 12060
cfn=(6638) <pbrs_grpc::client::channel::Channel>::health_directive
calls=201 0 
0 8040
0 7839
cfn=(6640) <pbrs_grpc::client::pool::ChannelInner>::acquire::{closure#0}
calls=201 0 
0 132861
0 18693
cfn=(6654)
calls=201 0 
0 4221
0 3417

fn=(6640)
0 13869
cfn=(6642) <tokio::sync::mutex::Mutex<std::collections::hash::map::HashMap<pbrs_grpc::resolver::snapshot::ResolvedAddress, alloc::sync::Arc<tokio::sync::mutex::Mutex<pbrs_grpc::client::pool::ConnSlot>>>>>::lock::{closure#0}
calls=201 0 
0 28944
0 3216
cfn=(6466) <h2::proto::streams::streams::Streams<bytes::bytes::Bytes, h2::client::Peer> as core::clone::Clone>::clone
calls=201 0 
0 8442
0 6432
cfn=(6648)
calls=201 0 
0 13065
0 9246
cfn=(6650)
calls=201 0 
0 22311
0 4020
cfn=(6476)
calls=201 0 
0 7035
0 16281

fn=(6652)
0 12663

fn=(6670)
0 17286
cfn=(6672)
calls=201 0 
0 35778
0 13869
cfn=(6674) pbrs_grpc::wire::headers::grpc_request
calls=201 0 
0 329348
0 2010
cob=(2)
cfi=(2)
cfn=(4532)
calls=201 0 
0 5829
0 1608
cfn=(6698)
calls=201 0 
0 700847
0 3015
cfn=(6766)
calls=201 0 
0 12663
0 1005
cfn=(6770)
calls=201 0 
0 2412
0 2010

fn=(6700)
0 5628
cfn=(6458)
calls=402 0 
0 7638
0 3216
cfn=(6458)
calls=402 0 
0 7638
0 14874

fn=(6720)
0 3015
cfn=(6722)
calls=201 0 
0 17742
0 1005
cfn=(6726)
calls=201 0 
0 23919
0 12060
cfn=(6730)
calls=201 0 
0 5507
0 2418
cfn=(6728)
calls=1 0 
0 155
0 1

fn=(6734)
0 3015
cfn=(6736) <http::header::map::HeaderMap>::contains_key::<http::header::name::HeaderName>
calls=603 0 
0 62109
0 3015
cfn=(6736)
calls=603 0 
0 66531
0 3015
cfn=(6736)
calls=603 0 
0 62109
0 3618
cfn=(6738)
calls=603 0 
0 178890
0 3618
cfn=(6738)
calls=603 0 
0 189342
0 4824
cfn=(6744)
calls=603 0 
0 66732
0 3618

fn=(6740)
0 96480
cfn=(6742)
calls=1206 0 
0 19296
0 68742

fn=(6750)
0 28944
cob=(2)
cfi=(2)
cfn=(4532)
calls=804 0 
0 51456
0 5628
cfn=(6752)
calls=804 0 
0 70467
0 9246
cfn=(6756)
calls=402 0 
0 44019
0 2412
cfn=(6756)
calls=402 0 
0 34974
0 8844

fn=(6754)
0 30
cfn=(5424)
calls=2 0 
0 467
0 18

fn=(6758)
0 12864

fn=(6776)
0 57486
cfn=(6590)
calls=201 0 
0 19897
cfn=(6676)
calls=201 0 
0 2010
0 2010
cfn=(6778) <pbrs_grpc::transport::h2::SendStream as pbrs_grpc::transport::SendStream>::send_data
calls=402 0 
0 270948
0 4020
cfn=(6788)
calls=402 0 
0 8442
0 2814
cfn=(6842)
calls=201 0 
0 2412
cfn=(6716)
calls=201 0 
0 1809
0 8442

fn=(6778)
0 52662
cfn=(6780)
calls=402 0 
0 55677
0 4422
cfn=(6782)
calls=201 0 
0 5628
0 1005
cfn=(6784)
calls=201 0 
0 10854
0 12060
cfn=(6750)
calls=201 0 
0 62511
0 3819
cfn=(6786)
calls=402 0 
0 21306
0 14874
cfn=(6752)
calls=201 0 
0 17487
0 8643

fn=(6782)
0 5628
cfn=(6746)
calls=201 0 
0 804
0 2613
cfn=(6746)
calls=201 0 
0 804
0 1206

fn=(6818)
0 11457
cfn=(6820)
calls=603 0 
0 1409284
0 3618
cfn=(6846)
calls=603 0 
0 136278
0 19296
cob=(2)
cfi=(2)
cfn=(4532)
calls=603 0 
0 8444
0 37989

fn=(6824)
0 242
cfn=(6842)
calls=1 0 
0 132
cfn=(6862)
calls=1 0 
0 5
0 80
cfn=(6716)
calls=3 0 
0 804
cfn=(6704)
calls=3 0 
0 3
0 112
cfn=(6716)
calls=7 0 
0 1866
cfn=(6704)
calls=7 0 
0 7
0 42958
cfn=(6842)
calls=401 0 
0 51712
cfn=(6704)
calls=403 0 
0 403
0 8012
cfn=(6704)
calls=600 0 
0 600
0 11224
cfn=(6704)
calls=1400 0 
0 1400
cfn=(6704)
calls=3 0 
0 3
0 2010

fn=(6840)
0 23115

fn=(6848)
0 8844
cfn=(6850)
calls=402 0 
0 11256
0 9246

fn=(6870)
0 144421
cfn=(6882)
calls=203 0 
0 8323
0 1461
cfn=(6498)
calls=213 0 
0 9697
0 7029

fn=(6890)
0 5427

fn=(6892) <h2::proto::streams::recv::Recv>::open
0 6432

fn=(6902)
0 16683
cfn=(6876)
calls=201 0 
0 2010
0 2211
cfn=(6904)
calls=201 0 
0 44823
0 4020
cfn=(6862)
calls=201 0 
0 1005
0 4020
cfn=(6906)
calls=201 0 
0 6231
0 8241
cfn=(6704)
calls=201 0 
0 201
0 3216
cfn=(6876)
calls=201 0 
0 2010
0 804
cfn=(6908)
calls=201 0 
0 56481
0 5226
cfn=(6862)
calls=201 0 
0 1005
0 2613
cob=(2)
cfi=(2)
cfn=(4532)
calls=201 0 
0 5829
0 804
cob=(2)
cfi=(2)
cfn=(4532)
calls=201 0 
0 5829
0 6231
cfn=(6678)
calls=201 0 
0 11256
0 4020
cfn=(6912)
calls=201 0 
0 4221
0 4221
cob=(2)
cfi=(2)
cfn=(4532)
calls=201 0 
0 5829
0 1005
cob=(2)
cfi=(2)
cfn=(4532)
calls=201 0 
0 5829
0 804
cob=(2)
cfi=(2)
cfn=(4532)
calls=201 0 
0 5829
0 1206
cfn=(6684)
calls=201 0 
0 9849
0 4020
cob=(2)
cfi=(2)
cfn=(4532)
calls=201 0 
0 5829
0 1206

fn=(7000)
0 41406

fn=(7006)
0 12864
cfn=(7008)
calls=402 0 
0 9246
0 6030

fn=(7026)
0 25728
cfn=(6802)
calls=402 0 
0 7638
0 10452

fn=(7056)
0 3417

fn=(7062) <tokio::sync::watch::Sender<bool>>::send
0 2211

fn=(7066)
0 2454
cob=(2)
cfi=(2)
cfn=(4916)
calls=409 0 
0 28269

fn=(7170)
0 9246
cob=(2)
cfi=(2)
cfn=(4532)
calls=402 0 
0 25728
0 4020
cfn=(7172)
calls=402 0 
0 10854
0 3618

fn=(7182)
0 4824
cfn=(7006)
calls=201 0 
0 3417
0 3618
cfn=(7006)
calls=201 0 
0 10653
0 4221
cfn=(7010)
calls=201 0 
0 61447
0 1206
cfn=(6704)
calls=201 0 
0 201
0 3819

fn=(7204)
0 3618
cob=(2)
cfi=(2)
cfn=(4532)
calls=201 0 
0 15276

fn=(7228)
0 3015
cfn=(7230) core::ptr::drop_glue::<<pbrs_grpc::client::channel::Channel>::unary<pbrs_grpc::codec::prost::Message<devloop::echo::EchoRequest>, pbrs_grpc::codec::prost::Message<devloop::echo::EchoReply>>::{closure#0}>
calls=201 0 
0 4221
0 804
cob=(2)
cfi=(2)
cfn=(4916)
calls=201 0 
0 34170
0 1407
cfn=(7064)
calls=201 0 
0 85224
0 2010
cfn=(7066)
calls=201 0 
0 14271

fn=(7276)
0 29367
cob=(2)
cfi=(2)
cfn=(6376)
calls=39 0 
0 429
0 195

fn=(7356)
0 20

fn=(7368)
0 26

fn=(7388)
0 13

fn=(7390)
0 68
cfn=(7392)
calls=1 0 
0 102
0 89
cfn=(7394)
calls=1 0 
0 781
0 16

fn=(7424)
0 11
cfn=(7426)
calls=1 0 
0 2893
0 7

fn=(7438)
0 15
cfn=(7440) <tokio::runtime::io::registration::Registration as core::ops::drop::Drop>::drop
calls=3 0 
0 150
0 39

fn=(7440)
0 71
cfn=(6384)
calls=2 0 
0 16
0 63

fn=(7458)
0 84
cfn=(7460)
calls=2 0 
0 380
0 6
cfn=(7462)
calls=2 0 
0 954
0 66
cfn=(7472)
calls=2 0 
0 212
0 66

fn=(7468)
0 26
cfn=(7470)
calls=2 0 
0 154
0 18
cob=(2)
cfi=(2)
cfn=(4916)
calls=2 0 
0 130

fn=(7478)
0 10
cfn=(7480)
calls=2 0 
0 968
0 24
cob=(2)
cfi=(2)
cfn=(4916)
calls=2 0 
0 343
0 18

fn=(7490)
0 12
cfn=(7492)
calls=2 0 
0 1284
0 18
cob=(2)
cfi=(2)
cfn=(4916)
calls=2 0 
0 138

fn=(7510)
0 68
cfn=(7512)
calls=1 0 
0 102
0 89
cfn=(7514)
calls=1 0 
0 889
0 16

fn=(7536)
0 492

fn=(7540)
0 20
cfn=(7542)
calls=4 0 
0 104
0 20
cob=(2)
cfi=(2)
cfn=(4916)
calls=4 0 
0 260

fn=(7548)
0 71
cfn=(6428)
calls=1 0 
0 5
0 32
cfn=(7738)
calls=1 0 
0 93
0 18

fn=(7730)
0 13
cob=(2)
cfi=(2)
cfn=(4916)
calls=1 0 
0 170
0 4
cob=(2)
cfi=(2)
cfn=(5138)
calls=1 0 
0 61

fn=(6802)
0 45684
cob=(2)
cfi=(2)
cfn=(4532)
calls=1206 0 
0 34974
0 19545
cob=(2)
cfi=(2)
cfn=(4532)
calls=485 0 
0 14065
0 2163
cob=(2)
cfi=(2)
cfn=(4532)
calls=721 0 
0 20909
0 20240

fn=(4104) (below main)
0 11
cob=(2)
cfi=(2)
cfn=(4106) (below main)
calls=1 0 
0 7428937

fn=(4140) std::sys::args::unix::imp::ARGV_INIT_ARRAY::init_wrapper
0 4

fn=(5140)
0 14
cob=(2)
cfi=(2)
cfn=(4532)
calls=1 0 
0 11
0 61
cfn=(5128)
calls=1 0 
0 123
0 6
cob=(2)
cfi=(2)
cfn=(4532)
calls=1 0 
0 29
0 8

fn=(5142)
0 75
cfn=(5144)
calls=3 0 
0 546
0 18
cfn=(5148)
calls=3 0 
0 413
0 63

fn=(5486)
0 595
cob=(2)
cfi=(2)
cfn=(4502)
calls=35 0 
0 6984
0 385

fn=(5492)
0 96
cfn=(5494)
calls=4 0 
0 76
0 102
cfn=(5432)
calls=1 0 
0 406
0 2

fn=(5494)
0 247

fn=(5688)
0 712

fn=(5722)
0 38
cob=(2)
cfi=(2)
cfn=(4532)
calls=1 0 
0 64
0 22
cfn=(5724)
calls=1 0 
0 1735
0 12
cob=(2)
cfi=(2)
cfn=(4532)
calls=1 0 
0 64
0 5
cob=(2)
cfi=(2)
cfn=(4532)
calls=1 0 
0 64
0 5
cob=(2)
cfi=(2)
cfn=(4532)
calls=1 0 
0 62
0 15
cob=(2)
cfi=(2)
cfn=(4532)
calls=1 0 
0 64
0 15
cob=(2)
cfi=(2)
cfn=(4206)
calls=1 0 
0 187
0 10
cob=(2)
cfi=(2)
cfn=(4532)
calls=1 0 
0 12
0 9
cfn=(5756) <pbrs_grpc::client::channel::Target>::parse
calls=1 0 
0 1705
0 26
cob=(2)
cfi=(2)
cfn=(4206)
calls=1 0 
0 186
0 32
cob=(2)
cfi=(2)
cfn=(4532)
calls=1 0 
0 64
0 7
cfn=(5768)
calls=1 0 
0 17820
0 4
cfn=(5768)
calls=1 0 
0 15312
0 81
cfn=(6576)
calls=1 0 
0 1756
0 23
cob=(2)
cfi=(2)
cfn=(4532)
calls=1 0 
0 64
0 19
cfn=(6580)
calls=1 0 
0 8153
0 3
cob=(2)
cfi=(2)
cfn=(4206)
calls=1 0 
0 204
0 23
cfn=(6588)
calls=1 0 
0 1495
0 8
cob=(2)
cfi=(2)
cfn=(4532)
calls=1 0 
0 76
0 8
cob=(2)
cfi=(2)
cfn=(4916)
calls=1 0 
0 65
0 7
cob=(2)
cfi=(2)
cfn=(4532)
calls=1 0 
0 76
0 6
cfn=(6598)
calls=1 0 
0 17
0 22

fn=(5730)
0 162
cfn=(5727)
calls=6 0 
0 7603
0 24

fn=(5732)
0 720
cfn=(5734)
calls=24 0 
0 4897
0 72

fn=(5756)
0 20
cfn=(5758)
calls=1 0 
0 180
0 3
cfn=(5764)
calls=1 0 
0 97
0 9
cfn=(5758)
calls=1 0 
0 180
0 3
cfn=(5764)
calls=1 0 
0 97
0 10
cfn=(5758)
calls=1 0 
0 180
0 3
cfn=(5764)
calls=1 0 
0 97
0 10
cfn=(5758)
calls=1 0 
0 180
0 3
cfn=(5764)
calls=1 0 
0 97
0 6
cfn=(5766)
calls=1 0 
0 514
0 16

fn=(5782)
0 84
cob=(2)
cfi=(2)
cfn=(4206)
calls=2 0 
0 402
0 40
cob=(2)
cfi=(2)
cfn=(4968)
calls=2 0 
0 20
0 24

fn=(6040) <std::sys::thread::unix::Thread>::new::thread_start
0 86
cob=(2)
cfi=(2)
cfn=(6048) pthread_setspecific
calls=3 0 
0 99
0 67
cfn=(6042)
calls=1 0 
0 93
0 3
cob=(2)
cfi=(2)
cfn=(6048)
calls=1 0 
0 33
0 22
cob=(2)
cfi=(2)
cfn=(4532)
calls=4 0 
0 48
0 12
cob=(2)
cfi=(2)
cfn=(4194)
calls=4 0 
0 8
0 12
cob=(2)
cfi=(2)
cfn=(6050) pthread_setname_np
calls=4 0 
0 212
0 24
cob=(2)
cfi=(2)
cfn=(4916)
calls=4 0 
0 5265
0 8
cfn=(5010)
calls=4 0 
0 6882
0 12
cfn=(6148)
calls=4 0 
0 18775592
0 16
cob=(2)
cfi=(2)
cfn=(4916)
calls=4 0 
0 312
0 8
cfn=(7550)
calls=4 0 
0 1997
0 32

fn=(6160)
0 132

fn=(6180)
0 42
cfn=(6182)
calls=1 0 
0 97
0 11
cob=(2)
cfi=(2)
cfn=(4968)
calls=1 0 
0 10
0 24

fn=(6240)
0 259
cfn=(6242)
calls=2 0 
0 14
0 184

fn=(6280)
0 19232
cfn=(6282)
calls=857 0 
0 86269
0 8612

fn=(6284)
0 29156
cfn=(6272)
calls=788 0 
0 22156
0 12424
cfn=(6272)
calls=788 0 
0 22156
0 24428

fn=(6350)
0 78
cfn=(6352) <tokio::time::sleep::Sleep as core::future::future::Future>::poll
calls=3 0 
0 883

fn=(6352)
0 123
cfn=(6354)
calls=2 0 
0 18
0 26
cfn=(6356)
calls=2 0 
0 470
0 42
cfn=(6364)
calls=3 0 
0 138
0 66

fn=(6384)
0 5440

fn=(6440)
0 79
cob=(2)
cfi=(2)
cfn=(4532)
calls=1 0 
0 64
0 10
cfn=(6322)
calls=1 0 
0 1010
0 9
cfn=(5708)
calls=1 0 
0 45
0 18
cfn=(6442) <std::sys::net::connection::socket::TcpStream>::peer_addr
calls=1 0 
0 45
0 9
cob=(2)
cfi=(2)
cfn=(4532)
calls=1 0 
0 64
0 12
cob=(2)
cfi=(2)
cfn=(4532)
calls=1 0 
0 100
0 5
cob=(2)
cfi=(2)
cfn=(4532)
calls=1 0 
0 100
0 9
cob=(2)
cfi=(2)
cfn=(4532)
calls=1 0 
0 64
0 10
cob=(2)
cfi=(2)
cfn=(4532)
calls=1 0 
0 64
0 3
cfn=(6446)
calls=1 0 
0 65
0 7
cob=(2)
cfi=(2)
cfn=(4206)
calls=1 0 
0 382
0 16
cob=(2)
cfi=(2)
cfn=(4532)
calls=1 0 
0 29
0 11
cob=(2)
cfi=(2)
cfn=(4532)
calls=1 0 
0 29
0 7
cob=(2)
cfi=(2)
cfn=(4532)
calls=1 0 
0 29
0 14
cob=(2)
cfi=(2)
cfn=(4532)
calls=1 0 
0 29
0 5
cob=(2)
cfi=(2)
cfn=(4532)
calls=1 0 
0 76
0 5
cob=(2)
cfi=(2)
cfn=(4532)
calls=1 0 
0 76
0 15
cob=(2)
cfi=(2)
cfn=(4532)
calls=1 0 
0 29
0 24
cfn=(6450)
calls=1 0 
0 174
0 16
cob=(2)
cfi=(2)
cfn=(4916)
calls=1 0 
0 65
0 8
cob=(2)
cfi=(2)
cfn=(4532)
calls=1 0 
0 160
0 15
cob=(2)
cfi=(2)
cfn=(4532)
calls=1 0 
0 160
0 16
cfn=(6336)
calls=1 0 
0 833
0 35
cob=(2)
cfi=(2)
cfn=(4532)
calls=1 0 
0 160
0 14
cob=(2)
cfi=(2)
cfn=(4532)
calls=1 0 
0 160
0 14
cfn=(6472)
calls=1 0 
0 295
0 7
cfn=(6474)
calls=1 0 
0 29
0 9
cfn=(6476)
calls=1 0 
0 35
0 4
cob=(2)
cfi=(2)
cfn=(4206)
calls=1 0 
0 201
0 16
cob=(2)
cfi=(2)
cfn=(4968)
calls=1 0 
0 35
0 36
cob=(2)
cfi=(2)
cfn=(4532)
calls=1 0 
0 160
0 17
cob=(2)
cfi=(2)
cfn=(4532)
calls=1 0 
0 340
0 11
cob=(2)
cfi=(2)
cfn=(4532)
calls=1 0 
0 340
0 21
cob=(2)
cfi=(2)
cfn=(4532)
calls=1 0 
0 340
0 12
cob=(2)
cfi=(2)
cfn=(4532)
calls=1 0 
0 340
0 10
cob=(2)
cfi=(2)
cfn=(5224)
calls=1 0 
0 434
0 13
cob=(2)
cfi=(2)
cfn=(4532)
calls=1 0 
0 352
0 4
cfn=(5712)
calls=1 0 
0 82
0 12
cfn=(5714)
calls=1 0 
0 260
0 5
cfn=(6478)
calls=1 0 
0 4015
0 5
cfn=(6476)
calls=1 0 
0 35
0 70
cfn=(6338)
calls=1 0 
0 431
0 7
cob=(2)
cfi=(2)
cfn=(4532)
calls=1 0 
0 124
0 51
cfn=(6454)
calls=1 0 
0 865
0 11
cfn=(6460)
calls=1 0 
0 37
0 3
cfn=(6464)
calls=1 0 
0 22
0 4
cob=(2)
cfi=(2)
cfn=(4532)
calls=1 0 
0 124
0 38
cfn=(6466)
calls=1 0 
0 42
0 7
cob=(2)
cfi=(2)
cfn=(4532)
calls=1 0 
0 148
0 8
cfn=(6468)
calls=1 0 
0 82
0 23
cob=(2)
cfi=(2)
cfn=(4532)
calls=1 0 
0 148
0 13
cob=(2)
cfi=(2)
cfn=(4532)
calls=1 0 
0 148
0 36
cob=(2)
cfi=(2)
cfn=(4532)
calls=1 0 
0 160
0 5
cfn=(6566)
calls=1 0 
0 21
0 75

fn=(6442)
0 20
cob=(2)
cfi=(2)
cfn=(6444) getpeername
calls=1 0 
0 5
0 20

fn=(6466)
0 8484

fn=(6468)
0 46
cfn=(6470)
calls=2 0 
0 86
0 32

fn=(6482)
0 25824
cfn=(6484)
calls=1076 0 
0 18292
0 17216

fn=(6496)
0 22305
cfn=(6498)
calls=1011 0 
0 45014
0 88755
cob=(2)
cfi=(2)
cfn=(4532)
calls=1011 0 
0 17187
0 41228
cfn=(6620)
calls=56 0 
0 8476
0 18540

fn=(6502)
0 33864
cfn=(6922)
calls=402 0 
0 12060
0 23718
cfn=(6924)
calls=402 0 
0 188999
0 6610
cob=(2)
cfi=(2)
cfn=(4532)
calls=603 0 
0 33768
0 4824
cob=(2)
cfi=(2)
cfn=(4532)
calls=603 0 
0 33768
0 16884
cfn=(6726)
calls=603 0 
0 71757
0 19505
cfn=(6552)
calls=2 0 
0 162
0 17497
cfn=(6898)
calls=603 0 
0 10251
0 7035
cfn=(6920)
calls=201 0 
0 4824
0 1608
cfn=(6920)
calls=201 0 
0 4824
0 3216
cfn=(6786)
calls=402 0 
0 22914
0 8844
cfn=(6892)
calls=201 0 
0 6432
0 2010
cfn=(6700)
calls=201 0 
0 19497
0 603
cfn=(6894)
calls=201 0 
0 37494
0 13266
cob=(2)
cfi=(2)
cfn=(4532)
calls=603 0 
0 33768
0 3015
cfn=(6898)
calls=603 0 
0 10251
0 4824
cfn=(6898)
calls=603 0 
0 10251
0 8691
cob=(2)
cfi=(2)
cfn=(4532)
calls=201 0 
0 12864
0 1005
cfn=(7184)
calls=201 0 
0 50185
0 2211
cob=(2)
cfi=(2)
cfn=(4532)
calls=402 0 
0 23316
0 2412
cfn=(6900)
calls=402 0 
0 482526
0 4422
cfn=(6920)
calls=402 0 
0 9648
0 1407
cfn=(6920)
calls=201 0 
0 4824
0 18416
cfn=(6786)
calls=603 0 
0 61104
0 11723
cob=(2)
cfi=(2)
cfn=(6376)
calls=38 0 
0 418
0 11261

fn=(6506)
0 97

fn=(6532)
0 103

fn=(6536)
0 81
cfn=(6538)
calls=3 0 
0 223
0 11
cfn=(6384)
calls=1 0 
0 8
0 39
cfn=(7018)
calls=1 0 
0 33
0 14
cfn=(7066)
calls=1 0 
0 71
0 12

fn=(6550)
0 106
cfn=(6458)
calls=1 0 
0 19
0 43

fn=(6562)
0 8467

fn=(6572)
0 11

fn=(6594)
0 23

fn=(6620)
0 7415
cob=(2)
cfi=(2)
cfn=(4532)
calls=56 0 
0 5564
0 18102
cfn=(5740)
calls=411 0 
0 41825
0 1233

fn=(6622)
0 5829
cob=(2)
cfi=(2)
cfn=(4206)
calls=201 0 
0 8388
0 7435
cfn=(6624)
calls=201 0 
0 6834
0 2010
cob=(2)
cfi=(2)
cfn=(4532)
calls=201 0 
0 24924
0 4020

fn=(6638)
0 8040

fn=(6642)
0 7437
cfn=(6644)
calls=201 0 
0 15075
0 1005
cfn=(6646) <tokio::sync::batch_semaphore::Acquire as core::ops::drop::Drop>::drop
calls=201 0 
0 1809
0 3618

fn=(6646)
0 1809

fn=(6674)
0 5427
cfn=(6676)
calls=201 0 
0 2010
0 50853
cfn=(6678)
calls=201 0 
0 11256
0 10251
cfn=(6680)
calls=201 0 
0 6834
0 2814
cfn=(6682)
calls=201 0 
0 39908
0 3216
cfn=(6684)
calls=201 0 
0 9849
0 3417
cfn=(6690)
calls=201 0 
0 33567
0 2211
cfn=(6690)
calls=201 0 
0 33567
0 3819
cfn=(6690)
calls=201 0 
0 51456
0 2412
cfn=(6696)
calls=201 0 
0 4020
0 1407
cfn=(6608)
calls=201 0 
0 1407
0 2211
cfn=(6690)
calls=201 0 
0 37989
0 1809
cob=(2)
cfi=(2)
cfn=(4532)
calls=201 0 
0 5829
0 1809

fn=(6690)
0 18291
cfn=(6692)
calls=1407 0 
0 37989
0 9849
cfn=(6694)
calls=1407 0 
0 80802
0 139494

fn=(6696)
0 8040

fn=(6706)
0 7839

fn=(6736)
0 27135
cfn=(6694)
calls=1809 0 
0 43416
0 120198

fn=(6748)
0 9849

fn=(6760)
0 2814

fn=(6826)
0 144
cfn=(6828)
calls=8 0 
0 184
0 32
cfn=(6830)
calls=8 0 
0 208
0 185
cfn=(6832)
calls=3 0 
0 936
0 422

fn=(6836)
0 3205
cfn=(6620)
calls=2 0 
0 813
0 99344
cfn=(6620)
calls=5 0 
0 1629
0 4836

fn=(6856)
0 110231
cfn=(6858)
calls=2203 0 
0 154475
0 52872
cfn=(6860)
calls=2203 0 
0 204879
0 11015
cfn=(6862)
calls=2203 0 
0 11015
0 6609
cfn=(6864)
calls=2203 0 
0 613207
0 2267
cfn=(6868)
calls=8 0 
0 13130
0 184
cfn=(6874) <h2::hpack::header::Header as core::clone::Clone>::clone
calls=8 0 
0 3137
0 1700
cfn=(6868)
calls=201 0 
0 225973
0 4824
cfn=(6860)
calls=201 0 
0 18693
0 1005
cfn=(6862)
calls=201 0 
0 1005
0 603
cfn=(6864)
calls=201 0 
0 12060
0 212
cfn=(6718)
calls=4 0 
0 28
0 130
cfn=(6878)
calls=3 0 
0 1180
0 75
cfn=(6860)
calls=3 0 
0 279
0 115
cfn=(6860)
calls=5 0 
0 465
0 40
cfn=(6862)
calls=8 0 
0 40
0 104
cfn=(6864)
calls=8 0 
0 3443
0 31356

fn=(6858)
0 36885
cfn=(6874)
calls=1600 0 
0 110600
0 12121

fn=(6874)
0 36582
cfn=(6676)
calls=600 0 
0 6000
cfn=(6590)
calls=3 0 
0 892
0 9849
cfn=(6876)
calls=201 0 
0 2010
0 10050
cfn=(6676)
calls=800 0 
0 8000
cfn=(6590)
calls=4 0 
0 989
0 5427
cfn=(6676)
calls=600 0 
0 6000
cfn=(6590)
calls=3 0 
0 803
0 27135

fn=(6896)
0 11

fn=(6912)
0 2211
cfn=(6862)
calls=201 0 
0 1005
0 1608
cfn=(6862)
calls=201 0 
0 1005
0 2211
cfn=(6704)
calls=201 0 
0 201
0 1608
cfn=(6704)
calls=201 0 
0 201

fn=(6916)
0 30
cfn=(5424)
calls=2 0 
0 476
0 18

fn=(6918)
0 9849

fn=(6954)
0 10653
cob=(2)
cfi=(2)
cfn=(4206)
calls=201 0 
0 8485
0 4406
cob=(2)
cfi=(2)
cfn=(4968)
calls=200 0 
0 2000
0 14
cob=(2)
cfi=(2)
cfn=(4968)
calls=1 0 
0 10
0 4422

fn=(6962)
0 3417
cob=(2)
cfi=(2)
cfn=(4532)
calls=201 0 
0 24924
0 402
cfn=(6964)
calls=201 0 
0 25869
0 2613
cob=(2)
cfi=(2)
cfn=(4532)
calls=201 0 
0 24924
0 1005
cfn=(6966)
calls=201 0 
0 3948143
0 804
cfn=(7086)
calls=201 0 
0 3015
0 1809

fn=(6984)
0 10131
cfn=(6986)
calls=921 0 
0 194561
0 18990

fn=(7014)
0 5628
cfn=(6662)
calls=804 0 
0 48240
0 6030
cfn=(5192)
calls=402 0 
0 10452
0 3216
cfn=(6244)
calls=402 0 
0 14472
0 2010
cfn=(5192)
calls=402 0 
0 10452
0 3216
cfn=(6244)
calls=402 0 
0 14472
0 18090

fn=(7060)
0 1005
cfn=(7062)
calls=201 0 
0 2211
0 1206
cfn=(7064)
calls=201 0 
0 85224
0 1608
cfn=(7066)
calls=201 0 
0 15879

fn=(7176)
0 1809
cfn=(7178)
calls=201 0 
0 12549
0 1608

fn=(7230)
0 4221

fn=(7232)
0 9
cob=(2)
cfi=(2)
cfn=(4916)
calls=1 0 
0 65
0 2
cfn=(6684)
calls=1 0 
0 269
0 5
cfn=(6684)
calls=1 0 
0 245
0 9
cfn=(6612)
calls=1 0 
0 17
0 7

fn=(7372)
0 75
cob=(2)
cfi=(2)
cfn=(4532)
calls=3 0 
0 36
0 30
cob=(2)
cfi=(2)
cfn=(4532)
calls=3 0 
0 36
0 129

fn=(7382)
0 12
cfn=(7384)
calls=3 0 
0 405
0 21
cob=(2)
cfi=(2)
cfn=(4916)
calls=3 0 
0 211

fn=(7410)
0 5
cfn=(7412)
calls=1 0 
0 267
0 12
cfn=(7546)
calls=1 0 
0 2841
0 5
cfn=(7830)
calls=1 0 
0 363
0 6
cfn=(7840)
calls=1 0 
0 10

fn=(7432)
0 84

fn=(7452)
0 16
cfn=(6940)
calls=1 0 
0 16
0 2
cfn=(7454)
calls=1 0 
0 16
0 2
cfn=(6536)
calls=1 0 
0 113
0 5
cfn=(7066)
calls=1 0 
0 79
0 10
cfn=(7370)
calls=1 0 
0 2546
0 5
cfn=(7456)
calls=1 0 
0 5139
0 29
cfn=(7018)
calls=1 0 
0 33
0 4
cfn=(7066)
calls=1 0 
0 79
0 18
cfn=(7504)
calls=1 0 
0 1635

fn=(7486)
0 68
cfn=(7488)
calls=2 0 
0 196
0 4
cfn=(6768)
calls=2 0 
0 2216
0 14

fn=(7494)
0 10
cfn=(7496) core::ptr::drop_glue::<h2::proto::streams::recv::Recv>
calls=2 0 
0 237
0 8
cfn=(6384)
calls=1 0 
0 8
0 28
cob=(2)
cfi=(2)
cfn=(4916)
calls=2 0 
0 146

fn=(7496)
0 91
cob=(2)
cfi=(2)
cfn=(4916)
calls=2 0 
0 146

fn=(7520)
0 26

fn=(7704)
0 89
cfn=(6284)
calls=1 0 
0 141
0 101
cfn=(5422)
calls=1 0 
0 112
0 64
cfn=(6278)
calls=3 0 
0 201
0 12
cfn=(7706)
calls=3 0 
0 470
0 7
cfn=(7708)
calls=1 0 
0 92
0 32

fn=(7716)
0 26

fn=(7734)
0 9
cob=(2)
cfi=(2)
cfn=(5138)
calls=1 0 
0 61
0 2
cfn=(7736)
calls=1 0 
0 88
0 2
cob=(2)
cfi=(2)
cfn=(5138)
calls=1 0 
0 61
0 8
cob=(2)
cfi=(2)
cfn=(4916)
calls=1 0 
0 202

fn=(7846)
0 14

ob=(6) /usr/lib/x86_64-linux-gnu/libgcc_s.so.1
fl=(6) ???
fn=(4092) 0x0000000000005730
0 12

fn=(8012) 0x0000000000005680
0 5

fn=(4090) __cpu_indicator_init
0 361

fn=(7990) 0x0000000000004510
0 30

fn=(8002) 0x00000000000056f0
0 9
cob=(4)
cfi=(4)
cfn=(8008) 0x00000000048663b0
calls=1 0 
0 72
0 1
cfn=(8012)
calls=1 0 
0 5
0 3

fn=(7988) 0x0000000000004560
0 4
cfn=(7990)
calls=1 0 
0 15
0 2
cfn=(7990)
calls=1 0 
0 15
0 3

ob=(2)
fl=(2)
fn=(4310) __default_morecore
0 8
cfn=(4312) sbrk
calls=2 0 
0 63
0 8

fn=(3300) strcmp
0 18

fn=(3316) memcpy
0 63

fn=(3366) memmove
0 63

fn=(3904) getrlimit
0 18

fn=(4184)
0 23
cfn=(4186)
calls=1 0 
0 92
0 9

fn=(4196)
0 65
cfn=(4198)
calls=5 0 
0 90
0 243
cfn=(4502)
calls=5 0 
0 1162
0 5
0 35
cfn=(4964) pthread_getaffinity_np
calls=5 0 
0 175
0 50
cfn=(4982) pthread_attr_setaffinity_np
calls=5 0 
0 2861
0 15
cob=(4)
cfi=(4)
cfn=(4914) 0x00000000049a73d0
calls=5 0 
0 362
0 38
cfn=(4200) fopen
calls=1 0 
0 2215
0 6
cfn=(3904)
calls=1 0 
0 9
0 5
cfn=(4918) fclose
calls=1 0 
0 404
0 250
cfn=(4564) __isoc23_sscanf
calls=45 0 
0 85361
0 717
cfn=(4446) getline
calls=45 0 
0 8168
0 137
cob=(4)
cfi=(4)
cfn=(4914)
calls=1 0 
0 66
0 23

fn=(5008)
0 47
cob=(4)
cfi=(4)
cfn=(4914)
calls=5 0 
0 362
0 10
cob=(4)
cfi=(4)
cfn=(4914)
calls=5 0 
0 362
0 23

fn=(5130)
0 30

fn=(5264) 0x00000000000a0460
0 38956
cfn=(5348) 0x000000000009edb0
calls=116 0 
0 2374
0 7158
cfn=(5282) 0x000000000009f040
calls=1193 0 
0 53804
0 10806

fn=(5348)
0 40445

fn=(5584) 0x0000000000110700
0 44
cfn=(5586) 0x0000000000110690
calls=4 0 
0 55
0 68
cfn=(5614) clone
calls=4 0 
0 72
0 32

fn=(5698)
0 5

fn=(5890) 0x000000000005a2b0
0 220
cfn=(4532)
calls=8 0 
0 96
0 8
0 136

fn=(6046)
0 15

fn=(6072) 0x000000000009f5e0
0 121
cfn=(5016)
calls=1 0 
0 17
0 23
cfn=(5018)
calls=4 0 
0 20
0 24
cfn=(6006) 0x00000000001110c0
calls=4 0 
0 68
0 85
cfn=(5016)
calls=3 0 
0 66
0 43
cfn=(6094)
calls=2 0 
0 10
0 4
cfn=(6094)
calls=1 0 
0 5
0 17
cfn=(6094)
calls=1 0 
0 5
0 37

fn=(6376)
0 12764

fn=(7628) 0x000000000008f4f0
0 28

fn=(7796) _pthread_cleanup_pop
0 20

fn=(8072) _IO_flush_all
0 15
cfn=(4402) 0x000000000008fd60
calls=1 0 
0 12
0 138
cfn=(4406) 0x000000000008fdb0
calls=1 0 
0 9
0 18

fn=(4600) 0x0000000000065070
0 2250
cfn=(4402)
calls=45 0 
0 540
0 7605
cfn=(4406)
calls=45 0 
0 405
0 5445
cfn=(4650) _IO_sputbackc
calls=90 0 
0 1980
0 30190
cfn=(4650)
calls=90 0 
0 1980
0 1128
cfn=(4716) __strtoul_internal
calls=90 0 
0 23606
0 1170

fn=(4116) 0x0000000000041a00
0 31

fn=(4190)
0 43
cfn=(4192) getpagesize
calls=1 0 
0 5
0 4

fn=(4314) brk
0 16

fn=(4400) _IO_link_in
0 43
cfn=(4402)
calls=1 0 
0 12
0 23
cfn=(4406)
calls=1 0 
0 9
0 24

fn=(4406)
0 441

fn=(3284) 0x00000000000bb960
0 29

fn=(3304) memset
0 66

fn=(3324) rindex
0 24

fn=(3326) wcscmp
0 24

fn=(3330) wmemchr
0 44

fn=(3344) strchrnul
0 24

fn=(3352) strcasecmp_l
0 20

fn=(3364) stpcpy
0 16

fn=(3376) strncasecmp
0 20

fn=(3902) __ctype_init
0 80

fn=(4068) 0x0000000000029b00
0 22

fn=(4154) _setjmp
0 10
cfn=(4156) __sigsetjmp
calls=5 0 
0 130

fn=(4186)
0 100
cfn=(4188) __libc_sigaction
calls=5 0 
0 264

fn=(4192)
0 90

fn=(4564)
0 1035
cfn=(4386) 0x000000000008d0d0
calls=45 0 
0 2025
0 315
cfn=(4572) 0x000000000008e420
calls=45 0 
0 4832
0 495
cfn=(4600)
calls=45 0 
0 76299
0 360

fn=(4956) _IO_file_close
0 2
cfn=(4958) __close_nocancel
calls=1 0 
0 5

fn=(4958)
0 5

fn=(4982)
0 80
cfn=(4984) 0x0000000000090cb0
calls=5 0 
0 1464
0 40
cfn=(4502)
calls=5 0 
0 1162
0 5
0 45
cfn=(4532)
calls=5 0 
0 55
0 5
0 5

fn=(5224)
0 4473
cfn=(5226) 0x00000000000a2ea0
calls=213 0 
0 140612
0 2130

fn=(5434)
0 143
cfn=(4990) calloc
calls=11 0 
0 1074
0 11
0 132
cfn=(5436) pthread_mutex_lock
calls=11 0 
0 429
0 55
cfn=(5442) pthread_mutex_unlock
calls=11 0 
0 423
0 121
cob=(1) /usr/lib/x86_64-linux-gnu/ld-linux-x86-64.so.2
cfi=(1) ???
cfn=(5440) _dl_find_dso_for_object
calls=11 0 
0 319
0 11
0 55

fn=(5500) 0x000000000008ecc0
0 19
cob=(1)
cfi=(1)
cfn=(1454) 0x00000000000024a0
calls=1 0 
0 924
0 19

fn=(5576) 0x0000000000092630
0 148
cfn=(5584)
calls=4 0 
0 271
0 72

fn=(5696)
0 18

fn=(6390) 0x000000000009ee90
0 37967
cfn=(5348)
calls=99 0 
0 2028
0 2350
cfn=(5348)
calls=27 0 
0 651
0 54

fn=(7610) 0x0000000000128b00
0 8
cfn=(7612) 0x0000000000130140
calls=4 0 
0 64
0 28

fn=(7852) 0x00000000000420d0
0 62
cfn=(8128) _Exit
calls=1 0 
0 3
0 13
cob=(1)
cfi=(1)
cfn=(7880) 0x0000000000005aa0
calls=1 0 
0 1437
0 5
cfn=(8070) 0x000000000008d9f0
calls=1 0 
0 397
0 2
cfn=(7558) __call_tls_dtors
calls=1 0 
0 579
0 1

fn=(8070)
0 11
cfn=(8072)
calls=1 0 
0 192
0 6
cfn=(4402)
calls=1 0 
0 12
0 149
cfn=(4406)
calls=1 0 
0 9
0 18

fn=(4200)
0 10
cob=(4)
cfi=(4)
cfn=(4204) 0x00000000049a73d8
calls=1 0 
0 1780
0 12
cfn=(4386)
calls=1 0 
0 54
0 4
cfn=(4398) 0x0000000000089db0
calls=1 0 
0 102
0 5
cfn=(4414) _IO_file_fopen
calls=1 0 
0 235
0 13

fn=(4248) 0x00000000000a2250
0 37
cfn=(4254) 0x00000000000a12a0
calls=1 0 
0 360
0 483
cfn=(6056) 0x000000000009f640
calls=4 0 
0 3973
0 16
cfn=(4254)
calls=4 0 
0 536
0 40

fn=(4472) _IO_setb
0 1272
cob=(4)
cfi=(4)
cfn=(4914)
calls=1 0 
0 66
0 2

fn=(3334) strcasecmp
0 20

fn=(3338) wcscpy
0 15

fn=(3356) strlen
0 72

fn=(3918) 0x0000000000043620
0 17

fn=(4046) 0x0000000000167730
0 28

fn=(4060) 0x0000000000029a90
0 11

fn=(4482) 0x0000000000162140
0 1932

fn=(4964)
0 80
cfn=(4968)
calls=5 0 
0 75
0 5
0 15

fn=(5226)
0 8985
cfn=(5250) 0x00000000000a27e0
calls=211 0 
0 123915
0 6502
cfn=(5250)
calls=2 0 
0 768
0 442

fn=(5442)
0 654

fn=(5498)
0 16
cfn=(5436)
calls=1 0 
0 39
0 3
cfn=(5500)
calls=1 0 
0 962
0 5
cfn=(5442)
calls=1 0 
0 36
0 8

fn=(5558)
0 48

fn=(5694)
0 10

fn=(5710)
0 20

fn=(5872) snprintf
0 72
cfn=(5874) 0x0000000000087d50
calls=4 0 
0 2012
0 20

fn=(6276)
0 6296
cfn=(4172) 0x000000000008f6a0
calls=787 0 
0 39350
0 1574

fn=(6452)
0 7
cfn=(4172)
calls=1 0 
0 50
0 2

fn=(7602) 0x00000000000a59c0
0 767
cfn=(4916)
calls=143 0 
0 20949
0 2259
cfn=(4916)
calls=4 0 
0 728
0 120
cfn=(7604) 0x00000000001543f0
calls=4 0 
0 44
0 4
cfn=(7610)
calls=4 0 
0 100
0 4
cfn=(7622) 0x00000000000bbb00
calls=4 0 
0 60
0 4
cfn=(7628)
calls=4 0 
0 28
0 8

fn=(7604)
0 44

fn=(4108) __cxa_atexit
0 17
cfn=(4116)
calls=1 0 
0 31
0 22

fn=(4426) 0x0000000000164cc0
0 20

fn=(4446)
0 135
cfn=(4448) getdelim
calls=45 0 
0 8033

fn=(4448)
0 1789
cfn=(4502)
calls=1 0 
0 347
0 1
0 12
cfn=(4532)
calls=1 0 
0 21
0 1
0 192
cfn=(4532)
calls=48 0 
0 933
0 48
0 155
cfn=(4454) __underflow
calls=4 0 
0 472
0 40
cfn=(4482)
calls=4 0 
0 129
0 4
0 180
cfn=(4482)
calls=45 0 
0 1803
0 45
0 1030
cob=(4)
cfi=(4)
cfn=(4204)
calls=1 0 
0 191
0 231
cfn=(4454)
calls=1 0 
0 403
0 6

fn=(4474) _IO_switch_to_get_mode
0 120

fn=(3296) strnlen
0 48

fn=(3302) wcsnlen
0 18

fn=(3354) wcscat
0 17

fn=(3370) strspn
0 6

fn=(3900) __libc_early_init
0 9
cob=(1)
cfi=(1)
cfn=(218) __tunable_get_val
calls=1 0 
0 22
0 1
0 4
cob=(1)
cfi=(1)
cfn=(218)
calls=1 0 
0 22
0 1
0 4
cob=(1)
cfi=(1)
cfn=(218)
calls=1 0 
0 22
0 1
0 4
cob=(1)
cfi=(1)
cfn=(218)
calls=1 0 
0 22
0 1
0 4
cob=(1)
cfi=(1)
cfn=(218)
calls=1 0 
0 22
0 1
0 16
cfn=(3902)
calls=1 0 
0 16
0 7
cfn=(3904)
calls=1 0 
0 9
0 30
cfn=(3906) 0x0000000000095450
calls=1 0 
0 90
0 2
cfn=(3918)
calls=1 0 
0 17
0 6

fn=(4532)
0 8208238

fn=(4916)
0 547223
cfn=(5804) 0x00000000000a05a0
calls=1815 0 
0 179965
0 2284
cfn=(4248)
calls=4 0 
0 4973
0 12

fn=(4920) _IO_un_link
0 13
cfn=(4402)
calls=1 0 
0 12
0 38
cfn=(4406)
calls=1 0 
0 9
0 17

fn=(4962) _IO_default_finish
0 15

fn=(5124)
0 40
cfn=(4172)
calls=2 0 
0 38
0 14

fn=(5132)
0 10

fn=(5178) 0x0000000000104a80
0 15

fn=(5250)
0 4047
cfn=(4254)
calls=213 0 
0 84564
0 5256
cfn=(5264)
calls=111 0 
0 9586
0 5046
cfn=(5282)
calls=213 0 
0 12889
0 2407
cfn=(5316) 0x000000000009ffe0
calls=14 0 
0 874
0 14

fn=(5560)
0 24

fn=(5572) 0x000000000008ff50
0 52

fn=(5586)
0 17
cfn=(5590) 0x00000000001107d0
calls=1 0 
0 15
0 23

fn=(5864) 0x0000000000092820
0 140
cfn=(5872)
calls=4 0 
0 2104
0 16
cfn=(6006)
calls=4 0 
0 103
0 156

fn=(6094)
0 40

fn=(6292)
0 14
cfn=(4172)
calls=2 0 
0 104
0 4

fn=(7558)
0 75
cob=(7)
cfi=(7)
cfn=(7860)
calls=1 0 
0 131
cob=(7)
cfi=(7)
cfn=(7560)
calls=4 0 
0 28
0 42
cob=(7)
cfi=(7)
cfn=(7560)
calls=1 0 
0 7
cob=(7)
cfi=(7)
cfn=(7562)
calls=5 0 
0 165
0 44
cob=(4)
cfi=(4)
cfn=(4914)
calls=11 0 
0 1152
0 53

fn=(7672) 0x0000000000043760
0 12

fn=(4106)
0 17
cfn=(4108)
calls=1 0 
0 70
0 12
cob=(1)
cfi=(1)
cfn=(4150) _dl_audit_preinit
calls=1 0 
0 4
0 1
0 6
cfn=(4152) 0x0000000000029c30
calls=1 0 
0 7428761
0 11
cob=(4)
cfi=(4)
cfn=(4136) 0x0000000000e0b674
calls=1 0 
0 6
0 20
cob=(7)
cfi=(7)
cfn=(4142)
calls=1 0 
0 12
0 4
cob=(7)
cfi=(7)
cfn=(4140)
calls=1 0 
0 4
0 9

fn=(4152)
0 8
cfn=(4154)
calls=1 0 
0 28
0 14
cob=(7)
cfi=(7)
cfn=(4166)
calls=1 0 
0 7426205
0 2
cfn=(7850) exit
calls=1 0 
0 2504

fn=(4156)
0 130

fn=(4188)
0 312

fn=(3298) strpbrk
0 6

fn=(3312) memrchr
0 24

fn=(3314) wcsncpy
0 17

fn=(3322) __memset_chk
0 22

fn=(3374) mempcpy
0 21

fn=(4032) 0x0000000000029a20
0 30
cfn=(4046)
calls=1 0 
0 28
0 1
0 12

fn=(5012)
0 70

fn=(5016)
0 281

fn=(5164)
0 18
cfn=(4968)
calls=1 0 
0 18
0 1
0 3

fn=(5176)
0 15
cfn=(5178)
calls=1 0 
0 15
0 5

fn=(5316)
0 497
cfn=(6390)
calls=1 0 
0 322
0 55

fn=(5562)
0 92
cfn=(4192)
calls=4 0 
0 20
0 688
cfn=(5576)
calls=4 0 
0 491
0 60
cfn=(4188)
calls=1 0 
0 48
0 30
cfn=(5574) _IO_enable_locks
calls=1 0 
0 38
0 66
cfn=(5016)
calls=4 0 
0 88
0 84
cfn=(5018)
calls=4 0 
0 20
0 52
cob=(1)
cfi=(1)
cfn=(5566) _dl_allocate_tls
calls=4 0 
0 3040
0 4
0 48
cfn=(5572)
calls=4 0 
0 52
0 24

fn=(5858) 0x00000000000928e0
0 60
cfn=(3902)
calls=4 0 
0 64
0 12
cfn=(5864)
calls=4 0 
0 2355
0 72
cfn=(4154)
calls=4 0 
0 112
0 104
cfn=(7558)
calls=4 0 
0 1118
0 4
cfn=(7566) 0x00000000000901c0
calls=4 0 
0 2828
0 4
cfn=(7602)
calls=4 0 
0 25075
0 120
cfn=(7672)
calls=4 0 
0 12
0 24
cfn=(4192)
calls=4 0 
0 20
0 80
cfn=(5864)
calls=4 0 
0 164
0 8
cob=(7)
cfi=(7)
cfn=(6040)
calls=4 0 
0 18790843
0 20
cfn=(7686) madvise
calls=4 0 
0 20
0 4

fn=(5882) 0x0000000000164f00
0 144

fn=(6048)
0 132

fn=(6436)
0 6

fn=(6494)
0 4165
cfn=(4172)
calls=595 0 
0 29802
0 1190

fn=(8128)
0 3

fn=(4578)
0 1809

fn=(4294) 0x00000000000a07f0
0 94
cfn=(4310)
calls=1 0 
0 54
0 38
cfn=(4310)
calls=1 0 
0 25
0 21

fn=(4388) 0x000000000008d060
0 1060

fn=(4416) _IO_file_open
0 25
cfn=(4400)
calls=1 0 
0 17
0 6
cfn=(4418) __open_nocancel
calls=1 0 
0 23
0 2

fn=(4462) _IO_file_stat
0 2
cfn=(4464) fstat
calls=1 0 
0 5

fn=(4464)
0 5

fn=(4476) _IO_file_read
0 20
cfn=(4478) __read_nocancel
calls=5 0 
0 25

fn=(3318) wcschr
0 48

fn=(3320) index
0 18

fn=(3336) strcspn
0 6

fn=(3340) strcat
0 16

fn=(3368) memchr
0 22

fn=(4650)
0 3960

fn=(4984)
0 35
cfn=(4990)
calls=5 0 
0 1394
0 5
0 30

fn=(4990)
0 1179
cfn=(4254)
calls=4 0 
0 576
0 21
cfn=(4254)
calls=7 0 
0 1030
0 136
cfn=(4968)
calls=9 0 
0 265
0 9
0 356

fn=(5030)
0 78

fn=(5138)
0 72
cfn=(4172)
calls=8 0 
0 338
0 16

fn=(5174)
0 42

fn=(5194)
0 61430

fn=(5574)
0 38

fn=(5804)
0 102
cfn=(5282)
calls=3 0 
0 102
0 61213
cfn=(5264)
calls=1082 0 
0 103512
0 15350

fn=(5846)
0 8
cfn=(4172)
calls=1 0 
0 54
0 2

fn=(6146)
0 16

fn=(6362)
0 1575
cfn=(4172)
calls=225 0 
0 11250
0 450

fn=(7566)
0 1904
cob=(7)
cfi=(7)
cfn=(7584)
calls=4 0 
0 116
0 808

fn=(7742)
0 180
cfn=(7804) 0x0000000000090320
calls=4 0 
0 208
0 72
cfn=(7762) _pthread_cleanup_push
calls=4 0 
0 24
0 9
cfn=(7770) 0x000000000008fce0
calls=1 0 
0 77
0 31
cfn=(7796)
calls=4 0 
0 20
0 4

fn=(7850)
0 5
cfn=(7852)
calls=1 0 
0 2499

fn=(4206)
0 294006
cfn=(4248)
calls=1 0 
0 472
0 19797
cfn=(4254)
calls=1514 0 
0 305530
0 28856
cfn=(4208) 0x000000000009f160
calls=1 0 
0 1112
0 222
cfn=(4254)
calls=55 0 
0 7948
0 385

fn=(4208)
0 793
cob=(1)
cfi=(1)
cfn=(218)
calls=1 0 
0 21
0 1
0 4
cob=(1)
cfi=(1)
cfn=(218)
calls=1 0 
0 22
0 1
0 4
cob=(1)
cfi=(1)
cfn=(218)
calls=1 0 
0 21
0 1
0 4
cob=(1)
cfi=(1)
cfn=(218)
calls=1 0 
0 21
0 1
0 4
cob=(1)
cfi=(1)
cfn=(218)
calls=1 0 
0 22
0 1
0 4
cob=(1)
cfi=(1)
cfn=(218)
calls=1 0 
0 21
0 1
0 4
cob=(1)
cfi=(1)
cfn=(218)
calls=1 0 
0 21
0 1
0 4
cob=(1)
cfi=(1)
cfn=(218)
calls=1 0 
0 21
0 1
0 4
cob=(1)
cfi=(1)
cfn=(218)
calls=1 0 
0 21
0 1
0 4
cob=(1)
cfi=(1)
cfn=(218)
calls=1 0 
0 21
0 1
0 4
cob=(1)
cfi=(1)
cfn=(218)
calls=1 0 
0 21
0 1
0 4
cob=(1)
cfi=(1)
cfn=(218)
calls=1 0 
0 21
0 1
0 9

fn=(4312)
0 34
cfn=(4314)
calls=1 0 
0 8
0 9
cfn=(4314)
calls=1 0 
0 8
0 4

fn=(4360) 0x000000000009e650
0 3304

fn=(4402)
0 588

fn=(4456) _IO_file_underflow
0 103
cfn=(4474)
calls=5 0 
0 120
0 80
cfn=(4476)
calls=5 0 
0 45
0 85
cfn=(4458) _IO_doallocbuf
calls=1 0 
0 279
0 4

fn=(4458)
0 17
cfn=(4460) _IO_file_doallocate
calls=1 0 
0 256
0 6

fn=(3308) __mempcpy_chk
0 21

fn=(4194)
0 18

fn=(4478)
0 25

fn=(4504) 0x00000000000a2380
0 1185
cfn=(4254)
calls=12 0 
0 2431
0 204
cfn=(4532)
calls=12 0 
0 313
0 12
0 597
cfn=(5348)
calls=4 0 
0 89
0 28
cfn=(5804)
calls=3 0 
0 314
0 143

fn=(4716)
0 23606

fn=(4918)
0 16
cfn=(4960) _IO_file_finish
calls=1 0 
0 27
0 15
cob=(4)
cfi=(4)
cfn=(4914)
calls=1 0 
0 66
0 6
cfn=(4920)
calls=1 0 
0 86
0 18
cfn=(4952) _IO_file_close_it
calls=1 0 
0 166
0 4

fn=(4952)
0 15
cfn=(4954) _IO_unsave_markers
calls=1 0 
0 8
0 10
cfn=(4956)
calls=1 0 
0 7
0 9
cfn=(4472)
calls=1 0 
0 98
0 6
cfn=(4920)
calls=1 0 
0 3
0 10

fn=(4954)
0 8

fn=(4968)
0 19073

fn=(5006)
0 40

fn=(5022)
0 15

fn=(5106) 0x0000000000166960
0 558

fn=(5172)
0 5

fn=(5506) 0x000000000015fcf0
0 50
cob=(1)
cfi=(1)
cfn=(5440)
calls=1 0 
0 29
0 1
0 16
cob=(1)
cfi=(1)
cfn=(3074) 0x000000000000ae90
calls=1 0 
0 732
0 7

fn=(5590)
0 15

fn=(5854) 0x000000000009a9c0
0 31192

fn=(5874)
0 84
cfn=(5878) 0x0000000000062600
calls=4 0 
0 1812
0 24
cfn=(5988) 0x0000000000059da0
calls=4 0 
0 68
0 24

fn=(6052) prctl
0 24

fn=(7622)
0 16
cob=(4)
cfi=(4)
cfn=(4914)
calls=4 0 
0 16
0 12
cob=(4)
cfi=(4)
cfn=(4914)
calls=4 0 
0 16

fn=(7686)
0 20

fn=(7934)
0 176
cfn=(7936) 0x00000000000f8130
calls=4 0 
0 60
0 48

fn=(7936)
0 60

fn=(4174) 0x000000000008f620
0 44620
cfn=(5854)
calls=2228 0 
0 31192
0 15636

fn=(4198)
0 72
cfn=(4192)
calls=9 0 
0 45
0 45

fn=(4386)
0 460
cfn=(4388)
calls=46 0 
0 1060
0 559

fn=(4398)
0 5
cfn=(4400)
calls=1 0 
0 94
0 3

fn=(4418)
0 23

fn=(4454)
0 141
cfn=(4456)
calls=5 0 
0 716
0 18

fn=(3328) stpncpy
0 18

fn=(3346) bcmp
0 92

fn=(3348) wmemset
0 36

fn=(3350) strcpy
0 16

fn=(3906)
0 8
cob=(1)
cfi=(1)
cfn=(218)
calls=1 0 
0 22
0 1
0 4
cob=(1)
cfi=(1)
cfn=(218)
calls=1 0 
0 21
0 1
0 4
cob=(1)
cfi=(1)
cfn=(218)
calls=1 0 
0 22
0 1
0 6

fn=(5014)
0 1305

fn=(5054)
0 49487

fn=(5136)
0 28
cfn=(4172)
calls=4 0 
0 76
0 8

fn=(5282)
0 41114
cfn=(5348)
calls=701 0 
0 16267
0 9414

fn=(5436)
0 663

fn=(5504) 0x000000000008f330
0 6
cfn=(5506)
calls=1 0 
0 835
0 3

fn=(5614)
0 100
cfn=(5858)
calls=4 0 
0 18823123

fn=(5878)
0 96
cfn=(5882)
calls=4 0 
0 72
0 4
0 28
cfn=(5890)
calls=4 0 
0 188
0 248
cfn=(5882)
calls=4 0 
0 72
0 4
0 24
cfn=(5890)
calls=4 0 
0 68
0 76
cfn=(5936) 0x0000000000058900
calls=4 0 
0 392
0 172
cfn=(5890)
calls=4 0 
0 204
0 164

fn=(5988)
0 68

fn=(6044)
0 43

fn=(6050)
0 48
cfn=(4578)
calls=4 0 
0 52
0 4
0 72
cfn=(6052)
calls=4 0 
0 24
0 12

fn=(6366)
0 4848
cfn=(4172)
calls=606 0 
0 30300
0 1212

fn=(6444)
0 5

fn=(7762)
0 24

fn=(7770)
0 31
cfn=(4174)
calls=1 0 
0 41
0 5

fn=(7804)
0 208

fn=(4572)
0 765
cfn=(4578)
calls=45 0 
0 1502
0 45
0 270
cfn=(4472)
calls=45 0 
0 1215
0 1035

fn=(4170)
0 7
cfn=(4172)
calls=1 0 
0 19
0 2

fn=(4254)
0 150268
cfn=(6390)
calls=239 0 
0 42728
0 150531
cfn=(5348)
calls=552 0 
0 16668
0 19797
cfn=(5348)
calls=74 0 
0 2368
0 592
cfn=(4360)
calls=74 0 
0 296
0 3008
cfn=(4360)
calls=752 0 
0 3008
0 13032
cfn=(4294)
calls=1 0 
0 232
0 447

fn=(4414)
0 72
cfn=(4416)
calls=1 0 
0 73
0 6
cfn=(4420) 0x00000000000aacd0
calls=1 0 
0 54
0 30

fn=(4420)
0 17
cfn=(4426)
calls=1 0 
0 20
0 1
0 16

fn=(4460)
0 19
cfn=(4462)
calls=1 0 
0 7
0 12
cob=(4)
cfi=(4)
cfn=(4204)
calls=1 0 
0 175
0 7
cfn=(4472)
calls=1 0 
0 27
0 9

fn=(3306) wcslen
0 18

fn=(3310) __memcpy_chk
0 21

fn=(3332) strncmp
0 20

fn=(3342) strncasecmp_l
0 20

fn=(3358) strncpy
0 36

fn=(3360) wmemcmp
0 23

fn=(3362) __memmove_chk
0 21

fn=(3372) wcpncpy
0 17

fn=(4172)
0 6711
cfn=(4174)
calls=2237 0 
0 91407
0 13482

fn=(4502)
0 714
cfn=(4206)
calls=10 0 
0 2084
0 1749
cfn=(4504)
calls=22 0 
0 4990
0 670
cfn=(4504)
calls=2 0 
0 326
0 24

fn=(4960)
0 12
cfn=(4962)
calls=1 0 
0 15

fn=(5018)
0 65

fn=(5078)
0 190
cfn=(4172)
calls=5 0 
0 219
0 25

fn=(5102)
0 136
cfn=(4578)
calls=8 0 
0 104
0 8
0 2615
cfn=(5106)
calls=23 0 
0 558
0 23
0 138

fn=(5170)
0 5

fn=(5700)
0 5

fn=(5936)
0 392

fn=(6006)
0 143
cob=(1)
cfi=(1)
cfn=(218)
calls=1 0 
0 22
0 1
0 5

fn=(6056)
0 148
cfn=(6072)
calls=4 0 
0 545
0 3280

fn=(7612)
0 64

ob=(3)
fl=(3)
fn=(3472) cosf
0 8

fn=(3520) __atan2_finite
0 8

fn=(3482) tan
0 8

fn=(6248)
0 3215
cfn=(6252) 0x000000000007dcf0
calls=643 0 
0 67515
0 643
0 9002

fn=(8020) 0x0000000000011360
0 9
cob=(4)
cfi=(4)
cfn=(8026) 0x00000000048a0280
calls=1 0 
0 72
0 1
cfn=(8030) 0x00000000000112f0
calls=1 0 
0 5
0 3

fn=(3500) atan
0 8

fn=(3512) expm1
0 8

fn=(3492) log2f
0 8

fn=(3474) __exp_finite
0 8

fn=(3504) sinf
0 8

fn=(6252)
0 67515

fn=(3514) exp2f
0 8

fn=(4080) 0x00000000000113a0
0 12

fn=(3494) 0x000000000005b3b0
0 8

fn=(3506) fma
0 5

fn=(3522) sin
0 8

fn=(3526) sincos
0 7

fn=(3484) log2
0 8

fn=(3516) __sinh_finite
0 8

fn=(3476) expf
0 8

fn=(3510) __asin_finite
0 7

fn=(3486) sincosf
0 8

fn=(3490) __pow_finite
0 7

fn=(3498) __log_finite
0 8

fn=(8030)
0 5

fn=(3502) __acos_finite
0 7

fn=(3508) roundeven
0 6

fn=(3518) __atanh_finite
0 8

fn=(3480) logf
0 8

fn=(3478) cos
0 8

fn=(3524) fmaf
0 5

fn=(3488) powf
0 8

ob=(1)
fl=(1)
fn=(746) 0x000000000000bc70
0 528

fn=(1032) 0x000000000001af30
0 66
cfn=(1034) 0x000000000001ade0
calls=11 0 
0 469
0 6
cfn=(1034)
calls=3 0 
0 180
0 106
cfn=(1072) 0x000000000001ae80
calls=6 0 
0 24
0 34

fn=(2188) 0x00000000000147c0
0 2490

fn=(3074)
0 35965
cfn=(3094) 0x000000000000a220
calls=268 0 
0 123554
0 12711

fn=(3400) 0x000000000000e710
0 21
cfn=(3406) 0x0000000000023090
calls=1 0 
0 5
0 2

fn=(3952) 0x0000000000018570
0 24

fn=(3958) 0x0000000000015260
0 7
cfn=(3962) 0x00000000000230b0
calls=1 0 
0 5
0 4

fn=(5440)
0 348

fn=(5566)
0 16
cfn=(2910) 0x0000000000011f40
calls=4 0 
0 1180
0 16
cfn=(3686) _dl_allocate_tls_init
calls=4 0 
0 1828

fn=(1002) 0x000000000001ad20
0 48

fn=(1238) 0x0000000000007090
0 18
cfn=(1240) 0x0000000000006e50
calls=2 0 
0 145
0 64
cfn=(650) 0x0000000000025d60
calls=2 0 
0 76
0 6
cfn=(746)
calls=2 0 
0 48
0 18

fn=(1300) 0x000000000000bde0
0 4

fn=(2628) 0x000000000001db20
0 6
cfn=(2630) 0x0000000000014740
calls=1 0 
0 19516
0 4

fn=(2638) 0x0000000000013e00
0 505
cfn=(1474) 0x000000000000bf50
calls=46 0 
0 4605
0 7586
cfn=(888) 0x0000000000024740
calls=41 0 
0 1745
0 290
cfn=(888)
calls=1 0 
0 57
0 841
cfn=(742) 0x000000000000bda0
calls=5 0 
0 220
0 3555
cfn=(2818) 0x0000000000025f00
calls=1 0 
0 31
0 2

fn=(2860) 0x0000000000012270
0 10
cfn=(218)
calls=1 0 
0 21
0 5
cfn=(218)
calls=1 0 
0 21
0 21

fn=(2910)
0 45
cob=(2)
cfi=(2)
cfn=(4990)
calls=4 0 
0 1104
cfn=(742)
calls=1 0 
0 34
0 50

fn=(370) 0x0000000000015f00
0 5366

fn=(1136) 0x000000000001a900
0 46
cfn=(1148) 0x0000000000023bb0
calls=2 0 
0 24
0 22
cfn=(1032)
calls=2 0 
0 135
0 4
cfn=(1032)
calls=2 0 
0 167
0 20

fn=(1212) 0x000000000001b390
0 246

fn=(1474)
0 560
cfn=(888)
calls=80 0 
0 2585
0 1079
cfn=(888)
calls=94 0 
0 3472
0 588

fn=(1872) 0x0000000000022d70
0 25

fn=(3842) 0x000000000001b220
0 85
cfn=(3848) 0x000000000001b140
calls=1 0 
0 662
0 5
cfn=(3848)
calls=1 0 
0 603
0 5
cfn=(3848)
calls=1 0 
0 647
0 5
cfn=(3848)
calls=1 0 
0 623
0 11

fn=(3962)
0 5

fn=(1456) _dl_catch_exception
0 161
cfn=(1458) 0x00000000000232a0
calls=1 0 
0 19
0 30
cfn=(1458)
calls=10 0 
0 190
0 55
cob=(2)
cfi=(2)
cfn=(5504)
calls=1 0 
0 844
cfn=(2008) 0x0000000000003640
calls=9 0 
0 17372
cfn=(1460) 0x000000000001d3c0
calls=1 0 
0 2634
0 183

fn=(2542) 0x0000000000011940
0 244
cfn=(2556) 0x0000000000011840
calls=12 0 
0 486
0 78
cfn=(760) 0x0000000000023bc0
calls=2 0 
0 36
0 2

fn=(2818)
0 31

fn=(2854) 0x000000000001dd60
0 13
cfn=(742)
calls=1 0 
0 34
0 5
cfn=(2860)
calls=1 0 
0 78
0 1
cfn=(2870) 0x0000000000012470
calls=1 0 
0 224
0 1
cfn=(2900) 0x0000000000012670
calls=1 0 
0 411
0 14
cfn=(2928) 0x0000000000013070
calls=1 0 
0 96
0 6

fn=(124) 0x0000000000011770
0 162

fn=(218)
0 815

fn=(270) 0x0000000000016260
0 212

fn=(578) 0x0000000000013760
0 264

fn=(650)
0 702

fn=(800) 0x0000000000013000
0 14

fn=(2140) 0x000000000000bec0
0 11
cfn=(1538) 0x0000000000022e60
calls=1 0 
0 16
0 13
cfn=(1592) 0x0000000000022c50
calls=1 0 
0 5
0 8
cfn=(1872)
calls=1 0 
0 5
0 7
cfn=(1624) 0x0000000000022ff0
calls=1 0 
0 22
0 2

fn=(3406)
0 30

fn=(3686)
0 75
cob=(2)
cfi=(2)
cfn=(5436)
calls=4 0 
0 156
cfn=(800)
calls=1 0 
0 2
0 680
cfn=(1148)
calls=15 0 
0 460
0 75
cfn=(1170) 0x0000000000023da0
calls=15 0 
0 390
0 163
cob=(2)
cfi=(2)
cfn=(5442)
calls=4 0 
0 156
cfn=(800)
calls=1 0 
0 2
0 55

fn=(3790) 0x000000000001b3f0
0 11
cfn=(3792) 0x000000000000bad0
calls=1 0 
0 204
0 17
cfn=(3792)
calls=1 0 
0 183
0 13

fn=(3984) 0x0000000000005d00
0 191
cob=(4)
cfi=(4)
cfn=(4086) 0x0000000004866000
calls=1 0 
0 6
cob=(4)
cfi=(4)
cfn=(4076) 0x00000000048a0000
calls=1 0 
0 6
cob=(4)
cfi=(4)
cfn=(3998) 0x000000000483b000
calls=1 0 
0 6
0 74
cob=(6)
cfi=(6)
cfn=(4092)
calls=1 0 
0 12
cob=(2)
cfi=(2)
cfn=(4068)
calls=1 0 
0 22
cob=(2)
cfi=(2)
cfn=(4060)
calls=1 0 
0 11
0 16
cob=(6)
cfi=(6)
cfn=(4090)
calls=1 0 
0 361
cob=(3)
cfi=(3)
cfn=(4080)
calls=1 0 
0 12
cob=(2)
cfi=(2)
cfn=(4032)
calls=1 0 
0 71
cob=(5)
cfi=(5)
cfn=(4010)
calls=1 0 
0 12
0 65

fn=(658) 0x0000000000022710
0 14

fn=(998) 0x00000000000076e0
0 15
cfn=(1000) 0x000000000001a9a0
calls=1 0 
0 1341
0 3
cfn=(746)
calls=1 0 
0 24
0 13
cfn=(746)
calls=1 0 
0 24
0 42
cfn=(1170)
calls=4 0 
0 52
0 91
cfn=(650)
calls=1 0 
0 16
0 8
cfn=(760)
calls=1 0 
0 10
0 108
cfn=(746)
calls=1 0 
0 24
0 10
cfn=(1210) 0x0000000000007190
calls=1 0 
0 570
0 18

fn=(1148)
0 724

fn=(1170)
0 821

fn=(1458)
0 209

fn=(1960) 0x0000000000022c30
0 8

fn=(2870)
0 127
cfn=(218)
calls=1 0 
0 22
0 17
cfn=(218)
calls=1 0 
0 22
0 36

fn=(7880)
0 22
cob=(2)
cfi=(2)
cfn=(5436)
calls=1 0 
0 39
0 34
cfn=(3952)
calls=1 0 
0 8
0 101
cfn=(2542)
calls=1 0 
0 452
0 2
cob=(2)
cfi=(2)
cfn=(5442)
calls=1 0 
0 39
0 79
cfn=(7918) 0x0000000000001f70
calls=6 0 
0 586
0 12
cfn=(7962) 0x0000000000018730
calls=6 0 
0 24
0 29
cfn=(3952)
calls=1 0 
0 8
0 2

fn=(158) 0x0000000000013780
0 23135

fn=(224) 0x0000000000021f30
0 7

fn=(4150)
0 4

fn=(0) 0x000000000001d2c0
0 2
cfn=(2) 0x000000000001de30
calls=1 0 
0 482575
0 10
cfn=(3980) 0x0000000000005e20
calls=1 0 
0 955
0 3
cob=(7)
cfi=(7)
cfn=(4104)
calls=1 0 
0 7428948

fn=(1000)
0 16
cfn=(1002)
calls=1 0 
0 48
0 10
cfn=(1032)
calls=1 0 
0 21
0 23
cfn=(1032)
calls=2 0 
0 135
0 2
cfn=(1032)
calls=1 0 
0 146
0 12
cfn=(746)
calls=1 0 
0 24
0 13
cfn=(1034)
calls=1 0 
0 11
0 33
cfn=(1032)
calls=2 0 
0 135
0 2
cfn=(1032)
calls=1 0 
0 146
0 38
cfn=(1112) 0x00000000000238e0
calls=1 0 
0 18
0 32
cfn=(746)
calls=1 0 
0 24
0 14
cfn=(1136)
calls=1 0 
0 45
0 5
cfn=(1136)
calls=1 0 
0 373
0 15

fn=(3704) 0x0000000000005310
0 7
cfn=(3720) 0x0000000000004dd0
calls=1 0 
0 128
0 4
cfn=(746)
calls=1 0 
0 24
0 8
cfn=(3720)
calls=1 0 
0 453
0 9
cfn=(3708) 0x0000000000004c80
calls=1 0 
0 64
0 3
cfn=(3758) 0x0000000000005250
calls=1 0 
0 192
0 7

fn=(3758)
0 192

fn=(3784) 0x0000000000017e50
0 5

fn=(1054) 0x0000000000024520
0 713

fn=(1318) 0x0000000000003510
0 20

fn=(1408) 0x0000000000025b80
0 407

fn=(2462) 0x0000000000022f40
0 76

fn=(2)
0 666
cfn=(120) 0x000000000001af80
calls=1 0 
0 9
0 8
cfn=(124)
calls=1 0 
0 27
0 8
cfn=(134) 0x000000000001cc10
calls=1 0 
0 481834
0 23

fn=(136) 0x000000000001be40
0 531

fn=(216) 0x0000000000011910
0 5
cfn=(218)
calls=1 0 
0 22
0 6

fn=(232) 0x0000000000017e70
0 27
cfn=(244) 0x0000000000015890
calls=1 0 
0 71
0 28
cfn=(270)
calls=1 0 
0 212
0 101
cfn=(218)
calls=1 0 
0 21
0 7
cfn=(218)
calls=1 0 
0 21
0 10
cfn=(218)
calls=1 0 
0 21
0 12
cfn=(218)
calls=1 0 
0 21
0 13
cfn=(218)
calls=1 0 
0 21
0 12
cfn=(218)
calls=1 0 
0 21
0 14
cfn=(578)
calls=1 0 
0 44
0 11
cfn=(578)
calls=1 0 
0 44
0 9
cfn=(578)
calls=1 0 
0 44
0 10
cfn=(578)
calls=1 0 
0 44
0 11
cfn=(578)
calls=1 0 
0 44
0 10
cfn=(578)
calls=1 0 
0 44
0 15
cfn=(218)
calls=1 0 
0 20
0 4
cfn=(218)
calls=1 0 
0 22
0 10
cfn=(218)
calls=1 0 
0 22
0 55
cfn=(364) 0x0000000000016170
calls=1 0 
0 459
0 3
cfn=(364)
calls=1 0 
0 526
0 5
cfn=(364)
calls=1 0 
0 476
0 3
cfn=(364)
calls=1 0 
0 468
0 4
cfn=(364)
calls=1 0 
0 450
0 3
cfn=(364)
calls=1 0 
0 451
0 3
cfn=(364)
calls=1 0 
0 501
0 3
cfn=(364)
calls=1 0 
0 492
0 3
cfn=(364)
calls=1 0 
0 493
0 3
cfn=(364)
calls=1 0 
0 517
0 3
cfn=(364)
calls=1 0 
0 518
0 3
cfn=(364)
calls=1 0 
0 519
0 7
cfn=(472) 0x0000000000015a30
calls=1 0 
0 228
0 39

fn=(244)
0 71

fn=(1388) _dl_debug_state
0 2

fn=(1454)
0 22
cfn=(1456)
calls=2 0 
0 3594
0 22

fn=(1460)
0 11
cfn=(1462) 0x00000000000093a0
calls=1 0 
0 2620
0 3

fn=(1534) 0x00000000000062f0
0 171
cfn=(1538)
calls=9 0 
0 159
0 71
cfn=(1552) 0x0000000000022f00
calls=4 0 
0 20
0 249
cfn=(2412) 0x0000000000022ed0
calls=1 0 
0 6
0 18

fn=(1916) 0x00000000000034a0
0 30

fn=(1980) 0x0000000000003680
0 159
cfn=(746)
calls=4 0 
0 96
0 36
cfn=(760)
calls=4 0 
0 40
0 20
cfn=(760)
calls=4 0 
0 40
0 173
cfn=(1456)
calls=9 0 
0 17894
0 905
cfn=(1240)
calls=9 0 
0 456
0 412
cfn=(746)
calls=1 0 
0 24
0 110
cfn=(2542)
calls=1 0 
0 394
0 116
cfn=(2462)
calls=4 0 
0 76
0 20
cfn=(760)
calls=1 0 
0 18
0 3

fn=(3890) 0x0000000000001f00
0 12
cfn=(3792)
calls=1 0 
0 222
0 11
cob=(2)
cfi=(2)
cfn=(3900)
calls=1 0 
0 333

fn=(3944) 0x000000000001ccd0
0 1

fn=(3980)
0 32
cfn=(3984)
calls=1 0 
0 36
0 35
cfn=(3984)
calls=5 0 
0 751
0 21
cfn=(3984)
calls=1 0 
0 78
0 2

fn=(672) 0x0000000000013010
0 16

fn=(742)
0 307
cfn=(1624)
calls=2 0 
0 44
0 14
cfn=(1640) 0x00000000000230d0
calls=2 0 
0 49
0 141

fn=(1210)
0 20
cfn=(1212)
calls=1 0 
0 239
0 3
cfn=(1212)
calls=1 0 
0 7
0 11
cfn=(1238)
calls=1 0 
0 125
0 5
cfn=(650)
calls=1 0 
0 16
0 33
cfn=(1300)
calls=1 0 
0 4
0 9
cfn=(746)
calls=1 0 
0 24
0 10
cfn=(1148)
calls=1 0 
0 12
0 52

fn=(2318) 0x0000000000012300
0 18

fn=(2368) 0x0000000000007ab0
0 108

fn=(7962)
0 24

fn=(670) 0x000000000001e600
0 21
cfn=(672)
calls=1 0 
0 16
0 14
cfn=(678) 0x000000000001a800
calls=1 0 
0 86
0 4
cfn=(678)
calls=2 0 
0 385
0 175
cfn=(730) 0x000000000000c2a0
calls=1 0 
0 286
0 12
cfn=(798) 0x000000000000c200
calls=1 0 
0 34
0 408
cfn=(876) 0x0000000000004c10
calls=1 0 
0 34
0 13
cfn=(888)
calls=1 0 
0 42
0 338
cfn=(124)
calls=1 0 
0 27
0 10
cfn=(998)
calls=1 0 
0 2369
0 3
cfn=(1318)
calls=1 0 
0 20
0 148
cfn=(1374) 0x00000000000123f0
calls=1 0 
0 5
0 8
cfn=(1382) 0x00000000000034e0
calls=1 0 
0 9
0 3
cfn=(1392) 0x00000000000184e0
calls=1 0 
0 20
0 12
cfn=(1960)
calls=1 0 
0 8
0 21
cfn=(1980)
calls=1 0 
0 20992
0 119
cfn=(2624) 0x0000000000002290
calls=1 0 
0 19546
0 135
cfn=(2976) 0x00000000000110a0
calls=1 0 
0 76829
0 113
cfn=(2976)
calls=6 0 
0 318124
0 30
cfn=(3434) 0x0000000000012d50
calls=3 0 
0 90
0 12
cfn=(3668) 0x0000000000012d00
calls=1 0 
0 42
0 10
cfn=(3686)
calls=1 0 
0 386
0 6
cfn=(3704)
calls=1 0 
0 899
0 11
cfn=(2980) 0x000000000000e870
calls=1 0 
0 275
0 6
cfn=(3790)
calls=1 0 
0 428
0 2
cfn=(3842)
calls=1 0 
0 2646
0 2
cfn=(3874) 0x0000000000003420
calls=1 0 
0 628
0 2
cfn=(3400)
calls=1 0 
0 28
0 3
cfn=(3890)
calls=1 0 
0 578
0 1
cfn=(3944)
calls=1 0 
0 1
0 2
cfn=(1916)
calls=1 0 
0 6
0 3
cfn=(1382)
calls=1 0 
0 9
0 3
cfn=(3952)
calls=1 0 
0 8
0 1
cfn=(3958)
calls=1 0 
0 16
0 106
cfn=(2854)
calls=1 0 
0 883
0 41
cfn=(1402) 0x000000000001e500
calls=1 0 
0 3228
0 7

fn=(730)
0 87
cfn=(650)
calls=4 0 
0 108
0 36
cfn=(742)
calls=4 0 
0 227
0 3
cfn=(742)
calls=1 0 
0 40
0 70
cfn=(760)
calls=5 0 
0 69
0 362
cfn=(650)
calls=4 0 
0 170
0 40
cfn=(1148)
calls=4 0 
0 72
0 388
cfn=(746)
calls=4 0 
0 96
0 35

fn=(760)
0 277

fn=(1374)
0 5

fn=(1592)
0 25

fn=(2052) 0x0000000000006660
0 126
cfn=(1148)
calls=3 0 
0 36
0 71
cfn=(1148)
calls=5 0 
0 60
0 20
cfn=(1148)
calls=5 0 
0 60
0 60
cfn=(1534)
calls=5 0 
0 260
0 191
cfn=(2086) 0x0000000000022d50
calls=3 0 
0 40
0 27

fn=(2556)
0 486

fn=(2624)
0 12
cfn=(2628)
calls=1 0 
0 19526
0 8

fn=(2630)
0 48
cfn=(2638)
calls=6 0 
0 19437
0 31

fn=(3708)
0 364

fn=(3720)
0 261
cfn=(3708)
calls=5 0 
0 300
0 20

fn=(798)
0 40
cfn=(800)
calls=5 0 
0 10
0 180

fn=(876)
0 5
cfn=(218)
calls=1 0 
0 22
0 7

fn=(888)
0 26750

fn=(1072)
0 24

fn=(1462)
0 684
cfn=(1474)
calls=34 0 
0 3679
0 351
cfn=(888)
calls=13 0 
0 547
0 172
cfn=(1054)
calls=4 0 
0 92
0 13
cfn=(1238)
calls=1 0 
0 250
0 13
cfn=(1534)
calls=1 0 
0 103
0 20
cfn=(1588) 0x0000000000007cb0
calls=1 0 
0 1857
0 48
cfn=(1588)
calls=3 0 
0 6200
0 18
cfn=(650)
calls=3 0 
0 48
0 66
cfn=(2052)
calls=3 0 
0 951
0 30
cfn=(2024) 0x0000000000007670
calls=3 0 
0 24
0 27
cfn=(2134) 0x0000000000014f40
calls=3 0 
0 4021
0 48
cfn=(1534)
calls=3 0 
0 331
0 45
cfn=(2024)
calls=3 0 
0 24
0 102
cfn=(2024)
calls=3 0 
0 24
0 51

fn=(7918)
0 104
cob=(3)
cfi=(3)
cfn=(8020)
calls=1 0 
0 90
cob=(6)
cfi=(6)
cfn=(7988)
calls=1 0 
0 39
cob=(5)
cfi=(5)
cfn=(7970)
calls=1 0 
0 90
cob=(7)
cfi=(7)
cfn=(7926)
calls=1 0 
0 90
0 1
cob=(6)
cfi=(6)
cfn=(8002)
calls=1 0 
0 90
0 62
cob=(4)
cfi=(4)
cfn=(8036) 0x000000000491cdc8
calls=1 0 
0 3
cob=(4)
cfi=(4)
cfn=(8018) 0x0000000004888f98
calls=1 0 
0 3
cob=(4)
cfi=(4)
cfn=(7986) 0x000000000483b284
calls=1 0 
0 3
cob=(4)
cfi=(4)
cfn=(7958) 0x0000000000e0b68c
calls=1 0 
0 3
0 8

fn=(120)
0 9

fn=(1112)
0 18

fn=(1250) 0x0000000000025d00
0 53
cfn=(650)
calls=3 0 
0 102
0 9
cfn=(746)
calls=3 0 
0 72
0 27

fn=(1624)
0 383

fn=(2024)
0 72

fn=(2412)
0 12

fn=(3792)
0 127
cfn=(3804) 0x000000000000ba00
calls=3 0 
0 440
0 42

fn=(3874)
0 11
cfn=(3074)
calls=1 0 
0 601
0 16

fn=(1034)
0 273
cfn=(1054)
calls=9 0 
0 207
0 126
cfn=(650)
calls=3 0 
0 48
0 6

fn=(1588)
0 124
cfn=(730)
calls=4 0 
0 1517
0 1771
cfn=(1624)
calls=4 0 
0 96
0 248
cfn=(1170)
calls=4 0 
0 367
0 276
cfn=(1624)
calls=12 0 
0 204
0 173
cfn=(1592)
calls=4 0 
0 20
0 212
cfn=(2412)
calls=1 0 
0 6
0 1713
cfn=(2368)
calls=2 0 
0 108
0 315
cfn=(1624)
calls=1 0 
0 17
0 13
cfn=(1872)
calls=4 0 
0 20
0 48
cfn=(124)
calls=4 0 
0 108
0 101
cfn=(2318)
calls=2 0 
0 18
0 12
cfn=(798)
calls=4 0 
0 196
0 24
cfn=(1914) 0x0000000000006240
calls=4 0 
0 164
0 46
cfn=(888)
calls=3 0 
0 97
0 43

fn=(2008)
0 126
cfn=(1462)
calls=9 0 
0 17219
0 27

fn=(2976)
0 105
cfn=(3406)
calls=5 0 
0 25
0 41
cfn=(2980)
calls=5 0 
0 394767
0 15

fn=(134)
0 6
cfn=(136)
calls=1 0 
0 531
0 2
cfn=(158)
calls=1 0 
0 23135
0 1
cfn=(216)
calls=1 0 
0 33
0 2
cfn=(224)
calls=1 0 
0 7
0 1
cfn=(232)
calls=1 0 
0 7276
0 4
cfn=(650)
calls=1 0 
0 16
0 3
cfn=(658)
calls=1 0 
0 14
0 11
cfn=(670)
calls=1 0 
0 450788
0 4

fn=(364)
0 396
cfn=(370)
calls=12 0 
0 4044
0 84
cfn=(370)
calls=12 0 
0 1322
0 24

fn=(678)
0 471

fn=(3094)
0 87197
cfn=(3128) 0x000000000000a0a0
calls=261 0 
0 33443
0 2914

fn=(3668)
0 42

fn=(3804)
0 84
cfn=(888)
calls=3 0 
0 191
0 39
cfn=(888)
calls=3 0 
0 96
0 30

fn=(1392)
0 20

fn=(1640)
0 18
cfn=(218)
calls=1 0 
0 22
0 9

fn=(1914)
0 40
cfn=(1916)
calls=4 0 
0 24
0 100

fn=(2086)
0 40

fn=(2134)
0 60
cfn=(2180) 0x00000000000148b0
calls=3 0 
0 3373
0 21
cfn=(650)
calls=3 0 
0 102
0 24
cfn=(760)
calls=3 0 
0 38
0 6
cfn=(1250)
calls=3 0 
0 263
0 14
cfn=(2140)
calls=1 0 
0 89
0 31

fn=(2928)
0 32
cfn=(218)
calls=1 0 
0 22
0 21
cfn=(1170)
calls=1 0 
0 12
0 9

fn=(2980)
0 206775
cfn=(3074)
calls=10 0 
0 5417
0 1722
cfn=(3074)
calls=246 0 
0 159691
0 12304
cfn=(3784)
calls=1 0 
0 5
cob=(3)
cfi=(3)
cfn=(3526)
calls=1 0 
0 7
cob=(3)
cfi=(3)
cfn=(3524)
calls=1 0 
0 5
cob=(3)
cfi=(3)
cfn=(3522)
calls=1 0 
0 8
cob=(3)
cfi=(3)
cfn=(3520)
calls=1 0 
0 8
cob=(3)
cfi=(3)
cfn=(3518)
calls=1 0 
0 8
cob=(3)
cfi=(3)
cfn=(3516)
calls=1 0 
0 8
cob=(3)
cfi=(3)
cfn=(3514)
calls=1 0 
0 8
cob=(3)
cfi=(3)
cfn=(3512)
calls=1 0 
0 8
cob=(3)
cfi=(3)
cfn=(3510)
calls=1 0 
0 7
cob=(3)
cfi=(3)
cfn=(3508)
calls=1 0 
0 6
cob=(3)
cfi=(3)
cfn=(3506)
calls=1 0 
0 5
cob=(3)
cfi=(3)
cfn=(3504)
calls=1 0 
0 8
cob=(3)
cfi=(3)
cfn=(3502)
calls=1 0 
0 7
cob=(3)
cfi=(3)
cfn=(3500)
calls=1 0 
0 8
cob=(3)
cfi=(3)
cfn=(3498)
calls=1 0 
0 8
cob=(3)
cfi=(3)
cfn=(3494)
calls=1 0 
0 8
cob=(3)
cfi=(3)
cfn=(3492)
calls=1 0 
0 8
cob=(3)
cfi=(3)
cfn=(3490)
calls=1 0 
0 7
cob=(3)
cfi=(3)
cfn=(3488)
calls=1 0 
0 8
cob=(3)
cfi=(3)
cfn=(3486)
calls=1 0 
0 8
cob=(3)
cfi=(3)
cfn=(3484)
calls=1 0 
0 8
cob=(3)
cfi=(3)
cfn=(3482)
calls=1 0 
0 8
cob=(3)
cfi=(3)
cfn=(3480)
calls=1 0 
0 8
cob=(3)
cfi=(3)
cfn=(3478)
calls=1 0 
0 8
cob=(3)
cfi=(3)
cfn=(3476)
calls=1 0 
0 8
cob=(3)
cfi=(3)
cfn=(3474)
calls=1 0 
0 8
cob=(3)
cfi=(3)
cfn=(3472)
calls=1 0 
0 8
cob=(2)
cfi=(2)
cfn=(3376)
calls=1 0 
0 20
cob=(2)
cfi=(2)
cfn=(3374)
calls=1 0 
0 21
cob=(2)
cfi=(2)
cfn=(3372)
calls=1 0 
0 17
cob=(2)
cfi=(2)
cfn=(3370)
calls=1 0 
0 6
cob=(2)
cfi=(2)
cfn=(3368)
calls=1 0 
0 22
cob=(2)
cfi=(2)
cfn=(3366)
calls=1 0 
0 21
cob=(2)
cfi=(2)
cfn=(3364)
calls=1 0 
0 16
cob=(2)
cfi=(2)
cfn=(3362)
calls=1 0 
0 21
cob=(2)
cfi=(2)
cfn=(3360)
calls=1 0 
0 23
cob=(2)
cfi=(2)
cfn=(3358)
calls=1 0 
0 18
cob=(2)
cfi=(2)
cfn=(3356)
calls=1 0 
0 24
cob=(2)
cfi=(2)
cfn=(3354)
calls=1 0 
0 17
cob=(2)
cfi=(2)
cfn=(3352)
calls=1 0 
0 20
cob=(2)
cfi=(2)
cfn=(3350)
calls=1 0 
0 16
cob=(2)
cfi=(2)
cfn=(3348)
calls=2 0 
0 36
cob=(2)
cfi=(2)
cfn=(3346)
calls=1 0 
0 23
cob=(2)
cfi=(2)
cfn=(3344)
calls=1 0 
0 24
cob=(2)
cfi=(2)
cfn=(3342)
calls=1 0 
0 20
cob=(2)
cfi=(2)
cfn=(3340)
calls=1 0 
0 16
cob=(2)
cfi=(2)
cfn=(3338)
calls=1 0 
0 15
cob=(2)
cfi=(2)
cfn=(3336)
calls=1 0 
0 6
cob=(2)
cfi=(2)
cfn=(3334)
calls=1 0 
0 20
cob=(2)
cfi=(2)
cfn=(3332)
calls=1 0 
0 20
cob=(2)
cfi=(2)
cfn=(3330)
calls=2 0 
0 44
cob=(2)
cfi=(2)
cfn=(3328)
calls=1 0 
0 18
cob=(2)
cfi=(2)
cfn=(3326)
calls=1 0 
0 24
cob=(2)
cfi=(2)
cfn=(3324)
calls=1 0 
0 24
cob=(2)
cfi=(2)
cfn=(3322)
calls=1 0 
0 22
cob=(2)
cfi=(2)
cfn=(3320)
calls=1 0 
0 18
cob=(2)
cfi=(2)
cfn=(3318)
calls=2 0 
0 48
cob=(2)
cfi=(2)
cfn=(3316)
calls=1 0 
0 21
cob=(2)
cfi=(2)
cfn=(3314)
calls=1 0 
0 17
cob=(2)
cfi=(2)
cfn=(3312)
calls=1 0 
0 24
cob=(2)
cfi=(2)
cfn=(3310)
calls=1 0 
0 21
cob=(2)
cfi=(2)
cfn=(3308)
calls=1 0 
0 21
cob=(2)
cfi=(2)
cfn=(3306)
calls=1 0 
0 18
cob=(2)
cfi=(2)
cfn=(3304)
calls=1 0 
0 22
cob=(2)
cfi=(2)
cfn=(3302)
calls=1 0 
0 18
cob=(2)
cfi=(2)
cfn=(3300)
calls=1 0 
0 18
cob=(2)
cfi=(2)
cfn=(3298)
calls=1 0 
0 6
cob=(2)
cfi=(2)
cfn=(3296)
calls=2 0 
0 48
cob=(2)
cfi=(2)
cfn=(3284)
calls=1 0 
0 29
0 1401
cob=(2)
cfi=(2)
cfn=(3358)
calls=1 0 
0 18
cob=(2)
cfi=(2)
cfn=(3304)
calls=2 0 
0 44
cob=(2)
cfi=(2)
cfn=(3346)
calls=3 0 
0 69
cob=(2)
cfi=(2)
cfn=(3366)
calls=2 0 
0 42
cob=(2)
cfi=(2)
cfn=(3356)
calls=2 0 
0 48
cob=(2)
cfi=(2)
cfn=(3316)
calls=2 0 
0 42
0 2711
cfn=(3074)
calls=6 0 
0 3418
0 228

fn=(472)
0 228

fn=(1240)
0 88
cfn=(1054)
calls=11 0 
0 414
0 99

fn=(1402)
0 28
cfn=(1452) 0x000000000001d8d0
calls=1 0 
0 2742
0 6
cfn=(1408)
calls=1 0 
0 407
0 8
cfn=(760)
calls=1 0 
0 26
0 11

fn=(1552)
0 20

fn=(3128)
0 7827
cfn=(888)
calls=195 0 
0 9886
0 5007
cfn=(888)
calls=250 0 
0 8032
0 2691

fn=(3434)
0 90

fn=(3848)
0 60
cfn=(3074)
calls=4 0 
0 2371
0 104

fn=(1382)
0 10
cfn=(1388)
calls=2 0 
0 2
0 6

fn=(1452)
0 17
cfn=(1454)
calls=1 0 
0 2714
0 11

fn=(1538)
0 175

fn=(2180)
0 556
cfn=(2188)
calls=32 0 
0 2252
0 183
cfn=(2188)
calls=3 0 
0 238
0 144

fn=(2900)
0 9
cfn=(746)
calls=1 0 
0 24
0 318
cfn=(2910)
calls=1 0 
0 53
0 7

ob=(4)
fl=(4)
fn=(4076)
0 6

fn=(4914)
0 37
cob=(2)
cfi=(2)
cfn=(4916)
calls=37 0 
0 2431

fn=(3998)
0 6

fn=(8018)
0 3

fn=(4086)
0 6

fn=(7986)
0 3

fn=(8008)
0 1
cob=(2)
cfi=(2)
cfn=(7934)
calls=1 0 
0 71

fn=(4136)
0 6

fn=(4204)
0 3
cob=(2)
cfi=(2)
cfn=(4206)
calls=3 0 
0 2143

fn=(7976)
0 1
cob=(2)
cfi=(2)
cfn=(7934)
calls=1 0 
0 71

fn=(8036)
0 3

fn=(7958)
0 3

fn=(8026)
0 1
cob=(2)
cfi=(2)
cfn=(7934)
calls=1 0 
0 71

totals: 26735644
