# callgrind format
version: 1
creator: callgrind-3.24.0
pid: 148691
cmd:  /workspace/scratch/work/sv09/work/bin/devloop-before run-cell rpc.prost.server_stream --iters 200 --prepare-iters 400
part: 1


desc: I1 cache: 
desc: D1 cache: 
desc: LL cache: 

desc: Timerange: Basic block 0 - 9467042
desc: Trigger: Program termination

positions: line
events: Ir
summary: 32843697


ob=(6) /usr/lib/x86_64-linux-gnu/libgcc_s.so.1
fl=(6) ???
fn=(4096) 0x0000000000005730
0 12

fn=(8122) 0x0000000000004510
0 30

fn=(8134) 0x00000000000056f0
0 9
cob=(4) ???
cfi=(4) ???
cfn=(8140) 0x00000000048663b0
calls=1 0 
0 72
0 1
cfn=(8144) 0x0000000000005680
calls=1 0 
0 5
0 3

fn=(8120) 0x0000000000004560
0 4
cfn=(8122)
calls=1 0 
0 15
0 2
cfn=(8122)
calls=1 0 
0 15
0 3

fn=(4094) __cpu_indicator_init
0 307

ob=(4)
fl=(4)
fn=(3998) 0x000000000483b000
0 6

fn=(8108) 0x000000000483b030
0 1
cob=(2) /usr/lib/x86_64-linux-gnu/libc.so.6
cfi=(2) ???
cfn=(8066) __cxa_finalize
calls=1 0 
0 71

fn=(8168) 0x000000000491cdc8
0 3

fn=(4080) 0x00000000048a0000
0 6

fn=(8090) 0x0000000000e0b68c
0 3

fn=(8158) 0x00000000048a0280
0 1
cob=(2)
cfi=(2)
cfn=(8066)
calls=1 0 
0 71

fn=(4140) 0x0000000000e0b674
0 6

ob=(6)
fl=(6)
fn=(4094)
0 54

fn=(8144)
0 4

ob=(4)
fl=(4)
fn=(4208) 0x00000000049a73d8
0 3
cob=(2)
cfi=(2)
cfn=(4210) malloc
calls=3 0 
0 2143

fn=(4090) 0x0000000004866000
0 6

fn=(8150) 0x0000000004888f98
0 3

fn=(4918) 0x00000000049a73d0
0 37
cob=(2)
cfi=(2)
cfn=(4920) free
calls=37 0 
0 2535

fn=(8118) 0x000000000483b284
0 3

ob=(6)
fl=(6)
fn=(8144)
0 1

ob=(4)
fl=(4)
fn=(8140)
0 1
cob=(2)
cfi=(2)
cfn=(8066)
calls=1 0 
0 71

ob=(1) /usr/lib/x86_64-linux-gnu/ld-linux-x86-64.so.2
fl=(1) ???
fn=(2) 0x000000000001de30
0 666
cfn=(120) 0x000000000001af80
calls=1 0 
0 9
0 8
cfn=(124) 0x0000000000011770
calls=1 0 
0 27
0 8
cfn=(134) 0x000000000001cc10
calls=1 0 
0 481834
0 23

fn=(136) 0x000000000001be40
0 531

fn=(216) 0x0000000000011910
0 5
cfn=(218) __tunable_get_val
calls=1 0 
0 22
0 6

fn=(232) 0x0000000000017e70
0 27
cfn=(244) 0x0000000000015890
calls=1 0 
0 71
0 28
cfn=(270) 0x0000000000016260
calls=1 0 
0 212
0 101
cfn=(218)
calls=1 0 
0 21
0 7
cfn=(218)
calls=1 0 
0 21
0 10
cfn=(218)
calls=1 0 
0 21
0 12
cfn=(218)
calls=1 0 
0 21
0 13
cfn=(218)
calls=1 0 
0 21
0 12
cfn=(218)
calls=1 0 
0 21
0 14
cfn=(578) 0x0000000000013760
calls=1 0 
0 44
0 11
cfn=(578)
calls=1 0 
0 44
0 9
cfn=(578)
calls=1 0 
0 44
0 10
cfn=(578)
calls=1 0 
0 44
0 11
cfn=(578)
calls=1 0 
0 44
0 10
cfn=(578)
calls=1 0 
0 44
0 15
cfn=(218)
calls=1 0 
0 20
0 4
cfn=(218)
calls=1 0 
0 22
0 10
cfn=(218)
calls=1 0 
0 22
0 55
cfn=(364) 0x0000000000016170
calls=1 0 
0 459
0 3
cfn=(364)
calls=1 0 
0 526
0 5
cfn=(364)
calls=1 0 
0 476
0 3
cfn=(364)
calls=1 0 
0 468
0 4
cfn=(364)
calls=1 0 
0 450
0 3
cfn=(364)
calls=1 0 
0 451
0 3
cfn=(364)
calls=1 0 
0 501
0 3
cfn=(364)
calls=1 0 
0 492
0 3
cfn=(364)
calls=1 0 
0 493
0 3
cfn=(364)
calls=1 0 
0 517
0 3
cfn=(364)
calls=1 0 
0 518
0 3
cfn=(364)
calls=1 0 
0 519
0 7
cfn=(472) 0x0000000000015a30
calls=1 0 
0 228
0 39

fn=(244)
0 71

fn=(1002) 0x000000000001ad20
0 48

fn=(1238) 0x0000000000007090
0 18
cfn=(1240) 0x0000000000006e50
calls=2 0 
0 145
0 64
cfn=(650) 0x0000000000025d60
calls=2 0 
0 76
0 6
cfn=(746) 0x000000000000bc70
calls=2 0 
0 48
0 18

fn=(1300) 0x000000000000bde0
0 4

fn=(2628) 0x000000000001db20
0 6
cfn=(2630) 0x0000000000014740
calls=1 0 
0 19516
0 4

fn=(3708) 0x0000000000004c80
0 364

fn=(3720) 0x0000000000004dd0
0 261
cfn=(3708)
calls=5 0 
0 300
0 20

fn=(678) 0x000000000001a800
0 471

fn=(2928) 0x0000000000013070
0 32
cfn=(218)
calls=1 0 
0 22
0 21
cfn=(1170) 0x0000000000023da0
calls=1 0 
0 12
0 9

fn=(2980) 0x000000000000e870
0 206775
cfn=(3074) 0x000000000000ae90
calls=10 0 
0 5417
0 1722
cfn=(3074)
calls=246 0 
0 159691
0 12304
cfn=(3784) 0x0000000000017e50
calls=1 0 
0 5
cob=(3) /usr/lib/x86_64-linux-gnu/libm.so.6
cfi=(3) ???
cfn=(3526) sincos
calls=1 0 
0 7
cob=(3)
cfi=(3)
cfn=(3524) fmaf
calls=1 0 
0 5
cob=(3)
cfi=(3)
cfn=(3522) sin
calls=1 0 
0 8
cob=(3)
cfi=(3)
cfn=(3520) __atan2_finite
calls=1 0 
0 8
cob=(3)
cfi=(3)
cfn=(3518) __atanh_finite
calls=1 0 
0 8
cob=(3)
cfi=(3)
cfn=(3516) __sinh_finite
calls=1 0 
0 8
cob=(3)
cfi=(3)
cfn=(3514) exp2f
calls=1 0 
0 8
cob=(3)
cfi=(3)
cfn=(3512) expm1
calls=1 0 
0 8
cob=(3)
cfi=(3)
cfn=(3510) __asin_finite
calls=1 0 
0 7
cob=(3)
cfi=(3)
cfn=(3508) roundeven
calls=1 0 
0 6
cob=(3)
cfi=(3)
cfn=(3506) fma
calls=1 0 
0 5
cob=(3)
cfi=(3)
cfn=(3504) sinf
calls=1 0 
0 8
cob=(3)
cfi=(3)
cfn=(3502) __acos_finite
calls=1 0 
0 7
cob=(3)
cfi=(3)
cfn=(3500) atan
calls=1 0 
0 8
cob=(3)
cfi=(3)
cfn=(3498) __log_finite
calls=1 0 
0 8
cob=(3)
cfi=(3)
cfn=(3494) 0x000000000005b3b0
calls=1 0 
0 8
cob=(3)
cfi=(3)
cfn=(3492) log2f
calls=1 0 
0 8
cob=(3)
cfi=(3)
cfn=(3490) __pow_finite
calls=1 0 
0 7
cob=(3)
cfi=(3)
cfn=(3488) powf
calls=1 0 
0 8
cob=(3)
cfi=(3)
cfn=(3486) sincosf
calls=1 0 
0 8
cob=(3)
cfi=(3)
cfn=(3484) log2
calls=1 0 
0 8
cob=(3)
cfi=(3)
cfn=(3482) tan
calls=1 0 
0 8
cob=(3)
cfi=(3)
cfn=(3480) logf
calls=1 0 
0 8
cob=(3)
cfi=(3)
cfn=(3478) cos
calls=1 0 
0 8
cob=(3)
cfi=(3)
cfn=(3476) expf
calls=1 0 
0 8
cob=(3)
cfi=(3)
cfn=(3474) __exp_finite
calls=1 0 
0 8
cob=(3)
cfi=(3)
cfn=(3472) cosf
calls=1 0 
0 8
cob=(2)
cfi=(2)
cfn=(3376) strncasecmp
calls=1 0 
0 20
cob=(2)
cfi=(2)
cfn=(3374) mempcpy
calls=1 0 
0 21
cob=(2)
cfi=(2)
cfn=(3372) wcpncpy
calls=1 0 
0 17
cob=(2)
cfi=(2)
cfn=(3370) strspn
calls=1 0 
0 6
cob=(2)
cfi=(2)
cfn=(3368) memchr
calls=1 0 
0 22
cob=(2)
cfi=(2)
cfn=(3366) memmove
calls=1 0 
0 21
cob=(2)
cfi=(2)
cfn=(3364) stpcpy
calls=1 0 
0 16
cob=(2)
cfi=(2)
cfn=(3362) __memmove_chk
calls=1 0 
0 21
cob=(2)
cfi=(2)
cfn=(3360) wmemcmp
calls=1 0 
0 23
cob=(2)
cfi=(2)
cfn=(3358) strncpy
calls=1 0 
0 18
cob=(2)
cfi=(2)
cfn=(3356) strlen
calls=1 0 
0 24
cob=(2)
cfi=(2)
cfn=(3354) wcscat
calls=1 0 
0 17
cob=(2)
cfi=(2)
cfn=(3352) strcasecmp_l
calls=1 0 
0 20
cob=(2)
cfi=(2)
cfn=(3350) strcpy
calls=1 0 
0 16
cob=(2)
cfi=(2)
cfn=(3348) wmemset
calls=2 0 
0 36
cob=(2)
cfi=(2)
cfn=(3346) bcmp
calls=1 0 
0 23
cob=(2)
cfi=(2)
cfn=(3344) strchrnul
calls=1 0 
0 24
cob=(2)
cfi=(2)
cfn=(3342) strncasecmp_l
calls=1 0 
0 20
cob=(2)
cfi=(2)
cfn=(3340) strcat
calls=1 0 
0 16
cob=(2)
cfi=(2)
cfn=(3338) wcscpy
calls=1 0 
0 15
cob=(2)
cfi=(2)
cfn=(3336) strcspn
calls=1 0 
0 6
cob=(2)
cfi=(2)
cfn=(3334) strcasecmp
calls=1 0 
0 20
cob=(2)
cfi=(2)
cfn=(3332) strncmp
calls=1 0 
0 20
cob=(2)
cfi=(2)
cfn=(3330) wmemchr
calls=2 0 
0 44
cob=(2)
cfi=(2)
cfn=(3328) stpncpy
calls=1 0 
0 18
cob=(2)
cfi=(2)
cfn=(3326) wcscmp
calls=1 0 
0 24
cob=(2)
cfi=(2)
cfn=(3324) rindex
calls=1 0 
0 24
cob=(2)
cfi=(2)
cfn=(3322) __memset_chk
calls=1 0 
0 22
cob=(2)
cfi=(2)
cfn=(3320) index
calls=1 0 
0 18
cob=(2)
cfi=(2)
cfn=(3318) wcschr
calls=2 0 
0 48
cob=(2)
cfi=(2)
cfn=(3316) memcpy
calls=1 0 
0 21
cob=(2)
cfi=(2)
cfn=(3314) wcsncpy
calls=1 0 
0 17
cob=(2)
cfi=(2)
cfn=(3312) memrchr
calls=1 0 
0 24
cob=(2)
cfi=(2)
cfn=(3310) __memcpy_chk
calls=1 0 
0 21
cob=(2)
cfi=(2)
cfn=(3308) __mempcpy_chk
calls=1 0 
0 21
cob=(2)
cfi=(2)
cfn=(3306) wcslen
calls=1 0 
0 18
cob=(2)
cfi=(2)
cfn=(3304) memset
calls=1 0 
0 22
cob=(2)
cfi=(2)
cfn=(3302) wcsnlen
calls=1 0 
0 18
cob=(2)
cfi=(2)
cfn=(3300) strcmp
calls=1 0 
0 18
cob=(2)
cfi=(2)
cfn=(3298) strpbrk
calls=1 0 
0 6
cob=(2)
cfi=(2)
cfn=(3296) strnlen
calls=2 0 
0 48
cob=(2)
cfi=(2)
cfn=(3284) 0x00000000000bb960
calls=1 0 
0 29
0 1401
cob=(2)
cfi=(2)
cfn=(3358)
calls=1 0 
0 18
cob=(2)
cfi=(2)
cfn=(3304)
calls=2 0 
0 44
cob=(2)
cfi=(2)
cfn=(3346)
calls=3 0 
0 69
cob=(2)
cfi=(2)
cfn=(3366)
calls=2 0 
0 42
cob=(2)
cfi=(2)
cfn=(3356)
calls=2 0 
0 48
cob=(2)
cfi=(2)
cfn=(3316)
calls=2 0 
0 42
0 2711
cfn=(3074)
calls=6 0 
0 3418
0 228

fn=(8094) 0x0000000000018730
0 24

fn=(0) 0x000000000001d2c0
0 2
cfn=(2)
calls=1 0 
0 482575
0 10
cfn=(3980) 0x0000000000005e20
calls=1 0 
0 968
0 3
cob=(7) /workspace/scratch/work/sv09/work/bin/devloop-before
cfi=(7) ???
cfn=(4108) (below main)
calls=1 0 
0 8163904

fn=(1456) _dl_catch_exception
0 161
cfn=(1458) 0x00000000000232a0
calls=1 0 
0 19
0 30
cfn=(1458)
calls=10 0 
0 190
0 55
cob=(2)
cfi=(2)
cfn=(5504) 0x000000000008f330
calls=1 0 
0 844
cfn=(2008) 0x0000000000003640
calls=9 0 
0 17372
cfn=(1460) 0x000000000001d3c0
calls=1 0 
0 2634
0 183

fn=(2542) 0x0000000000011940
0 244
cfn=(2556) 0x0000000000011840
calls=12 0 
0 486
0 78
cfn=(760) 0x0000000000023bc0
calls=2 0 
0 36
0 2

fn=(2638) 0x0000000000013e00
0 505
cfn=(1474) 0x000000000000bf50
calls=46 0 
0 4605
0 7586
cfn=(888) 0x0000000000024740
calls=41 0 
0 1745
0 290
cfn=(888)
calls=1 0 
0 57
0 841
cfn=(742) 0x000000000000bda0
calls=5 0 
0 220
0 3555
cfn=(2818) 0x0000000000025f00
calls=1 0 
0 31
0 2

fn=(3792) 0x000000000000bad0
0 127
cfn=(3804) 0x000000000000ba00
calls=3 0 
0 440
0 42

fn=(3874) 0x0000000000003420
0 11
cfn=(3074)
calls=1 0 
0 601
0 16

fn=(5440) _dl_find_dso_for_object
0 348

fn=(5566) _dl_allocate_tls
0 16
cfn=(2910) 0x0000000000011f40
calls=4 0 
0 1180
0 16
cfn=(3686) _dl_allocate_tls_init
calls=4 0 
0 1828

fn=(472)
0 228

fn=(1240)
0 88
cfn=(1054) 0x0000000000024520
calls=11 0 
0 414
0 99

fn=(1402) 0x000000000001e500
0 28
cfn=(1452) 0x000000000001d8d0
calls=1 0 
0 2742
0 6
cfn=(1408) 0x0000000000025b80
calls=1 0 
0 407
0 8
cfn=(760)
calls=1 0 
0 26
0 11

fn=(1552) 0x0000000000022f00
0 20

fn=(2900) 0x0000000000012670
0 9
cfn=(746)
calls=1 0 
0 24
0 318
cfn=(2910)
calls=1 0 
0 53
0 7

fn=(8050) 0x0000000000001f70
0 104
cob=(3)
cfi=(3)
cfn=(8152) 0x0000000000011360
calls=1 0 
0 90
cob=(6)
cfi=(6)
cfn=(8120)
calls=1 0 
0 39
cob=(5) /workspace/pure-protobuf/work/toolchain/deb/usr/libexec/valgrind/vgpreload_core-amd64-linux.so
cfi=(5) ???
cfn=(8102) 0x00000000000010c0
calls=1 0 
0 90
cob=(7)
cfi=(7)
cfn=(8058) 0x00000000002591e0
calls=1 0 
0 90
0 1
cob=(6)
cfi=(6)
cfn=(8134)
calls=1 0 
0 90
0 62
cob=(4)
cfi=(4)
cfn=(8168)
calls=1 0 
0 3
cob=(4)
cfi=(4)
cfn=(8150)
calls=1 0 
0 3
cob=(4)
cfi=(4)
cfn=(8118)
calls=1 0 
0 3
cob=(4)
cfi=(4)
cfn=(8090)
calls=1 0 
0 3
0 8

fn=(120)
0 9

fn=(4154) _dl_audit_preinit
0 4

fn=(658) 0x0000000000022710
0 14

fn=(998) 0x00000000000076e0
0 15
cfn=(1000) 0x000000000001a9a0
calls=1 0 
0 1341
0 3
cfn=(746)
calls=1 0 
0 24
0 13
cfn=(746)
calls=1 0 
0 24
0 42
cfn=(1170)
calls=4 0 
0 52
0 91
cfn=(650)
calls=1 0 
0 16
0 8
cfn=(760)
calls=1 0 
0 10
0 108
cfn=(746)
calls=1 0 
0 24
0 10
cfn=(1210) 0x0000000000007190
calls=1 0 
0 570
0 18

fn=(1148) 0x0000000000023bb0
0 724

fn=(1170)
0 821

fn=(1458)
0 209

fn=(1960) 0x0000000000022c30
0 8

fn=(3668) 0x0000000000012d00
0 42

fn=(3804)
0 84
cfn=(888)
calls=3 0 
0 191
0 39
cfn=(888)
calls=3 0 
0 96
0 30

fn=(746)
0 528

fn=(1032) 0x000000000001af30
0 66
cfn=(1034) 0x000000000001ade0
calls=11 0 
0 469
0 6
cfn=(1034)
calls=3 0 
0 180
0 106
cfn=(1072) 0x000000000001ae80
calls=6 0 
0 24
0 34

fn=(2188) 0x00000000000147c0
0 2490

fn=(2860) 0x0000000000012270
0 10
cfn=(218)
calls=1 0 
0 21
0 5
cfn=(218)
calls=1 0 
0 21
0 21

fn=(2910)
0 45
cob=(2)
cfi=(2)
cfn=(4994) calloc
calls=4 0 
0 1104
cfn=(742)
calls=1 0 
0 34
0 50

fn=(3094) 0x000000000000a220
0 87197
cfn=(3128) 0x000000000000a0a0
calls=261 0 
0 33443
0 2914

fn=(134)
0 6
cfn=(136)
calls=1 0 
0 531
0 2
cfn=(158) 0x0000000000013780
calls=1 0 
0 23135
0 1
cfn=(216)
calls=1 0 
0 33
0 2
cfn=(224) 0x0000000000021f30
calls=1 0 
0 7
0 1
cfn=(232)
calls=1 0 
0 7276
0 4
cfn=(650)
calls=1 0 
0 16
0 3
cfn=(658)
calls=1 0 
0 14
0 11
cfn=(670) 0x000000000001e600
calls=1 0 
0 450788
0 4

fn=(364)
0 396
cfn=(370) 0x0000000000015f00
calls=12 0 
0 4044
0 84
cfn=(370)
calls=12 0 
0 1322
0 24

fn=(1054)
0 713

fn=(1318) 0x0000000000003510
0 20

fn=(1408)
0 407

fn=(2462) 0x0000000000022f40
0 76

fn=(3434) 0x0000000000012d50
0 90

fn=(3848) 0x000000000001b140
0 60
cfn=(3074)
calls=4 0 
0 2371
0 104

fn=(1136) 0x000000000001a900
0 46
cfn=(1148)
calls=2 0 
0 24
0 22
cfn=(1032)
calls=2 0 
0 135
0 4
cfn=(1032)
calls=2 0 
0 167
0 20

fn=(1212) 0x000000000001b390
0 246

fn=(1474)
0 560
cfn=(888)
calls=80 0 
0 2585
0 1079
cfn=(888)
calls=94 0 
0 3472
0 588

fn=(1872) 0x0000000000022d70
0 25

fn=(2818)
0 31

fn=(2854) 0x000000000001dd60
0 13
cfn=(742)
calls=1 0 
0 34
0 5
cfn=(2860)
calls=1 0 
0 78
0 1
cfn=(2870) 0x0000000000012470
calls=1 0 
0 224
0 1
cfn=(2900)
calls=1 0 
0 411
0 14
cfn=(2928)
calls=1 0 
0 96
0 6

fn=(3128)
0 7827
cfn=(888)
calls=195 0 
0 9886
0 5007
cfn=(888)
calls=250 0 
0 8032
0 2691

fn=(672) 0x0000000000013010
0 16

fn=(742)
0 307
cfn=(1624) 0x0000000000022ff0
calls=2 0 
0 44
0 14
cfn=(1640) 0x00000000000230d0
calls=2 0 
0 49
0 141

fn=(1210)
0 20
cfn=(1212)
calls=1 0 
0 239
0 3
cfn=(1212)
calls=1 0 
0 7
0 11
cfn=(1238)
calls=1 0 
0 125
0 5
cfn=(650)
calls=1 0 
0 16
0 33
cfn=(1300)
calls=1 0 
0 4
0 9
cfn=(746)
calls=1 0 
0 24
0 10
cfn=(1148)
calls=1 0 
0 12
0 52

fn=(2318) 0x0000000000012300
0 18

fn=(2368) 0x0000000000007ab0
0 108

fn=(3400) 0x000000000000e710
0 21
cfn=(3406) 0x0000000000023090
calls=1 0 
0 5
0 2

fn=(3952) 0x0000000000018570
0 24

fn=(3958) 0x0000000000015260
0 7
cfn=(3962) 0x00000000000230b0
calls=1 0 
0 5
0 4

fn=(578)
0 264

fn=(650)
0 702

fn=(800) 0x0000000000013000
0 14

fn=(2140) 0x000000000000bec0
0 11
cfn=(1538) 0x0000000000022e60
calls=1 0 
0 16
0 13
cfn=(1592) 0x0000000000022c50
calls=1 0 
0 5
0 8
cfn=(1872)
calls=1 0 
0 5
0 7
cfn=(1624)
calls=1 0 
0 22
0 2

fn=(2870)
0 127
cfn=(218)
calls=1 0 
0 22
0 17
cfn=(218)
calls=1 0 
0 22
0 36

fn=(3074)
0 35965
cfn=(3094)
calls=268 0 
0 123554
0 12711

fn=(798) 0x000000000000c200
0 40
cfn=(800)
calls=5 0 
0 10
0 180

fn=(876) 0x0000000000004c10
0 5
cfn=(218)
calls=1 0 
0 22
0 7

fn=(888)
0 26750

fn=(1072)
0 24

fn=(1462) 0x00000000000093a0
0 684
cfn=(1474)
calls=34 0 
0 3679
0 351
cfn=(888)
calls=13 0 
0 547
0 172
cfn=(1054)
calls=4 0 
0 92
0 13
cfn=(1238)
calls=1 0 
0 250
0 13
cfn=(1534) 0x00000000000062f0
calls=1 0 
0 103
0 20
cfn=(1588) 0x0000000000007cb0
calls=1 0 
0 1857
0 48
cfn=(1588)
calls=3 0 
0 6200
0 18
cfn=(650)
calls=3 0 
0 48
0 66
cfn=(2052) 0x0000000000006660
calls=3 0 
0 951
0 30
cfn=(2024) 0x0000000000007670
calls=3 0 
0 24
0 27
cfn=(2134) 0x0000000000014f40
calls=3 0 
0 4021
0 48
cfn=(1534)
calls=3 0 
0 331
0 45
cfn=(2024)
calls=3 0 
0 24
0 102
cfn=(2024)
calls=3 0 
0 24
0 51

fn=(3842) 0x000000000001b220
0 85
cfn=(3848)
calls=1 0 
0 662
0 5
cfn=(3848)
calls=1 0 
0 603
0 5
cfn=(3848)
calls=1 0 
0 647
0 5
cfn=(3848)
calls=1 0 
0 623
0 11

fn=(3962)
0 5

fn=(1000)
0 16
cfn=(1002)
calls=1 0 
0 48
0 10
cfn=(1032)
calls=1 0 
0 21
0 23
cfn=(1032)
calls=2 0 
0 135
0 2
cfn=(1032)
calls=1 0 
0 146
0 12
cfn=(746)
calls=1 0 
0 24
0 13
cfn=(1034)
calls=1 0 
0 11
0 33
cfn=(1032)
calls=2 0 
0 135
0 2
cfn=(1032)
calls=1 0 
0 146
0 38
cfn=(1112) 0x00000000000238e0
calls=1 0 
0 18
0 32
cfn=(746)
calls=1 0 
0 24
0 14
cfn=(1136)
calls=1 0 
0 45
0 5
cfn=(1136)
calls=1 0 
0 373
0 15

fn=(8012) 0x0000000000005aa0
0 22
cob=(2)
cfi=(2)
cfn=(5436) pthread_mutex_lock
calls=1 0 
0 39
0 34
cfn=(3952)
calls=1 0 
0 8
0 101
cfn=(2542)
calls=1 0 
0 452
0 2
cob=(2)
cfi=(2)
cfn=(5442) pthread_mutex_unlock
calls=1 0 
0 39
0 79
cfn=(8050)
calls=6 0 
0 586
0 12
cfn=(8094)
calls=6 0 
0 24
0 29
cfn=(3952)
calls=1 0 
0 8
0 2

fn=(370)
0 5366

fn=(1034)
0 273
cfn=(1054)
calls=9 0 
0 207
0 126
cfn=(650)
calls=3 0 
0 48
0 6

fn=(1588)
0 124
cfn=(730) 0x000000000000c2a0
calls=4 0 
0 1517
0 1771
cfn=(1624)
calls=4 0 
0 96
0 248
cfn=(1170)
calls=4 0 
0 367
0 276
cfn=(1624)
calls=12 0 
0 204
0 173
cfn=(1592)
calls=4 0 
0 20
0 212
cfn=(2412) 0x0000000000022ed0
calls=1 0 
0 6
0 1713
cfn=(2368)
calls=2 0 
0 108
0 315
cfn=(1624)
calls=1 0 
0 17
0 13
cfn=(1872)
calls=4 0 
0 20
0 48
cfn=(124)
calls=4 0 
0 108
0 101
cfn=(2318)
calls=2 0 
0 18
0 12
cfn=(798)
calls=4 0 
0 196
0 24
cfn=(1914) 0x0000000000006240
calls=4 0 
0 164
0 46
cfn=(888)
calls=3 0 
0 97
0 43

fn=(2008)
0 126
cfn=(1462)
calls=9 0 
0 17219
0 27

fn=(3406)
0 30

fn=(3686)
0 75
cob=(2)
cfi=(2)
cfn=(5436)
calls=4 0 
0 156
cfn=(800)
calls=1 0 
0 2
0 680
cfn=(1148)
calls=15 0 
0 460
0 75
cfn=(1170)
calls=15 0 
0 390
0 163
cob=(2)
cfi=(2)
cfn=(5442)
calls=4 0 
0 156
cfn=(800)
calls=1 0 
0 2
0 55

fn=(3790) 0x000000000001b3f0
0 11
cfn=(3792)
calls=1 0 
0 204
0 17
cfn=(3792)
calls=1 0 
0 183
0 13

fn=(3984) 0x0000000000005d00
0 191
cob=(4)
cfi=(4)
cfn=(4090)
calls=1 0 
0 6
cob=(4)
cfi=(4)
cfn=(4080)
calls=1 0 
0 6
cob=(4)
cfi=(4)
cfn=(3998)
calls=1 0 
0 6
0 74
cob=(6)
cfi=(6)
cfn=(4096)
calls=1 0 
0 12
cob=(2)
cfi=(2)
cfn=(4072) 0x0000000000029b00
calls=1 0 
0 22
cob=(2)
cfi=(2)
cfn=(4064) 0x0000000000029a90
calls=1 0 
0 11
0 16
cob=(6)
cfi=(6)
cfn=(4094)
calls=1 0 
0 361
cob=(3)
cfi=(3)
cfn=(4084) 0x00000000000113a0
calls=1 0 
0 12
cob=(2)
cfi=(2)
cfn=(4032) 0x0000000000029a20
calls=1 0 
0 84
cob=(5)
cfi=(5)
cfn=(4010) 0x0000000000001100
calls=1 0 
0 12
0 65

fn=(1388) _dl_debug_state
0 2

fn=(1454) 0x00000000000024a0
0 22
cfn=(1456)
calls=2 0 
0 3594
0 22

fn=(1460)
0 11
cfn=(1462)
calls=1 0 
0 2620
0 3

fn=(1534)
0 171
cfn=(1538)
calls=9 0 
0 159
0 71
cfn=(1552)
calls=4 0 
0 20
0 249
cfn=(2412)
calls=1 0 
0 6
0 18

fn=(1916) 0x00000000000034a0
0 30

fn=(1980) 0x0000000000003680
0 159
cfn=(746)
calls=4 0 
0 96
0 36
cfn=(760)
calls=4 0 
0 40
0 20
cfn=(760)
calls=4 0 
0 40
0 173
cfn=(1456)
calls=9 0 
0 17894
0 905
cfn=(1240)
calls=9 0 
0 456
0 412
cfn=(746)
calls=1 0 
0 24
0 110
cfn=(2542)
calls=1 0 
0 394
0 116
cfn=(2462)
calls=4 0 
0 76
0 20
cfn=(760)
calls=1 0 
0 18
0 3

fn=(124)
0 162

fn=(218)
0 815

fn=(270)
0 212

fn=(1392) 0x00000000000184e0
0 20

fn=(1640)
0 18
cfn=(218)
calls=1 0 
0 22
0 9

fn=(1914)
0 40
cfn=(1916)
calls=4 0 
0 24
0 100

fn=(2086) 0x0000000000022d50
0 40

fn=(2134)
0 60
cfn=(2180) 0x00000000000148b0
calls=3 0 
0 3373
0 21
cfn=(650)
calls=3 0 
0 102
0 24
cfn=(760)
calls=3 0 
0 38
0 6
cfn=(1250) 0x0000000000025d00
calls=3 0 
0 263
0 14
cfn=(2140)
calls=1 0 
0 89
0 31

fn=(3704) 0x0000000000005310
0 7
cfn=(3720)
calls=1 0 
0 128
0 4
cfn=(746)
calls=1 0 
0 24
0 8
cfn=(3720)
calls=1 0 
0 453
0 9
cfn=(3708)
calls=1 0 
0 64
0 3
cfn=(3758) 0x0000000000005250
calls=1 0 
0 192
0 7

fn=(3758)
0 192

fn=(3784)
0 5

fn=(670)
0 21
cfn=(672)
calls=1 0 
0 16
0 14
cfn=(678)
calls=1 0 
0 86
0 4
cfn=(678)
calls=2 0 
0 385
0 175
cfn=(730)
calls=1 0 
0 286
0 12
cfn=(798)
calls=1 0 
0 34
0 408
cfn=(876)
calls=1 0 
0 34
0 13
cfn=(888)
calls=1 0 
0 42
0 338
cfn=(124)
calls=1 0 
0 27
0 10
cfn=(998)
calls=1 0 
0 2369
0 3
cfn=(1318)
calls=1 0 
0 20
0 148
cfn=(1374) 0x00000000000123f0
calls=1 0 
0 5
0 8
cfn=(1382) 0x00000000000034e0
calls=1 0 
0 9
0 3
cfn=(1392)
calls=1 0 
0 20
0 12
cfn=(1960)
calls=1 0 
0 8
0 21
cfn=(1980)
calls=1 0 
0 20992
0 119
cfn=(2624) 0x0000000000002290
calls=1 0 
0 19546
0 135
cfn=(2976) 0x00000000000110a0
calls=1 0 
0 76829
0 113
cfn=(2976)
calls=6 0 
0 318124
0 30
cfn=(3434)
calls=3 0 
0 90
0 12
cfn=(3668)
calls=1 0 
0 42
0 10
cfn=(3686)
calls=1 0 
0 386
0 6
cfn=(3704)
calls=1 0 
0 899
0 11
cfn=(2980)
calls=1 0 
0 275
0 6
cfn=(3790)
calls=1 0 
0 428
0 2
cfn=(3842)
calls=1 0 
0 2646
0 2
cfn=(3874)
calls=1 0 
0 628
0 2
cfn=(3400)
calls=1 0 
0 28
0 3
cfn=(3890) 0x0000000000001f00
calls=1 0 
0 578
0 1
cfn=(3944) 0x000000000001ccd0
calls=1 0 
0 1
0 2
cfn=(1916)
calls=1 0 
0 6
0 3
cfn=(1382)
calls=1 0 
0 9
0 3
cfn=(3952)
calls=1 0 
0 8
0 1
cfn=(3958)
calls=1 0 
0 16
0 106
cfn=(2854)
calls=1 0 
0 883
0 41
cfn=(1402)
calls=1 0 
0 3228
0 7

fn=(730)
0 87
cfn=(650)
calls=4 0 
0 108
0 36
cfn=(742)
calls=4 0 
0 227
0 3
cfn=(742)
calls=1 0 
0 40
0 70
cfn=(760)
calls=5 0 
0 69
0 362
cfn=(650)
calls=4 0 
0 170
0 40
cfn=(1148)
calls=4 0 
0 72
0 388
cfn=(746)
calls=4 0 
0 96
0 35

fn=(760)
0 277

fn=(1374)
0 5

fn=(1592)
0 25

fn=(2052)
0 126
cfn=(1148)
calls=3 0 
0 36
0 71
cfn=(1148)
calls=5 0 
0 60
0 20
cfn=(1148)
calls=5 0 
0 60
0 60
cfn=(1534)
calls=5 0 
0 260
0 191
cfn=(2086)
calls=3 0 
0 40
0 27

fn=(2556)
0 486

fn=(2624)
0 12
cfn=(2628)
calls=1 0 
0 19526
0 8

fn=(2630)
0 48
cfn=(2638)
calls=6 0 
0 19437
0 31

fn=(158)
0 23135

fn=(224)
0 7

fn=(1382)
0 10
cfn=(1388)
calls=2 0 
0 2
0 6

fn=(1452)
0 17
cfn=(1454)
calls=1 0 
0 2714
0 11

fn=(1538)
0 175

fn=(2180)
0 556
cfn=(2188)
calls=32 0 
0 2252
0 183
cfn=(2188)
calls=3 0 
0 238
0 144

fn=(3890)
0 12
cfn=(3792)
calls=1 0 
0 222
0 11
cob=(2)
cfi=(2)
cfn=(3900) __libc_early_init
calls=1 0 
0 333

fn=(3944)
0 1

fn=(3980)
0 32
cfn=(3984)
calls=1 0 
0 36
0 35
cfn=(3984)
calls=5 0 
0 764
0 21
cfn=(3984)
calls=1 0 
0 78
0 2

fn=(1112)
0 18

fn=(1250)
0 53
cfn=(650)
calls=3 0 
0 102
0 9
cfn=(746)
calls=3 0 
0 72
0 27

fn=(1624)
0 383

fn=(2024)
0 72

fn=(2412)
0 12

fn=(2976)
0 105
cfn=(3406)
calls=5 0 
0 25
0 41
cfn=(2980)
calls=5 0 
0 394767
0 15

ob=(5)
fl=(5)
fn=(4010)
0 12

fn=(8112) 0x0000000000001050
0 5

fn=(8102)
0 9
cob=(4)
cfi=(4)
cfn=(8108)
calls=1 0 
0 72
0 1
cfn=(8112)
calls=1 0 
0 5
0 3

ob=(7)
fl=(7)
fn=(5114) std::thread::functions::available_parallelism
0 10
cob=(2)
cfi=(2)
cfn=(4210)
calls=1 0 
0 187
0 51
cfn=(5116) <std::sys::fs::unix::File>::open_c
calls=1 0 
0 109
0 6
cfn=(5120) std::fs::buffer_capacity_required
calls=1 0 
0 166
0 11
cfn=(5128) alloc::io::read::default_read_to_end::<&std::fs::File>
calls=1 0 
0 221
0 4
cob=(2)
cfi=(2)
cfn=(5132) close
calls=1 0 
0 30
0 117
cob=(2)
cfi=(2)
cfn=(4920)
calls=1 0 
0 65
0 15
cob=(2)
cfi=(2)
cfn=(5164) sched_getaffinity
calls=1 0 
0 40
0 158
cob=(2)
cfi=(2)
cfn=(4210)
calls=1 0 
0 187
0 10
cob=(2)
cfi=(2)
cfn=(4210)
calls=1 0 
0 190
0 37
cfn=(5134) std::sys::fs::metadata
calls=1 0 
0 252
0 4
cfn=(5136) <std::path::PathBuf>::pop
calls=1 0 
0 425
0 13
cfn=(5144) <std::path::Path>::_starts_with
calls=1 0 
0 1143
0 7
cfn=(5144)
calls=1 0 
0 901
0 33
cob=(2)
cfi=(2)
cfn=(4536) 0x0000000000162b40
calls=1 0 
0 10
0 66
cfn=(5116)
calls=1 0 
0 109
0 10
cfn=(5160) <&std::fs::File as alloc::io::read::Read>::read_to_string
calls=1 0 
0 574
0 4
cob=(2)
cfi=(2)
cfn=(5132)
calls=1 0 
0 30
0 4
cfn=(5136)
calls=1 0 
0 359
0 2
cfn=(5136)
calls=1 0 
0 331
0 395
cob=(2)
cfi=(2)
cfn=(4920)
calls=1 0 
0 65
0 4
cob=(2)
cfi=(2)
cfn=(4920)
calls=1 0 
0 65
0 2

fn=(5482) <std::thread::thread::thread_name_string::ThreadNameString as core::convert::From<alloc::string::String>>::from
0 376
cfn=(5484) <alloc::ffi::c_str::CString>::_from_vec_unchecked
calls=4 0 
0 610
0 16

fn=(5484)
0 92
cfn=(5424) <alloc::raw_vec::RawVecInner>::finish_grow
calls=4 0 
0 494
0 24

fn=(5688) <core::net::parser::Parser>::read_ipv4_addr
0 712

fn=(5722) <pbrs_grpc::client::channel::Channel>::connect::<core::net::socket_addr::SocketAddr>::{closure#0}
0 63
cfn=(5724) <pbrs_grpc::client::channel::Channel>::connect_with::<core::net::socket_addr::SocketAddr>::{closure#0}
calls=1 0 
0 22216
0 3
cfn=(5724)
calls=1 0 
0 27375
0 18

fn=(5740) <alloc::string::String as core::fmt::Write>::write_str
0 566
cob=(2)
cfi=(2)
cfn=(4536)
calls=32 0 
0 397
0 393
cfn=(5742) <alloc::raw_vec::RawVecInner<_>>::reserve::do_reserve_and_handle::<alloc::alloc::Global>
calls=21 0 
0 5710
0 95
cob=(2)
cfi=(2)
cfn=(4536)
calls=2 0 
0 22
0 28
cfn=(5742)
calls=2 0 
0 228
0 954
cob=(2)
cfi=(2)
cfn=(4536)
calls=54 0 
0 816
0 570
cfn=(5742)
calls=12 0 
0 2053
0 36

fn=(5790) pbrs_grpc::proxy::strip_port
0 72
cfn=(5784) core::slice::memchr::memrchr_aligned
calls=4 0 
0 336
0 116

fn=(5798) core::ptr::drop_glue::<std::collections::hash::map::HashMap<alloc::string::String, alloc::string::String>>
0 87
cob=(2)
cfi=(2)
cfn=(4920)
calls=4 0 
0 310
0 16
cob=(2)
cfi=(2)
cfn=(4920)
calls=4 0 
0 312
0 23
cob=(2)
cfi=(2)
cfn=(4920)
calls=1 0 
0 65

fn=(5834) core::ptr::drop_glue::<pbrs_grpc::proxy::ProxyConfig>
0 10
cob=(2)
cfi=(2)
cfn=(4920)
calls=1 0 
0 117
0 30
cob=(2)
cfi=(2)
cfn=(4920)
calls=1 0 
0 117
0 10
cob=(2)
cfi=(2)
cfn=(4920)
calls=1 0 
0 65

fn=(6038) <std::sys::thread_local::key::racy::LazyKey>::lazy_init
0 8
cob=(2)
cfi=(2)
cfn=(6040) pthread_key_create
calls=1 0 
0 17
0 9
cob=(2)
cfi=(2)
cfn=(6040)
calls=1 0 
0 26
0 5
cob=(2)
cfi=(2)
cfn=(6042) pthread_key_delete
calls=1 0 
0 15
0 13

fn=(6178) <hashbrown::raw::RawTableInner>::new_uninitialized::<alloc::alloc::Global>
0 29
cob=(2)
cfi=(2)
cfn=(4210)
calls=1 0 
0 41
0 27

fn=(6218) <pbrs_grpc::channelz::model::Registry>::server
0 19488

fn=(6266) <tokio::runtime::scheduler::multi_thread::handle::Handle>::next_remote_task
0 27846

fn=(6276) <tokio::runtime::io::driver::Driver>::turn
0 23180
cob=(2)
cfi=(2)
cfn=(6278) epoll_wait
calls=883 0 
0 52980
0 736
cob=(2)
cfi=(2)
cfn=(6278)
calls=184 0 
0 11040
0 42736
cfn=(6280) <tokio::runtime::io::scheduled_io::ScheduledIo>::wake
calls=764 0 
0 118512
0 12353

fn=(6288) <tokio::runtime::scheduler::multi_thread::worker::Core>::maintenance
0 84604

fn=(6320) tokio::runtime::task::raw::poll::<pbrs_grpc::server::accept::accept_loop_with_slots<pbrs_grpc::server::router::Router, core::future::pending::Pending<()>>::{closure#0}::{closure#2}, alloc::sync::Arc<tokio::runtime::scheduler::multi_thread::handle::Handle>>
0 36360
cfn=(6322) pbrs_grpc::server::accept::accept_loop_with_slots::<pbrs_grpc::server::router::Router, core::future::pending::Pending<()>>::{closure#0}::{closure#2}
calls=606 0 
0 6087131
0 23216
cfn=(5716) <tokio::runtime::scheduler::multi_thread::handle::Handle>::schedule_task
calls=94 0 
0 13817
0 5506

fn=(6324) pbrs_grpc::tcp::tune
0 44
cob=(2)
cfi=(2)
cfn=(5696) setsockopt
calls=2 0 
0 12
0 12
cfn=(5090) std::env::var::inner
calls=2 0 
0 1929
0 32

fn=(6342) <h2::frame::settings::Settings>::encode
0 406
cfn=(6344) <h2::frame::settings::Settings>::encode::{closure#0}
calls=2 0 
0 78
0 8
cfn=(6344)
calls=1 0 
0 39
0 10
cfn=(6344)
calls=2 0 
0 78
0 12
cfn=(6344)
calls=2 0 
0 78
0 12
cfn=(6344)
calls=2 0 
0 78
0 12
cfn=(6344)
calls=2 0 
0 78
0 6

fn=(6356) core::ptr::drop_glue::<core::option::Option<tokio::runtime::Timer>>
0 14
cfn=(6532) <tokio::runtime::time::entry::TimerEntry as core::ops::drop::Drop>::drop
calls=2 0 
0 256
0 44

fn=(6362) <mio::sys::unix::waker::Waker>::wake
0 3315
cob=(2)
cfi=(2)
cfn=(6364) write
calls=255 0 
0 15045
0 3315

fn=(6366) <tokio::sync::task::atomic_waker::AtomicWaker>::register_by_ref
0 3582
cfn=(6430) tokio::runtime::park::clone
calls=1 0 
0 5
cfn=(6244) tokio::runtime::task::waker::clone_waker
calls=198 0 
0 1386
0 1992
cfn=(6386) tokio::runtime::task::waker::drop_waker
calls=1 0 
0 8
0 1593

fn=(6460) <h2::proto::streams::flow_control::FlowControl>::inc_window
0 15447

fn=(6474) <h2::proto::ping_pong::PingPong>::take_user_pings
0 26
cob=(2)
cfi=(2)
cfn=(4210)
calls=2 0 
0 302
0 42

fn=(8058)
0 9
cob=(2)
cfi=(2)
cfn=(8066)
calls=1 0 
0 71
0 1
0 1
cfn=(8078) 0x0000000000259170
calls=1 0 
0 5
0 3

fn=(8078)
0 5

fn=(6528) core::ptr::drop_glue::<h2::server::Handshake<tokio::net::tcp::stream::TcpStream>>
0 6
cfn=(6382) core::ptr::drop_glue::<h2::server::Handshaking<tokio::net::tcp::stream::TcpStream, bytes::bytes::Bytes>>
calls=1 0 
0 17
0 7

fn=(6612) <pbrs_grpc::channelz::model::Registry>::note_call_started
0 804
cfn=(6580) <pbrs_grpc::channelz::model::Registry>::channel
calls=201 0 
0 9648
0 1407
cfn=(5192) <std::sys::pal::unix::time::Timespec>::now
calls=201 0 
0 5226
0 1608
cfn=(6246) <std::sys::pal::unix::time::Timespec>::sub_timespec
calls=201 0 
0 7236
0 4221

fn=(6630) <pbrs_grpc::client::channel::Channel>::grab_in::<pbrs_grpc::rt::TokioRuntime>::{closure#0}
0 12060
cfn=(6632) <pbrs_grpc::client::channel::Channel>::health_directive
calls=201 0 
0 8040
0 7839
cfn=(6634) <pbrs_grpc::client::pool::ChannelInner>::acquire::{closure#0}
calls=201 0 
0 132861
0 18693
cfn=(6648) core::ptr::drop_glue::<<pbrs_grpc::client::pool::ChannelInner>::acquire::{closure#0}>
calls=201 0 
0 4221
0 3417

fn=(6634)
0 13869
cfn=(6636) <tokio::sync::mutex::Mutex<std::collections::hash::map::HashMap<pbrs_grpc::resolver::snapshot::ResolvedAddress, alloc::sync::Arc<tokio::sync::mutex::Mutex<pbrs_grpc::client::pool::ConnSlot>>>>>::lock::{closure#0}
calls=201 0 
0 28944
0 3216
cfn=(6468) <h2::proto::streams::streams::Streams<bytes::bytes::Bytes, h2::client::Peer> as core::clone::Clone>::clone
calls=201 0 
0 8442
0 6432
cfn=(6642) <tokio::sync::batch_semaphore::Semaphore>::add_permits_locked
calls=201 0 
0 13065
0 9246
cfn=(6644) <pbrs_grpc::transport::h2::ReadySendRequest as core::future::future::Future>::poll
calls=201 0 
0 22311
0 4020
cfn=(6478) <pbrs_grpc::transport::h2::SendRequest as pbrs_grpc::transport::SendRequest>::current_max_send_streams
calls=201 0 
0 7035
0 16281

fn=(6646) <h2::proto::streams::streams::Actions>::ensure_no_conn_error
0 12663

fn=(6658) pbrs_grpc::client::call::open_in::<pbrs_grpc::rt::TokioRuntime>::{closure#0}
0 17286
cfn=(6660) pbrs_grpc::client::call::open_in::<pbrs_grpc::rt::TokioRuntime>::{closure#0}::{closure#1}
calls=201 0 
0 35778
0 13869
cfn=(6662) pbrs_grpc::wire::headers::grpc_request
calls=201 0 
0 343418
0 2010
cob=(2)
cfi=(2)
cfn=(4536)
calls=201 0 
0 5829
0 1608
cfn=(6686) <pbrs_grpc::transport::h2::SendRequest as pbrs_grpc::transport::SendRequest>::send_request
calls=201 0 
0 692555
0 3015
cfn=(6746) core::ptr::drop_glue::<h2::client::SendRequest<bytes::bytes::Bytes>>
calls=201 0 
0 12663
0 1005
cfn=(6750) core::ptr::drop_glue::<pbrs_grpc::client::call::open_in<pbrs_grpc::rt::TokioRuntime>::{closure#0}::{closure#1}>
calls=201 0 
0 2412
0 2010

fn=(6688) <h2::proto::streams::stream::Stream>::new
0 5628
cfn=(6460)
calls=402 0 
0 7638
0 3216
cfn=(6460)
calls=402 0 
0 7638
0 14874

fn=(6736) <h2::proto::streams::prioritize::Prioritize>::schedule_send
0 24723
cfn=(6804) <h2::proto::streams::store::Queue<h2::proto::streams::stream::NextSend>>::push
calls=603 0 
0 26331
0 3417
cfn=(6282) tokio::runtime::task::waker::wake_by_val
calls=402 0 
0 59358
0 6432

fn=(6746)
0 1005
cfn=(6748) core::ptr::drop_glue::<h2::proto::streams::streams::Streams<bytes::bytes::Bytes, h2::client::Peer>>
calls=201 0 
0 10452
0 1211
cfn=(6748)
calls=1 0 
0 51
0 6

fn=(6780) pbrs_grpc::client::streaming::run_server_stream_inner::<pbrs_grpc::codec::prost::Message<devloop::echo::EchoReply>>::{closure#0}::{closure#1}
0 7451
cfn=(6782) <pbrs_grpc::transport::h2::ResponseFuture as core::future::future::Future>::poll
calls=201 0 
0 38190
0 808
cfn=(6782)
calls=202 0 
0 110459
0 6036
cfn=(7184) core::ptr::drop_glue::<pbrs_grpc::transport::h2::ResponseFuture>
calls=201 0 
0 51549
0 9447
cob=(2)
cfi=(2)
cfn=(4536)
calls=201 0 
0 5829
0 1809
cob=(2)
cfi=(2)
cfn=(4536)
calls=201 0 
0 5829
0 804
cob=(2)
cfi=(2)
cfn=(4536)
calls=201 0 
0 5829
0 2814
cob=(2)
cfi=(2)
cfn=(4536)
calls=201 0 
0 5829
0 5829
cfn=(7186) <h2::share::RecvStream>::is_end_stream
calls=201 0 
0 12510
0 804
cfn=(6974) pbrs_grpc::wire::headers::grpc_encoding
calls=201 0 
0 35376
0 18291
cob=(2)
cfi=(2)
cfn=(4210)
calls=201 0 
0 8544
0 2406
cob=(2)
cfi=(2)
cfn=(4536)
calls=200 0 
0 12800
0 4
cob=(2)
cfi=(2)
cfn=(4536)
calls=1 0 
0 64
0 4020
cfn=(6608) core::ptr::drop_glue::<http::extensions::Extensions>
calls=201 0 
0 3417
0 24732

fn=(6782)
0 5239
cfn=(6784) <h2::client::ResponseFuture as core::future::future::Future>::poll
calls=403 0 
0 131939
0 11471

fn=(6784)
0 20553
cfn=(6786) <h2::proto::streams::buffer::Deque>::pop_front::<h2::proto::streams::recv::Event>
calls=403 0 
0 25887
0 4439
cfn=(6788) <h2::proto::streams::state::State>::ensure_recv_open
calls=202 0 
0 2828
0 6442
cfn=(6430)
calls=202 0 
0 1010
0 3234
cfn=(6570) tokio::runtime::park::drop_waker
calls=1 0 
0 7
0 11393
cfn=(6744) <h2::proto::streams::streams::OpaqueStreamRef as core::clone::Clone>::clone
calls=201 0 
0 13065
0 5398
cfn=(7406) <std::sys::sync::mutex::futex::Mutex>::lock_contended
calls=43 0 
0 33067
0 387
cob=(2)
cfi=(2)
cfn=(6378) syscall
calls=43 0 
0 473
0 3756

fn=(6788)
0 7060

fn=(6816) <h2::hpack::table::Table>::index_vacant
0 144
cfn=(6818) <h2::hpack::header::Header>::len
calls=8 0 
0 184
0 32
cfn=(6820) <h2::hpack::table::Table>::converge
calls=8 0 
0 208
0 185
cfn=(6822) <alloc::collections::vec_deque::VecDeque<h2::hpack::table::Slot>>::grow
calls=3 0 
0 1105
0 422

fn=(6826) h2::hpack::encoder::encode_str
0 3200
cfn=(6616) <bytes::bytes_mut::BytesMut>::reserve_inner
calls=1 0 
0 505
0 131302
cfn=(6616)
calls=6 0 
0 1878
0 7254

fn=(6868) <alloc::raw_vec::RawVec<h2::hpack::header::Header>>::grow_one
0 45
cfn=(5424)
calls=3 0 
0 1060
0 27

fn=(6870) <bytes::bytes_mut::BytesMut as bytes::buf::buf_mut::BufMut>::put_slice
0 3248
cob=(2)
cfi=(2)
cfn=(4536)
calls=203 0 
0 3045
0 2030

fn=(6900) <h2::proto::streams::store::Ptr as core::ops::deref::Deref>::deref
0 34170

fn=(6942) core::ptr::drop_glue::<(core::future::poll_fn::PollFn<<pbrs_grpc::transport::h2::ServerConnection<tokio_rustls::server::TlsStream<tokio::net::tcp::stream::TcpStream>> as pbrs_grpc::transport::ServerConnection>::accept::{closure#0}>, <pbrs_grpc::keepalive::Busy>::notified::{closure#0}, &mut core::pin::Pin<&mut pbrs_grpc::server::connection::wait_for_drain::{closure#0}>, pbrs_grpc::server::connection::sleep_until_opt<pbrs_grpc::rt::TokioRuntime>::{closure#0}, pbrs_grpc::server::connection::sleep_until_opt<pbrs_grpc::rt::TokioRuntime>::{closure#0}, pbrs_grpc::server::connection::sleep_until_opt<pbrs_grpc::rt::TokioRuntime>::{closure#0}, &mut core::pin::Pin<&mut pbrs_grpc::keepalive::wait_opt::{closure#0}>)>
0 3232

fn=(6956) <hashbrown::raw::RawTable<(core::any::TypeId, alloc::boxed::Box<dyn http::extensions::AnyClone + core::marker::Send + core::marker::Sync>)>>::reserve_rehash::<hashbrown::map::make_hasher<core::any::TypeId, alloc::boxed::Box<dyn http::extensions::AnyClone + core::marker::Send + core::marker::Sync>, core::hash::BuildHasherDefault<http::extensions::IdHasher>>::{closure#0}>
0 10653
cob=(2)
cfi=(2)
cfn=(4210)
calls=201 0 
0 8410
0 4406
cob=(2)
cfi=(2)
cfn=(4972) 0x0000000000163540
calls=200 0 
0 2000
0 14
cob=(2)
cfi=(2)
cfn=(4972)
calls=1 0 
0 10
0 4422

fn=(6964) <devloop::ProstNativeEchod as pbrs_grpc::server::dispatch::Service>::call::{closure#0}
0 7387
cob=(2)
cfi=(2)
cfn=(4536)
calls=201 0 
0 24924
0 402
cfn=(6966) <pbrs_grpc::server::rpc::Rpc>::method
calls=201 0 
0 36849
0 3015
cob=(2)
cfi=(2)
cfn=(4536)
calls=201 0 
0 24924
0 1005
cfn=(6968) <pbrs_grpc::server::rpc::Rpc>::server_streaming::<pbrs_grpc::codec::prost::Message<devloop::echo::EchoRequest>, pbrs_grpc::codec::prost::Message<devloop::echo::EchoReply>, <devloop::ProstNativeEchod as pbrs_grpc::server::dispatch::Service>::call::{closure#0}::{closure#1}, <devloop::ProstNativeEchod as pbrs_grpc::server::dispatch::Service>::call::{closure#0}::{closure#1}::{closure#0}>::{closure#0}
calls=201 0 
0 3285063
0 1191
cfn=(6968)
calls=397 0 
0 2727985
0 2789
cfn=(7174) core::ptr::drop_glue::<<pbrs_grpc::server::rpc::Rpc>::server_streaming<pbrs_grpc::codec::prost::Message<devloop::echo::EchoRequest>, pbrs_grpc::codec::prost::Message<devloop::echo::EchoReply>, <devloop::ProstNativeEchod as pbrs_grpc::server::dispatch::Service>::call::{closure#0}::{closure#1}, <devloop::ProstNativeEchod as pbrs_grpc::server::dispatch::Service>::call::{closure#0}::{closure#1}::{closure#0}>::{closure#0}>
calls=201 0 
0 3015
0 4392

fn=(6994) <h2::share::FlowControl>::release_capacity
0 14070
cfn=(6996) <h2::proto::streams::recv::Recv>::release_capacity
calls=402 0 
0 50250
0 8844

fn=(7038) <h2::server::Peer>::convert_send_message
0 2814
cfn=(6608)
calls=201 0 
0 3417
0 5025
cfn=(6698) <http::header::name::StandardHeader>::as_str
calls=201 0 
0 1407
0 12462
cob=(2)
cfi=(2)
cfn=(4536)
calls=201 0 
0 5829
0 1608
cob=(2)
cfi=(2)
cfn=(4536)
calls=201 0 
0 5829
0 2814

fn=(7090) core::ptr::drop_glue::<<tokio::sync::mpsc::bounded::Sender<core::result::Result<pbrs_grpc::stream::Framed<pbrs_grpc::codec::prost::Message<devloop::echo::EchoReply>>, pbrs_grpc::status::Status>>>::send::{closure#0}>
0 10452

fn=(7098) <tokio::runtime::task::harness::Harness<<devloop::ProstNativeEchod as pbrs_grpc::server::dispatch::Service>::call::{closure#0}::{closure#1}::{closure#0}::{closure#0}, alloc::sync::Arc<tokio::runtime::scheduler::multi_thread::handle::Handle>>>::complete
0 4422
cfn=(7094) <tokio::runtime::task::core::Core<<devloop::ProstNativeEchod as pbrs_grpc::server::dispatch::Service>::call::{closure#0}::{closure#1}::{closure#0}::{closure#0}, alloc::sync::Arc<tokio::runtime::scheduler::current_thread::Handle>>>::set_stage
calls=201 0 
0 23495
0 1005
cfn=(7100) <alloc::sync::Arc<tokio::runtime::scheduler::multi_thread::handle::Handle> as tokio::runtime::task::Schedule>::release
calls=201 0 
0 13918
0 2613
cfn=(7102) core::ptr::drop_glue::<tokio::runtime::task::core::Cell<<devloop::ProstNativeEchod as pbrs_grpc::server::dispatch::Service>::call::{closure#0}::{closure#1}::{closure#0}::{closure#0}, alloc::sync::Arc<tokio::runtime::scheduler::multi_thread::handle::Handle>>>
calls=201 0 
0 5226
0 402
cob=(2)
cfi=(2)
cfn=(4920)
calls=201 0 
0 16334
0 1206

fn=(7100)
0 41897

fn=(7102)
0 5226

fn=(7164) core::ptr::drop_glue::<pbrs_grpc::server::drain::CancelOnDrop>
0 1005
cfn=(7166) <tokio::sync::watch::Sender<bool>>::send
calls=201 0 
0 2211
0 1206
cfn=(7168) <tokio::sync::watch::big_notify::BigNotify>::notify_waiters
calls=201 0 
0 85224
0 1608
cfn=(7170) <alloc::sync::Arc<pbrs_grpc::keepalive::Busy>>::drop_slow
calls=201 0 
0 27835

fn=(7186)
0 12510

fn=(7206) core::ptr::drop_glue::<<pbrs_grpc::client::channel::Channel>::note_call_outcome::{closure#0}>
0 2613

fn=(7242) core::ptr::drop_glue::<h2::proto::streams::stream::Stream>
0 2412
cfn=(6726) core::ptr::drop_glue::<h2::proto::streams::state::Inner>
calls=402 0 
0 3216
0 1608
cfn=(6386)
calls=201 0 
0 53204
0 4020

fn=(7252) <h2::proto::streams::recv::Recv>::recv_trailers
0 5829
cfn=(6932) <h2::proto::streams::state::State>::recv_close
calls=201 0 
0 6432
0 3216
cfn=(6830) core::ptr::drop_glue::<h2::frame::headers::Pseudo>
calls=201 0 
0 4623
0 6231
cfn=(6916) <slab::Slab<h2::proto::streams::buffer::Slot<h2::proto::streams::recv::Event>>>::insert_at
calls=201 0 
0 10452
0 5967
cfn=(6434) tokio::runtime::park::wake
calls=33 0 
0 2079
0 2010

fn=(7328) core::ptr::drop_glue::<(<tokio::sync::watch::Receiver<bool>>::wait_for<pbrs_grpc::wire::send::reset_on_cancel::{closure#0}::{closure#1}>::{closure#0}, pbrs_grpc::wire::send::reset_on_cancel::{closure#0}::{closure#0})>
0 1234
cfn=(6540) <tokio::sync::notify::NotifiedProject>::drop_notified
calls=2 0 
0 138
0 1214

fn=(7406)
0 48945
cob=(2)
cfi=(2)
cfn=(6378)
calls=65 0 
0 715
0 325

fn=(7484) devloop::child_json_with_input
0 19
cob=(2)
cfi=(2)
cfn=(4210)
calls=1 0 
0 41
0 10
cob=(2)
cfi=(2)
cfn=(4536)
calls=1 0 
0 10
0 83
cob=(2)
cfi=(2)
cfn=(4210)
calls=1 0 
0 41
0 17
cfn=(7486) <&mut serde_json::ser::Serializer<&mut alloc::vec::Vec<u8>> as serde_core::ser::Serializer>::serialize_str
calls=1 0 
0 96
0 13
cfn=(7486)
calls=1 0 
0 225
0 5
cfn=(7488) <serde_json::ser::Compound<&mut alloc::vec::Vec<u8>, serde_json::ser::CompactFormatter> as serde_core::ser::SerializeStruct>::serialize_field::<u64>
calls=1 0 
0 207
0 8
cfn=(7488)
calls=1 0 
0 221
0 8
cfn=(7488)
calls=1 0 
0 271
0 8
cfn=(7488)
calls=1 0 
0 250
0 23
cfn=(7486)
calls=1 0 
0 143
0 23
cfn=(7488)
calls=1 0 
0 813
0 8
cfn=(7488)
calls=1 0 
0 227
0 8
cfn=(7488)
calls=1 0 
0 227
0 8
cfn=(7488)
calls=1 0 
0 227
0 8
cfn=(7488)
calls=1 0 
0 234
0 8
cfn=(7488)
calls=1 0 
0 234
0 8
cfn=(7488)
calls=1 0 
0 256
0 8
cfn=(7488)
calls=1 0 
0 823
0 8
cfn=(7488)
calls=1 0 
0 254
0 8
cfn=(7488)
calls=1 0 
0 265
0 8
cfn=(7488)
calls=1 0 
0 262
0 8
cfn=(7488)
calls=1 0 
0 262
0 8
cfn=(7488)
calls=1 0 
0 262
0 8
cfn=(7488)
calls=1 0 
0 241
0 5
cfn=(7492) <serde_json::ser::Compound<&mut alloc::vec::Vec<u8>, serde_json::ser::CompactFormatter> as serde_core::ser::SerializeStruct>::end
calls=1 0 
0 16
0 21
cob=(2)
cfi=(2)
cfn=(4920)
calls=1 0 
0 65
0 10

fn=(7530) core::ptr::drop_glue::<pbrs_grpc::channelz::trace::Trace>
0 94
cob=(2)
cfi=(2)
cfn=(4920)
calls=2 0 
0 138
0 77
cob=(2)
cfi=(2)
cfn=(4920)
calls=9 0 
0 669
0 18

fn=(7538) core::ptr::drop_glue::<devloop::cmd_run_cell::{closure#1}>
0 5

fn=(7574) <tokio::runtime::task::harness::Harness<devloop::rpc_prost_unary::{closure#0}::{closure#0}, alloc::sync::Arc<tokio::runtime::scheduler::multi_thread::handle::Handle>>>::complete
0 33
cfn=(7554) core::ptr::drop_glue::<tokio::runtime::task::core::Stage<devloop::rpc_prost_unary::{closure#0}::{closure#0}>>
calls=1 0 
0 17
0 4
cob=(2)
cfi=(2)
cfn=(4536)
calls=1 0 
0 268
0 9
cfn=(7100)
calls=1 0 
0 56
0 13
cfn=(7576) core::ptr::drop_glue::<tokio::runtime::task::core::Cell<devloop::rpc_prost_unary::{closure#0}::{closure#0}, alloc::sync::Arc<tokio::runtime::scheduler::multi_thread::handle::Handle>>>
calls=1 0 
0 31
0 2
cob=(2)
cfi=(2)
cfn=(4920)
calls=1 0 
0 170
0 7

fn=(7590) <h2::proto::streams::streams::DynStreams<bytes::bytes::Bytes>>::recv_eof
0 84
cfn=(7592) <core::io::error::Error>::new::<&str>
calls=2 0 
0 380
0 6
cfn=(7594) <h2::proto::error::Error as core::convert::From<core::io::error::Error>>::from
calls=2 0 
0 978
0 66
cfn=(7604) <h2::proto::streams::streams::Actions>::clear_queues
calls=2 0 
0 212
0 66

fn=(7600) alloc::io::error::custom_owner_from_box::drop_box_raw::<dyn core::error::Error + core::marker::Send + core::marker::Sync>
0 26
cfn=(7602) core::ptr::drop_glue::<<alloc::boxed::Box<dyn core::error::Error + core::marker::Send + core::marker::Sync> as core::convert::From<alloc::string::String>>::from::StringError>
calls=2 0 
0 154
0 18
cob=(2)
cfi=(2)
cfn=(4920)
calls=2 0 
0 146

fn=(7610) core::ptr::drop_glue::<h2::codec::framed_write::Encoder<h2::proto::streams::prioritize::Prioritized<bytes::bytes::Bytes>>>
0 10
cfn=(7612) core::ptr::drop_glue::<h2::hpack::encoder::Encoder>
calls=2 0 
0 968
0 24
cob=(2)
cfi=(2)
cfn=(4920)
calls=2 0 
0 343
0 18

fn=(7644) <alloc::collections::btree::node::Handle<alloc::collections::btree::node::NodeRef<alloc::collections::btree::node::marker::Mut, u64, alloc::sync::Arc<pbrs_grpc::channelz::model::ServerEntry>, alloc::collections::btree::node::marker::Leaf>, alloc::collections::btree::node::marker::KV>>::remove_leaf_kv::<<alloc::collections::btree::map::entry::OccupiedEntry<u64, alloc::sync::Arc<pbrs_grpc::channelz::model::ServerEntry>>>::remove_kv::{closure#0}, alloc::alloc::Global>
0 25
cob=(2)
cfi=(2)
cfn=(4536)
calls=1 0 
0 12
0 10
cob=(2)
cfi=(2)
cfn=(4536)
calls=1 0 
0 12
0 43

fn=(7684) core::ptr::drop_glue::<tokio::runtime::scheduler::multi_thread::worker::Core>
0 36
cfn=(7686) core::ptr::drop_glue::<tokio::runtime::scheduler::multi_thread::queue::Local<alloc::sync::Arc<tokio::runtime::scheduler::multi_thread::handle::Handle>>>
calls=4 0 
0 92
0 28

fn=(7694) <&mut tokio::sync::oneshot::Receiver<()> as core::future::future::Future>::poll
0 71
cfn=(6430)
calls=1 0 
0 5
0 32
cfn=(7870) <alloc::sync::Arc<tokio::sync::oneshot::Inner<()>>>::drop_slow
calls=1 0 
0 93
0 18

fn=(7860) <alloc::sync::Arc<tokio::runtime::scheduler::multi_thread::park::Shared>>::drop_slow
0 4
cfn=(7862) core::ptr::drop_glue::<tokio::runtime::driver::Driver>
calls=1 0 
0 248
0 7
cob=(2)
cfi=(2)
cfn=(4920)
calls=1 0 
0 117

fn=(7868) core::ptr::drop_glue::<alloc::vec::Vec<alloc::sync::Arc<tokio::runtime::io::scheduled_io::ScheduledIo>>>
0 23
cob=(2)
cfi=(2)
cfn=(4920)
calls=1 0 
0 65

fn=(7930) <alloc::sync::Arc<std::thread::thread::Inner, std::alloc::System>>::drop_slow
0 48
cob=(2)
cfi=(2)
cfn=(4920)
calls=4 0 
0 468
0 36
cob=(2)
cfi=(2)
cfn=(4920)
calls=4 0 
0 312

fn=(7966) core::ptr::drop_glue::<alloc::collections::vec_deque::VecDeque<tokio::runtime::blocking::pool::Task>>
0 16
cfn=(7968) core::ptr::drop_glue::<alloc::collections::vec_deque::Dropper<tokio::runtime::blocking::pool::Task>>
calls=1 0 
0 9
0 11
cob=(2)
cfi=(2)
cfn=(4920)
calls=1 0 
0 65

fn=(6518) <h2::proto::streams::prioritize::Prioritize>::pop_pending_open
0 46189
cfn=(6520) <h2::proto::streams::store::Queue<h2::proto::streams::stream::NextOpen>>::pop::<h2::proto::streams::store::Store>
calls=2431 0 
0 20616
0 39844

fn=(6794) <core::pin::Pin<&mut pbrs_grpc::keepalive::wait_opt::{closure#0}> as core::future::future::Future>::poll
0 12688

fn=(6796) tokio::runtime::task::raw::poll::<pbrs_grpc::client::pool::finish_h2<tokio::net::tcp::stream::TcpStream>::{closure#0}::{closure#2}, alloc::sync::Arc<tokio::runtime::scheduler::multi_thread::handle::Handle>>
0 32240
cfn=(6798) pbrs_grpc::client::pool::finish_h2::<tokio::net::tcp::stream::TcpStream>::{closure#0}::{closure#2}
calls=620 0 
0 4706308
0 23580
cfn=(5716)
calls=10 0 
0 890
0 5030

fn=(4108)
0 11
cob=(2)
cfi=(2)
cfn=(4110) (below main)
calls=1 0 
0 8163893

fn=(5014) std::sys::pal::unix::stack_overflow::imp::make_handler
0 79
cob=(2)
cfi=(2)
cfn=(4198) pthread_self
calls=4 0 
0 8
0 12
cob=(2)
cfi=(2)
cfn=(4200) pthread_getattr_np
calls=4 0 
0 4156
0 24
cob=(2)
cfi=(2)
cfn=(6142) pthread_attr_getguardsize
calls=4 0 
0 16
0 44
cob=(2)
cfi=(2)
cfn=(5010) pthread_attr_getstack
calls=4 0 
0 32
0 28
cob=(2)
cfi=(2)
cfn=(5012) pthread_attr_destroy
calls=4 0 
0 640
0 28
cfn=(5024) std::sys::pal::unix::stack_overflow::thread_info::set_current_info
calls=4 0 
0 900
0 35
cob=(2)
cfi=(2)
cfn=(5016) sigaltstack
calls=5 0 
0 25
0 20
cob=(2)
cfi=(2)
cfn=(5018) getauxval
calls=5 0 
0 725
0 55
cob=(2)
cfi=(2)
cfn=(5020) mmap
calls=5 0 
0 110
0 35
cob=(2)
cfi=(2)
cfn=(5022) mprotect
calls=5 0 
0 25
0 45
cob=(2)
cfi=(2)
cfn=(5016)
calls=5 0 
0 25
0 45

fn=(5068) std::sys::random::linux::hashmap_random_keys
0 45
cfn=(5070) std::sys::random::linux::getrandom
calls=5 0 
0 689
0 25

fn=(5162) alloc::io::read::default_read_to_end::small_probe_read::<&std::fs::File>
0 42
cob=(2)
cfi=(2)
cfn=(5130) read
calls=2 0 
0 56
0 31
cob=(2)
cfi=(2)
cfn=(4536)
calls=1 0 
0 12
0 26

fn=(5424)
0 420
cfn=(5486) __rustc::__rust_realloc
calls=19 0 
0 4203
0 62
cob=(2)
cfi=(2)
cfn=(4210)
calls=6 0 
0 584
0 10480
cfn=(5486)
calls=409 0 
0 230707
0 1626
cob=(2)
cfi=(2)
cfn=(4210)
calls=404 0 
0 64506
0 38141
cob=(2)
cfi=(2)
cfn=(4506) realloc
calls=2 0 
0 936
0 12063
cob=(2)
cfi=(2)
cfn=(4210)
calls=1005 0 
0 42559
0 12374
cfn=(5486)
calls=2 0 
0 872
0 88
cob=(2)
cfi=(2)
cfn=(4210)
calls=12 0 
0 2181
0 677
cfn=(5486)
calls=7 0 
0 1192
0 105
cob=(2)
cfi=(2)
cfn=(4210)
calls=13 0 
0 1908
0 553
cob=(2)
cfi=(2)
cfn=(4210)
calls=8 0 
0 970
0 134

fn=(5428) core::ptr::drop_glue::<alloc::vec::Vec<alloc::boxed::Box<tokio::runtime::scheduler::multi_thread::worker::Core>>>
0 48
cob=(2)
cfi=(2)
cfn=(4920)
calls=2 0 
0 190

fn=(5678) <std::sys::thread_local::native::lazy::Storage<tokio::runtime::park::ParkThread, ()>>::get_or_init_slow::<tokio::runtime::park::CURRENT_PARKER::__rust_std_internal_init_fn>
0 10
cob=(2)
cfi=(2)
cfn=(4210)
calls=1 0 
0 41
0 22
cfn=(5432) std::sys::thread_local::destructors::linux_like::register
calls=1 0 
0 441
0 4

fn=(5718) <tokio::runtime::scheduler::multi_thread::handle::Handle>::push_remote_task
0 25247

fn=(5726) <core::net::socket_addr::SocketAddrV4 as core::fmt::Display>::fmt
0 138
cfn=(5728) core::fmt::write
calls=6 0 
0 9661
0 24

fn=(5730) <&core::net::ip_addr::Ipv4Addr as core::fmt::Display>::fmt
0 12
cfn=(5732) <core::net::ip_addr::Ipv4Addr as core::fmt::Display>::fmt
calls=6 0 
0 7789

fn=(5738) <core::fmt::Formatter>::pad_integral::write_prefix
0 630

fn=(5752) <pbrs_grpc::client::channel::Target>::parse
0 20
cfn=(5754) <core::str::pattern::StrSearcher>::new
calls=1 0 
0 180
0 3
cfn=(5760) <core::str::pattern::StrSearcher as core::str::pattern::Searcher>::next_match
calls=1 0 
0 97
0 9
cfn=(5754)
calls=1 0 
0 180
0 3
cfn=(5760)
calls=1 0 
0 97
0 10
cfn=(5754)
calls=1 0 
0 180
0 3
cfn=(5760)
calls=1 0 
0 97
0 10
cfn=(5754)
calls=1 0 
0 180
0 3
cfn=(5760)
calls=1 0 
0 97
0 6
cfn=(5762) <http::uri::authority::Authority as core::str::traits::FromStr>::from_str
calls=1 0 
0 514
0 16

fn=(5778) <hashbrown::raw::RawTableInner>::fallible_with_capacity::<alloc::alloc::Global>
0 84
cob=(2)
cfi=(2)
cfn=(4210)
calls=2 0 
0 402
0 40
cob=(2)
cfi=(2)
cfn=(4972)
calls=2 0 
0 20
0 24

fn=(6036) <std::sys::thread::unix::Thread>::new::thread_start
0 86
cob=(2)
cfi=(2)
cfn=(6044) pthread_setspecific
calls=3 0 
0 99
0 67
cfn=(6038)
calls=1 0 
0 93
0 3
cob=(2)
cfi=(2)
cfn=(6044)
calls=1 0 
0 33
0 22
cob=(2)
cfi=(2)
cfn=(4536)
calls=4 0 
0 48
0 12
cob=(2)
cfi=(2)
cfn=(4198)
calls=4 0 
0 8
0 12
cob=(2)
cfi=(2)
cfn=(6046) pthread_setname_np
calls=4 0 
0 212
0 24
cob=(2)
cfi=(2)
cfn=(4920)
calls=4 0 
0 5265
0 8
cfn=(5014)
calls=4 0 
0 6872
0 12
cfn=(6144) <std::thread::lifecycle::spawn_unchecked<<tokio::runtime::blocking::pool::Spawner>::spawn_thread::{closure#0}, ()>::{closure#1} as core::ops::function::FnOnce<()>>::call_once::{shim:vtable#0}
calls=4 0 
0 24122818
0 16
cob=(2)
cfi=(2)
cfn=(4920)
calls=4 0 
0 312
0 8
cfn=(7696) <std::sys::pal::unix::stack_overflow::Handler as core::ops::drop::Drop>::drop
calls=4 0 
0 1997
0 32

fn=(6156) <tokio::runtime::metrics::worker::WorkerMetrics>::set_thread_id
0 132

fn=(6176) <hashbrown::raw::RawTable<(&str, alloc::sync::Arc<dyn pbrs_grpc::server::dispatch::DynService>)>>::reserve_rehash::<hashbrown::map::make_hasher<&str, alloc::sync::Arc<dyn pbrs_grpc::server::dispatch::DynService>, std::hash::random::RandomState>::{closure#0}>
0 42
cfn=(6178)
calls=1 0 
0 97
0 11
cob=(2)
cfi=(2)
cfn=(4972)
calls=1 0 
0 10
0 24

fn=(6222) tokio::sync::mpsc::bounded::channel::<()>
0 7
cob=(2)
cfi=(2)
cfn=(4210)
calls=1 0 
0 41
0 33
cob=(2)
cfi=(2)
cfn=(5224) posix_memalign
calls=1 0 
0 505
0 12
cob=(2)
cfi=(2)
cfn=(4536)
calls=1 0 
0 76
0 8

fn=(6318) std::sys::io::error::unix::decode_error_kind
0 64

fn=(6338) <h2::codec::Codec<tokio::net::tcp::stream::TcpStream, h2::proto::streams::prioritize::Prioritized<bytes::bytes::Bytes>>>::with_max_recv_frame_size
0 54
cob=(2)
cfi=(2)
cfn=(4210)
calls=2 0 
0 449
0 22
cob=(2)
cfi=(2)
cfn=(4536)
calls=2 0 
0 58
0 16
cob=(2)
cfi=(2)
cfn=(4536)
calls=2 0 
0 58
0 26
cob=(2)
cfi=(2)
cfn=(4210)
calls=2 0 
0 373
0 20
cob=(2)
cfi=(2)
cfn=(4536)
calls=2 0 
0 58
0 66
cob=(2)
cfi=(2)
cfn=(4210)
calls=2 0 
0 373
0 32
cob=(2)
cfi=(2)
cfn=(4536)
calls=2 0 
0 58
0 96

fn=(6358) <tokio::runtime::Timer>::init
0 46
cfn=(6246)
calls=2 0 
0 72
0 64
cfn=(6360) <tokio::runtime::time::handle::Handle>::reregister
calls=2 0 
0 288

fn=(6380) <h2::codec::framed_write::Encoder<h2::proto::streams::prioritize::Prioritized<bytes::bytes::Bytes>>>::unset_frame
0 51353

fn=(6440) core::ptr::drop_glue::<<tokio::net::tcp::stream::TcpStream>::connect<&str>::{closure#0}>
0 13

fn=(6480) <pbrs_grpc::transport::h2::ClientConnection<tokio::net::tcp::stream::TcpStream> as core::future::future::Future>::poll
0 9315
cfn=(6482) <h2::proto::streams::streams::Streams<hyper::proto::h2::SendBuf<bytes::bytes::Bytes>, h2::client::Peer>>::has_streams_or_other_references
calls=621 0 
0 24410
0 2484
cfn=(6482)
calls=621 0 
0 24410
0 34155
cfn=(6484) <h2::proto::streams::streams::Streams<bytes::bytes::Bytes, h2::client::Peer>>::clear_expired_reset_streams
calls=621 0 
0 35397
0 7964
cfn=(6488) <h2::proto::go_away::GoAway>::send_pending_go_away::<tokio::net::tcp::stream::TcpStream, h2::proto::streams::prioritize::Prioritized<bytes::bytes::Bytes>>
calls=1227 0 
0 41718
0 19632
cfn=(6490) <h2::proto::ping_pong::PingPong>::send_pending_pong::<tokio::net::tcp::stream::TcpStream, h2::proto::streams::prioritize::Prioritized<bytes::bytes::Bytes>>
calls=1227 0 
0 20859
0 20859
cfn=(6494) <h2::codec::Codec<tokio::net::tcp::stream::TcpStream, h2::proto::streams::prioritize::Prioritized<bytes::bytes::Bytes>> as futures_core::stream::Stream>::poll_next
calls=1227 0 
0 1399163
0 16482
cob=(2)
cfi=(2)
cfn=(4536)
calls=606 0 
0 17574
0 7272
cob=(2)
cfi=(2)
cfn=(4536)
calls=606 0 
0 17574
0 3030
cfn=(6504) <h2::proto::connection::DynConnection>::recv_frame
calls=606 0 
0 639187
0 19484
cfn=(6492) <h2::proto::ping_pong::PingPong>::send_pending_ping::<tokio::net::tcp::stream::TcpStream, h2::proto::streams::prioritize::Prioritized<bytes::bytes::Bytes>>
calls=1227 0 
0 60154
0 12326
cfn=(6550) <h2::proto::streams::streams::Streams<bytes::bytes::Bytes, h2::client::Peer>>::apply_local_settings
calls=1 0 
0 163
0 50348
cfn=(6340) <h2::codec::framed_write::Encoder<h2::proto::streams::prioritize::Prioritized<bytes::bytes::Bytes>>>::buffer
calls=1 0 
0 172
0 14
cfn=(6506) <h2::proto::streams::streams::Streams<bytes::bytes::Bytes, h2::client::Peer>>::apply_remote_settings
calls=1 0 
0 127
0 7
cfn=(6510) <h2::hpack::encoder::Encoder>::update_max_size
calls=1 0 
0 11
0 10327
cfn=(6346) <h2::codec::framed_write::FramedWrite<tokio::net::tcp::stream::TcpStream, h2::proto::streams::prioritize::Prioritized<bytes::bytes::Bytes>>>::flush
calls=201 0 
0 106329
0 18852
cfn=(6512) <h2::proto::streams::streams::Inner>::buffer_pending::<tokio::net::tcp::stream::TcpStream, bytes::bytes::Bytes>
calls=822 0 
0 1685985
0 8439
cfn=(6244)
calls=620 0 
0 4340
cfn=(6430)
calls=1 0 
0 5
0 4562
cfn=(6386)
calls=418 0 
0 3344
0 15033
cfn=(6346)
calls=621 0 
0 45107
0 14904
cfn=(6558) <h2::proto::streams::streams::Inner>::reclaim_written_frame::<tokio::net::tcp::stream::TcpStream, bytes::bytes::Bytes>
calls=621 0 
0 47817
0 27324
cfn=(6482)
calls=621 0 
0 24410
0 7452

fn=(6534) <tokio::runtime::time::wheel::Wheel>::remove
0 103

fn=(6540)
0 23728

fn=(6564) core::ptr::drop_glue::<pbrs_grpc::client::pool::finish_tcp::{closure#0}>
0 15

fn=(6574) <pbrs_grpc::client::pool::Endpoint>::describe
0 21
cob=(2)
cfi=(2)
cfn=(4210)
calls=1 0 
0 41
0 10
cob=(2)
cfi=(2)
cfn=(4536)
calls=1 0 
0 12
0 11

fn=(6582) <pbrs_grpc::channelz::model::Connectivity as core::fmt::Debug>::fmt
0 10
cfn=(5740)
calls=1 0 
0 42

fn=(6632)
0 8040

fn=(6636)
0 7437
cfn=(6638) <tokio::sync::batch_semaphore::Acquire as core::future::future::Future>::poll
calls=201 0 
0 15075
0 1005
cfn=(6640) <tokio::sync::batch_semaphore::Acquire as core::ops::drop::Drop>::drop
calls=201 0 
0 1809
0 3618

fn=(6640)
0 9045

fn=(6662)
0 5427
cfn=(6664) bytes::bytes::shared_clone
calls=201 0 
0 2010
0 64923
cfn=(6666) <http::uri::Uri>::from_parts
calls=201 0 
0 11256
0 10251
cfn=(6668) <pbrs_grpc::metadata::Metadata>::len
calls=201 0 
0 6834
0 2814
cfn=(6670) <http::header::map::HeaderMap>::try_with_capacity
calls=201 0 
0 39908
0 3216
cfn=(6672) core::ptr::drop_glue::<http::header::map::HeaderMap>
calls=201 0 
0 9849
0 3417
cfn=(6678) <http::header::map::HeaderMap>::try_insert2::<http::header::name::HeaderName>
calls=201 0 
0 33567
0 2211
cfn=(6678)
calls=201 0 
0 33567
0 3819
cfn=(6678)
calls=201 0 
0 51456
0 2412
cfn=(6684) <pbrs_grpc::metadata::Metadata>::write_to
calls=201 0 
0 4020
0 1407
cfn=(6600) bytes::bytes::static_clone
calls=201 0 
0 1407
0 2211
cfn=(6678)
calls=201 0 
0 37989
0 1809
cob=(2)
cfi=(2)
cfn=(4536)
calls=201 0 
0 5829
0 1809

fn=(6678)
0 18291
cfn=(6680) <http::header::map::HeaderMap>::try_reserve_one
calls=1407 0 
0 37989
0 9849
cfn=(6682) http::header::map::hash_elem_using::<http::header::name::HeaderName>
calls=1407 0 
0 80802
0 139494

fn=(6684)
0 8040

fn=(6694) <h2::frame::headers::Pseudo>::set_scheme
0 7839

fn=(6726)
0 9648

fn=(6750)
0 2412

fn=(6760) <h2::proto::streams::prioritize::Prioritize>::try_assign_capacity
0 81807
cfn=(6804)
calls=402 0 
0 18090
0 6030

fn=(6770) core::ptr::drop_glue::<pbrs_grpc::wire::send::send_frame::{closure#0}>
0 5226

fn=(6820)
0 208

fn=(6822)
0 18
cfn=(6824) <alloc::raw_vec::RawVec<h2::hpack::table::Slot>>::grow_one
calls=3 0 
0 1057
0 30

fn=(6834) core::ptr::drop_glue::<http::header::map::IntoIter<http::header::value::HeaderValue>>
0 19296
cfn=(6674) core::ptr::drop_glue::<[http::header::map::Bucket<http::header::value::HeaderValue>]>
calls=603 0 
0 7839
0 2412
cob=(2)
cfi=(2)
cfn=(4920)
calls=603 0 
0 44253
0 6030
cfn=(6676) core::ptr::drop_glue::<alloc::vec::Vec<http::header::map::ExtraValue<http::header::value::HeaderValue>>>
calls=603 0 
0 10854

fn=(6842) <bytes::bytes_mut::BytesMut as bytes::buf::buf_mut::BufMut>::put::<bytes::buf::take::Take<&mut h2::proto::streams::prioritize::Prioritized<bytes::bytes::Bytes>>>
0 16482
cob=(2)
cfi=(2)
cfn=(4536)
calls=402 0 
0 11650
0 14472

fn=(6852) <h2::frame::headers::HeaderBlock>::load::{closure#0}
0 86832
cfn=(6698)
calls=804 0 
0 5628
0 14271
cfn=(6698)
calls=804 0 
0 5628
0 28944
cfn=(6698)
calls=201 0 
0 1407
0 1206
cfn=(6698)
calls=603 0 
0 4221
0 32361
cfn=(6876) <http::header::map::HeaderMap>::try_append2::<http::header::name::HeaderName>
calls=1407 0 
0 404997
0 28542
cfn=(6854) core::ptr::drop_glue::<core::option::Option<http::method::Method>>
calls=201 0 
0 804
0 1608

fn=(6864) bytes::bytes_mut::shared_v_clone
0 24120

fn=(6872) <bytes::bytes::Bytes>::copy_from_slice
0 84
cob=(2)
cfi=(2)
cfn=(4210)
calls=7 0 
0 1163
0 70
cob=(2)
cfi=(2)
cfn=(4536)
calls=7 0 
0 77
0 119

fn=(6906) <http::uri::authority::Authority>::from_shared
0 44823

fn=(6912) <http::uri::path::PathAndQuery>::from_shared
0 67938

fn=(6922) <h2::proto::streams::streams::Actions>::reset_on_recv_stream_err::<bytes::bytes::Bytes>
0 24120

fn=(6930) <h2::proto::streams::store::Ptr as core::ops::deref::DerefMut>::deref_mut
0 30753

fn=(6934) core::ptr::drop_glue::<core::option::Option<h2::proto::error::Error>>
0 804

fn=(6938) <h2::proto::streams::streams::StreamRef<bytes::bytes::Bytes>>::take_request
0 5829
cfn=(6940) <h2::proto::streams::recv::Recv>::take_request
calls=201 0 
0 35577
0 3618

fn=(6954) <hashbrown::map::HashMap<core::any::TypeId, alloc::boxed::Box<dyn http::extensions::AnyClone + core::marker::Send + core::marker::Sync>, core::hash::BuildHasherDefault<http::extensions::IdHasher>>>::insert
0 17286
cfn=(6956)
calls=201 0 
0 29915
0 201

fn=(6962) <devloop::ProstNativeEchod as pbrs_grpc::server::dispatch::DynService>::dispatch
0 2010
cob=(2)
cfi=(2)
cfn=(4536)
calls=201 0 
0 24924
0 603
cob=(2)
cfi=(2)
cfn=(4210)
calls=201 0 
0 55228
0 2405
cob=(2)
cfi=(2)
cfn=(4536)
calls=200 0 
0 2306696
0 5
cob=(2)
cfi=(2)
cfn=(4536)
calls=1 0 
0 11535
0 1005

fn=(6980) core::ptr::drop_glue::<http::request::Parts>
0 1608
cfn=(6914) core::ptr::drop_glue::<http::uri::Uri>
calls=201 0 
0 5829
0 402
cfn=(6672)
calls=201 0 
0 60085
0 1005
cfn=(6608)
calls=201 0 
0 3417

fn=(6982) <pbrs_grpc::server::rpc::Rpc>::run_unary_request::<pbrs_grpc::codec::prost::Message<devloop::echo::EchoRequest>, pbrs_grpc::request::Response<pbrs_grpc::stream::Streaming<pbrs_grpc::codec::prost::Message<devloop::echo::EchoReply>>>, <devloop::ProstNativeEchod as pbrs_grpc::server::dispatch::Service>::call::{closure#0}::{closure#1}, <devloop::ProstNativeEchod as pbrs_grpc::server::dispatch::Service>::call::{closure#0}::{closure#1}::{closure#0}>::{closure#0}::{closure#2}
0 8844
cfn=(6984) pbrs_grpc::wire::frame_reader::read_one_message::<pbrs_grpc::codec::prost::Message<devloop::echo::EchoRequest>>::{closure#0}
calls=201 0 
0 377390
0 7035
cfn=(6774) <pbrs_grpc::channelz::model::Registry>::note_messages
calls=201 0 
0 33165
0 22110
cob=(2)
cfi=(2)
cfn=(4210)
calls=201 0 
0 8241
0 2406
cob=(2)
cfi=(2)
cfn=(4536)
calls=200 0 
0 2000
0 4
cob=(2)
cfi=(2)
cfn=(4536)
calls=1 0 
0 10
0 5025
cob=(2)
cfi=(2)
cfn=(4536)
calls=201 0 
0 17688
0 15879
cob=(2)
cfi=(2)
cfn=(4536)
calls=201 0 
0 17688
0 3015
cob=(2)
cfi=(2)
cfn=(4536)
calls=201 0 
0 17688
0 5025
cfn=(7016) <devloop::ProstNativeEchod as pbrs_grpc::server::dispatch::Service>::call::{closure#0}::{closure#1}::{closure#0}
calls=201 0 
0 478937
0 2211
cob=(2)
cfi=(2)
cfn=(4536)
calls=201 0 
0 15276
0 2814
cob=(2)
cfi=(2)
cfn=(4536)
calls=201 0 
0 15276
0 2613
cob=(2)
cfi=(2)
cfn=(4536)
calls=201 0 
0 15276
0 804
cfn=(7022) core::ptr::drop_glue::<pbrs_grpc::server::drain::run_handler<pbrs_grpc::request::Response<pbrs_grpc::stream::Streaming<pbrs_grpc::codec::prost::Message<devloop::echo::EchoReply>>>, <devloop::ProstNativeEchod as pbrs_grpc::server::dispatch::Service>::call::{closure#0}::{closure#1}::{closure#0}>::{closure#0}>
calls=201 0 
0 3015
0 1809
cob=(2)
cfi=(2)
cfn=(4536)
calls=201 0 
0 15276
0 2211

fn=(6990) <pbrs_grpc::wire::frame_reader::FrameReader>::push
0 8040
cfn=(6692) bytes::bytes::static_drop
calls=402 0 
0 402
0 5226

fn=(7000) <h2::proto::streams::streams::OpaqueStreamRef as core::ops::drop::Drop>::drop
0 165624
cfn=(7002) h2::proto::streams::streams::maybe_cancel
calls=1608 0 
0 41406
0 40602
cfn=(6786)
calls=402 0 
0 7638
0 3835
cfn=(6282)
calls=16 0 
0 2057
0 14086
cfn=(6792) <h2::proto::streams::store::Queue<h2::proto::streams::stream::NextAccept>>::pop::<h2::proto::streams::store::Store>
calls=402 0 
0 2412
0 4422
cfn=(6766) <h2::proto::streams::counts::Counts>::transition_after
calls=402 0 
0 62632
0 7236
cfn=(6766)
calls=1206 0 
0 87954
0 30552

fn=(7004) <pbrs_grpc::wire::frame_reader::FrameReader>::next_frame
0 75681
cfn=(6864)
calls=1005 0 
0 10050
0 9045
cfn=(6850) bytes::bytes_mut::shared_v_drop
calls=1005 0 
0 5025
0 16281
cfn=(6864)
calls=603 0 
0 6030
0 5427

fn=(7024) core::ptr::drop_glue::<<pbrs_grpc::server::rpc::Rpc>::run_unary_request<pbrs_grpc::codec::prost::Message<devloop::echo::EchoRequest>, pbrs_grpc::request::Response<pbrs_grpc::codec::prost::Message<devloop::echo::EchoReply>>, <devloop::ProstNativeEchod as pbrs_grpc::server::dispatch::Service>::call::{closure#0}::{closure#0}, <devloop::ProstNativeEchod as pbrs_grpc::server::dispatch::Service>::call::{closure#0}::{closure#0}::{closure#0}>::{closure#0}::{closure#2}>
0 4221

fn=(7030) core::ptr::drop_glue::<<pbrs_grpc::server::rpc::Rpc>::run_unary_request<pbrs_grpc::codec::prost::Message<devloop::echo::EchoRequest>, pbrs_grpc::request::Response<pbrs_grpc::codec::prost::Message<devloop::echo::EchoReply>>, <devloop::ProstNativeEchod as pbrs_grpc::server::dispatch::Service>::call::{closure#0}::{closure#0}, <devloop::ProstNativeEchod as pbrs_grpc::server::dispatch::Service>::call::{closure#0}::{closure#0}::{closure#0}>::{closure#0}>
0 2613

fn=(7034) pbrs_grpc::wire::send::send_ok_headers
0 5427
cfn=(6668)
calls=201 0 
0 6834
0 1608
cfn=(6670)
calls=201 0 
0 34842
0 3216
cfn=(6672)
calls=201 0 
0 9849
0 3417
cfn=(6678)
calls=201 0 
0 33567
0 4020
cfn=(6678)
calls=201 0 
0 51456
0 2010
cfn=(6684)
calls=201 0 
0 4020
0 3819
cfn=(7036) <pbrs_grpc::transport::h2::SendResponse as pbrs_grpc::transport::SendResponse>::send_response
calls=201 0 
0 464193
0 3216

fn=(7040) pbrs_grpc::server::drain::drain_to_wire::<pbrs_grpc::codec::prost::Message<devloop::echo::EchoReply>>::{closure#0}
0 19608
cfn=(7104) tokio::runtime::context::defer
calls=201 0 
0 14675
0 6030
cob=(2)
cfi=(2)
cfn=(4210)
calls=201 0 
0 55519
0 2805
cob=(2)
cfi=(2)
cfn=(4210)
calls=200 0 
0 11532
0 7
cob=(2)
cfi=(2)
cfn=(4210)
calls=1 0 
0 197
0 8641
cfn=(7048) <tokio::sync::mpsc::list::Rx<core::result::Result<pbrs_grpc::stream::Framed<pbrs_grpc::codec::prost::Message<pbrs_adoption_corpus::prost_types::EntityList>>, pbrs_grpc::status::Status>>>::pop
calls=201 0 
0 5829
0 2412
cfn=(7042) core::ptr::drop_glue::<[core::result::Result<pbrs_grpc::stream::Framed<pbrs_grpc::codec::prost::Message<devloop::echo::EchoReply>>, pbrs_grpc::status::Status>]>
calls=402 0 
0 6834
0 36724
cfn=(7044) <h2::proto::streams::streams::StreamRef<bytes::bytes::Bytes>>::poll_reset
calls=598 0 
0 67358
0 47764
cfn=(7048)
calls=1402 0 
0 46482
0 12965
cfn=(6366)
calls=196 0 
0 8428
0 2156
cfn=(7048)
calls=196 0 
0 5880
0 8925
cfn=(6642)
calls=201 0 
0 13065
0 10824
cfn=(7112) <pbrs_grpc::wire::out_batch::OutBatch>::flush::{closure#0}
calls=201 0 
0 5226
0 2613
cfn=(7114) core::ptr::drop_glue::<[pbrs_grpc::limits::BytePermit]>
calls=201 0 
0 3618
0 804
cfn=(7114)
calls=201 0 
0 3618
0 804
cob=(2)
cfi=(2)
cfn=(4920)
calls=201 0 
0 25452
0 1005
cfn=(7042)
calls=201 0 
0 3417
0 804
cob=(2)
cfi=(2)
cfn=(4920)
calls=201 0 
0 37992
0 603
cfn=(7132) core::ptr::drop_glue::<pbrs_grpc::wire::out_batch::OutBatch>
calls=201 0 
0 7638
0 48843
cfn=(6652) <pbrs_grpc::limits::ByteBudgetTracker>::try_acquire
calls=804 0 
0 34628
0 52260
cfn=(7112)
calls=201 0 
0 275273
0 2814
cfn=(7114)
calls=201 0 
0 32964
0 12663
cfn=(6616)
calls=603 0 
0 305285
0 21105
cfn=(7110) <pbrs_grpc::codec::prost::Message<devloop::echo::EchoReply> as pbrs_grpc::codec::CodecMessage>::encode_to_vec
calls=804 0 
0 225611
0 14472
cob=(2)
cfi=(2)
cfn=(4536)
calls=804 0 
0 99600
0 8844
cob=(2)
cfi=(2)
cfn=(4920)
calls=804 0 
0 58692
0 6432
cob=(2)
cfi=(2)
cfn=(4920)
calls=804 0 
0 69280
0 12864
cfn=(6774)
calls=804 0 
0 133464
0 12010

fn=(7044)
0 23322
cfn=(7046) <h2::proto::streams::send::Send>::poll_reset
calls=598 0 
0 33272
0 10764

fn=(7104)
0 5427
cfn=(7106) <tokio::runtime::scheduler::defer::Defer>::defer
calls=201 0 
0 9248

fn=(7108) <tokio::runtime::driver::Driver>::park_timeout
0 1629
cfn=(6272) <tokio::runtime::time::Driver>::park_internal
calls=181 0 
0 103649

fn=(7136) pbrs_grpc::wire::send::grpc_trailers
0 4621
cfn=(7138) <std::sync::once_lock::OnceLock<pbrs_grpc::metadata::Metadata>>::initialize::<<std::sync::once_lock::OnceLock<pbrs_grpc::metadata::Metadata>>::get_or_init<<pbrs_grpc::metadata::Metadata>::new>::{closure#0}, !>
calls=1 0 
0 85
0 807
cob=(2)
cfi=(2)
cfn=(4210)
calls=201 0 
0 8819
0 2206
cob=(2)
cfi=(2)
cfn=(4210)
calls=200 0 
0 14095
0 3
cob=(2)
cfi=(2)
cfn=(4210)
calls=1 0 
0 213
0 4606
cfn=(6678)
calls=200 0 
0 44600
0 15
cfn=(6678)
calls=1 0 
0 223
0 5226

fn=(7150) core::ptr::drop_glue::<pbrs_grpc::stream::Source<pbrs_grpc::codec::prost::Message<devloop::echo::EchoReply>>>
0 3618
cfn=(7322) core::ptr::drop_glue::<pbrs_grpc::wire::frame_reader::WireStream<pbrs_grpc::codec::prost::Message<pbrs_adoption_corpus::prost_types::EntityList>>>
calls=201 0 
0 165717
0 1407
cob=(2)
cfi=(2)
cfn=(4920)
calls=201 0 
0 13065
0 1206
cfn=(7152) <tokio::sync::batch_semaphore::Semaphore>::close
calls=201 0 
0 7035
0 4020
cfn=(7020) <tokio::sync::notify::NotifyGuard>::notify_waiters
calls=201 0 
0 6633
0 4422
cfn=(7154) <<tokio::sync::mpsc::chan::Rx<_, _> as core::ops::drop::Drop>::drop::{closure#0}::Guard<core::result::Result<pbrs_grpc::stream::Framed<pbrs_grpc::codec::prost::Message<devloop::echo::EchoReply>>, pbrs_grpc::status::Status>, tokio::sync::mpsc::bounded::Semaphore>>::drain
calls=201 0 
0 10854
0 402
cfn=(7154)
calls=201 0 
0 10854
0 1809
cfn=(7156) <alloc::sync::Arc<tokio::sync::mpsc::chan::Chan<core::result::Result<pbrs_grpc::stream::Framed<pbrs_grpc::codec::prost::Message<devloop::echo::EchoReply>>, pbrs_grpc::status::Status>, tokio::sync::mpsc::bounded::Semaphore>>>::drop_slow
calls=201 0 
0 82977

fn=(7154)
0 5628
cfn=(7048)
calls=402 0 
0 11658
0 4422

fn=(7196) core::ptr::drop_glue::<pbrs_grpc::client::call::race_in<pbrs_grpc::rt::TokioRuntime, pbrs_grpc::request::Response<pbrs_grpc::stream::Streaming<pbrs_grpc::codec::prost::Message<pbrs_adoption_corpus::prost_types::EntityList>>>, pbrs_grpc::client::streaming::run_server_stream_inner<pbrs_grpc::codec::prost::Message<pbrs_adoption_corpus::prost_types::EntityList>>::{closure#0}::{closure#1}>::{closure#0}>
0 3216

fn=(7214) <pbrs_grpc::telemetry::CallGuard as core::ops::drop::Drop>::drop
0 1809

fn=(7228) <pbrs_grpc::request::Response<pbrs_grpc::stream::Streaming<pbrs_grpc::codec::prost::Message<devloop::echo::EchoReply>>>>::into_inner
0 3819
cfn=(6672)
calls=201 0 
0 51541
0 1005
cfn=(6672)
calls=201 0 
0 9849
0 1809
cfn=(6608)
calls=201 0 
0 3417
0 1407

fn=(7250) <pbrs_grpc::codec::prost::Message<devloop::echo::EchoReply> as pbrs_grpc::codec::CodecMessage>::decode_payload
0 19296
cfn=(7008) prost::encoding::varint::decode_varint::<&mut bytes::bytes::Bytes>
calls=804 0 
0 13668
0 14472
cfn=(7008)
calls=804 0 
0 42612
0 16884
cfn=(7012) <alloc::vec::Vec<u8> as prost::encoding::sealed::BytesAdapter>::replace_with::<bytes::bytes::Bytes>
calls=804 0 
0 246012
0 4824
cfn=(6692)
calls=804 0 
0 804
0 15276

fn=(7482) <std::time::Instant>::elapsed
0 7
cfn=(5192)
calls=1 0 
0 26
0 10
cfn=(6246)
calls=1 0 
0 36
0 9

fn=(7492)
0 16

fn=(7526) <alloc::sync::Arc<pbrs_grpc::channelz::model::ChannelEntry>>::drop_slow
0 4
cfn=(7528) core::ptr::drop_glue::<pbrs_grpc::channelz::model::ChannelEntry>
calls=1 0 
0 653
0 7
cob=(2)
cfi=(2)
cfn=(4920)
calls=1 0 
0 65

fn=(7540) core::ptr::drop_glue::<tokio::runtime::context::runtime::EnterRuntimeGuard>
0 20
cfn=(5668) <tokio::runtime::context::current::SetCurrentGuard as core::ops::drop::Drop>::drop
calls=1 0 
0 45
0 87
cfn=(5668)
calls=4 0 
0 180
0 28

fn=(7544) <tokio::runtime::runtime::Runtime as core::ops::drop::Drop>::drop
0 18
cfn=(7546) <tokio::runtime::scheduler::multi_thread::handle::Handle>::shutdown
calls=1 0 
0 249

fn=(7554)
0 55
cfn=(7556) core::ptr::drop_glue::<<pbrs_grpc::server::router::Router>::serve_listener::{closure#0}>
calls=1 0 
0 2774

fn=(7556)
0 14
cfn=(7558) core::ptr::drop_glue::<pbrs_grpc::server::accept::accept_loop<pbrs_grpc::server::router::Router, core::future::pending::Pending<()>>::{closure#0}>
calls=1 0 
0 2755
0 5

fn=(7562) core::ptr::drop_glue::<tokio::sync::mpsc::bounded::Receiver<()>>
0 14
cfn=(7152)
calls=1 0 
0 35
0 20
cfn=(7020)
calls=1 0 
0 33
0 26
cfn=(7564) <tokio::sync::mpsc::list::Rx<()>>::pop
calls=1 0 
0 28
0 7
cfn=(7564)
calls=1 0 
0 28
0 12

fn=(7568) core::ptr::drop_glue::<tokio::net::tcp::stream::TcpStream>
0 81
cob=(2)
cfi=(2)
cfn=(5174) epoll_ctl
calls=3 0 
0 18
0 150
cob=(2)
cfi=(2)
cfn=(5132)
calls=3 0 
0 183
0 27
cfn=(7570) core::ptr::drop_glue::<tokio::runtime::io::registration::Registration>
calls=3 0 
0 204

fn=(7584) core::ptr::drop_glue::<pbrs_grpc::server::connection::serve_io_in<pbrs_grpc::rt::TokioRuntime, pbrs_grpc::server::router::Router, tokio::net::tcp::stream::TcpStream>::{closure#0}>
0 16
cfn=(6942)
calls=1 0 
0 16
0 2
cfn=(7586) core::ptr::drop_glue::<pbrs_grpc::keepalive::wait_opt::{closure#0}>
calls=1 0 
0 16
0 2
cfn=(6538) core::ptr::drop_glue::<pbrs_grpc::keepalive::wait::{closure#0}>
calls=1 0 
0 113
0 5
cfn=(7170)
calls=1 0 
0 79
0 10
cfn=(7508) <pbrs_grpc::channelz::model::Registry>::unregister_socket
calls=1 0 
0 2561
0 5
cfn=(7588) core::ptr::drop_glue::<pbrs_grpc::transport::h2::ServerConnection<tokio::net::tcp::stream::TcpStream>>
calls=1 0 
0 5444
0 29
cfn=(7020)
calls=1 0 
0 33
0 4
cfn=(7170)
calls=1 0 
0 220
0 18
cfn=(7636) <alloc::sync::Arc<pbrs_grpc::server::router::Router>>::drop_slow
calls=1 0 
0 1621

fn=(7640) <alloc::sync::Arc<dyn pbrs_grpc::binlog::sink::Sink>>::drop_slow
0 27
cob=(2)
cfi=(2)
cfn=(4920)
calls=1 0 
0 125

fn=(7658) core::ptr::drop_glue::<pbrs_grpc::client::pool::finish_h2<tokio::net::tcp::stream::TcpStream>::{closure#0}::{closure#2}>
0 14
cfn=(7660) core::ptr::drop_glue::<pbrs_grpc::transport::h2::ClientConnection<tokio::net::tcp::stream::TcpStream>>
calls=1 0 
0 4359
0 2
cfn=(7586)
calls=1 0 
0 16
0 9
cfn=(6538)
calls=1 0 
0 362

fn=(7662) <tokio::runtime::task::harness::Harness<pbrs_grpc::client::pool::finish_h2<tokio::net::tcp::stream::TcpStream>::{closure#0}::{closure#2}, alloc::sync::Arc<tokio::runtime::scheduler::multi_thread::handle::Handle>>>::complete
0 22
cfn=(7656) <tokio::runtime::task::core::Core<pbrs_grpc::client::pool::finish_h2<tokio::net::tcp::stream::TcpStream>::{closure#0}::{closure#2}, alloc::sync::Arc<tokio::runtime::scheduler::current_thread::Handle>>>::set_stage
calls=1 0 
0 385
0 5
cfn=(7100)
calls=1 0 
0 56
0 17

fn=(7666) <alloc::sync::Arc<tokio::runtime::scheduler::multi_thread::worker::Worker>>::drop_slow
0 80
cob=(2)
cfi=(2)
cfn=(4920)
calls=4 0 
0 312

fn=(7670) <tokio::runtime::task::harness::Harness<tokio::runtime::blocking::task::BlockingTask<<tokio::runtime::scheduler::multi_thread::worker::Launch>::launch::{closure#0}>, tokio::runtime::blocking::schedule::BlockingSchedule>>::complete
0 88
cfn=(7668) <tokio::runtime::task::core::Core<tokio::runtime::blocking::task::BlockingTask<<tokio::runtime::scheduler::multi_thread::worker::Launch>::launch::{closure#0}>, tokio::runtime::blocking::schedule::BlockingSchedule>>::set_stage
calls=4 0 
0 160
0 56

fn=(7864) core::ptr::drop_glue::<tokio::runtime::config::Config>
0 20

fn=(7872) <std::thread::lifecycle::JoinInner<()>>::join
0 36
cob=(2)
cfi=(2)
cfn=(7874) pthread_join
calls=4 0 
0 625
0 84
cfn=(7930)
calls=4 0 
0 864
0 20
cfn=(7932) <alloc::sync::Arc<std::thread::lifecycle::Packet<()>>>::drop_slow
calls=4 0 
0 476
0 32

fn=(6792)
0 13284

fn=(4144) std::sys::args::unix::imp::ARGV_INIT_ARRAY::init_wrapper
0 4

fn=(4170) main
0 9
cfn=(4172) std::rt::lang_start_internal
calls=1 0 
0 8161150
0 2

fn=(5042) std::env::args_os
0 39
cob=(2)
cfi=(2)
cfn=(4210)
calls=1 0 
0 187
0 131
cob=(2)
cfi=(2)
cfn=(4582) 0x0000000000165880
calls=7 0 
0 104
0 35
cob=(2)
cfi=(2)
cfn=(4210)
calls=7 0 
0 1306
0 70
cob=(2)
cfi=(2)
cfn=(4536)
calls=7 0 
0 93
0 26

fn=(5088) <tokio::runtime::builder::Builder>::build
0 19
cfn=(5090)
calls=1 0 
0 763
0 5
cfn=(5114)
calls=1 0 
0 6422
0 15
cfn=(5168) <tokio::runtime::driver::Driver>::new
calls=1 0 
0 3027
0 10
cob=(2)
cfi=(2)
cfn=(4536)
calls=1 0 
0 29
0 8
cob=(2)
cfi=(2)
cfn=(4536)
calls=1 0 
0 29
0 6
cfn=(5210) tokio::runtime::blocking::create_blocking_pool
calls=1 0 
0 607
0 9
cfn=(5222) <tokio::util::rand::rt::RngSeedGenerator>::next_seed
calls=1 0 
0 63
0 4
cfn=(5222)
calls=1 0 
0 63
0 6
cob=(2)
cfi=(2)
cfn=(4536)
calls=1 0 
0 29
0 57
cob=(2)
cfi=(2)
cfn=(4210)
calls=1 0 
0 190
0 22
cob=(2)
cfi=(2)
cfn=(4210)
calls=1 0 
0 190
0 42
cob=(2)
cfi=(2)
cfn=(4210)
calls=1 0 
0 41
0 25
cob=(2)
cfi=(2)
cfn=(4210)
calls=1 0 
0 190
0 31
cob=(2)
cfi=(2)
cfn=(5224)
calls=1 0 
0 470
0 97
cob=(2)
cfi=(2)
cfn=(4210)
calls=4 0 
0 750
0 32
cob=(2)
cfi=(2)
cfn=(4210)
calls=4 0 
0 540
0 116
cob=(2)
cfi=(2)
cfn=(4210)
calls=4 0 
0 801
0 72
cfn=(5192)
calls=4 0 
0 104
0 16
cfn=(5192)
calls=4 0 
0 104
0 44
cfn=(5222)
calls=4 0 
0 252
0 136
cob=(2)
cfi=(2)
cfn=(4210)
calls=4 0 
0 611
0 186
cob=(2)
cfi=(2)
cfn=(4210)
calls=1 0 
0 190
0 48
cob=(2)
cfi=(2)
cfn=(4210)
calls=1 0 
0 187
0 18
cob=(2)
cfi=(2)
cfn=(4972)
calls=1 0 
0 35
0 92
cob=(2)
cfi=(2)
cfn=(4536)
calls=1 0 
0 29
0 4
cob=(2)
cfi=(2)
cfn=(4210)
calls=1 0 
0 179
0 10
cob=(2)
cfi=(2)
cfn=(4536)
calls=1 0 
0 88
0 122
cob=(2)
cfi=(2)
cfn=(4210)
calls=4 0 
0 760
0 62
cfn=(5422) <alloc::raw_vec::RawVec<usize>>::grow_one
calls=1 0 
0 261
0 7
cfn=(5426) core::ptr::drop_glue::<alloc::vec::drain::Drain<alloc::boxed::Box<tokio::runtime::scheduler::multi_thread::worker::Core>>>
calls=1 0 
0 25
0 7
cfn=(5428)
calls=1 0 
0 89
0 5
cfn=(5430) <alloc::sync::Arc<tokio::runtime::scheduler::multi_thread::park::Inner>>::drop_slow
calls=1 0 
0 77
0 73
cfn=(5468) <tokio::runtime::scheduler::Handle>::current
calls=4 0 
0 116
0 156
cob=(2)
cfi=(2)
cfn=(5224)
calls=4 0 
0 1822
0 48
cob=(2)
cfi=(2)
cfn=(4536)
calls=4 0 
0 116
0 20
cfn=(5470) <tokio::runtime::blocking::pool::Spawner>::spawn_task
calls=4 0 
0 16012
0 65
cfn=(5664) core::ptr::drop_glue::<alloc::vec::drain::Drain<alloc::sync::Arc<tokio::runtime::scheduler::multi_thread::worker::Worker>>>
calls=1 0 
0 26
0 2
cfn=(5666) core::ptr::drop_glue::<tokio::runtime::scheduler::multi_thread::worker::Launch>
calls=1 0 
0 88
0 8
cfn=(5668)
calls=1 0 
0 45
0 9
cfn=(5432)
calls=1 0 
0 237
0 3

fn=(5120)
0 22
cfn=(5122) std::sys::fs::unix::try_statx
calls=2 0 
0 247
0 20
cob=(2)
cfi=(2)
cfn=(5126) lseek
calls=2 0 
0 10
0 32

fn=(5142) <std::path::Components>::as_path
0 144
cfn=(5140) <std::path::Components>::parse_next_component_back
calls=3 0 
0 233
0 36

fn=(5160)
0 12
cfn=(5120)
calls=1 0 
0 165
0 15
cfn=(5128)
calls=1 0 
0 250
0 9
cfn=(5058) core::str::converts::from_utf8
calls=1 0 
0 109
0 14

fn=(5426)
0 50

fn=(5628) <std::hash::random::RandomState as core::hash::BuildHasher>::hash_one::<&usize>
0 161
cfn=(5086) <std::hash::random::DefaultHasher as core::hash::Hasher>::write
calls=7 0 
0 385
0 476

fn=(5666)
0 23
cob=(2)
cfi=(2)
cfn=(4920)
calls=1 0 
0 65

fn=(5670) core::ptr::drop_glue::<tokio::runtime::builder::Builder>
0 31

fn=(5676) <tokio::runtime::park::CachedParkThread>::waker
0 17
cfn=(5678)
calls=1 0 
0 518
0 2

fn=(5682) <tokio::net::tcp::listener::TcpListener>::bind::<&str>::{closure#0}
0 19
cfn=(5684) <str as tokio::net::addr::sealed::ToSocketAddrsPriv>::to_socket_addrs
calls=1 0 
0 241
0 10
cfn=(5690) <tokio::net::addr::sealed::MaybeReady as core::future::future::Future>::poll
calls=1 0 
0 25
0 28
cfn=(5692) <mio::net::tcp::listener::TcpListener>::bind
calls=1 0 
0 76
0 20
cfn=(5702) <tokio::io::poll_evented::PollEvented<mio::net::tcp::stream::TcpStream>>::new_with_interest
calls=1 0 
0 694
0 7

fn=(5710) <std::sys::net::connection::socket::TcpStream>::socket_addr
0 80
cob=(2)
cfi=(2)
cfn=(5712) getsockname
calls=4 0 
0 20
0 80

fn=(5742)
0 420
cfn=(5424)
calls=21 0 
0 5080
0 14844
cfn=(5424)
calls=813 0 
0 317964
0 30478
cfn=(5424)
calls=1007 0 
0 94829
0 9103
cfn=(5424)
calls=2 0 
0 170
0 294
cfn=(5424)
calls=12 0 
0 1669
0 108

fn=(5782) <str>::trim_matches::<<char>::is_whitespace>
0 255

fn=(5836) core::ptr::drop_glue::<pbrs_grpc::tcp::dial_via_proxy::{closure#0}>
0 15

fn=(6146) std::sys::backtrace::__rust_begin_short_backtrace::<std::thread::lifecycle::spawn_unchecked<<tokio::runtime::blocking::pool::Spawner>::spawn_thread::{closure#0}, ()>::{closure#1}::{closure#0}::{closure#0}, ()>
0 28
cfn=(6148) <std::thread::spawnhook::ChildSpawnHooks>::inherit_and_run
calls=4 0 
0 1256
0 8

fn=(6148)
0 84
cfn=(5494) <std::thread::spawnhook::SpawnHooks as core::ops::drop::Drop>::drop
calls=4 0 
0 76
0 128
cfn=(5432)
calls=4 0 
0 960
0 8

fn=(6154) tokio::runtime::scheduler::multi_thread::worker::run
0 132
cfn=(6156)
calls=4 0 
0 132
0 92
cfn=(5222)
calls=4 0 
0 252
0 24
cfn=(5066) <tokio::util::rand::RngSeed>::new
calls=4 0 
0 1204
0 204
cfn=(5192)
calls=4 0 
0 104
0 16
cfn=(5192)
calls=4 0 
0 104
0 163
cfn=(7654) tokio::runtime::task::raw::shutdown::<pbrs_grpc::client::pool::finish_h2<tokio::net::tcp::stream::TcpStream>::{closure#0}::{closure#2}, alloc::sync::Arc<tokio::runtime::scheduler::multi_thread::handle::Handle>>
calls=1 0 
0 6051
cfn=(7578) tokio::runtime::task::raw::shutdown::<pbrs_grpc::server::accept::accept_loop_with_slots<pbrs_grpc::server::router::Router, core::future::pending::Pending<()>>::{closure#0}::{closure#2}, alloc::sync::Arc<tokio::runtime::scheduler::multi_thread::handle::Handle>>
calls=1 0 
0 47150
cfn=(7550) tokio::runtime::task::raw::shutdown::<devloop::rpc_prost_unary::{closure#0}::{closure#0}, alloc::sync::Arc<tokio::runtime::scheduler::multi_thread::handle::Handle>>
calls=1 0 
0 4031
cfn=(7548) tokio::runtime::task::raw::shutdown::<pbrs_grpc::wire::send::reset_on_cancel::{closure#0}, alloc::sync::Arc<tokio::runtime::scheduler::multi_thread::handle::Handle>>
calls=2 0 
0 3938
0 2391
cfn=(5422)
calls=1 0 
0 112
0 149
cfn=(7678) <tokio::runtime::driver::Driver>::shutdown
calls=4 0 
0 1321
0 36
cob=(2)
cfi=(2)
cfn=(6378)
calls=4 0 
0 44
0 16
cfn=(7684)
calls=4 0 
0 156
0 8
cob=(2)
cfi=(2)
cfn=(4920)
calls=4 0 
0 260
0 16
cfn=(5426)
calls=1 0 
0 25
0 12
cfn=(7688) tokio::runtime::task::raw::dealloc::<pbrs_grpc::client::pool::finish_h2<tokio::net::tcp::stream::TcpStream>::{closure#0}::{closure#2}, alloc::sync::Arc<tokio::runtime::scheduler::multi_thread::handle::Handle>>
calls=1 0 
0 206
cfn=(7376) tokio::runtime::task::raw::dealloc::<pbrs_grpc::wire::send::reset_on_cancel::{closure#0}, alloc::sync::Arc<tokio::runtime::scheduler::multi_thread::handle::Handle>>
calls=2 0 
0 324
0 8
cfn=(6266)
calls=4 0 
0 153
0 55959
cfn=(5192)
calls=52 0 
0 1352
0 416
cfn=(6246)
calls=52 0 
0 1872
0 944
cfn=(5192)
calls=30 0 
0 780
0 300
cfn=(6246)
calls=30 0 
0 1080
0 210
cfn=(6248) __floattidf
calls=30 0 
0 1350
0 420
cob=(3)
cfi=(3)
cfn=(6250) pow
calls=30 0 
0 3750
0 420
cfn=(6268) <tokio::runtime::scheduler::multi_thread::worker::Context>::park_internal
calls=30 0 
0 11373
0 66
cfn=(6268)
calls=22 0 
0 8633
0 260
cfn=(6288)
calls=52 0 
0 2704
0 104
cfn=(5192)
calls=52 0 
0 1352
0 208
cfn=(5192)
calls=52 0 
0 1352
0 84112
cfn=(6266)
calls=4 0 
0 110
0 3038
cfn=(6266)
calls=1519 0 
0 19478
0 39267
cfn=(6164) <tokio::runtime::scheduler::multi_thread::worker::Context>::run_task
calls=285 0 
0 1387918
0 4640
cfn=(6164)
calls=1160 0 
0 19202200
0 22799
cfn=(5192)
calls=1835 0 
0 47710
0 14680
cfn=(6246)
calls=1835 0 
0 66060
0 33545
cfn=(5192)
calls=1175 0 
0 30550
0 12925
cfn=(6246)
calls=1175 0 
0 42300
0 8225
cfn=(6248)
calls=1175 0 
0 52875
0 16450
cob=(3)
cfi=(3)
cfn=(6250)
calls=1175 0 
0 146875
0 301154
cfn=(6266)
calls=1621 0 
0 8105
0 5505
cfn=(5192)
calls=214 0 
0 5564
0 856
cfn=(5192)
calls=214 0 
0 5564
0 1498
cfn=(6164)
calls=214 0 
0 1066826
0 9119
cfn=(6268)
calls=200 0 
0 126141
0 22115
cfn=(5192)
calls=1621 0 
0 42146
0 8105
cfn=(5192)
calls=1621 0 
0 42146
0 166627
cfn=(6268)
calls=1575 0 
0 713997
0 11025
cfn=(6288)
calls=1575 0 
0 81900
0 94761
cfn=(7664) core::ptr::drop_glue::<tokio::runtime::scheduler::Context>
calls=4 0 
0 850
0 8
cfn=(7540)
calls=4 0 
0 288
0 44

fn=(6174) <hashbrown::map::HashMap<&str, alloc::sync::Arc<dyn pbrs_grpc::server::dispatch::DynService>, std::hash::random::RandomState>>::insert
0 19
cfn=(5772) <std::hash::random::RandomState as core::hash::BuildHasher>::hash_one::<&alloc::string::String>
calls=1 0 
0 188
0 72
cfn=(6176)
calls=1 0 
0 184
0 1

fn=(6192) <std::sync::once_lock::OnceLock<alloc::sync::Arc<pbrs_grpc::channelz::model::Registry>>>::initialize::<<std::sync::once_lock::OnceLock<alloc::sync::Arc<pbrs_grpc::channelz::model::Registry>>>::get_or_init<<pbrs_grpc::channelz::model::Registry>::global_shared::{closure#0}>::{closure#0}, !>
0 17
cfn=(6194) <std::sys::sync::once::futex::Once>::call
calls=1 0 
0 330
0 2

fn=(6280)
0 51658
cfn=(6434)
calls=1 0 
0 63
cfn=(6282)
calls=622 0 
0 55608
0 11585

fn=(6348) <tokio::net::tcp::stream::TcpStream>::poll_write_vectored_priv
0 14544
cfn=(6350) <tokio::runtime::io::registration::Registration>::poll_ready
calls=808 0 
0 48549
0 16954
cob=(2)
cfi=(2)
cfn=(6368) writev
calls=807 0 
0 48420
0 12116

fn=(6382)
0 68

fn=(6388) <tokio::net::tcp::stream::TcpStream>::connect_mio::{closure#0}
0 29
cfn=(5702)
calls=1 0 
0 1018
0 18
cfn=(6350)
calls=1 0 
0 127
0 3
cfn=(6350)
calls=1 0 
0 60
0 21
cob=(2)
cfi=(2)
cfn=(6438) getsockopt
calls=1 0 
0 6
0 29

fn=(6452) <tokio::net::tcp::stream::TcpStream>::poll_write_priv
0 18
cfn=(6350)
calls=1 0 
0 60
0 17
cob=(2)
cfi=(2)
cfn=(6454) send
calls=1 0 
0 59
0 20

fn=(6462) <tracing::span::Span>::current
0 40
cfn=(6464) <tracing_core::subscriber::NoSubscriber as tracing_core::subscriber::Subscriber>::current_span
calls=2 0 
0 6
0 28

fn=(6548) <pbrs_grpc::transport::h2::ServerConnection<tokio::net::tcp::stream::TcpStream> as pbrs_grpc::transport::ServerConnection>::poll_accept
0 58765
cfn=(6484)
calls=805 0 
0 45885
0 7661
cfn=(6488)
calls=1210 0 
0 41140
0 19360
cfn=(6490)
calls=1210 0 
0 20570
0 20570
cfn=(6494)
calls=1210 0 
0 1518235
0 14135
cob=(2)
cfi=(2)
cfn=(4536)
calls=405 0 
0 11745
0 4860
cob=(2)
cfi=(2)
cfn=(4536)
calls=405 0 
0 11745
0 2025
cfn=(6504)
calls=405 0 
0 750409
0 14592
cfn=(6492)
calls=1210 0 
0 59301
0 12156
cfn=(6550)
calls=1 0 
0 91
0 41
cfn=(6340)
calls=1 0 
0 172
0 14
cfn=(6506)
calls=1 0 
0 130
0 49617
cfn=(6510)
calls=1 0 
0 11
0 13892
cfn=(6346)
calls=201 0 
0 106329
0 22532
cfn=(6512)
calls=1006 0 
0 1761010
0 9457
cfn=(6244)
calls=805 0 
0 5635
0 5634
cfn=(6386)
calls=402 0 
0 3216
0 19719
cfn=(6346)
calls=805 0 
0 217145
0 19320
cfn=(6558)
calls=805 0 
0 61985
0 31192
cob=(2)
cfi=(2)
cfn=(4536)
calls=201 0 
0 5829
0 5431
cfn=(6790) <h2::proto::streams::streams::Streams<bytes::bytes::Bytes, h2::server::Peer>>::next_incoming
calls=805 0 
0 69407
0 3821
cfn=(6938)
calls=201 0 
0 45024
0 804
cob=(2)
cfi=(2)
cfn=(4536)
calls=201 0 
0 5829
0 603
cfn=(6744)
calls=201 0 
0 13065
0 3417
cob=(2)
cfi=(2)
cfn=(4536)
calls=201 0 
0 5829
0 5628
cob=(2)
cfi=(2)
cfn=(4536)
calls=201 0 
0 5829
0 11874

fn=(6554) <h2::proto::streams::send::Send>::recv_connection_window_update
0 28
cfn=(6460)
calls=2 0 
0 38
0 54
cfn=(6556) <h2::proto::streams::store::Queue<h2::proto::streams::stream::NextSendCapacity>>::pop::<h2::proto::streams::store::Store>
calls=2 0 
0 12
0 30

fn=(6570)
0 1449

fn=(6572) pbrs_grpc::client::pool::register_channel_for
0 10
cfn=(6574)
calls=1 0 
0 95
0 16
cob=(2)
cfi=(2)
cfn=(4210)
calls=1 0 
0 41
0 10
cob=(2)
cfi=(2)
cfn=(4536)
calls=1 0 
0 12
0 13
cob=(2)
cfi=(2)
cfn=(4210)
calls=1 0 
0 41
0 10
cob=(2)
cfi=(2)
cfn=(4536)
calls=1 0 
0 12
0 2
cfn=(5192)
calls=1 0 
0 26
0 36
cob=(2)
cfi=(2)
cfn=(4210)
calls=1 0 
0 41
0 10
cob=(2)
cfi=(2)
cfn=(4536)
calls=1 0 
0 29
0 9
cfn=(5828) alloc::fmt::format::format_inner
calls=1 0 
0 492
0 7
cfn=(6200) <pbrs_grpc::channelz::trace::Trace>::log::<alloc::string::String>
calls=1 0 
0 512
0 23
cob=(2)
cfi=(2)
cfn=(4210)
calls=1 0 
0 201
0 31
cob=(2)
cfi=(2)
cfn=(4920)
calls=1 0 
0 65
0 12

fn=(6584) pbrs_grpc::client::pool::finish_channel
0 29
cob=(2)
cfi=(2)
cfn=(4210)
calls=1 0 
0 38
0 21
cob=(2)
cfi=(2)
cfn=(4210)
calls=1 0 
0 204
0 18
cfn=(6586) bytes::bytes::promotable_even_clone
calls=1 0 
0 97
0 44
cob=(2)
cfi=(2)
cfn=(4536)
calls=1 0 
0 64
0 7
cob=(2)
cfi=(2)
cfn=(4536)
calls=1 0 
0 88
0 8
cob=(2)
cfi=(2)
cfn=(4210)
calls=1 0 
0 193
0 10
cob=(2)
cfi=(2)
cfn=(4536)
calls=1 0 
0 88
0 13
cfn=(6590) pbrs_grpc::client::pool::spawn_idle_watch
calls=1 0 
0 23
0 5
cfn=(6592) pbrs_grpc::client::pool::spawn_age_watch
calls=1 0 
0 23
0 11
cob=(2)
cfi=(2)
cfn=(4210)
calls=1 0 
0 41
0 14
cob=(2)
cfi=(2)
cfn=(4210)
calls=1 0 
0 41
0 17
cob=(2)
cfi=(2)
cfn=(4210)
calls=1 0 
0 41
0 31
cob=(2)
cfi=(2)
cfn=(4210)
calls=1 0 
0 204
0 20
cob=(2)
cfi=(2)
cfn=(4536)
calls=1 0 
0 64
0 38

fn=(6594) core::ptr::drop_glue::<pbrs_grpc::client::pool::connect_inner::{closure#0}>
0 17

fn=(6598) <pbrs_grpc::client::channel::Channel as core::clone::Clone>::clone
0 3417
cob=(2)
cfi=(2)
cfn=(4536)
calls=201 0 
0 12864
0 6633
cfn=(6600)
calls=201 0 
0 1407
0 3216
cfn=(6586)
calls=201 0 
0 3216
0 5628
cob=(2)
cfi=(2)
cfn=(4536)
calls=201 0 
0 12864
0 7437

fn=(6602) <pbrs_grpc::client::channel::Channel>::prepare_outbound::<pbrs_grpc::codec::prost::Message<devloop::echo::EchoRequest>>
0 3216
cfn=(6604) <pbrs_grpc::client::channel::Channel>::method_config_for
calls=201 0 
0 8643
0 6834

fn=(6628) <core::option::Option<pbrs_grpc::service_config::MethodConfig>>::and_then::<pbrs_grpc::service_config::RetryPolicy, <pbrs_grpc::client::channel::Channel>::server_streaming<pbrs_grpc::codec::prost::Message<pbrs_adoption_corpus::prost_types::EntityList>, pbrs_grpc::codec::prost::Message<pbrs_adoption_corpus::prost_types::EntityList>>::{closure#0}::{closure#4}>
0 3015

fn=(6670)
0 12864
cob=(2)
cfi=(2)
cfn=(4210)
calls=402 0 
0 16042
0 18488
cob=(2)
cfi=(2)
cfn=(4210)
calls=402 0 
0 17310
0 10046

fn=(6704) <alloc::raw_vec::RawVec<slab::Entry<h2::proto::streams::stream::Stream>>>::grow_one
0 30
cfn=(5424)
calls=2 0 
0 467
0 18

fn=(6724) <http::header::map::HeaderMap>::get::<http::header::name::HeaderName>
0 15075
cfn=(6682)
calls=1005 0 
0 24120
0 90651
cfn=(6682)
calls=2010 0 
0 176076
0 89847
cob=(2)
cfi=(2)
cfn=(5150) 0x00000000001623e0
calls=402 0 
0 7236
0 20703
cfn=(6692)
calls=1809 0 
0 1809
0 18090

fn=(6732) <slab::Slab<h2::proto::streams::buffer::Slot<h2::frame::Frame>>>::insert_at
0 9057
cfn=(6734) <alloc::raw_vec::RawVec<slab::Entry<h2::proto::streams::buffer::Slot<h2::frame::Frame>>>>::grow_one
calls=2 0 
0 515
0 20
cob=(2)
cfi=(2)
cfn=(4536)
calls=4 0 
0 256
0 14042
cob=(2)
cfi=(2)
cfn=(4536)
calls=1001 0 
0 64064

fn=(6744)
0 78390

fn=(6768) core::ptr::drop_glue::<core::option::Option<alloc::vec::into_iter::IntoIter<bytes::bytes::Bytes>>>
0 8442

fn=(6806) <h2::proto::streams::buffer::Deque>::pop_front::<h2::frame::Frame>
0 28140
cob=(2)
cfi=(2)
cfn=(4536)
calls=1005 0 
0 64320
0 14070
cob=(2)
cfi=(2)
cfn=(4536)
calls=402 0 
0 25728
0 1809
cob=(2)
cfi=(2)
cfn=(4536)
calls=603 0 
0 38592
0 8040

fn=(6902) <h2::proto::streams::recv::Recv>::recv_headers
0 25125
cfn=(6726)
calls=201 0 
0 804
0 603
cfn=(6726)
calls=201 0 
0 804
0 19899
cfn=(6724)
calls=402 0 
0 32964
0 4422
cob=(2)
cfi=(2)
cfn=(4536)
calls=402 0 
0 11658
0 6432
cob=(2)
cfi=(2)
cfn=(4536)
calls=201 0 
0 5829
0 1005
cfn=(6904) <h2::server::Peer as h2::proto::peer::Peer>::convert_poll_message
calls=201 0 
0 258687
0 13065
cfn=(6672)
calls=201 0 
0 9849
0 6030
cfn=(6830)
calls=201 0 
0 4623
0 22512
cob=(2)
cfi=(2)
cfn=(4536)
calls=402 0 
0 11658
0 3216
cfn=(6916)
calls=402 0 
0 21432
0 9447
cfn=(6434)
calls=201 0 
0 12663
0 1608
cfn=(6920) <h2::proto::streams::store::Queue<h2::proto::streams::stream::NextAccept>>::push
calls=201 0 
0 9849
0 2412

fn=(6928) <h2::proto::streams::recv::Recv>::consume_connection_window
0 7236
cfn=(6840) <h2::proto::streams::flow_control::FlowControl>::send_data
calls=402 0 
0 11256
0 4422

fn=(6948) pbrs_grpc::server::connection::serve_io_in::<pbrs_grpc::rt::TokioRuntime, pbrs_grpc::server::router::Router, tokio_rustls::server::TlsStream<tokio::net::tcp::stream::TcpStream>>::{closure#0}::{closure#10}
0 10789
cob=(2)
cfi=(2)
cfn=(4536)
calls=201 0 
0 5829
0 1809
cob=(2)
cfi=(2)
cfn=(4536)
calls=201 0 
0 12828
0 5628
cfn=(6950) pbrs_grpc::server::connection::incoming_rpc
calls=201 0 
0 213912
0 1206
cob=(2)
cfi=(2)
cfn=(4536)
calls=201 0 
0 24924
0 804
cob=(2)
cfi=(2)
cfn=(4536)
calls=201 0 
0 24922
0 1206
cfn=(6958) <pbrs_grpc::server::router::Router as pbrs_grpc::server::dispatch::Dispatch>::dispatch::{closure#0}
calls=201 0 
0 5939933
0 1191
cfn=(6958)
calls=397 0 
0 2797411
0 11784

fn=(6952) <http::header::map::HeaderMap as core::clone::Clone>::clone
0 3417
cob=(2)
cfi=(2)
cfn=(4210)
calls=201 0 
0 8717
0 2405
cob=(2)
cfi=(2)
cfn=(4536)
calls=200 0 
0 2200
0 5
cob=(2)
cfi=(2)
cfn=(4536)
calls=1 0 
0 11
0 2412
cob=(2)
cfi=(2)
cfn=(4210)
calls=201 0 
0 9092
0 34971
cfn=(6664)
calls=200 0 
0 2000
cfn=(6586)
calls=1 0 
0 16
0 9849
cfn=(6664)
calls=600 0 
0 6000
cfn=(6586)
calls=3 0 
0 48
0 1608
cfn=(6664)
calls=200 0 
0 2000
cfn=(6586)
calls=1 0 
0 16
0 11457

fn=(6966)
0 6432
cfn=(5784)
calls=201 0 
0 26799
0 3618

fn=(6968)
0 12171
cob=(2)
cfi=(2)
cfn=(4536)
calls=201 0 
0 24924
0 5789
cob=(2)
cfi=(2)
cfn=(4536)
calls=201 0 
0 24924
0 2613
cob=(2)
cfi=(2)
cfn=(4536)
calls=201 0 
0 24924
0 603
cfn=(6970) <pbrs_grpc::server::rpc::Rpc>::effective_timeout
calls=201 0 
0 34572
0 2412
cob=(2)
cfi=(2)
cfn=(4210)
calls=201 0 
0 8943
0 2406
cob=(2)
cfi=(2)
cfn=(4536)
calls=200 0 
0 2400
0 4
cob=(2)
cfi=(2)
cfn=(4536)
calls=1 0 
0 12
0 2613
cob=(2)
cfi=(2)
cfn=(4210)
calls=201 0 
0 8597
0 2606
cob=(2)
cfi=(2)
cfn=(4536)
calls=200 0 
0 2800
0 4
cob=(2)
cfi=(2)
cfn=(4536)
calls=1 0 
0 14
0 3618
cob=(2)
cfi=(2)
cfn=(4210)
calls=201 0 
0 12288
0 2406
cob=(2)
cfi=(2)
cfn=(4536)
calls=200 0 
0 2000
0 4
cob=(2)
cfi=(2)
cfn=(4536)
calls=1 0 
0 10
0 1407
cfn=(6724)
calls=201 0 
0 29949
0 2814
cfn=(6972) pbrs_grpc::wire::headers::accepts_codec
calls=201 0 
0 53868
0 1005
cfn=(6972)
calls=201 0 
0 53868
0 603
cfn=(6974)
calls=201 0 
0 39798
0 1407
cfn=(6974)
calls=201 0 
0 39798
0 3618
cfn=(5192)
calls=201 0 
0 5226
0 4221
cfn=(6976) <pbrs_grpc::channelz::model::Registry>::note_server_call_started
calls=201 0 
0 30150
0 1206
cfn=(6978) <pbrs_grpc::channelz::model::Registry>::note_stream_started
calls=201 0 
0 33969
0 1005
cob=(2)
cfi=(2)
cfn=(4536)
calls=201 0 
0 5829
0 1809
cob=(2)
cfi=(2)
cfn=(4536)
calls=201 0 
0 12864
0 11859
cob=(2)
cfi=(2)
cfn=(4536)
calls=201 0 
0 5829
0 1206
cfn=(6980)
calls=201 0 
0 72346
0 402
cob=(2)
cfi=(2)
cfn=(4210)
calls=201 0 
0 8989
0 3807
cob=(2)
cfi=(2)
cfn=(4972)
calls=200 0 
0 7000
0 10
cob=(2)
cfi=(2)
cfn=(4972)
calls=1 0 
0 35
0 15879
cob=(2)
cfi=(2)
cfn=(4536)
calls=201 0 
0 5829
0 1608
cob=(2)
cfi=(2)
cfn=(4536)
calls=201 0 
0 5829
0 14070
cob=(2)
cfi=(2)
cfn=(4536)
calls=201 0 
0 51456
0 1206
cob=(2)
cfi=(2)
cfn=(4536)
calls=201 0 
0 50388
0 1005
cfn=(6982)
calls=201 0 
0 1098731
0 1809
cob=(2)
cfi=(2)
cfn=(4536)
calls=201 0 
0 15276
0 402
cfn=(7024)
calls=201 0 
0 4221
0 1407
cob=(2)
cfi=(2)
cfn=(4536)
calls=201 0 
0 15276
0 1005
cob=(2)
cfi=(2)
cfn=(4536)
calls=201 0 
0 15276
0 5829
cob=(2)
cfi=(2)
cfn=(4536)
calls=201 0 
0 15276
0 11658
cfn=(7026) core::ptr::drop_glue::<h2::share::RecvStream>
calls=201 0 
0 70551
0 5427
cob=(2)
cfi=(2)
cfn=(4536)
calls=201 0 
0 17688
0 3015
cob=(2)
cfi=(2)
cfn=(4536)
calls=201 0 
0 17688
0 1206
cfn=(7030)
calls=201 0 
0 2613
0 3417
cob=(2)
cfi=(2)
cfn=(4536)
calls=201 0 
0 17688
0 4623
cob=(2)
cfi=(2)
cfn=(4536)
calls=201 0 
0 15276
0 10452
cob=(2)
cfi=(2)
cfn=(4210)
calls=201 0 
0 57803
0 2406
cob=(2)
cfi=(2)
cfn=(4536)
calls=200 0 
0 64568
0 4
cob=(2)
cfi=(2)
cfn=(4536)
calls=1 0 
0 328
0 9201
cfn=(5784)
calls=201 0 
0 7236
0 5025
cob=(2)
cfi=(2)
cfn=(4536)
calls=201 0 
0 12862
0 1608
cob=(2)
cfi=(2)
cfn=(4536)
calls=201 0 
0 5829
0 4422
cob=(2)
cfi=(2)
cfn=(4536)
calls=201 0 
0 12864
0 1608
cob=(2)
cfi=(2)
cfn=(4536)
calls=201 0 
0 5829
0 7638
cfn=(7032) pbrs_grpc::interceptor::intercept_response::<pbrs_grpc::stream::Streaming<pbrs_grpc::codec::prost::Message<devloop::echo::EchoReply>>>
calls=201 0 
0 19296
0 6432
cob=(2)
cfi=(2)
cfn=(4536)
calls=201 0 
0 17688
0 2814
cob=(2)
cfi=(2)
cfn=(4536)
calls=201 0 
0 17688
0 1809
cob=(2)
cfi=(2)
cfn=(4536)
calls=201 0 
0 17638
0 37386
cob=(2)
cfi=(2)
cfn=(4920)
calls=201 0 
0 14153
0 402
cfn=(6608)
calls=201 0 
0 3417
0 14070
cfn=(7034)
calls=201 0 
0 631494
0 14874
cfn=(7040)
calls=201 0 
0 173108
0 1588
cfn=(7040)
calls=397 0 
0 1742250
0 3588
cfn=(7134) core::ptr::drop_glue::<pbrs_grpc::server::drain::drain_to_wire<pbrs_grpc::codec::prost::Message<devloop::echo::EchoReply>>::{closure#0}>
calls=201 0 
0 3819
0 2814
cfn=(7136)
calls=201 0 
0 85519
0 3618
cfn=(7142) <pbrs_grpc::transport::h2::SendStream as pbrs_grpc::transport::SendStream>::send_trailers
calls=201 0 
0 375669
0 2814
cfn=(6672)
calls=201 0 
0 9849
0 1206
cfn=(7146) core::ptr::drop_glue::<h2::proto::streams::streams::StreamRef<bytes::bytes::Bytes>>
calls=201 0 
0 48039
0 603
cfn=(6672)
calls=201 0 
0 9849
0 1206
cfn=(7148) core::ptr::drop_glue::<pbrs_grpc::stream::Streaming<pbrs_grpc::codec::prost::Message<devloop::echo::EchoReply>>>
calls=201 0 
0 139860
0 402
cfn=(7146)
calls=201 0 
0 68541
0 4196
cfn=(7160) core::ptr::drop_glue::<pbrs_grpc::server::drain::send_stream_response<pbrs_grpc::codec::prost::Message<devloop::echo::EchoReply>>::{closure#0}>
calls=201 0 
0 3015
0 3417
cfn=(6218)
calls=201 0 
0 9648
0 3417
cfn=(7162) <pbrs_grpc::channelz::model::Registry>::note_stream_end
calls=201 0 
0 16281
0 5427
cfn=(7164)
calls=201 0 
0 119089
0 1407
cfn=(7172) core::ptr::drop_glue::<<pbrs_grpc::server::rpc::Rpc>::server_streaming<pbrs_grpc::codec::prost::Message<devloop::echo::EchoRequest>, pbrs_grpc::codec::prost::Message<devloop::echo::EchoReply>, <devloop::ProstNativeEchod as pbrs_grpc::server::dispatch::Service>::call::{closure#0}::{closure#1}, <devloop::ProstNativeEchod as pbrs_grpc::server::dispatch::Service>::call::{closure#0}::{closure#1}::{closure#0}>::{closure#0}::{closure#0}>
calls=201 0 
0 2613
0 402
cob=(2)
cfi=(2)
cfn=(4920)
calls=201 0 
0 40190
0 8578

fn=(7002)
0 41406

fn=(7008)
0 38994
cfn=(7010) prost::encoding::varint::decode_varint_slice
calls=1005 0 
0 23115
0 15075

fn=(7088) <tokio::sync::mpsc::list::Tx<core::result::Result<pbrs_grpc::stream::Framed<pbrs_grpc::codec::prost::Message<pbrs_adoption_corpus::prost_types::EntityList>>, pbrs_grpc::status::Status>>>::find_block
0 22110

fn=(7096) core::ptr::drop_glue::<<devloop::ProstNativeEchod as pbrs_grpc::server::dispatch::Service>::call::{closure#0}::{closure#1}::{closure#0}::{closure#0}>
0 2613

fn=(7106)
0 2814
cfn=(6244)
calls=201 0 
0 1407
0 1013
cfn=(5474) <alloc::raw_vec::RawVec<tokio::runtime::blocking::pool::Task>>::grow_one
calls=4 0 
0 798
0 3216

fn=(7114)
0 40200

fn=(7152)
0 7070

fn=(7174)
0 3015

fn=(7194) pbrs_grpc::client::call::prefer_deadline_in::<pbrs_grpc::rt::TokioRuntime, pbrs_grpc::request::Response<pbrs_grpc::stream::Streaming<pbrs_grpc::codec::prost::Message<devloop::echo::EchoReply>>>>
0 3618
cob=(2)
cfi=(2)
cfn=(4536)
calls=201 0 
0 17688

fn=(7216) core::ptr::drop_glue::<pbrs_grpc::client::channel::Channel>
0 1416
cfn=(7502) <alloc::sync::Arc<pbrs_grpc::client::pool::ChannelInner>>::drop_slow
calls=1 0 
0 3650
0 608
cfn=(7532) <alloc::sync::Arc<[alloc::sync::Arc<dyn pbrs_grpc::interceptor::ClientInterceptor>]>>::drop_slow
calls=1 0 
0 89
0 608
cfn=(7532)
calls=1 0 
0 141
0 1214
cfn=(7170)
calls=1 0 
0 71
0 1010
cfn=(6692)
calls=202 0 
0 202
0 1010
cfn=(6832) bytes::bytes::promotable_even_drop
calls=1 0 
0 201
cfn=(6696) bytes::bytes::shared_drop
calls=201 0 
0 1809
0 1214
cfn=(7534) <alloc::sync::Arc<pbrs_grpc::service_config::SharedCell>>::drop_slow
calls=1 0 
0 131
0 608
cfn=(7170)
calls=1 0 
0 71
0 1414

fn=(7236) pbrs_grpc::wire::send::reset_on_cancel::{closure#0}
0 43661
cfn=(6332) tokio::sync::watch::changed_impl::<bool>::{closure#0}
calls=201 0 
0 41414
0 600
cfn=(6332)
calls=150 0 
0 28800
0 8797
cfn=(7328)
calls=199 0 
0 2388
0 7164
cfn=(7020)
calls=199 0 
0 6567
0 768
cfn=(7170)
calls=185 0 
0 21478
0 398
cfn=(7146)
calls=199 0 
0 107027
0 3557

fn=(7244) tokio::runtime::task::raw::dealloc::<pbrs_grpc::server::connection::serve_io_in<pbrs_grpc::rt::TokioRuntime, pbrs_grpc::server::router::Router, tokio_rustls::server::TlsStream<tokio::net::tcp::stream::TcpStream>>::{closure#0}::{closure#10}, alloc::sync::Arc<tokio::runtime::scheduler::multi_thread::handle::Handle>>
0 1005
cfn=(7246) core::ptr::drop_glue::<tokio::runtime::task::core::Cell<pbrs_grpc::server::connection::serve_io_in<pbrs_grpc::rt::TokioRuntime, pbrs_grpc::server::router::Router, tokio_rustls::server::TlsStream<tokio::net::tcp::stream::TcpStream>>::{closure#0}::{closure#10}, alloc::sync::Arc<tokio::runtime::scheduler::multi_thread::handle::Handle>>>
calls=201 0 
0 5226
0 1005
cob=(2)
cfi=(2)
cfn=(4920)
calls=201 0 
0 44561

fn=(7254) <h2::share::RecvStream>::poll_trailers
0 9246
cfn=(6786)
calls=201 0 
0 21909
0 12261

fn=(7256) pbrs_grpc::wire::frame_reader::status_from
0 2613
cfn=(7258) pbrs_grpc::wire::frame_reader::status_from::{closure#0}
calls=201 0 
0 37989
0 6633
cfn=(7260) <pbrs_grpc::status::Status>::new::<alloc::string::String>
calls=201 0 
0 3618
0 4221

fn=(7336) core::ptr::drop_glue::<tokio::runtime::task::core::Cell<pbrs_grpc::wire::send::reset_on_cancel::{closure#0}, alloc::sync::Arc<tokio::runtime::scheduler::multi_thread::handle::Handle>>>
0 5226

fn=(7494) std::io::stdio::_eprint
0 11
cfn=(7496) std::io::stdio::print_to_buffer_if_capture_used
calls=1 0 
0 20
0 10
cfn=(7498) <&std::io::stdio::Stderr as core::io::write::Write>::write_fmt
calls=1 0 
0 501
0 7

fn=(7502)
0 6
cfn=(7504) core::ptr::drop_glue::<pbrs_grpc::client::pool::ChannelInner>
calls=1 0 
0 3570
0 9
cob=(2)
cfi=(2)
cfn=(4920)
calls=1 0 
0 65

fn=(7508)
0 223
cfn=(7510) <alloc::collections::btree::node::Handle<alloc::collections::btree::node::NodeRef<alloc::collections::btree::node::marker::Mut, u64, alloc::sync::Arc<pbrs_grpc::channelz::model::SocketEntry>, alloc::collections::btree::node::marker::Leaf>, alloc::collections::btree::node::marker::KV>>::remove_leaf_kv::<<alloc::collections::btree::map::entry::OccupiedEntry<u64, alloc::sync::Arc<pbrs_grpc::channelz::model::SocketEntry>>>::remove_kv::{closure#0}, alloc::alloc::Global>
calls=3 0 
0 306
0 102
cfn=(5828)
calls=3 0 
0 2270
0 27
cfn=(6580)
calls=1 0 
0 48
0 29
cfn=(6200)
calls=1 0 
0 148
0 6
cfn=(6218)
calls=2 0 
0 96
0 58
cfn=(6200)
calls=2 0 
0 1165
0 16
cfn=(7514) <alloc::sync::Arc<pbrs_grpc::channelz::model::SocketEntry>>::drop_slow
calls=3 0 
0 547
0 121
cob=(2)
cfi=(2)
cfn=(4920)
calls=1 0 
0 65
0 20
cob=(2)
cfi=(2)
cfn=(4920)
calls=2 0 
0 146
0 44

fn=(7520) core::ptr::drop_glue::<core::option::Option<pbrs_grpc::resolver::registry::ResolverHandle>>
0 13

fn=(7522) <pbrs_grpc::channelz::model::ChannelHandle as core::ops::drop::Drop>::drop
0 68
cfn=(7524) <alloc::collections::btree::node::Handle<alloc::collections::btree::node::NodeRef<alloc::collections::btree::node::marker::Mut, u64, alloc::sync::Arc<pbrs_grpc::channelz::model::ChannelEntry>, alloc::collections::btree::node::marker::Leaf>, alloc::collections::btree::node::marker::KV>>::remove_leaf_kv::<<alloc::collections::btree::map::entry::OccupiedEntry<u64, alloc::sync::Arc<pbrs_grpc::channelz::model::ChannelEntry>>>::remove_kv::{closure#0}, alloc::alloc::Global>
calls=1 0 
0 102
0 89
cfn=(7526)
calls=1 0 
0 729
0 16

fn=(7546)
0 40
cfn=(6560) <tokio::runtime::scheduler::multi_thread::park::Unparker>::unpark
calls=1 0 
0 55
0 9
cfn=(6560)
calls=3 0 
0 127
0 18

fn=(7580) <tokio::runtime::task::core::Core<pbrs_grpc::server::accept::accept_loop_with_slots<pbrs_grpc::server::router::Router, core::future::pending::Pending<()>>::{closure#0}::{closure#2}, alloc::sync::Arc<tokio::runtime::scheduler::current_thread::Handle>>>::set_stage
0 76
cfn=(7582) core::ptr::drop_glue::<pbrs_grpc::server::accept::accept_loop_with_slots<pbrs_grpc::server::router::Router, core::future::pending::Pending<()>>::{closure#0}::{closure#2}>
calls=1 0 
0 10674
0 19
cob=(2)
cfi=(2)
cfn=(4536)
calls=3 0 
0 35965
0 36

fn=(7592)
0 26
cob=(2)
cfi=(2)
cfn=(4210)
calls=2 0 
0 82
0 20
cob=(2)
cfi=(2)
cfn=(4536)
calls=2 0 
0 22
0 4
cob=(2)
cfi=(2)
cfn=(4210)
calls=2 0 
0 82
0 22
cob=(2)
cfi=(2)
cfn=(4210)
calls=2 0 
0 82
0 40

fn=(7608) core::ptr::drop_glue::<h2::codec::framed_read::FramedRead<h2::codec::framed_write::FramedWrite<tokio::net::tcp::stream::TcpStream, h2::proto::streams::prioritize::Prioritized<bytes::bytes::Bytes>>>>
0 10
cfn=(7568)
calls=2 0 
0 448
0 4
cfn=(7610)
calls=2 0 
0 1363
0 24
cob=(2)
cfi=(2)
cfn=(4920)
calls=2 0 
0 407
0 4
cob=(2)
cfi=(2)
cfn=(4920)
calls=2 0 
0 190
0 4
cfn=(7614) core::ptr::drop_glue::<h2::hpack::decoder::Decoder>
calls=2 0 
0 4094
0 12
cfn=(7616) core::ptr::drop_glue::<core::option::Option<h2::codec::framed_read::Partial>>
calls=2 0 
0 20

fn=(7614)
0 67
cfn=(6814) core::ptr::drop_glue::<h2::hpack::header::Header>
calls=2 0 
0 804
0 4
cfn=(6814)
calls=2 0 
0 860
0 22
cfn=(6814)
calls=1 0 
0 566
0 6
cfn=(6814)
calls=3 0 
0 902
0 24
cob=(2)
cfi=(2)
cfn=(4920)
calls=2 0 
0 146
0 24
cob=(2)
cfi=(2)
cfn=(4920)
calls=2 0 
0 411
0 18
cob=(2)
cfi=(2)
cfn=(4920)
calls=2 0 
0 240

fn=(7620) <alloc::sync::Arc<h2::proto::ping_pong::UserPingsInner>>::drop_slow
0 18
cfn=(6386)
calls=2 0 
0 16
0 24
cob=(2)
cfi=(2)
cfn=(4920)
calls=2 0 
0 138

fn=(7634) core::ptr::drop_glue::<h2::proto::streams::streams::SendBuffer<bytes::bytes::Bytes>>
0 84
cob=(2)
cfi=(2)
cfn=(4920)
calls=2 0 
0 343

fn=(7682) core::ptr::drop_glue::<alloc::vec::into_iter::IntoIter<alloc::sync::Arc<tokio::runtime::io::scheduled_io::ScheduledIo>>>
0 19
cob=(2)
cfi=(2)
cfn=(4920)
calls=1 0 
0 73

fn=(7686)
0 92

fn=(7690) core::ptr::drop_glue::<tokio::runtime::task::core::Cell<pbrs_grpc::client::pool::finish_h2<tokio::net::tcp::stream::TcpStream>::{closure#0}::{closure#2}, alloc::sync::Arc<tokio::runtime::scheduler::multi_thread::handle::Handle>>>
0 26

fn=(7698) <alloc::collections::btree::node::Handle<alloc::collections::btree::node::NodeRef<alloc::collections::btree::node::marker::Mut, usize, std::sys::pal::unix::stack_overflow::thread_info::ThreadInfo, alloc::collections::btree::node::marker::Leaf>, alloc::collections::btree::node::marker::KV>>::remove_leaf_kv::<<alloc::collections::btree::map::entry::OccupiedEntry<usize, std::sys::pal::unix::stack_overflow::thread_info::ThreadInfo>>::remove_kv::{closure#0}, alloc::alloc::Global>
0 100
cob=(2)
cfi=(2)
cfn=(4536)
calls=4 0 
0 46
0 64
cob=(2)
cfi=(2)
cfn=(4536)
calls=4 0 
0 55
0 180

fn=(7850) <alloc::sync::Arc<tokio::sync::oneshot::Sender<()>>>::drop_slow
0 25
cfn=(7852) tokio::runtime::park::wake_by_ref
calls=1 0 
0 52
0 13
cob=(2)
cfi=(2)
cfn=(4920)
calls=1 0 
0 117

fn=(7852)
0 1
cfn=(6436) <tokio::runtime::park::Inner>::unpark
calls=1 0 
0 51

fn=(7968)
0 9

fn=(6524) <h2::proto::streams::store::Queue<h2::proto::streams::stream::NextSend>>::pop::<h2::proto::streams::store::Store>
0 44736

fn=(5024)
0 65
cob=(2)
cfi=(2)
cfn=(5026) gettid
calls=5 0 
0 15
0 69
cob=(2)
cfi=(2)
cfn=(4210)
calls=1 0 
0 184
0 16
cob=(2)
cfi=(2)
cfn=(4210)
calls=4 0 
0 164
0 40
cob=(2)
cfi=(2)
cfn=(4536)
calls=4 0 
0 48
0 9
cob=(2)
cfi=(2)
cfn=(5034) __errno_location
calls=5 0 
0 15
0 274
cob=(2)
cfi=(2)
cfn=(4210)
calls=1 0 
0 179
0 168
cob=(2)
cfi=(2)
cfn=(4536)
calls=2 0 
0 22
0 16
cob=(2)
cfi=(2)
cfn=(4536)
calls=2 0 
0 32
0 66

fn=(5210)
0 11
cob=(2)
cfi=(2)
cfn=(4210)
calls=1 0 
0 190
0 18
cob=(2)
cfi=(2)
cfn=(4210)
calls=1 0 
0 41
0 88
cob=(2)
cfi=(2)
cfn=(4210)
calls=1 0 
0 187
0 10
cob=(2)
cfi=(2)
cfn=(4536)
calls=1 0 
0 52
0 10

fn=(5432)
0 231
cob=(2)
cfi=(2)
cfn=(5434) __cxa_thread_atexit_impl
calls=11 0 
0 2773

fn=(5468)
0 261

fn=(5474)
0 75
cfn=(5424)
calls=5 0 
0 939
0 45

fn=(5664)
0 26

fn=(5702)
0 36
cfn=(5468)
calls=3 0 
0 87
0 75
cfn=(5704) <tokio::runtime::io::registration_set::RegistrationSet>::allocate
calls=3 0 
0 2091
0 75
cob=(2)
cfi=(2)
cfn=(5174)
calls=3 0 
0 18
0 45

fn=(5724)
0 38
cob=(2)
cfi=(2)
cfn=(4536)
calls=1 0 
0 64
0 22
cfn=(5726)
calls=1 0 
0 1735
0 12
cob=(2)
cfi=(2)
cfn=(4536)
calls=1 0 
0 64
0 5
cob=(2)
cfi=(2)
cfn=(4536)
calls=1 0 
0 64
0 5
cob=(2)
cfi=(2)
cfn=(4536)
calls=1 0 
0 64
0 15
cob=(2)
cfi=(2)
cfn=(4536)
calls=1 0 
0 64
0 15
cob=(2)
cfi=(2)
cfn=(4210)
calls=1 0 
0 187
0 10
cob=(2)
cfi=(2)
cfn=(4536)
calls=1 0 
0 12
0 9
cfn=(5752)
calls=1 0 
0 1705
0 26
cob=(2)
cfi=(2)
cfn=(4210)
calls=1 0 
0 186
0 32
cob=(2)
cfi=(2)
cfn=(4536)
calls=1 0 
0 64
0 7
cfn=(5764) pbrs_grpc::client::pool::handshake::{closure#0}
calls=1 0 
0 17820
0 4
cfn=(5764)
calls=1 0 
0 15256
0 81
cfn=(6572)
calls=1 0 
0 1756
0 23
cob=(2)
cfi=(2)
cfn=(4536)
calls=1 0 
0 64
0 19
cfn=(6576) pbrs_grpc::client::pool::live_slots
calls=1 0 
0 8153
0 3
cob=(2)
cfi=(2)
cfn=(4210)
calls=1 0 
0 204
0 23
cfn=(6584)
calls=1 0 
0 1495
0 8
cob=(2)
cfi=(2)
cfn=(4536)
calls=1 0 
0 76
0 8
cob=(2)
cfi=(2)
cfn=(4920)
calls=1 0 
0 65
0 7
cob=(2)
cfi=(2)
cfn=(4536)
calls=1 0 
0 76
0 6
cfn=(6594)
calls=1 0 
0 17
0 22

fn=(5732)
0 162
cfn=(5729) core::fmt::write'2
calls=6 0 
0 7603
0 24

fn=(5734) <u8 as core::fmt::Display>::fmt
0 720
cfn=(5736) <core::fmt::Formatter>::pad_integral
calls=24 0 
0 4897
0 72

fn=(5774) <core::hash::sip::Hasher<core::hash::sip::Sip13Rounds> as core::hash::Hasher>::write
0 19033

fn=(5824) <pbrs_grpc::proxy::ProxyConfig>::bypasses
0 11
cfn=(5790)
calls=1 0 
0 160
0 3
cfn=(5788) <str>::to_lowercase
calls=1 0 
0 210
0 7
cfn=(5688)
calls=1 0 
0 142
0 42
cob=(2)
cfi=(2)
cfn=(5150)
calls=1 0 
0 21
0 10
cfn=(5828)
calls=1 0 
0 457
0 9
cob=(2)
cfi=(2)
cfn=(4920)
calls=1 0 
0 65
0 28
cob=(2)
cfi=(2)
cfn=(4920)
calls=1 0 
0 65
0 9

fn=(5828)
0 1071
cob=(2)
cfi=(2)
cfn=(4210)
calls=7 0 
0 792
0 95
cfn=(5728)
calls=6 0 
0 6082
0 56
cfn=(5728)
calls=7 0 
0 2713
0 182

fn=(5832) <core::fmt::Formatter>::pad
0 462
cfn=(5740)
calls=2 0 
0 316
cfn=(7500) <core::io::write::default_write_fmt::Adapter<std::io::stdio::StderrLock> as core::fmt::Write>::write_str
calls=1 0 
0 109
cfn=(5740)
calls=18 0 
0 4836

fn=(5840) <mio::net::tcp::stream::TcpStream>::connect
0 12
cob=(2)
cfi=(2)
cfn=(5694) socket
calls=1 0 
0 5
0 18
cob=(2)
cfi=(2)
cfn=(5842) connect
calls=1 0 
0 64
0 3
cob=(2)
cfi=(2)
cfn=(5034)
calls=1 0 
0 3
0 17

fn=(6242) <tokio::runtime::io::scheduled_io::Readiness as core::future::future::Future>::poll
0 259
cfn=(6244)
calls=2 0 
0 14
0 184

fn=(6282)
0 38674
cfn=(6284) tokio::runtime::task::raw::schedule::<alloc::sync::Arc<tokio::runtime::scheduler::multi_thread::handle::Handle>>
calls=152 0 
0 32155
cfn=(6284)
calls=1520 0 
0 131226
0 16916
cfn=(7376)
calls=14 0 
0 1414

fn=(6286) <tokio::runtime::time::handle::Handle>::process_at_time
0 39516
cfn=(6274) <tokio::runtime::time::wheel::Wheel>::next_expiration
calls=1068 0 
0 29973
0 16795
cfn=(6274)
calls=1068 0 
0 29973
0 33108

fn=(6352) tokio::time::timeout::poll_delay
0 78
cfn=(6354) <tokio::time::sleep::Sleep as core::future::future::Future>::poll
calls=3 0 
0 883

fn=(6354)
0 123
cfn=(6356)
calls=2 0 
0 18
0 26
cfn=(6358)
calls=2 0 
0 470
0 42
cfn=(6366)
calls=3 0 
0 138
0 66

fn=(6448) <pbrs_grpc::config::ChannelConfig>::h2_builder
0 65

fn=(6476) pbrs_grpc::keepalive::spawn
0 29

fn=(6492)
0 95035
cfn=(6244)
calls=1 0 
0 7
cfn=(6430)
calls=1 0 
0 5
0 1
cfn=(6244)
calls=1 0 
0 7
0 17
cfn=(6570)
calls=1 0 
0 7
0 24376

fn=(6502) h2::codec::framed_read::decode_frame
0 114037
cfn=(6844) <h2::frame::headers::HeaderBlock>::load
calls=603 0 
0 1520745
0 32612
cob=(2)
cfi=(2)
cfn=(4536)
calls=603 0 
0 17487
0 8442
cfn=(6892) <bytes::bytes_mut::BytesMut as core::ops::drop::Drop>::drop
calls=603 0 
0 5427
0 20904
cob=(2)
cfi=(2)
cfn=(4536)
calls=402 0 
0 11658
0 4872
cob=(2)
cfi=(2)
cfn=(4536)
calls=609 0 
0 17661
0 67323

fn=(6532)
0 64
cfn=(6534)
calls=2 0 
0 103
0 42
cfn=(6570)
calls=1 0 
0 7
cfn=(6386)
calls=1 0 
0 8
0 32

fn=(6544) pbrs_grpc::keepalive::spawn_in::<pbrs_grpc::rt::TokioRuntime>
0 28

fn=(6546) <pbrs_grpc::keepalive::Busy>::new
0 3
cob=(2)
cfi=(2)
cfn=(4210)
calls=1 0 
0 41
0 13

fn=(6586)
0 7426
cfn=(6588) bytes::bytes::shallow_clone_vec
calls=413 0 
0 37604
0 1239

fn=(6592)
0 23

fn=(6604)
0 25929

fn=(6608)
0 17889
cob=(2)
cfi=(2)
cfn=(4920)
calls=201 0 
0 14673
0 2613
cob=(2)
cfi=(2)
cfn=(4920)
calls=201 0 
0 14673
0 1809
cob=(2)
cfi=(2)
cfn=(4920)
calls=201 0 
0 14057
0 14874

fn=(6654) <pbrs_grpc::wire::encode::SegFrame as core::clone::Clone>::clone
0 3015
cfn=(6586)
calls=201 0 
0 19897
0 5829

fn=(6696)
0 21582
cob=(2)
cfi=(2)
cfn=(4920)
calls=211 0 
0 42704
0 1266
cob=(2)
cfi=(2)
cfn=(4920)
calls=211 0 
0 16291
0 15240

fn=(6702) <slab::Slab<h2::proto::streams::stream::Stream>>::insert_at
0 3630
cfn=(6704)
calls=2 0 
0 515
0 20
cob=(2)
cfi=(2)
cfn=(4536)
calls=4 0 
0 254
0 5600
cob=(2)
cfi=(2)
cfn=(4536)
calls=398 0 
0 25472

fn=(6706) <std::hash::random::RandomState as core::hash::BuildHasher>::hash_one::<&h2::frame::stream_id::StreamId>
0 19296
cfn=(5086)
calls=804 0 
0 21708
0 54672

fn=(6718) <http::header::map::HeaderMap>::contains_key::<&str>
0 14472
cfn=(6720) http::header::name::parse_hdr
calls=1206 0 
0 184518
0 169242

fn=(6742) core::ptr::drop_glue::<std::sync::poison::mutex::MutexGuard<h2::proto::streams::streams::Inner>>
0 2814

fn=(6754) pbrs_grpc::client::call::send_request_frame_in::<pbrs_grpc::rt::TokioRuntime>::{closure#0}
0 15477
cfn=(6756) pbrs_grpc::wire::send::send_frame::{closure#0}
calls=201 0 
0 150549
0 1206
cfn=(6770)
calls=201 0 
0 2613
0 6030

fn=(6766)
0 156312
cfn=(7238) <h2::proto::streams::store::Ptr>::unlink
calls=1020 0 
0 38737
0 105483
cfn=(7240) <h2::proto::streams::store::Ptr>::remove
calls=402 0 
0 107072
0 35376

fn=(6804)
0 64119

fn=(6824)
0 45
cfn=(5424)
calls=3 0 
0 985
0 27

fn=(6828) h2::hpack::encoder::encode_not_indexed
0 6834
cfn=(6826)
calls=201 0 
0 137712

fn=(6832)
0 6726
cob=(2)
cfi=(2)
cfn=(4920)
calls=202 0 
0 36542
0 4830
cob=(2)
cfi=(2)
cfn=(4920)
calls=604 0 
0 46764
0 844

fn=(6848) h2::hpack::decoder::take
0 33768
cfn=(6500) <bytes::bytes_mut::BytesMut>::split_to
calls=2412 0 
0 106128
0 84420

fn=(6854)
0 804

fn=(6946) tokio::runtime::task::raw::poll::<pbrs_grpc::server::connection::serve_io_in<pbrs_grpc::rt::TokioRuntime, pbrs_grpc::server::router::Router, tokio_rustls::server::TlsStream<tokio::net::tcp::stream::TcpStream>>::{closure#0}::{closure#10}, alloc::sync::Arc<tokio::runtime::scheduler::multi_thread::handle::Handle>>
0 31096
cfn=(6948)
calls=598 0 
0 9054176
0 17096
cfn=(7178) <tokio::runtime::task::core::Core<pbrs_grpc::server::connection::serve_io_in<pbrs_grpc::rt::TokioRuntime, pbrs_grpc::server::router::Router, tokio_rustls::server::TlsStream<tokio::net::tcp::stream::TcpStream>>::{closure#0}::{closure#10}, alloc::sync::Arc<tokio::runtime::scheduler::current_thread::Handle>>>::set_stage
calls=201 0 
0 71468
0 1809
cfn=(7178)
calls=201 0 
0 66929
0 402
cfn=(7182) <tokio::runtime::task::harness::Harness<pbrs_grpc::server::connection::serve_io_in<pbrs_grpc::rt::TokioRuntime, pbrs_grpc::server::router::Router, tokio_rustls::server::TlsStream<tokio::net::tcp::stream::TcpStream>>::{closure#0}::{closure#10}, alloc::sync::Arc<tokio::runtime::scheduler::multi_thread::handle::Handle>>>::complete
calls=201 0 
0 89680
0 4784

fn=(6986) <pbrs_grpc::transport::h2::RecvStream as pbrs_grpc::transport::RecvStream>::poll_data
0 10274
cfn=(6988) <h2::share::RecvStream>::poll_data
calls=934 0 
0 213960
0 19224

fn=(7018) <pbrs_grpc::request::Request<pbrs_grpc::codec::prost::Message<devloop::echo::EchoRequest>>>::into_inner
0 2613
cfn=(6672)
calls=201 0 
0 60054
0 2010
cob=(2)
cfi=(2)
cfn=(4920)
calls=201 0 
0 13393
0 804
cob=(2)
cfi=(2)
cfn=(4920)
calls=201 0 
0 13401
0 804
cob=(2)
cfi=(2)
cfn=(4920)
calls=201 0 
0 14041
0 5628
cfn=(7020)
calls=201 0 
0 6633
0 804
cfn=(6608)
calls=201 0 
0 56669
0 2211

fn=(7028) <h2::share::RecvStream as core::ops::drop::Drop>::drop
0 25728
cfn=(6786)
calls=402 0 
0 7638
0 10452

fn=(7046)
0 14352
cfn=(6244)
calls=598 0 
0 4186
0 3784
cfn=(6386)
calls=397 0 
0 3176
0 7774

fn=(7094)
0 15276
cfn=(7096)
calls=201 0 
0 2613
0 3015
cob=(2)
cfi=(2)
cfn=(4536)
calls=603 0 
0 45700
0 7236

fn=(7132)
0 2613
cfn=(6624) core::ptr::drop_glue::<alloc::vec::Vec<bytes::bytes::Bytes>>
calls=201 0 
0 3618
0 1407

fn=(7134)
0 3819

fn=(7138)
0 17
cfn=(6194)
calls=1 0 
0 66
0 2

fn=(7144) h2::frame::headers::calculate_headermap_size
0 10854

fn=(7218) core::ptr::drop_glue::<pbrs_grpc::request::Call<pbrs_grpc::request::Response<pbrs_grpc::stream::Streaming<pbrs_grpc::codec::prost::Message<pbrs_adoption_corpus::prost_types::EntityList>>>>>
0 3015
cfn=(7220) core::ptr::drop_glue::<<pbrs_grpc::client::channel::Channel>::server_streaming<pbrs_grpc::codec::prost::Message<devloop::echo::EchoRequest>, pbrs_grpc::codec::prost::Message<devloop::echo::EchoReply>>::{closure#0}>
calls=201 0 
0 4221
0 804
cob=(2)
cfi=(2)
cfn=(4920)
calls=201 0 
0 34698
0 2613

fn=(7260)
0 3618

fn=(7334) <tokio::runtime::task::harness::Harness<pbrs_grpc::wire::send::reset_on_cancel::{closure#0}, alloc::sync::Arc<tokio::runtime::scheduler::multi_thread::handle::Handle>>>::complete
0 4422
cfn=(7330) <tokio::runtime::task::core::Core<pbrs_grpc::wire::send::reset_on_cancel::{closure#0}, alloc::sync::Arc<tokio::runtime::scheduler::current_thread::Handle>>>::set_stage
calls=201 0 
0 21097
0 1005
cfn=(7100)
calls=201 0 
0 13892
0 2581
cfn=(7336)
calls=185 0 
0 4810
0 370
cob=(2)
cfi=(2)
cfn=(4920)
calls=185 0 
0 22187
0 1206

fn=(7490) <u64 as itoa::Unsigned>::fmt
0 451

fn=(7498)
0 33
cfn=(5728)
calls=1 0 
0 447
0 21

fn=(7504)
0 16
cfn=(7506) core::ptr::drop_glue::<pbrs_grpc::client::pool::ConnSlot>
calls=1 0 
0 2184
0 8
cob=(2)
cfi=(2)
cfn=(4920)
calls=1 0 
0 65
0 15
cfn=(7170)
calls=1 0 
0 71
0 5
cob=(2)
cfi=(2)
cfn=(4920)
calls=1 0 
0 65
0 5
cfn=(6696)
calls=1 0 
0 9
0 2
cfn=(7518) core::ptr::drop_glue::<pbrs_grpc::client::pool::Endpoint>
calls=1 0 
0 89
0 2
cfn=(7520)
calls=1 0 
0 13
0 8
cfn=(7522)
calls=1 0 
0 1004
0 9

fn=(7514)
0 12
cfn=(7516) core::ptr::drop_glue::<pbrs_grpc::channelz::model::SocketEntry>
calls=3 0 
0 303
0 21
cob=(2)
cfi=(2)
cfn=(4920)
calls=3 0 
0 211

fn=(7576)
0 9
cfn=(7554)
calls=1 0 
0 12
0 10

fn=(7594)
0 56
cfn=(7596) <<alloc::boxed::Box<dyn core::error::Error + core::marker::Send + core::marker::Sync> as core::convert::From<alloc::string::String>>::from::StringError as core::fmt::Display>::fmt
calls=2 0 
0 370
0 22
cfn=(7598) alloc::io::error::custom_owner_from_box::drop_box_raw::<core::io::error::Custom>
calls=2 0 
0 516
0 14

fn=(7624) core::ptr::drop_glue::<std::sync::poison::mutex::Mutex<h2::proto::streams::streams::Inner>>
0 22
cfn=(7626) core::ptr::drop_glue::<h2::proto::streams::streams::Actions>
calls=2 0 
0 437
0 4
cfn=(7630) core::ptr::drop_glue::<slab::Slab<h2::proto::streams::stream::Stream>>
calls=2 0 
0 427
0 16
cob=(2)
cfi=(2)
cfn=(4920)
calls=2 0 
0 188
0 14
cob=(2)
cfi=(2)
cfn=(4920)
calls=2 0 
0 190

fn=(7630)
0 84
cob=(2)
cfi=(2)
cfn=(4920)
calls=2 0 
0 343

fn=(7632) <alloc::sync::Arc<h2::proto::streams::streams::SendBuffer<bytes::bytes::Bytes>>>::drop_slow
0 12
cfn=(7634)
calls=2 0 
0 427
0 18
cob=(2)
cfi=(2)
cfn=(4920)
calls=2 0 
0 188

fn=(7646) <alloc::sync::Arc<pbrs_grpc::channelz::model::ServerEntry>>::drop_slow
0 10
cob=(2)
cfi=(2)
cfn=(4920)
calls=1 0 
0 125
0 2
cfn=(7530)
calls=1 0 
0 573
0 8
cob=(2)
cfi=(2)
cfn=(4920)
calls=1 0 
0 73
0 11
cob=(2)
cfi=(2)
cfn=(4920)
calls=1 0 
0 73

fn=(7654)
0 23
cfn=(7656)
calls=1 0 
0 5147
0 9
cfn=(7656)
calls=1 0 
0 381
0 2
cfn=(7662)
calls=1 0 
0 485
0 4

fn=(7656)
0 76
cfn=(7658)
calls=1 0 
0 4762
0 19
cob=(2)
cfi=(2)
cfn=(4536)
calls=3 0 
0 1020
0 36

fn=(7858) <alloc::sync::Arc<tokio::runtime::scheduler::multi_thread::queue::Inner<alloc::sync::Arc<tokio::runtime::scheduler::multi_thread::handle::Handle>>>>::drop_slow
0 16
cob=(2)
cfi=(2)
cfn=(4920)
calls=4 0 
0 712
0 28
cob=(2)
cfi=(2)
cfn=(4920)
calls=4 0 
0 468

fn=(7962) <alloc::sync::Arc<tokio::runtime::blocking::pool::Inner>>::drop_slow
0 6
cfn=(7964) core::ptr::drop_glue::<tokio::runtime::blocking::pool::Inner>
calls=1 0 
0 283
0 9
cob=(2)
cfi=(2)
cfn=(4920)
calls=1 0 
0 65

fn=(7972) core::ptr::drop_glue::<tokio::runtime::blocking::shutdown::Receiver>
0 10

fn=(7974) <std::sync::once::Once>::call_once::<std::rt::cleanup::{closure#0}>::{closure#0}
0 19
cfn=(7976) <std::sync::once_lock::OnceLock<std::sync::reentrant_lock::ReentrantLock<core::cell::RefCell<alloc::io::buffered::linewriter::LineWriter<std::io::stdio::StdoutRaw>>>>>::initialize::<<std::sync::once_lock::OnceLock<std::sync::reentrant_lock::ReentrantLock<core::cell::RefCell<alloc::io::buffered::linewriter::LineWriter<std::io::stdio::StdoutRaw>>>>>::get_or_init<std::io::stdio::cleanup::{closure#0}>::{closure#0}, !>
calls=1 0 
0 86
0 3

fn=(5060) devloop::cmd_run_cell
0 119
cob=(2)
cfi=(2)
cfn=(4210)
calls=1 0 
0 190
0 11
cob=(2)
cfi=(2)
cfn=(4536)
calls=1 0 
0 10
0 164
cfn=(5062) <&str as core::str::pattern::Pattern>::is_contained_in
calls=1 0 
0 91
0 7
cfn=(5062)
calls=1 0 
0 101
0 10
cob=(2)
cfi=(2)
cfn=(4920)
calls=1 0 
0 117
0 39
cfn=(5064) <tokio::runtime::builder::Builder>::new
calls=1 0 
0 510
0 4
cfn=(5088)
calls=1 0 
0 37374
0 14
cfn=(5670)
calls=1 0 
0 31
0 2
cob=(2)
cfi=(2)
cfn=(4210)
calls=1 0 
0 41
0 11
cob=(2)
cfi=(2)
cfn=(4972)
calls=1 0 
0 70
0 11
cfn=(5672) <tokio::runtime::runtime::Runtime>::enter
calls=1 0 
0 63
0 22
cfn=(5222)
calls=1 0 
0 63
0 5
cfn=(5066)
calls=1 0 
0 141
0 9
cfn=(5674) <tokio::runtime::context::Context>::set_current
calls=1 0 
0 33
0 28
cfn=(5676)
calls=1 0 
0 537
0 3689
cfn=(5680) devloop::cmd_run_cell::{closure#1}
calls=334 0 
0 7970630
0 5338
cfn=(6432) <tokio::runtime::park::Inner>::park
calls=333 0 
0 33551
0 335
cfn=(7538)
calls=1 0 
0 5
0 3
cfn=(6570)
calls=1 0 
0 7
0 2
cfn=(7540)
calls=1 0 
0 72
0 3
cfn=(5668)
calls=1 0 
0 45
0 7
cob=(2)
cfi=(2)
cfn=(4920)
calls=1 0 
0 65
0 2
cfn=(7542) core::ptr::drop_glue::<tokio::runtime::runtime::Runtime>
calls=1 0 
0 3509
0 1

fn=(5070)
0 170
cob=(2)
cfi=(2)
cfn=(5072) getrandom
calls=5 0 
0 434
0 85

fn=(5148) <std::path::Component as core::cmp::PartialEq>::eq
0 170
cob=(2)
cfi=(2)
cfn=(5150)
calls=5 0 
0 90
0 38

fn=(5486)
0 7429
cob=(2)
cfi=(2)
cfn=(4506)
calls=437 0 
0 223538
0 6007

fn=(5492) std::thread::spawnhook::run_spawn_hooks
0 96
cfn=(5494)
calls=4 0 
0 76
0 102
cfn=(5432)
calls=1 0 
0 406
0 2

fn=(5494)
0 247

fn=(6198) <alloc::string::String as core::fmt::Display>::fmt
0 5
cfn=(5832)
calls=1 0 
0 131
0 70
cfn=(5832)
calls=14 0 
0 4521

fn=(6202) pbrs_grpc::channelz::trace::truncate
0 189

fn=(6208) <pbrs_grpc::channelz::model::Registry>::register_socket
0 66
cfn=(6210) pbrs_grpc::channelz::model::addr_text
calls=3 0 
0 4942
0 25
cfn=(6210)
calls=2 0 
0 3351
0 12
cob=(2)
cfi=(2)
cfn=(4210)
calls=1 0 
0 207
0 21
cfn=(5828)
calls=1 0 
0 954
0 24
cfn=(5828)
calls=2 0 
0 2438
0 12
cob=(2)
cfi=(2)
cfn=(4920)
calls=3 0 
0 211
0 12
cob=(2)
cfi=(2)
cfn=(4920)
calls=3 0 
0 211
0 36
cob=(2)
cfi=(2)
cfn=(4210)
calls=3 0 
0 286
0 30
cob=(2)
cfi=(2)
cfn=(4536)
calls=3 0 
0 32
0 126
cob=(2)
cfi=(2)
cfn=(4210)
calls=3 0 
0 621
0 30
cob=(2)
cfi=(2)
cfn=(4536)
calls=3 0 
0 180
0 130
cob=(2)
cfi=(2)
cfn=(4210)
calls=1 0 
0 210
0 121
cfn=(5828)
calls=3 0 
0 3422
0 30
cfn=(6580)
calls=1 0 
0 48
0 31
cfn=(6218)
calls=2 0 
0 96
0 109
cob=(2)
cfi=(2)
cfn=(4210)
calls=1 0 
0 41
0 10
cob=(2)
cfi=(2)
cfn=(4536)
calls=1 0 
0 11
0 10
cfn=(6200)
calls=1 0 
0 148
0 8
cob=(2)
cfi=(2)
cfn=(4210)
calls=2 0 
0 426
0 20
cob=(2)
cfi=(2)
cfn=(4536)
calls=2 0 
0 22
0 20
cfn=(6200)
calls=2 0 
0 296
0 16
cob=(2)
cfi=(2)
cfn=(4920)
calls=3 0 
0 211
0 33
cob=(2)
cfi=(2)
cfn=(4920)
calls=3 0 
0 211
0 33
cob=(2)
cfi=(2)
cfn=(4210)
calls=1 0 
0 204
0 10
cob=(2)
cfi=(2)
cfn=(4536)
calls=1 0 
0 11
0 5
cfn=(5796) <alloc::raw_vec::RawVec<pbrs_grpc::proxy::NoProxyRule>>::grow_one
calls=1 0 
0 109
0 24
cob=(2)
cfi=(2)
cfn=(4210)
calls=2 0 
0 254
0 20
cob=(2)
cfi=(2)
cfn=(4536)
calls=2 0 
0 21
0 10
cfn=(6220) <alloc::raw_vec::RawVec<pbrs_grpc::lb::pick_first::WeightedAddress>>::grow_one
calls=1 0 
0 278
0 36

fn=(6274)
0 89891

fn=(6344)
0 429

fn=(6386)
0 11215
cfn=(7244)
calls=201 0 
0 51797

fn=(6458) <h2::proto::streams::streams::Inner>::new
0 48
cfn=(6460)
calls=2 0 
0 38
0 82
cfn=(6460)
calls=2 0 
0 38
0 30
cob=(2)
cfi=(2)
cfn=(4536)
calls=2 0 
0 58
0 74
cob=(2)
cfi=(2)
cfn=(4536)
calls=2 0 
0 128
0 68
cob=(2)
cfi=(2)
cfn=(4210)
calls=2 0 
0 395
0 20
cob=(2)
cfi=(2)
cfn=(4536)
calls=2 0 
0 176
0 18

fn=(6506)
0 106
cfn=(6508) <h2::proto::streams::send::Send>::apply_remote_settings::<bytes::bytes::Bytes>
calls=2 0 
0 97
0 54

fn=(6614) pbrs_grpc::wire::encode::encode_msg::<pbrs_grpc::codec::prost::Message<devloop::echo::EchoRequest>>
0 10653
cfn=(6616)
calls=201 0 
0 79101
0 4221
cfn=(6618) <pbrs_grpc::codec::prost::Message<devloop::echo::EchoRequest> as pbrs_grpc::codec::CodecMessage>::encode_to_vec
calls=201 0 
0 67480
0 3015
cob=(2)
cfi=(2)
cfn=(4536)
calls=201 0 
0 24924
0 1809
cob=(2)
cfi=(2)
cfn=(4920)
calls=201 0 
0 13065
0 3015
cfn=(6622) <pbrs_grpc::wire::encode::SegSink>::finish
calls=201 0 
0 15276
0 3216

fn=(6620) prost::encoding::varint::encode_varint::<alloc::vec::Vec<u8>>
0 38391

fn=(6642)
0 26130

fn=(6712) <h2::proto::streams::send::Send>::send_headers::<bytes::bytes::Bytes>
0 7638
cfn=(6714) <h2::proto::streams::send::Send>::check_headers
calls=402 0 
0 428130
0 21105
cfn=(6726)
calls=201 0 
0 804
0 402
cfn=(6726)
calls=201 0 
0 804
0 8643
cob=(2)
cfi=(2)
cfn=(4536)
calls=201 0 
0 12864
0 1407
cfn=(6730) <h2::proto::streams::prioritize::Prioritize>::queue_frame::<bytes::bytes::Bytes>
calls=201 0 
0 110232
0 1206
cfn=(6728) <h2::proto::streams::prioritize::Prioritize>::queue_open
calls=201 0 
0 9849
0 1206
cob=(2)
cfi=(2)
cfn=(4536)
calls=201 0 
0 12864
0 1407
cfn=(6730)
calls=201 0 
0 49902
0 1393
cfn=(6282)
calls=186 0 
0 26407
cfn=(6434)
calls=1 0 
0 23
0 187

fn=(6738) <h2::proto::streams::streams::OpaqueStreamRef>::new
0 12864

fn=(6786)
0 45801
cob=(2)
cfi=(2)
cfn=(4536)
calls=1206 0 
0 34974
0 19341
cob=(2)
cfi=(2)
cfn=(4536)
calls=439 0 
0 12731
0 2301
cob=(2)
cfi=(2)
cfn=(4536)
calls=767 0 
0 22243
0 20344

fn=(6810) <h2::frame::headers::HeaderBlock>::into_encoding
0 18693
cob=(2)
cfi=(2)
cfn=(4920)
calls=603 0 
0 43691
0 2412
cob=(2)
cfi=(2)
cfn=(4536)
calls=603 0 
0 17487
0 18693
cob=(2)
cfi=(2)
cfn=(4536)
calls=603 0 
0 17487
0 6628
cfn=(6814)
calls=1804 0 
0 82961
0 45828
cfn=(6812) <h2::frame::headers::Iter as core::iter::traits::iterator::Iterator>::next
calls=2412 0 
0 115977
0 1809
cfn=(6812)
calls=603 0 
0 33969
0 224517
cfn=(6698)
calls=603 0 
0 4221
0 201
cfn=(6698)
calls=201 0 
0 1407
0 47637
cfn=(6698)
calls=804 0 
0 5628
0 110958
cob=(2)
cfi=(2)
cfn=(4210)
calls=2 0 
0 420
0 123518
cob=(2)
cfi=(2)
cfn=(5150)
calls=600 0 
0 10800
0 82464
cfn=(6816)
calls=8 0 
0 2280
0 13668
cfn=(6616)
calls=2 0 
0 300
0 24023
cob=(2)
cfi=(2)
cfn=(5150)
calls=200 0 
0 3936
0 1400
cob=(2)
cfi=(2)
cfn=(5150)
calls=1400 0 
0 23400
0 45218
cfn=(6828)
calls=201 0 
0 144546
0 500
cfn=(6698)
calls=1 0 
0 7
0 4
cfn=(6826)
calls=1 0 
0 103
0 6
cfn=(6826)
calls=3 0 
0 2225
0 42
cfn=(6826)
calls=1 0 
0 603
0 28
cfn=(6826)
calls=7 0 
0 3496
0 25337
cfn=(6834)
calls=603 0 
0 90684
0 7221
cfn=(6814)
calls=600 0 
0 18200
0 9648

fn=(6818)
0 132
cfn=(6698)
calls=4 0 
0 28
0 24

fn=(6850)
0 16324
cob=(2)
cfi=(2)
cfn=(4920)
calls=1 0 
0 205
0 3
cob=(2)
cfi=(2)
cfn=(4920)
calls=1 0 
0 73
0 10876

fn=(6892)
0 5427

fn=(6894) <h2::proto::streams::recv::Recv>::open
0 6432

fn=(6904)
0 16683
cfn=(6864)
calls=201 0 
0 2010
0 2211
cfn=(6906)
calls=201 0 
0 44823
0 4020
cfn=(6850)
calls=201 0 
0 1005
0 4020
cfn=(6908) <http::uri::scheme::Scheme as core::str::traits::FromStr>::from_str
calls=201 0 
0 6231
0 8241
cfn=(6692)
calls=201 0 
0 201
0 3216
cfn=(6864)
calls=201 0 
0 2010
0 804
cfn=(6910) <http::uri::path::PathAndQuery>::from_maybe_shared::<bytes::bytes::Bytes>
calls=201 0 
0 70551
0 5226
cfn=(6850)
calls=201 0 
0 1005
0 2613
cob=(2)
cfi=(2)
cfn=(4536)
calls=201 0 
0 5829
0 804
cob=(2)
cfi=(2)
cfn=(4536)
calls=201 0 
0 5829
0 6231
cfn=(6666)
calls=201 0 
0 11256
0 4020
cfn=(6914)
calls=201 0 
0 4221
0 4221
cob=(2)
cfi=(2)
cfn=(4536)
calls=201 0 
0 5829
0 1005
cob=(2)
cfi=(2)
cfn=(4536)
calls=201 0 
0 5829
0 804
cob=(2)
cfi=(2)
cfn=(4536)
calls=201 0 
0 5829
0 1206
cfn=(6672)
calls=201 0 
0 9849
0 4020
cob=(2)
cfi=(2)
cfn=(4536)
calls=201 0 
0 5829
0 1206

fn=(7022)
0 3015

fn=(7076) <h2::proto::streams::prioritize::Prioritize>::reclaim_frame_inner::<bytes::bytes::Bytes>
0 12060
cfn=(6696)
calls=402 0 
0 61978
0 4020

fn=(7080) <devloop::ProstNativeEchod as pbrs_grpc::server::dispatch::Service>::call::{closure#0}::{closure#1}::{closure#0}::{closure#0}
0 11859
cob=(2)
cfi=(2)
cfn=(4210)
calls=804 0 
0 71430
0 9624
cob=(2)
cfi=(2)
cfn=(4536)
calls=800 0 
0 99056
0 16
cob=(2)
cfi=(2)
cfn=(4536)
calls=4 0 
0 494
0 16884
cfn=(7082) <pbrs_grpc::stream::StreamSender<pbrs_grpc::codec::prost::Message<devloop::echo::EchoReply>>>::send_framed::{closure#0}
calls=804 0 
0 274508
0 4824
cfn=(7092) core::ptr::drop_glue::<<pbrs_grpc::stream::StreamSender<pbrs_grpc::codec::prost::Message<devloop::echo::EchoReply>>>::send_framed::{closure#0}>
calls=804 0 
0 12060
0 6633
cob=(2)
cfi=(2)
cfn=(4920)
calls=201 0 
0 14673
0 1407
cfn=(7088)
calls=201 0 
0 4422
0 6231

fn=(7112)
0 10854
cfn=(6622)
calls=201 0 
0 15276
0 4020
cfn=(6756)
calls=201 0 
0 242108
0 1206
cfn=(6770)
calls=201 0 
0 2613
0 4422

fn=(7142)
0 17085
cfn=(7144)
calls=201 0 
0 10854
0 5025
cfn=(6714)
calls=201 0 
0 222306
0 1809
cfn=(6766)
calls=201 0 
0 10653
0 9045
cfn=(6762) <h2::proto::streams::state::State>::send_close
calls=201 0 
0 5427
0 1809
cob=(2)
cfi=(2)
cfn=(4536)
calls=201 0 
0 12864
0 1608
cfn=(6730)
calls=201 0 
0 62511
0 1407
cfn=(6764) <h2::proto::streams::prioritize::Prioritize>::reserve_capacity
calls=201 0 
0 10854
0 2412

fn=(7148)
0 7437
cfn=(7168)
calls=201 0 
0 139603
0 631
cfn=(7170)
calls=14 0 
0 994
0 3216
cfn=(7162)
calls=201 0 
0 17889
0 1206
cfn=(7150)
calls=402 0 
0 314019
0 10050

fn=(7172)
0 2613

fn=(7178)
0 15276
cfn=(7180) core::ptr::drop_glue::<pbrs_grpc::server::connection::serve_io_in<pbrs_grpc::rt::TokioRuntime, pbrs_grpc::server::router::Router, tokio_rustls::server::TlsStream<tokio::net::tcp::stream::TcpStream>>::{closure#0}::{closure#10}>
calls=201 0 
0 3819
0 3015
cob=(2)
cfi=(2)
cfn=(4536)
calls=603 0 
0 175968
0 7236

fn=(7184)
0 1407
cfn=(7000)
calls=201 0 
0 48132
0 2010

fn=(7192) core::ptr::drop_glue::<pbrs_grpc::client::call::first_of_in<pbrs_grpc::rt::TokioRuntime, pbrs_grpc::request::Response<pbrs_grpc::stream::Streaming<pbrs_grpc::codec::prost::Message<pbrs_adoption_corpus::prost_types::EntityList>>>, pbrs_grpc::client::streaming::run_server_stream_inner<pbrs_grpc::codec::prost::Message<pbrs_adoption_corpus::prost_types::EntityList>>::{closure#0}::{closure#1}>::{closure#0}>
0 4221

fn=(7208) pbrs_grpc::client::call::finish_attempt
0 804

fn=(7220)
0 4221

fn=(7232) <pbrs_grpc::wire::frame_reader::WireStream<pbrs_grpc::codec::prost::Message<pbrs_adoption_corpus::prost_types::EntityList>>>::poll_next
0 21565
cfn=(7004)
calls=1135 0 
0 76284
0 1206
cfn=(7004)
calls=402 0 
0 26733
0 8205
cfn=(6986)
calls=532 0 
0 158636
0 6077
cfn=(6990)
calls=201 0 
0 6834
0 603
cfn=(6992) pbrs_grpc::wire::frame_reader::release
calls=201 0 
0 109368
0 24084
cfn=(7248) pbrs_grpc::wire::frame_reader::decode_frame::<pbrs_grpc::codec::prost::Message<devloop::echo::EchoReply>>
calls=804 0 
0 405204
0 9447
cfn=(7254)
calls=201 0 
0 43416
0 16080
cfn=(7256)
calls=201 0 
0 55074
0 1407
cfn=(6672)
calls=201 0 
0 9849
0 23457

fn=(7234) tokio::runtime::task::raw::poll::<pbrs_grpc::wire::send::reset_on_cancel::{closure#0}, alloc::sync::Arc<tokio::runtime::scheduler::multi_thread::handle::Handle>>
0 17550
cfn=(7236)
calls=351 0 
0 272619
0 7766
cfn=(7330)
calls=199 0 
0 25038
0 1791
cfn=(7330)
calls=199 0 
0 20879
0 398
cfn=(7334)
calls=199 0 
0 71152
0 2808

fn=(7238)
0 38737

fn=(7330)
0 15276
cfn=(7332) core::ptr::drop_glue::<pbrs_grpc::wire::send::reset_on_cancel::{closure#0}>
calls=201 0 
0 6405
0 3023
cob=(2)
cfi=(2)
cfn=(4536)
calls=603 0 
0 38524
0 7236

fn=(7332)
0 2215
cfn=(7328)
calls=2 0 
0 198
0 50
cfn=(7020)
calls=2 0 
0 66
0 10
cfn=(7170)
calls=2 0 
0 410
0 16
cfn=(7146)
calls=2 0 
0 2246
0 1194

fn=(7412) tokio::runtime::task::raw::drop_join_handle_slow::<pbrs_grpc::wire::send::reset_on_cancel::{closure#0}, alloc::sync::Arc<tokio::runtime::scheduler::multi_thread::handle::Handle>>
0 1920

fn=(7516)
0 18
cob=(2)
cfi=(2)
cfn=(4920)
calls=3 0 
0 211
0 74

fn=(7518)
0 24
cob=(2)
cfi=(2)
cfn=(4920)
calls=1 0 
0 65

fn=(7524)
0 25
cob=(2)
cfi=(2)
cfn=(4536)
calls=1 0 
0 12
0 10
cob=(2)
cfi=(2)
cfn=(4536)
calls=1 0 
0 12
0 43

fn=(7532)
0 48
cob=(2)
cfi=(2)
cfn=(4920)
calls=2 0 
0 182

fn=(7558)
0 11
cfn=(7560) core::ptr::drop_glue::<pbrs_grpc::server::accept::accept_loop_with_slots<pbrs_grpc::server::router::Router, core::future::pending::Pending<()>>::{closure#0}>
calls=1 0 
0 2737
0 7

fn=(7570)
0 15
cfn=(7572) <tokio::runtime::io::registration::Registration as core::ops::drop::Drop>::drop
calls=3 0 
0 150
0 39

fn=(7572)
0 71
cfn=(6386)
calls=2 0 
0 16
0 63

fn=(7586)
0 32

fn=(7596)
0 10
cfn=(5832)
calls=2 0 
0 360

fn=(7612)
0 24
cob=(2)
cfi=(2)
cfn=(4920)
calls=2 0 
0 146
0 53
cfn=(6814)
calls=2 0 
0 59
0 4
cfn=(6814)
calls=2 0 
0 59
0 22
cfn=(6814)
calls=1 0 
0 32
0 6
cfn=(6814)
calls=3 0 
0 209
0 24
cob=(2)
cfi=(2)
cfn=(4920)
calls=2 0 
0 146
0 38
cob=(2)
cfi=(2)
cfn=(4920)
calls=2 0 
0 146

fn=(7650) <tokio::runtime::task::harness::Harness<pbrs_grpc::server::accept::accept_loop_with_slots<pbrs_grpc::server::router::Router, core::future::pending::Pending<()>>::{closure#0}::{closure#2}, alloc::sync::Arc<tokio::runtime::scheduler::multi_thread::handle::Handle>>>::complete
0 26
cfn=(7580)
calls=1 0 
0 12044
0 5
cfn=(7100)
calls=1 0 
0 56
0 13
cfn=(7652) core::ptr::drop_glue::<tokio::runtime::task::core::Cell<pbrs_grpc::server::accept::accept_loop_with_slots<pbrs_grpc::server::router::Router, core::future::pending::Pending<()>>::{closure#0}::{closure#2}, alloc::sync::Arc<tokio::runtime::scheduler::multi_thread::handle::Handle>>>
calls=1 0 
0 26
0 2
cob=(2)
cfi=(2)
cfn=(4920)
calls=1 0 
0 200
0 6

fn=(7676) <std::sys::sync::condvar::futex::Condvar>::wait_optional_timeout
0 88
cfn=(5192)
calls=4 0 
0 104
0 136
cob=(2)
cfi=(2)
cfn=(6378)
calls=4 0 
0 44
0 64

fn=(7692) <tokio::runtime::blocking::pool::BlockingPool>::shutdown
0 42
cob=(2)
cfi=(2)
cfn=(6378)
calls=1 0 
0 11
0 79
cfn=(7694)
calls=2 0 
0 219
0 26
cfn=(6432)
calls=1 0 
0 101
0 134
cfn=(7872)
calls=4 0 
0 2137
0 19
cob=(2)
cfi=(2)
cfn=(4920)
calls=1 0 
0 65
0 8

fn=(7696)
0 52
cob=(2)
cfi=(2)
cfn=(5018)
calls=4 0 
0 580
0 40
cob=(2)
cfi=(2)
cfn=(5016)
calls=4 0 
0 20
0 20
cob=(2)
cfi=(2)
cfn=(6090) munmap
calls=4 0 
0 20
0 4
cob=(2)
cfi=(2)
cfn=(5034)
calls=4 0 
0 12
0 264
cfn=(7698)
calls=4 0 
0 445
0 44
cob=(2)
cfi=(2)
cfn=(4920)
calls=4 0 
0 416
0 80

fn=(7856) core::ptr::drop_glue::<tokio::runtime::scheduler::multi_thread::handle::Handle>
0 50
cfn=(7858)
calls=4 0 
0 1224
0 20
cfn=(5430)
calls=4 0 
0 894
0 6
cob=(2)
cfi=(2)
cfn=(4920)
calls=1 0 
0 117
0 4
cob=(2)
cfi=(2)
cfn=(4920)
calls=1 0 
0 65
0 4
cob=(2)
cfi=(2)
cfn=(4920)
calls=1 0 
0 117
0 3
cfn=(5428)
calls=1 0 
0 149
0 2
cfn=(7864)
calls=1 0 
0 20
0 4
cob=(2)
cfi=(2)
cfn=(4920)
calls=1 0 
0 204
0 2
cfn=(7866) core::ptr::drop_glue::<tokio::runtime::driver::Handle>
calls=1 0 
0 433
0 17

fn=(7964)
0 10
cfn=(7966)
calls=1 0 
0 101
0 14
cfn=(7970) <alloc::sync::Arc<dyn core::ops::function::Fn<(), Output = ()> + core::marker::Send + core::marker::Sync>>::drop_slow
calls=1 0 
0 144
0 14

fn=(7994) <alloc::sync::Arc<tokio::runtime::park::Inner>>::drop_slow
0 6
cob=(2)
cfi=(2)
cfn=(4920)
calls=1 0 
0 117

fn=(6516) <h2::proto::streams::prioritize::Prioritize>::reclaim_frame::<tokio::net::tcp::stream::TcpStream, bytes::bytes::Bytes>
0 114754
cfn=(7076)
calls=402 0 
0 78058
0 35680

fn=(6800) pbrs_grpc::keepalive::wait::{closure#0}
0 29191
cfn=(6332)
calls=1 0 
0 237
0 2476
cfn=(6332)
calls=619 0 
0 82946
0 16740

fn=(6802) <h2::proto::streams::store::Queue<h2::proto::streams::stream::NextSend>>::push_front
0 9849

fn=(5040) devloop::main
0 9
cfn=(5042)
calls=1 0 
0 1991
0 15
cfn=(5058)
calls=1 0 
0 80
0 21
cob=(2)
cfi=(2)
cfn=(4210)
calls=1 0 
0 187
0 174
cfn=(5058)
calls=6 0 
0 456
0 40
cob=(2)
cfi=(2)
cfn=(4920)
calls=1 0 
0 65
0 24
cfn=(5060)
calls=1 0 
0 8057092
0 54
cob=(2)
cfi=(2)
cfn=(4920)
calls=7 0 
0 819
0 11
cob=(2)
cfi=(2)
cfn=(4920)
calls=1 0 
0 65
0 8

fn=(5062)
0 192

fn=(5134)
0 14
cob=(2)
cfi=(2)
cfn=(4536)
calls=1 0 
0 11
0 61
cfn=(5122)
calls=1 0 
0 123
0 6
cob=(2)
cfi=(2)
cfn=(4536)
calls=1 0 
0 29
0 8

fn=(5136)
0 75
cfn=(5138) <std::path::Components as core::iter::traits::double_ended::DoubleEndedIterator>::next_back
calls=3 0 
0 546
0 18
cfn=(5142)
calls=3 0 
0 413
0 63

fn=(5168)
0 14
cob=(2)
cfi=(2)
cfn=(5170) epoll_create1
calls=1 0 
0 5
0 6
cob=(2)
cfi=(2)
cfn=(5172) eventfd
calls=1 0 
0 5
0 10
cob=(2)
cfi=(2)
cfn=(5174)
calls=1 0 
0 6
0 7
cob=(2)
cfi=(2)
cfn=(5176) fcntl
calls=1 0 
0 35
0 32
cfn=(5192)
calls=1 0 
0 26
0 4
cob=(2)
cfi=(2)
cfn=(4210)
calls=1 0 
0 168
0 12
cob=(2)
cfi=(2)
cfn=(4972)
calls=1 0 
0 2082
0 5
cob=(2)
cfi=(2)
cfn=(4972)
calls=1 0 
0 77
0 5
cob=(2)
cfi=(2)
cfn=(4972)
calls=1 0 
0 77
0 5
cob=(2)
cfi=(2)
cfn=(4972)
calls=1 0 
0 77
0 6
cob=(2)
cfi=(2)
cfn=(4972)
calls=1 0 
0 77
0 44
cob=(2)
cfi=(2)
cfn=(4210)
calls=1 0 
0 173
0 13
cob=(2)
cfi=(2)
cfn=(4210)
calls=1 0 
0 41
0 15

fn=(5422)
0 45
cfn=(5424)
calls=3 0 
0 413
0 27

fn=(5430)
0 27
cfn=(7860)
calls=1 0 
0 376
0 35
cob=(2)
cfi=(2)
cfn=(4920)
calls=5 0 
0 533

fn=(5470)
0 158
cfn=(5472) <alloc::collections::vec_deque::VecDeque<tokio::runtime::blocking::pool::Task>>::grow
calls=1 0 
0 277
0 154
cfn=(5476) <tokio::runtime::builder::Builder>::new::{closure#0}
calls=4 0 
0 799
0 151
cfn=(5092) std::sys::env::unix::getenv
calls=1 0 
0 818
0 55
cfn=(5482)
calls=4 0 
0 1002
0 16
cob=(2)
cfi=(2)
cfn=(4210)
calls=4 0 
0 728
0 52
cfn=(5492)
calls=4 0 
0 682
0 24
cob=(2)
cfi=(2)
cfn=(4210)
calls=4 0 
0 802
0 164
cob=(2)
cfi=(2)
cfn=(4210)
calls=4 0 
0 802
0 92
cob=(2)
cfi=(2)
cfn=(4210)
calls=4 0 
0 747
0 48
cfn=(5496) <std::sys::thread::unix::Thread>::new
calls=4 0 
0 6401
0 48
cfn=(5628)
calls=4 0 
0 584
0 290
cfn=(5630) <hashbrown::raw::RawTable<(usize, std::thread::join_handle::JoinHandle<()>)>>::reserve_rehash::<hashbrown::map::make_hasher<usize, std::thread::join_handle::JoinHandle<()>, std::hash::random::RandomState>::{closure#0}>
calls=2 0 
0 1116
0 2

fn=(5680)
0 11726
cfn=(5682)
calls=1 0 
0 1120
0 21
cfn=(5708) <tokio::net::tcp::listener::TcpListener>::local_addr
calls=1 0 
0 54
0 29
cob=(2)
cfi=(2)
cfn=(4536)
calls=1 0 
0 268
0 11
cob=(2)
cfi=(2)
cfn=(4536)
calls=1 0 
0 268
0 11
cob=(2)
cfi=(2)
cfn=(4536)
calls=1 0 
0 268
0 19
cob=(2)
cfi=(2)
cfn=(4536)
calls=1 0 
0 268
0 12
cob=(2)
cfi=(2)
cfn=(4536)
calls=1 0 
0 268
0 10
cob=(2)
cfi=(2)
cfn=(5224)
calls=1 0 
0 472
0 14
cob=(2)
cfi=(2)
cfn=(4536)
calls=1 0 
0 280
0 4
cfn=(5714) <tokio::runtime::task::list::OwnedTasks<alloc::sync::Arc<tokio::runtime::scheduler::current_thread::Handle>>>::bind_inner
calls=1 0 
0 82
0 13
cfn=(5716)
calls=1 0 
0 103
0 18
cfn=(5722)
calls=1 0 
0 22277
0 5
cfn=(5722)
calls=1 0 
0 27398
0 12
cob=(2)
cfi=(2)
cfn=(4536)
calls=1 0 
0 76
0 14
cob=(2)
cfi=(2)
cfn=(4536)
calls=1 0 
0 76
0 6
cob=(2)
cfi=(2)
cfn=(4210)
calls=1 0 
0 188
0 10
cob=(2)
cfi=(2)
cfn=(4536)
calls=1 0 
0 124
0 47
cfn=(6596) <pbrs_grpc::client::channel::Channel>::server_streaming::<pbrs_grpc::codec::prost::Message<devloop::echo::EchoRequest>, pbrs_grpc::codec::prost::Message<devloop::echo::EchoReply>>
calls=1 0 
0 12217
0 13
cfn=(6610) <pbrs_grpc::client::channel::Channel>::server_streaming::<pbrs_grpc::codec::prost::Message<devloop::echo::EchoRequest>, pbrs_grpc::codec::prost::Message<devloop::echo::EchoReply>>::{closure#0}
calls=1 0 
0 12216
0 12
cfn=(6610)
calls=2 0 
0 6761
0 17
cob=(2)
cfi=(2)
cfn=(4536)
calls=1 0 
0 76
0 2
cfn=(7218)
calls=1 0 
0 250
0 9
cob=(2)
cfi=(2)
cfn=(4536)
calls=1 0 
0 76
0 4
cfn=(7228)
calls=1 0 
0 359
0 43
cfn=(7230) <pbrs_grpc::stream::Streaming<pbrs_grpc::codec::prost::Message<devloop::echo::EchoReply>>>::message::{closure#0}
calls=5 0 
0 3380
0 8
cfn=(7230)
calls=2 0 
0 2925
0 59
cob=(2)
cfi=(2)
cfn=(4920)
calls=4 0 
0 260
0 30
cfn=(5192)
calls=1 0 
0 26
0 11
cfn=(7482)
calls=1 0 
0 88
0 17
cfn=(7484)
calls=1 0 
0 6530
0 7
cfn=(7494)
calls=1 0 
0 549
0 4
cob=(2)
cfi=(2)
cfn=(4920)
calls=1 0 
0 65
0 7
cfn=(7148)
calls=1 0 
0 1710
0 2
cfn=(7216)
calls=1 0 
0 4412
0 6829
cob=(2)
cfi=(2)
cfn=(4210)
calls=200 0 
0 8200
0 2400
cob=(2)
cfi=(2)
cfn=(4536)
calls=200 0 
0 24800
0 8800
cfn=(6596)
calls=200 0 
0 2501449
0 2400
cfn=(6610)
calls=200 0 
0 2195450
0 1200
cfn=(6610)
calls=200 0 
0 1310568
0 2800
cob=(2)
cfi=(2)
cfn=(4536)
calls=200 0 
0 14800
0 400
cfn=(7218)
calls=200 0 
0 45101
0 1800
cob=(2)
cfi=(2)
cfn=(4536)
calls=200 0 
0 15200
0 800
cfn=(7228)
calls=200 0 
0 72488
0 11800
cob=(2)
cfi=(2)
cfn=(4920)
calls=800 0 
0 52000
0 7000
cfn=(7230)
calls=1000 0 
0 976788
0 512
cfn=(7230)
calls=128 0 
0 230608
0 4032
cfn=(7536) core::ptr::drop_glue::<devloop::rpc_prost_server_stream::{closure#0}>
calls=1 0 
0 11
0 401
cfn=(7148)
calls=200 0 
0 353475
0 801

fn=(5692)
0 12
cob=(2)
cfi=(2)
cfn=(5694)
calls=1 0 
0 5
0 10
cob=(2)
cfi=(2)
cfn=(5696)
calls=1 0 
0 6
0 17
cob=(2)
cfi=(2)
cfn=(5698) bind
calls=1 0 
0 5
0 5
cob=(2)
cfi=(2)
cfn=(5700) listen
calls=1 0 
0 5
0 11

fn=(5704)
0 66
cob=(2)
cfi=(2)
cfn=(5224)
calls=3 0 
0 1833
0 36
cob=(2)
cfi=(2)
cfn=(4536)
calls=3 0 
0 87
0 69

fn=(5708)
0 6
cfn=(5710)
calls=1 0 
0 45
0 3

fn=(5760)
0 388

fn=(5762)
0 211
cob=(2)
cfi=(2)
cfn=(4210)
calls=1 0 
0 261
0 10
cob=(2)
cfi=(2)
cfn=(4536)
calls=1 0 
0 12
0 20

fn=(5764)
0 72
cob=(2)
cfi=(2)
cfn=(4536)
calls=1 0 
0 29
0 11
cfn=(5192)
calls=1 0 
0 26
0 13
cfn=(5468)
calls=1 0 
0 29
0 18
cob=(2)
cfi=(2)
cfn=(4536)
calls=1 0 
0 712
0 19
cob=(2)
cfi=(2)
cfn=(4536)
calls=1 0 
0 724
0 4
cob=(2)
cfi=(2)
cfn=(4536)
calls=1 0 
0 724
0 39
cob=(2)
cfi=(2)
cfn=(4536)
calls=1 0 
0 64
0 62
cfn=(5766) pbrs_grpc::tcp::dial_via_proxy::{closure#0}
calls=1 0 
0 13139
0 12
cfn=(5836)
calls=1 0 
0 15
0 16
cfn=(5684)
calls=1 0 
0 316
0 10
cfn=(5690)
calls=1 0 
0 25
0 77
cfn=(5838) <tokio::net::tcp::stream::TcpStream>::connect_addr::{closure#0}
calls=1 0 
0 1358
0 5
cfn=(5838)
calls=1 0 
0 161
0 35
cfn=(6440)
calls=1 0 
0 13
0 32
cob=(2)
cfi=(2)
cfn=(4536)
calls=1 0 
0 64
0 5
cob=(2)
cfi=(2)
cfn=(4536)
calls=1 0 
0 64
0 8
cfn=(6442) pbrs_grpc::client::pool::finish_tcp::{closure#0}
calls=1 0 
0 14520
0 8
cfn=(6352)
calls=1 0 
0 360
0 7
cfn=(6566) core::ptr::drop_glue::<tokio::time::timeout::Timeout<pbrs_grpc::client::pool::handshake_io::{closure#0}>>
calls=1 0 
0 181
0 82
cfn=(6564)
calls=1 0 
0 15
0 2

fn=(5784)
0 61352

fn=(5792) <core::net::parser::Parser>::read_ipv6_addr
0 34
cfn=(5794) <core::net::parser::Parser>::read_ipv6_addr::read_groups
calls=2 0 
0 168
0 46
cfn=(5794)
calls=1 0 
0 105
0 11
cob=(2)
cfi=(2)
cfn=(4536)
calls=1 0 
0 17
0 18

fn=(5796)
0 30
cfn=(5424)
calls=2 0 
0 170
0 18

fn=(5838)
0 34
cfn=(5840)
calls=1 0 
0 122
0 10
cfn=(6388)
calls=1 0 
0 1191
0 4
cfn=(6388)
calls=1 0 
0 120
0 38

fn=(6152) tokio::runtime::task::raw::poll::<tokio::runtime::blocking::task::BlockingTask<<tokio::runtime::scheduler::multi_thread::worker::Launch>::launch::{closure#0}>, tokio::runtime::blocking::schedule::BlockingSchedule>
0 196
cfn=(6154)
calls=4 0 
0 24113840
0 32
cfn=(7668)
calls=4 0 
0 172
0 36
cfn=(7668)
calls=4 0 
0 160
0 40
cfn=(7670)
calls=4 0 
0 304

fn=(6168) devloop::rpc_prost_server_stream::{closure#0}::{closure#0}
0 28
cfn=(6170) <pbrs_grpc::server::router::Router>::new
calls=1 0 
0 291
0 3
cfn=(6172) <pbrs_grpc::server::router::Router>::add_service::<devloop::ProstNativeEchod>
calls=1 0 
0 861
0 11
cob=(2)
cfi=(2)
cfn=(4536)
calls=1 0 
0 76
0 4
cob=(2)
cfi=(2)
cfn=(4536)
calls=1 0 
0 268
0 5
cfn=(6180) <pbrs_grpc::server::router::Router>::serve_listener::{closure#0}
calls=1 0 
0 11817
0 3
cfn=(6180)
calls=1 0 
0 62950
0 28

fn=(6180)
0 169
cob=(2)
cfi=(2)
cfn=(4536)
calls=1 0 
0 76
0 9
cob=(2)
cfi=(2)
cfn=(4536)
calls=1 0 
0 220
0 5
cob=(2)
cfi=(2)
cfn=(4536)
calls=1 0 
0 218
0 14
cob=(2)
cfi=(2)
cfn=(4536)
calls=1 0 
0 76
0 10
cob=(2)
cfi=(2)
cfn=(4536)
calls=1 0 
0 64
0 4
cfn=(6188) <pbrs_grpc::server::router::Router>::with_channelz
calls=1 0 
0 2963
0 7
cob=(2)
cfi=(2)
cfn=(4536)
calls=1 0 
0 76
0 2
cob=(2)
cfi=(2)
cfn=(4210)
calls=1 0 
0 210
0 10
cob=(2)
cfi=(2)
cfn=(4536)
calls=1 0 
0 76
0 11
cob=(2)
cfi=(2)
cfn=(4536)
calls=1 0 
0 64
0 5
cob=(2)
cfi=(2)
cfn=(4536)
calls=1 0 
0 64
0 6
cob=(2)
cfi=(2)
cfn=(4536)
calls=1 0 
0 64
0 73
cob=(2)
cfi=(2)
cfn=(4536)
calls=1 0 
0 29
0 30
cob=(2)
cfi=(2)
cfn=(4536)
calls=1 0 
0 64
0 19
cfn=(5710)
calls=1 0 
0 45
0 50
cfn=(6208)
calls=1 0 
0 5900
0 10
cfn=(6222)
calls=1 0 
0 682
0 5
cob=(2)
cfi=(2)
cfn=(4210)
calls=1 0 
0 210
0 16
cob=(2)
cfi=(2)
cfn=(4972)
calls=1 0 
0 35
0 52
cfn=(6238) <tokio::net::tcp::listener::TcpListener>::accept::{closure#0}
calls=2 0 
0 910
0 3
cfn=(6238)
calls=1 0 
0 1127
0 67
cob=(2)
cfi=(2)
cfn=(4536)
calls=1 0 
0 64
0 32
cob=(2)
cfi=(2)
cfn=(4536)
calls=1 0 
0 11975
0 11
cob=(2)
cfi=(2)
cfn=(4536)
calls=1 0 
0 11991
0 21
cob=(2)
cfi=(2)
cfn=(4536)
calls=1 0 
0 11995
0 12
cob=(2)
cfi=(2)
cfn=(4536)
calls=1 0 
0 11999
0 10
cob=(2)
cfi=(2)
cfn=(5224)
calls=1 0 
0 495
0 13
cob=(2)
cfi=(2)
cfn=(4536)
calls=1 0 
0 12191
0 4
cfn=(5714)
calls=1 0 
0 82
0 13
cfn=(5716)
calls=1 0 
0 52
0 57

fn=(6188)
0 44
cob=(2)
cfi=(2)
cfn=(4210)
calls=1 0 
0 213
0 26
cfn=(6190) alloc::str::join_generic_copy::<str, u8, &str>
calls=1 0 
0 295
0 25
cob=(2)
cfi=(2)
cfn=(4210)
calls=1 0 
0 213
0 10
cob=(2)
cfi=(2)
cfn=(4536)
calls=1 0 
0 12
0 2
cfn=(5192)
calls=1 0 
0 26
0 24
cob=(2)
cfi=(2)
cfn=(4210)
calls=1 0 
0 210
0 12
cob=(2)
cfi=(2)
cfn=(4536)
calls=1 0 
0 29
0 9
cfn=(5828)
calls=1 0 
0 491
0 7
cfn=(6200)
calls=1 0 
0 446
0 17
cfn=(6192)
calls=1 0 
0 349
0 11
cob=(2)
cfi=(2)
cfn=(4210)
calls=1 0 
0 210
0 35
cob=(2)
cfi=(2)
cfn=(4920)
calls=1 0 
0 73
0 12
cob=(2)
cfi=(2)
cfn=(4536)
calls=1 0 
0 76
0 4
cob=(2)
cfi=(2)
cfn=(4920)
calls=1 0 
0 73
0 9

fn=(6206) <alloc::raw_vec::RawVec<pbrs_grpc::channelz::trace::TraceEvent>>::grow_one
0 45
cfn=(5424)
calls=3 0 
0 1399
0 27

fn=(6216) <&str as core::fmt::Display>::fmt
0 15
cfn=(5832)
calls=3 0 
0 514

fn=(6240) <tokio::runtime::io::registration::Registration>::readiness::{closure#0}
0 126
cfn=(6242)
calls=3 0 
0 372
0 4
cfn=(6242)
calls=1 0 
0 85
0 24
cfn=(6290) <tokio::runtime::io::scheduled_io::Readiness as core::ops::drop::Drop>::drop
calls=2 0 
0 80
0 86

fn=(6248)
0 54225

fn=(6272)
0 32010
cfn=(6274)
calls=1067 0 
0 29945
0 23486
cfn=(5192)
calls=3 0 
0 78
0 24
cfn=(6246)
calls=3 0 
0 108
0 10956
cfn=(6276)
calls=883 0 
0 216782
0 184
cfn=(6276)
calls=184 0 
0 44755
0 4268
cfn=(5192)
calls=1067 0 
0 27742
0 8536
cfn=(6246)
calls=1067 0 
0 38412
0 26675
cfn=(6286)
calls=1067 0 
0 149224

fn=(6322)
0 18800
cfn=(6324)
calls=1 0 
0 1019
0 9
cfn=(5710)
calls=1 0 
0 45
0 4867
cob=(2)
cfi=(2)
cfn=(4536)
calls=1 0 
0 64
0 16
cob=(2)
cfi=(2)
cfn=(4536)
calls=1 0 
0 64
0 5
cob=(2)
cfi=(2)
cfn=(4536)
calls=1 0 
0 64
0 57
cob=(2)
cfi=(2)
cfn=(4536)
calls=1 0 
0 64
0 13
cob=(2)
cfi=(2)
cfn=(4536)
calls=1 0 
0 64
0 3
cfn=(6328) <pbrs_grpc::config::ServerConfig>::h2_builder
calls=1 0 
0 63
0 7
cob=(2)
cfi=(2)
cfn=(4210)
calls=1 0 
0 223
0 15
cob=(2)
cfi=(2)
cfn=(4536)
calls=1 0 
0 29
0 13
cob=(2)
cfi=(2)
cfn=(4536)
calls=1 0 
0 29
0 17
cob=(2)
cfi=(2)
cfn=(4536)
calls=1 0 
0 304
0 4352
cfn=(6330) pbrs_grpc::server::connection::wait_for_drain::{closure#0}
calls=2 0 
0 574
0 18
cfn=(6336) <pbrs_grpc::rt::TokioRuntime as pbrs_grpc::rt::Runtime>::timeout::<<pbrs_grpc::transport::h2::ServerBuilder as pbrs_grpc::transport::ServerBuilder>::handshake<tokio::net::tcp::stream::TcpStream>::{closure#0}>::{closure#0}
calls=2 0 
0 7466
0 14
cfn=(6336)
calls=1 0 
0 1787
0 10
cfn=(6330)
calls=1 0 
0 212
0 6
cob=(2)
cfi=(2)
cfn=(4536)
calls=1 0 
0 160
0 6
cob=(2)
cfi=(2)
cfn=(4536)
calls=1 0 
0 160
0 3
cfn=(6536) core::ptr::drop_glue::<(<pbrs_grpc::rt::TokioRuntime as pbrs_grpc::rt::Runtime>::timeout<<pbrs_grpc::transport::h2::ServerBuilder as pbrs_grpc::transport::ServerBuilder>::handshake<tokio::net::tcp::stream::TcpStream>::{closure#0}>::{closure#0}, pbrs_grpc::server::connection::wait_for_drain::{closure#0})>
calls=1 0 
0 154
0 15
cob=(2)
cfi=(2)
cfn=(4536)
calls=1 0 
0 160
0 41
cfn=(6542) <pbrs_grpc::channelz::model::Registry>::global_shared
calls=1 0 
0 10
0 27
cfn=(6208)
calls=1 0 
0 7463
0 42
cfn=(6474)
calls=1 0 
0 75
0 6
cfn=(6544)
calls=1 0 
0 28
0 5
cfn=(5192)
calls=1 0 
0 26
0 3
cfn=(6546)
calls=1 0 
0 57
0 41557
cfn=(6548)
calls=805 0 
0 5122686
0 8856
cob=(2)
cfi=(2)
cfn=(4536)
calls=201 0 
0 10452
0 5838
cfn=(6330)
calls=604 0 
0 128198
0 28388
cfn=(6794)
calls=604 0 
0 12688
0 3622
cob=(2)
cfi=(2)
cfn=(4536)
calls=201 0 
0 10452
0 603
cfn=(6942)
calls=201 0 
0 3216
0 2613
cob=(2)
cfi=(2)
cfn=(4536)
calls=201 0 
0 10452
0 1206
cob=(2)
cfi=(2)
cfn=(4536)
calls=201 0 
0 5829
0 2211
cfn=(6944) pbrs_grpc::wire::headers::check_request
calls=201 0 
0 77385
0 1608
cfn=(6724)
calls=201 0 
0 29949
0 17688
cob=(2)
cfi=(2)
cfn=(4536)
calls=201 0 
0 12462
0 1608
cob=(2)
cfi=(2)
cfn=(4536)
calls=201 0 
0 5829
0 10050
cob=(2)
cfi=(2)
cfn=(4536)
calls=201 0 
0 58692
0 2211
cob=(2)
cfi=(2)
cfn=(4536)
calls=201 0 
0 58692
0 4020
cob=(2)
cfi=(2)
cfn=(4536)
calls=201 0 
0 58290
0 2613
cob=(2)
cfi=(2)
cfn=(4536)
calls=201 0 
0 58692
0 2010
cob=(2)
cfi=(2)
cfn=(5224)
calls=201 0 
0 140367
0 2808
cob=(2)
cfi=(2)
cfn=(4536)
calls=200 0 
0 60784
0 4
cob=(2)
cfi=(2)
cfn=(4536)
calls=1 0 
0 302
0 804
cfn=(5714)
calls=201 0 
0 16582
0 2412
cfn=(5716)
calls=201 0 
0 10452
0 3216

fn=(6330)
0 28631
cfn=(6332)
calls=2 0 
0 474
0 2420
cfn=(6332)
calls=605 0 
0 81070
0 16389

fn=(6346)
0 51400
cfn=(6380)
calls=1829 0 
0 51353
0 93923
cfn=(6348)
calls=406 0 
0 70635
0 91697
cfn=(6348)
calls=402 0 
0 69948
0 46825

fn=(6456) <h2::proto::streams::streams::Streams<bytes::bytes::Bytes, h2::client::Peer>>::new
0 6
cfn=(6458)
calls=1 0 
0 582
0 13
cob=(2)
cfi=(2)
cfn=(4210)
calls=1 0 
0 245
0 19

fn=(6466) <tracing::span::Span>::follows_from::<tracing::span::Span>
0 44

fn=(6482)
0 73230

fn=(6490)
0 41429

fn=(6500)
0 83608
cob=(2)
cfi=(2)
cfn=(4210)
calls=5 0 
0 816
0 76478

fn=(6558)
0 37076
cfn=(6516)
calls=1426 0 
0 48484
0 24242

fn=(6560)
0 33376
cob=(2)
cfi=(2)
cfn=(6378)
calls=689 0 
0 7579
0 1270
cfn=(6362)
calls=254 0 
0 21590
0 1783

fn=(6562) core::ptr::drop_glue::<pbrs_grpc::client::pool::finish_h2<tokio::net::tcp::stream::TcpStream>::{closure#0}>
0 21

fn=(6578) <pbrs_grpc::channelz::model::Registry>::set_channel_state
0 8
cfn=(6580)
calls=1 0 
0 48
0 31
cfn=(5828)
calls=1 0 
0 467
0 7
cfn=(6200)
calls=1 0 
0 148
0 18

fn=(6580)
0 19440

fn=(6588)
0 6195
cob=(2)
cfi=(2)
cfn=(4210)
calls=413 0 
0 19045
0 12364

fn=(6596)
0 3015
cfn=(6598)
calls=201 0 
0 56682
0 1005
cob=(2)
cfi=(2)
cfn=(4536)
calls=201 0 
0 17688
0 1005
cfn=(6602)
calls=201 0 
0 18693
0 804
cob=(2)
cfi=(2)
cfn=(4210)
calls=201 0 
0 54687
0 4008
cob=(2)
cfi=(2)
cfn=(4972)
calls=200 0 
0 7000
0 10
cob=(2)
cfi=(2)
cfn=(4972)
calls=1 0 
0 35
0 6432
cfn=(6604)
calls=201 0 
0 8643
0 3819
cob=(2)
cfi=(2)
cfn=(4536)
calls=201 0 
0 17688
0 603
cfn=(6606) <pbrs_grpc::request::Request<pbrs_grpc::codec::prost::Message<devloop::echo::EchoRequest>>>::into_parts
calls=201 0 
0 16482
0 7437
cob=(2)
cfi=(2)
cfn=(4536)
calls=201 0 
0 15276
0 6633
cob=(2)
cfi=(2)
cfn=(4210)
calls=201 0 
0 86782
0 2607
cob=(2)
cfi=(2)
cfn=(4536)
calls=200 0 
0 2163168
0 4
cob=(2)
cfi=(2)
cfn=(4536)
calls=1 0 
0 10847
0 2613

fn=(6600)
0 5628

fn=(6606)
0 11256
cfn=(6608)
calls=201 0 
0 3417
0 1809

fn=(6624)
0 14472

fn=(6644)
0 13668
cfn=(6646)
calls=402 0 
0 8442
0 22512

fn=(6652)
0 43285

fn=(6664)
0 34020

fn=(6666)
0 22512

fn=(6674)
0 27336
cfn=(6696)
calls=801 0 
0 7209
cfn=(6832)
calls=3 0 
0 36
0 11055
cfn=(6696)
calls=2204 0 
0 19836
cfn=(6832)
calls=7 0 
0 84
0 45828

fn=(6680)
0 37989

fn=(6690) <h2::client::Peer>::convert_send_message
0 5628
cfn=(6608)
calls=201 0 
0 3417
0 12864
cob=(2)
cfi=(2)
cfn=(4210)
calls=201 0 
0 8649
0 2406
cob=(2)
cfi=(2)
cfn=(4536)
calls=200 0 
0 2000
0 4
cob=(2)
cfi=(2)
cfn=(4536)
calls=1 0 
0 10
0 1005
cfn=(6692)
calls=201 0 
0 201
0 11256
cfn=(6694)
calls=201 0 
0 7839
0 1206
cob=(2)
cfi=(2)
cfn=(4210)
calls=201 0 
0 34663
0 2407
cob=(2)
cfi=(2)
cfn=(4536)
calls=200 0 
0 2400
0 3
cob=(2)
cfi=(2)
cfn=(4536)
calls=1 0 
0 12
0 3618
cfn=(6696)
calls=201 0 
0 1809
0 804
cob=(2)
cfi=(2)
cfn=(4536)
calls=201 0 
0 5829
0 18693
cfn=(6698)
calls=603 0 
0 4221
0 7236
cob=(2)
cfi=(2)
cfn=(4536)
calls=201 0 
0 5829
0 1407
cob=(2)
cfi=(2)
cfn=(4536)
calls=201 0 
0 5829
0 3015

fn=(6700) <h2::proto::streams::store::Store>::insert
0 3015
cfn=(6702)
calls=201 0 
0 17740
0 1005
cfn=(6706)
calls=201 0 
0 23919
0 12060
cfn=(6710) <indexmap::inner::Core<h2::frame::stream_id::StreamId, h2::proto::streams::store::SlabIndex>>::push_entry
calls=201 0 
0 5507
0 2418
cfn=(6708) <hashbrown::raw::RawTable<usize>>::reserve_rehash::<indexmap::inner::get_hash<h2::frame::stream_id::StreamId, h2::proto::streams::store::SlabIndex>::{closure#0}>
calls=1 0 
0 155
0 1

fn=(6714)
0 3015
cfn=(6716) <http::header::map::HeaderMap>::contains_key::<http::header::name::HeaderName>
calls=603 0 
0 62109
0 3015
cfn=(6716)
calls=603 0 
0 66531
0 3015
cfn=(6716)
calls=603 0 
0 62109
0 3618
cfn=(6718)
calls=603 0 
0 178890
0 3618
cfn=(6718)
calls=603 0 
0 189342
0 4824
cfn=(6724)
calls=603 0 
0 66732
0 3618

fn=(6720)
0 96480
cfn=(6722) <http::header::name::StandardHeader>::from_bytes
calls=1206 0 
0 19296
0 68742

fn=(6730)
0 28944
cob=(2)
cfi=(2)
cfn=(4536)
calls=804 0 
0 51456
0 5628
cfn=(6732)
calls=804 0 
0 70467
0 8643
cfn=(6736)
calls=603 0 
0 102774
0 1206
cfn=(6736)
calls=201 0 
0 17487
0 8844

fn=(6734)
0 30
cfn=(5424)
calls=2 0 
0 467
0 18

fn=(6740) core::ptr::drop_glue::<std::sync::poison::mutex::MutexGuard<tokio::util::idle_notified_set::ListsInner<tokio::runtime::task::join::JoinHandle<core::result::Result<(pbrs_grpc::resolver::snapshot::ResolvedAddress, pbrs_grpc::client::pool::Dialed), pbrs_grpc::status::Status>>>>>
0 2814

fn=(6772) core::ptr::drop_glue::<pbrs_grpc::client::call::send_request_frame_in<pbrs_grpc::rt::TokioRuntime>::{closure#0}>
0 3417

fn=(6778) <tokio::task::coop::RestoreOnPending as core::ops::drop::Drop>::drop
0 6448

fn=(6812)
0 135474
cfn=(6830)
calls=603 0 
0 13869
0 603

fn=(6836) <h2::frame::head::Head>::encode::<bytes::buf::limit::Limit<&mut bytes::bytes_mut::BytesMut>>
0 21105
cob=(2)
cfi=(2)
cfn=(4536)
calls=603 0 
0 10251
0 22311
cob=(2)
cfi=(2)
cfn=(4536)
calls=603 0 
0 9045
0 21708
cob=(2)
cfi=(2)
cfn=(4536)
calls=603 0 
0 9045
0 21708
cob=(2)
cfi=(2)
cfn=(4536)
calls=603 0 
0 8442
0 12663

fn=(6858) <h2::hpack::decoder::Decoder>::try_decode_string
0 12783
cfn=(6616)
calls=1 0 
0 419
0 176464
cfn=(6870)
calls=203 0 
0 8323
0 2667
cfn=(6500)
calls=213 0 
0 9760
0 7029

fn=(6898) <hashbrown::raw::RawTableInner>::find_insert_index
0 11

fn=(6914)
0 2211
cfn=(6850)
calls=201 0 
0 1005
0 1608
cfn=(6850)
calls=201 0 
0 1005
0 2211
cfn=(6692)
calls=201 0 
0 201
0 1608
cfn=(6692)
calls=201 0 
0 201

fn=(6918) <alloc::raw_vec::RawVec<slab::Entry<h2::proto::streams::buffer::Slot<h2::proto::streams::recv::Event>>>>::grow_one
0 30
cfn=(5424)
calls=2 0 
0 476
0 18

fn=(6920)
0 9849

fn=(6958)
0 9181
cob=(2)
cfi=(2)
cfn=(4536)
calls=201 0 
0 24924
0 2191
cfn=(6964)
calls=397 0 
0 2741131
0 402
cfn=(6964)
calls=201 0 
0 3381810
0 3794
cfn=(7176) core::ptr::drop_glue::<<devloop::ProstNativeEchod as pbrs_grpc::server::dispatch::Service>::call::{closure#0}>
calls=201 0 
0 2211
0 804
cob=(2)
cfi=(2)
cfn=(4920)
calls=201 0 
0 39149
0 5025
cfn=(6960) <pbrs_grpc::server::rpc::Rpc>::service
calls=201 0 
0 34839
0 1809
cfn=(5780) <std::hash::random::RandomState as core::hash::BuildHasher>::hash_one::<&str>
calls=201 0 
0 37788
0 7839
cob=(2)
cfi=(2)
cfn=(5150)
calls=201 0 
0 3718
0 9804
cob=(2)
cfi=(2)
cfn=(4536)
calls=201 0 
0 24906
0 603
cfn=(6962)
calls=201 0 
0 2404411
0 1005

fn=(6960)
0 5829
cfn=(5784)
calls=201 0 
0 26799
0 2211

fn=(6972)
0 4020
cfn=(6724)
calls=402 0 
0 94470
0 9246

fn=(6996)
0 14874
cfn=(6998) <h2::proto::streams::recv::Recv>::release_connection_capacity
calls=402 0 
0 12462
0 22914

fn=(7010)
0 23115

fn=(7032)
0 4020
cob=(2)
cfi=(2)
cfn=(4536)
calls=201 0 
0 15276

fn=(7084) <tokio::sync::mpsc::bounded::Sender<core::result::Result<pbrs_grpc::stream::Framed<pbrs_grpc::codec::prost::Message<devloop::echo::EchoReply>>, pbrs_grpc::status::Status>>>::send::{closure#0}
0 45828
cfn=(6638)
calls=804 0 
0 60300
0 4020
cfn=(6640)
calls=804 0 
0 7236
0 8040
cfn=(7086) core::ptr::drop_glue::<<tokio::sync::mpsc::bounded::Sender<core::result::Result<pbrs_grpc::stream::Framed<pbrs_grpc::codec::prost::Message<pbrs_adoption_corpus::prost_types::EntityList>>, pbrs_grpc::status::Status>>>::reserve_inner::{closure#0}>
calls=804 0 
0 7236
0 13668
cfn=(7088)
calls=804 0 
0 17688
0 21100
cfn=(6282)
calls=196 0 
0 17836
0 13668

fn=(7140) <std::sync::once::Once>::call_once_force::<<std::sync::once_lock::OnceLock<pbrs_grpc::metadata::Metadata>>::initialize<<std::sync::once_lock::OnceLock<pbrs_grpc::metadata::Metadata>>::get_or_init<<pbrs_grpc::metadata::Metadata>::new>::{closure#0}, !>::{closure#0}>::{closure#0}
0 17

fn=(7146)
0 2010
cfn=(7000)
calls=402 0 
0 110550
0 5025
cfn=(7000)
calls=201 0 
0 105136
0 605
cfn=(7622) <alloc::sync::Arc<std::sync::poison::mutex::Mutex<h2::proto::streams::streams::Inner>>>::drop_slow
calls=1 0 
0 776
0 609
cfn=(7632)
calls=1 0 
0 342
0 800

fn=(7156)
0 1206
cfn=(7158) core::ptr::drop_glue::<tokio::sync::mpsc::chan::Chan<core::result::Result<pbrs_grpc::stream::Framed<pbrs_grpc::codec::prost::Message<devloop::echo::EchoReply>>, pbrs_grpc::status::Status>, tokio::sync::mpsc::bounded::Semaphore>>
calls=201 0 
0 50923
0 1809
cob=(2)
cfi=(2)
cfn=(4920)
calls=201 0 
0 29039

fn=(7158)
0 3015
cfn=(7048)
calls=201 0 
0 5829
0 1407
cob=(2)
cfi=(2)
cfn=(4920)
calls=201 0 
0 38059
0 2613

fn=(7204) <pbrs_grpc::client::channel::Channel>::note_call_outcome::{closure#0}
0 10251

fn=(7212) core::ptr::drop_glue::<pbrs_grpc::telemetry::CallGuard>
0 1005
cfn=(7214)
calls=201 0 
0 1809
0 2010

fn=(7246)
0 5226

fn=(7248)
0 14472
cfn=(7250)
calls=804 0 
0 373848
0 16884

fn=(7486)
0 2450
cob=(2)
cfi=(2)
cfn=(4536)
calls=21 0 
0 256
0 364
cfn=(5742)
calls=1 0 
0 582
0 5

fn=(7488)
0 439
cfn=(7486)
calls=17 0 
0 2463
0 3
cfn=(7486)
calls=1 0 
0 730
0 216
cfn=(7490)
calls=18 0 
0 451
0 250
cob=(2)
cfi=(2)
cfn=(4536)
calls=18 0 
0 264
0 205
cfn=(5742)
calls=1 0 
0 512
0 3

fn=(7564)
0 84

fn=(7598)
0 16
cfn=(7600)
calls=2 0 
0 344
0 10
cob=(2)
cfi=(2)
cfn=(4920)
calls=2 0 
0 146

fn=(7616)
0 20

fn=(7636)
0 6
cfn=(7638) core::ptr::drop_glue::<pbrs_grpc::server::router::Router>
calls=1 0 
0 1533
0 9
cob=(2)
cfi=(2)
cfn=(4920)
calls=1 0 
0 73

fn=(7638)
0 36
cfn=(7640)
calls=1 0 
0 152
0 10
cob=(2)
cfi=(2)
cfn=(4920)
calls=1 0 
0 73
0 14
cfn=(7170)
calls=1 0 
0 79
0 8
cfn=(7642) <pbrs_grpc::channelz::model::ServerHandle as core::ops::drop::Drop>::drop
calls=1 0 
0 1150
0 11

fn=(7648) <alloc::sync::Arc<tokio::sync::mpsc::chan::Chan<(), tokio::sync::mpsc::bounded::Semaphore>>>::drop_slow
0 10
cfn=(7564)
calls=1 0 
0 28
0 7
cob=(2)
cfi=(2)
cfn=(4920)
calls=1 0 
0 125
0 15
cob=(2)
cfi=(2)
cfn=(4920)
calls=1 0 
0 214

fn=(7674) core::ptr::drop_glue::<tokio::runtime::task::core::Cell<tokio::runtime::blocking::task::BlockingTask<<tokio::runtime::scheduler::multi_thread::worker::Launch>::launch::{closure#0}>, tokio::runtime::blocking::schedule::BlockingSchedule>>
0 104

fn=(7678)
0 89
cfn=(6286)
calls=1 0 
0 141
0 101
cfn=(5422)
calls=1 0 
0 112
0 64
cfn=(6280)
calls=3 0 
0 201
0 12
cfn=(7680) <alloc::sync::Arc<tokio::runtime::io::scheduled_io::ScheduledIo>>::drop_slow
calls=3 0 
0 470
0 7
cfn=(7682)
calls=1 0 
0 92
0 32

fn=(7688)
0 5
cfn=(7690)
calls=1 0 
0 26
0 5
cob=(2)
cfi=(2)
cfn=(4920)
calls=1 0 
0 170

fn=(7706) std::sys::thread_local::native::eager::destroy::<tokio::runtime::context::Context>
0 35

fn=(7730) std::sys::thread_local::guard::key::enable::run
0 116

fn=(7862)
0 13
cob=(2)
cfi=(2)
cfn=(4920)
calls=1 0 
0 170
0 4
cob=(2)
cfi=(2)
cfn=(5132)
calls=1 0 
0 61

fn=(7934) core::ptr::drop_glue::<std::thread::lifecycle::Packet<()>>
0 104

fn=(6514) <h2::frame::window_update::WindowUpdate>::encode::<bytes::bytes_mut::BytesMut>
0 114

fn=(4172)
0 37
cob=(2)
cfi=(2)
cfn=(4174) poll
calls=1 0 
0 28
0 37
cob=(2)
cfi=(2)
cfn=(4188) signal
calls=1 0 
0 124
0 4
cob=(2)
cfi=(2)
cfn=(4194) sysconf
calls=1 0 
0 52
0 8
cob=(2)
cfi=(2)
cfn=(4198)
calls=1 0 
0 2
0 3
cob=(2)
cfi=(2)
cfn=(4200)
calls=1 0 
0 98306
0 11
cob=(2)
cfi=(2)
cfn=(5010)
calls=1 0 
0 8
0 6
cob=(2)
cfi=(2)
cfn=(5012)
calls=1 0 
0 144
0 35
cob=(2)
cfi=(2)
cfn=(4190) sigaction
calls=1 0 
0 68
0 8
cfn=(5014)
calls=1 0 
0 240
0 5
cfn=(5024)
calls=1 0 
0 482
0 8
cob=(2)
cfi=(2)
cfn=(4190)
calls=1 0 
0 68
0 4
cob=(2)
cfi=(2)
cfn=(4190)
calls=1 0 
0 68
0 12
cob=(2)
cfi=(2)
cfn=(4190)
calls=1 0 
0 68
0 7
cfn=(5036) std::rt::lang_start::<()>::{closure#0}
calls=1 0 
0 8061121
0 5
cob=(2)
cfi=(2)
cfn=(5034)
calls=1 0 
0 3
0 22
cfn=(6194)
calls=1 0 
0 155
0 1

fn=(4146) 0x0000000000259220
0 12

fn=(5064)
0 9
cob=(2)
cfi=(2)
cfn=(4210)
calls=1 0 
0 190
0 12
cfn=(5066)
calls=1 0 
0 270
0 29

fn=(5066)
0 59
cfn=(5086)
calls=1 0 
0 27
0 135
cfn=(5086)
calls=5 0 
0 135
0 485
cfn=(5068)
calls=5 0 
0 759
0 15

fn=(5092)
0 112
cob=(2)
cfi=(2)
cfn=(4536)
calls=8 0 
0 90
0 542
cfn=(5094) std::sys::env::unix::getenv::{closure#0}
calls=8 0 
0 4918
0 120

fn=(5094)
0 136
cob=(2)
cfi=(2)
cfn=(5096) getenv
calls=8 0 
0 3582
0 28
cob=(2)
cfi=(2)
cfn=(4582)
calls=4 0 
0 52
0 20
cob=(2)
cfi=(2)
cfn=(4210)
calls=4 0 
0 884
0 40
cob=(2)
cfi=(2)
cfn=(4536)
calls=4 0 
0 40
0 136

fn=(5116)
0 78
cob=(2)
cfi=(2)
cfn=(5118) open
calls=2 0 
0 92
0 48

fn=(5144)
0 197
cfn=(5146) <std::path::Components as core::iter::traits::iterator::Iterator>::next
calls=9 0 
0 556
0 27
cfn=(5146)
calls=9 0 
0 611
0 206
cfn=(5148)
calls=7 0 
0 298
0 149

fn=(5472)
0 6
cfn=(5474)
calls=1 0 
0 261
0 10

fn=(5476)
0 16
cob=(2)
cfi=(2)
cfn=(4210)
calls=4 0 
0 723
0 60

fn=(5630)
0 108
cob=(2)
cfi=(2)
cfn=(4210)
calls=2 0 
0 242
0 40
cob=(2)
cfi=(2)
cfn=(4972)
calls=2 0 
0 20
0 53
cfn=(5628)
calls=3 0 
0 438
0 149
cob=(2)
cfi=(2)
cfn=(4920)
calls=1 0 
0 65
0 1

fn=(5672)
0 17
cfn=(5674)
calls=1 0 
0 33
0 13

fn=(5686) <core::net::socket_addr::SocketAddr>::parse_ascii
0 28
cfn=(5688)
calls=2 0 
0 290
0 179

fn=(5714)
0 50189

fn=(5736)
0 1050
cfn=(5738)
calls=30 0 
0 630
0 480
cfn=(5740)
calls=30 0 
0 3415

fn=(5746) <u16 as core::fmt::Display>::fmt
0 282
cfn=(5736)
calls=6 0 
0 678
0 18

fn=(5754)
0 440
cob=(2)
cfi=(2)
cfn=(5150)
calls=4 0 
0 36
0 244

fn=(5776) <hashbrown::raw::RawTable<(alloc::string::String, alloc::string::String)>>::reserve_rehash::<hashbrown::map::make_hasher<alloc::string::String, alloc::string::String, std::hash::random::RandomState>::{closure#0}>
0 68
cfn=(5778)
calls=2 0 
0 570
0 76
cfn=(5772)
calls=3 0 
0 583
0 142
cob=(2)
cfi=(2)
cfn=(4920)
calls=1 0 
0 65
0 20

fn=(5786) __rustc::__rust_alloc
0 22
cob=(2)
cfi=(2)
cfn=(4210)
calls=2 0 
0 402
0 16

fn=(6144)
0 84
cfn=(6146)
calls=4 0 
0 1292
0 8
cfn=(6150) std::sys::backtrace::__rust_begin_short_backtrace::<<tokio::runtime::blocking::pool::Spawner>::spawn_thread::{closure#0}, ()>
calls=4 0 
0 24121362
0 72

fn=(6150)
0 72
cfn=(5674)
calls=4 0 
0 132
0 224
cfn=(7676)
calls=4 0 
0 436
0 156
cfn=(6152)
calls=4 0 
0 24114780
0 32
cfn=(7672) tokio::runtime::task::raw::dealloc::<tokio::runtime::blocking::task::BlockingTask<<tokio::runtime::scheduler::multi_thread::worker::Launch>::launch::{closure#0}>, tokio::runtime::blocking::schedule::BlockingSchedule>
calls=4 0 
0 404
0 213
cfn=(7850)
calls=1 0 
0 207
0 8
cfn=(5668)
calls=4 0 
0 180
0 19
cob=(2)
cfi=(2)
cfn=(6378)
calls=1 0 
0 11
0 32
cfn=(7854) <alloc::sync::Arc<tokio::runtime::scheduler::multi_thread::handle::Handle>>::drop_slow
calls=1 0 
0 3415
0 65
cfn=(5432)
calls=4 0 
0 960
0 16

fn=(6166) tokio::runtime::task::raw::poll::<devloop::rpc_prost_server_stream::{closure#0}::{closure#0}, alloc::sync::Arc<tokio::runtime::scheduler::multi_thread::handle::Handle>>
0 102
cfn=(6168)
calls=2 0 
0 76345
0 92

fn=(6194)
0 89
cfn=(7140)
calls=1 0 
0 17
cfn=(6196) <std::sync::once::Once>::call_once_force::<<std::sync::once_lock::OnceLock<alloc::sync::Arc<pbrs_grpc::channelz::model::Registry>>>::initialize<<std::sync::once_lock::OnceLock<alloc::sync::Arc<pbrs_grpc::channelz::model::Registry>>>::get_or_init<<pbrs_grpc::channelz::model::Registry>::global::{closure#0}>::{closure#0}, !>::{closure#0}>::{closure#0}
calls=1 0 
0 281
0 6
cfn=(7974)
calls=1 0 
0 108
0 50

fn=(6195) <std::sys::sync::once::futex::Once>::call'2
0 37
cfn=(7978) <std::sync::once::Once>::call_once_force::<<std::sync::once_lock::OnceLock<std::sync::reentrant_lock::ReentrantLock<core::cell::RefCell<alloc::io::buffered::linewriter::LineWriter<std::io::stdio::StdoutRaw>>>>>::initialize<<std::sync::once_lock::OnceLock<std::sync::reentrant_lock::ReentrantLock<core::cell::RefCell<alloc::io::buffered::linewriter::LineWriter<std::io::stdio::StdoutRaw>>>>>::get_or_init<std::io::stdio::cleanup::{closure#0}>::{closure#0}, !>::{closure#0}>::{closure#0}
calls=1 0 
0 14
0 12

fn=(6196)
0 27
cob=(2)
cfi=(2)
cfn=(4210)
calls=1 0 
0 210
0 10
cob=(2)
cfi=(2)
cfn=(4536)
calls=1 0 
0 29
0 5

fn=(6284)
0 10640
cfn=(5716)
calls=1520 0 
0 120586
0 1064
cfn=(5716)
calls=152 0 
0 31091

fn=(6334) <tokio::sync::notify::NotifiedProject>::poll_notified
0 50488
cfn=(6430)
calls=201 0 
0 1005
cfn=(6244)
calls=155 0 
0 1085
0 134448

fn=(6478)
0 7105

fn=(6488)
0 82858

fn=(6530) core::ptr::drop_glue::<tokio::time::timeout::Timeout<<pbrs_grpc::transport::h2::ServerBuilder as pbrs_grpc::transport::ServerBuilder>::handshake<tokio::net::tcp::stream::TcpStream>::{closure#0}>>
0 21
cfn=(6356)
calls=1 0 
0 144

fn=(6536)
0 15
cfn=(6538)
calls=1 0 
0 139

fn=(6542)
0 10

fn=(6550)
0 50
cfn=(6552) <h2::proto::streams::recv::Recv>::apply_local_settings
calls=2 0 
0 168
0 36

fn=(6566)
0 6
cfn=(6568) core::ptr::drop_glue::<pbrs_grpc::client::pool::handshake_io::{closure#0}>
calls=1 0 
0 11
0 12
cfn=(6356)
calls=1 0 
0 152

fn=(6626) <pbrs_grpc::client::channel::Channel>::take_rpc_slot
0 1407

fn=(6638)
0 75375

fn=(6676)
0 57888

fn=(6686)
0 11055
cfn=(6646)
calls=201 0 
0 4221
0 4623
cfn=(6688)
calls=201 0 
0 19497
0 3618
cfn=(6690)
calls=201 0 
0 154260
0 6633
cob=(2)
cfi=(2)
cfn=(4536)
calls=201 0 
0 5829
0 6432
cob=(2)
cfi=(2)
cfn=(4536)
calls=201 0 
0 12864
0 1005
cfn=(6700)
calls=201 0 
0 65820
0 1809
cob=(2)
cfi=(2)
cfn=(4536)
calls=201 0 
0 12864
0 1407
cfn=(6712)
calls=201 0 
0 330368
0 11256
cfn=(6744)
calls=201 0 
0 13065
0 8040
cfn=(6738)
calls=201 0 
0 6432
0 2814
cfn=(6740)
calls=201 0 
0 2814
0 1407
cfn=(6742)
calls=201 0 
0 2814
0 1608

fn=(6692)
0 7241

fn=(6716)
0 27135
cfn=(6682)
calls=1809 0 
0 43416
0 120198

fn=(6728)
0 9849

fn=(6774)
0 14070
cfn=(6776) <pbrs_grpc::channelz::model::Registry>::socket
calls=2010 0 
0 120600
0 15075
cfn=(5192)
calls=1005 0 
0 26130
0 8040
cfn=(6246)
calls=1005 0 
0 36180
0 5025
cfn=(5192)
calls=1005 0 
0 26130
0 8040
cfn=(6246)
calls=1005 0 
0 36180
0 45225

fn=(6776)
0 168840

fn=(6830)
0 23115

fn=(6840)
0 45024

fn=(6844)
0 110231
cfn=(6846) <h2::hpack::decoder::Table>::get
calls=2203 0 
0 154475
0 52872
cfn=(6848)
calls=2203 0 
0 204879
0 11015
cfn=(6850)
calls=2203 0 
0 11015
0 6609
cfn=(6852)
calls=2203 0 
0 601043
0 2267
cfn=(6856) <h2::hpack::decoder::Decoder>::decode_literal
calls=8 0 
0 13292
0 184
cfn=(6862) <h2::hpack::header::Header as core::clone::Clone>::clone
calls=8 0 
0 3069
0 1700
cfn=(6856)
calls=201 0 
0 272534
0 4824
cfn=(6848)
calls=201 0 
0 18693
0 1005
cfn=(6850)
calls=201 0 
0 1005
0 603
cfn=(6852)
calls=201 0 
0 12060
0 212
cfn=(6698)
calls=4 0 
0 28
0 130
cfn=(6866) <alloc::collections::vec_deque::VecDeque<h2::hpack::header::Header>>::grow
calls=3 0 
0 1180
0 75
cfn=(6848)
calls=3 0 
0 279
0 115
cfn=(6848)
calls=5 0 
0 465
0 40
cfn=(6850)
calls=8 0 
0 40
0 104
cfn=(6852)
calls=8 0 
0 3346
0 31356

fn=(6846)
0 36885
cfn=(6862)
calls=1600 0 
0 110600
0 12121

fn=(6862)
0 36582
cfn=(6664)
calls=600 0 
0 6000
cfn=(6586)
calls=3 0 
0 875
0 9849
cfn=(6864)
calls=201 0 
0 2010
0 10050
cfn=(6664)
calls=800 0 
0 8000
cfn=(6586)
calls=4 0 
0 934
0 5427
cfn=(6664)
calls=600 0 
0 6000
cfn=(6586)
calls=3 0 
0 807
0 27135

fn=(6908)
0 6231

fn=(6974)
0 5427
cfn=(6724)
calls=603 0 
0 102309
0 7236

fn=(6984)
0 9648
cfn=(6986)
calls=402 0 
0 84822
0 4221
cfn=(6990)
calls=201 0 
0 6834
0 603
cfn=(6992)
calls=201 0 
0 101304
0 4422
cfn=(7004)
calls=201 0 
0 4824
0 603
cfn=(7004)
calls=201 0 
0 19698
0 7638
cfn=(7006) <pbrs_grpc::codec::prost::Message<devloop::echo::EchoRequest> as pbrs_grpc::codec::CodecMessage>::decode_payload
calls=201 0 
0 110864
0 16884
cfn=(7014) core::ptr::drop_glue::<pbrs_grpc::wire::frame_reader::FrameReader>
calls=201 0 
0 4221
0 804

fn=(7016)
0 3618
cob=(2)
cfi=(2)
cfn=(4536)
calls=201 0 
0 17590
0 603
cfn=(7018)
calls=201 0 
0 179065
0 1407
cob=(2)
cfi=(2)
cfn=(4210)
calls=201 0 
0 54278
0 7005
cob=(2)
cfi=(2)
cfn=(5224)
calls=200 0 
0 20953
0 28
cob=(2)
cfi=(2)
cfn=(5224)
calls=1 0 
0 453
0 2808
cob=(2)
cfi=(2)
cfn=(4536)
calls=200 0 
0 15154
0 4
cob=(2)
cfi=(2)
cfn=(4536)
calls=1 0 
0 76
0 8442
cob=(2)
cfi=(2)
cfn=(4536)
calls=201 0 
0 15276
0 2211
cob=(2)
cfi=(2)
cfn=(4536)
calls=201 0 
0 15276
0 4221
cob=(2)
cfi=(2)
cfn=(4536)
calls=201 0 
0 15276
0 2412
cob=(2)
cfi=(2)
cfn=(4536)
calls=201 0 
0 15276
0 2010
cob=(2)
cfi=(2)
cfn=(5224)
calls=201 0 
0 31883
0 3210
cob=(2)
cfi=(2)
cfn=(4536)
calls=200 0 
0 17600
0 4
cob=(2)
cfi=(2)
cfn=(4536)
calls=1 0 
0 88
0 804
cfn=(5714)
calls=201 0 
0 16580
0 2613
cfn=(5716)
calls=201 0 
0 10452
0 12261

fn=(7086)
0 7236

fn=(7092)
0 12060

fn=(7110)
0 17688
cob=(2)
cfi=(2)
cfn=(4210)
calls=804 0 
0 48847
0 11224
cfn=(6620)
calls=800 0 
0 27200
0 24
cfn=(6620)
calls=4 0 
0 136
0 8844
cob=(2)
cfi=(2)
cfn=(4536)
calls=804 0 
0 99588
0 12060

fn=(7160)
0 3015

fn=(7168)
0 10908
cfn=(7020)
calls=404 0 
0 23078
0 7272
cfn=(7020)
calls=404 0 
0 19444
0 7272
cfn=(7020)
calls=404 0 
0 23391
0 7272
cfn=(7020)
calls=404 0 
0 20186
0 7272
cfn=(7020)
calls=404 0 
0 20492
0 7272
cfn=(7020)
calls=404 0 
0 18746
0 7272
cfn=(7020)
calls=404 0 
0 17567
0 7272
cfn=(7020)
calls=404 0 
0 18634
0 2828

fn=(7176)
0 2211

fn=(7182)
0 4422
cfn=(7178)
calls=201 0 
0 66917
0 1005
cfn=(7100)
calls=201 0 
0 13919
0 3417

fn=(7190) core::ptr::drop_glue::<pbrs_grpc::client::streaming::run_server_stream_inner<pbrs_grpc::codec::prost::Message<pbrs_adoption_corpus::prost_types::EntityList>>::{closure#0}::{closure#1}>
0 3015

fn=(7198) pbrs_grpc::wire::send::reset_on_cancel
0 7839
cob=(2)
cfi=(2)
cfn=(4536)
calls=201 0 
0 12864
0 2211
cob=(2)
cfi=(2)
cfn=(4536)
calls=201 0 
0 12864
0 3819
cob=(2)
cfi=(2)
cfn=(4536)
calls=201 0 
0 12864
0 2412
cob=(2)
cfi=(2)
cfn=(4536)
calls=201 0 
0 12864
0 2010
cob=(2)
cfi=(2)
cfn=(5224)
calls=201 0 
0 106141
0 3009
cob=(2)
cfi=(2)
cfn=(4536)
calls=200 0 
0 15142
0 4
cob=(2)
cfi=(2)
cfn=(4536)
calls=1 0 
0 76
0 804
cfn=(5714)
calls=201 0 
0 16781
0 2412
cfn=(5716)
calls=201 0 
0 34922
0 1350
cfn=(7412)
calls=48 0 
0 1920
0 1608

fn=(7230)
0 31106
cfn=(7232)
calls=1135 0 
0 1003529
0 22322
cfn=(6774)
calls=804 0 
0 139092
0 17652

fn=(7240)
0 9246
cob=(2)
cfi=(2)
cfn=(4536)
calls=402 0 
0 25728
0 4020
cfn=(7242)
calls=402 0 
0 64460
0 3618

fn=(7258)
0 37989

fn=(7500)
0 84
cob=(2)
cfi=(2)
cfn=(6364)
calls=3 0 
0 177
0 66

fn=(7510)
0 75
cob=(2)
cfi=(2)
cfn=(4536)
calls=3 0 
0 36
0 30
cob=(2)
cfi=(2)
cfn=(4536)
calls=3 0 
0 36
0 129

fn=(7534)
0 16
cob=(2)
cfi=(2)
cfn=(4920)
calls=1 0 
0 115

fn=(7550)
0 19
cfn=(7552) tokio::runtime::task::harness::cancel_task::<devloop::rpc_prost_unary::{closure#0}::{closure#0}, alloc::sync::Arc<tokio::runtime::scheduler::current_thread::Handle>>
calls=1 0 
0 3397
0 5
cfn=(7574)
calls=1 0 
0 610

fn=(7602)
0 8
cob=(2)
cfi=(2)
cfn=(4920)
calls=2 0 
0 146

fn=(7660)
0 10
cfn=(7590)
calls=1 0 
0 896
0 2
cfn=(7608)
calls=1 0 
0 3249
0 2
cfn=(7618) core::ptr::drop_glue::<h2::proto::connection::ConnectionInner<h2::client::Peer>>
calls=1 0 
0 194
0 6

fn=(7664)
0 52
cfn=(7666)
calls=4 0 
0 392
0 64
cob=(2)
cfi=(2)
cfn=(4920)
calls=4 0 
0 342

fn=(7708) std::sys::thread_local::native::eager::destroy::<core::cell::Cell<std::thread::spawnhook::SpawnHooks>>
0 35
cfn=(5494)
calls=5 0 
0 95
0 35

fn=(7866)
0 9
cob=(2)
cfi=(2)
cfn=(5132)
calls=1 0 
0 61
0 2
cfn=(7868)
calls=1 0 
0 88
0 2
cob=(2)
cfi=(2)
cfn=(5132)
calls=1 0 
0 61
0 8
cob=(2)
cfi=(2)
cfn=(4920)
calls=1 0 
0 202

fn=(7978)
0 14

fn=(6520)
0 20628

fn=(6522) <h2::proto::streams::prioritize::Prioritize>::pop_frame::<bytes::bytes::Bytes>
0 102102
cfn=(6524)
calls=2431 0 
0 44736
0 52097
cfn=(6806)
calls=1005 0 
0 180699
0 44679
cob=(2)
cfi=(2)
cfn=(4536)
calls=603 0 
0 38592
0 6030
cob=(2)
cfi=(2)
cfn=(4536)
calls=603 0 
0 36180
0 14472
cfn=(6838) <h2::proto::streams::stream::Stream>::send_data
calls=402 0 
0 29346
0 7638
cfn=(6840)
calls=402 0 
0 11256
0 33768
cfn=(6804)
calls=402 0 
0 19698
0 4020
cfn=(6766)
calls=1005 0 
0 165764
0 4020
cob=(2)
cfi=(2)
cfn=(4536)
calls=1005 0 
0 64320
0 29756

fn=(6526) <h2::proto::streams::streams::Streams<bytes::bytes::Bytes, h2::server::Peer>>::new
0 6
cfn=(6458)
calls=1 0 
0 591
0 13
cob=(2)
cfi=(2)
cfn=(4210)
calls=1 0 
0 213
0 19

fn=(6798)
0 8691
cob=(2)
cfi=(2)
cfn=(4536)
calls=1 0 
0 160
0 28590
cfn=(6800)
calls=195 0 
0 41340
0 1815
cfn=(6480)
calls=205 0 
0 1491192
0 10055
cfn=(6480)
calls=195 0 
0 1433149
0 2685
cfn=(6800)
calls=220 0 
0 46790
0 10541
cfn=(6480)
calls=220 0 
0 1580165
0 1685
cfn=(6800)
calls=205 0 
0 43460
0 5990

fn=(5038) std::sys::backtrace::__rust_begin_short_backtrace::<fn(), ()>
0 2
cfn=(5040)
calls=1 0 
0 8061111
0 2

fn=(5058)
0 24837

fn=(5086)
0 22255

fn=(5122)
0 111
cob=(2)
cfi=(2)
cfn=(5124) statx
calls=3 0 
0 30
0 229

fn=(5128)
0 83
cfn=(5162)
calls=1 0 
0 92
0 41
cfn=(5162)
calls=1 0 
0 75
0 60
cob=(2)
cfi=(2)
cfn=(5130)
calls=2 0 
0 56
0 64

fn=(5140)
0 566

fn=(5146)
0 1167

fn=(5222)
0 693

fn=(5668)
0 495

fn=(5674)
0 198

fn=(5690)
0 50

fn=(5716)
0 58044
cfn=(5718)
calls=1 0 
0 44
0 4
cfn=(5720) <tokio::runtime::scheduler::multi_thread::idle::Idle>::worker_to_notify
calls=1 0 
0 17
0 2227
cfn=(5718)
calls=556 0 
0 25203
0 2224
cfn=(5720)
calls=556 0 
0 19869
0 4208
cfn=(6560)
calls=254 0 
0 18236
0 57478
cfn=(5720)
calls=305 0 
0 14369
0 2626
cfn=(6560)
calls=224 0 
0 14372
0 3650

fn=(5728)
0 968
cfn=(7500)
calls=2 0 
0 218
cfn=(5740)
calls=13 0 
0 2251
cfn=(5740)
calls=6 0 
0 252
0 564
cfn=(6198)
calls=1 0 
0 136
cfn=(6582)
calls=1 0 
0 52
cfn=(6216)
calls=3 0 
0 529
cfn=(6198)
calls=14 0 
0 4591
cfn=(5830) <&alloc::string::String as core::fmt::Display>::fmt
calls=1 0 
0 203
cfn=(5746)
calls=6 0 
0 978
cfn=(5730)
calls=6 0 
0 7801
0 360

fn=(5729)
0 546
cfn=(5740)
calls=18 0 
0 756
0 432
cfn=(5734)
calls=24 0 
0 5689
0 180

fn=(5780)
0 4824
cfn=(5774)
calls=201 0 
0 11256
0 1005
cfn=(5774)
calls=201 0 
0 6834
0 13917
cfn=(5774)
calls=2 0 
0 122
0 10
cfn=(5774)
calls=2 0 
0 66
0 138

fn=(5788)
0 64
cob=(2)
cfi=(2)
cfn=(4210)
calls=4 0 
0 324
0 534

fn=(5830)
0 6
cfn=(5832)
calls=1 0 
0 197

fn=(6164)
0 26271
cfn=(5720)
calls=462 0 
0 26796
0 5082
cfn=(6560)
calls=462 0 
0 32808
0 41475
cfn=(7234)
calls=351 0 
0 420001
cfn=(6946)
calls=201 0 
0 2884976
cfn=(7078) tokio::runtime::task::raw::poll::<<devloop::ProstNativeEchod as pbrs_grpc::server::dispatch::Service>::call::{closure#0}::{closure#1}::{closure#0}::{closure#0}, alloc::sync::Arc<tokio::runtime::scheduler::multi_thread::handle::Handle>>
calls=201 0 
0 668966
cfn=(6796)
calls=611 0 
0 4721875
cfn=(6320)
calls=293 0 
0 4299851
cfn=(6166)
calls=2 0 
0 76539
0 45515
cfn=(6796)
calls=9 0 
0 46173
cfn=(6946)
calls=397 0 
0 6452464
cfn=(6320)
calls=313 0 
0 1866179
0 41973

fn=(6172)
0 6
cob=(2)
cfi=(2)
cfn=(4536)
calls=1 0 
0 76
0 2
cob=(2)
cfi=(2)
cfn=(4210)
calls=1 0 
0 213
0 13
cfn=(6174)
calls=1 0 
0 464
0 8
cob=(2)
cfi=(2)
cfn=(4536)
calls=1 0 
0 76
0 3

fn=(6190)
0 31
cob=(2)
cfi=(2)
cfn=(4210)
calls=1 0 
0 213
0 20
cob=(2)
cfi=(2)
cfn=(4536)
calls=1 0 
0 12
0 19

fn=(6210)
0 140
cfn=(5726)
calls=5 0 
0 8088
0 65

fn=(6220)
0 15
cfn=(5424)
calls=1 0 
0 254
0 9

fn=(6244)
0 22428

fn=(6268)
0 53211
cfn=(7108)
calls=181 0 
0 105278
0 25531
cfn=(6270) <tokio::runtime::driver::Driver>::park
calls=886 0 
0 517510
0 35632
cob=(2)
cfi=(2)
cfn=(6378)
calls=689 0 
0 7583
0 1379
cob=(2)
cfi=(2)
cfn=(5034)
calls=1 0 
0 3
0 34621
cfn=(6282)
calls=201 0 
0 20407
0 58989

fn=(6270)
0 7974
cfn=(6272)
calls=886 0 
0 509536

fn=(6292) <mio::net::tcp::listener::TcpListener>::accept
0 18
cob=(2)
cfi=(2)
cfn=(6294) accept4
calls=2 0 
0 122
0 15
cob=(2)
cfi=(2)
cfn=(5034)
calls=1 0 
0 3
0 38

fn=(6336)
0 72
cob=(2)
cfi=(2)
cfn=(4536)
calls=1 0 
0 160
0 2
cfn=(5192)
calls=1 0 
0 26
0 13
cfn=(5468)
calls=1 0 
0 29
0 18
cob=(2)
cfi=(2)
cfn=(4536)
calls=1 0 
0 160
0 19
cob=(2)
cfi=(2)
cfn=(4536)
calls=1 0 
0 172
0 5
cob=(2)
cfi=(2)
cfn=(4536)
calls=1 0 
0 172
0 68
cfn=(6338)
calls=1 0 
0 926
0 57
cfn=(6340)
calls=1 0 
0 388
0 6
cob=(2)
cfi=(2)
cfn=(4536)
calls=1 0 
0 124
0 11
cob=(2)
cfi=(2)
cfn=(4536)
calls=1 0 
0 124
0 10
cob=(2)
cfi=(2)
cfn=(4536)
calls=1 0 
0 124
0 10
cob=(2)
cfi=(2)
cfn=(4536)
calls=1 0 
0 124
0 11
cob=(2)
cfi=(2)
cfn=(4536)
calls=1 0 
0 29
0 5
cob=(2)
cfi=(2)
cfn=(4536)
calls=1 0 
0 136
0 4
cob=(2)
cfi=(2)
cfn=(4536)
calls=1 0 
0 148
0 131
cfn=(6346)
calls=2 0 
0 871
0 24
cob=(2)
cfi=(2)
cfn=(4536)
calls=1 0 
0 112
0 22
cob=(2)
cfi=(2)
cfn=(4536)
calls=1 0 
0 124
0 12
cob=(2)
cfi=(2)
cfn=(4536)
calls=1 0 
0 124
0 10
cob=(2)
cfi=(2)
cfn=(4536)
calls=1 0 
0 124
0 3
cfn=(6382)
calls=1 0 
0 25
0 4
cob=(2)
cfi=(2)
cfn=(4536)
calls=1 0 
0 124
0 25
cob=(2)
cfi=(2)
cfn=(4536)
calls=1 0 
0 112
0 53
cob=(2)
cfi=(2)
cfn=(4536)
calls=1 0 
0 112
0 45
cfn=(6384) <tokio::net::tcp::stream::TcpStream>::poll_read_priv
calls=2 0 
0 350
0 25
cob=(2)
cfi=(2)
cfn=(5150)
calls=1 0 
0 18
0 46
cob=(2)
cfi=(2)
cfn=(4536)
calls=1 0 
0 112
0 16
cfn=(6382)
calls=1 0 
0 26
0 6
cob=(2)
cfi=(2)
cfn=(4536)
calls=1 0 
0 124
0 49
cfn=(6526)
calls=1 0 
0 842
0 12
cfn=(6462)
calls=1 0 
0 37
0 4
cfn=(6466)
calls=1 0 
0 22
0 4
cob=(2)
cfi=(2)
cfn=(4536)
calls=1 0 
0 124
0 38
cob=(2)
cfi=(2)
cfn=(4536)
calls=1 0 
0 148
0 9
cfn=(6470) <h2::proto::streams::streams::Streams<bytes::bytes::Bytes, h2::client::Peer>>::set_target_connection_window_size
calls=1 0 
0 82
0 17
cob=(2)
cfi=(2)
cfn=(4536)
calls=1 0 
0 148
0 15
cob=(2)
cfi=(2)
cfn=(4536)
calls=1 0 
0 148
0 2
cfn=(6528)
calls=1 0 
0 30
0 14
cfn=(6352)
calls=2 0 
0 601
0 9
cob=(2)
cfi=(2)
cfn=(4536)
calls=1 0 
0 148
0 25
cob=(2)
cfi=(2)
cfn=(4536)
calls=1 0 
0 160
0 3
cob=(2)
cfi=(2)
cfn=(4920)
calls=1 0 
0 73
0 13
cfn=(6530)
calls=1 0 
0 165
0 8
cob=(2)
cfi=(2)
cfn=(4536)
calls=1 0 
0 160
0 19
cob=(2)
cfi=(2)
cfn=(4536)
calls=1 0 
0 160
0 31

fn=(6432)
0 18659
cob=(2)
cfi=(2)
cfn=(6378)
calls=333 0 
0 3663
0 11330

fn=(6434)
0 1998
cfn=(6436)
calls=333 0 
0 16943
0 1998

fn=(6436)
0 13331
cob=(2)
cfi=(2)
cfn=(6378)
calls=333 0 
0 3663

fn=(6442)
0 79
cob=(2)
cfi=(2)
cfn=(4536)
calls=1 0 
0 64
0 10
cfn=(6324)
calls=1 0 
0 1010
0 9
cfn=(5710)
calls=1 0 
0 45
0 18
cfn=(6444) <std::sys::net::connection::socket::TcpStream>::peer_addr
calls=1 0 
0 45
0 9
cob=(2)
cfi=(2)
cfn=(4536)
calls=1 0 
0 64
0 12
cob=(2)
cfi=(2)
cfn=(4536)
calls=1 0 
0 100
0 5
cob=(2)
cfi=(2)
cfn=(4536)
calls=1 0 
0 100
0 9
cob=(2)
cfi=(2)
cfn=(4536)
calls=1 0 
0 64
0 10
cob=(2)
cfi=(2)
cfn=(4536)
calls=1 0 
0 64
0 3
cfn=(6448)
calls=1 0 
0 65
0 7
cob=(2)
cfi=(2)
cfn=(4210)
calls=1 0 
0 382
0 16
cob=(2)
cfi=(2)
cfn=(4536)
calls=1 0 
0 29
0 11
cob=(2)
cfi=(2)
cfn=(4536)
calls=1 0 
0 29
0 7
cob=(2)
cfi=(2)
cfn=(4536)
calls=1 0 
0 29
0 14
cob=(2)
cfi=(2)
cfn=(4536)
calls=1 0 
0 29
0 5
cob=(2)
cfi=(2)
cfn=(4536)
calls=1 0 
0 76
0 5
cob=(2)
cfi=(2)
cfn=(4536)
calls=1 0 
0 74
0 15
cob=(2)
cfi=(2)
cfn=(4536)
calls=1 0 
0 29
0 24
cfn=(6452)
calls=1 0 
0 174
0 16
cob=(2)
cfi=(2)
cfn=(4920)
calls=1 0 
0 65
0 8
cob=(2)
cfi=(2)
cfn=(4536)
calls=1 0 
0 160
0 15
cob=(2)
cfi=(2)
cfn=(4536)
calls=1 0 
0 160
0 16
cfn=(6338)
calls=1 0 
0 833
0 35
cob=(2)
cfi=(2)
cfn=(4536)
calls=1 0 
0 160
0 14
cob=(2)
cfi=(2)
cfn=(4536)
calls=1 0 
0 160
0 14
cfn=(6474)
calls=1 0 
0 295
0 7
cfn=(6476)
calls=1 0 
0 29
0 9
cfn=(6478)
calls=1 0 
0 35
0 4
cob=(2)
cfi=(2)
cfn=(4210)
calls=1 0 
0 201
0 16
cob=(2)
cfi=(2)
cfn=(4972)
calls=1 0 
0 35
0 36
cob=(2)
cfi=(2)
cfn=(4536)
calls=1 0 
0 160
0 17
cob=(2)
cfi=(2)
cfn=(4536)
calls=1 0 
0 340
0 11
cob=(2)
cfi=(2)
cfn=(4536)
calls=1 0 
0 340
0 21
cob=(2)
cfi=(2)
cfn=(4536)
calls=1 0 
0 340
0 12
cob=(2)
cfi=(2)
cfn=(4536)
calls=1 0 
0 340
0 10
cob=(2)
cfi=(2)
cfn=(5224)
calls=1 0 
0 434
0 13
cob=(2)
cfi=(2)
cfn=(4536)
calls=1 0 
0 352
0 4
cfn=(5714)
calls=1 0 
0 82
0 12
cfn=(5716)
calls=1 0 
0 206
0 5
cfn=(6480)
calls=1 0 
0 4015
0 5
cfn=(6478)
calls=1 0 
0 35
0 70
cfn=(6340)
calls=1 0 
0 431
0 7
cob=(2)
cfi=(2)
cfn=(4536)
calls=1 0 
0 124
0 51
cfn=(6456)
calls=1 0 
0 865
0 11
cfn=(6462)
calls=1 0 
0 37
0 3
cfn=(6466)
calls=1 0 
0 22
0 4
cob=(2)
cfi=(2)
cfn=(4536)
calls=1 0 
0 124
0 38
cfn=(6468)
calls=1 0 
0 42
0 7
cob=(2)
cfi=(2)
cfn=(4536)
calls=1 0 
0 148
0 8
cfn=(6470)
calls=1 0 
0 82
0 23
cob=(2)
cfi=(2)
cfn=(4536)
calls=1 0 
0 148
0 13
cob=(2)
cfi=(2)
cfn=(4536)
calls=1 0 
0 148
0 36
cob=(2)
cfi=(2)
cfn=(4536)
calls=1 0 
0 160
0 5
cfn=(6562)
calls=1 0 
0 21
0 75

fn=(6444)
0 20
cob=(2)
cfi=(2)
cfn=(6446) getpeername
calls=1 0 
0 5
0 20

fn=(6468)
0 8484

fn=(6470)
0 46
cfn=(6472) <h2::proto::streams::recv::Recv>::set_target_connection_window
calls=2 0 
0 86
0 32

fn=(6484)
0 34224
cfn=(6486) <h2::proto::streams::recv::Recv>::clear_expired_reset_streams
calls=1426 0 
0 24242
0 22816

fn=(6498) <tokio_util::codec::length_delimited::LengthDelimitedCodec as tokio_util::codec::decoder::Decoder>::decode
0 26553
cfn=(6500)
calls=1011 0 
0 45014
0 90840
cob=(2)
cfi=(2)
cfn=(4536)
calls=1011 0 
0 17187
0 42333
cfn=(6616)
calls=228 0 
0 96696
0 21855

fn=(6504)
0 33864
cfn=(6924) <h2::proto::streams::store::Store>::find_mut
calls=402 0 
0 12060
0 23718
cfn=(6926) <h2::proto::streams::recv::Recv>::recv_data
calls=402 0 
0 192763
0 6610
cob=(2)
cfi=(2)
cfn=(4536)
calls=603 0 
0 33768
0 4824
cob=(2)
cfi=(2)
cfn=(4536)
calls=603 0 
0 33768
0 16884
cfn=(6706)
calls=603 0 
0 71757
0 19505
cfn=(6554)
calls=2 0 
0 162
0 17497
cfn=(6900)
calls=603 0 
0 10251
0 7035
cfn=(6922)
calls=201 0 
0 4824
0 1608
cfn=(6922)
calls=201 0 
0 4824
0 3216
cfn=(6766)
calls=402 0 
0 22914
0 8844
cfn=(6894)
calls=201 0 
0 6432
0 2010
cfn=(6688)
calls=201 0 
0 19497
0 603
cfn=(6896) <h2::proto::streams::store::VacantEntry>::insert
calls=201 0 
0 37322
0 13266
cob=(2)
cfi=(2)
cfn=(4536)
calls=603 0 
0 33768
0 3015
cfn=(6900)
calls=603 0 
0 10251
0 4824
cfn=(6900)
calls=603 0 
0 10251
0 8691
cob=(2)
cfi=(2)
cfn=(4536)
calls=201 0 
0 12864
0 1005
cfn=(7252)
calls=201 0 
0 46839
0 2211
cob=(2)
cfi=(2)
cfn=(4536)
calls=402 0 
0 23316
0 2412
cfn=(6902)
calls=402 0 
0 496596
0 4422
cfn=(6922)
calls=402 0 
0 9648
0 1407
cfn=(6922)
calls=201 0 
0 4824
0 18362
cfn=(6766)
calls=603 0 
0 61104
0 11786
cob=(2)
cfi=(2)
cfn=(6378)
calls=47 0 
0 517
0 296
cob=(2)
cfi=(2)
cfn=(6378)
calls=18 0 
0 198
0 11163

fn=(6508)
0 97

fn=(6556)
0 24

fn=(6576)
0 23
cob=(2)
cfi=(2)
cfn=(4210)
calls=1 0 
0 41
0 85
cfn=(6578)
calls=1 0 
0 727
0 29
cfn=(6208)
calls=1 0 
0 7159
0 11
cob=(2)
cfi=(2)
cfn=(4920)
calls=1 0 
0 65
0 13

fn=(6610)
0 8457
cfn=(5192)
calls=201 0 
0 5226
0 6641
cfn=(6612)
calls=201 0 
0 30150
0 8040
cfn=(6614)
calls=201 0 
0 225775
0 3216
cob=(2)
cfi=(2)
cfn=(4920)
calls=201 0 
0 13065
0 2412
cfn=(6600)
calls=201 0 
0 1407
0 1206
cfn=(6626)
calls=201 0 
0 1407
0 3819
cfn=(6604)
calls=201 0 
0 8643
0 603
cfn=(6628)
calls=201 0 
0 3015
0 7035
cfn=(7212)
calls=201 0 
0 4824
0 1005
cfn=(7216)
calls=201 0 
0 11055
0 3015
cfn=(6672)
calls=201 0 
0 9849
0 32370
cfn=(6630)
calls=201 0 
0 187131
0 4221
cfn=(6650) core::ptr::drop_glue::<<pbrs_grpc::client::channel::Channel>::grab_in<pbrs_grpc::rt::TokioRuntime>::{closure#0}>
calls=201 0 
0 3417
0 11055
cfn=(6652)
calls=201 0 
0 8657
0 7236
cfn=(6654)
calls=201 0 
0 28741
0 4422
cfn=(6600)
calls=201 0 
0 1407
0 35778
cfn=(6656) pbrs_grpc::client::streaming::run_server_stream_inner::<pbrs_grpc::codec::prost::Message<devloop::echo::EchoReply>>::{closure#0}
calls=201 0 
0 1579879
0 1010
cfn=(6656)
calls=202 0 
0 948018
0 1610
cob=(2)
cfi=(2)
cfn=(4536)
calls=201 0 
0 15276
0 402
cfn=(7200) core::ptr::drop_glue::<pbrs_grpc::client::streaming::run_server_stream_inner<pbrs_grpc::codec::prost::Message<pbrs_adoption_corpus::prost_types::EntityList>>::{closure#0}>
calls=201 0 
0 4221
0 1809
cob=(2)
cfi=(2)
cfn=(4536)
calls=201 0 
0 17688
0 2010
cob=(2)
cfi=(2)
cfn=(4536)
calls=201 0 
0 15276
0 603
cfn=(7202) core::ptr::drop_glue::<pbrs_grpc::client::streaming::run_server_stream_frame<pbrs_grpc::codec::prost::Message<pbrs_adoption_corpus::prost_types::EntityList>>::{closure#0}>
calls=201 0 
0 3819
0 3623
cob=(2)
cfi=(2)
cfn=(4536)
calls=201 0 
0 12798
0 1407
cob=(2)
cfi=(2)
cfn=(4536)
calls=201 0 
0 5829
0 2613
cob=(2)
cfi=(2)
cfn=(4536)
calls=201 0 
0 12864
0 2010
cob=(2)
cfi=(2)
cfn=(4536)
calls=201 0 
0 5829
0 1407
cob=(2)
cfi=(2)
cfn=(4536)
calls=201 0 
0 12864
0 1407
cob=(2)
cfi=(2)
cfn=(4536)
calls=201 0 
0 5829
0 1608
cob=(2)
cfi=(2)
cfn=(4536)
calls=201 0 
0 12864
0 2010
cob=(2)
cfi=(2)
cfn=(4536)
calls=201 0 
0 5829
0 1206
cfn=(7204)
calls=201 0 
0 10251
0 804
cfn=(7206)
calls=201 0 
0 2613
0 1005
cfn=(7208)
calls=201 0 
0 804
0 1005
cfn=(7210) <pbrs_grpc::telemetry::CallGuard>::finish
calls=201 0 
0 17286
0 62310
cfn=(6832)
calls=201 0 
0 53361
0 402
cfn=(6624)
calls=201 0 
0 3618
0 2613
cfn=(6692)
calls=201 0 
0 201
0 804

fn=(6656)
0 28961
cfn=(6658)
calls=201 0 
0 1133458
0 3015
cfn=(6752) core::ptr::drop_glue::<pbrs_grpc::client::call::open_in<pbrs_grpc::rt::TokioRuntime>::{closure#0}>
calls=201 0 
0 3417
0 17504
cfn=(6754)
calls=201 0 
0 175875
0 1407
cfn=(6772)
calls=201 0 
0 3417
0 12060
cfn=(6774)
calls=201 0 
0 34974
0 10653
cob=(2)
cfi=(2)
cfn=(4536)
calls=201 0 
0 11424
0 1809
cob=(2)
cfi=(2)
cfn=(4536)
calls=201 0 
0 10452
0 3216
cob=(2)
cfi=(2)
cfn=(4536)
calls=201 0 
0 11892
0 47695
cob=(2)
cfi=(2)
cfn=(4536)
calls=201 0 
0 15276
0 1608
cob=(2)
cfi=(2)
cfn=(4536)
calls=201 0 
0 15276
0 402
cfn=(7192)
calls=201 0 
0 4221
0 2613
cob=(2)
cfi=(2)
cfn=(4536)
calls=201 0 
0 17688
0 1005
cfn=(7194)
calls=201 0 
0 21306
0 1407
cob=(2)
cfi=(2)
cfn=(4536)
calls=201 0 
0 15276
0 1809
cob=(2)
cfi=(2)
cfn=(4536)
calls=201 0 
0 15276
0 402
cfn=(7196)
calls=201 0 
0 3216
0 2010
cob=(2)
cfi=(2)
cfn=(4536)
calls=201 0 
0 15276
0 2211
cfn=(6978)
calls=201 0 
0 35778
0 2412
cfn=(7198)
calls=201 0 
0 253916
0 22110
cfn=(6692)
calls=201 0 
0 201
0 6440
cfn=(6780)
calls=403 0 
0 381480
0 3018
cob=(2)
cfi=(2)
cfn=(4536)
calls=201 0 
0 15276
0 9648
cfn=(6332)
calls=201 0 
0 47235
0 808
cfn=(6332)
calls=202 0 
0 27068
0 3627
cfn=(6778)
calls=403 0 
0 6448
0 2012
cob=(2)
cfi=(2)
cfn=(4536)
calls=201 0 
0 15276
0 1206
cfn=(7188) core::ptr::drop_glue::<(<tokio::sync::watch::Receiver<bool>>::wait_for<pbrs_grpc::client::call::first_of_in<pbrs_grpc::rt::TokioRuntime, pbrs_grpc::request::Response<pbrs_grpc::stream::Streaming<pbrs_grpc::codec::prost::Message<pbrs_adoption_corpus::prost_types::EntityList>>>, pbrs_grpc::client::streaming::run_server_stream_inner<pbrs_grpc::codec::prost::Message<pbrs_adoption_corpus::prost_types::EntityList>>::{closure#0}::{closure#1}>::{closure#0}::{closure#2}>::{closure#0}, pbrs_grpc::client::streaming::run_server_stream_inner<pbrs_grpc::codec::prost::Message<pbrs_adoption_corpus::prost_types::EntityList>>::{closure#0}::{closure#1})>
calls=201 0 
0 27939
0 2412
cob=(2)
cfi=(2)
cfn=(4536)
calls=201 0 
0 15276
0 804

fn=(6660)
0 6633
cfn=(6644)
calls=201 0 
0 22311
0 6834

fn=(6668)
0 13668

fn=(6672)
0 12462
cob=(2)
cfi=(2)
cfn=(4920)
calls=804 0 
0 55932
0 7236
cfn=(6674)
calls=1809 0 
0 85254
0 5226
cob=(2)
cfi=(2)
cfn=(4920)
calls=804 0 
0 83866
0 10854
cfn=(6676)
calls=1809 0 
0 32562
0 4020
cfn=(6674)
calls=402 0 
0 5226
0 3216
cfn=(6676)
calls=402 0 
0 7236
0 4020
cfn=(6674)
calls=402 0 
0 5226
0 3216
cfn=(6676)
calls=402 0 
0 7236

fn=(6682)
0 405216

fn=(6698)
0 33831

fn=(6708)
0 108
cob=(2)
cfi=(2)
cfn=(4210)
calls=2 0 
0 82
0 40
cob=(2)
cfi=(2)
cfn=(4972)
calls=2 0 
0 20
0 60

fn=(6722)
0 19342

fn=(6748)
0 8330
cfn=(7622)
calls=1 0 
0 690
0 619
cfn=(7632)
calls=1 0 
0 303
0 1667

fn=(6752)
0 3417

fn=(6764)
0 21708

fn=(6856)
0 6877
cfn=(6846)
calls=205 0 
0 5131
0 4510
cfn=(6858)
calls=205 0 
0 212806
0 426
cfn=(6858)
calls=4 0 
0 2338
0 1033
cfn=(6860) <h2::hpack::decoder::StringMarker>::consume
calls=205 0 
0 9020
0 4804
cfn=(6858)
calls=4 0 
0 2301
0 96
cfn=(6860)
calls=4 0 
0 176
0 52
cfn=(6860)
calls=4 0 
0 176
0 48
cfn=(6878) <http::header::name::HeaderName>::from_lowercase
calls=4 0 
0 1397
0 812
cfn=(5058)
calls=201 0 
0 23814
0 406
cfn=(5058)
calls=1 0 
0 114
0 1887
cfn=(6872)
calls=3 0 
0 544
0 54
cfn=(6850)
calls=3 0 
0 15
0 410
cfn=(6814)
calls=205 0 
0 4929
0 421
cfn=(6872)
calls=4 0 
0 969
0 200
cfn=(6850)
calls=4 0 
0 20
0 16
cfn=(6850)
calls=4 0 
0 20
0 4

fn=(6866)
0 18
cfn=(6868)
calls=3 0 
0 1132
0 30

fn=(6876)
0 35175
cob=(2)
cfi=(2)
cfn=(4210)
calls=603 0 
0 25521
0 10848
cob=(2)
cfi=(2)
cfn=(4210)
calls=603 0 
0 90852
0 7218
cfn=(6674)
calls=600 0 
0 7800
0 12
cfn=(6674)
calls=3 0 
0 39
0 6030
cfn=(6682)
calls=603 0 
0 25728
0 4020
cfn=(6682)
calls=804 0 
0 55074
0 136680

fn=(6878)
0 329
cfn=(6722)
calls=4 0 
0 46
0 173
cob=(2)
cfi=(2)
cfn=(4210)
calls=3 0 
0 724
0 30
cob=(2)
cfi=(2)
cfn=(4536)
calls=3 0 
0 32
0 63

fn=(6896)
0 3015
cfn=(6702)
calls=201 0 
0 17751
0 8243
cfn=(6710)
calls=201 0 
0 5516
0 2620
cfn=(6708)
calls=1 0 
0 155
0 6
cfn=(6898)
calls=1 0 
0 11
0 5

fn=(6910)
0 2211
cfn=(6912)
calls=201 0 
0 67938
0 402

fn=(6916)
0 10868
cfn=(6918)
calls=2 0 
0 524
0 25
cob=(2)
cfi=(2)
cfn=(4536)
calls=5 0 
0 145
0 16849
cob=(2)
cfi=(2)
cfn=(4536)
calls=1201 0 
0 34829

fn=(6924)
0 12060

fn=(6926)
0 21105
cfn=(6928)
calls=402 0 
0 22914
0 15678
cfn=(6900)
calls=201 0 
0 3417
0 804
cfn=(6930)
calls=201 0 
0 3417
0 804
cfn=(6932)
calls=201 0 
0 6633
0 804
cfn=(6934)
calls=201 0 
0 804
0 5628
cfn=(6930)
calls=402 0 
0 6834
0 1608
cfn=(6840)
calls=402 0 
0 11256
0 1608
cfn=(6930)
calls=402 0 
0 6834
0 10854
cfn=(6930)
calls=402 0 
0 6834
0 2010
cfn=(6936) <h2::proto::streams::buffer::Deque>::push_back::<h2::proto::streams::recv::Event>
calls=402 0 
0 45855
0 804
cfn=(6930)
calls=402 0 
0 6834
0 2107
cfn=(6434)
calls=97 0 
0 6111
0 1206

fn=(6944)
0 3015
cfn=(6724)
calls=201 0 
0 21708
0 16482
cfn=(6724)
calls=201 0 
0 35577
0 603

fn=(6950)
0 3216
cfn=(6952)
calls=201 0 
0 96224
0 5025
cob=(2)
cfi=(2)
cfn=(4210)
calls=201 0 
0 9733
0 3006
cob=(2)
cfi=(2)
cfn=(4210)
calls=200 0 
0 9864
0 7
cob=(2)
cfi=(2)
cfn=(4210)
calls=1 0 
0 41
0 4005
cfn=(6954)
calls=200 0 
0 47000
0 13
cfn=(6954)
calls=1 0 
0 402
0 2814
cob=(2)
cfi=(2)
cfn=(4536)
calls=201 0 
0 5829
0 7035
cob=(2)
cfi=(2)
cfn=(4536)
calls=201 0 
0 12864
0 6834

fn=(6970)
0 1809
cfn=(6724)
calls=201 0 
0 29949
0 2814

fn=(6976)
0 804
cfn=(6218)
calls=201 0 
0 9648
0 1407
cfn=(5192)
calls=201 0 
0 5226
0 1608
cfn=(6246)
calls=201 0 
0 7236
0 4221

fn=(6992)
0 4020
cfn=(6744)
calls=402 0 
0 26130
0 1608
cfn=(6994)
calls=402 0 
0 73164
0 2412
cfn=(7000)
calls=402 0 
0 99720
0 3618

fn=(7014)
0 1809
cfn=(6692)
calls=201 0 
0 201
0 2211

fn=(7036)
0 18693
cfn=(7038)
calls=201 0 
0 41205
0 1608
cfn=(6712)
calls=201 0 
0 366105
0 1809
cfn=(6766)
calls=201 0 
0 10653
0 6030
cfn=(6744)
calls=201 0 
0 13065
0 5025

fn=(7082)
0 28944
cfn=(7084)
calls=804 0 
0 216620
0 4824
cfn=(7090)
calls=804 0 
0 10452
0 13668

fn=(7162)
0 3216
cfn=(6776)
calls=402 0 
0 24120
0 6834

fn=(7188)
0 4020
cfn=(6540)
calls=201 0 
0 17085
0 1005
cfn=(6570)
calls=201 0 
0 1407
0 1407
cfn=(7190)
calls=201 0 
0 3015

fn=(7200)
0 4221

fn=(7376)
0 80
cfn=(7336)
calls=16 0 
0 416
0 80
cob=(2)
cfi=(2)
cfn=(4920)
calls=16 0 
0 1162

fn=(7536)
0 11

fn=(7542)
0 5
cfn=(7544)
calls=1 0 
0 267
0 12
cfn=(7692)
calls=1 0 
0 2841
0 5
cfn=(7962)
calls=1 0 
0 363
0 6
cfn=(7972)
calls=1 0 
0 10

fn=(7552)
0 23
cfn=(7554)
calls=1 0 
0 2788
0 4
cob=(2)
cfi=(2)
cfn=(4536)
calls=1 0 
0 268
0 19
cfn=(7554)
calls=1 0 
0 12
0 4
cob=(2)
cfi=(2)
cfn=(4536)
calls=1 0 
0 268
0 11

fn=(7588)
0 10
cfn=(7590)
calls=1 0 
0 896
0 2
cfn=(7608)
calls=1 0 
0 3331
0 2
cfn=(7618)
calls=1 0 
0 1194
0 9

fn=(7606) <h2::proto::streams::store::Queue<h2::proto::streams::stream::NextResetExpire>>::pop::<h2::proto::streams::store::Store>
0 12

fn=(7622)
0 12
cfn=(7624)
calls=2 0 
0 1298
0 18
cob=(2)
cfi=(2)
cfn=(4920)
calls=2 0 
0 138

fn=(7642)
0 68
cfn=(7644)
calls=1 0 
0 102
0 89
cfn=(7646)
calls=1 0 
0 875
0 16

fn=(7870)
0 10
cfn=(6570)
calls=1 0 
0 7
0 11
cob=(2)
cfi=(2)
cfn=(4920)
calls=1 0 
0 65

fn=(7932)
0 24
cfn=(7934)
calls=4 0 
0 104
0 36
cob=(2)
cfi=(2)
cfn=(4920)
calls=4 0 
0 312

fn=(7970)
0 27
cob=(2)
cfi=(2)
cfn=(4920)
calls=1 0 
0 117

fn=(7992) std::sys::thread_local::native::lazy::destroy::<tokio::runtime::park::ParkThread>
0 8
cfn=(7994)
calls=1 0 
0 123

fn=(6510)
0 22

fn=(6512)
0 95046
cfn=(6340)
calls=2 0 
0 236
0 10
cfn=(6460)
calls=2 0 
0 38
0 12800
cfn=(6516)
calls=1828 0 
0 145838
0 89295
cfn=(6518)
calls=2431 0 
0 106649
0 5867
cfn=(6802)
calls=201 0 
0 9849
0 603
cfn=(6760)
calls=201 0 
0 48642
0 17017
cfn=(6522)
calls=2431 0 
0 889173
0 8882
cob=(2)
cfi=(2)
cfn=(4536)
calls=1005 0 
0 64320
0 8844
cob=(2)
cfi=(2)
cfn=(4536)
calls=402 0 
0 25728
0 2412
cob=(2)
cfi=(2)
cfn=(4536)
calls=603 0 
0 38592
0 3015
cfn=(6340)
calls=1005 0 
0 1823813
0 7035
cfn=(6516)
calls=1005 0 
0 34170
0 9121

fn=(6790)
0 25760
cfn=(6792)
calls=805 0 
0 10860
0 7640
cfn=(6738)
calls=201 0 
0 6432
0 18715

fn=(5036)
0 3
cfn=(5038)
calls=1 0 
0 8061115
0 3

fn=(5090)
0 70
cfn=(5092)
calls=7 0 
0 4964
0 45
cfn=(5058)
calls=4 0 
0 264
0 89

fn=(5138)
0 138
cfn=(5140)
calls=3 0 
0 333
0 75

fn=(5192)
0 67134
cob=(2)
cfi=(2)
cfn=(5194) clock_gettime
calls=11189 0 
0 111890
0 111890

fn=(5496)
0 44
cob=(2)
cfi=(2)
cfn=(4202) pthread_attr_init
calls=4 0 
0 72
0 44
cob=(2)
cfi=(2)
cfn=(5558) __pthread_get_minstack
calls=4 0 
0 48
0 24
cob=(2)
cfi=(2)
cfn=(5560) pthread_attr_setstacksize
calls=4 0 
0 24
0 32
cob=(2)
cfi=(2)
cfn=(5562) pthread_create
calls=4 0 
0 4945
0 24
cob=(2)
cfi=(2)
cfn=(5012)
calls=4 0 
0 20
0 51
cob=(2)
cfi=(2)
cfn=(5498) dlsym
calls=1 0 
0 1069
0 4

fn=(5684)
0 28
cfn=(5686)
calls=2 0 
0 497
0 32

fn=(5720)
0 61051

fn=(5766)
0 25
cfn=(5768) <pbrs_grpc::proxy::ProxyConfig>::from_env
calls=1 0 
0 11485
0 21
cfn=(5824)
calls=1 0 
0 1239
0 6
cfn=(5834)
calls=1 0 
0 349
0 14

fn=(5768)
0 86
cfn=(5090)
calls=4 0 
0 2740
0 52
cob=(2)
cfi=(2)
cfn=(4210)
calls=4 0 
0 804
0 40
cob=(2)
cfi=(2)
cfn=(4536)
calls=4 0 
0 48
0 32
cfn=(5772)
calls=4 0 
0 768
0 266
cfn=(5776)
calls=2 0 
0 1524
0 15
cfn=(5780)
calls=1 0 
0 199
0 42
cfn=(5782)
calls=1 0 
0 51
0 8
cfn=(5782)
calls=1 0 
0 51
0 63
cfn=(5784)
calls=1 0 
0 117
0 15
cfn=(5784)
calls=1 0 
0 65
0 43
cfn=(5786)
calls=1 0 
0 217
0 7
cob=(2)
cfi=(2)
cfn=(4536)
calls=1 0 
0 14
0 73
cfn=(5780)
calls=1 0 
0 185
0 268
cfn=(5782)
calls=1 0 
0 51
0 6
cfn=(5782)
calls=2 0 
0 102
0 114
cfn=(5788)
calls=3 0 
0 712
0 189
cfn=(5790)
calls=3 0 
0 364
0 21
cfn=(5688)
calls=3 0 
0 198
0 18
cfn=(5792)
calls=2 0 
0 399
0 13
cfn=(5786)
calls=1 0 
0 223
0 7
cob=(2)
cfi=(2)
cfn=(4536)
calls=1 0 
0 12
0 6
cfn=(5796)
calls=1 0 
0 109
0 84
cob=(2)
cfi=(2)
cfn=(4920)
calls=3 0 
0 195
0 42
cfn=(5798)
calls=1 0 
0 813
0 14

fn=(5772)
0 24
cfn=(5774)
calls=1 0 
0 56
0 5
cfn=(5774)
calls=1 0 
0 34
0 237
cfn=(5774)
calls=7 0 
0 433
0 35
cfn=(5774)
calls=7 0 
0 232
0 483

fn=(5794)
0 63
cfn=(5688)
calls=3 0 
0 82
0 128

fn=(6170)
0 19
cob=(2)
cfi=(2)
cfn=(4210)
calls=1 0 
0 213
0 59

fn=(6200)
0 153
cfn=(6202)
calls=9 0 
0 189
0 18
cfn=(5192)
calls=9 0 
0 234
0 348
cfn=(6204) <alloc::collections::vec_deque::VecDeque<pbrs_grpc::channelz::trace::TraceEvent>>::grow
calls=3 0 
0 1519
0 402

fn=(6204)
0 18
cfn=(6206)
calls=3 0 
0 1471
0 30

fn=(6238)
0 134
cfn=(6292)
calls=2 0 
0 196
0 21
cfn=(6318)
calls=1 0 
0 8
0 39
cfn=(6240)
calls=1 0 
0 208
0 16
cfn=(6240)
calls=2 0 
0 380
0 5
cfn=(6240)
calls=1 0 
0 189
0 65
cfn=(5702)
calls=1 0 
0 715
0 61

fn=(6246)
0 251244

fn=(6290)
0 132

fn=(6328)
0 63

fn=(6332)
0 37712
cfn=(6334)
calls=204 0 
0 27138
0 17112
cfn=(6334)
calls=1426 0 
0 132618
0 49758
cfn=(6334)
calls=152 0 
0 20520
0 1800
cfn=(6334)
calls=150 0 
0 6750
0 1654
cfn=(6540)
calls=150 0 
0 2700
0 3395
cfn=(6540)
calls=199 0 
0 3582
0 4505

fn=(6340)
0 36380
cfn=(6514)
calls=2 0 
0 114
0 70
cfn=(6342)
calls=4 0 
0 895
0 3027
cob=(2)
cfi=(2)
cfn=(4536)
calls=603 0 
0 33768
0 9045
cfn=(6808) <h2::frame::headers::Headers>::encode
calls=603 0 
0 1651363
0 22128
cfn=(6842)
calls=402 0 
0 42604
0 25818

fn=(6350)
0 176511
cfn=(6244)
calls=1 0 
0 7
0 4
cfn=(6570)
calls=1 0 
0 7
0 1249
cfn=(6430)
calls=2 0 
0 10
cfn=(6244)
calls=622 0 
0 4354
0 97513

fn=(6360)
0 165
cfn=(6362)
calls=1 0 
0 85
0 38

fn=(6384)
0 39440
cfn=(6350)
calls=2320 0 
0 229956
0 15755
cfn=(6350)
calls=7 0 
0 903
0 14421
cob=(2)
cfi=(2)
cfn=(6496) recv
calls=900 0 
0 53128
0 1807
cob=(2)
cfi=(2)
cfn=(5034)
calls=7 0 
0 21
0 56
cfn=(6318)
calls=7 0 
0 56
0 48942

fn=(6430)
0 2695

fn=(6464)
0 6

fn=(6472)
0 86

fn=(6486)
0 24242

fn=(6494)
0 84050
cfn=(6498)
calls=1011 0 
0 108588
0 31341
cfn=(6502)
calls=1011 0 
0 1821168
0 48250
cfn=(6384)
calls=2139 0 
0 367818
0 26742
cfn=(6498)
calls=892 0 
0 231890
0 8219
cfn=(6384)
calls=179 0 
0 36317
0 27364
cob=(2)
cfi=(2)
cfn=(4536)
calls=1011 0 
0 29319
0 27584
cob=(2)
cfi=(2)
cfn=(4536)
calls=1011 0 
0 64704
0 4044

fn=(6538)
0 81
cfn=(6540)
calls=3 0 
0 223
0 11
cfn=(6386)
calls=1 0 
0 8
0 39
cfn=(7020)
calls=1 0 
0 33
0 14
cfn=(7170)
calls=1 0 
0 193
0 12

fn=(6552)
0 106
cfn=(6460)
calls=1 0 
0 19
0 43

fn=(6568)
0 11

fn=(6590)
0 23

fn=(6616)
0 19023
cob=(2)
cfi=(2)
cfn=(4536)
calls=228 0 
0 84840
0 23465
cob=(2)
cfi=(2)
cfn=(4210)
calls=1 0 
0 349
0 14153
cfn=(5742)
calls=813 0 
0 339915
0 2439

fn=(6618)
0 7035
cob=(2)
cfi=(2)
cfn=(4210)
calls=201 0 
0 8388
0 9244
cfn=(6620)
calls=201 0 
0 6834
0 2010
cob=(2)
cfi=(2)
cfn=(4536)
calls=201 0 
0 24924
0 2412
cfn=(6620)
calls=201 0 
0 4221
0 2412

fn=(6622)
0 19698
cfn=(6624)
calls=402 0 
0 7236
0 3618

fn=(6648)
0 4221

fn=(6650)
0 3417

fn=(6710)
0 10496
cfn=(5424)
calls=2 0 
0 505
0 22

fn=(6756)
0 57486
cfn=(6586)
calls=201 0 
0 20363
cfn=(6664)
calls=201 0 
0 2010
0 2010
cfn=(6758) <pbrs_grpc::transport::h2::SendStream as pbrs_grpc::transport::SendStream>::send_data
calls=402 0 
0 282849
0 4020
cfn=(6768)
calls=402 0 
0 8442
0 2814
cfn=(6832)
calls=201 0 
0 2412
cfn=(6696)
calls=201 0 
0 1809
0 8442

fn=(6758)
0 52662
cfn=(6760)
calls=402 0 
0 57285
0 4422
cfn=(6762)
calls=201 0 
0 5628
0 1005
cfn=(6764)
calls=201 0 
0 10854
0 12060
cfn=(6730)
calls=201 0 
0 72804
0 3819
cfn=(6766)
calls=402 0 
0 21306
0 14874
cfn=(6732)
calls=201 0 
0 17487
0 8643

fn=(6762)
0 5628
cfn=(6726)
calls=201 0 
0 804
0 2613
cfn=(6726)
calls=201 0 
0 804
0 1206

fn=(6808)
0 11457
cfn=(6810)
calls=603 0 
0 1434281
0 3618
cfn=(6836)
calls=603 0 
0 136278
0 19296
cob=(2)
cfi=(2)
cfn=(4536)
calls=603 0 
0 8444
0 37989

fn=(6814)
0 242
cfn=(6832)
calls=1 0 
0 132
cfn=(6850)
calls=1 0 
0 291
0 80
cfn=(6696)
calls=3 0 
0 802
cfn=(6692)
calls=3 0 
0 3
0 112
cfn=(6696)
calls=7 0 
0 1822
cfn=(6692)
calls=7 0 
0 7
0 42958
cfn=(6832)
calls=401 0 
0 39480
cfn=(6692)
calls=403 0 
0 403
0 8012
cfn=(6692)
calls=600 0 
0 600
0 11224
cfn=(6692)
calls=1400 0 
0 1400
cfn=(6692)
calls=3 0 
0 3
0 2010

fn=(6838)
0 8844
cfn=(6840)
calls=402 0 
0 11256
0 9246

fn=(6860)
0 9372

fn=(6932)
0 6432
cfn=(6726)
calls=201 0 
0 804
0 2211
cfn=(6726)
calls=201 0 
0 804
0 2814

fn=(6936)
0 4422
cob=(2)
cfi=(2)
cfn=(4536)
calls=402 0 
0 11658
0 2412
cfn=(6916)
calls=402 0 
0 20904
0 6459

fn=(6940)
0 4623
cfn=(6786)
calls=201 0 
0 22311
0 1809
cob=(2)
cfi=(2)
cfn=(4536)
calls=201 0 
0 5829
0 1005

fn=(6978)
0 3216
cfn=(6776)
calls=402 0 
0 24120
0 3216
cfn=(5192)
calls=201 0 
0 5226
0 1608
cfn=(6246)
calls=201 0 
0 7236
0 804
cfn=(5192)
calls=201 0 
0 5226
0 1608
cfn=(6246)
calls=201 0 
0 7236
0 10251

fn=(6988)
0 41096
cfn=(6786)
calls=934 0 
0 72352
0 4859
cfn=(6788)
calls=331 0 
0 4232
0 6550
cob=(2)
cfi=(2)
cfn=(4536)
calls=201 0 
0 5829
0 1206
cfn=(6916)
calls=201 0 
0 10452
0 3062
cfn=(6430)
calls=130 0 
0 650
0 29380
cfn=(7406)
calls=22 0 
0 16918
0 198
cob=(2)
cfi=(2)
cfn=(6378)
calls=22 0 
0 242
0 16934

fn=(6998)
0 12462

fn=(7006)
0 6030
cfn=(7008)
calls=402 0 
0 6834
0 6834
cfn=(7008)
calls=201 0 
0 10653
0 1407
cfn=(7008)
calls=201 0 
0 3417
0 2814
cfn=(6864)
calls=201 0 
0 2010
0 1407
cfn=(7012)
calls=201 0 
0 62825
0 2010
cfn=(6850)
calls=201 0 
0 1005
0 3618

fn=(7012)
0 28140
cob=(2)
cfi=(2)
cfn=(4536)
calls=1005 0 
0 124588
0 15075
cfn=(6850)
calls=1005 0 
0 5025
0 6030
cfn=(5742)
calls=1005 0 
0 125959
0 4020

fn=(7020)
0 107962
cfn=(6282)
calls=154 0 
0 38712
0 1694
cfn=(7320) <tokio::sync::notify::NotifyWaitersList as core::ops::drop::Drop>::drop
calls=154 0 
0 2002
0 31166

fn=(7026)
0 2010
cfn=(7028)
calls=402 0 
0 43818
0 804
cfn=(7000)
calls=402 0 
0 106918
0 2814

fn=(7042)
0 10251

fn=(7048)
0 75678

fn=(7078)
0 10050
cfn=(7080)
calls=201 0 
0 534121
0 2010
cfn=(7094)
calls=201 0 
0 26912
0 1809
cfn=(7094)
calls=201 0 
0 23433
0 402
cfn=(7098)
calls=201 0 
0 68621
0 1608

fn=(7166)
0 2211

fn=(7170)
0 2454
cob=(2)
cfi=(2)
cfn=(4920)
calls=409 0 
0 49047

fn=(7180)
0 3819

fn=(7202)
0 3819

fn=(7210)
0 3819
cfn=(6580)
calls=201 0 
0 9648
0 3819

fn=(7320)
0 2002

fn=(7322)
0 1206
cfn=(7026)
calls=201 0 
0 85813
0 1608
cfn=(6692)
calls=201 0 
0 201
0 2412
cfn=(6672)
calls=201 0 
0 72467
0 2010

fn=(7496)
0 20

fn=(7506)
0 10
cfn=(6746)
calls=1 0 
0 62
0 12
cfn=(7168)
calls=1 0 
0 669
0 15
cfn=(7508)
calls=1 0 
0 1405
0 11

fn=(7528)
0 10
cob=(2)
cfi=(2)
cfn=(4920)
calls=1 0 
0 65
0 4
cob=(2)
cfi=(2)
cfn=(4920)
calls=1 0 
0 65
0 2
cfn=(7530)
calls=1 0 
0 423
0 19
cob=(2)
cfi=(2)
cfn=(4920)
calls=1 0 
0 65

fn=(7548)
0 40
cfn=(7330)
calls=2 0 
0 3240
0 18
cfn=(7330)
calls=2 0 
0 210
0 4
cfn=(7334)
calls=2 0 
0 418
0 8

fn=(7560)
0 22
cfn=(6290)
calls=1 0 
0 52
0 5
cfn=(6386)
calls=1 0 
0 8
0 17
cfn=(7168)
calls=1 0 
0 682
0 6
cfn=(7562)
calls=1 0 
0 203
0 4
cfn=(7566) core::ptr::drop_glue::<tokio::sync::mpsc::bounded::Sender<()>>
calls=1 0 
0 20
0 8
cfn=(7508)
calls=1 0 
0 1471
0 14
cfn=(7568)
calls=1 0 
0 215
0 10

fn=(7566)
0 58
cfn=(7648)
calls=1 0 
0 399
0 8

fn=(7578)
0 31
cfn=(7580)
calls=1 0 
0 22710
0 9
cfn=(7580)
calls=1 0 
0 12016
0 2
cfn=(7650)
calls=1 0 
0 12378
0 4

fn=(7582)
0 16
cfn=(7584)
calls=1 0 
0 10194
0 19
cfn=(7566)
calls=1 0 
0 445

fn=(7604)
0 42
cfn=(7606)
calls=2 0 
0 12
0 20
cfn=(6792)
calls=2 0 
0 12
0 46
cfn=(6556)
calls=2 0 
0 12
0 34
cfn=(6520)
calls=2 0 
0 12
0 22

fn=(7618)
0 68
cfn=(7620)
calls=2 0 
0 196
0 4
cfn=(6748)
calls=2 0 
0 1106
0 14

fn=(7626)
0 10
cfn=(7628) core::ptr::drop_glue::<h2::proto::streams::recv::Recv>
calls=2 0 
0 237
0 8
cfn=(6386)
calls=1 0 
0 8
0 28
cob=(2)
cfi=(2)
cfn=(4920)
calls=2 0 
0 146

fn=(7628)
0 91
cob=(2)
cfi=(2)
cfn=(4920)
calls=2 0 
0 146

fn=(7652)
0 26

fn=(7668)
0 492

fn=(7672)
0 20
cfn=(7674)
calls=4 0 
0 104
0 20
cob=(2)
cfi=(2)
cfn=(4920)
calls=4 0 
0 260

fn=(7680)
0 21
cfn=(6280)
calls=3 0 
0 201
0 45
cob=(2)
cfi=(2)
cfn=(4920)
calls=3 0 
0 203

fn=(7854)
0 6
cfn=(7856)
calls=1 0 
0 3335
0 9
cob=(2)
cfi=(2)
cfn=(4920)
calls=1 0 
0 65

fn=(7976)
0 20
cfn=(6195)
calls=1 0 
0 63
0 3

ob=(2)
fl=(2)
fn=(4174)
0 7
cfn=(4176) 0x000000000008f6a0
calls=1 0 
0 19
0 2

fn=(4258) 0x00000000000a12a0
0 284899
cfn=(6392) 0x000000000009ee90
calls=158 0 
0 25638
0 280533
cfn=(5348) 0x000000000009edb0
calls=1548 0 
0 44973
0 54405
cfn=(5348)
calls=13 0 
0 299
0 1430
cfn=(5348)
calls=286 0 
0 9152
0 3623
cfn=(4364) 0x000000000009e650
calls=94 0 
0 376
0 1025
cfn=(4364)
calls=205 0 
0 820
0 3400
cfn=(4364)
calls=850 0 
0 3400
0 15238
cfn=(4298) 0x00000000000a07f0
calls=1 0 
0 232
0 1117

fn=(4418) _IO_file_fopen
0 72
cfn=(4420) _IO_file_open
calls=1 0 
0 73
0 6
cfn=(4424) 0x00000000000aacd0
calls=1 0 
0 54
0 30

fn=(4424)
0 17
cfn=(4430) 0x0000000000164cc0
calls=1 0 
0 20
0 1
0 16

fn=(4464) _IO_file_doallocate
0 19
cfn=(4466) _IO_file_stat
calls=1 0 
0 7
0 12
cob=(4)
cfi=(4)
cfn=(4208)
calls=1 0 
0 175
0 7
cfn=(4476) _IO_setb
calls=1 0 
0 27
0 9

fn=(3296)
0 48

fn=(3302)
0 18

fn=(3354)
0 17

fn=(3370)
0 6

fn=(3900)
0 9
cob=(1)
cfi=(1)
cfn=(218)
calls=1 0 
0 22
0 1
0 4
cob=(1)
cfi=(1)
cfn=(218)
calls=1 0 
0 22
0 1
0 4
cob=(1)
cfi=(1)
cfn=(218)
calls=1 0 
0 22
0 1
0 4
cob=(1)
cfi=(1)
cfn=(218)
calls=1 0 
0 22
0 1
0 4
cob=(1)
cfi=(1)
cfn=(218)
calls=1 0 
0 22
0 1
0 16
cfn=(3902) __ctype_init
calls=1 0 
0 16
0 7
cfn=(3904) getrlimit
calls=1 0 
0 9
0 30
cfn=(3906) 0x0000000000095450
calls=1 0 
0 90
0 2
cfn=(3918) 0x0000000000043620
calls=1 0 
0 17
0 6

fn=(4198)
0 18

fn=(4482) __read_nocancel
0 25

fn=(4508) 0x00000000000a2380
0 21327
cfn=(4258)
calls=297 0 
0 77599
0 5049
cfn=(4536)
calls=297 0 
0 45042
0 297
0 11957
cfn=(5348)
calls=73 0 
0 1739
0 432
cfn=(5800) 0x00000000000a05a0
calls=35 0 
0 3605
0 1519
cfn=(5800)
calls=96 0 
0 11470
0 96

fn=(4960) _IO_file_close
0 2
cfn=(4962) __close_nocancel
calls=1 0 
0 5

fn=(4962)
0 5

fn=(4986) pthread_attr_setaffinity_np
0 80
cfn=(4988) 0x0000000000090cb0
calls=5 0 
0 1464
0 40
cfn=(4506)
calls=5 0 
0 1162
0 5
0 45
cfn=(4536)
calls=5 0 
0 55
0 5
0 5

fn=(5132)
0 72
cfn=(4176)
calls=8 0 
0 338
0 16

fn=(5172)
0 5

fn=(5506) 0x000000000015fcf0
0 50
cob=(1)
cfi=(1)
cfn=(5440)
calls=1 0 
0 29
0 1
0 16
cob=(1)
cfi=(1)
cfn=(3074)
calls=1 0 
0 732
0 7

fn=(5590) 0x00000000001107d0
0 15

fn=(5696)
0 18

fn=(5886) 0x000000000005a2b0
0 220
cfn=(4536)
calls=8 0 
0 96
0 8
0 136

fn=(6042)
0 15

fn=(6068) 0x000000000009f5e0
0 121
cfn=(5020)
calls=1 0 
0 17
0 23
cfn=(5022)
calls=4 0 
0 20
0 24
cfn=(6002) 0x00000000001110c0
calls=4 0 
0 68
0 85
cfn=(5020)
calls=3 0 
0 66
0 43
cfn=(6090)
calls=2 0 
0 10
0 4
cfn=(6090)
calls=1 0 
0 5
0 17
cfn=(6090)
calls=1 0 
0 5
0 37

fn=(7748) 0x00000000000a59c0
0 1267
cfn=(4920)
calls=243 0 
0 45655
0 2759
cfn=(4920)
calls=4 0 
0 786
0 120
cfn=(7750) 0x00000000001543f0
calls=4 0 
0 44
0 4
cfn=(7756) 0x0000000000128b00
calls=4 0 
0 100
0 4
cfn=(7768) 0x00000000000bbb00
calls=4 0 
0 60
0 4
cfn=(7774) 0x000000000008f4f0
calls=4 0 
0 28
0 8

fn=(7750)
0 44

fn=(4120) 0x0000000000041a00
0 31

fn=(4314) __default_morecore
0 8
cfn=(4316) sbrk
calls=2 0 
0 63
0 8

fn=(3298)
0 6

fn=(3312)
0 24

fn=(3314)
0 17

fn=(3322)
0 22

fn=(3374)
0 21

fn=(4032)
0 30
cfn=(4046) 0x0000000000167730
calls=1 0 
0 41
0 1
0 12

fn=(4968) pthread_getaffinity_np
0 80
cfn=(4972)
calls=5 0 
0 75
0 5
0 15

fn=(5100) 0x0000000000166960
0 558

fn=(5282) 0x000000000009f040
0 97900
cfn=(5348)
calls=1774 0 
0 39047
0 26958

fn=(5436)
0 663

fn=(5504)
0 6
cfn=(5506)
calls=1 0 
0 835
0 3

fn=(5614) clone
0 100
cfn=(5854) 0x00000000000928e0
calls=4 0 
0 24196207

fn=(5694)
0 10

fn=(6368)
0 6456
cfn=(4176)
calls=807 0 
0 40350
0 1614

fn=(6438)
0 6

fn=(6496)
0 6300
cfn=(4176)
calls=900 0 
0 45028
0 1800

fn=(7704) __call_tls_dtors
0 75
cob=(7)
cfi=(7)
cfn=(7992)
calls=1 0 
0 131
cob=(7)
cfi=(7)
cfn=(7706)
calls=4 0 
0 28
0 42
cob=(7)
cfi=(7)
cfn=(7706)
calls=1 0 
0 7
cob=(7)
cfi=(7)
cfn=(7708)
calls=5 0 
0 165
0 44
cob=(4)
cfi=(4)
cfn=(4918)
calls=11 0 
0 1256
0 53

fn=(7832) madvise
0 20

fn=(7874)
0 180
cfn=(7910) 0x0000000000090320
calls=4 0 
0 208
0 72
cfn=(7894) _pthread_cleanup_push
calls=4 0 
0 24
0 9
cfn=(7938) 0x000000000008fce0
calls=1 0 
0 77
0 31
cfn=(7902) _pthread_cleanup_pop
calls=4 0 
0 20
0 4

fn=(7910)
0 208

fn=(7982) exit
0 5
cfn=(7984) 0x00000000000420d0
calls=1 0 
0 2499

fn=(4582)
0 1814

fn=(4194)
0 43
cfn=(4196) getpagesize
calls=1 0 
0 5
0 4

fn=(4318) brk
0 16

fn=(4404) _IO_link_in
0 43
cfn=(4406) 0x000000000008fd60
calls=1 0 
0 12
0 23
cfn=(4410) 0x000000000008fdb0
calls=1 0 
0 9
0 24

fn=(4410)
0 441

fn=(3318)
0 48

fn=(3320)
0 18

fn=(3336)
0 6

fn=(3340)
0 16

fn=(3368)
0 22

fn=(4176)
0 9168
cfn=(4178) 0x000000000008f620
calls=3056 0 
0 124986
0 18372

fn=(4506)
0 5940
cfn=(4210)
calls=10 0 
0 2084
0 24663
cfn=(4508)
calls=424 0 
0 179806
0 14302
cfn=(4508)
calls=2 0 
0 326
0 24

fn=(4604) 0x0000000000065070
0 2250
cfn=(4406)
calls=45 0 
0 540
0 7605
cfn=(4410)
calls=45 0 
0 405
0 5445
cfn=(4654) _IO_sputbackc
calls=90 0 
0 1980
0 30190
cfn=(4654)
calls=90 0 
0 1980
0 1128
cfn=(4720) __strtoul_internal
calls=90 0 
0 23606
0 1170

fn=(4920)
0 780847
cfn=(5800)
calls=2892 0 
0 364732
0 3661
cfn=(4252) 0x00000000000a2250
calls=4 0 
0 4973
0 12

fn=(4924) _IO_un_link
0 13
cfn=(4406)
calls=1 0 
0 12
0 38
cfn=(4410)
calls=1 0 
0 9
0 17

fn=(4966) _IO_default_finish
0 15

fn=(5130)
0 28
cfn=(4176)
calls=4 0 
0 76
0 8

fn=(5170)
0 5

fn=(5868) snprintf
0 72
cfn=(5870) 0x0000000000087d50
calls=4 0 
0 2012
0 20

fn=(8260) _Exit
0 3

fn=(4112) __cxa_atexit
0 17
cfn=(4120)
calls=1 0 
0 31
0 22

fn=(4204) fopen
0 10
cob=(4)
cfi=(4)
cfn=(4208)
calls=1 0 
0 1780
0 12
cfn=(4390) 0x000000000008d0d0
calls=1 0 
0 54
0 4
cfn=(4402) 0x0000000000089db0
calls=1 0 
0 102
0 5
cfn=(4418)
calls=1 0 
0 235
0 13

fn=(4252)
0 37
cfn=(4258)
calls=1 0 
0 360
0 483
cfn=(6052) 0x000000000009f640
calls=4 0 
0 3973
0 16
cfn=(4258)
calls=4 0 
0 536
0 40

fn=(4476)
0 1272
cob=(4)
cfi=(4)
cfn=(4918)
calls=1 0 
0 66
0 2

fn=(3308)
0 21

fn=(4188)
0 23
cfn=(4190)
calls=1 0 
0 92
0 9

fn=(4200)
0 65
cfn=(4202)
calls=5 0 
0 90
0 243
cfn=(4506)
calls=5 0 
0 1162
0 5
0 35
cfn=(4968)
calls=5 0 
0 175
0 50
cfn=(4986)
calls=5 0 
0 2861
0 15
cob=(4)
cfi=(4)
cfn=(4918)
calls=5 0 
0 362
0 38
cfn=(4204)
calls=1 0 
0 2215
0 6
cfn=(3904)
calls=1 0 
0 9
0 5
cfn=(4922) fclose
calls=1 0 
0 404
0 250
cfn=(4568) __isoc23_sscanf
calls=45 0 
0 85361
0 717
cfn=(4450) getline
calls=45 0 
0 8168
0 137
cob=(4)
cfi=(4)
cfn=(4918)
calls=1 0 
0 66
0 23

fn=(5016)
0 70

fn=(5020)
0 281

fn=(5072)
0 190
cfn=(4176)
calls=5 0 
0 219
0 25

fn=(5096)
0 136
cfn=(4582)
calls=8 0 
0 104
0 8
0 2615
cfn=(5100)
calls=23 0 
0 558
0 23
0 138

fn=(5264) 0x00000000000a0460
0 10335
cfn=(6392)
calls=5 0 
0 5038
0 84213
cfn=(5348)
calls=530 0 
0 11302
0 16926
cfn=(5282)
calls=2821 0 
0 132899
0 27553

fn=(5348)
0 109407

fn=(5584) 0x0000000000110700
0 44
cfn=(5586) 0x0000000000110690
calls=4 0 
0 55
0 68
cfn=(5614)
calls=4 0 
0 72
0 32

fn=(5860) 0x0000000000092820
0 140
cfn=(5868)
calls=4 0 
0 2104
0 16
cfn=(6002)
calls=4 0 
0 103
0 156

fn=(6090)
0 40

fn=(6378)
0 24743

fn=(7712) 0x00000000000901c0
0 1904
cob=(7)
cfi=(7)
cfn=(7730)
calls=4 0 
0 116
0 808

fn=(7894)
0 24

fn=(7902)
0 20

fn=(7938)
0 31
cfn=(4178)
calls=1 0 
0 41
0 5

fn=(4110)
0 17
cfn=(4112)
calls=1 0 
0 70
0 12
cob=(1)
cfi=(1)
cfn=(4154)
calls=1 0 
0 4
0 1
0 6
cfn=(4156) 0x0000000000029c30
calls=1 0 
0 8163717
0 11
cob=(4)
cfi=(4)
cfn=(4140)
calls=1 0 
0 6
0 20
cob=(7)
cfi=(7)
cfn=(4146)
calls=1 0 
0 12
0 4
cob=(7)
cfi=(7)
cfn=(4144)
calls=1 0 
0 4
0 9

fn=(4430)
0 20

fn=(4450)
0 135
cfn=(4452) getdelim
calls=45 0 
0 8033

fn=(4452)
0 1789
cfn=(4506)
calls=1 0 
0 347
0 1
0 12
cfn=(4536)
calls=1 0 
0 21
0 1
0 192
cfn=(4536)
calls=48 0 
0 933
0 48
0 155
cfn=(4458) __underflow
calls=4 0 
0 472
0 40
cfn=(4486) 0x0000000000162140
calls=4 0 
0 129
0 4
0 180
cfn=(4486)
calls=45 0 
0 1803
0 45
0 1030
cob=(4)
cfi=(4)
cfn=(4208)
calls=1 0 
0 191
0 231
cfn=(4458)
calls=1 0 
0 403
0 6

fn=(4478) _IO_switch_to_get_mode
0 120

fn=(3328)
0 18

fn=(3346)
0 92

fn=(3348)
0 36

fn=(3350)
0 16

fn=(3906)
0 8
cob=(1)
cfi=(1)
cfn=(218)
calls=1 0 
0 22
0 1
0 4
cob=(1)
cfi=(1)
cfn=(218)
calls=1 0 
0 21
0 1
0 4
cob=(1)
cfi=(1)
cfn=(218)
calls=1 0 
0 22
0 1
0 6

fn=(4072)
0 22

fn=(4158) _setjmp
0 10
cfn=(4160) __sigsetjmp
calls=5 0 
0 130

fn=(4190)
0 100
cfn=(4192) __libc_sigaction
calls=5 0 
0 264

fn=(4196)
0 90

fn=(4654)
0 3960

fn=(4988)
0 35
cfn=(4994)
calls=5 0 
0 1394
0 5
0 30

fn=(4994)
0 1179
cfn=(4258)
calls=4 0 
0 576
0 21
cfn=(4258)
calls=7 0 
0 1030
0 136
cfn=(4972)
calls=9 0 
0 265
0 9
0 356

fn=(5034)
0 60

fn=(5124)
0 30

fn=(5224)
0 17136
cfn=(5226) 0x00000000000a2ea0
calls=816 0 
0 280532
0 8160

fn=(5434)
0 143
cfn=(4994)
calls=11 0 
0 1074
0 11
0 132
cfn=(5436)
calls=11 0 
0 429
0 55
cfn=(5442)
calls=11 0 
0 423
0 121
cob=(1)
cfi=(1)
cfn=(5440)
calls=11 0 
0 319
0 11
0 55

fn=(5500) 0x000000000008ecc0
0 19
cob=(1)
cfi=(1)
cfn=(1454)
calls=1 0 
0 924
0 19

fn=(5576) 0x0000000000092630
0 148
cfn=(5584)
calls=4 0 
0 271
0 72

fn=(5854)
0 60
cfn=(3902)
calls=4 0 
0 64
0 12
cfn=(5860)
calls=4 0 
0 2355
0 72
cfn=(4158)
calls=4 0 
0 112
0 104
cfn=(7704)
calls=4 0 
0 1222
0 4
cfn=(7712)
calls=4 0 
0 2828
0 4
cfn=(7748)
calls=4 0 
0 50839
0 120
cfn=(7818) 0x0000000000043760
calls=4 0 
0 12
0 24
cfn=(4196)
calls=4 0 
0 20
0 80
cfn=(5860)
calls=4 0 
0 164
0 8
cob=(7)
cfi=(7)
cfn=(6036)
calls=4 0 
0 24138059
0 20
cfn=(7832)
calls=4 0 
0 20
0 4

fn=(5878) 0x0000000000164f00
0 144

fn=(6044)
0 132

fn=(6278)
0 8536
cfn=(4176)
calls=1067 0 
0 53350
0 2134

fn=(6392)
0 26919
cfn=(5348)
calls=57 0 
0 1296
0 1090
cfn=(5348)
calls=73 0 
0 1547
0 146

fn=(6446)
0 5

fn=(8066)
0 176
cfn=(8068) 0x00000000000f8130
calls=4 0 
0 60
0 48

fn=(8068)
0 60

fn=(7768)
0 16
cob=(4)
cfi=(4)
cfn=(4918)
calls=4 0 
0 16
0 12
cob=(4)
cfi=(4)
cfn=(4918)
calls=4 0 
0 16

fn=(4576) 0x000000000008e420
0 765
cfn=(4582)
calls=45 0 
0 1502
0 45
0 270
cfn=(4476)
calls=45 0 
0 1215
0 1035

fn=(4156)
0 8
cfn=(4158)
calls=1 0 
0 28
0 14
cob=(7)
cfi=(7)
cfn=(4170)
calls=1 0 
0 8161161
0 2
cfn=(7982)
calls=1 0 
0 2504

fn=(4160)
0 130

fn=(4192)
0 312

fn=(3306)
0 18

fn=(3310)
0 21

fn=(3332)
0 20

fn=(3342)
0 20

fn=(3358)
0 36

fn=(3360)
0 23

fn=(3362)
0 21

fn=(3372)
0 17

fn=(4064)
0 11

fn=(4486)
0 1932

fn=(4720)
0 23606

fn=(4922)
0 16
cfn=(4964) _IO_file_finish
calls=1 0 
0 27
0 15
cob=(4)
cfi=(4)
cfn=(4918)
calls=1 0 
0 66
0 6
cfn=(4924)
calls=1 0 
0 86
0 18
cfn=(4956) _IO_file_close_it
calls=1 0 
0 166
0 4

fn=(4956)
0 15
cfn=(4958) _IO_unsave_markers
calls=1 0 
0 8
0 10
cfn=(4960)
calls=1 0 
0 7
0 9
cfn=(4476)
calls=1 0 
0 98
0 6
cfn=(4924)
calls=1 0 
0 3
0 10

fn=(4958)
0 8

fn=(4972)
0 19073

fn=(5010)
0 40

fn=(5026)
0 15

fn=(5226)
0 42422
cfn=(5250) 0x00000000000a27e0
calls=425 0 
0 221907
0 11453
cfn=(5250)
calls=2 0 
0 768
0 3982

fn=(5442)
0 654

fn=(5498)
0 16
cfn=(5436)
calls=1 0 
0 39
0 3
cfn=(5500)
calls=1 0 
0 962
0 5
cfn=(5442)
calls=1 0 
0 36
0 8

fn=(5558)
0 48

fn=(5800)
0 3686
cfn=(5348)
calls=2 0 
0 52
0 786
cfn=(5282)
calls=131 0 
0 5966
0 93858
cfn=(5264)
calls=2480 0 
0 258180
0 17279

fn=(5842)
0 8
cfn=(4176)
calls=1 0 
0 54
0 2

fn=(6142)
0 16

fn=(6294)
0 14
cfn=(4176)
calls=2 0 
0 104
0 4

fn=(4298)
0 94
cfn=(4314)
calls=1 0 
0 54
0 38
cfn=(4314)
calls=1 0 
0 25
0 21

fn=(4392) 0x000000000008d060
0 1060

fn=(4420)
0 25
cfn=(4404)
calls=1 0 
0 17
0 6
cfn=(4422) __open_nocancel
calls=1 0 
0 23
0 2

fn=(4466)
0 2
cfn=(4468) fstat
calls=1 0 
0 5

fn=(4468)
0 5

fn=(4480) _IO_file_read
0 20
cfn=(4482)
calls=5 0 
0 25

fn=(3300)
0 18

fn=(3316)
0 63

fn=(3366)
0 63

fn=(3904)
0 18

fn=(4536)
0 8713559

fn=(5018)
0 1305

fn=(5150)
0 49255

fn=(5178) 0x0000000000104a80
0 15

fn=(5250)
0 8113
cfn=(4258)
calls=427 0 
0 128001
0 14328
cfn=(5264)
calls=341 0 
0 30086
0 11182
cfn=(5282)
calls=427 0 
0 25040
0 4837
cfn=(5316) 0x000000000009ffe0
calls=18 0 
0 1070
0 18

fn=(5560)
0 24

fn=(5572) 0x000000000008ff50
0 52

fn=(5586)
0 17
cfn=(5590)
calls=1 0 
0 15
0 23

fn=(5850) 0x000000000009a9c0
0 42658

fn=(5870)
0 84
cfn=(5874) 0x0000000000062600
calls=4 0 
0 1812
0 24
cfn=(5984) 0x0000000000059da0
calls=4 0 
0 68
0 24

fn=(6048) prctl
0 24

fn=(7758) 0x0000000000130140
0 64

fn=(7984)
0 62
cfn=(8260)
calls=1 0 
0 3
0 13
cob=(1)
cfi=(1)
cfn=(8012)
calls=1 0 
0 1437
0 5
cfn=(8202) 0x000000000008d9f0
calls=1 0 
0 397
0 2
cfn=(7704)
calls=1 0 
0 579
0 1

fn=(4210)
0 400455
cfn=(4252)
calls=1 0 
0 472
0 28494
cfn=(4258)
calls=2183 0 
0 514510
0 42929
cfn=(4212) 0x000000000009f160
calls=1 0 
0 1112
0 222
cfn=(4258)
calls=55 0 
0 7948
0 385

fn=(4212)
0 793
cob=(1)
cfi=(1)
cfn=(218)
calls=1 0 
0 21
0 1
0 4
cob=(1)
cfi=(1)
cfn=(218)
calls=1 0 
0 22
0 1
0 4
cob=(1)
cfi=(1)
cfn=(218)
calls=1 0 
0 21
0 1
0 4
cob=(1)
cfi=(1)
cfn=(218)
calls=1 0 
0 21
0 1
0 4
cob=(1)
cfi=(1)
cfn=(218)
calls=1 0 
0 22
0 1
0 4
cob=(1)
cfi=(1)
cfn=(218)
calls=1 0 
0 21
0 1
0 4
cob=(1)
cfi=(1)
cfn=(218)
calls=1 0 
0 21
0 1
0 4
cob=(1)
cfi=(1)
cfn=(218)
calls=1 0 
0 21
0 1
0 4
cob=(1)
cfi=(1)
cfn=(218)
calls=1 0 
0 21
0 1
0 4
cob=(1)
cfi=(1)
cfn=(218)
calls=1 0 
0 21
0 1
0 4
cob=(1)
cfi=(1)
cfn=(218)
calls=1 0 
0 21
0 1
0 4
cob=(1)
cfi=(1)
cfn=(218)
calls=1 0 
0 21
0 1
0 9

fn=(4316)
0 34
cfn=(4318)
calls=1 0 
0 8
0 9
cfn=(4318)
calls=1 0 
0 8
0 4

fn=(4364)
0 4596

fn=(4406)
0 588

fn=(4460) _IO_file_underflow
0 103
cfn=(4478)
calls=5 0 
0 120
0 80
cfn=(4480)
calls=5 0 
0 45
0 85
cfn=(4462) _IO_doallocbuf
calls=1 0 
0 279
0 4

fn=(4462)
0 17
cfn=(4464)
calls=1 0 
0 256
0 6

fn=(3284)
0 29

fn=(3304)
0 66

fn=(3324)
0 24

fn=(3326)
0 24

fn=(3330)
0 44

fn=(3344)
0 24

fn=(3352)
0 20

fn=(3364)
0 16

fn=(3376)
0 20

fn=(3902)
0 80

fn=(4964)
0 12
cfn=(4966)
calls=1 0 
0 15

fn=(5022)
0 65

fn=(5118)
0 40
cfn=(4176)
calls=2 0 
0 38
0 14

fn=(5126)
0 10

fn=(5164)
0 18
cfn=(4972)
calls=1 0 
0 18
0 1
0 3

fn=(5176)
0 15
cfn=(5178)
calls=1 0 
0 15
0 5

fn=(5316)
0 685
cfn=(6392)
calls=1 0 
0 322
0 63

fn=(5562)
0 92
cfn=(4196)
calls=4 0 
0 20
0 688
cfn=(5576)
calls=4 0 
0 491
0 60
cfn=(4192)
calls=1 0 
0 48
0 30
cfn=(5574) _IO_enable_locks
calls=1 0 
0 38
0 66
cfn=(5020)
calls=4 0 
0 88
0 84
cfn=(5022)
calls=4 0 
0 20
0 52
cob=(1)
cfi=(1)
cfn=(5566)
calls=4 0 
0 3040
0 4
0 48
cfn=(5572)
calls=4 0 
0 52
0 24

fn=(5700)
0 5

fn=(5874)
0 96
cfn=(5878)
calls=4 0 
0 72
0 4
0 28
cfn=(5886)
calls=4 0 
0 188
0 248
cfn=(5878)
calls=4 0 
0 72
0 4
0 24
cfn=(5886)
calls=4 0 
0 68
0 76
cfn=(5932) 0x0000000000058900
calls=4 0 
0 392
0 172
cfn=(5886)
calls=4 0 
0 204
0 164

fn=(5984)
0 68

fn=(6040)
0 43

fn=(6046)
0 48
cfn=(4582)
calls=4 0 
0 52
0 4
0 72
cfn=(6048)
calls=4 0 
0 24
0 12

fn=(6364)
0 1806
cfn=(4176)
calls=258 0 
0 12900
0 516

fn=(8204) _IO_flush_all
0 15
cfn=(4406)
calls=1 0 
0 12
0 138
cfn=(4410)
calls=1 0 
0 9
0 18

fn=(7774)
0 28

fn=(7818)
0 12

fn=(4568)
0 1035
cfn=(4390)
calls=45 0 
0 2025
0 315
cfn=(4576)
calls=45 0 
0 4832
0 495
cfn=(4604)
calls=45 0 
0 76299
0 360

fn=(4178)
0 61000
cfn=(5850)
calls=3047 0 
0 42658
0 21369

fn=(4202)
0 72
cfn=(4196)
calls=9 0 
0 45
0 45

fn=(4390)
0 460
cfn=(4392)
calls=46 0 
0 1060
0 559

fn=(4402)
0 5
cfn=(4404)
calls=1 0 
0 94
0 3

fn=(4422)
0 23

fn=(4458)
0 141
cfn=(4460)
calls=5 0 
0 716
0 18

fn=(3334)
0 20

fn=(3338)
0 15

fn=(3356)
0 72

fn=(3918)
0 17

fn=(4046)
0 41

fn=(5012)
0 47
cob=(4)
cfi=(4)
cfn=(4918)
calls=5 0 
0 362
0 10
cob=(4)
cfi=(4)
cfn=(4918)
calls=5 0 
0 362
0 23

fn=(5174)
0 42

fn=(5194)
0 111890

fn=(5574)
0 38

fn=(5698)
0 5

fn=(5712)
0 20

fn=(5932)
0 392

fn=(6002)
0 143
cob=(1)
cfi=(1)
cfn=(218)
calls=1 0 
0 22
0 1
0 5

fn=(6052)
0 148
cfn=(6068)
calls=4 0 
0 545
0 3280

fn=(6454)
0 7
cfn=(4176)
calls=1 0 
0 50
0 2

fn=(8202)
0 11
cfn=(8204)
calls=1 0 
0 192
0 6
cfn=(4406)
calls=1 0 
0 12
0 149
cfn=(4410)
calls=1 0 
0 9
0 18

fn=(7756)
0 8
cfn=(7758)
calls=4 0 
0 64
0 28

ob=(3)
fl=(3)
fn=(3500)
0 8

fn=(3512)
0 8

fn=(8152)
0 9
cob=(4)
cfi=(4)
cfn=(8158)
calls=1 0 
0 72
0 1
cfn=(8162) 0x00000000000112f0
calls=1 0 
0 5
0 3

fn=(3486)
0 8

fn=(3490)
0 7

fn=(3498)
0 8

fn=(3504)
0 8

fn=(3480)
0 8

fn=(3514)
0 8

fn=(3488)
0 8

fn=(3506)
0 5

fn=(3522)
0 8

fn=(3526)
0 7

fn=(3476)
0 8

fn=(3482)
0 8

fn=(3516)
0 8

fn=(6250)
0 6025
cfn=(6254) 0x000000000007dcf0
calls=1205 0 
0 126525
0 1205
0 16870

fn=(3492)
0 8

fn=(3510)
0 7

fn=(3478)
0 8

fn=(3502)
0 7

fn=(3508)
0 6

fn=(3518)
0 8

fn=(3472)
0 8

fn=(6254)
0 126525

fn=(8162)
0 5

fn=(3494)
0 8

fn=(3524)
0 5

fn=(3484)
0 8

fn=(3520)
0 8

fn=(4084)
0 12

fn=(3474)
0 8

totals: 32843697
