warning: pbrs@0.2.0: wrote conformance descriptor set
   Compiling hyper-util v0.1.20
   Compiling tower v0.5.3
   Compiling axum v0.8.9
   Compiling hyper-timeout v0.5.2
   Compiling pbrs-grpc v0.1.0-alpha.2 (/workspace/scratch/work/verify-main/pbrs-grpc)
   Compiling twox-hash v2.1.4
   Compiling openssl-probe v0.2.1
   Compiling tonic v0.14.6
   Compiling rustls-native-certs v0.8.4
   Compiling ruzstd v0.9.0
   Compiling pbrs v0.2.0 (/workspace/scratch/work/verify-main)
    Finished `test` profile [unoptimized] target(s) in 11m 32s
     Running unittests src/lib.rs (target/debug/deps/pbrs_grpc-fb5e05ca265e0b9f)

running 448 tests
test authz::audit::tests::conditions_parse_and_fire ... ok
test authz::audit::tests::custom_factory_round_trip ... ok
test authz::audit::tests::optional_unknown_logger_is_ignored ... ok
test authz::audit::tests::record_escapes_strings ... ok
test authz::audit::tests::record_matches_a59_shape ... ok
test authz::audit::tests::required_unknown_logger_fails_closed ... ok
test authz::audit::tests::timestamp_edges ... ok
test authz::matcher::tests::match_kinds ... ok
test authz::matcher::tests::rejects_embedded_stars ... ok
test authz::policy::tests::empty_rule_matches_everything ... ok
test authz::policy::tests::example_policy_decisions ... ok
test authz::policy::tests::rejects_bad_policies ... ok
test authz::principal::tests::extracts_dns_san_and_subject ... ok
test authz::principal::tests::garbage_fails_closed ... ok
test bdp::tests::bdp_grows_within_cap ... ok
test channelz::model::tests::channel_drop_takes_direct_sockets ... ok
test channelz::model::tests::creation_and_deletion_trace_the_parent ... ok
test channelz::model::tests::ids_are_positive_ordered_and_never_reused ... ok
test channelz::model::tests::missing_ids_are_silent_noops ... ok
test channelz::model::tests::stream_events_cascade_to_subchannel_calls ... ok
test channelz::model::tests::subchannel_states_derive_parent_channel_state ... ok
test channelz::model::tests::unregister_cascades_and_detaches ... ok
test channelz::trace::tests::child_refs_survive_the_snapshot ... ok
test channelz::trace::tests::long_descriptions_truncate_on_char_boundary ... ok
test channelz::trace::tests::ring_evicts_oldest_and_counts_total ... ok
test channelz::trace::tests::zero_cap_counts_without_retaining ... ok
test client::call::tests::manual_runtime_drives_deadlines_without_wall_waits ... ok
test client::call::tests::refused_response_overrides_ambiguous_request_send_error ... ok
test client::channel::tests::bad_authority_is_unavailable_not_a_panic ... ok
test client::channel::tests::channel_debug_masks_the_authority_and_target ... ok
test client::channel::tests::grpc_go_resolver_uri_is_invalid_argument ... ok
test client::channel::tests::grpc_go_unix_abstract_uri_is_invalid_argument ... ok
test client::channel::tests::grpc_scheme_uri_is_invalid_argument ... ok
test client::channel::tests::overlay_getters_read_timeout_wait_for_ready_and_gzip ... ok
test client::channel::tests::send_buffer_overlays_a_live_channel ... ok
test client::channel::tests::stream_buffer_overlays_a_live_channel ... ok
test client::channel::tests::targets_accept_addresses_and_names ... ok
test client::channel::tests::tonic_style_channel_uri_is_invalid_argument ... ok
test client::pool::tests::per_core_channels_own_independent_pools ... ok
test client::pool::tests::reconcile_drops_removed_and_stops_live_conns ... ok
test client::pool::tests::reconcile_ignores_never_connected_entries ... ok
test client::pool::tests::server_stream_backoff_releases_pool_load_and_connection_lease ... ok
test client::pool::tests::server_stream_backoff_releases_resolved_connection_lease ... ok
test client::pool::tests::unary_backoff_releases_least_request_and_connection_lease ... ok
test client::pool::tests::unary_backoff_releases_pool_load_and_connection_lease ... ok
test codec::tests::chunk_pop_leaves_partial_frames_intact ... ok
test codec::tests::chunk_pop_slices_without_copying ... ok
test codec::tests::incomplete_waits_without_consuming ... ok
test codec::tests::oversize_is_rejected_from_the_header_alone ... ok
test codec::tests::reserved_compressed_flag_values_are_rejected ... ok
test codec::tests::roundtrip_empty_and_payload ... ok
test compression::deflate::tests::a_bomb_is_refused_at_the_cap ... ok
test compression::deflate::tests::decodes_zlib_vectors ... ok
test compression::deflate::tests::garbage_is_an_error_not_a_panic ... ok
test compression::deflate::tests::higher_level_compresses_zeros_tighter ... ok
test compression::deflate::tests::raw_deflate_stream_is_rejected ... ok
test compression::deflate::tests::roundtrip ... ok
test compression::deflate::tests::roundtrip_empty ... ok
test compression::deflate::tests::zlib_framing_has_a_header_not_gzip_magic ... ok
test compression::gzip::tests::a_bomb_is_refused_at_the_cap ... ok
test compression::gzip::tests::exactly_at_the_cap_is_accepted ... ok
test compression::gzip::tests::garbage_is_an_error_not_a_panic ... ok
test compression::gzip::tests::higher_level_compresses_zeros_tighter ... ok
test compression::gzip::tests::one_byte_over_the_cap_is_refused ... ok
test compression::gzip::tests::roundtrip ... ok
test compression::gzip::tests::roundtrip_empty ... ok
test compression::gzip::tests::truncated_stream_is_an_error ... ok
test compression::tests::both_codecs_round_trip ... ok
test compression::tests::codings_are_not_cross_decodable ... ok
test compression::tests::encode_into_matches_encode ... ok
test compression::tests::parse_tokens ... ok
test compression::zstd::tests::a_bomb_is_refused_at_the_cap ... ok
test compression::zstd::tests::all_levels_map_to_fastest ... ok
test compression::zstd::tests::exactly_at_the_cap_is_accepted ... ok
test compression::zstd::tests::garbage_is_an_error_not_a_panic ... ok
test compression::zstd::tests::one_byte_over_the_cap_is_refused ... ok
test compression::zstd::tests::roundtrip ... ok
test compression::zstd::tests::roundtrip_empty ... ok
test config::tests::age_jitter_is_plus_or_minus_ten_percent ... ok
test config::tests::channel_connections_never_zero ... ok
test config::tests::channel_rpc_cap_never_zero ... ok
test config::tests::channel_timeout_never_zero ... ok
test config::tests::connect_timeout_never_zero ... ok
test config::tests::connection_age_never_zero ... ok
test config::tests::http2_knobs_round_trip ... ok
test config::tests::keep_alive_timeout_never_zero ... ok
test config::tests::local_address_round_trips ... ok
test config::tests::server_defaults_are_safe ... ok
test config::tests::server_timeout_and_connection_cap_round_trip ... ok
test config::tests::stream_buffer_never_zero ... ok
test config::tests::tcp_keepalive_never_zero ... ok
test copy_counts::tests::counts_carry_slices_and_encodes ... ok
test interceptor::tests::intercept_response_all_empty_is_identity ... ok
test interceptor::tests::intercept_response_all_runs_hooks_in_order ... ok
test interceptor::tests::intercepted_clones_when_the_interceptor_does ... ok
test interceptor::tests::intercepted_forwards_service_aliases ... ok
test interceptor::tests::response_interceptor_none_is_identity ... ok
test interceptor::tests::response_interceptor_sees_kernel_path ... ok
test interceptor::tests::response_interceptor_stamps_metadata_from_extensions ... ok
test interceptor::tests::response_interceptors_stack_first_registered_first ... ok
test interop_cases::tests::compressed_unary_probes_cover_distinct_payload_entropy ... ok
test interop_cases::tests::test_channel_soak_creates_and_drops_channels ... ok
test interop_cases::tests::test_failure_breakdown_total ... ok
test interop_cases::tests::test_latency_stats ... ok
test interop_cases::tests::test_rpc_soak_detects_exceeded_latency_budget ... ok
test interop_cases::tests::test_rpc_soak_detects_failed_calls ... ok
test interop_cases::tests::test_rpc_soak_detects_omitted_iterations ... ok
test interop_cases::tests::test_rpc_soak_happy_path ... ok
test interop_cases::tests::test_soak_config_validation ... ok
test interop_cases::tests::test_soak_summary_counts_started_timeout_as_omitted ... ok
test keepalive::tests::lease_tracks_outstanding_rpcs ... ok
test lb::health::tests::only_serving_is_healthy ... ok
test lb::health::tests::unimplemented_disables_while_errors_retry ... ok
test lb::least_request::tests::avoids_loaded_backend ... ok
test lb::least_request::tests::failure_backs_off_then_rejoins ... ok
test lb::least_request::tests::guard_drop_releases_count ... ok
test lb::outlier::tests::cancelled_outcomes_do_not_count ... ok
test lb::outlier::tests::cap_trims_candidates_in_resolver_order ... ok
test lb::outlier::tests::child_without_registered_policy_is_rejected ... ok
test lb::outlier::tests::ejection_backoff_grows_with_total_ejections ... ok
test lb::outlier::tests::enforcement_zero_disables_ejection ... ok
test lb::outlier::tests::failure_percentage_ejects_and_unejects ... ok
test lb::outlier::tests::minimum_hosts_gates_detectors ... ok
test lb::outlier::tests::no_detectors_never_ejects ... ok
test lb::outlier::tests::removed_addresses_prune_state ... ok
test lb::outlier::tests::success_rate_detector_ejects_low_outlier ... ok
test lb::pick_first::tests::backoff_grows_and_caps ... ok
test lb::pick_first::tests::exhausting_enters_backoff_then_restarts ... ok
test lb::pick_first::tests::interleave_alternates_families_from_first ... ok
test lb::pick_first::tests::list_change_resets_and_keeps_current ... ok
test lb::pick_first::tests::pending_current_waits_for_first_report ... ok
test lb::pick_first::tests::race_plan_rotates_from_current ... ok
test lb::pick_first::tests::rapid_shuffles_do_not_stick ... ok
test lb::pick_first::tests::round_failure_covers_list_enters_backoff ... ok
test lb::pick_first::tests::sticks_and_fails_over_in_order ... ok
test lb::pick_first::tests::unhealthy_current_fails_over_like_a_failed_dial ... ok
test lb::priority::tests::child_without_registered_policy_is_rejected ... ok
test lb::priority::tests::config_update_removes_child_immediately ... ok
test lb::priority::tests::connecting_child_holds_for_failover_timeout ... ok
test lb::priority::tests::deactivated_child_destroys_after_timeout ... ok
test lb::priority::tests::empty_priorities_fail_picks ... ok
test lb::priority::tests::fails_over_and_back ... ok
test lb::priority::tests::flat_update_feeds_highest_priority_only ... ok
test lb::priority::tests::health_reports_forward_to_owning_child ... ok
test lb::priority::tests::invalid_config_update_keeps_old_config ... ok
test lb::priority::tests::request_hash_uses_first_configured_header ... ok
test lb::priority::tests::serves_highest_priority_first ... ok
test lb::ring_hash::tests::down_backend_fails_over_within_ring_order ... ok
test lb::ring_hash::tests::hashes_spread_across_backends ... ok
test lb::ring_hash::tests::missing_hash_fails_fast ... ok
test lb::ring_hash::tests::ring_clamps_to_max ... ok
test lb::ring_hash::tests::ring_scales_and_sorts ... ok
test lb::ring_hash::tests::same_hash_sticks_same_backend ... ok
test lb::ring_hash::tests::xxh64_matches_go_vectors ... ok
test lb::round_robin::tests::all_down_fails_until_backoff_lapses ... ok
test lb::round_robin::tests::failed_address_leaves_rotation_then_rejoins ... ok
test lb::round_robin::tests::health_pending_skips_until_first_report ... ok
test lb::round_robin::tests::rotates_strictly_over_ready_set ... ok
test lb::round_robin::tests::unhealthy_leaves_and_rejoins_on_recovery ... ok
test lb::round_robin::tests::update_keeps_survivor_state_and_drops_removed ... ok
test lb::subset::tests::child_config_selects_first_registered ... ok
test lb::subset::tests::picks_stay_inside_subset ... ok
test lb::subset::tests::subset_is_stable_and_bounded ... ok
test lb::tests::no_selection_without_config_or_factory ... ok
test lb::tests::selects_first_registered_in_preference_order ... ok
test lb::wrr::tests::blackout_holds_new_weights ... ok
test lb::wrr::tests::edf_smooths_bursts ... ok
test lb::wrr::tests::edf_spreads_proportionally ... ok
test lb::wrr::tests::error_penalty_downweights_errors ... ok
test lb::wrr::tests::failure_backs_off_then_rejoins ... ok
test lb::wrr::tests::no_reports_behaves_as_round_robin ... ok
test lb::wrr::tests::oob_slot_claims_once ... ok
test lb::wrr::tests::per_call_ignored_while_oob_enabled ... ok
test lb::wrr::tests::single_weighted_endpoint_stays_round_robin ... ok
test lb::wrr::tests::unhealthy_leaves_scheduler_and_rejoins ... ok
test lb::wrr::tests::weights_converge_to_reported_ratio ... ok
test limits::tests::builders_round_trip ... ok
test limits::tests::byte_budget_peak_counts_overlapping_permits_and_rejects_overflow ... ok
test limits::tests::byte_budget_tracker_acquire_and_release ... ok
test limits::tests::byte_budget_tracker_unlimited ... ok
test limits::tests::byte_permit_merge_and_forget ... ok
test limits::tests::default_caps_inbound_only ... ok
test limits::tests::merging_a_zero_byte_token_transfers_only_the_held_owners_token ... ok
test limits::tests::unlimited_accepts_anything ... ok
test limits::tests::zero_byte_tokens_and_counter_overflow_are_independent_of_byte_budget ... ok
test metadata::tests::ascii_and_bin_are_separate_namespaces ... ok
test metadata::tests::clear_drops_user_entries ... ok
test metadata::tests::contains_matches_get ... ok
test metadata::tests::diagnostic_key_names_are_bounded_even_when_values_are_opted_in ... ok
test metadata::tests::get_all_bin_yields_repeated_values ... ok
test metadata::tests::get_all_hides_reserved_keys ... ok
test metadata::tests::insert_rejects_reserved_keys ... ok
test metadata::tests::invalid_keys_and_values_are_rejected ... ok
test metadata::tests::iterators_split_by_suffix ... ok
test metadata::tests::keys_lists_unique_user_names ... ok
test metadata::tests::merge_appends_user_entries_and_skips_reserved ... ok
test metadata::tests::only_reserved_keys_reads_as_empty ... ok
test metadata::tests::opted_in_debug_does_not_print_non_ascii_header_bytes ... ok
test metadata::tests::padded_and_unpadded_bin_values_decode ... ok
test metadata::tests::remove_drops_user_keys_and_ignores_reserved ... ok
test metadata::tests::repeated_keys_accumulate ... ok
test metadata::tests::reserved_keys_are_invisible ... ok
test metadata::tests::retain_drops_reserved_names ... ok
test metadata::tests::retain_keeps_matching_keys ... ok
test metadata::tests::set_bin_replaces_existing_values ... ok
test metadata::tests::set_rejects_reserved_and_leaves_map ... ok
test metadata::tests::set_replaces_existing_values ... ok
test orca::recorder::tests::clear_and_delete_unset ... ok
test orca::recorder::tests::request_wins_per_metric ... ok
test orca::recorder::tests::snapshot_round_trips_set_metrics ... ok
test orca::recorder::tests::stamp_writes_decodable_trailer ... ok
test orca::report::tests::interval_clamp_applies_minimum ... ok
test orca::report::tests::malformed_trailer_is_none ... ok
test orca::report::tests::qps_prefers_fractional_then_legacy ... ok
test orca::report::tests::request_cost_filter_empty_keeps_all ... ok
test orca::report::tests::trailer_round_trip ... ok
test orca::report::tests::utilization_falls_back_app_then_cpu ... ok
test orca::report::tests::utilization_selects_configured_metric_max ... ok
test orca::service::tests::streams_immediate_snapshot_then_periodic ... ok
test orca::service::tests::zero_interval_means_minimum ... ok
test orca::tests::per_query_copies_exactly_the_four_load_fields ... ok
test orca::tests::per_query_rejects_bad_labels_and_values ... ok
test orca::tests::per_query_rejects_over_cap_maps ... ok
test pb::tests::bad_request_with_field_entry_round_trips ... ok
test pb::tests::bad_request_with_field_round_trips ... ok
test pb::tests::custom_prefix_still_unpacks ... ok
test pb::tests::debug_info_with_stack_entry_round_trips ... ok
test pb::tests::debug_info_with_stack_round_trips ... ok
test pb::tests::error_details_round_trips_known_and_unknown ... ok
test pb::tests::error_details_with_bad_request_round_trips ... ok
test pb::tests::error_details_with_debug_info_round_trips ... ok
test pb::tests::error_details_with_error_info_round_trips ... ok
test pb::tests::error_details_with_help_round_trips ... ok
test pb::tests::error_details_with_localized_message_round_trips ... ok
test pb::tests::error_details_with_precondition_failure_round_trips ... ok
test pb::tests::error_details_with_quota_failure_round_trips ... ok
test pb::tests::error_details_with_request_info_round_trips ... ok
test pb::tests::error_details_with_resource_info_round_trips ... ok
test pb::tests::error_details_with_retry_info_round_trips ... ok
test pb::tests::error_details_with_unknown_round_trips ... ok
test pb::tests::error_info_with_metadata_round_trips ... ok
test pb::tests::error_info_with_reason_round_trips ... ok
test pb::tests::field_violation_with_localized_message_round_trips ... ok
test pb::tests::field_violation_with_reason_round_trips ... ok
test pb::tests::google_rpc_status_carries_packed_details ... ok
test pb::tests::help_with_link_entry_round_trips ... ok
test pb::tests::help_with_link_round_trips ... ok
test pb::tests::localized_message_with_locale_round_trips ... ok
test pb::tests::nested_detail_types_round_trip_through_error_details ... ok
test pb::tests::pack_unpack_round_trips_error_info ... ok
test pb::tests::precondition_failure_with_violation_entry_round_trips ... ok
test pb::tests::precondition_failure_with_violation_round_trips ... ok
test pb::tests::protobuf_duration_rejects_negative ... ok
test pb::tests::quota_failure_with_api_service_round_trips ... ok
test pb::tests::quota_failure_with_future_quota_value_round_trips ... ok
test pb::tests::quota_failure_with_quota_dimension_round_trips ... ok
test pb::tests::quota_failure_with_quota_id_round_trips ... ok
test pb::tests::quota_failure_with_quota_metric_round_trips ... ok
test pb::tests::quota_failure_with_quota_value_round_trips ... ok
test pb::tests::quota_failure_with_violation_entry_round_trips ... ok
test pb::tests::quota_failure_with_violation_round_trips ... ok
test pb::tests::request_info_with_request_id_round_trips ... ok
test pb::tests::resource_info_with_description_round_trips ... ok
test pb::tests::resource_info_with_resource_round_trips ... ok
test pb::tests::unpack_rejects_the_wrong_type ... ok
test proxy::tests::no_proxy_matching ... ok
test proxy::tests::proxy_url_shapes ... ok
test proxy::tests::status_line_parsing ... ok
test proxy::tests::user_timeout_round_trips_on_linux ... ok
test request::tests::call_handle_observes_cancel ... ok
test request::tests::call_is_fused_after_ready ... ok
test request::tests::envelope_debug_requires_consent_for_unverified_identity ... ok
test request::tests::envelope_survives_a_message_swap ... ok
test request::tests::outgoing_channel_overlays_survive_clear ... ok
test request::tests::outgoing_deadline_and_wait_for_ready_is_set ... ok
test request::tests::outgoing_debug_names_static_path_and_redacts_authority ... ok
test request::tests::outgoing_set_user_agent_prefixes_this_rpc ... ok
test request::tests::request_and_parts_peer_debug_requires_bounded_consent ... ok
test request::tests::request_map_keeps_metadata ... ok
test request::tests::request_set_user_agent_prefixes_this_rpc ... ok
test request::tests::response_map_keeps_metadata ... ok
test resolver::dns::tests::a10_skip_rules ... ok
test resolver::dns::tests::clamps_refresh_into_bounds ... ok
test resolver::dns::tests::validates_bounds ... ok
test resolver::snapshot::tests::dedupes_keeping_order ... ok
test resolver::target::tests::accepts_every_scheme ... ok
test resolver::target::tests::rejects_bad_inputs_per_scheme ... ok
test resolver::target::tests::rejects_plain_host_port ... ok
test resolver::txt::tests::config_name_and_query_shape ... ok
test resolver::txt::tests::hostile_packets_are_errors ... ok
test resolver::txt::tests::loopback_fetch_round_trip ... ok
test resolver::txt::tests::nxdomain_is_empty_not_error ... ok
test resolver::txt::tests::parses_txt_and_concatenates_strings ... ok
test resolver::txt::tests::pointer_loop_terminates ... ok
test rt::manual::tests::interval_first_tick_is_immediate_then_parks ... ok
test rt::manual::tests::sleep_parks_until_the_manual_clock_advances ... ok
test rt::manual::tests::timeout_completion_wins_over_an_expired_deadline ... ok
test rt::manual::tests::timeout_expires_without_any_wall_wait ... ok
test rt::per_core::tests::out_of_range_cores_fail_closed ... ok
test rt::per_core::tests::pinning_runs_on_its_own_thread ... ok
test rt::per_core::tests::reuseport_allows_two_shards_on_one_address ... ok
test server::tests::connection_info_debug_masks_peer_details_without_hiding_getters ... ok
test server::tests::splits_service_and_method ... ok
test server::tests::unparseable_paths_route_nowhere ... ok
test service_config::tests::backoff_stays_within_jitter_band ... ok
test service_config::tests::duplicate_names_are_invalid ... ok
test service_config::tests::durations_parse_fractional_seconds ... ok
test service_config::tests::least_request_clamps_rejects_and_aliases ... ok
test service_config::tests::max_attempts_clamps_to_five ... ok
test service_config::tests::method_without_service_is_invalid ... ok
test service_config::tests::parses_full_document ... ok
test service_config::tests::pushback_reads_status_slot ... ok
test service_config::tests::pushback_values_parse ... ok
test service_config::tests::retry_and_hedging_are_exclusive ... ok
test service_config::tests::ring_hash_parses_header_and_alias ... ok
test service_config::tests::subset_parses_child_and_rejects_nesting ... ok
test service_config::tests::throttler_gates_at_half_bucket ... ok
test service_config::tests::unknown_lb_policy_parses_as_unknown ... ok
test service_config::tests::wrr_parses_a114_names_and_rejects_negative_penalty ... ok
test status::tests::a6_retryable_is_unavailable_only ... ok
test status::tests::bad_request_reads_packed_field_violations ... ok
test status::tests::bare_codes_carry_no_detail ... ok
test status::tests::codes_parse_from_name_and_number ... ok
test status::tests::debug_info_reads_packed_operator_stack ... ok
test status::tests::details_are_independent_of_metadata ... ok
test status::tests::display_matches_canonical_names ... ok
test status::tests::error_details_bag_round_trips_through_status ... ok
test status::tests::error_info_reads_packed_error_info ... ok
test status::tests::every_constructor_carries_its_own_code ... ok
test status::tests::from_error_wraps_local_errors ... ok
test status::tests::help_reads_packed_documentation_links ... ok
test status::tests::io_connection_refused_is_unavailable ... ok
test status::tests::io_timeout_is_deadline_exceeded ... ok
test status::tests::localized_message_reads_packed_locale ... ok
test status::tests::metadata_is_allocated_on_demand ... ok
test status::tests::peer_trailer_has_no_cause ... ok
test status::tests::peer_unavailable_message_is_not_transport_lost ... ok
test status::tests::post_dispatch_transport_error_is_not_retryable ... ok
test status::tests::pre_headers_transport_error_is_retryable ... ok
test status::tests::precondition_failure_reads_packed_precondition_types ... ok
test status::tests::quota_failure_reads_packed_quota_subjects ... ok
test status::tests::refused_stream_is_transport_lost_and_retryable ... ok
test status::tests::request_info_reads_packed_request_id ... ok
test status::tests::resource_info_reads_packed_resource_identity ... ok
test status::tests::retry_delay_reads_packed_retry_info ... ok
test status::tests::rpc_synthesizes_a_protobuf_when_the_trailer_is_absent ... ok
test status::tests::set_code_keeps_a_packed_google_rpc_status_in_sync ... ok
test status::tests::set_code_leaves_a_mismatched_packed_code_alone ... ok
test status::tests::set_code_leaves_opaque_details_alone ... ok
test status::tests::set_from_error_details_keeps_trailing_metadata ... ok
test status::tests::set_message_keeps_a_packed_google_rpc_status_in_sync ... ok
test status::tests::set_message_keeps_metadata_and_details ... ok
test status::tests::set_rpc_keeps_trailing_metadata ... ok
test status::tests::status_is_two_words ... ok
test status::tests::stream_closed_is_ambiguous_loss_and_not_retryable ... ok
test status::tests::typed_details_round_trip_through_status ... ok
test status::tests::unrecognised_codes_become_unknown ... ok
test status::tests::wire_codes_round_trip ... ok
test status::tests::with_cause_is_error_source ... ok
test stream::tests::a_clone_keeps_the_stream_open ... ok
test stream::tests::buffer_is_never_zero ... ok
test stream::tests::channel_round_trips_messages ... ok
test stream::tests::collect_gathers_all ... ok
test stream::tests::dropping_the_reader_closes_the_sender ... ok
test stream::tests::empty_stream_ends_immediately ... ok
test stream::tests::fail_surfaces_status ... ok
test stream::tests::framed_constructors_set_the_flag ... ok
test stream::tests::streaming_is_a_futures_stream ... ok
test stream::tests::streaming_is_fused_after_end ... ok
test tcp::tests::absent_proxy_env_means_direct_dial ... ok
test tcp::tests::connect_bound_literal_mismatch_is_no_usable_address ... ok
test tcp::tests::connect_bound_source_is_the_peer_ip ... ok
test tcp::tests::connect_unbound_still_dials ... ok
test tcp::tests::tune_sets_nodelay_and_optional_keepalive ... ok
test telemetry::ob02_tests::bounded_metric_events_carry_no_peer_secrets ... ok
test telemetry::ob02_tests::dispatch_overhead_probe_reports_disabled_and_enabled ... ok
test telemetry::ob02_tests::in_memory_sink_diagnoses_timeout_retry_and_saturation ... ok
test telemetry::ob02_tests::metric_event_stays_stack_small ... ok
test telemetry::ob02_tests::otel_sink_exports_only_bounded_labels ... ok
test telemetry::ob02_tests::telemetry_context_debug_redacts_values_but_keeps_keys ... ok
test telemetry::ob02_tests::traceparent_validator_accepts_only_strict_v00 ... ok
test telemetry::tests::diagnostic_peer_debug_is_lazy_and_unicode_safe ... ok
test testing::tests::generated_response_body_has_an_explicit_demo_cap ... ok
test testing::tests::streaming_input_aggregation_rejects_overflow_without_saturation ... ok
test timeout::tests::deadline_helpers_track_remaining_budget ... ok
test timeout::tests::every_unit_round_trips ... ok
test timeout::tests::long_digit_runs_are_accepted_when_they_fit ... ok
test timeout::tests::malformed_values_are_none_not_panics ... ok
test timeout::tests::nanosecond_precision_survives_when_no_coarser_unit_is_exact ... ok
test timeout::tests::overflowing_minutes_and_hours_are_none ... ok
test timeout::tests::oversized_durations_fall_back_to_hours ... ok
test timeout::tests::the_coarsest_exact_unit_wins ... ok
test tls::handshake::crl_accepts_good_client_cert ... ok
test tls::handshake::crl_accepts_good_server_cert ... ok
test tls::handshake::crl_rejects_revoked_client_cert ... ok
test tls::handshake::crl_rejects_revoked_server_cert ... ok
test tls::handshake::fresh_client_config_does_not_resume ... ok
test tls::handshake::handshake_observer_fires_on_both_ends ... ok
test tls::handshake::handshake_observer_reports_resumption ... ok
test tls::handshake::mtls_handshake_rejects_anonymous_client ... ok
test tls::handshake::session_resumes_across_connections_with_shared_configs ... ok
test tls::handshake::spiffe_accepts_matching_client_cert ... ok
test tls::handshake::spiffe_accepts_matching_server_cert ... ok
test tls::handshake::spiffe_rejects_client_without_uri_san ... ok
test tls::handshake::spiffe_rejects_server_without_uri_san ... ok
test tls::handshake::spiffe_rejects_wrong_server_id ... ok
test tls::handshake::unrelated_crl_fails_closed ... ok
test tls::handshake::without_crl_revoked_server_cert_connects ... ok
test tls::tests::crl_pem_parsing ... ok
test tls::tests::empty_pem_is_invalid_argument ... ok
test tls::tests::identity_exposes_der_certificates ... ok
test tls::tests::peer_identity_skips_an_empty_chain ... ok
test tls::tests::post_quantum_status_tracks_provider ... ok
test tls::tests::server_name_must_be_a_dns_or_ip ... ok
test tls::tests::spiffe_constructors_reject_malformed_ids ... ok
test tls::tests::spiffe_id_validation ... ok
test tls::tests::tls_handshake_addr_not_available_is_unavailable ... ok
test tls::tests::tls_handshake_invalid_data_is_unauthenticated ... ok
test tls::tests::tls_handshake_reset_is_unavailable ... ok
test tls::tests::uri_san_extraction ... ok
test tls::tests::uri_san_extraction_never_panics_on_truncation ... ok
test web::frame::tests::encodes_trailer_frame ... ok
test web::frame::tests::parses_content_types ... ok
test wire::encode::tests::segments_concat_to_identical_frame ... ok
test wire::encode::tests::shared_send_removes_outbound_copy ... ok
test wire::encode::tests::small_message_stays_single_segment ... ok
test wire::frame_reader::tests::hostile_header_still_errors_at_pop ... ok
test wire::frame_reader::tests::spanning_frame_pops_intact ... ok
test wire::tests::accepts_gzip_parses_the_usual_header_shapes ... ok
test wire::tests::arbitrary_bytes_never_panic_and_never_exceed_the_cap ... ok
test wire::tests::arbitrary_chunk_boundaries_preserve_every_frame ... ok
test wire::tests::compressed_frames_respect_the_cap ... ok
test wire::tests::effective_timeout_picks_the_sooner_deadline ... ok
test wire::tests::frames_split_across_chunks_are_rejoined ... ok
test wire::tests::grpc_content_type_accepts_the_spec_prefix ... ok
test wire::tests::grpc_encoding_accepts_identity_and_gzip_case_insensitively ... ok
test wire::tests::leftover_bytes_after_a_frame_carry_into_the_next_chunk ... ok
test wire::tests::message_decoding_round_trips ... ok
test wire::tests::message_encoding_matches_the_spec_set ... ok
test wire::tests::outbound_requests_can_omit_gzip_from_accept_encoding ... ok
test wire::tests::outbound_requests_identify_the_kernel ... ok
test wire::tests::outbound_tls_requests_use_the_https_scheme ... ok
test wire::tests::padded_details_bin_is_accepted ... ok
test wire::tests::status_details_round_trip_on_the_wire ... ok
test wire::tests::stray_percent_decodes_literally ... ok
test wire::tests::truncation_is_an_error ... ok
test wire::tests::user_agent_prefixes_the_kernel_identity ... ok
test wire::tests::whole_frames_in_one_chunk_are_not_copied ... ok

test result: ok. 448 passed; 0 failed; 0 ignored; 0 measured; 0 filtered out; finished in 7.04s

     Running unittests src/bin/pbrs-grpc-hello.rs (target/debug/deps/pbrs_grpc_hello-0da4bfc150bfff1b)

running 0 tests

test result: ok. 0 passed; 0 failed; 0 ignored; 0 measured; 0 filtered out; finished in 0.00s

     Running unittests src/bin/pbrs-grpc-http2-client.rs (target/debug/deps/pbrs_grpc_http2_client-c0a63d66b05ab820)

running 0 tests

test result: ok. 0 passed; 0 failed; 0 ignored; 0 measured; 0 filtered out; finished in 0.00s

     Running unittests src/bin/pbrs-grpc-interop-client.rs (target/debug/deps/pbrs_grpc_interop_client-21b86473dc429a0b)

running 0 tests

test result: ok. 0 passed; 0 failed; 0 ignored; 0 measured; 0 filtered out; finished in 0.00s

     Running unittests src/bin/pbrs-grpc-interop-server.rs (target/debug/deps/pbrs_grpc_interop_server-97d83a504b05a34a)

running 0 tests

test result: ok. 0 passed; 0 failed; 0 ignored; 0 measured; 0 filtered out; finished in 0.00s

     Running tests/adaptive_window.rs (target/debug/deps/adaptive_window-7354715d7ff8353d)

running 4 tests
test adaptive_client_and_server_handle_large_streaming_with_keepalive ... ok
test adaptive_client_and_server_handle_large_unary_with_keepalive ... ok
test adaptive_window_is_opt_in ... ok
test default_fixed_window_still_serves_small_rpc ... ok

test result: ok. 4 passed; 0 failed; 0 ignored; 0 measured; 0 filtered out; finished in 0.02s

     Running tests/authz.rs (target/debug/deps/authz-9318e5702a5671cd)

running 11 tests
test allows_one_path_and_denies_the_rest_without_handler ... ok
test audit_condition_filters_events ... ok
test audit_default_deny_reports_empty_rule ... ok
test audit_logs_allow_and_deny_with_context ... ok
test audit_record_carries_no_metadata ... ok
test deny_rule_beats_allow ... ok
test file_watcher_reloads_and_keeps_last_valid ... ok
test header_gated_rule ... ok
test invalid_policies_are_rejected ... ok
test mtls_principal_match ... ok
test router_enforces_on_every_mount ... ok

test result: ok. 11 passed; 0 failed; 0 ignored; 0 measured; 0 filtered out; finished in 0.07s

     Running tests/bidi_completion.rs (target/debug/deps/bidi_completion-75cdde500aa9b3c5)

running 1 test
test terminal_bidi_responses_stop_idle_request_pumps_without_caller_cancellation ... ok

test result: ok. 1 passed; 0 failed; 0 ignored; 0 measured; 0 filtered out; finished in 0.00s

     Running tests/binlog.rs (target/debug/deps/binlog-c673c0aa991a1f49)

running 32 tests
test bidi_logs_both_directions ... ok
test call_ids_are_unique_and_nonzero ... ok
test cancel_logs_both_sides ... ok
test caps_apply_end_to_end ... ok
test client_omits_proxy_authorization_and_user_agent ... ok
test client_peer_attaches_on_first_incoming_event ... ok
test client_streaming_logs_every_message ... ok
test client_trailers_only_trailer_carries_peer ... ok
test entry_decodes_with_protoc ... ok
test entry_minimal_golden_bytes ... ok
test excluded_method_logs_nothing ... ok
test exclusion_skips_one_method ... ok
test file_sink_round_trips_length_delimited_records ... ok
test filter_examples_from_a16 ... ok
test filter_exclusion_disables_one_method ... ok
test filter_malformed_is_rejected ... ok
test filter_most_exact_match_wins ... ok
test header_cap_truncates_values_and_flags ... ok
test header_only_filter_skips_messages ... ok
test message_bytes_decode_with_protoc ... ok
test message_cap_keeps_full_length_and_flags ... ok
test message_only_filter_skips_headers ... ok
test read_direction_depends_on_role ... ok
test sensitive_opt_out_logs_raw_values ... ok
test server_masks_sensitive_and_omits_authorization ... ok
test server_peer_attaches_once_on_client_header ... ok
test server_streaming_logs_every_message ... ok
test signals_emit_whenever_method_is_logged ... ok
test trailer_decodes_with_protoc ... ok
test unary_logs_full_sequence_both_sides ... ok
test unused_imports_anchor ... ok
test written_frames_strip_the_5_byte_prefix ... ok

test result: ok. 32 passed; 0 failed; 0 ignored; 0 measured; 0 filtered out; finished in 0.02s

     Running tests/byte_budget_public.rs (target/debug/deps/byte_budget_public-39eddbe09955e1aa)

running 1 test
test public_byte_budget_reclaims_permits ... ok

test result: ok. 1 passed; 0 failed; 0 ignored; 0 measured; 0 filtered out; finished in 0.00s

     Running tests/caller_rustls.rs (target/debug/deps/caller_rustls-05cb07a61ad0ece8)

running 1 test
test caller_ring_and_tonic_matrix ... ok

test result: ok. 1 passed; 0 failed; 0 ignored; 0 measured; 0 filtered out; finished in 68.17s

     Running tests/channelz.rs (target/debug/deps/channelz-9785d5e96db56cdc)

running 5 tests
test channelz_churn_does_not_leak ... ok
test channelz_pagination_and_errors ... ok
test channelz_streaming_counters_round_trip ... ok
test channelz_traces_are_present ... ok
test channelz_unary_counters_round_trip ... ok

test result: ok. 5 passed; 0 failed; 0 ignored; 0 measured; 0 filtered out; finished in 0.08s

     Running tests/cl07_preface.rs (target/debug/deps/cl07_preface-30ff3cb0e60a61e6)

running 10 tests
test cancelling_eager_handshake_drops_transport ... ok
test eager_connect_waits_for_settings_and_positive_stream_cap ... ok
test h2_api_can_pipeline_headers_before_peer_settings ... ok
test lazy_channel_does_not_dial_until_polled_rpc_and_cancel_closes_handshake ... ok
test lazy_first_rpc_deadline_bounds_settings_wait ... ok
test lazy_first_rpc_waits_for_peer_settings_zero_then_one ... ok
test peer_stream_cap_one_serializes_first_two_requests ... ok
test silent_peer_connect_timeout_drops_transport ... ok
test wait_for_ready_deadline_bounds_settings_wait ... ok
test wait_for_ready_retries_closed_handshake_before_opening_first_stream ... ok

test result: ok. 10 passed; 0 failed; 0 ignored; 0 measured; 0 filtered out; finished in 0.49s

     Running tests/codec_generic.rs (target/debug/deps/codec_generic-04f2bff7bbc60315)

running 1 test
test foreign_codec_works_for_all_four_rpc_shapes ... ok

test result: ok. 1 passed; 0 failed; 0 ignored; 0 measured; 0 filtered out; finished in 0.00s

     Running tests/codegen.rs (target/debug/deps/codegen-0ef8f29ee1aca101)

running 197 tests
test a_generated_client_interceptor_can_fail_the_rpc_before_the_stream_opens ... ok
test a_generated_client_interceptor_can_opt_out_of_channel_wait_for_ready ... ok
test a_generated_client_interceptor_can_reapply_channel_gzip_after_clear ... ok
test a_generated_client_interceptor_can_set_wait_for_ready ... ok
test a_generated_client_interceptor_cannot_insert_hop_by_hop_headers ... ok
test a_generated_client_interceptor_cannot_insert_reserved_metadata ... ok
test a_generated_client_interceptor_reads_caller_extensions ... ok
test a_generated_client_interceptor_sees_channel_overlays_after_clear ... ok
test a_generated_client_interceptor_sees_message_limits ... ok
test a_generated_client_interceptor_sees_the_user_agent ... ok
test a_generated_client_interceptor_sets_the_user_agent ... ok
test a_generated_from_io_client_interceptor_can_fail_the_rpc_before_the_stream_opens ... ok
test a_generated_from_io_client_interceptor_can_reapply_channel_gzip_after_clear ... ok
test a_generated_from_io_client_interceptor_cannot_insert_hop_by_hop_headers ... ok
test a_generated_from_io_client_interceptor_cannot_insert_reserved_metadata ... ok
test a_generated_from_io_client_interceptor_reads_caller_extensions ... ok
test a_generated_from_io_client_interceptor_runs_when_the_call_is_created ... ok
test a_generated_from_io_client_interceptor_sees_channel_overlays_after_clear ... ok
test a_generated_from_io_client_interceptor_sees_message_limits ... ok
test a_generated_from_io_client_interceptor_sees_the_user_agent ... ok
test a_generated_from_io_client_interceptor_sets_the_user_agent ... ok
test a_generated_mtls_client_interceptor_can_fail_the_rpc_before_the_stream_opens ... ok
test a_generated_mtls_client_interceptor_can_opt_out_of_channel_wait_for_ready ... ok
test a_generated_mtls_client_interceptor_can_reapply_channel_gzip_after_clear ... ok
test a_generated_mtls_client_interceptor_can_set_wait_for_ready ... ok
test a_generated_mtls_client_interceptor_cannot_insert_hop_by_hop_headers ... ok
test a_generated_mtls_client_interceptor_cannot_insert_reserved_metadata ... ok
test a_generated_mtls_client_interceptor_reads_caller_extensions ... ok
test a_generated_mtls_client_interceptor_runs_when_the_call_is_created ... ok
test a_generated_mtls_client_interceptor_sees_channel_overlays_after_clear ... ok
test a_generated_mtls_client_interceptor_sees_message_limits ... ok
test a_generated_mtls_client_interceptor_sees_the_user_agent ... ok
test a_generated_mtls_client_interceptor_sets_the_user_agent ... ok
test a_generated_tls_client_interceptor_can_fail_the_rpc_before_the_stream_opens ... ok
test a_generated_tls_client_interceptor_can_opt_out_of_channel_wait_for_ready ... ok
test a_generated_tls_client_interceptor_can_reapply_channel_gzip_after_clear ... ok
test a_generated_tls_client_interceptor_can_set_wait_for_ready ... ok
test a_generated_tls_client_interceptor_cannot_insert_hop_by_hop_headers ... ok
test a_generated_tls_client_interceptor_cannot_insert_reserved_metadata ... ok
test a_generated_tls_client_interceptor_reads_caller_extensions ... ok
test a_generated_tls_client_interceptor_runs_when_the_call_is_created ... ok
test a_generated_tls_client_interceptor_sees_channel_overlays_after_clear ... ok
test a_generated_tls_client_interceptor_sees_message_limits ... ok
test a_generated_tls_client_interceptor_sees_the_user_agent ... ok
test a_generated_tls_client_interceptor_sets_the_user_agent ... ok
test a_generated_unix_client_interceptor_can_fail_the_rpc_before_the_stream_opens ... ok
test a_generated_unix_client_interceptor_can_opt_out_of_channel_wait_for_ready ... ok
test a_generated_unix_client_interceptor_can_reapply_channel_gzip_after_clear ... ok
test a_generated_unix_client_interceptor_can_set_wait_for_ready ... ok
test a_generated_unix_client_interceptor_cannot_insert_hop_by_hop_headers ... ok
test a_generated_unix_client_interceptor_cannot_insert_reserved_metadata ... ok
test a_generated_unix_client_interceptor_reads_caller_extensions ... ok
test a_generated_unix_client_interceptor_runs_when_the_call_is_created ... ok
test a_generated_unix_client_interceptor_sees_channel_overlays_after_clear ... ok
test a_generated_unix_client_interceptor_sees_message_limits ... ok
test a_generated_unix_client_interceptor_sees_the_user_agent ... ok
test a_generated_unix_client_interceptor_sets_the_user_agent ... ok
test generated_add_optional_service_none_keeps_the_store ... ok
test generated_add_optional_service_some_mounts_greeter ... ok
test generated_channel_config_message_caps_are_resource_exhausted ... ok
test generated_channel_wait_for_ready_completes_once_the_server_listens ... ok
test generated_client_connect_unix_lazy ... ok
test generated_client_connect_with_and_pool_round_trip ... ok
test generated_client_debug_and_into_inner ... ok
test generated_client_interceptor_rejects_with_from_error_details ... ok
test generated_client_interceptor_rejects_with_typed_status ... ok
test generated_client_interceptor_sees_every_shape_context ... ok
test generated_client_interceptors_run_when_the_call_is_created ... ok
test generated_client_interceptors_stack_and_share_extensions ... ok
test generated_client_message_caps_are_resource_exhausted ... ok
test generated_client_user_agent_is_prefixed ... ok
test generated_connect_tls_lazy_round_trips_every_shape ... ok
test generated_connection_pool_is_refused_when_the_cap_is_hit ... ok
test generated_extra_rpcs_wait_when_the_stream_cap_is_hit ... ok
test generated_frame_size_still_serves_every_shape ... ok
test generated_from_error_details_after_a_streamed_message ... ok
test generated_from_io_channel_config_message_caps_are_resource_exhausted ... ok
test generated_from_io_client_interceptor_rejects_with_typed_status ... ok
test generated_from_io_client_interceptor_sees_every_shape_context ... ok
test generated_from_io_client_interceptors_stack_and_share_extensions ... ok
test generated_from_io_client_message_caps_are_resource_exhausted ... ok
test generated_from_io_extra_rpcs_wait_when_the_stream_cap_is_hit ... ok
test generated_from_io_frame_size_still_serves_every_shape ... ok
test generated_from_io_handlers_return_typed_status_on_every_shape ... ok
test generated_from_io_header_list_cap_refuses_oversize_metadata ... ok
test generated_from_io_message_limits_setter_is_resource_exhausted ... ok
test generated_from_io_oversize_is_resource_exhausted ... ok
test generated_from_io_pending_reset_cap_still_serves_every_shape ... ok
test generated_from_io_pool_config_is_still_one_duplex ... ok
test generated_from_io_send_buffer_still_serves_every_shape ... ok
test generated_from_io_send_compressed_gzips_every_shape ... ok
test generated_from_io_server_config_message_limits_is_resource_exhausted ... ok
test generated_from_io_server_interceptor_rejects_with_typed_status ... ok
test generated_from_io_typed_google_rpc_status_after_a_streamed_message ... ok
test generated_from_io_window_size_still_serves_every_shape ... ok
test generated_handlers_return_from_error_details_on_every_shape ... ok
test generated_handlers_return_typed_status_on_every_shape ... ok
test generated_header_list_cap_refuses_oversize_metadata ... ok
test generated_message_limits_setter_is_resource_exhausted ... ok
test generated_mtls_channel_config_message_caps_are_resource_exhausted ... ok
test generated_mtls_channel_wait_for_ready_completes_once_the_server_listens ... ok
test generated_mtls_client_interceptor_rejects_with_typed_status ... ok
test generated_mtls_client_interceptor_sees_every_shape_context ... ok
test generated_mtls_client_interceptors_stack_and_share_extensions ... ok
test generated_mtls_client_message_caps_are_resource_exhausted ... ok
test generated_mtls_connection_pool_is_refused_when_the_cap_is_hit ... ok
test generated_mtls_connection_pool_serves_every_shape ... ok
test generated_mtls_extra_rpcs_wait_when_the_stream_cap_is_hit ... ok
test generated_mtls_frame_size_still_serves_every_shape ... ok
test generated_mtls_handlers_return_typed_status_on_every_shape ... ok
test generated_mtls_header_list_cap_refuses_oversize_metadata ... ok
test generated_mtls_message_limits_setter_is_resource_exhausted ... ok
test generated_mtls_oversize_is_resource_exhausted ... ok
test generated_mtls_pending_reset_cap_still_serves_every_shape ... ok
test generated_mtls_request_can_opt_out_of_channel_wait_for_ready ... ok
test generated_mtls_send_buffer_still_serves_every_shape ... ok
test generated_mtls_send_compressed_gzips_every_shape ... ok
test generated_mtls_server_config_message_limits_is_resource_exhausted ... ok
test generated_mtls_server_interceptor_rejects_with_typed_status ... ok
test generated_mtls_typed_google_rpc_status_after_a_streamed_message ... ok
test generated_mtls_wait_for_ready_completes_once_the_server_listens ... ok
test generated_mtls_wait_for_ready_times_out_when_nothing_is_listening ... ok
test generated_mtls_window_size_still_serves_every_shape ... ok
test generated_names_match_the_proto ... ok
test generated_pending_reset_cap_still_serves_every_shape ... ok
test generated_request_can_opt_out_of_channel_wait_for_ready ... ok
test generated_send_buffer_still_serves_every_shape ... ok
test generated_send_compressed_gzips_every_shape ... ok
test generated_serve_connection_round_trips ... ok
test generated_serve_tls_round_trips_every_shape ... ok
test generated_serve_unix_round_trips ... ok
test generated_serve_unix_unlink_replaces_a_leftover ... ok
test generated_server_config_is_readable_after_overlays ... ok
test generated_server_config_message_limits_is_resource_exhausted ... ok
test generated_server_interceptor_rejects_with_from_error_details ... ok
test generated_server_interceptor_rejects_with_typed_status ... ok
test generated_server_into_router_keeps_the_name ... ok
test generated_server_shares_an_arc_and_unwraps_it ... ok
test generated_servers_accept_configuration ... ok
test generated_servers_and_clients_expose_intercept ... ok
test generated_servers_mount_on_a_router ... ok
test generated_stubs_carry_handler_errors ... ok
test generated_stubs_name_encoding_cancel_and_stream_drop ... ok
test generated_stubs_serve_all_four_shapes ... ok
test generated_tls_channel_config_message_caps_are_resource_exhausted ... ok
test generated_tls_channel_wait_for_ready_completes_once_the_server_listens ... ok
test generated_tls_client_interceptor_rejects_with_typed_status ... ok
test generated_tls_client_interceptor_sees_every_shape_context ... ok
test generated_tls_client_interceptors_stack_and_share_extensions ... ok
test generated_tls_client_message_caps_are_resource_exhausted ... ok
test generated_tls_connection_pool_is_refused_when_the_cap_is_hit ... ok
test generated_tls_connection_pool_serves_every_shape ... ok
test generated_tls_extra_rpcs_wait_when_the_stream_cap_is_hit ... ok
test generated_tls_frame_size_still_serves_every_shape ... ok
test generated_tls_handlers_return_typed_status_on_every_shape ... ok
test generated_tls_header_list_cap_refuses_oversize_metadata ... ok
test generated_tls_message_limits_setter_is_resource_exhausted ... ok
test generated_tls_oversize_is_resource_exhausted ... ok
test generated_tls_pending_reset_cap_still_serves_every_shape ... ok
test generated_tls_request_can_opt_out_of_channel_wait_for_ready ... ok
test generated_tls_send_buffer_still_serves_every_shape ... ok
test generated_tls_send_compressed_gzips_every_shape ... ok
test generated_tls_server_config_message_limits_is_resource_exhausted ... ok
test generated_tls_server_interceptor_rejects_with_typed_status ... ok
test generated_tls_typed_google_rpc_status_after_a_streamed_message ... ok
test generated_tls_wait_for_ready_completes_once_the_server_listens ... ok
test generated_tls_wait_for_ready_times_out_when_nothing_is_listening ... ok
test generated_tls_window_size_still_serves_every_shape ... ok
test generated_typed_google_rpc_status_after_a_streamed_message ... ok
test generated_unix_channel_config_message_caps_are_resource_exhausted ... ok
test generated_unix_channel_wait_for_ready_completes_once_the_server_listens ... ok
test generated_unix_client_interceptor_rejects_with_typed_status ... ok
test generated_unix_client_interceptor_sees_every_shape_context ... ok
test generated_unix_client_interceptors_stack_and_share_extensions ... ok
test generated_unix_client_message_caps_are_resource_exhausted ... ok
test generated_unix_connection_pool_is_refused_when_the_cap_is_hit ... ok
test generated_unix_connection_pool_serves_every_shape ... ok
test generated_unix_extra_rpcs_wait_when_the_stream_cap_is_hit ... ok
test generated_unix_frame_size_still_serves_every_shape ... ok
test generated_unix_handlers_return_typed_status_on_every_shape ... ok
test generated_unix_header_list_cap_refuses_oversize_metadata ... ok
test generated_unix_message_limits_setter_is_resource_exhausted ... ok
test generated_unix_oversize_is_resource_exhausted ... ok
test generated_unix_pending_reset_cap_still_serves_every_shape ... ok
test generated_unix_request_can_opt_out_of_channel_wait_for_ready ... ok
test generated_unix_send_buffer_still_serves_every_shape ... ok
test generated_unix_send_compressed_gzips_every_shape ... ok
test generated_unix_server_config_message_limits_is_resource_exhausted ... ok
test generated_unix_server_interceptor_rejects_with_typed_status ... ok
test generated_unix_typed_google_rpc_status_after_a_streamed_message ... ok
test generated_unix_wait_for_ready_completes_once_the_server_listens ... ok
test generated_unix_wait_for_ready_times_out_when_nothing_is_listening ... ok
test generated_unix_window_size_still_serves_every_shape ... ok
test generated_wait_for_ready_completes_once_the_server_listens ... ok
test generated_wait_for_ready_times_out_when_nothing_is_listening ... ok
test generated_window_size_still_serves_every_shape ... ok
test omitted_generated_methods_answer_unimplemented ... ok

test result: ok. 197 passed; 0 failed; 0 ignored; 0 measured; 0 filtered out; finished in 10.77s

     Running tests/compat_fixtures.rs (target/debug/deps/compat_fixtures-f9700b54451c010f)

running 4 tests
test compat_response_stream_forwards_items_and_status ... ok
test compat_unary_request_conversion_matches_tonic_shape ... ok
test tonic_compat_helloworld_port_compiles_and_runs ... ok
test tonic_compat_routeguide_port_compiles_and_runs ... ok

test result: ok. 4 passed; 0 failed; 0 ignored; 0 measured; 0 filtered out; finished in 22.52s

     Running tests/compression.rs (target/debug/deps/compression-e57f0035854bbd63)

running 4 tests
test extended_compression_selection_reports_and_restores_legacy_settings ... ok
test published_codec_methods_keep_their_wire_behavior ... ok
test published_codec_remains_exhaustive_with_original_discriminants ... ok
test zstd::zstd_negotiates_for_unary_requests_and_responses ... ok

test result: ok. 4 passed; 0 failed; 0 ignored; 0 measured; 0 filtered out; finished in 0.00s

     Running tests/connect_info.rs (target/debug/deps/connect_info-78f7f99abc743caa)

running 4 tests
test mtls_handler_reads_tonic_connect_info_extension ... ok
test tcp_handler_reads_tonic_connect_info_extension ... ok
test tls_handler_reads_tonic_connect_info_extension ... ok
test uds_handler_reads_tonic_connect_info_extension ... ok

test result: ok. 4 passed; 0 failed; 0 ignored; 0 measured; 0 filtered out; finished in 0.03s

     Running tests/gaps.rs (target/debug/deps/gaps-9e16b18e76f0de76)

running 6 tests
test cancelled_on_client_cancel ... ok
test deadline_exceeded_on_sleeping_handler ... ok
test ok_path_custom_bin_trailers_not_headers ... ok
test streaming_trailers_after_a_drain_are_the_same ... ok
test streaming_trailers_surface_a_trailing_status ... ok
test streaming_trailers_wait_for_end_of_stream ... ok

test result: ok. 6 passed; 0 failed; 0 ignored; 0 measured; 0 filtered out; finished in 0.13s

     Running tests/grpc_web.rs (target/debug/deps/grpc_web-51f007f1a1483c75)

running 7 tests
test binary_grpc_web_immediate_unimplemented_uses_body_trailers ... ok
test binary_grpc_web_server_streaming_uses_body_trailers ... ok
test binary_grpc_web_unary_uses_body_trailers ... ok
test grpc_web_cors_preflight_allows_configured_origin ... ok
test grpc_web_cors_preflight_defaults_to_deny_all ... ok
test grpc_web_text_server_streaming_is_streaming_safe_base64 ... ok
test grpc_web_text_unary_decodes_split_base64_and_uses_body_trailers ... ok

test result: ok. 7 passed; 0 failed; 0 ignored; 0 measured; 0 filtered out; finished in 0.01s

     Running tests/health.rs (target/debug/deps/health-047d01720c5ad041)

running 180 tests
test a_health_client_interceptor_can_fail_the_rpc_before_the_stream_opens ... ok
test a_health_client_interceptor_can_opt_out_of_channel_wait_for_ready ... ok
test a_health_client_interceptor_can_reapply_channel_gzip_after_clear ... ok
test a_health_client_interceptor_can_set_wait_for_ready ... ok
test a_health_client_interceptor_cannot_insert_hop_by_hop_headers ... ok
test a_health_client_interceptor_cannot_insert_reserved_metadata ... ok
test a_health_client_interceptor_reads_caller_extensions ... ok
test a_health_client_interceptor_sees_channel_overlays_after_clear ... ok
test a_health_client_interceptor_sees_message_limits ... ok
test a_health_client_interceptor_sees_the_user_agent ... ok
test a_health_client_interceptor_sets_the_user_agent ... ok
test a_health_from_io_client_interceptor_can_fail_the_rpc_before_the_stream_opens ... ok
test a_health_from_io_client_interceptor_can_reapply_channel_gzip_after_clear ... ok
test a_health_from_io_client_interceptor_cannot_insert_hop_by_hop_headers ... ok
test a_health_from_io_client_interceptor_cannot_insert_reserved_metadata ... ok
test a_health_from_io_client_interceptor_reads_caller_extensions ... ok
test a_health_from_io_client_interceptor_runs_when_the_call_is_created ... ok
test a_health_from_io_client_interceptor_sees_channel_overlays_after_clear ... ok
test a_health_from_io_client_interceptor_sees_message_limits ... ok
test a_health_from_io_client_interceptor_sees_the_user_agent ... ok
test a_health_from_io_client_interceptor_sets_the_user_agent ... ok
test a_health_mtls_client_interceptor_can_fail_the_rpc_before_the_stream_opens ... ok
test a_health_mtls_client_interceptor_can_opt_out_of_channel_wait_for_ready ... ok
test a_health_mtls_client_interceptor_can_reapply_channel_gzip_after_clear ... ok
test a_health_mtls_client_interceptor_can_set_wait_for_ready ... ok
test a_health_mtls_client_interceptor_cannot_insert_hop_by_hop_headers ... ok
test a_health_mtls_client_interceptor_cannot_insert_reserved_metadata ... ok
test a_health_mtls_client_interceptor_reads_caller_extensions ... ok
test a_health_mtls_client_interceptor_runs_when_the_call_is_created ... ok
test a_health_mtls_client_interceptor_sees_channel_overlays_after_clear ... ok
test a_health_mtls_client_interceptor_sees_message_limits ... ok
test a_health_mtls_client_interceptor_sees_the_user_agent ... ok
test a_health_mtls_client_interceptor_sets_the_user_agent ... ok
test a_health_tls_client_interceptor_can_fail_the_rpc_before_the_stream_opens ... ok
test a_health_tls_client_interceptor_can_opt_out_of_channel_wait_for_ready ... ok
test a_health_tls_client_interceptor_can_reapply_channel_gzip_after_clear ... ok
test a_health_tls_client_interceptor_can_set_wait_for_ready ... ok
test a_health_tls_client_interceptor_cannot_insert_hop_by_hop_headers ... ok
test a_health_tls_client_interceptor_cannot_insert_reserved_metadata ... ok
test a_health_tls_client_interceptor_reads_caller_extensions ... ok
test a_health_tls_client_interceptor_runs_when_the_call_is_created ... ok
test a_health_tls_client_interceptor_sees_channel_overlays_after_clear ... ok
test a_health_tls_client_interceptor_sees_message_limits ... ok
test a_health_tls_client_interceptor_sees_the_user_agent ... ok
test a_health_tls_client_interceptor_sets_the_user_agent ... ok
test a_health_unix_client_interceptor_can_fail_the_rpc_before_the_stream_opens ... ok
test a_health_unix_client_interceptor_can_opt_out_of_channel_wait_for_ready ... ok
test a_health_unix_client_interceptor_can_reapply_channel_gzip_after_clear ... ok
test a_health_unix_client_interceptor_can_set_wait_for_ready ... ok
test a_health_unix_client_interceptor_cannot_insert_hop_by_hop_headers ... ok
test a_health_unix_client_interceptor_cannot_insert_reserved_metadata ... ok
test a_health_unix_client_interceptor_reads_caller_extensions ... ok
test a_health_unix_client_interceptor_runs_when_the_call_is_created ... ok
test a_health_unix_client_interceptor_sees_channel_overlays_after_clear ... ok
test a_health_unix_client_interceptor_sees_message_limits ... ok
test a_health_unix_client_interceptor_sees_the_user_agent ... ok
test a_health_unix_client_interceptor_sets_the_user_agent ... ok
test check_overall_and_named ... ok
test dropping_a_watch_releases_the_subscription_without_a_status_change ... ok
test from_io_health_pending_reset_still_serves_check_and_watch ... ok
test from_io_health_pool_config_is_still_one_duplex ... ok
test from_io_health_send_buffer_still_serves_check_and_watch ... ok
test from_io_health_window_size_still_serves_check_and_watch ... ok
test health_channel_config_message_limits_are_resource_exhausted ... ok
test health_channel_wait_for_ready_completes_once_the_server_listens ... ok
test health_client_interceptor_rejects_check_and_watch ... ok
test health_client_interceptor_rejects_check_and_watch_with_from_error_details ... ok
test health_client_interceptor_sees_check_and_watch_context ... ok
test health_client_interceptors_run_when_the_call_is_created ... ok
test health_client_interceptors_stack_and_share_extensions ... ok
test health_client_message_caps_are_resource_exhausted ... ok
test health_crate_docs_name_interceptor_wait_for_ready ... ok
test health_frame_size_still_serves_check_and_watch ... ok
test health_from_error_details_after_a_streamed_message ... ok
test health_from_io_channel_config_message_limits_are_resource_exhausted ... ok
test health_from_io_check_watch_protocol ... ok
test health_from_io_client_interceptor_rejects_check_and_watch ... ok
test health_from_io_client_interceptor_sees_check_and_watch_context ... ok
test health_from_io_client_interceptors_stack_and_share_extensions ... ok
test health_from_io_client_message_caps_are_resource_exhausted ... ok
test health_from_io_frame_size_still_serves_check_and_watch ... ok
test health_from_io_handlers_return_typed_status_on_check_and_watch ... ok
test health_from_io_header_list_cap_refuses_oversize_metadata ... ok
test health_from_io_interceptor_rejects_check_and_watch ... ok
test health_from_io_message_limits_oversize_is_resource_exhausted ... ok
test health_from_io_oversize_request_is_resource_exhausted ... ok
test health_from_io_round_trips_check_and_watch ... ok
test health_from_io_send_compressed_gzips_check_and_watch ... ok
test health_from_io_typed_google_rpc_status_after_a_streamed_message ... ok
test health_handlers_return_from_error_details_on_check_and_watch ... ok
test health_handlers_return_typed_status_on_check_and_watch ... ok
test health_header_list_cap_refuses_oversize_metadata ... ok
test health_interceptor_rejects_check_and_watch ... ok
test health_interceptor_rejects_check_and_watch_with_from_error_details ... ok
test health_message_limits_oversize_is_resource_exhausted ... ok
test health_mtls_channel_config_message_limits_are_resource_exhausted ... ok
test health_mtls_channel_wait_for_ready_completes_once_the_server_listens ... ok
test health_mtls_check_watch_protocol ... ok
test health_mtls_client_interceptor_rejects_check_and_watch ... ok
test health_mtls_client_interceptor_sees_check_and_watch_context ... ok
test health_mtls_client_interceptors_stack_and_share_extensions ... ok
test health_mtls_client_message_caps_are_resource_exhausted ... ok
test health_mtls_frame_size_still_serves_check_and_watch ... ok
test health_mtls_handlers_return_typed_status_on_check_and_watch ... ok
test health_mtls_header_list_cap_refuses_oversize_metadata ... ok
test health_mtls_interceptor_rejects_check_and_watch ... ok
test health_mtls_message_limits_oversize_is_resource_exhausted ... ok
test health_mtls_oversize_request_is_resource_exhausted ... ok
test health_mtls_request_can_opt_out_of_channel_wait_for_ready ... ok
test health_mtls_send_compressed_gzips_check_and_watch ... ok
test health_mtls_typed_google_rpc_status_after_a_streamed_message ... ok
test health_mtls_wait_for_ready_completes_once_the_server_listens ... ok
test health_mtls_wait_for_ready_times_out_when_nothing_is_listening ... ok
test health_pending_reset_still_serves_check_and_watch ... ok
test health_pool_against_cap_is_unavailable ... ok
test health_request_can_opt_out_of_channel_wait_for_ready ... ok
test health_send_buffer_still_serves_check_and_watch ... ok
test health_send_compressed_gzips_check_and_watch ... ok
test health_tls_channel_config_message_limits_are_resource_exhausted ... ok
test health_tls_channel_wait_for_ready_completes_once_the_server_listens ... ok
test health_tls_check_watch_protocol ... ok
test health_tls_client_interceptor_rejects_check_and_watch ... ok
test health_tls_client_interceptor_sees_check_and_watch_context ... ok
test health_tls_client_interceptors_stack_and_share_extensions ... ok
test health_tls_client_message_caps_are_resource_exhausted ... ok
test health_tls_frame_size_still_serves_check_and_watch ... ok
test health_tls_handlers_return_typed_status_on_check_and_watch ... ok
test health_tls_header_list_cap_refuses_oversize_metadata ... ok
test health_tls_interceptor_rejects_check_and_watch ... ok
test health_tls_message_limits_oversize_is_resource_exhausted ... ok
test health_tls_oversize_request_is_resource_exhausted ... ok
test health_tls_request_can_opt_out_of_channel_wait_for_ready ... ok
test health_tls_round_trips_check_and_watch ... ok
test health_tls_send_compressed_gzips_check_and_watch ... ok
test health_tls_typed_google_rpc_status_after_a_streamed_message ... ok
test health_tls_wait_for_ready_completes_once_the_server_listens ... ok
test health_tls_wait_for_ready_times_out_when_nothing_is_listening ... ok
test health_typed_google_rpc_status_after_a_streamed_message ... ok
test health_unix_channel_config_message_limits_are_resource_exhausted ... ok
test health_unix_channel_wait_for_ready_completes_once_the_server_listens ... ok
test health_unix_check_watch_protocol ... ok
test health_unix_client_interceptor_rejects_check_and_watch ... ok
test health_unix_client_interceptor_sees_check_and_watch_context ... ok
test health_unix_client_interceptors_stack_and_share_extensions ... ok
test health_unix_client_message_caps_are_resource_exhausted ... ok
test health_unix_frame_size_still_serves_check_and_watch ... ok
test health_unix_handlers_return_typed_status_on_check_and_watch ... ok
test health_unix_header_list_cap_refuses_oversize_metadata ... ok
test health_unix_interceptor_rejects_check_and_watch ... ok
test health_unix_message_limits_oversize_is_resource_exhausted ... ok
test health_unix_oversize_request_is_resource_exhausted ... ok
test health_unix_request_can_opt_out_of_channel_wait_for_ready ... ok
test health_unix_round_trips_check_and_watch ... ok
test health_unix_send_compressed_gzips_check_and_watch ... ok
test health_unix_typed_google_rpc_status_after_a_streamed_message ... ok
test health_unix_wait_for_ready_completes_once_the_server_listens ... ok
test health_unix_wait_for_ready_times_out_when_nothing_is_listening ... ok
test health_wait_for_ready_completes_once_the_server_listens ... ok
test health_wait_for_ready_times_out_when_nothing_is_listening ... ok
test health_window_size_still_serves_check_and_watch ... ok
test mtls_health_pending_reset_still_serves_check_and_watch ... ok
test mtls_health_pool_against_cap_is_unavailable ... ok
test mtls_health_send_buffer_still_serves_check_and_watch ... ok
test mtls_health_window_size_still_serves_check_and_watch ... ok
test oversize_health_request_is_resource_exhausted ... ok
test reporter_names_lists_known_services ... ok
test reporter_status_round_trips_without_an_rpc ... ok
test resume_marks_known_names_serving ... ok
test shutdown_is_visible_to_check_and_watch ... ok
test shutdown_marks_known_names_not_serving ... ok
test tls_health_pending_reset_still_serves_check_and_watch ... ok
test tls_health_pool_against_cap_is_unavailable ... ok
test tls_health_send_buffer_still_serves_check_and_watch ... ok
test tls_health_window_size_still_serves_check_and_watch ... ok
test unix_health_pending_reset_still_serves_check_and_watch ... ok
test unix_health_pool_against_cap_is_unavailable ... ok
test unix_health_send_buffer_still_serves_check_and_watch ... ok
test unix_health_window_size_still_serves_check_and_watch ... ok
test watch_sees_status_changes ... ok
test watch_unknown_is_service_unknown ... ok

test result: ok. 180 passed; 0 failed; 0 ignored; 0 measured; 0 filtered out; finished in 4.18s

     Running tests/hostile.rs (target/debug/deps/hostile-c7bb363722064e86)

running 41 tests
test a_compressed_flag_is_refused_when_inbound_gzip_is_off ... ok
test a_giant_declared_length_is_refused_from_the_header ... ok
test a_gzip_bomb_cannot_outgrow_the_cap ... ok
test a_hostile_stream_does_not_take_the_server_down ... ok
test a_legitimate_compressed_frame_still_round_trips ... ok
test a_malformed_path_is_unimplemented_not_a_panic ... ok
test a_non_grpc_content_type_is_http_415 ... ok
test a_non_grpc_content_type_on_an_unknown_method_is_still_415 ... ok
test a_non_post_is_http_405 ... ok
test a_reserved_compressed_flag_is_a_protocol_error ... ok
test a_truncated_frame_is_not_an_empty_message ... ok
test a_zstd_bomb_cannot_outgrow_the_cap ... ok
test an_empty_body_decodes_to_a_default_message ... ok
test an_identity_encoding_header_is_the_same_as_omitting_it ... ok
test an_unknown_method_is_unimplemented ... ok
test an_unknown_service_is_unimplemented ... ok
test an_unsupported_encoding_is_unimplemented_and_advertises_what_works ... ok
test continuation_flood_drops_that_connection ... ok
test deflate_coding_is_refused_when_inbound_compression_is_off ... ok
test deflate_configured_server_falls_back_to_gzip_only_peer ... ok
test deflate_request_decodes_and_gets_a_reply ... ok
test expired_timeout_before_dispatch_is_trailers_only ... ok
test garbage_protobuf_bytes_are_an_error_not_a_panic ... ok
test grpc_proto_content_type_subtypes_are_accepted ... ok
test gzip_bytes_under_deflate_coding_are_an_error ... ok
test gzip_is_unimplemented_when_the_server_opts_out_of_inbound_gzip ... ok
test h2c_ignores_a_peer_https_scheme ... ok
test immediate_unimplemented_is_trailers_only ... ok
test metadata_beyond_the_header_list_cap_is_refused ... ok
test oversize_message_is_resource_exhausted_not_a_hang ... ok
test process_rpc_cap_rejection_is_trailers_only ... ok
test protocol_error_rst_flood_drops_that_connection ... ok
test regression_bad_metadata_encodings_safely_rejected ... ok
test regression_chunk_fragmentation_preserves_message_stream ... ok
test regression_compression_bomb_fails_within_byte_and_time_budgets ... ok
test regression_http2_single_byte_data_chunks_serve_cleanly ... ok
test regression_invalid_frame_lengths_and_flags_safely_rejected ... ok
test rst_flood_beyond_pending_reset_cap_drops_that_connection ... ok
test small_data_flood_drops_that_connection ... ok
test two_messages_on_a_unary_path_are_refused ... ok
test unfinished_headers_do_not_take_the_accept_loop_down ... ok

test result: ok. 41 passed; 0 failed; 0 ignored; 0 measured; 0 filtered out; finished in 3.46s

     Running tests/interop_assertions.rs (target/debug/deps/interop_assertions-8ff3f7ac407000a4)

running 43 tests
test all_cases_succeed_against_reference_interop_server ... ok
test cancel_after_first_response_fails_on_clean_eof_server ... ok
test cancel_after_first_response_fails_on_extra_message_server ... ok
test cancel_after_first_response_succeeds_with_interop_server ... ok
test cancel_after_first_response_succeeds_with_propagating_server ... ok
test client_compressed_streaming_fails_on_wrong_aggregated_size ... ok
test client_compressed_streaming_fails_when_probe_ignored ... ok
test client_compressed_unary_fails_when_probe_ignored ... ok
test client_streaming_fails_on_wrong_aggregated_size ... ok
test custom_metadata_duplex_fails_on_wrong_initial_value ... ok
test custom_metadata_duplex_fails_when_trailing_missing ... ok
test custom_metadata_fails_on_wrong_initial_value ... ok
test custom_metadata_fails_when_initial_metadata_leaked_into_trailers ... ok
test custom_metadata_fails_when_trailing_metadata_leaked_into_headers ... ok
test custom_metadata_fails_when_trailing_metadata_missing ... ok
test empty_stream_fails_on_unexpected_message ... ok
test empty_unary_propagates_server_error_as_final_status ... ok
test interop_sample_aggregates_valid_input_without_saturation ... ok
test interop_sample_preserves_prior_replies_then_sends_error_trailers ... ok
test interop_sample_rejects_negative_and_oversize_response_bodies ... ok
test large_unary_fails_on_corrupt_payload ... ok
test large_unary_fails_on_wrong_length ... ok
test ping_pong_fails_on_corrupt_payload ... ok
test ping_pong_fails_on_extra_message_after_close ... ok
test ping_pong_fails_on_wrong_length ... ok
test server_compressed_streaming_fails_on_extra_message ... ok
test server_compressed_streaming_fails_on_inverted_flags ... ok
test server_compressed_streaming_fails_when_not_compressed ... ok
test server_compressed_unary_fails_when_not_compressed ... ok
test server_compressed_unary_fails_when_uncompressed_leg_compressed ... ok
test server_streaming_fails_on_corrupt_payload ... ok
test server_streaming_fails_on_extra_message ... ok
test server_streaming_fails_on_wrong_count ... ok
test server_streaming_fails_on_wrong_lengths ... ok
test special_status_message_fails_on_wrong_code ... ok
test special_status_message_fails_on_wrong_message ... ok
test status_code_and_message_duplex_fails_on_extra_message ... ok
test status_code_and_message_duplex_fails_on_wrong_status ... ok
test status_code_and_message_duplex_fails_when_status_missing ... ok
test status_code_and_message_fails_on_wrong_status_code ... ok
test status_code_and_message_fails_on_wrong_status_message ... ok
test unimplemented_method_fails_on_wrong_code ... ok
test unimplemented_method_fails_when_server_returns_ok ... ok

test result: ok. 43 passed; 0 failed; 0 ignored; 0 measured; 0 filtered out; finished in 0.18s

     Running tests/interop_cli.rs (target/debug/deps/interop_cli-77e5063048747c75)

running 45 tests
test client_mtls_end_to_end ... pbrs-grpc interop server listening with TLS on 0.0.0.0:37025
ok
test client_mtls_missing_client_identity_fails ... pbrs-grpc interop server listening with TLS on 0.0.0.0:39783
ok
test client_mtls_wrong_client_ca_fails ... pbrs-grpc interop server listening with TLS on 0.0.0.0:35531
ok
test client_rejects_client_cert_without_key ... ok
test client_rejects_client_identity_with_missing_files ... ok
test client_rejects_client_identity_without_tls ... ok
test client_rejects_invalid_boolean ... ok
test client_rejects_missing_port_value ... ok
test client_rejects_port_negative ... ok
test client_rejects_port_non_numeric ... ok
test client_rejects_port_overflow ... ok
test client_rejects_port_zero ... ok
test client_rejects_server_only_flag ... ok
test client_rejects_unexpected_positional_arg ... ok
test client_rejects_unknown_double_dash_flag ... ok
test client_rejects_unknown_flag_with_value ... ok
test client_rejects_unknown_single_dash_flag ... ok
test client_rejects_use_tls_with_missing_ca_file ... ok
test client_tls_hostname_mismatch_fails_verification ... pbrs-grpc interop server listening with TLS on 0.0.0.0:41947
ok
test client_tls_missing_alpn_fails ... ok
test client_tls_without_ca_defaults_to_webpki_and_fails_on_self_signed ... pbrs-grpc interop server listening with TLS on 0.0.0.0:34973
ok
test client_tls_wrong_ca_fails_verification ... pbrs-grpc interop server listening with TLS on 0.0.0.0:43559
ok
test http2_negative_runner_does_not_qualify_without_persisted_results ... ok
test http2_negative_runner_does_not_reuse_stale_result_rows ... ok
test http2_server_probe_runner_does_not_qualify_without_persisted_results ... ok
test server_rejects_client_ca_without_tls ... ok
test server_rejects_client_only_flag ... ok
test server_rejects_invalid_boolean ... ok
test server_rejects_missing_port_value ... ok
test server_rejects_mtls_with_missing_client_ca_file ... ok
test server_rejects_port_negative ... ok
test server_rejects_port_non_numeric ... ok
test server_rejects_port_overflow ... ok
test server_rejects_port_zero ... ok
test server_rejects_unexpected_positional_arg ... ok
test server_rejects_unknown_double_dash_flag ... ok
test server_rejects_unknown_single_dash_flag ... ok
test server_rejects_use_tls_missing_key_file ... ok
test server_rejects_use_tls_with_nonexistent_files ... ok
test server_rejects_use_tls_without_cert_and_key ... ok
test valid_flags_bench ... pbrs-grpc interop server listening on 0.0.0.0:39915
ok
test valid_flags_equal_syntax_style ... pbrs-grpc interop server listening on 0.0.0.0:44447
ok
test valid_flags_single_dash_interop_runner_style ... pbrs-grpc interop server listening on 0.0.0.0:36009
ok
test valid_flags_space_syntax_style ... pbrs-grpc interop server listening on 0.0.0.0:38351
ok
test valid_flags_tls_end_to_end ... pbrs-grpc interop server listening with TLS on 0.0.0.0:33011
ok

test result: ok. 45 passed; 0 failed; 0 ignored; 0 measured; 0 filtered out; finished in 4.28s

     Running tests/lb_health.rs (target/debug/deps/lb_health-6c959b82847b5d05)

running 5 tests
test backend_without_health_service_stays_healthy ... ok
test health_switch_off_disables_gating ... ok
test pick_first_unhealthy_fails_over_and_sticks ... ok
test recovered_backend_rejoins_rotation ... ok
test unhealthy_backend_leaves_rotation_within_one_update ... ok

test result: ok. 5 passed; 0 failed; 0 ignored; 0 measured; 0 filtered out; finished in 0.10s

     Running tests/lb_priority.rs (target/debug/deps/lb_priority-4bbaa7cba2a30150)

running 5 tests
test outlier_ejects_failing_backend ... ok
test outlier_lets_unejected_backend_serve_again ... ok
test priority_over_ring_keeps_affinity ... ok
test priority_serves_through_highest_priority ... ok
test priority_skips_dead_address_in_p0 ... ok

test result: ok. 5 passed; 0 failed; 0 ignored; 0 measured; 0 filtered out; finished in 5.57s

     Running tests/lb_ring_hash.rs (target/debug/deps/lb_ring_hash-ba70a6b07087eee1)

running 7 tests
test least_request_prefers_idle_backend ... ok
test missing_header_scatters_without_failing ... ok
test ring_without_hash_source_fails_fast ... ok
test same_session_sticks_same_backend ... ok
test sessions_spread_across_backends ... ok
test subset_over_ring_keeps_affinity ... ok
test subset_sticks_to_two_backends ... ok

test result: ok. 7 passed; 0 failed; 0 ignored; 0 measured; 0 filtered out; finished in 2.13s

     Running tests/lifecycle.rs (target/debug/deps/lifecycle-59fb663ec872afa9)

running 13 tests
test bidi_tcp_disconnect_and_reset ... ok
test client_streaming_half_close_and_drop ... ok
test generator_1000_seeded_cycles ... ok
test pr_suite_fast_cycles ... ok
test qualification_1000_cycles_per_socket_transport ... ok
test qualification_schedules_cover_every_cell ... ok
test server_streaming_rst_stream_and_goaway ... ok
test test_lifecycle_cancellation_cleanup_drops_call_futures_all_shapes ... ok
test test_lifecycle_graceful_shutdown_handshake_stall ... ok
test test_lifecycle_graceful_shutdown_unending_client_stream ... ok
test test_lifecycle_unending_stream_deadline_and_graceful_drain ... ok
test tls_cancel_and_shutdown_every_shape ... ok
test unary_all_boundaries_from_io ... ok

test result: ok. 13 passed; 0 failed; 0 ignored; 0 measured; 0 filtered out; finished in 152.96s

     Running tests/message_size.rs (target/debug/deps/message_size-26fd110107a32d5c)

running 7 tests
test channel_oversize_outbound_is_resource_exhausted ... ok
test client_stream_oversize_send_is_resource_exhausted ... ok
test oversize_inbound_is_resource_exhausted ... ok
test oversize_outbound_is_resource_exhausted ... ok
test server_oversize_decode_is_resource_exhausted ... ok
test server_oversize_encode_is_resource_exhausted ... ok
test under_limit_unary_still_works ... ok

test result: ok. 7 passed; 0 failed; 0 ignored; 0 measured; 0 filtered out; finished in 0.01s

     Running tests/orca.rs (target/debug/deps/orca-df9a2c41b77e978b)

running 10 tests
test oob_stream_drives_weights_without_trailers ... ok
test oob_unimplemented_backends_stay_even ... ok
test per_call_reports_converge_to_weight_ratio ... ok
test per_query_absent_means_no_trailer ... ok
test per_query_against_peer ... ok
test per_query_invalid_inputs_diagnosed ... ok
test per_query_matches_official_vector ... ok
test per_query_report_carries_no_payload ... ok
test pinned_go_report_decodes ... ok
test trailer_carries_decodable_report ... ok

test result: ok. 10 passed; 0 failed; 0 ignored; 0 measured; 0 filtered out; finished in 0.14s

     Running tests/otel.rs (target/debug/deps/otel-b4d39fb3c3c943e9)

running 3 tests
test otel_client_and_server_instruments ... ok
test otel_static_custom_attributes ... ok
test otel_subchannel_connection_counters ... ok

test result: ok. 3 passed; 0 failed; 0 ignored; 0 measured; 0 filtered out; finished in 0.01s

     Running tests/otel_trace.rs (target/debug/deps/otel_trace-4dccd25447dc202c)

running 7 tests
test trace_all_call_shapes ... ok
test trace_error_span_still_ends ... ok
test trace_inject_round_trip ... ok
test trace_parenting_end_to_end ... ok
test trace_safe_attributes ... ok
test trace_untraced_client_stays_root ... ok
test trace_w3c_vectors ... ok

test result: ok. 7 passed; 0 failed; 0 ignored; 0 measured; 0 filtered out; finished in 0.01s

     Running tests/per_core.rs (target/debug/deps/per_core-62fb364957e7800e)

running 11 tests
test per_core_client_channels_drive_from_own_threads ... ok
test per_core_connection_limit_is_shared_exact ... ok
test per_core_drain_waits_for_inflight ... ok
test per_core_router_serves_unary_on_two_shards ... ok
test per_core_rpc_limit_divides_across_shards ... ok
test per_core_rpc_limit_exact_on_one_shard ... ok
test per_core_serves_unary_on_two_shards ... ok
test per_core_shards_do_not_depend_on_the_creator_reactor ... ok
test per_core_shards_survive_connect_churn ... ok
test per_core_tls_roundtrip ... ok
test per_core_zero_cores_rejected ... ok

test result: ok. 11 passed; 0 failed; 0 ignored; 0 measured; 0 filtered out; finished in 3.10s

     Running tests/policy_retry.rs (target/debug/deps/policy_retry-f804867108845d75)

running 35 tests
test cancellation_and_original_deadline_interrupt_policy_backoff ... ok
test cancelled_attempt_timeout_backoff_records_no_retry_cause ... ok
test cancelled_pushback_records_no_dispatched_retry_cause ... ok
test hedging_fatal_status_commits ... ok
test hedging_first_ok_wins ... ok
test hedging_returns_last_nonfatal_when_exhausted ... ok
test invalid_service_config_leaves_channel_unchanged ... ok
test method_config_timeout_applies_without_request_overlay ... ok
test non_retryable_code_fails_fast ... ok
test oversized_policy_request_never_dispatches_or_debits_throttling ... ok
test per_attempt_timeout_retries_without_listing_deadline ... ok
test policy_attempts_encode_single_request_once ... ok
test policy_replay_budget_commits_large_policy_refusal ... ok
test policy_replay_budget_preserves_boundaries_and_compression ... ok
test policy_replay_budget_preserves_large_first_success ... ok
test policy_replay_budget_preserves_unconfigured_large_refusal ... ok
test policy_replay_budget_releases_large_shared_owner_before_response ... ok
test published_retry_throttler_remains_available_at_both_paths ... ok
test pushback_delay_still_retries ... ok
test pushback_do_not_retry_stops_after_one_attempt ... ok
test retry_byte_admission_failure_records_no_dispatched_retry ... ok
test retry_cancelled_after_connection_ready_records_no_dispatch ... ok
test retry_exhausts_attempts ... ok
test retry_recovers_after_transient_unavailable ... ok
test retry_stats_count_dispatched_policy_attempts ... ok
test retry_stats_count_hedged_sends ... ok
test streaming_never_retries_after_first_message ... ok
test streaming_non_retryable_code_fails_fast ... ok
test streaming_per_attempt_timeout_retries_slow_headers ... ok
test streaming_retry_exhausts_attempts ... ok
test streaming_retry_recovers_before_headers ... ok
test throttling_disables_retries_when_drained ... ok
test throttling_refills_on_success ... ok
test transparent_refusal_replays_single_request_without_encoding_again ... ok
test transparent_replacement_does_not_count_the_policy_dispatch_twice ... ok

test result: ok. 35 passed; 0 failed; 0 ignored; 0 measured; 0 filtered out; finished in 3.05s

     Running tests/prost_codec.rs (target/debug/deps/prost_codec-e87be60cc9a67504)

running 1 test
test prost_codec_works_for_all_four_rpc_shapes ... ok

test result: ok. 1 passed; 0 failed; 0 ignored; 0 measured; 0 filtered out; finished in 0.00s

     Running tests/prost_fixtures.rs (target/debug/deps/prost_fixtures-9eaa82169e9bdd35)

running 3 tests
test prost_helloworld_native_stubs_compile_and_run ... ok
test prost_routeguide_native_stubs_compile ... ok
test tonic_prost_client_interops_with_native_prost_server ... ok

test result: ok. 3 passed; 0 failed; 0 ignored; 0 measured; 0 filtered out; finished in 235.28s

     Running tests/proxy.rs (target/debug/deps/proxy-16ba635430187ade)

running 7 tests
test proxy_authenticates ... ok
test proxy_no_proxy_bypasses ... ok
test proxy_no_proxy_miss_uses_proxy_and_fails ... ok
test proxy_tunnels_hostname_target ... ok
test proxy_tunnels_plaintext_rpc ... ok
test proxy_tunnels_tls_end_to_end ... ok
test user_timeout_env_does_not_break_dials ... ok

test result: ok. 7 passed; 0 failed; 0 ignored; 0 measured; 0 filtered out; finished in 0.18s

     Running tests/reflection.rs (target/debug/deps/reflection-bf6a05277be23c17)

running 188 tests
test a_reflection_client_interceptor_can_fail_the_rpc_before_the_stream_opens ... ok
test a_reflection_client_interceptor_can_opt_out_of_channel_wait_for_ready ... ok
test a_reflection_client_interceptor_can_reapply_channel_gzip_after_clear ... ok
test a_reflection_client_interceptor_can_set_wait_for_ready ... ok
test a_reflection_client_interceptor_cannot_insert_hop_by_hop_headers ... ok
test a_reflection_client_interceptor_cannot_insert_reserved_metadata ... ok
test a_reflection_client_interceptor_reads_caller_extensions ... ok
test a_reflection_client_interceptor_sees_channel_overlays_after_clear ... ok
test a_reflection_client_interceptor_sees_message_limits ... ok
test a_reflection_client_interceptor_sees_the_user_agent ... ok
test a_reflection_client_interceptor_sets_the_user_agent ... ok
test a_reflection_from_io_client_interceptor_can_fail_the_rpc_before_the_stream_opens ... ok
test a_reflection_from_io_client_interceptor_can_reapply_channel_gzip_after_clear ... ok
test a_reflection_from_io_client_interceptor_cannot_insert_hop_by_hop_headers ... ok
test a_reflection_from_io_client_interceptor_cannot_insert_reserved_metadata ... ok
test a_reflection_from_io_client_interceptor_reads_caller_extensions ... ok
test a_reflection_from_io_client_interceptor_runs_when_the_call_is_created ... ok
test a_reflection_from_io_client_interceptor_sees_channel_overlays_after_clear ... ok
test a_reflection_from_io_client_interceptor_sees_message_limits ... ok
test a_reflection_from_io_client_interceptor_sees_the_user_agent ... ok
test a_reflection_from_io_client_interceptor_sets_the_user_agent ... ok
test a_reflection_mtls_client_interceptor_can_fail_the_rpc_before_the_stream_opens ... ok
test a_reflection_mtls_client_interceptor_can_opt_out_of_channel_wait_for_ready ... ok
test a_reflection_mtls_client_interceptor_can_reapply_channel_gzip_after_clear ... ok
test a_reflection_mtls_client_interceptor_can_set_wait_for_ready ... ok
test a_reflection_mtls_client_interceptor_cannot_insert_hop_by_hop_headers ... ok
test a_reflection_mtls_client_interceptor_cannot_insert_reserved_metadata ... ok
test a_reflection_mtls_client_interceptor_reads_caller_extensions ... ok
test a_reflection_mtls_client_interceptor_runs_when_the_call_is_created ... ok
test a_reflection_mtls_client_interceptor_sees_channel_overlays_after_clear ... ok
test a_reflection_mtls_client_interceptor_sees_message_limits ... ok
test a_reflection_mtls_client_interceptor_sees_the_user_agent ... ok
test a_reflection_mtls_client_interceptor_sets_the_user_agent ... ok
test a_reflection_tls_client_interceptor_can_fail_the_rpc_before_the_stream_opens ... ok
test a_reflection_tls_client_interceptor_can_opt_out_of_channel_wait_for_ready ... ok
test a_reflection_tls_client_interceptor_can_reapply_channel_gzip_after_clear ... ok
test a_reflection_tls_client_interceptor_can_set_wait_for_ready ... ok
test a_reflection_tls_client_interceptor_cannot_insert_hop_by_hop_headers ... ok
test a_reflection_tls_client_interceptor_cannot_insert_reserved_metadata ... ok
test a_reflection_tls_client_interceptor_reads_caller_extensions ... ok
test a_reflection_tls_client_interceptor_runs_when_the_call_is_created ... ok
test a_reflection_tls_client_interceptor_sees_channel_overlays_after_clear ... ok
test a_reflection_tls_client_interceptor_sees_message_limits ... ok
test a_reflection_tls_client_interceptor_sees_the_user_agent ... ok
test a_reflection_tls_client_interceptor_sets_the_user_agent ... ok
test a_reflection_unix_client_interceptor_can_fail_the_rpc_before_the_stream_opens ... ok
test a_reflection_unix_client_interceptor_can_opt_out_of_channel_wait_for_ready ... ok
test a_reflection_unix_client_interceptor_can_reapply_channel_gzip_after_clear ... ok
test a_reflection_unix_client_interceptor_can_set_wait_for_ready ... ok
test a_reflection_unix_client_interceptor_cannot_insert_hop_by_hop_headers ... ok
test a_reflection_unix_client_interceptor_cannot_insert_reserved_metadata ... ok
test a_reflection_unix_client_interceptor_reads_caller_extensions ... ok
test a_reflection_unix_client_interceptor_runs_when_the_call_is_created ... ok
test a_reflection_unix_client_interceptor_sees_channel_overlays_after_clear ... ok
test a_reflection_unix_client_interceptor_sees_message_limits ... ok
test a_reflection_unix_client_interceptor_sees_the_user_agent ... ok
test a_reflection_unix_client_interceptor_sets_the_user_agent ... ok
test all_extension_numbers_of_type_lists_registered_tags ... ok
test file_by_filename_round_trips_hello_proto ... ok
test file_containing_extension_returns_the_declaring_file ... ok
test file_containing_symbol_returns_the_greeter_descriptor ... ok
test from_io_reflection_pending_reset_still_serves_list ... ok
test from_io_reflection_pool_config_is_still_one_duplex ... ok
test from_io_reflection_send_buffer_still_serves_list ... ok
test from_io_reflection_window_size_still_serves_list ... ok
test intercepted_reflection_can_be_paired_with_first_class_v1alpha ... ok
test list_services_includes_the_registered_greeter ... ok
test mtls_reflection_pending_reset_still_serves_list ... ok
test mtls_reflection_pool_against_cap_is_unavailable ... ok
test mtls_reflection_send_buffer_still_serves_list ... ok
test mtls_reflection_window_size_still_serves_list ... ok
test oversize_reflection_request_is_resource_exhausted ... ok
test reflection_channel_config_message_limits_are_resource_exhausted ... ok
test reflection_channel_wait_for_ready_completes_once_the_server_listens ... ok
test reflection_client_interceptor_rejects_with_from_error_details ... ok
test reflection_client_interceptor_rejects_with_typed_status ... ok
test reflection_client_interceptor_sees_list_services_context ... ok
test reflection_client_interceptors_run_when_the_call_is_created ... ok
test reflection_client_interceptors_stack_and_share_extensions ... ok
test reflection_client_message_caps_are_resource_exhausted ... ok
test reflection_crate_docs_name_interceptor_wait_for_ready ... ok
test reflection_frame_size_still_serves_list ... ok
test reflection_from_error_details_after_a_streamed_message ... ok
test reflection_from_io_channel_config_message_limits_are_resource_exhausted ... ok
test reflection_from_io_client_interceptor_rejects_with_typed_status ... ok
test reflection_from_io_client_interceptor_sees_list_services_context ... ok
test reflection_from_io_client_interceptors_stack_and_share_extensions ... ok
test reflection_from_io_client_message_caps_are_resource_exhausted ... ok
test reflection_from_io_extension_lookups ... ok
test reflection_from_io_file_lookups ... ok
test reflection_from_io_frame_size_still_serves_list ... ok
test reflection_from_io_handlers_return_typed_status ... ok
test reflection_from_io_header_list_cap_refuses_oversize_metadata ... ok
test reflection_from_io_interceptor_rejects_with_typed_status ... ok
test reflection_from_io_lists_the_registered_greeter ... ok
test reflection_from_io_message_limits_oversize_is_resource_exhausted ... ok
test reflection_from_io_oversize_request_is_resource_exhausted ... ok
test reflection_from_io_send_compressed_gzips_list_services ... ok
test reflection_from_io_typed_google_rpc_status_after_a_streamed_message ... ok
test reflection_handlers_return_from_error_details ... ok
test reflection_handlers_return_typed_status ... ok
test reflection_header_list_cap_refuses_oversize_metadata ... ok
test reflection_interceptor_rejects_with_from_error_details ... ok
test reflection_interceptor_rejects_with_typed_status ... ok
test reflection_message_limits_oversize_is_resource_exhausted ... ok
test reflection_mtls_channel_config_message_limits_are_resource_exhausted ... ok
test reflection_mtls_channel_wait_for_ready_completes_once_the_server_listens ... ok
test reflection_mtls_client_interceptor_rejects_with_typed_status ... ok
test reflection_mtls_client_interceptor_sees_list_services_context ... ok
test reflection_mtls_client_interceptors_stack_and_share_extensions ... ok
test reflection_mtls_client_message_caps_are_resource_exhausted ... ok
test reflection_mtls_extension_lookups ... ok
test reflection_mtls_file_lookups ... ok
test reflection_mtls_frame_size_still_serves_list ... ok
test reflection_mtls_handlers_return_typed_status ... ok
test reflection_mtls_header_list_cap_refuses_oversize_metadata ... ok
test reflection_mtls_interceptor_rejects_with_typed_status ... ok
test reflection_mtls_message_limits_oversize_is_resource_exhausted ... ok
test reflection_mtls_oversize_request_is_resource_exhausted ... ok
test reflection_mtls_request_can_opt_out_of_channel_wait_for_ready ... ok
test reflection_mtls_send_compressed_gzips_list_services ... ok
test reflection_mtls_typed_google_rpc_status_after_a_streamed_message ... ok
test reflection_mtls_wait_for_ready_completes_once_the_server_listens ... ok
test reflection_mtls_wait_for_ready_times_out_when_nothing_is_listening ... ok
test reflection_pending_reset_still_serves_list ... ok
test reflection_pool_against_cap_is_unavailable ... ok
test reflection_request_can_opt_out_of_channel_wait_for_ready ... ok
test reflection_send_buffer_still_serves_list ... ok
test reflection_send_compressed_gzips_list_services ... ok
test reflection_tls_channel_config_message_limits_are_resource_exhausted ... ok
test reflection_tls_channel_wait_for_ready_completes_once_the_server_listens ... ok
test reflection_tls_client_interceptor_rejects_with_typed_status ... ok
test reflection_tls_client_interceptor_sees_list_services_context ... ok
test reflection_tls_client_interceptors_stack_and_share_extensions ... ok
test reflection_tls_client_message_caps_are_resource_exhausted ... ok
test reflection_tls_extension_lookups ... ok
test reflection_tls_file_lookups ... ok
test reflection_tls_frame_size_still_serves_list ... ok
test reflection_tls_handlers_return_typed_status ... ok
test reflection_tls_header_list_cap_refuses_oversize_metadata ... ok
test reflection_tls_interceptor_rejects_with_typed_status ... ok
test reflection_tls_lists_the_registered_greeter ... ok
test reflection_tls_message_limits_oversize_is_resource_exhausted ... ok
test reflection_tls_oversize_request_is_resource_exhausted ... ok
test reflection_tls_request_can_opt_out_of_channel_wait_for_ready ... ok
test reflection_tls_send_compressed_gzips_list_services ... ok
test reflection_tls_typed_google_rpc_status_after_a_streamed_message ... ok
test reflection_tls_wait_for_ready_completes_once_the_server_listens ... ok
test reflection_tls_wait_for_ready_times_out_when_nothing_is_listening ... ok
test reflection_typed_google_rpc_status_after_a_streamed_message ... ok
test reflection_unix_channel_config_message_limits_are_resource_exhausted ... ok
test reflection_unix_channel_wait_for_ready_completes_once_the_server_listens ... ok
test reflection_unix_client_interceptor_rejects_with_typed_status ... ok
test reflection_unix_client_interceptor_sees_list_services_context ... ok
test reflection_unix_client_interceptors_stack_and_share_extensions ... ok
test reflection_unix_client_message_caps_are_resource_exhausted ... ok
test reflection_unix_extension_lookups ... ok
test reflection_unix_file_lookups ... ok
test reflection_unix_frame_size_still_serves_list ... ok
test reflection_unix_handlers_return_typed_status ... ok
test reflection_unix_header_list_cap_refuses_oversize_metadata ... ok
test reflection_unix_interceptor_rejects_with_typed_status ... ok
test reflection_unix_lists_the_registered_greeter ... ok
test reflection_unix_message_limits_oversize_is_resource_exhausted ... ok
test reflection_unix_oversize_request_is_resource_exhausted ... ok
test reflection_unix_request_can_opt_out_of_channel_wait_for_ready ... ok
test reflection_unix_send_compressed_gzips_list_services ... ok
test reflection_unix_typed_google_rpc_status_after_a_streamed_message ... ok
test reflection_unix_wait_for_ready_completes_once_the_server_listens ... ok
test reflection_unix_wait_for_ready_times_out_when_nothing_is_listening ... ok
test reflection_wait_for_ready_completes_once_the_server_listens ... ok
test reflection_wait_for_ready_times_out_when_nothing_is_listening ... ok
test reflection_window_size_still_serves_list ... ok
test router_mounts_reflection_v1alpha_as_a_first_class_service ... ok
test server_new_already_answers_v1alpha ... ok
test tls_reflection_pending_reset_still_serves_list ... ok
test tls_reflection_pool_against_cap_is_unavailable ... ok
test tls_reflection_send_buffer_still_serves_list ... ok
test tls_reflection_window_size_still_serves_list ... ok
test unix_reflection_pending_reset_still_serves_list ... ok
test unix_reflection_pool_against_cap_is_unavailable ... ok
test unix_reflection_send_buffer_still_serves_list ... ok
test unix_reflection_window_size_still_serves_list ... ok
test unknown_extension_is_not_found_on_the_stream ... ok
test unknown_symbol_is_not_found_on_the_stream ... ok
test v1alpha_interceptor_sees_the_path_the_peer_sent ... ok
test v1alpha_path_lists_the_registered_greeter ... ok
test v1alpha_reflection_service_is_not_itself_an_alias ... ok

test result: ok. 188 passed; 0 failed; 0 ignored; 0 measured; 0 filtered out; finished in 3.26s

     Running tests/regress_metadata.rs (target/debug/deps/regress_metadata-27f124d443fbfa03)

running 1 test
test ascii_metadata_rejects_non_ascii_values ... ok

test result: ok. 1 passed; 0 failed; 0 ignored; 0 measured; 0 filtered out; finished in 0.00s

     Running tests/regress_timeout.rs (target/debug/deps/regress_timeout-5956bdd926100842)

running 1 test
test grpc_timeout_rejects_non_ascii_unit_without_panicking ... ok

test result: ok. 1 passed; 0 failed; 0 ignored; 0 measured; 0 filtered out; finished in 0.00s

     Running tests/resolver.rs (target/debug/deps/resolver-e21c6cfd638f0317)

running 34 tests
test all_failing_fast_fails_and_wait_for_ready_recovers ... ok
test broken_ipv6_races_to_ipv4_without_leak ... ok
test dns_hostname_needs_bounds ... ok
test dns_literal_needs_no_lookup_and_no_bounds ... ok
test endpoint_balance_list_uses_round_robin ... ok
test endpoint_connect_with_connector_uses_custom_io ... ok
test endpoint_from_shared_http_connects ... ok
test every_scheme_parses_and_builds ... ok
test invalid_targets_fail_fast ... ok
test ipv4_only_fixture_connects ... ok
test ipv6_only_fixture_connects ... ok
test pick_first_skips_dead_first_address ... ok
test pick_first_sticks_then_fails_over ... ok
test pick_first_unary_pinned_procedure ... ok
test removed_address_drains_without_migrating ... ok
test round_robin_all_down_fails_fast ... ok
test round_robin_churn_removes_and_recovers ... ok
test round_robin_distributes_evenly ... ok
test round_robin_skips_dead_backend ... ok
test shuffle_distributes_first_pick ... ok
test static_schemes_resolve_without_dns ... ok
test timeline_drop_cancels_refresh ... ok
test timeline_empty_answer_is_authoritative ... ok
test timeline_failure_stale_then_empty ... ok
test timeline_identical_answer_keeps_generation ... ok
test timeline_initial_snapshot_keeps_order ... ok
test timeline_updates_replace_and_reorder ... ok
test tls_failover_keeps_identity ... ok
test tls_uri_verifies_the_configured_name ... ok
test unix_abstract_uri_dials_on_linux ... ok
test unix_uri_dials_a_socket_path ... ok
test updates_do_not_block_picks ... ok
test uri_channels_dial_each_scheme ... ok
test weighted_shuffle_favors_heavy_endpoint ... ok

test result: ok. 34 passed; 0 failed; 0 ignored; 0 measured; 0 filtered out; finished in 2.02s

     Running tests/resource_bounds.rs (target/debug/deps/resource_bounds-5914bfdf94cba4dd)

running 25 tests
test fairness_p99_uses_nearest_rank_and_retains_rejections ... ok
test test_bidi_streaming_byte_budget_rejection_and_quiescence ... ok
test test_cancellation_cleanup_drops_call_futures_and_quiesces ... ok
test test_client_cancellation_releases_budget ... ok
test test_client_streaming_byte_budget_rejection_and_quiescence ... ok
test test_client_unary_byte_budget_rejection_and_quiescence ... ok
test test_competing_small_rpcs_progress_under_bulk_stream_load ... ok
test test_concurrent_requests_below_cap_succeed_and_quiesce ... ok
test test_encode_error_releases_budget_to_baseline ... ok
test test_graceful_shutdown_blocked_upload_stream ... ok
test test_graceful_shutdown_bounded_drain_unending_client_stream ... ok
test test_graceful_shutdown_handshake_stall_terminates_promptly ... ok
test test_idle_peers_contention_and_fairness ... ok
test test_large_stream_frame_exceeding_send_buffer_does_not_stall ... ok
test test_large_stream_frame_with_peer_window_below_send_buffer_completes ... ok
test test_max_send_buffer_size_sets_budget_limit ... ok
test test_mixed_bulk_slow_idle_reset_fairness ... ok
test test_mixed_large_small_compressed_byte_budget ... ok
test test_overload_explicit_status_rejection_no_silent_buffering ... ok
test test_reset_storm_isolation_and_competing_progress ... ok
test test_server_streaming_byte_budget_rejection_and_quiescence ... ok
test test_server_unary_byte_budget_rejection_and_quiescence ... ok
test test_slow_reader_peer_isolation ... ok
test test_slow_writer_peer_isolation ... ok
test test_unending_stream_deadline_expiration_and_drain ... ok

test result: ok. 25 passed; 0 failed; 0 ignored; 0 measured; 0 filtered out; finished in 2.36s

     Running tests/resource_qualification.rs (target/debug/deps/resource_qualification-182cc26e9681e6fc)

running 4 tests
test current_h2_resource_smoke ... ignored, use scripts/current-h2-soak.py to freeze source and finite process limits
test router_has_the_same_coupled_budget_and_ordering_policy ... ok
test server_builder_order_controls_shared_tracker_identity ... ok
test server_default_and_explicit_default_have_distinct_budget_policy ... ok

test result: ok. 3 passed; 0 failed; 1 ignored; 0 measured; 0 filtered out; finished in 0.00s

     Running tests/retry_safety.rs (target/debug/deps/retry_safety-7c018c5b5d18c52b)

running 18 tests
test caller_driven_streams_keep_method_retry_policy_inert_after_send ... ok
test explicit_unary_policy_cannot_replay_after_response_headers ... ok
test request_body_arriving_after_headers_does_not_stall_server ... ok
test request_send_window_stall_obeys_cancellation ... ok
test request_send_window_stall_obeys_deadline_for_both_single_request_shapes ... ok
test response_headers_during_upload_prevent_policy_replay_after_attempt_timeout ... ok
test response_headers_during_upload_prevent_policy_replay_after_reset ... ok
test scenario_a_connection_refused_wait_for_ready_retries_safely ... ok
test scenario_a_refused_stream_retries_safely ... ok
test scenario_b_server_streaming_drops_after_request_dispatched_baseline_retries ... ok
test scenario_b_unary_drops_after_request_dispatched_baseline_retries ... ok
test scenario_c_server_streaming_response_headers_committed_no_retry ... ok
test scenario_c_unary_response_headers_committed_no_retry_on_stream_error ... ok
test scenario_d_deadline_expires_waiting_for_connection_returns_deadline_exceeded ... ok
test scenario_d_deadline_expires_waiting_for_slot_returns_deadline_exceeded ... FAILED
test scenario_d_deadline_preserved_and_remaining_timeout_decreases_across_retry ... ok
test seeded_unary_side_effect_histories_preserve_unknown_outcomes ... ok
test trailers_only_rejection_survives_early_request_body_reset ... ok

failures:

---- scenario_d_deadline_expires_waiting_for_slot_returns_deadline_exceeded stdout ----

thread 'scenario_d_deadline_expires_waiting_for_slot_returns_deadline_exceeded' (260436) panicked at pbrs-grpc/tests/retry_safety.rs:1403:5:
assertion `left == right` failed: Call 2 must not have executed on server after slot wait timed out
  left: 1
 right: 0
note: run with `RUST_BACKTRACE=1` environment variable to display a backtrace


failures:
    scenario_d_deadline_expires_waiting_for_slot_returns_deadline_exceeded

test result: FAILED. 17 passed; 1 failed; 0 ignored; 0 measured; 0 filtered out; finished in 1.28s

error: test failed, to rerun pass `-p pbrs-grpc --test retry_safety`
